<?xml version="1.0" encoding="UTF-8"?>
<kml xmlns="http://www.opengis.net/kml/2.2" xmlns:gx="http://www.google.com/kml/ext/2.2" xmlns:kml="http://www.opengis.net/kml/2.2" xmlns:atom="http://www.w3.org/2005/Atom">
<Document>
<open>1</open>
<Style id="styleDaimonBarra0"><IconStyle><scale>1.00</scale><Icon><href>http://maps.google.com/mapfiles/kml/paddle/wht-blank.png</href></Icon><hotSpot x="32" y="1" xunits="pixels" yunits="pixels"/></IconStyle><LabelStyle><color>ffffffff</color><colorMode>normal</colorMode><scale>1.00</scale></LabelStyle><ListStyle><ItemIcon><href>http://maps.google.com/mapfiles/kml/paddle/wht-blank.png</href></ItemIcon></ListStyle></Style>
<Style id="styleDaimonBarra1"><IconStyle><scale>1.00</scale><Icon><href>http://maps.google.com/mapfiles/kml/paddle/wht-blank.png</href></Icon><hotSpot x="32" y="1" xunits="pixels" yunits="pixels"/></IconStyle><LabelStyle><color>ffffffff</color><colorMode>normal</colorMode><scale>1.00</scale></LabelStyle><ListStyle><ItemIcon><href>http://maps.google.com/mapfiles/kml/paddle/wht-blank.png</href></ItemIcon></ListStyle></Style>
<StyleMap id="mapDaimonBarra"><Pair><key>normal</key><styleUrl>#styleDaimonBarra0</styleUrl></Pair><Pair><key>highlight</key><styleUrl>#styleDaimonBarra1</styleUrl></Pair></StyleMap>
<Style id="styleDaimonBarraBT0"><IconStyle><scale>1.00</scale><Icon><href>http://maps.google.com/mapfiles/kml/paddle/wht-blank.png</href></Icon><hotSpot x="32" y="1" xunits="pixels" yunits="pixels"/></IconStyle><LabelStyle><color>ffffffff</color><colorMode>normal</colorMode><scale>1.00</scale></LabelStyle><ListStyle><ItemIcon><href>http://maps.google.com/mapfiles/kml/paddle/wht-blank.png</href></ItemIcon></ListStyle></Style>
<Style id="styleDaimonBarraBT1"><IconStyle><scale>1.00</scale><Icon><href>http://maps.google.com/mapfiles/kml/paddle/wht-blank.png</href></Icon><hotSpot x="32" y="1" xunits="pixels" yunits="pixels"/></IconStyle><LabelStyle><color>ffffffff</color><colorMode>normal</colorMode><scale>1.00</scale></LabelStyle><ListStyle><ItemIcon><href>http://maps.google.com/mapfiles/kml/paddle/wht-blank.png</href></ItemIcon></ListStyle></Style>
<StyleMap id="mapDaimonBarraBT"><Pair><key>normal</key><styleUrl>#styleDaimonBarraBT0</styleUrl></Pair><Pair><key>highlight</key><styleUrl>#styleDaimonBarraBT1</styleUrl></Pair></StyleMap>
<Style id="styleDaimonCapacitor0"><IconStyle><scale>1.00</scale><Icon><href>http://maps.google.com/mapfiles/kml/paddle/purple-blank.png</href></Icon><hotSpot x="32" y="1" xunits="pixels" yunits="pixels"/></IconStyle><LabelStyle><color>ffffffff</color><colorMode>normal</colorMode><scale>1.00</scale></LabelStyle><ListStyle><ItemIcon><href>http://maps.google.com/mapfiles/kml/paddle/purple-blank.png</href></ItemIcon></ListStyle></Style>
<Style id="styleDaimonCapacitor1"><IconStyle><scale>1.00</scale><Icon><href>http://maps.google.com/mapfiles/kml/paddle/purple-blank.png</href></Icon><hotSpot x="32" y="1" xunits="pixels" yunits="pixels"/></IconStyle><LabelStyle><color>ffffffff</color><colorMode>normal</colorMode><scale>1.00</scale></LabelStyle><ListStyle><ItemIcon><href>http://maps.google.com/mapfiles/kml/paddle/purple-blank.png</href></ItemIcon></ListStyle></Style>
<StyleMap id="mapDaimonCapacitor"><Pair><key>normal</key><styleUrl>#styleDaimonCapacitor0</styleUrl></Pair><Pair><key>highlight</key><styleUrl>#styleDaimonCapacitor1</styleUrl></Pair></StyleMap>
<Style id="styleDaimonCapacitorBT0"><IconStyle><scale>1.00</scale><Icon><href>http://maps.google.com/mapfiles/kml/paddle/purple-blank.png</href></Icon><hotSpot x="32" y="1" xunits="pixels" yunits="pixels"/></IconStyle><LabelStyle><color>ffffffff</color><colorMode>normal</colorMode><scale>1.00</scale></LabelStyle><ListStyle><ItemIcon><href>http://maps.google.com/mapfiles/kml/paddle/purple-blank.png</href></ItemIcon></ListStyle></Style>
<Style id="styleDaimonCapacitorBT1"><IconStyle><scale>1.00</scale><Icon><href>http://maps.google.com/mapfiles/kml/paddle/purple-blank.png</href></Icon><hotSpot x="32" y="1" xunits="pixels" yunits="pixels"/></IconStyle><LabelStyle><color>ffffffff</color><colorMode>normal</colorMode><scale>1.00</scale></LabelStyle><ListStyle><ItemIcon><href>http://maps.google.com/mapfiles/kml/paddle/purple-blank.png</href></ItemIcon></ListStyle></Style>
<StyleMap id="mapDaimonCapacitorBT"><Pair><key>normal</key><styleUrl>#styleDaimonCapacitorBT0</styleUrl></Pair><Pair><key>highlight</key><styleUrl>#styleDaimonCapacitorBT1</styleUrl></Pair></StyleMap>
<Style id="styleDaimonCapacitorSerie0"><IconStyle><scale>0.60</scale><Icon><href>http://maps.google.com/mapfiles/kml/paddle/purple-blank.png</href></Icon><hotSpot x="32" y="1" xunits="pixels" yunits="pixels"/></IconStyle><LabelStyle><color>ff00ffff</color><colorMode>normal</colorMode><scale>0.60</scale></LabelStyle><ListStyle><ItemIcon><href>http://maps.google.com/mapfiles/kml/paddle/purple-blank.png</href></ItemIcon></ListStyle></Style>
<Style id="styleDaimonCapacitorSerie1"><IconStyle><scale>0.60</scale><Icon><href>http://maps.google.com/mapfiles/kml/paddle/purple-blank.png</href></Icon><hotSpot x="32" y="1" xunits="pixels" yunits="pixels"/></IconStyle><LabelStyle><color>ff00ffff</color><colorMode>normal</colorMode><scale>0.60</scale></LabelStyle><ListStyle><ItemIcon><href>http://maps.google.com/mapfiles/kml/paddle/purple-blank.png</href></ItemIcon></ListStyle></Style>
<StyleMap id="mapDaimonCapacitorSerie"><Pair><key>normal</key><styleUrl>#styleDaimonCapacitorSerie0</styleUrl></Pair><Pair><key>highlight</key><styleUrl>#styleDaimonCapacitorSerie1</styleUrl></Pair></StyleMap>
<Style id="styleDaimonChave0"><IconStyle><scale>0.60</scale><Icon><href>http://maps.google.com/mapfiles/kml/paddle/red-circle.png</href></Icon><hotSpot x="32" y="1" xunits="pixels" yunits="pixels"/></IconStyle><LabelStyle><color>ff0000ff</color><colorMode>normal</colorMode><scale>0.60</scale></LabelStyle><ListStyle><ItemIcon><href>http://maps.google.com/mapfiles/kml/paddle/red-circle.png</href></ItemIcon></ListStyle></Style>
<Style id="styleDaimonChave1"><IconStyle><scale>0.60</scale><Icon><href>http://maps.google.com/mapfiles/kml/paddle/red-circle.png</href></Icon><hotSpot x="32" y="1" xunits="pixels" yunits="pixels"/></IconStyle><LabelStyle><color>ff0000ff</color><colorMode>normal</colorMode><scale>0.60</scale></LabelStyle><ListStyle><ItemIcon><href>http://maps.google.com/mapfiles/kml/paddle/red-circle.png</href></ItemIcon></ListStyle></Style>
<StyleMap id="mapDaimonChave"><Pair><key>normal</key><styleUrl>#styleDaimonChave0</styleUrl></Pair><Pair><key>highlight</key><styleUrl>#styleDaimonChave1</styleUrl></Pair></StyleMap>
<Style id="styleDaimonEP0"><IconStyle><scale>0.80</scale><Icon><href>http://maps.google.com/mapfiles/kml/paddle/ylw-circle.png</href></Icon><hotSpot x="32" y="1" xunits="pixels" yunits="pixels"/></IconStyle><LabelStyle><color>ff00ffff</color><colorMode>normal</colorMode><scale>0.80</scale></LabelStyle><ListStyle><ItemIcon><href>http://maps.google.com/mapfiles/kml/paddle/ylw-circle.png</href></ItemIcon></ListStyle></Style>
<Style id="styleDaimonEP1"><IconStyle><scale>0.80</scale><Icon><href>http://maps.google.com/mapfiles/kml/paddle/ylw-circle.png</href></Icon><hotSpot x="32" y="1" xunits="pixels" yunits="pixels"/></IconStyle><LabelStyle><color>ff00ffff</color><colorMode>normal</colorMode><scale>0.80</scale></LabelStyle><ListStyle><ItemIcon><href>http://maps.google.com/mapfiles/kml/paddle/ylw-circle.png</href></ItemIcon></ListStyle></Style>
<StyleMap id="mapDaimonEP"><Pair><key>normal</key><styleUrl>#styleDaimonEP0</styleUrl></Pair><Pair><key>highlight</key><styleUrl>#styleDaimonEP1</styleUrl></Pair></StyleMap>
<Style id="styleDaimonET0"><IconStyle><scale>0.80</scale><Icon><href>http://maps.google.com/mapfiles/kml/paddle/blu-blank.png</href></Icon><hotSpot x="32" y="1" xunits="pixels" yunits="pixels"/></IconStyle><LabelStyle><color>ffffff00</color><colorMode>normal</colorMode><scale>0.80</scale></LabelStyle><ListStyle><ItemIcon><href>http://maps.google.com/mapfiles/kml/paddle/blu-blank.png</href></ItemIcon></ListStyle></Style>
<Style id="styleDaimonET1"><IconStyle><scale>0.80</scale><Icon><href>http://maps.google.com/mapfiles/kml/paddle/blu-blank.png</href></Icon><hotSpot x="32" y="1" xunits="pixels" yunits="pixels"/></IconStyle><LabelStyle><color>ffffff00</color><colorMode>normal</colorMode><scale>0.80</scale></LabelStyle><ListStyle><ItemIcon><href>http://maps.google.com/mapfiles/kml/paddle/blu-blank.png</href></ItemIcon></ListStyle></Style>
<StyleMap id="mapDaimonET"><Pair><key>normal</key><styleUrl>#styleDaimonET0</styleUrl></Pair><Pair><key>highlight</key><styleUrl>#styleDaimonET1</styleUrl></Pair></StyleMap>
<Style id="styleDaimonGerador0"><IconStyle><scale>1.00</scale><Icon><href>http://maps.google.com/mapfiles/kml/paddle/orange-diamond.png</href></Icon><hotSpot x="32" y="1" xunits="pixels" yunits="pixels"/></IconStyle><LabelStyle><color>ffffffff</color><colorMode>normal</colorMode><scale>1.00</scale></LabelStyle><ListStyle><ItemIcon><href>http://maps.google.com/mapfiles/kml/paddle/orange-diamond.png</href></ItemIcon></ListStyle></Style>
<Style id="styleDaimonGerador1"><IconStyle><scale>1.00</scale><Icon><href>http://maps.google.com/mapfiles/kml/paddle/orange-diamond.png</href></Icon><hotSpot x="32" y="1" xunits="pixels" yunits="pixels"/></IconStyle><LabelStyle><color>ffffffff</color><colorMode>normal</colorMode><scale>1.00</scale></LabelStyle><ListStyle><ItemIcon><href>http://maps.google.com/mapfiles/kml/paddle/orange-diamond.png</href></ItemIcon></ListStyle></Style>
<StyleMap id="mapDaimonGerador"><Pair><key>normal</key><styleUrl>#styleDaimonGerador0</styleUrl></Pair><Pair><key>highlight</key><styleUrl>#styleDaimonGerador1</styleUrl></Pair></StyleMap>
<Style id="styleDaimonReator0"><IconStyle><scale>1.00</scale><Icon><href>http://maps.google.com/mapfiles/kml/paddle/wht-square.png</href></Icon><hotSpot x="32" y="1" xunits="pixels" yunits="pixels"/></IconStyle><LabelStyle><color>ff00ffff</color><colorMode>normal</colorMode><scale>1.00</scale></LabelStyle><ListStyle><ItemIcon><href>http://maps.google.com/mapfiles/kml/paddle/wht-square.png</href></ItemIcon></ListStyle></Style>
<Style id="styleDaimonReator1"><IconStyle><scale>1.00</scale><Icon><href>http://maps.google.com/mapfiles/kml/paddle/wht-square.png</href></Icon><hotSpot x="32" y="1" xunits="pixels" yunits="pixels"/></IconStyle><LabelStyle><color>ff00ffff</color><colorMode>normal</colorMode><scale>1.00</scale></LabelStyle><ListStyle><ItemIcon><href>http://maps.google.com/mapfiles/kml/paddle/wht-square.png</href></ItemIcon></ListStyle></Style>
<StyleMap id="mapDaimonReator"><Pair><key>normal</key><styleUrl>#styleDaimonReator0</styleUrl></Pair><Pair><key>highlight</key><styleUrl>#styleDaimonReator1</styleUrl></Pair></StyleMap>
<Style id="styleDaimonRegulador0"><IconStyle><scale>1.00</scale><Icon><href>http://maps.google.com/mapfiles/kml/paddle/orange-diamond.png</href></Icon><hotSpot x="32" y="1" xunits="pixels" yunits="pixels"/></IconStyle><LabelStyle><color>ff00a5ff</color><colorMode>normal</colorMode><scale>1.00</scale></LabelStyle><ListStyle><ItemIcon><href>http://maps.google.com/mapfiles/kml/paddle/orange-diamond.png</href></ItemIcon></ListStyle></Style>
<Style id="styleDaimonRegulador1"><IconStyle><scale>1.00</scale><Icon><href>http://maps.google.com/mapfiles/kml/paddle/orange-diamond.png</href></Icon><hotSpot x="32" y="1" xunits="pixels" yunits="pixels"/></IconStyle><LabelStyle><color>ff00a5ff</color><colorMode>normal</colorMode><scale>1.00</scale></LabelStyle><ListStyle><ItemIcon><href>http://maps.google.com/mapfiles/kml/paddle/orange-diamond.png</href></ItemIcon></ListStyle></Style>
<StyleMap id="mapDaimonRegulador"><Pair><key>normal</key><styleUrl>#styleDaimonRegulador0</styleUrl></Pair><Pair><key>highlight</key><styleUrl>#styleDaimonRegulador1</styleUrl></Pair></StyleMap>
<Style id="styleDaimonTransformador0"><IconStyle><scale>1.00</scale><Icon><href>http://maps.google.com/mapfiles/kml/paddle/pink-circle.png</href></Icon><hotSpot x="32" y="1" xunits="pixels" yunits="pixels"/></IconStyle><LabelStyle><color>ffff00ff</color><colorMode>normal</colorMode><scale>1.00</scale></LabelStyle><ListStyle><ItemIcon><href>http://maps.google.com/mapfiles/kml/paddle/pink-circle.png</href></ItemIcon></ListStyle></Style>
<Style id="styleDaimonTransformador1"><IconStyle><scale>1.00</scale><Icon><href>http://maps.google.com/mapfiles/kml/paddle/pink-circle.png</href></Icon><hotSpot x="32" y="1" xunits="pixels" yunits="pixels"/></IconStyle><LabelStyle><color>ffff00ff</color><colorMode>normal</colorMode><scale>1.00</scale></LabelStyle><ListStyle><ItemIcon><href>http://maps.google.com/mapfiles/kml/paddle/pink-circle.png</href></ItemIcon></ListStyle></Style>
<StyleMap id="mapDaimonTransformador"><Pair><key>normal</key><styleUrl>#styleDaimonTransformador0</styleUrl></Pair><Pair><key>highlight</key><styleUrl>#styleDaimonTransformador1</styleUrl></Pair></StyleMap>
<Style id="styleDaimonTrecho"><LineStyle><color>ffffffff</color><width>1.00</width></LineStyle></Style>
<Style id="styleDaimonTrechoBT"><LineStyle><color>ffff0000</color><width>1.00</width></LineStyle></Style>
<Style id="styleDaimonChaveNA0"><IconStyle><scale>0.60</scale><Icon><href>http://maps.google.com/mapfiles/kml/paddle/grn-blank.png</href></Icon><hotSpot x="32" y="1" xunits="pixels" yunits="pixels"/></IconStyle><LabelStyle><color>ff00ff00</color><colorMode>normal</colorMode><scale>0.60</scale></LabelStyle><ListStyle><ItemIcon><href>http://maps.google.com/mapfiles/kml/paddle/grn-blank.png</href></ItemIcon></ListStyle></Style>
<Style id="styleDaimonChaveNA1"><IconStyle><scale>0.60</scale><Icon><href>http://maps.google.com/mapfiles/kml/paddle/grn-blank.png</href></Icon><hotSpot x="32" y="1" xunits="pixels" yunits="pixels"/></IconStyle><LabelStyle><color>ff00ff00</color><colorMode>normal</colorMode><scale>0.60</scale></LabelStyle><ListStyle><ItemIcon><href>http://maps.google.com/mapfiles/kml/paddle/grn-blank.png</href></ItemIcon></ListStyle></Style>
<StyleMap id="mapDaimonChaveNA"><Pair><key>normal</key><styleUrl>#styleDaimonChaveNA0</styleUrl></Pair><Pair><key>highlight</key><styleUrl>#styleDaimonChaveNA1</styleUrl></Pair></StyleMap>
<Style id="styleDaimonChaveSoco0"><IconStyle><scale>0.60</scale><Icon><href>http://maps.google.com/mapfiles/kml/paddle/grn-blank.png</href></Icon><hotSpot x="32" y="1" xunits="pixels" yunits="pixels"/></IconStyle><LabelStyle><color>ff00ff00</color><colorMode>normal</colorMode><scale>0.60</scale></LabelStyle><ListStyle><ItemIcon><href>http://maps.google.com/mapfiles/kml/paddle/grn-blank.png</href></ItemIcon></ListStyle></Style>
<Style id="styleDaimonChaveSoco1"><IconStyle><scale>0.60</scale><Icon><href>http://maps.google.com/mapfiles/kml/paddle/grn-blank.png</href></Icon><hotSpot x="32" y="1" xunits="pixels" yunits="pixels"/></IconStyle><LabelStyle><color>ff00ff00</color><colorMode>normal</colorMode><scale>0.60</scale></LabelStyle><ListStyle><ItemIcon><href>http://maps.google.com/mapfiles/kml/paddle/grn-blank.png</href></ItemIcon></ListStyle></Style>
<StyleMap id="mapDaimonChaveSoco"><Pair><key>normal</key><styleUrl>#styleDaimonChaveSoco0</styleUrl></Pair><Pair><key>highlight</key><styleUrl>#styleDaimonChaveSoco1</styleUrl></Pair></StyleMap>
<Style id="styleDaimonSE0"><IconStyle><scale>1.20</scale><Icon><href>http://maps.google.com/mapfiles/kml/paddle/wht-circle.png</href></Icon><hotSpot x="32" y="1" xunits="pixels" yunits="pixels"/></IconStyle><LabelStyle><color>ffffffff</color><colorMode>normal</colorMode><scale>1.20</scale></LabelStyle><ListStyle><ItemIcon><href>http://maps.google.com/mapfiles/kml/paddle/wht-circle.png</href></ItemIcon></ListStyle></Style>
<Style id="styleDaimonSE1"><IconStyle><scale>1.20</scale><Icon><href>http://maps.google.com/mapfiles/kml/paddle/wht-circle.png</href></Icon><hotSpot x="32" y="1" xunits="pixels" yunits="pixels"/></IconStyle><LabelStyle><color>ffffffff</color><colorMode>normal</colorMode><scale>1.20</scale></LabelStyle><ListStyle><ItemIcon><href>http://maps.google.com/mapfiles/kml/paddle/wht-circle.png</href></ItemIcon></ListStyle></Style>
<StyleMap id="mapDaimonSE"><Pair><key>normal</key><styleUrl>#styleDaimonSE0</styleUrl></Pair><Pair><key>highlight</key><styleUrl>#styleDaimonSE1</styleUrl></Pair></StyleMap>
<Style id="styleDaimonDiag_BOM"><LineStyle><color>ff80ff80</color><width>3.20</width></LineStyle></Style>
<Style id="styleDaimonDiag_REGULAR"><LineStyle><color>ff00ffff</color><width>3.20</width></LineStyle></Style>
<Style id="styleDaimonDiag_RUIM"><LineStyle><color>ff0000ff</color><width>3.20</width></LineStyle></Style>
<Style id="styleDaimonDiag_INDEF"><LineStyle><color>ff808080</color><width>3.20</width></LineStyle></Style>
<Style id="styleDaimonDiag_BARRA_BOM0"><IconStyle><scale>0.60</scale><Icon><href>http://maps.google.com/mapfiles/kml/paddle/grn-blank.png</href></Icon><hotSpot x="32" y="1" xunits="pixels" yunits="pixels"/></IconStyle><LabelStyle><color>ffffffff</color><colorMode>normal</colorMode><scale>0.60</scale></LabelStyle><ListStyle><ItemIcon><href>http://maps.google.com/mapfiles/kml/paddle/grn-blank.png</href></ItemIcon></ListStyle></Style>
<Style id="styleDaimonDiag_BARRA_BOM1"><IconStyle><scale>0.60</scale><Icon><href>http://maps.google.com/mapfiles/kml/paddle/grn-blank.png</href></Icon><hotSpot x="32" y="1" xunits="pixels" yunits="pixels"/></IconStyle><LabelStyle><color>ffffffff</color><colorMode>normal</colorMode><scale>0.60</scale></LabelStyle><ListStyle><ItemIcon><href>http://maps.google.com/mapfiles/kml/paddle/grn-blank.png</href></ItemIcon></ListStyle></Style>
<StyleMap id="mapDaimonDiag_BARRA_BOM"><Pair><key>normal</key><styleUrl>#styleDaimonDiag_BARRA_BOM0</styleUrl></Pair><Pair><key>highlight</key><styleUrl>#styleDaimonDiag_BARRA_BOM1</styleUrl></Pair></StyleMap>
<Style id="styleDaimonDiag_BARRA_REGULAR0"><IconStyle><scale>0.60</scale><Icon><href>http://maps.google.com/mapfiles/kml/paddle/ylw-blank.png</href></Icon><hotSpot x="32" y="1" xunits="pixels" yunits="pixels"/></IconStyle><LabelStyle><color>ffffffff</color><colorMode>normal</colorMode><scale>0.60</scale></LabelStyle><ListStyle><ItemIcon><href>http://maps.google.com/mapfiles/kml/paddle/ylw-blank.png</href></ItemIcon></ListStyle></Style>
<Style id="styleDaimonDiag_BARRA_REGULAR1"><IconStyle><scale>0.60</scale><Icon><href>http://maps.google.com/mapfiles/kml/paddle/ylw-blank.png</href></Icon><hotSpot x="32" y="1" xunits="pixels" yunits="pixels"/></IconStyle><LabelStyle><color>ffffffff</color><colorMode>normal</colorMode><scale>0.60</scale></LabelStyle><ListStyle><ItemIcon><href>http://maps.google.com/mapfiles/kml/paddle/ylw-blank.png</href></ItemIcon></ListStyle></Style>
<StyleMap id="mapDaimonDiag_BARRA_REGULAR"><Pair><key>normal</key><styleUrl>#styleDaimonDiag_BARRA_REGULAR0</styleUrl></Pair><Pair><key>highlight</key><styleUrl>#styleDaimonDiag_BARRA_REGULAR1</styleUrl></Pair></StyleMap>
<Style id="styleDaimonDiag_BARRA_RUIM0"><IconStyle><scale>0.60</scale><Icon><href>http://maps.google.com/mapfiles/kml/paddle/red-blank.png</href></Icon><hotSpot x="32" y="1" xunits="pixels" yunits="pixels"/></IconStyle><LabelStyle><color>ffffffff</color><colorMode>normal</colorMode><scale>0.60</scale></LabelStyle><ListStyle><ItemIcon><href>http://maps.google.com/mapfiles/kml/paddle/red-blank.png</href></ItemIcon></ListStyle></Style>
<Style id="styleDaimonDiag_BARRA_RUIM1"><IconStyle><scale>0.60</scale><Icon><href>http://maps.google.com/mapfiles/kml/paddle/red-blank.png</href></Icon><hotSpot x="32" y="1" xunits="pixels" yunits="pixels"/></IconStyle><LabelStyle><color>ffffffff</color><colorMode>normal</colorMode><scale>0.60</scale></LabelStyle><ListStyle><ItemIcon><href>http://maps.google.com/mapfiles/kml/paddle/red-blank.png</href></ItemIcon></ListStyle></Style>
<StyleMap id="mapDaimonDiag_BARRA_RUIM"><Pair><key>normal</key><styleUrl>#styleDaimonDiag_BARRA_RUIM0</styleUrl></Pair><Pair><key>highlight</key><styleUrl>#styleDaimonDiag_BARRA_RUIM1</styleUrl></Pair></StyleMap>
<Style id="styleDaimonDiag_BARRA_INDEF0"><IconStyle><scale>0.60</scale><Icon><href>http://maps.google.com/mapfiles/kml/paddle/wht-blank.png</href></Icon><hotSpot x="32" y="1" xunits="pixels" yunits="pixels"/></IconStyle><LabelStyle><color>ffffffff</color><colorMode>normal</colorMode><scale>0.60</scale></LabelStyle><ListStyle><ItemIcon><href>http://maps.google.com/mapfiles/kml/paddle/wht-blank.png</href></ItemIcon></ListStyle></Style>
<Style id="styleDaimonDiag_BARRA_INDEF1"><IconStyle><scale>0.60</scale><Icon><href>http://maps.google.com/mapfiles/kml/paddle/wht-blank.png</href></Icon><hotSpot x="32" y="1" xunits="pixels" yunits="pixels"/></IconStyle><LabelStyle><color>ffffffff</color><colorMode>normal</colorMode><scale>0.60</scale></LabelStyle><ListStyle><ItemIcon><href>http://maps.google.com/mapfiles/kml/paddle/wht-blank.png</href></ItemIcon></ListStyle></Style>
<StyleMap id="mapDaimonDiag_BARRA_INDEF"><Pair><key>normal</key><styleUrl>#styleDaimonDiag_BARRA_INDEF0</styleUrl></Pair><Pair><key>highlight</key><styleUrl>#styleDaimonDiag_BARRA_INDEF1</styleUrl></Pair></StyleMap>
<Style id="styleDaimonMONO"><LineStyle><color>ff0000ff</color><width>2.00</width></LineStyle></Style>
<Style id="styleDaimonBI"><LineStyle><color>ff00ff00</color><width>2.00</width></LineStyle></Style>
<Style id="styleDaimonTRI"><LineStyle><color>ffff0000</color><width>2.00</width></LineStyle></Style>
<Style id="styleDaimonMONO_BT"><LineStyle><color>ffffff00</color><width>1.00</width></LineStyle></Style>
<Style id="styleDaimonBI_BT"><LineStyle><color>ffff00ff</color><width>1.00</width></LineStyle></Style>
<Style id="styleDaimonTRI_BT"><LineStyle><color>ff00ffff</color><width>1.00</width></LineStyle></Style>
<Style id="styleDaimonCIRCUITO43TRECHO"><LineStyle><color>ff80ffff</color><width>2.00</width></LineStyle></Style>
<Style id="styleDaimonFolderCirc_LD03002091"><ListStyle><bgColor>ff80ffff</bgColor></ListStyle></Style>
<Folder>
<name>Circ_LD03002091</name>
<styleUrl>#styleDaimonFolderCirc_LD03002091</styleUrl><Folder>
<name>Capacitor</name>
<visibility>0</visibility>
</Folder>
<Folder>
<name>CapacitorSerie</name>
<visibility>0</visibility>
</Folder>
<Folder>
<name>Chave</name>
<visibility>0</visibility>
<Placemark><name>DJ_LD03002091_FICT</name><visibility>0</visibility><LookAt><longitude>-47.156545</longitude><latitude>-11.562220</latitude><altitude>1200.0</altitude><altitudeMode>absolute</altitudeMode></LookAt><styleUrl>#mapDaimonChave</styleUrl><Point><coordinates>-47.156545,-11.562220,0</coordinates></Point></Placemark>
<Placemark><name>8811585091</name><visibility>0</visibility><LookAt><longitude>-47.156650</longitude><latitude>-11.561585</latitude><altitude>1200.0</altitude><altitudeMode>absolute</altitudeMode></LookAt><styleUrl>#mapDaimonChave</styleUrl><Point><coordinates>-47.156650,-11.561585,0</coordinates></Point></Placemark>
<Placemark><name>3310226091</name><visibility>0</visibility><LookAt><longitude>-47.181417</longitude><latitude>-11.568889</latitude><altitude>1200.0</altitude><altitudeMode>absolute</altitudeMode></LookAt><styleUrl>#mapDaimonChave</styleUrl><Point><coordinates>-47.181417,-11.568889,0</coordinates></Point></Placemark>
<Placemark><name>0300701091</name><visibility>0</visibility><LookAt><longitude>-47.179253</longitude><latitude>-11.565791</latitude><altitude>1200.0</altitude><altitudeMode>absolute</altitudeMode></LookAt><styleUrl>#mapDaimonChave</styleUrl><Point><coordinates>-47.179253,-11.565791,0</coordinates></Point></Placemark>
<Placemark><name>0310009091</name><visibility>0</visibility><LookAt><longitude>-47.201871</longitude><latitude>-11.577724</latitude><altitude>1200.0</altitude><altitudeMode>absolute</altitudeMode></LookAt><styleUrl>#mapDaimonChave</styleUrl><Point><coordinates>-47.201871,-11.577724,0</coordinates></Point></Placemark>
<Placemark><name>0343130091</name><visibility>0</visibility><LookAt><longitude>-47.264897</longitude><latitude>-11.575691</latitude><altitude>1200.0</altitude><altitudeMode>absolute</altitudeMode></LookAt><styleUrl>#mapDaimonChave</styleUrl><Point><coordinates>-47.264897,-11.575691,0</coordinates></Point></Placemark>
<Placemark><name>3310087091</name><visibility>0</visibility><LookAt><longitude>-47.185870</longitude><latitude>-11.572255</latitude><altitude>1200.0</altitude><altitudeMode>absolute</altitudeMode></LookAt><styleUrl>#mapDaimonChave</styleUrl><Point><coordinates>-47.185870,-11.572255,0</coordinates></Point></Placemark>
<Placemark><name>3310021091</name><visibility>0</visibility><LookAt><longitude>-47.264483</longitude><latitude>-11.576738</latitude><altitude>1200.0</altitude><altitudeMode>absolute</altitudeMode></LookAt><styleUrl>#mapDaimonChave</styleUrl><Point><coordinates>-47.264483,-11.576738,0</coordinates></Point></Placemark>
<Placemark><name>0300500091</name><visibility>0</visibility><LookAt><longitude>-47.172276</longitude><latitude>-11.560467</latitude><altitude>1200.0</altitude><altitudeMode>absolute</altitudeMode></LookAt><styleUrl>#mapDaimonChave</styleUrl><Point><coordinates>-47.172276,-11.560467,0</coordinates></Point></Placemark>
<Placemark><name>PR32272091</name><visibility>0</visibility><LookAt><longitude>-47.244462</longitude><latitude>-11.578711</latitude><altitude>1200.0</altitude><altitudeMode>absolute</altitudeMode></LookAt><styleUrl>#mapDaimonChave</styleUrl><Point><coordinates>-47.244462,-11.578711,0</coordinates></Point></Placemark>
<Placemark><name>0310222091</name><visibility>0</visibility><LookAt><longitude>-47.175825</longitude><latitude>-11.562735</latitude><altitude>1200.0</altitude><altitudeMode>absolute</altitudeMode></LookAt><styleUrl>#mapDaimonChave</styleUrl><Point><coordinates>-47.175825,-11.562735,0</coordinates></Point></Placemark>
<Placemark><name>8800552091</name><visibility>0</visibility><LookAt><longitude>-47.276652</longitude><latitude>-11.574026</latitude><altitude>1200.0</altitude><altitudeMode>absolute</altitudeMode></LookAt><styleUrl>#mapDaimonChave</styleUrl><Point><coordinates>-47.276652,-11.574026,0</coordinates></Point></Placemark>
<Placemark><name>0300764091</name><visibility>0</visibility><LookAt><longitude>-47.199718</longitude><latitude>-11.577058</latitude><altitude>1200.0</altitude><altitudeMode>absolute</altitudeMode></LookAt><styleUrl>#mapDaimonChave</styleUrl><Point><coordinates>-47.199718,-11.577058,0</coordinates></Point></Placemark>
<Placemark><name>PR32271091</name><visibility>0</visibility><LookAt><longitude>-47.198077</longitude><latitude>-11.576456</latitude><altitude>1200.0</altitude><altitudeMode>absolute</altitudeMode></LookAt><styleUrl>#mapDaimonChave</styleUrl><Point><coordinates>-47.198077,-11.576456,0</coordinates></Point></Placemark>
<Placemark><name>0343428091</name><visibility>0</visibility><LookAt><longitude>-47.179648</longitude><latitude>-11.570639</latitude><altitude>1200.0</altitude><altitudeMode>absolute</altitudeMode></LookAt><styleUrl>#mapDaimonChave</styleUrl><Point><coordinates>-47.179648,-11.570639,0</coordinates></Point></Placemark>
<Placemark><name>0300498091</name><visibility>0</visibility><LookAt><longitude>-47.185676</longitude><latitude>-11.574336</latitude><altitude>1200.0</altitude><altitudeMode>absolute</altitudeMode></LookAt><styleUrl>#mapDaimonChave</styleUrl><Point><coordinates>-47.185676,-11.574336,0</coordinates></Point></Placemark>
<Placemark><name>3356099091</name><visibility>0</visibility><LookAt><longitude>-47.182363</longitude><latitude>-11.576823</latitude><altitude>1200.0</altitude><altitudeMode>absolute</altitudeMode></LookAt><styleUrl>#mapDaimonChave</styleUrl><Point><coordinates>-47.182363,-11.576823,0</coordinates></Point></Placemark>
<Placemark><name>0310227091</name><visibility>0</visibility><LookAt><longitude>-47.180867</longitude><latitude>-11.569451</latitude><altitude>1200.0</altitude><altitudeMode>absolute</altitudeMode></LookAt><styleUrl>#mapDaimonChave</styleUrl><Point><coordinates>-47.180867,-11.569451,0</coordinates></Point></Placemark>
<Placemark><name>0310225091</name><visibility>0</visibility><LookAt><longitude>-47.181208</longitude><latitude>-11.564563</latitude><altitude>1200.0</altitude><altitudeMode>absolute</altitudeMode></LookAt><styleUrl>#mapDaimonChave</styleUrl><Point><coordinates>-47.181208,-11.564563,0</coordinates></Point></Placemark>
<Placemark><name>0310088091</name><visibility>0</visibility><LookAt><longitude>-47.186758</longitude><latitude>-11.567841</latitude><altitude>1200.0</altitude><altitudeMode>absolute</altitudeMode></LookAt><styleUrl>#mapDaimonChave</styleUrl><Point><coordinates>-47.186758,-11.567841,0</coordinates></Point></Placemark>
<Placemark><name>0300776091</name><visibility>0</visibility><LookAt><longitude>-47.185818</longitude><latitude>-11.568042</latitude><altitude>1200.0</altitude><altitudeMode>absolute</altitudeMode></LookAt><styleUrl>#mapDaimonChave</styleUrl><Point><coordinates>-47.185818,-11.568042,0</coordinates></Point></Placemark>
<Placemark><name>0310230091</name><visibility>0</visibility><LookAt><longitude>-47.186083</longitude><latitude>-11.570940</latitude><altitude>1200.0</altitude><altitudeMode>absolute</altitudeMode></LookAt><styleUrl>#mapDaimonChave</styleUrl><Point><coordinates>-47.186083,-11.570940,0</coordinates></Point></Placemark>
<Placemark><name>0315158091</name><visibility>0</visibility><LookAt><longitude>-47.274356</longitude><latitude>-11.612471</latitude><altitude>1200.0</altitude><altitudeMode>absolute</altitudeMode></LookAt><styleUrl>#mapDaimonChave</styleUrl><Point><coordinates>-47.274356,-11.612471,0</coordinates></Point></Placemark>
<Placemark><name>4032359091</name><visibility>0</visibility><LookAt><longitude>-47.282266</longitude><latitude>-11.619619</latitude><altitude>1200.0</altitude><altitudeMode>absolute</altitudeMode></LookAt><styleUrl>#mapDaimonChave</styleUrl><Point><coordinates>-47.282266,-11.619619,0</coordinates></Point></Placemark>
<Placemark><name>3313445091</name><visibility>0</visibility><LookAt><longitude>-47.266942</longitude><latitude>-11.601785</latitude><altitude>1200.0</altitude><altitudeMode>absolute</altitudeMode></LookAt><styleUrl>#mapDaimonChave</styleUrl><Point><coordinates>-47.266942,-11.601785,0</coordinates></Point></Placemark>
<Placemark><name>PR32273091</name><visibility>0</visibility><LookAt><longitude>-47.289673</longitude><latitude>-11.575013</latitude><altitude>1200.0</altitude><altitudeMode>absolute</altitudeMode></LookAt><styleUrl>#mapDaimonChave</styleUrl><Point><coordinates>-47.289673,-11.575013,0</coordinates></Point></Placemark>
<Placemark><name>0310090091</name><visibility>0</visibility><LookAt><longitude>-47.302542</longitude><latitude>-11.585891</latitude><altitude>1200.0</altitude><altitudeMode>absolute</altitudeMode></LookAt><styleUrl>#mapDaimonChave</styleUrl><Point><coordinates>-47.302542,-11.585891,0</coordinates></Point></Placemark>
<Placemark><name>0332274091</name><visibility>0</visibility><LookAt><longitude>-47.325527</longitude><latitude>-11.598914</latitude><altitude>1200.0</altitude><altitudeMode>absolute</altitudeMode></LookAt><styleUrl>#mapDaimonChave</styleUrl><Point><coordinates>-47.325527,-11.598914,0</coordinates></Point></Placemark>
<Placemark><name>PR32275091</name><visibility>0</visibility><LookAt><longitude>-47.365676</longitude><latitude>-11.616541</latitude><altitude>1200.0</altitude><altitudeMode>absolute</altitudeMode></LookAt><styleUrl>#mapDaimonChave</styleUrl><Point><coordinates>-47.365676,-11.616541,0</coordinates></Point></Placemark>
<Placemark><name>6800489091</name><visibility>0</visibility><LookAt><longitude>-47.360078</longitude><latitude>-11.611305</latitude><altitude>1200.0</altitude><altitudeMode>absolute</altitudeMode></LookAt><styleUrl>#mapDaimonChave</styleUrl><Point><coordinates>-47.360078,-11.611305,0</coordinates></Point></Placemark>
<Placemark><name>8800553091</name><visibility>0</visibility><LookAt><longitude>-47.383777</longitude><latitude>-11.634417</latitude><altitude>1200.0</altitude><altitudeMode>absolute</altitudeMode></LookAt><styleUrl>#mapDaimonChave</styleUrl><Point><coordinates>-47.383777,-11.634417,0</coordinates></Point></Placemark>
<Placemark><name>0300768091</name><visibility>0</visibility><LookAt><longitude>-47.193068</longitude><latitude>-11.585960</latitude><altitude>1200.0</altitude><altitudeMode>absolute</altitudeMode></LookAt><styleUrl>#mapDaimonChave</styleUrl><Point><coordinates>-47.193068,-11.585960,0</coordinates></Point></Placemark>
<Placemark><name>0330133091</name><visibility>0</visibility><LookAt><longitude>-47.199183</longitude><latitude>-11.580159</latitude><altitude>1200.0</altitude><altitudeMode>absolute</altitudeMode></LookAt><styleUrl>#mapDaimonChave</styleUrl><Point><coordinates>-47.199183,-11.580159,0</coordinates></Point></Placemark>
<Placemark><name>0347619091</name><visibility>0</visibility><LookAt><longitude>-47.198609</longitude><latitude>-11.582538</latitude><altitude>1200.0</altitude><altitudeMode>absolute</altitudeMode></LookAt><styleUrl>#mapDaimonChave</styleUrl><Point><coordinates>-47.198609,-11.582538,0</coordinates></Point></Placemark>
<Placemark><name>0300765091</name><visibility>0</visibility><LookAt><longitude>-47.197122</longitude><latitude>-11.590008</latitude><altitude>1200.0</altitude><altitudeMode>absolute</altitudeMode></LookAt><styleUrl>#mapDaimonChave</styleUrl><Point><coordinates>-47.197122,-11.590008,0</coordinates></Point></Placemark>
<Placemark><name>0300777091</name><visibility>0</visibility><LookAt><longitude>-47.189970</longitude><latitude>-11.563163</latitude><altitude>1200.0</altitude><altitudeMode>absolute</altitudeMode></LookAt><styleUrl>#mapDaimonChave</styleUrl><Point><coordinates>-47.189970,-11.563163,0</coordinates></Point></Placemark>
<Placemark><name>0336558091</name><visibility>0</visibility><LookAt><longitude>-47.198853</longitude><latitude>-11.551809</latitude><altitude>1200.0</altitude><altitudeMode>absolute</altitudeMode></LookAt><styleUrl>#mapDaimonChave</styleUrl><Point><coordinates>-47.198853,-11.551809,0</coordinates></Point></Placemark>
<Placemark><name>0300767091</name><visibility>0</visibility><LookAt><longitude>-47.198512</longitude><latitude>-11.554971</latitude><altitude>1200.0</altitude><altitudeMode>absolute</altitudeMode></LookAt><styleUrl>#mapDaimonChave</styleUrl><Point><coordinates>-47.198512,-11.554971,0</coordinates></Point></Placemark>
<Placemark><name>3332374091</name><visibility>0</visibility><LookAt><longitude>-47.270825</longitude><latitude>-11.614377</latitude><altitude>1200.0</altitude><altitudeMode>absolute</altitudeMode></LookAt><styleUrl>#mapDaimonChave</styleUrl><Point><coordinates>-47.270825,-11.614377,0</coordinates></Point></Placemark>
<Placemark><name>0310093091</name><visibility>0</visibility><LookAt><longitude>-47.307822</longitude><latitude>-11.583306</latitude><altitude>1200.0</altitude><altitudeMode>absolute</altitudeMode></LookAt><styleUrl>#mapDaimonChave</styleUrl><Point><coordinates>-47.307822,-11.583306,0</coordinates></Point></Placemark>
<Placemark><name>0310091091</name><visibility>0</visibility><LookAt><longitude>-47.302399</longitude><latitude>-11.585607</latitude><altitude>1200.0</altitude><altitudeMode>absolute</altitudeMode></LookAt><styleUrl>#mapDaimonChave</styleUrl><Point><coordinates>-47.302399,-11.585607,0</coordinates></Point></Placemark>
<Placemark><name>0310094091</name><visibility>0</visibility><LookAt><longitude>-47.306960</longitude><latitude>-11.581066</latitude><altitude>1200.0</altitude><altitudeMode>absolute</altitudeMode></LookAt><styleUrl>#mapDaimonChave</styleUrl><Point><coordinates>-47.306960,-11.581066,0</coordinates></Point></Placemark>
<Placemark><name>7964816091</name><visibility>0</visibility><LookAt><longitude>-47.360115</longitude><latitude>-11.611264</latitude><altitude>1200.0</altitude><altitudeMode>absolute</altitudeMode></LookAt><styleUrl>#mapDaimonChave</styleUrl><Point><coordinates>-47.360115,-11.611264,0</coordinates></Point></Placemark>
<Placemark><name>0300477028</name><visibility>0</visibility><LookAt><longitude>-47.391575</longitude><latitude>-11.639541</latitude><altitude>1200.0</altitude><altitudeMode>absolute</altitudeMode></LookAt><styleUrl>#mapDaimonChave</styleUrl><Point><coordinates>-47.391575,-11.639541,0</coordinates></Point></Placemark>
<Placemark><name>PR32276091</name><visibility>0</visibility><LookAt><longitude>-47.398021</longitude><latitude>-11.645071</latitude><altitude>1200.0</altitude><altitudeMode>absolute</altitudeMode></LookAt><styleUrl>#mapDaimonChave</styleUrl><Point><coordinates>-47.398021,-11.645071,0</coordinates></Point></Placemark>
<Placemark><name>9009431091</name><visibility>0</visibility><LookAt><longitude>-47.398468</longitude><latitude>-11.645479</latitude><altitude>1200.0</altitude><altitudeMode>absolute</altitudeMode></LookAt><styleUrl>#mapDaimonChave</styleUrl><Point><coordinates>-47.398468,-11.645479,0</coordinates></Point></Placemark>
<Placemark><name>3225681091</name><visibility>0</visibility><LookAt><longitude>-47.390790</longitude><latitude>-11.638466</latitude><altitude>1200.0</altitude><altitudeMode>absolute</altitudeMode></LookAt><styleUrl>#mapDaimonChave</styleUrl><Point><coordinates>-47.390790,-11.638466,0</coordinates></Point></Placemark>
<Placemark><name>0310018091</name><visibility>0</visibility><LookAt><longitude>-47.390099</longitude><latitude>-11.637227</latitude><altitude>1200.0</altitude><altitudeMode>absolute</altitudeMode></LookAt><styleUrl>#mapDaimonChave</styleUrl><Point><coordinates>-47.390099,-11.637227,0</coordinates></Point></Placemark>
<Placemark><name>0300311091</name><visibility>0</visibility><LookAt><longitude>-47.390518</longitude><latitude>-11.638064</latitude><altitude>1200.0</altitude><altitudeMode>absolute</altitudeMode></LookAt><styleUrl>#mapDaimonChave</styleUrl><Point><coordinates>-47.390518,-11.638064,0</coordinates></Point></Placemark>
<Placemark><name>0330690091</name><visibility>0</visibility><LookAt><longitude>-47.192024</longitude><latitude>-11.586273</latitude><altitude>1200.0</altitude><altitudeMode>absolute</altitudeMode></LookAt><styleUrl>#mapDaimonChave</styleUrl><Point><coordinates>-47.192024,-11.586273,0</coordinates></Point></Placemark>
<Placemark><name>PR36559091</name><visibility>0</visibility><LookAt><longitude>-47.199572</longitude><latitude>-11.552289</latitude><altitude>1200.0</altitude><altitudeMode>absolute</altitudeMode></LookAt><styleUrl>#mapDaimonChave</styleUrl><Point><coordinates>-47.199572,-11.552289,0</coordinates></Point></Placemark>
<Placemark><name>3332371091</name><visibility>0</visibility><LookAt><longitude>-47.265328</longitude><latitude>-11.627283</latitude><altitude>1200.0</altitude><altitudeMode>absolute</altitudeMode></LookAt><styleUrl>#mapDaimonChave</styleUrl><Point><coordinates>-47.265328,-11.627283,0</coordinates></Point></Placemark>
<Placemark><name>3332379091</name><visibility>0</visibility><LookAt><longitude>-47.262421</longitude><latitude>-11.643087</latitude><altitude>1200.0</altitude><altitudeMode>absolute</altitudeMode></LookAt><styleUrl>#mapDaimonChave</styleUrl><Point><coordinates>-47.262421,-11.643087,0</coordinates></Point></Placemark>
<Placemark><name>0310092091</name><visibility>0</visibility><LookAt><longitude>-47.300474</longitude><latitude>-11.583763</latitude><altitude>1200.0</altitude><altitudeMode>absolute</altitudeMode></LookAt><styleUrl>#mapDaimonChave</styleUrl><Point><coordinates>-47.300474,-11.583763,0</coordinates></Point></Placemark>
<Placemark><name>3300709091</name><visibility>0</visibility><LookAt><longitude>-47.390026</longitude><latitude>-11.570919</latitude><altitude>1200.0</altitude><altitudeMode>absolute</altitudeMode></LookAt><styleUrl>#mapDaimonChave</styleUrl><Point><coordinates>-47.390026,-11.570919,0</coordinates></Point></Placemark>
<Placemark><name>0300490091</name><visibility>0</visibility><LookAt><longitude>-47.393898</longitude><latitude>-11.547382</latitude><altitude>1200.0</altitude><altitudeMode>absolute</altitudeMode></LookAt><styleUrl>#mapDaimonChave</styleUrl><Point><coordinates>-47.393898,-11.547382,0</coordinates></Point></Placemark>
<Placemark><name>0351746091</name><visibility>0</visibility><LookAt><longitude>-47.364500</longitude><latitude>-11.606886</latitude><altitude>1200.0</altitude><altitudeMode>absolute</altitudeMode></LookAt><styleUrl>#mapDaimonChave</styleUrl><Point><coordinates>-47.364500,-11.606886,0</coordinates></Point></Placemark>
<Placemark><name>0300702091</name><visibility>0</visibility><LookAt><longitude>-47.392266</longitude><latitude>-11.561516</latitude><altitude>1200.0</altitude><altitudeMode>absolute</altitudeMode></LookAt><styleUrl>#mapDaimonChave</styleUrl><Point><coordinates>-47.392266,-11.561516,0</coordinates></Point></Placemark>
<Placemark><name>3300714091</name><visibility>0</visibility><LookAt><longitude>-47.368556</longitude><latitude>-11.601590</latitude><altitude>1200.0</altitude><altitudeMode>absolute</altitudeMode></LookAt><styleUrl>#mapDaimonChave</styleUrl><Point><coordinates>-47.368556,-11.601590,0</coordinates></Point></Placemark>
<Placemark><name>3100700091</name><visibility>0</visibility><LookAt><longitude>-47.393931</longitude><latitude>-11.547694</latitude><altitude>1200.0</altitude><altitudeMode>absolute</altitudeMode></LookAt><styleUrl>#mapDaimonChave</styleUrl><Point><coordinates>-47.393931,-11.547694,0</coordinates></Point></Placemark>
<Placemark><name>0300703091</name><visibility>0</visibility><LookAt><longitude>-47.390898</longitude><latitude>-11.568489</latitude><altitude>1200.0</altitude><altitudeMode>absolute</altitudeMode></LookAt><styleUrl>#mapDaimonChave</styleUrl><Point><coordinates>-47.390898,-11.568489,0</coordinates></Point></Placemark>
<Placemark><name>3336531091</name><visibility>0</visibility><LookAt><longitude>-47.393731</longitude><latitude>-11.548773</latitude><altitude>1200.0</altitude><altitudeMode>absolute</altitudeMode></LookAt><styleUrl>#mapDaimonChave</styleUrl><Point><coordinates>-47.393731,-11.548773,0</coordinates></Point></Placemark>
<Placemark><name>0339813091</name><visibility>0</visibility><LookAt><longitude>-47.348125</longitude><latitude>-11.678184</latitude><altitude>1200.0</altitude><altitudeMode>absolute</altitudeMode></LookAt><styleUrl>#mapDaimonChave</styleUrl><Point><coordinates>-47.348125,-11.678184,0</coordinates></Point></Placemark>
<Placemark><name>0315154091</name><visibility>0</visibility><LookAt><longitude>-47.369222</longitude><latitude>-11.656992</latitude><altitude>1200.0</altitude><altitudeMode>absolute</altitudeMode></LookAt><styleUrl>#mapDaimonChave</styleUrl><Point><coordinates>-47.369222,-11.656992,0</coordinates></Point></Placemark>
<Placemark><name>9001184091</name><visibility>0</visibility><LookAt><longitude>-47.398512</longitude><latitude>-11.645494</latitude><altitude>1200.0</altitude><altitudeMode>absolute</altitudeMode></LookAt><styleUrl>#mapDaimonChave</styleUrl><Point><coordinates>-47.398512,-11.645494,0</coordinates></Point></Placemark>
<Placemark><name>3330145091</name><visibility>0</visibility><LookAt><longitude>-47.398682</longitude><latitude>-11.628997</latitude><altitude>1200.0</altitude><altitudeMode>absolute</altitudeMode></LookAt><styleUrl>#mapDaimonChave</styleUrl><Point><coordinates>-47.398682,-11.628997,0</coordinates></Point></Placemark>
<Placemark><name>0325682091</name><visibility>0</visibility><LookAt><longitude>-47.398756</longitude><latitude>-11.628856</latitude><altitude>1200.0</altitude><altitudeMode>absolute</altitudeMode></LookAt><styleUrl>#mapDaimonChave</styleUrl><Point><coordinates>-47.398756,-11.628856,0</coordinates></Point></Placemark>
<Placemark><name>3310024091</name><visibility>0</visibility><LookAt><longitude>-47.366135</longitude><latitude>-11.549314</latitude><altitude>1200.0</altitude><altitudeMode>absolute</altitudeMode></LookAt><styleUrl>#mapDaimonChave</styleUrl><Point><coordinates>-47.366135,-11.549314,0</coordinates></Point></Placemark>
<Placemark><name>0300715091</name><visibility>0</visibility><LookAt><longitude>-47.352801</longitude><latitude>-11.585222</latitude><altitude>1200.0</altitude><altitudeMode>absolute</altitudeMode></LookAt><styleUrl>#mapDaimonChave</styleUrl><Point><coordinates>-47.352801,-11.585222,0</coordinates></Point></Placemark>
<Placemark><name>0351434091</name><visibility>0</visibility><LookAt><longitude>-47.353744</longitude><latitude>-11.586018</latitude><altitude>1200.0</altitude><altitudeMode>absolute</altitudeMode></LookAt><styleUrl>#mapDaimonChave</styleUrl><Point><coordinates>-47.353744,-11.586018,0</coordinates></Point></Placemark>
<Placemark><name>0310025091</name><visibility>0</visibility><LookAt><longitude>-47.425289</longitude><latitude>-11.541635</latitude><altitude>1200.0</altitude><altitudeMode>absolute</altitudeMode></LookAt><styleUrl>#mapDaimonChave</styleUrl><Point><coordinates>-47.425289,-11.541635,0</coordinates></Point></Placemark>
<Placemark><name>0300491091</name><visibility>0</visibility><LookAt><longitude>-47.412056</longitude><latitude>-11.543830</latitude><altitude>1200.0</altitude><altitudeMode>absolute</altitudeMode></LookAt><styleUrl>#mapDaimonChave</styleUrl><Point><coordinates>-47.412056,-11.543830,0</coordinates></Point></Placemark>
<Placemark><name>0300492091</name><visibility>0</visibility><LookAt><longitude>-47.462245</longitude><latitude>-11.522322</latitude><altitude>1200.0</altitude><altitudeMode>absolute</altitudeMode></LookAt><styleUrl>#mapDaimonChave</styleUrl><Point><coordinates>-47.462245,-11.522322,0</coordinates></Point></Placemark>
<Placemark><name>3126212028</name><visibility>0</visibility><LookAt><longitude>-47.461179</longitude><latitude>-11.523308</latitude><altitude>1200.0</altitude><altitudeMode>absolute</altitudeMode></LookAt><styleUrl>#mapDaimonChave</styleUrl><Point><coordinates>-47.461179,-11.523308,0</coordinates></Point></Placemark>
<Placemark><name>8836532091</name><visibility>0</visibility><LookAt><longitude>-47.385937</longitude><latitude>-11.512342</latitude><altitude>1200.0</altitude><altitudeMode>absolute</altitudeMode></LookAt><styleUrl>#mapDaimonChave</styleUrl><Point><coordinates>-47.385937,-11.512342,0</coordinates></Point></Placemark>
<Placemark><name>8843608028</name><visibility>0</visibility><LookAt><longitude>-47.452894</longitude><latitude>-11.670076</latitude><altitude>1200.0</altitude><altitudeMode>absolute</altitudeMode></LookAt><styleUrl>#mapDaimonChave</styleUrl><Point><coordinates>-47.452894,-11.670076,0</coordinates></Point></Placemark>
<Placemark><name>PR32277091</name><visibility>0</visibility><LookAt><longitude>-47.432951</longitude><latitude>-11.669641</latitude><altitude>1200.0</altitude><altitudeMode>absolute</altitudeMode></LookAt><styleUrl>#mapDaimonChave</styleUrl><Point><coordinates>-47.432951,-11.669641,0</coordinates></Point></Placemark>
<Placemark><name>0310022091</name><visibility>0</visibility><LookAt><longitude>-47.403929</longitude><latitude>-11.650333</latitude><altitude>1200.0</altitude><altitudeMode>absolute</altitudeMode></LookAt><styleUrl>#mapDaimonChave</styleUrl><Point><coordinates>-47.403929,-11.650333,0</coordinates></Point></Placemark>
<Placemark><name>0300458091</name><visibility>0</visibility><LookAt><longitude>-47.424488</longitude><latitude>-11.666920</latitude><altitude>1200.0</altitude><altitudeMode>absolute</altitudeMode></LookAt><styleUrl>#mapDaimonChave</styleUrl><Point><coordinates>-47.424488,-11.666920,0</coordinates></Point></Placemark>
<Placemark><name>0336810091</name><visibility>0</visibility><LookAt><longitude>-47.420431</longitude><latitude>-11.606947</latitude><altitude>1200.0</altitude><altitudeMode>absolute</altitudeMode></LookAt><styleUrl>#mapDaimonChave</styleUrl><Point><coordinates>-47.420431,-11.606947,0</coordinates></Point></Placemark>
<Placemark><name>0350577091</name><visibility>0</visibility><LookAt><longitude>-47.359820</longitude><latitude>-11.579876</latitude><altitude>1200.0</altitude><altitudeMode>absolute</altitudeMode></LookAt><styleUrl>#mapDaimonChave</styleUrl><Point><coordinates>-47.359820,-11.579876,0</coordinates></Point></Placemark>
<Placemark><name>0310026028</name><visibility>0</visibility><LookAt><longitude>-47.438646</longitude><latitude>-11.581018</latitude><altitude>1200.0</altitude><altitudeMode>absolute</altitudeMode></LookAt><styleUrl>#mapDaimonChave</styleUrl><Point><coordinates>-47.438646,-11.581018,0</coordinates></Point></Placemark>
<Placemark><name>0300494091</name><visibility>0</visibility><LookAt><longitude>-47.410556</longitude><latitude>-11.522761</latitude><altitude>1200.0</altitude><altitudeMode>absolute</altitudeMode></LookAt><styleUrl>#mapDaimonChave</styleUrl><Point><coordinates>-47.410556,-11.522761,0</coordinates></Point></Placemark>
<Placemark><name>0326216028</name><visibility>0</visibility><LookAt><longitude>-47.485036</longitude><latitude>-11.464915</latitude><altitude>1200.0</altitude><altitudeMode>absolute</altitudeMode></LookAt><styleUrl>#mapDaimonChave</styleUrl><Point><coordinates>-47.485036,-11.464915,0</coordinates></Point></Placemark>
<Placemark><name>0326214028</name><visibility>0</visibility><LookAt><longitude>-47.484229</longitude><latitude>-11.465271</latitude><altitude>1200.0</altitude><altitudeMode>absolute</altitudeMode></LookAt><styleUrl>#mapDaimonChave</styleUrl><Point><coordinates>-47.484229,-11.465271,0</coordinates></Point></Placemark>
<Placemark><name>0328235028</name><visibility>0</visibility><LookAt><longitude>-47.475919</longitude><latitude>-11.489470</latitude><altitude>1200.0</altitude><altitudeMode>absolute</altitudeMode></LookAt><styleUrl>#mapDaimonChave</styleUrl><Point><coordinates>-47.475919,-11.489470,0</coordinates></Point></Placemark>
<Placemark><name>0334098028</name><visibility>0</visibility><LookAt><longitude>-47.481774</longitude><latitude>-11.473804</latitude><altitude>1200.0</altitude><altitudeMode>absolute</altitudeMode></LookAt><styleUrl>#mapDaimonChave</styleUrl><Point><coordinates>-47.481774,-11.473804,0</coordinates></Point></Placemark>
<Placemark><name>0300012028</name><visibility>0</visibility><LookAt><longitude>-47.474420</longitude><latitude>-11.688758</latitude><altitude>1200.0</altitude><altitudeMode>absolute</altitudeMode></LookAt><styleUrl>#mapDaimonChave</styleUrl><Point><coordinates>-47.474420,-11.688758,0</coordinates></Point></Placemark>
<Placemark><name>PR32278091</name><visibility>0</visibility><LookAt><longitude>-47.471003</longitude><latitude>-11.685864</latitude><altitude>1200.0</altitude><altitudeMode>absolute</altitudeMode></LookAt><styleUrl>#mapDaimonChave</styleUrl><Point><coordinates>-47.471003,-11.685864,0</coordinates></Point></Placemark>
<Placemark><name>8800359028</name><visibility>0</visibility><LookAt><longitude>-47.492687</longitude><latitude>-11.701537</latitude><altitude>1200.0</altitude><altitudeMode>absolute</altitudeMode></LookAt><styleUrl>#mapDaimonChave</styleUrl><Point><coordinates>-47.492687,-11.701537,0</coordinates></Point></Placemark>
<Placemark><name>6820178028</name><visibility>0</visibility><LookAt><longitude>-47.453378</longitude><latitude>-11.670502</latitude><altitude>1200.0</altitude><altitudeMode>absolute</altitudeMode></LookAt><styleUrl>#mapDaimonChave</styleUrl><Point><coordinates>-47.453378,-11.670502,0</coordinates></Point></Placemark>
<Placemark><name>0310019091</name><visibility>0</visibility><LookAt><longitude>-47.433306</longitude><latitude>-11.666948</latitude><altitude>1200.0</altitude><altitudeMode>absolute</altitudeMode></LookAt><styleUrl>#mapDaimonChave</styleUrl><Point><coordinates>-47.433306,-11.666948,0</coordinates></Point></Placemark>
<Placemark><name>3332627091</name><visibility>0</visibility><LookAt><longitude>-47.432336</longitude><latitude>-11.667273</latitude><altitude>1200.0</altitude><altitudeMode>absolute</altitudeMode></LookAt><styleUrl>#mapDaimonChave</styleUrl><Point><coordinates>-47.432336,-11.667273,0</coordinates></Point></Placemark>
<Placemark><name>8841207028</name><visibility>0</visibility><LookAt><longitude>-47.483221</longitude><latitude>-11.432708</latitude><altitude>1200.0</altitude><altitudeMode>absolute</altitudeMode></LookAt><styleUrl>#mapDaimonChave</styleUrl><Point><coordinates>-47.483221,-11.432708,0</coordinates></Point></Placemark>
<Placemark><name>0342433028</name><visibility>0</visibility><LookAt><longitude>-47.484760</longitude><latitude>-11.459598</latitude><altitude>1200.0</altitude><altitudeMode>absolute</altitudeMode></LookAt><styleUrl>#mapDaimonChave</styleUrl><Point><coordinates>-47.484760,-11.459598,0</coordinates></Point></Placemark>
<Placemark><name>0300013028</name><visibility>0</visibility><LookAt><longitude>-47.477703</longitude><latitude>-11.686741</latitude><altitude>1200.0</altitude><altitudeMode>absolute</altitudeMode></LookAt><styleUrl>#mapDaimonChave</styleUrl><Point><coordinates>-47.477703,-11.686741,0</coordinates></Point></Placemark>
<Placemark><name>9000595028</name><visibility>0</visibility><LookAt><longitude>-47.497495</longitude><latitude>-11.707800</latitude><altitude>1200.0</altitude><altitudeMode>absolute</altitudeMode></LookAt><styleUrl>#mapDaimonChave</styleUrl><Point><coordinates>-47.497495,-11.707800,0</coordinates></Point></Placemark>
<Placemark><name>6733579028</name><visibility>0</visibility><LookAt><longitude>-47.495859</longitude><latitude>-11.705552</latitude><altitude>1200.0</altitude><altitudeMode>absolute</altitudeMode></LookAt><styleUrl>#mapDaimonChave</styleUrl><Point><coordinates>-47.495859,-11.705552,0</coordinates></Point></Placemark>
<Placemark><name>0300407028</name><visibility>0</visibility><LookAt><longitude>-47.452800</longitude><latitude>-11.665146</latitude><altitude>1200.0</altitude><altitudeMode>absolute</altitudeMode></LookAt><styleUrl>#mapDaimonChave</styleUrl><Point><coordinates>-47.452800,-11.665146,0</coordinates></Point></Placemark>
<Placemark><name>0200178028</name><visibility>0</visibility><LookAt><longitude>-47.452131</longitude><latitude>-11.664081</latitude><altitude>1200.0</altitude><altitudeMode>absolute</altitudeMode></LookAt><styleUrl>#mapDaimonChave</styleUrl><Point><coordinates>-47.452131,-11.664081,0</coordinates></Point></Placemark>
<Placemark><name>3328187028</name><visibility>0</visibility><LookAt><longitude>-47.454643</longitude><latitude>-11.667826</latitude><altitude>1200.0</altitude><altitudeMode>absolute</altitudeMode></LookAt><styleUrl>#mapDaimonChave</styleUrl><Point><coordinates>-47.454643,-11.667826,0</coordinates></Point></Placemark>
<Placemark><name>0341209028</name><visibility>0</visibility><LookAt><longitude>-47.472115</longitude><latitude>-11.409940</latitude><altitude>1200.0</altitude><altitudeMode>absolute</altitudeMode></LookAt><styleUrl>#mapDaimonChave</styleUrl><Point><coordinates>-47.472115,-11.409940,0</coordinates></Point></Placemark>
<Placemark><name>0357996028</name><visibility>0</visibility><LookAt><longitude>-47.477838</longitude><latitude>-11.642033</latitude><altitude>1200.0</altitude><altitudeMode>absolute</altitudeMode></LookAt><styleUrl>#mapDaimonChave</styleUrl><Point><coordinates>-47.477838,-11.642033,0</coordinates></Point></Placemark>
<Placemark><name>3332359091</name><visibility>0</visibility><LookAt><longitude>-47.282263</longitude><latitude>-11.619600</latitude><altitude>1200.0</altitude><altitudeMode>absolute</altitudeMode></LookAt><styleUrl>#mapDaimonChaveNA</styleUrl><Point><coordinates>-47.282263,-11.619600,0</coordinates></Point></Placemark>
<Placemark><name>8009431091</name><visibility>0</visibility><LookAt><longitude>-47.398470</longitude><latitude>-11.645525</latitude><altitude>1200.0</altitude><altitudeMode>absolute</altitudeMode></LookAt><styleUrl>#mapDaimonChaveNA</styleUrl><Point><coordinates>-47.398470,-11.645525,0</coordinates></Point></Placemark>
</Folder>
<Folder>
<name>EP</name>
<visibility>0</visibility>
<Placemark><name>5628234028</name><visibility>0</visibility><LookAt><longitude>-47.475204</longitude><latitude>-11.489447</latitude><altitude>1200.0</altitude><altitudeMode>absolute</altitudeMode></LookAt><styleUrl>#mapDaimonEP</styleUrl><Point><coordinates>-47.475204,-11.489447,0</coordinates></Point></Placemark>
<Placemark><name>5634097028</name><visibility>0</visibility><LookAt><longitude>-47.481188</longitude><latitude>-11.473702</latitude><altitude>1200.0</altitude><altitudeMode>absolute</altitudeMode></LookAt><styleUrl>#mapDaimonEP</styleUrl><Point><coordinates>-47.481188,-11.473702,0</coordinates></Point></Placemark>
<Placemark><name>5633579028</name><visibility>0</visibility><LookAt><longitude>-47.496779</longitude><latitude>-11.704388</latitude><altitude>1200.0</altitude><altitudeMode>absolute</altitudeMode></LookAt><styleUrl>#mapDaimonEP</styleUrl><Point><coordinates>-47.496779,-11.704388,0</coordinates></Point></Placemark>
<Placemark><name>5610178028</name><visibility>0</visibility><LookAt><longitude>-47.452107</longitude><latitude>-11.664012</latitude><altitude>1200.0</altitude><altitudeMode>absolute</altitudeMode></LookAt><styleUrl>#mapDaimonEP</styleUrl><Point><coordinates>-47.452107,-11.664012,0</coordinates></Point></Placemark>
</Folder>
<Folder>
<name>ET</name>
<visibility>0</visibility>
<Placemark><name>5700762091</name><visibility>0</visibility><LookAt><longitude>-47.182669</longitude><latitude>-11.575939</latitude><altitude>1200.0</altitude><altitudeMode>absolute</altitudeMode></LookAt><styleUrl>#mapDaimonET</styleUrl><Point><coordinates>-47.182669,-11.575939,0</coordinates></Point></Placemark>
<Placemark><name>5700757091</name><visibility>0</visibility><LookAt><longitude>-47.182684</longitude><latitude>-11.577980</latitude><altitude>1200.0</altitude><altitudeMode>absolute</altitudeMode></LookAt><styleUrl>#mapDaimonET</styleUrl><Point><coordinates>-47.182684,-11.577980,0</coordinates></Point></Placemark>
<Placemark><name>5700497091</name><visibility>0</visibility><LookAt><longitude>-47.181750</longitude><latitude>-11.571884</latitude><altitude>1200.0</altitude><altitudeMode>absolute</altitudeMode></LookAt><styleUrl>#mapDaimonET</styleUrl><Point><coordinates>-47.181750,-11.571884,0</coordinates></Point></Placemark>
<Placemark><name>5710228091</name><visibility>0</visibility><LookAt><longitude>-47.179466</longitude><latitude>-11.570803</latitude><altitude>1200.0</altitude><altitudeMode>absolute</altitudeMode></LookAt><styleUrl>#mapDaimonET</styleUrl><Point><coordinates>-47.179466,-11.570803,0</coordinates></Point></Placemark>
<Placemark><name>5710223091</name><visibility>0</visibility><LookAt><longitude>-47.179181</longitude><latitude>-11.563999</latitude><altitude>1200.0</altitude><altitudeMode>absolute</altitudeMode></LookAt><styleUrl>#mapDaimonET</styleUrl><Point><coordinates>-47.179181,-11.563999,0</coordinates></Point></Placemark>
<Placemark><name>5710456091</name><visibility>0</visibility><LookAt><longitude>-47.180459</longitude><latitude>-11.563133</latitude><altitude>1200.0</altitude><altitudeMode>absolute</altitudeMode></LookAt><styleUrl>#mapDaimonET</styleUrl><Point><coordinates>-47.180459,-11.563133,0</coordinates></Point></Placemark>
<Placemark><name>5710009091</name><visibility>0</visibility><LookAt><longitude>-47.202343</longitude><latitude>-11.576375</latitude><altitude>1200.0</altitude><altitudeMode>absolute</altitudeMode></LookAt><styleUrl>#mapDaimonET</styleUrl><Point><coordinates>-47.202343,-11.576375,0</coordinates></Point></Placemark>
<Placemark><name>5743134091</name><visibility>0</visibility><LookAt><longitude>-47.281245</longitude><latitude>-11.558209</latitude><altitude>1200.0</altitude><altitudeMode>absolute</altitudeMode></LookAt><styleUrl>#mapDaimonET</styleUrl><Point><coordinates>-47.281245,-11.558209,0</coordinates></Point></Placemark>
<Placemark><name>5710229091</name><visibility>0</visibility><LookAt><longitude>-47.185236</longitude><latitude>-11.567219</latitude><altitude>1200.0</altitude><altitudeMode>absolute</altitudeMode></LookAt><styleUrl>#mapDaimonET</styleUrl><Point><coordinates>-47.185236,-11.567219,0</coordinates></Point></Placemark>
<Placemark><name>5713446091</name><visibility>0</visibility><LookAt><longitude>-47.283879</longitude><latitude>-11.623286</latitude><altitude>1200.0</altitude><altitudeMode>absolute</altitudeMode></LookAt><styleUrl>#mapDaimonET</styleUrl><Point><coordinates>-47.283879,-11.623286,0</coordinates></Point></Placemark>
<Placemark><name>5730150091</name><visibility>0</visibility><LookAt><longitude>-47.281501</longitude><latitude>-11.626017</latitude><altitude>1200.0</altitude><altitudeMode>absolute</altitudeMode></LookAt><styleUrl>#mapDaimonET</styleUrl><Point><coordinates>-47.281501,-11.626017,0</coordinates></Point></Placemark>
<Placemark><name>5714160091</name><visibility>0</visibility><LookAt><longitude>-47.261552</longitude><latitude>-11.600923</latitude><altitude>1200.0</altitude><altitudeMode>absolute</altitudeMode></LookAt><styleUrl>#mapDaimonET</styleUrl><Point><coordinates>-47.261552,-11.600923,0</coordinates></Point></Placemark>
<Placemark><name>5700500091</name><visibility>0</visibility><LookAt><longitude>-47.173210</longitude><latitude>-11.558902</latitude><altitude>1200.0</altitude><altitudeMode>absolute</altitudeMode></LookAt><styleUrl>#mapDaimonET</styleUrl><Point><coordinates>-47.173210,-11.558902,0</coordinates></Point></Placemark>
<Placemark><name>5710222091</name><visibility>0</visibility><LookAt><longitude>-47.175603</longitude><latitude>-11.562967</latitude><altitude>1200.0</altitude><altitudeMode>absolute</altitudeMode></LookAt><styleUrl>#mapDaimonET</styleUrl><Point><coordinates>-47.175603,-11.562967,0</coordinates></Point></Placemark>
<Placemark><name>5700766091</name><visibility>0</visibility><LookAt><longitude>-47.198737</longitude><latitude>-11.595721</latitude><altitude>1200.0</altitude><altitudeMode>absolute</altitudeMode></LookAt><styleUrl>#mapDaimonET</styleUrl><Point><coordinates>-47.198737,-11.595721,0</coordinates></Point></Placemark>
<Placemark><name>5743136091</name><visibility>0</visibility><LookAt><longitude>-47.175394</longitude><latitude>-11.573555</latitude><altitude>1200.0</altitude><altitudeMode>absolute</altitudeMode></LookAt><styleUrl>#mapDaimonET</styleUrl><Point><coordinates>-47.175394,-11.573555,0</coordinates></Point></Placemark>
<Placemark><name>5700498091</name><visibility>0</visibility><LookAt><longitude>-47.186318</longitude><latitude>-11.574721</latitude><altitude>1200.0</altitude><altitudeMode>absolute</altitudeMode></LookAt><styleUrl>#mapDaimonET</styleUrl><Point><coordinates>-47.186318,-11.574721,0</coordinates></Point></Placemark>
<Placemark><name>5756099091</name><visibility>0</visibility><LookAt><longitude>-47.181214</longitude><latitude>-11.577814</latitude><altitude>1200.0</altitude><altitudeMode>absolute</altitudeMode></LookAt><styleUrl>#mapDaimonET</styleUrl><Point><coordinates>-47.181214,-11.577814,0</coordinates></Point></Placemark>
<Placemark><name>5710227091</name><visibility>0</visibility><LookAt><longitude>-47.181224</longitude><latitude>-11.569710</latitude><altitude>1200.0</altitude><altitudeMode>absolute</altitudeMode></LookAt><styleUrl>#mapDaimonET</styleUrl><Point><coordinates>-47.181224,-11.569710,0</coordinates></Point></Placemark>
<Placemark><name>5710225091</name><visibility>0</visibility><LookAt><longitude>-47.181910</longitude><latitude>-11.564121</latitude><altitude>1200.0</altitude><altitudeMode>absolute</altitudeMode></LookAt><styleUrl>#mapDaimonET</styleUrl><Point><coordinates>-47.181910,-11.564121,0</coordinates></Point></Placemark>
<Placemark><name>5710088091</name><visibility>0</visibility><LookAt><longitude>-47.187080</longitude><latitude>-11.567066</latitude><altitude>1200.0</altitude><altitudeMode>absolute</altitudeMode></LookAt><styleUrl>#mapDaimonET</styleUrl><Point><coordinates>-47.187080,-11.567066,0</coordinates></Point></Placemark>
<Placemark><name>5700785091</name><visibility>0</visibility><LookAt><longitude>-47.195066</longitude><latitude>-11.550731</latitude><altitude>1200.0</altitude><altitudeMode>absolute</altitudeMode></LookAt><styleUrl>#mapDaimonET</styleUrl><Point><coordinates>-47.195066,-11.550731,0</coordinates></Point></Placemark>
<Placemark><name>5700779091</name><visibility>0</visibility><LookAt><longitude>-47.198800</longitude><latitude>-11.553448</latitude><altitude>1200.0</altitude><altitudeMode>absolute</altitudeMode></LookAt><styleUrl>#mapDaimonET</styleUrl><Point><coordinates>-47.198800,-11.553448,0</coordinates></Point></Placemark>
<Placemark><name>5700778091</name><visibility>0</visibility><LookAt><longitude>-47.195896</longitude><latitude>-11.558320</latitude><altitude>1200.0</altitude><altitudeMode>absolute</altitudeMode></LookAt><styleUrl>#mapDaimonET</styleUrl><Point><coordinates>-47.195896,-11.558320,0</coordinates></Point></Placemark>
<Placemark><name>5710230091</name><visibility>0</visibility><LookAt><longitude>-47.185332</longitude><latitude>-11.570786</latitude><altitude>1200.0</altitude><altitudeMode>absolute</altitudeMode></LookAt><styleUrl>#mapDaimonET</styleUrl><Point><coordinates>-47.185332,-11.570786,0</coordinates></Point></Placemark>
<Placemark><name>5715161091</name><visibility>0</visibility><LookAt><longitude>-47.270909</longitude><latitude>-11.614306</latitude><altitude>1200.0</altitude><altitudeMode>absolute</altitudeMode></LookAt><styleUrl>#mapDaimonET</styleUrl><Point><coordinates>-47.270909,-11.614306,0</coordinates></Point></Placemark>
<Placemark><name>5732367091</name><visibility>0</visibility><LookAt><longitude>-47.293955</longitude><latitude>-11.611118</latitude><altitude>1200.0</altitude><altitudeMode>absolute</altitudeMode></LookAt><styleUrl>#mapDaimonET</styleUrl><Point><coordinates>-47.293955,-11.611118,0</coordinates></Point></Placemark>
<Placemark><name>5732363091</name><visibility>0</visibility><LookAt><longitude>-47.289968</longitude><latitude>-11.620550</latitude><altitude>1200.0</altitude><altitudeMode>absolute</altitudeMode></LookAt><styleUrl>#mapDaimonET</styleUrl><Point><coordinates>-47.289968,-11.620550,0</coordinates></Point></Placemark>
<Placemark><name>5732364091</name><visibility>0</visibility><LookAt><longitude>-47.290913</longitude><latitude>-11.621697</latitude><altitude>1200.0</altitude><altitudeMode>absolute</altitudeMode></LookAt><styleUrl>#mapDaimonET</styleUrl><Point><coordinates>-47.290913,-11.621697,0</coordinates></Point></Placemark>
<Placemark><name>5732365091</name><visibility>0</visibility><LookAt><longitude>-47.294484</longitude><latitude>-11.622607</latitude><altitude>1200.0</altitude><altitudeMode>absolute</altitudeMode></LookAt><styleUrl>#mapDaimonET</styleUrl><Point><coordinates>-47.294484,-11.622607,0</coordinates></Point></Placemark>
<Placemark><name>5732366091</name><visibility>0</visibility><LookAt><longitude>-47.296804</longitude><latitude>-11.627590</latitude><altitude>1200.0</altitude><altitudeMode>absolute</altitudeMode></LookAt><styleUrl>#mapDaimonET</styleUrl><Point><coordinates>-47.296804,-11.627590,0</coordinates></Point></Placemark>
<Placemark><name>5732383091</name><visibility>0</visibility><LookAt><longitude>-47.291135</longitude><latitude>-11.628142</latitude><altitude>1200.0</altitude><altitudeMode>absolute</altitudeMode></LookAt><styleUrl>#mapDaimonET</styleUrl><Point><coordinates>-47.291135,-11.628142,0</coordinates></Point></Placemark>
<Placemark><name>5732382091</name><visibility>0</visibility><LookAt><longitude>-47.301246</longitude><latitude>-11.630771</latitude><altitude>1200.0</altitude><altitudeMode>absolute</altitudeMode></LookAt><styleUrl>#mapDaimonET</styleUrl><Point><coordinates>-47.301246,-11.630771,0</coordinates></Point></Placemark>
<Placemark><name>5710057091</name><visibility>0</visibility><LookAt><longitude>-47.267040</longitude><latitude>-11.602370</latitude><altitude>1200.0</altitude><altitudeMode>absolute</altitudeMode></LookAt><styleUrl>#mapDaimonET</styleUrl><Point><coordinates>-47.267040,-11.602370,0</coordinates></Point></Placemark>
<Placemark><name>5700768091</name><visibility>0</visibility><LookAt><longitude>-47.191787</longitude><latitude>-11.586381</latitude><altitude>1200.0</altitude><altitudeMode>absolute</altitudeMode></LookAt><styleUrl>#mapDaimonET</styleUrl><Point><coordinates>-47.191787,-11.586381,0</coordinates></Point></Placemark>
<Placemark><name>5730132091</name><visibility>0</visibility><LookAt><longitude>-47.200593</longitude><latitude>-11.580269</latitude><altitude>1200.0</altitude><altitudeMode>absolute</altitudeMode></LookAt><styleUrl>#mapDaimonET</styleUrl><Point><coordinates>-47.200593,-11.580269,0</coordinates></Point></Placemark>
<Placemark><name>5747603091</name><visibility>0</visibility><LookAt><longitude>-47.196326</longitude><latitude>-11.583041</latitude><altitude>1200.0</altitude><altitudeMode>absolute</altitudeMode></LookAt><styleUrl>#mapDaimonET</styleUrl><Point><coordinates>-47.196326,-11.583041,0</coordinates></Point></Placemark>
<Placemark><name>5700765091</name><visibility>0</visibility><LookAt><longitude>-47.196568</longitude><latitude>-11.590083</latitude><altitude>1200.0</altitude><altitudeMode>absolute</altitudeMode></LookAt><styleUrl>#mapDaimonET</styleUrl><Point><coordinates>-47.196568,-11.590083,0</coordinates></Point></Placemark>
<Placemark><name>5700777091</name><visibility>0</visibility><LookAt><longitude>-47.189608</longitude><latitude>-11.562523</latitude><altitude>1200.0</altitude><altitudeMode>absolute</altitudeMode></LookAt><styleUrl>#mapDaimonET</styleUrl><Point><coordinates>-47.189608,-11.562523,0</coordinates></Point></Placemark>
<Placemark><name>5739828091</name><visibility>0</visibility><LookAt><longitude>-47.212251</longitude><latitude>-11.553526</latitude><altitude>1200.0</altitude><altitudeMode>absolute</altitudeMode></LookAt><styleUrl>#mapDaimonET</styleUrl><Point><coordinates>-47.212251,-11.553526,0</coordinates></Point></Placemark>
<Placemark><name>5736560091</name><visibility>0</visibility><LookAt><longitude>-47.216449</longitude><latitude>-11.556810</latitude><altitude>1200.0</altitude><altitudeMode>absolute</altitudeMode></LookAt><styleUrl>#mapDaimonET</styleUrl><Point><coordinates>-47.216449,-11.556810,0</coordinates></Point></Placemark>
<Placemark><name>5700767091</name><visibility>0</visibility><LookAt><longitude>-47.199079</longitude><latitude>-11.555594</latitude><altitude>1200.0</altitude><altitudeMode>absolute</altitudeMode></LookAt><styleUrl>#mapDaimonET</styleUrl><Point><coordinates>-47.199079,-11.555594,0</coordinates></Point></Placemark>
<Placemark><name>5732378091</name><visibility>0</visibility><LookAt><longitude>-47.265442</longitude><latitude>-11.620129</latitude><altitude>1200.0</altitude><altitudeMode>absolute</altitudeMode></LookAt><styleUrl>#mapDaimonET</styleUrl><Point><coordinates>-47.265442,-11.620129,0</coordinates></Point></Placemark>
<Placemark><name>5732377091</name><visibility>0</visibility><LookAt><longitude>-47.263530</longitude><latitude>-11.618358</latitude><altitude>1200.0</altitude><altitudeMode>absolute</altitudeMode></LookAt><styleUrl>#mapDaimonET</styleUrl><Point><coordinates>-47.263530,-11.618358,0</coordinates></Point></Placemark>
<Placemark><name>5732376091</name><visibility>0</visibility><LookAt><longitude>-47.270559</longitude><latitude>-11.616115</latitude><altitude>1200.0</altitude><altitudeMode>absolute</altitudeMode></LookAt><styleUrl>#mapDaimonET</styleUrl><Point><coordinates>-47.270559,-11.616115,0</coordinates></Point></Placemark>
<Placemark><name>5732375091</name><visibility>0</visibility><LookAt><longitude>-47.269829</longitude><latitude>-11.614984</latitude><altitude>1200.0</altitude><altitudeMode>absolute</altitudeMode></LookAt><styleUrl>#mapDaimonET</styleUrl><Point><coordinates>-47.269829,-11.614984,0</coordinates></Point></Placemark>
<Placemark><name>5732385091</name><visibility>0</visibility><LookAt><longitude>-47.266751</longitude><latitude>-11.644150</latitude><altitude>1200.0</altitude><altitudeMode>absolute</altitudeMode></LookAt><styleUrl>#mapDaimonET</styleUrl><Point><coordinates>-47.266751,-11.644150,0</coordinates></Point></Placemark>
<Placemark><name>5710094091</name><visibility>0</visibility><LookAt><longitude>-47.306744</longitude><latitude>-11.581062</latitude><altitude>1200.0</altitude><altitudeMode>absolute</altitudeMode></LookAt><styleUrl>#mapDaimonET</styleUrl><Point><coordinates>-47.306744,-11.581062,0</coordinates></Point></Placemark>
<Placemark><name>5764816091</name><visibility>0</visibility><LookAt><longitude>-47.360113</longitude><latitude>-11.611266</latitude><altitude>1200.0</altitude><altitudeMode>absolute</altitudeMode></LookAt><styleUrl>#mapDaimonET</styleUrl><Point><coordinates>-47.360113,-11.611266,0</coordinates></Point></Placemark>
<Placemark><name>5700478091</name><visibility>0</visibility><LookAt><longitude>-47.348382</longitude><latitude>-11.676998</latitude><altitude>1200.0</altitude><altitudeMode>absolute</altitudeMode></LookAt><styleUrl>#mapDaimonET</styleUrl><Point><coordinates>-47.348382,-11.676998,0</coordinates></Point></Placemark>
<Placemark><name>5710018091</name><visibility>0</visibility><LookAt><longitude>-47.389728</longitude><latitude>-11.637413</latitude><altitude>1200.0</altitude><altitudeMode>absolute</altitudeMode></LookAt><styleUrl>#mapDaimonET</styleUrl><Point><coordinates>-47.389728,-11.637413,0</coordinates></Point></Placemark>
<Placemark><name>5700312091</name><visibility>0</visibility><LookAt><longitude>-47.386430</longitude><latitude>-11.640612</latitude><altitude>1200.0</altitude><altitudeMode>absolute</altitudeMode></LookAt><styleUrl>#mapDaimonET</styleUrl><Point><coordinates>-47.386430,-11.640612,0</coordinates></Point></Placemark>
<Placemark><name>5730691091</name><visibility>0</visibility><LookAt><longitude>-47.191122</longitude><latitude>-11.584888</latitude><altitude>1200.0</altitude><altitudeMode>absolute</altitudeMode></LookAt><styleUrl>#mapDaimonET</styleUrl><Point><coordinates>-47.191122,-11.584888,0</coordinates></Point></Placemark>
<Placemark><name>5732372091</name><visibility>0</visibility><LookAt><longitude>-47.266229</longitude><latitude>-11.626927</latitude><altitude>1200.0</altitude><altitudeMode>absolute</altitudeMode></LookAt><styleUrl>#mapDaimonET</styleUrl><Point><coordinates>-47.266229,-11.626927,0</coordinates></Point></Placemark>
<Placemark><name>5732373091</name><visibility>0</visibility><LookAt><longitude>-47.271532</longitude><latitude>-11.625934</latitude><altitude>1200.0</altitude><altitudeMode>absolute</altitudeMode></LookAt><styleUrl>#mapDaimonET</styleUrl><Point><coordinates>-47.271532,-11.625934,0</coordinates></Point></Placemark>
<Placemark><name>5732381091</name><visibility>0</visibility><LookAt><longitude>-47.253672</longitude><latitude>-11.646009</latitude><altitude>1200.0</altitude><altitudeMode>absolute</altitudeMode></LookAt><styleUrl>#mapDaimonET</styleUrl><Point><coordinates>-47.253672,-11.646009,0</coordinates></Point></Placemark>
<Placemark><name>5732380091</name><visibility>0</visibility><LookAt><longitude>-47.261849</longitude><latitude>-11.644847</latitude><altitude>1200.0</altitude><altitudeMode>absolute</altitudeMode></LookAt><styleUrl>#mapDaimonET</styleUrl><Point><coordinates>-47.261849,-11.644847,0</coordinates></Point></Placemark>
<Placemark><name>5710092091</name><visibility>0</visibility><LookAt><longitude>-47.300154</longitude><latitude>-11.583421</latitude><altitude>1200.0</altitude><altitudeMode>absolute</altitudeMode></LookAt><styleUrl>#mapDaimonET</styleUrl><Point><coordinates>-47.300154,-11.583421,0</coordinates></Point></Placemark>
<Placemark><name>5700490091</name><visibility>0</visibility><LookAt><longitude>-47.393672</longitude><latitude>-11.547029</latitude><altitude>1200.0</altitude><altitudeMode>absolute</altitudeMode></LookAt><styleUrl>#mapDaimonET</styleUrl><Point><coordinates>-47.393672,-11.547029,0</coordinates></Point></Placemark>
<Placemark><name>5738646091</name><visibility>0</visibility><LookAt><longitude>-47.364904</longitude><latitude>-11.607304</latitude><altitude>1200.0</altitude><altitudeMode>absolute</altitudeMode></LookAt><styleUrl>#mapDaimonET</styleUrl><Point><coordinates>-47.364904,-11.607304,0</coordinates></Point></Placemark>
<Placemark><name>5700702091</name><visibility>0</visibility><LookAt><longitude>-47.393067</longitude><latitude>-11.561471</latitude><altitude>1200.0</altitude><altitudeMode>absolute</altitudeMode></LookAt><styleUrl>#mapDaimonET</styleUrl><Point><coordinates>-47.393067,-11.561471,0</coordinates></Point></Placemark>
<Placemark><name>5700703091</name><visibility>0</visibility><LookAt><longitude>-47.392532</longitude><latitude>-11.571030</latitude><altitude>1200.0</altitude><altitudeMode>absolute</altitudeMode></LookAt><styleUrl>#mapDaimonET</styleUrl><Point><coordinates>-47.392532,-11.571030,0</coordinates></Point></Placemark>
<Placemark><name>5741312091</name><visibility>0</visibility><LookAt><longitude>-47.333360</longitude><latitude>-11.714087</latitude><altitude>1200.0</altitude><altitudeMode>absolute</altitudeMode></LookAt><styleUrl>#mapDaimonET</styleUrl><Point><coordinates>-47.333360,-11.714087,0</coordinates></Point></Placemark>
<Placemark><name>5715155091</name><visibility>0</visibility><LookAt><longitude>-47.387078</longitude><latitude>-11.666676</latitude><altitude>1200.0</altitude><altitudeMode>absolute</altitudeMode></LookAt><styleUrl>#mapDaimonET</styleUrl><Point><coordinates>-47.387078,-11.666676,0</coordinates></Point></Placemark>
<Placemark><name>5730147091</name><visibility>0</visibility><LookAt><longitude>-47.415725</longitude><latitude>-11.590700</latitude><altitude>1200.0</altitude><altitudeMode>absolute</altitudeMode></LookAt><styleUrl>#mapDaimonET</styleUrl><Point><coordinates>-47.415725,-11.590700,0</coordinates></Point></Placemark>
<Placemark><name>5730146091</name><visibility>0</visibility><LookAt><longitude>-47.419855</longitude><latitude>-11.603070</latitude><altitude>1200.0</altitude><altitudeMode>absolute</altitudeMode></LookAt><styleUrl>#mapDaimonET</styleUrl><Point><coordinates>-47.419855,-11.603070,0</coordinates></Point></Placemark>
<Placemark><name>5738195091</name><visibility>0</visibility><LookAt><longitude>-47.406364</longitude><latitude>-11.621029</latitude><altitude>1200.0</altitude><altitudeMode>absolute</altitudeMode></LookAt><styleUrl>#mapDaimonET</styleUrl><Point><coordinates>-47.406364,-11.621029,0</coordinates></Point></Placemark>
<Placemark><name>5725683091</name><visibility>0</visibility><LookAt><longitude>-47.399546</longitude><latitude>-11.627782</latitude><altitude>1200.0</altitude><altitudeMode>absolute</altitudeMode></LookAt><styleUrl>#mapDaimonET</styleUrl><Point><coordinates>-47.399546,-11.627782,0</coordinates></Point></Placemark>
<Placemark><name>5310024091</name><visibility>0</visibility><LookAt><longitude>-47.365896</longitude><latitude>-11.549286</latitude><altitude>1200.0</altitude><altitudeMode>absolute</altitudeMode></LookAt><styleUrl>#mapDaimonET</styleUrl><Point><coordinates>-47.365896,-11.549286,0</coordinates></Point></Placemark>
<Placemark><name>5700715091</name><visibility>0</visibility><LookAt><longitude>-47.351852</longitude><latitude>-11.584338</latitude><altitude>1200.0</altitude><altitudeMode>absolute</altitudeMode></LookAt><styleUrl>#mapDaimonET</styleUrl><Point><coordinates>-47.351852,-11.584338,0</coordinates></Point></Placemark>
<Placemark><name>5700492091</name><visibility>0</visibility><LookAt><longitude>-47.463029</longitude><latitude>-11.521715</latitude><altitude>1200.0</altitude><altitudeMode>absolute</altitudeMode></LookAt><styleUrl>#mapDaimonET</styleUrl><Point><coordinates>-47.463029,-11.521715,0</coordinates></Point></Placemark>
<Placemark><name>5736534091</name><visibility>0</visibility><LookAt><longitude>-47.388520</longitude><latitude>-11.505899</latitude><altitude>1200.0</altitude><altitudeMode>absolute</altitudeMode></LookAt><styleUrl>#mapDaimonET</styleUrl><Point><coordinates>-47.388520,-11.505899,0</coordinates></Point></Placemark>
<Placemark><name>5736533091</name><visibility>0</visibility><LookAt><longitude>-47.353377</longitude><latitude>-11.487542</latitude><altitude>1200.0</altitude><altitudeMode>absolute</altitudeMode></LookAt><styleUrl>#mapDaimonET</styleUrl><Point><coordinates>-47.353377,-11.487542,0</coordinates></Point></Placemark>
<Placemark><name>5710022091</name><visibility>0</visibility><LookAt><longitude>-47.403648</longitude><latitude>-11.651102</latitude><altitude>1200.0</altitude><altitudeMode>absolute</altitudeMode></LookAt><styleUrl>#mapDaimonET</styleUrl><Point><coordinates>-47.403648,-11.651102,0</coordinates></Point></Placemark>
<Placemark><name>5736817091</name><visibility>0</visibility><LookAt><longitude>-47.426120</longitude><latitude>-11.607693</latitude><altitude>1200.0</altitude><altitudeMode>absolute</altitudeMode></LookAt><styleUrl>#mapDaimonET</styleUrl><Point><coordinates>-47.426120,-11.607693,0</coordinates></Point></Placemark>
<Placemark><name>5750578091</name><visibility>0</visibility><LookAt><longitude>-47.359961</longitude><latitude>-11.579337</latitude><altitude>1200.0</altitude><altitudeMode>absolute</altitudeMode></LookAt><styleUrl>#mapDaimonET</styleUrl><Point><coordinates>-47.359961,-11.579337,0</coordinates></Point></Placemark>
<Placemark><name>5700026028</name><visibility>0</visibility><LookAt><longitude>-47.438455</longitude><latitude>-11.582052</latitude><altitude>1200.0</altitude><altitudeMode>absolute</altitudeMode></LookAt><styleUrl>#mapDaimonET</styleUrl><Point><coordinates>-47.438455,-11.582052,0</coordinates></Point></Placemark>
<Placemark><name>5700494091</name><visibility>0</visibility><LookAt><longitude>-47.410280</longitude><latitude>-11.521844</latitude><altitude>1200.0</altitude><altitudeMode>absolute</altitudeMode></LookAt><styleUrl>#mapDaimonET</styleUrl><Point><coordinates>-47.410280,-11.521844,0</coordinates></Point></Placemark>
<Placemark><name>5726213028</name><visibility>0</visibility><LookAt><longitude>-47.485424</longitude><latitude>-11.464708</latitude><altitude>1200.0</altitude><altitudeMode>absolute</altitudeMode></LookAt><styleUrl>#mapDaimonET</styleUrl><Point><coordinates>-47.485424,-11.464708,0</coordinates></Point></Placemark>
<Placemark><name>5132038028</name><visibility>0</visibility><LookAt><longitude>-47.497493</longitude><latitude>-11.707800</latitude><altitude>1200.0</altitude><altitudeMode>absolute</altitudeMode></LookAt><styleUrl>#mapDaimonET</styleUrl><Point><coordinates>-47.497493,-11.707800,0</coordinates></Point></Placemark>
<Placemark><name>5710019091</name><visibility>0</visibility><LookAt><longitude>-47.434364</longitude><latitude>-11.666476</latitude><altitude>1200.0</altitude><altitudeMode>absolute</altitudeMode></LookAt><styleUrl>#mapDaimonET</styleUrl><Point><coordinates>-47.434364,-11.666476,0</coordinates></Point></Placemark>
<Placemark><name>5732617028</name><visibility>0</visibility><LookAt><longitude>-47.458683</longitude><latitude>-11.629696</latitude><altitude>1200.0</altitude><altitudeMode>absolute</altitudeMode></LookAt><styleUrl>#mapDaimonET</styleUrl><Point><coordinates>-47.458683,-11.629696,0</coordinates></Point></Placemark>
<Placemark><name>5726215028</name><visibility>0</visibility><LookAt><longitude>-47.484827</longitude><latitude>-11.458881</latitude><altitude>1200.0</altitude><altitudeMode>absolute</altitudeMode></LookAt><styleUrl>#mapDaimonET</styleUrl><Point><coordinates>-47.484827,-11.458881,0</coordinates></Point></Placemark>
<Placemark><name>5710013028</name><visibility>0</visibility><LookAt><longitude>-47.478770</longitude><latitude>-11.686163</latitude><altitude>1200.0</altitude><altitudeMode>absolute</altitudeMode></LookAt><styleUrl>#mapDaimonET</styleUrl><Point><coordinates>-47.478770,-11.686163,0</coordinates></Point></Placemark>
<Placemark><name>5700407028</name><visibility>0</visibility><LookAt><longitude>-47.452853</longitude><latitude>-11.665107</latitude><altitude>1200.0</altitude><altitudeMode>absolute</altitudeMode></LookAt><styleUrl>#mapDaimonET</styleUrl><Point><coordinates>-47.452853,-11.665107,0</coordinates></Point></Placemark>
<Placemark><name>5728188028</name><visibility>0</visibility><LookAt><longitude>-47.475647</longitude><latitude>-11.638683</latitude><altitude>1200.0</altitude><altitudeMode>absolute</altitudeMode></LookAt><styleUrl>#mapDaimonET</styleUrl><Point><coordinates>-47.475647,-11.638683,0</coordinates></Point></Placemark>
<Placemark><name>5741210028</name><visibility>0</visibility><LookAt><longitude>-47.471895</longitude><latitude>-11.409419</latitude><altitude>1200.0</altitude><altitudeMode>absolute</altitudeMode></LookAt><styleUrl>#mapDaimonET</styleUrl><Point><coordinates>-47.471895,-11.409419,0</coordinates></Point></Placemark>
<Placemark><name>5357998028</name><visibility>0</visibility><LookAt><longitude>-47.479758</longitude><latitude>-11.644984</latitude><altitude>1200.0</altitude><altitudeMode>absolute</altitudeMode></LookAt><styleUrl>#mapDaimonET</styleUrl><Point><coordinates>-47.479758,-11.644984,0</coordinates></Point></Placemark>
</Folder>
<Folder>
<name>Gerador</name>
<visibility>0</visibility>
</Folder>
<Folder>
<name>Reator</name>
<visibility>0</visibility>
</Folder>
<Folder>
<name>Regulador</name>
<visibility>0</visibility>
<Placemark><name>5843649091</name><visibility>0</visibility><LookAt><longitude>-47.279656</longitude><latitude>-11.573618</latitude><altitude>1200.0</altitude><altitudeMode>absolute</altitudeMode></LookAt><styleUrl>#mapDaimonRegulador</styleUrl><Point><coordinates>-47.279656,-11.573618,0</coordinates></Point></Placemark>
<Placemark><name>5809431091</name><visibility>0</visibility><LookAt><longitude>-47.398514</longitude><latitude>-11.645509</latitude><altitude>1200.0</altitude><altitudeMode>absolute</altitudeMode></LookAt><styleUrl>#mapDaimonRegulador</styleUrl><Point><coordinates>-47.398514,-11.645509,0</coordinates></Point></Placemark>
</Folder>
<Folder>
<name>Transformador</name>
<visibility>0</visibility>
</Folder>
<Folder>
<name>Trecho</name>
<Placemark><name>3597517</name><styleUrl>#styleDaimonCIRCUITO43TRECHO</styleUrl><LineString><coordinates>-47.156827,-11.562160,0 -47.156636,-11.561595,0</coordinates></LineString></Placemark>
<Placemark><name>12109972</name><styleUrl>#styleDaimonCIRCUITO43TRECHO</styleUrl><LineString><coordinates>-47.258396,-11.576706,0 -47.258429,-11.576701,0</coordinates></LineString></Placemark>
<Placemark><name>3369233</name><styleUrl>#styleDaimonCIRCUITO43TRECHO</styleUrl><LineString><coordinates>-47.258429,-11.576701,0 -47.259550,-11.576572,0</coordinates></LineString></Placemark>
<Placemark><name>3393075</name><styleUrl>#styleDaimonCIRCUITO43TRECHO</styleUrl><LineString><coordinates>-47.257566,-11.576855,0 -47.258396,-11.576706,0</coordinates></LineString></Placemark>
<Placemark><name>3369232</name><styleUrl>#styleDaimonCIRCUITO43TRECHO</styleUrl><LineString><coordinates>-47.259550,-11.576572,0 -47.260518,-11.576422,0</coordinates></LineString></Placemark>
<Placemark><name>3393076</name><styleUrl>#styleDaimonCIRCUITO43TRECHO</styleUrl><LineString><coordinates>-47.256678,-11.576932,0 -47.257566,-11.576855,0</coordinates></LineString></Placemark>
<Placemark><name>3478107</name><styleUrl>#styleDaimonCIRCUITO43TRECHO</styleUrl><LineString><coordinates>-47.260518,-11.576422,0 -47.261554,-11.576197,0</coordinates></LineString></Placemark>
<Placemark><name>3393077</name><styleUrl>#styleDaimonCIRCUITO43TRECHO</styleUrl><LineString><coordinates>-47.255762,-11.577085,0 -47.256678,-11.576932,0</coordinates></LineString></Placemark>
<Placemark><name>3385239</name><styleUrl>#styleDaimonCIRCUITO43TRECHO</styleUrl><LineString><coordinates>-47.261554,-11.576197,0 -47.262670,-11.576029,0</coordinates></LineString></Placemark>
<Placemark><name>3467241</name><styleUrl>#styleDaimonCIRCUITO43TRECHO</styleUrl><LineString><coordinates>-47.254836,-11.577210,0 -47.255762,-11.577085,0</coordinates></LineString></Placemark>
<Placemark><name>12110893</name><styleUrl>#styleDaimonCIRCUITO43TRECHO</styleUrl><LineString><coordinates>-47.262670,-11.576029,0 -47.262703,-11.576024,0</coordinates></LineString></Placemark>
<Placemark><name>3467242</name><styleUrl>#styleDaimonCIRCUITO43TRECHO</styleUrl><LineString><coordinates>-47.253989,-11.577316,0 -47.254836,-11.577210,0</coordinates></LineString></Placemark>
<Placemark><name>3385243</name><styleUrl>#styleDaimonCIRCUITO43TRECHO</styleUrl><LineString><coordinates>-47.262703,-11.576024,0 -47.264021,-11.575825,0</coordinates></LineString></Placemark>
<Placemark><name>12109973</name><styleUrl>#styleDaimonCIRCUITO43TRECHO</styleUrl><LineString><coordinates>-47.253955,-11.577320,0 -47.253989,-11.577316,0</coordinates></LineString></Placemark>
<Placemark><name>12056182</name><styleUrl>#styleDaimonCIRCUITO43TRECHO</styleUrl><LineString><coordinates>-47.264021,-11.575825,0 -47.264029,-11.575841,0</coordinates></LineString></Placemark>
<Placemark><name>3090278</name><styleUrl>#styleDaimonCIRCUITO43TRECHO</styleUrl><LineString><coordinates>-47.264021,-11.575825,0 -47.264898,-11.575700,0</coordinates></LineString></Placemark>
<Placemark><name>3467243</name><styleUrl>#styleDaimonCIRCUITO43TRECHO</styleUrl><LineString><coordinates>-47.252849,-11.577469,0 -47.253955,-11.577320,0</coordinates></LineString></Placemark>
<Placemark><name>3385244</name><styleUrl>#styleDaimonCIRCUITO43TRECHO</styleUrl><LineString><coordinates>-47.264029,-11.575841,0 -47.264440,-11.576657,0</coordinates></LineString></Placemark>
<Placemark><name>3090279</name><styleUrl>#styleDaimonCIRCUITO43TRECHO</styleUrl><LineString><coordinates>-47.264898,-11.575700,0 -47.266014,-11.575539,0</coordinates></LineString></Placemark>
<Placemark><name>3467244</name><styleUrl>#styleDaimonCIRCUITO43TRECHO</styleUrl><LineString><coordinates>-47.251958,-11.577640,0 -47.252849,-11.577469,0</coordinates></LineString></Placemark>
<Placemark><name>3090283</name><styleUrl>#styleDaimonCIRCUITO43TRECHO</styleUrl><LineString><coordinates>-47.266014,-11.575539,0 -47.266695,-11.575444,0</coordinates></LineString></Placemark>
<Placemark><name>3467245</name><styleUrl>#styleDaimonCIRCUITO43TRECHO</styleUrl><LineString><coordinates>-47.250842,-11.577804,0 -47.251958,-11.577640,0</coordinates></LineString></Placemark>
<Placemark><name>12110894</name><styleUrl>#styleDaimonCIRCUITO43TRECHO</styleUrl><LineString><coordinates>-47.266695,-11.575444,0 -47.266729,-11.575439,0</coordinates></LineString></Placemark>
<Placemark><name>3467246</name><styleUrl>#styleDaimonCIRCUITO43TRECHO</styleUrl><LineString><coordinates>-47.249720,-11.578026,0 -47.250842,-11.577804,0</coordinates></LineString></Placemark>
<Placemark><name>3090284</name><styleUrl>#styleDaimonCIRCUITO43TRECHO</styleUrl><LineString><coordinates>-47.266729,-11.575439,0 -47.267732,-11.575309,0</coordinates></LineString></Placemark>
<Placemark><name>3098310</name><styleUrl>#styleDaimonCIRCUITO43TRECHO</styleUrl><LineString><coordinates>-47.248832,-11.578135,0 -47.249720,-11.578026,0</coordinates></LineString></Placemark>
<Placemark><name>2574805</name><styleUrl>#styleDaimonCIRCUITO43TRECHO</styleUrl><LineString><coordinates>-47.267732,-11.575309,0 -47.268637,-11.575166,0</coordinates></LineString></Placemark>
<Placemark><name>3098311</name><styleUrl>#styleDaimonCIRCUITO43TRECHO</styleUrl><LineString><coordinates>-47.248188,-11.578238,0 -47.248832,-11.578135,0</coordinates></LineString></Placemark>
<Placemark><name>2574806</name><styleUrl>#styleDaimonCIRCUITO43TRECHO</styleUrl><LineString><coordinates>-47.268637,-11.575166,0 -47.270079,-11.574974,0</coordinates></LineString></Placemark>
<Placemark><name>12110417</name><styleUrl>#styleDaimonCIRCUITO43TRECHO</styleUrl><LineString><coordinates>-47.248154,-11.578243,0 -47.248188,-11.578238,0</coordinates></LineString></Placemark>
<Placemark><name>12088947</name><styleUrl>#styleDaimonCIRCUITO43TRECHO</styleUrl><LineString><coordinates>-47.270079,-11.574974,0 -47.270113,-11.574970,0</coordinates></LineString></Placemark>
<Placemark><name>3098312</name><styleUrl>#styleDaimonCIRCUITO43TRECHO</styleUrl><LineString><coordinates>-47.246768,-11.578422,0 -47.248154,-11.578243,0</coordinates></LineString></Placemark>
<Placemark><name>2574807</name><styleUrl>#styleDaimonCIRCUITO43TRECHO</styleUrl><LineString><coordinates>-47.270113,-11.574970,0 -47.271130,-11.574835,0</coordinates></LineString></Placemark>
<Placemark><name>3478119</name><styleUrl>#styleDaimonCIRCUITO43TRECHO</styleUrl><LineString><coordinates>-47.245670,-11.578548,0 -47.246768,-11.578422,0</coordinates></LineString></Placemark>
<Placemark><name>2574808</name><styleUrl>#styleDaimonCIRCUITO43TRECHO</styleUrl><LineString><coordinates>-47.271130,-11.574835,0 -47.272281,-11.574661,0</coordinates></LineString></Placemark>
<Placemark><name>3478120</name><styleUrl>#styleDaimonCIRCUITO43TRECHO</styleUrl><LineString><coordinates>-47.245009,-11.578645,0 -47.245670,-11.578548,0</coordinates></LineString></Placemark>
<Placemark><name>2574871</name><styleUrl>#styleDaimonCIRCUITO43TRECHO</styleUrl><LineString><coordinates>-47.272281,-11.574661,0 -47.273408,-11.574513,0</coordinates></LineString></Placemark>
<Placemark><name>3637657</name><styleUrl>#styleDaimonCIRCUITO43TRECHO</styleUrl><LineString><coordinates>-47.244462,-11.578713,0 -47.245009,-11.578645,0</coordinates></LineString></Placemark>
<Placemark><name>2574872</name><styleUrl>#styleDaimonCIRCUITO43TRECHO</styleUrl><LineString><coordinates>-47.273408,-11.574513,0 -47.274407,-11.574368,0</coordinates></LineString></Placemark>
<Placemark><name>3637660</name><styleUrl>#styleDaimonCIRCUITO43TRECHO</styleUrl><LineString><coordinates>-47.243916,-11.578781,0 -47.244462,-11.578713,0</coordinates></LineString></Placemark>
<Placemark><name>2574873</name><styleUrl>#styleDaimonCIRCUITO43TRECHO</styleUrl><LineString><coordinates>-47.274407,-11.574368,0 -47.275241,-11.574277,0</coordinates></LineString></Placemark>
<Placemark><name>3478121</name><styleUrl>#styleDaimonCIRCUITO43TRECHO</styleUrl><LineString><coordinates>-47.242989,-11.578912,0 -47.243916,-11.578781,0</coordinates></LineString></Placemark>
<Placemark><name>2574874</name><styleUrl>#styleDaimonCIRCUITO43TRECHO</styleUrl><LineString><coordinates>-47.275241,-11.574277,0 -47.276611,-11.574031,0</coordinates></LineString></Placemark>
<Placemark><name>3478123</name><styleUrl>#styleDaimonCIRCUITO43TRECHO</styleUrl><LineString><coordinates>-47.241863,-11.579037,0 -47.242989,-11.578912,0</coordinates></LineString></Placemark>
<Placemark><name>3369226</name><styleUrl>#styleDaimonCIRCUITO43TRECHO</styleUrl><LineString><coordinates>-47.240783,-11.579219,0 -47.241863,-11.579037,0</coordinates></LineString></Placemark>
<Placemark><name>3369227</name><styleUrl>#styleDaimonCIRCUITO43TRECHO</styleUrl><LineString><coordinates>-47.239659,-11.579354,0 -47.240783,-11.579219,0</coordinates></LineString></Placemark>
<Placemark><name>12110418</name><styleUrl>#styleDaimonCIRCUITO43TRECHO</styleUrl><LineString><coordinates>-47.239625,-11.579358,0 -47.239659,-11.579354,0</coordinates></LineString></Placemark>
<Placemark><name>3369228</name><styleUrl>#styleDaimonCIRCUITO43TRECHO</styleUrl><LineString><coordinates>-47.238575,-11.579538,0 -47.239625,-11.579358,0</coordinates></LineString></Placemark>
<Placemark><name>3369229</name><styleUrl>#styleDaimonCIRCUITO43TRECHO</styleUrl><LineString><coordinates>-47.237669,-11.579677,0 -47.238575,-11.579538,0</coordinates></LineString></Placemark>
<Placemark><name>3369230</name><styleUrl>#styleDaimonCIRCUITO43TRECHO</styleUrl><LineString><coordinates>-47.236538,-11.579814,0 -47.237669,-11.579677,0</coordinates></LineString></Placemark>
<Placemark><name>3369231</name><styleUrl>#styleDaimonCIRCUITO43TRECHO</styleUrl><LineString><coordinates>-47.235517,-11.580021,0 -47.236538,-11.579814,0</coordinates></LineString></Placemark>
<Placemark><name>3222387</name><styleUrl>#styleDaimonCIRCUITO43TRECHO</styleUrl><LineString><coordinates>-47.234323,-11.580195,0 -47.235517,-11.580021,0</coordinates></LineString></Placemark>
<Placemark><name>12106374</name><styleUrl>#styleDaimonCIRCUITO43TRECHO</styleUrl><LineString><coordinates>-47.234289,-11.580199,0 -47.234323,-11.580195,0</coordinates></LineString></Placemark>
<Placemark><name>3468387</name><styleUrl>#styleDaimonCIRCUITO43TRECHO</styleUrl><LineString><coordinates>-47.233427,-11.580295,0 -47.234289,-11.580199,0</coordinates></LineString></Placemark>
<Placemark><name>3394440</name><styleUrl>#styleDaimonCIRCUITO43TRECHO</styleUrl><LineString><coordinates>-47.232513,-11.580435,0 -47.233427,-11.580295,0</coordinates></LineString></Placemark>
<Placemark><name>3394439</name><styleUrl>#styleDaimonCIRCUITO43TRECHO</styleUrl><LineString><coordinates>-47.231404,-11.580550,0 -47.232513,-11.580435,0</coordinates></LineString></Placemark>
<Placemark><name>2586787</name><styleUrl>#styleDaimonCIRCUITO43TRECHO</styleUrl><LineString><coordinates>-47.230257,-11.580728,0 -47.231404,-11.580550,0</coordinates></LineString></Placemark>
<Placemark><name>3394441</name><styleUrl>#styleDaimonCIRCUITO43TRECHO</styleUrl><LineString><coordinates>-47.229384,-11.580859,0 -47.230257,-11.580728,0</coordinates></LineString></Placemark>
<Placemark><name>2671272</name><styleUrl>#styleDaimonCIRCUITO43TRECHO</styleUrl><LineString><coordinates>-47.228226,-11.581019,0 -47.229384,-11.580859,0</coordinates></LineString></Placemark>
<Placemark><name>3468385</name><styleUrl>#styleDaimonCIRCUITO43TRECHO</styleUrl><LineString><coordinates>-47.227147,-11.581161,0 -47.228226,-11.581019,0</coordinates></LineString></Placemark>
<Placemark><name>12106373</name><styleUrl>#styleDaimonCIRCUITO43TRECHO</styleUrl><LineString><coordinates>-47.227113,-11.581165,0 -47.227147,-11.581161,0</coordinates></LineString></Placemark>
<Placemark><name>3468386</name><styleUrl>#styleDaimonCIRCUITO43TRECHO</styleUrl><LineString><coordinates>-47.226164,-11.581305,0 -47.227113,-11.581165,0</coordinates></LineString></Placemark>
<Placemark><name>2671274</name><styleUrl>#styleDaimonCIRCUITO43TRECHO</styleUrl><LineString><coordinates>-47.224205,-11.581594,0 -47.226164,-11.581305,0</coordinates></LineString></Placemark>
<Placemark><name>2671273</name><styleUrl>#styleDaimonCIRCUITO43TRECHO</styleUrl><LineString><coordinates>-47.223003,-11.581780,0 -47.224205,-11.581594,0</coordinates></LineString></Placemark>
<Placemark><name>2583050</name><styleUrl>#styleDaimonCIRCUITO43TRECHO</styleUrl><LineString><coordinates>-47.221364,-11.581992,0 -47.223003,-11.581780,0</coordinates></LineString></Placemark>
<Placemark><name>3369225</name><styleUrl>#styleDaimonCIRCUITO43TRECHO</styleUrl><LineString><coordinates>-47.220422,-11.582138,0 -47.221364,-11.581992,0</coordinates></LineString></Placemark>
<Placemark><name>12106372</name><styleUrl>#styleDaimonCIRCUITO43TRECHO</styleUrl><LineString><coordinates>-47.220388,-11.582143,0 -47.220422,-11.582138,0</coordinates></LineString></Placemark>
<Placemark><name>3468135</name><styleUrl>#styleDaimonCIRCUITO43TRECHO</styleUrl><LineString><coordinates>-47.218149,-11.582460,0 -47.220388,-11.582143,0</coordinates></LineString></Placemark>
<Placemark><name>12106371</name><styleUrl>#styleDaimonCIRCUITO43TRECHO</styleUrl><LineString><coordinates>-47.218116,-11.582465,0 -47.218149,-11.582460,0</coordinates></LineString></Placemark>
<Placemark><name>3468134</name><styleUrl>#styleDaimonCIRCUITO43TRECHO</styleUrl><LineString><coordinates>-47.216260,-11.582698,0 -47.218116,-11.582465,0</coordinates></LineString></Placemark>
<Placemark><name>12106370</name><styleUrl>#styleDaimonCIRCUITO43TRECHO</styleUrl><LineString><coordinates>-47.216227,-11.582697,0 -47.216260,-11.582698,0</coordinates></LineString></Placemark>
<Placemark><name>3467927</name><styleUrl>#styleDaimonCIRCUITO43TRECHO</styleUrl><LineString><coordinates>-47.215567,-11.582599,0 -47.216227,-11.582697,0</coordinates></LineString></Placemark>
<Placemark><name>12106369</name><styleUrl>#styleDaimonCIRCUITO43TRECHO</styleUrl><LineString><coordinates>-47.215535,-11.582590,0 -47.215567,-11.582599,0</coordinates></LineString></Placemark>
<Placemark><name>3467926</name><styleUrl>#styleDaimonCIRCUITO43TRECHO</styleUrl><LineString><coordinates>-47.213817,-11.581766,0 -47.215535,-11.582590,0</coordinates></LineString></Placemark>
<Placemark><name>12106368</name><styleUrl>#styleDaimonCIRCUITO43TRECHO</styleUrl><LineString><coordinates>-47.213785,-11.581755,0 -47.213817,-11.581766,0</coordinates></LineString></Placemark>
<Placemark><name>3467925</name><styleUrl>#styleDaimonCIRCUITO43TRECHO</styleUrl><LineString><coordinates>-47.212955,-11.581493,0 -47.213785,-11.581755,0</coordinates></LineString></Placemark>
<Placemark><name>3386960</name><styleUrl>#styleDaimonCIRCUITO43TRECHO</styleUrl><LineString><coordinates>-47.211881,-11.581113,0 -47.212955,-11.581493,0</coordinates></LineString></Placemark>
<Placemark><name>3386959</name><styleUrl>#styleDaimonCIRCUITO43TRECHO</styleUrl><LineString><coordinates>-47.211039,-11.580837,0 -47.211881,-11.581113,0</coordinates></LineString></Placemark>
<Placemark><name>3368791</name><styleUrl>#styleDaimonCIRCUITO43TRECHO</styleUrl><LineString><coordinates>-47.209931,-11.580484,0 -47.211039,-11.580837,0</coordinates></LineString></Placemark>
<Placemark><name>3368790</name><styleUrl>#styleDaimonCIRCUITO43TRECHO</styleUrl><LineString><coordinates>-47.208883,-11.580112,0 -47.209931,-11.580484,0</coordinates></LineString></Placemark>
<Placemark><name>3368789</name><styleUrl>#styleDaimonCIRCUITO43TRECHO</styleUrl><LineString><coordinates>-47.207816,-11.579737,0 -47.208883,-11.580112,0</coordinates></LineString></Placemark>
<Placemark><name>3376659</name><styleUrl>#styleDaimonCIRCUITO43TRECHO</styleUrl><LineString><coordinates>-47.206764,-11.579388,0 -47.207816,-11.579737,0</coordinates></LineString></Placemark>
<Placemark><name>12106367</name><styleUrl>#styleDaimonCIRCUITO43TRECHO</styleUrl><LineString><coordinates>-47.206731,-11.579379,0 -47.206764,-11.579388,0</coordinates></LineString></Placemark>
<Placemark><name>3376658</name><styleUrl>#styleDaimonCIRCUITO43TRECHO</styleUrl><LineString><coordinates>-47.205888,-11.579099,0 -47.206731,-11.579379,0</coordinates></LineString></Placemark>
<Placemark><name>3378205</name><styleUrl>#styleDaimonCIRCUITO43TRECHO</styleUrl><LineString><coordinates>-47.205029,-11.578802,0 -47.205888,-11.579099,0</coordinates></LineString></Placemark>
<Placemark><name>3378204</name><styleUrl>#styleDaimonCIRCUITO43TRECHO</styleUrl><LineString><coordinates>-47.204183,-11.578536,0 -47.205029,-11.578802,0</coordinates></LineString></Placemark>
<Placemark><name>3378203</name><styleUrl>#styleDaimonCIRCUITO43TRECHO</styleUrl><LineString><coordinates>-47.202912,-11.578106,0 -47.204183,-11.578536,0</coordinates></LineString></Placemark>
<Placemark><name>3468140</name><styleUrl>#styleDaimonCIRCUITO43TRECHO</styleUrl><LineString><coordinates>-47.201856,-11.577766,0 -47.202912,-11.578106,0</coordinates></LineString></Placemark>
<Placemark><name>3468141</name><styleUrl>#styleDaimonCIRCUITO43TRECHO</styleUrl><LineString><coordinates>-47.200739,-11.577378,0 -47.201856,-11.577766,0</coordinates></LineString></Placemark>
<Placemark><name>3468138</name><styleUrl>#styleDaimonCIRCUITO43TRECHO</styleUrl><LineString><coordinates>-47.199724,-11.577026,0 -47.200739,-11.577378,0</coordinates></LineString></Placemark>
<Placemark><name>3468137</name><styleUrl>#styleDaimonCIRCUITO43TRECHO</styleUrl><LineString><coordinates>-47.198678,-11.576656,0 -47.199724,-11.577026,0</coordinates></LineString></Placemark>
<Placemark><name>12109841</name><styleUrl>#styleDaimonCIRCUITO43TRECHO</styleUrl><LineString><coordinates>-47.198646,-11.576645,0 -47.198678,-11.576656,0</coordinates></LineString></Placemark>
<Placemark><name>3637655</name><styleUrl>#styleDaimonCIRCUITO43TRECHO</styleUrl><LineString><coordinates>-47.198076,-11.576457,0 -47.198646,-11.576645,0</coordinates></LineString></Placemark>
<Placemark><name>3637652</name><styleUrl>#styleDaimonCIRCUITO43TRECHO</styleUrl><LineString><coordinates>-47.197579,-11.576294,0 -47.198076,-11.576457,0</coordinates></LineString></Placemark>
<Placemark><name>3535385</name><styleUrl>#styleDaimonCIRCUITO43TRECHO</styleUrl><LineString><coordinates>-47.196527,-11.575940,0 -47.197579,-11.576294,0</coordinates></LineString></Placemark>
<Placemark><name>3535220</name><styleUrl>#styleDaimonCIRCUITO43TRECHO</styleUrl><LineString><coordinates>-47.195441,-11.575596,0 -47.196527,-11.575940,0</coordinates></LineString></Placemark>
<Placemark><name>3535219</name><styleUrl>#styleDaimonCIRCUITO43TRECHO</styleUrl><LineString><coordinates>-47.194390,-11.575221,0 -47.195441,-11.575596,0</coordinates></LineString></Placemark>
<Placemark><name>3535218</name><styleUrl>#styleDaimonCIRCUITO43TRECHO</styleUrl><LineString><coordinates>-47.193589,-11.574956,0 -47.194390,-11.575221,0</coordinates></LineString></Placemark>
<Placemark><name>3535217</name><styleUrl>#styleDaimonCIRCUITO43TRECHO</styleUrl><LineString><coordinates>-47.192252,-11.574530,0 -47.193589,-11.574956,0</coordinates></LineString></Placemark>
<Placemark><name>3535216</name><styleUrl>#styleDaimonCIRCUITO43TRECHO</styleUrl><LineString><coordinates>-47.191197,-11.574158,0 -47.192252,-11.574530,0</coordinates></LineString></Placemark>
<Placemark><name>12106258</name><styleUrl>#styleDaimonCIRCUITO43TRECHO</styleUrl><LineString><coordinates>-47.191166,-11.574145,0 -47.191197,-11.574158,0</coordinates></LineString></Placemark>
<Placemark><name>2574705</name><styleUrl>#styleDaimonCIRCUITO43TRECHO</styleUrl><LineString><coordinates>-47.189960,-11.573615,0 -47.191166,-11.574145,0</coordinates></LineString></Placemark>
<Placemark><name>12109848</name><styleUrl>#styleDaimonCIRCUITO43TRECHO</styleUrl><LineString><coordinates>-47.189928,-11.573603,0 -47.189960,-11.573615,0</coordinates></LineString></Placemark>
<Placemark><name>2573754</name><styleUrl>#styleDaimonCIRCUITO43TRECHO</styleUrl><LineString><coordinates>-47.188855,-11.573252,0 -47.189928,-11.573603,0</coordinates></LineString></Placemark>
<Placemark><name>2573753</name><styleUrl>#styleDaimonCIRCUITO43TRECHO</styleUrl><LineString><coordinates>-47.187991,-11.572989,0 -47.188855,-11.573252,0</coordinates></LineString></Placemark>
<Placemark><name>3468145</name><styleUrl>#styleDaimonCIRCUITO43TRECHO</styleUrl><LineString><coordinates>-47.186937,-11.572632,0 -47.187991,-11.572989,0</coordinates></LineString></Placemark>
<Placemark><name>3468144</name><styleUrl>#styleDaimonCIRCUITO43TRECHO</styleUrl><LineString><coordinates>-47.185857,-11.572324,0 -47.186937,-11.572632,0</coordinates></LineString></Placemark>
<Placemark><name>2673170</name><styleUrl>#styleDaimonCIRCUITO43TRECHO</styleUrl><LineString><coordinates>-47.184832,-11.571939,0 -47.185857,-11.572324,0</coordinates></LineString></Placemark>
<Placemark><name>12106355</name><styleUrl>#styleDaimonCIRCUITO43TRECHO</styleUrl><LineString><coordinates>-47.184804,-11.571922,0 -47.184832,-11.571939,0</coordinates></LineString></Placemark>
<Placemark><name>3535093</name><styleUrl>#styleDaimonCIRCUITO43TRECHO</styleUrl><LineString><coordinates>-47.183750,-11.570887,0 -47.184804,-11.571922,0</coordinates></LineString></Placemark>
<Placemark><name>12106267</name><styleUrl>#styleDaimonCIRCUITO43TRECHO</styleUrl><LineString><coordinates>-47.183726,-11.570863,0 -47.183750,-11.570887,0</coordinates></LineString></Placemark>
<Placemark><name>2584942</name><styleUrl>#styleDaimonCIRCUITO43TRECHO</styleUrl><LineString><coordinates>-47.182525,-11.569582,0 -47.183726,-11.570863,0</coordinates></LineString></Placemark>
<Placemark><name>12106147</name><styleUrl>#styleDaimonCIRCUITO43TRECHO</styleUrl><LineString><coordinates>-47.182501,-11.569557,0 -47.182525,-11.569582,0</coordinates></LineString></Placemark>
<Placemark><name>2584943</name><styleUrl>#styleDaimonCIRCUITO43TRECHO</styleUrl><LineString><coordinates>-47.181628,-11.568681,0 -47.182501,-11.569557,0</coordinates></LineString></Placemark>
<Placemark><name>12054777</name><styleUrl>#styleDaimonCIRCUITO43TRECHO</styleUrl><LineString><coordinates>-47.181628,-11.568681,0 -47.181616,-11.568693,0</coordinates></LineString></Placemark>
<Placemark><name>2584945</name><styleUrl>#styleDaimonCIRCUITO43TRECHO</styleUrl><LineString><coordinates>-47.181064,-11.568085,0 -47.181628,-11.568681,0</coordinates></LineString></Placemark>
<Placemark><name>2584944</name><styleUrl>#styleDaimonCIRCUITO43TRECHO</styleUrl><LineString><coordinates>-47.181616,-11.568693,0 -47.181447,-11.568860,0</coordinates></LineString></Placemark>
<Placemark><name>2672939</name><styleUrl>#styleDaimonCIRCUITO43TRECHO</styleUrl><LineString><coordinates>-47.180388,-11.567368,0 -47.181064,-11.568085,0</coordinates></LineString></Placemark>
<Placemark><name>2672940</name><styleUrl>#styleDaimonCIRCUITO43TRECHO</styleUrl><LineString><coordinates>-47.179661,-11.566604,0 -47.180388,-11.567368,0</coordinates></LineString></Placemark>
<Placemark><name>2672938</name><styleUrl>#styleDaimonCIRCUITO43TRECHO</styleUrl><LineString><coordinates>-47.178974,-11.565970,0 -47.179661,-11.566604,0</coordinates></LineString></Placemark>
<Placemark><name>12172442</name><styleUrl>#styleDaimonCIRCUITO43TRECHO</styleUrl><LineString><coordinates>-47.178974,-11.565970,0 -47.178989,-11.565962,0</coordinates></LineString></Placemark>
<Placemark><name>2672655</name><styleUrl>#styleDaimonCIRCUITO43TRECHO</styleUrl><LineString><coordinates>-47.178176,-11.565156,0 -47.178974,-11.565970,0</coordinates></LineString></Placemark>
<Placemark><name>2672941</name><styleUrl>#styleDaimonCIRCUITO43TRECHO</styleUrl><LineString><coordinates>-47.178989,-11.565962,0 -47.179204,-11.565823,0</coordinates></LineString></Placemark>
<Placemark><name>2672654</name><styleUrl>#styleDaimonCIRCUITO43TRECHO</styleUrl><LineString><coordinates>-47.177386,-11.564372,0 -47.178176,-11.565156,0</coordinates></LineString></Placemark>
<Placemark><name>3536214</name><styleUrl>#styleDaimonCIRCUITO43TRECHO</styleUrl><LineString><coordinates>-47.176629,-11.563560,0 -47.177386,-11.564372,0</coordinates></LineString></Placemark>
<Placemark><name>2672943</name><styleUrl>#styleDaimonCIRCUITO43TRECHO</styleUrl><LineString><coordinates>-47.175836,-11.562722,0 -47.176629,-11.563560,0</coordinates></LineString></Placemark>
<Placemark><name>2672945</name><styleUrl>#styleDaimonCIRCUITO43TRECHO</styleUrl><LineString><coordinates>-47.175058,-11.561925,0 -47.175836,-11.562722,0</coordinates></LineString></Placemark>
<Placemark><name>12110421</name><styleUrl>#styleDaimonCIRCUITO43TRECHO</styleUrl><LineString><coordinates>-47.175031,-11.561908,0 -47.175058,-11.561925,0</coordinates></LineString></Placemark>
<Placemark><name>2673166</name><styleUrl>#styleDaimonCIRCUITO43TRECHO</styleUrl><LineString><coordinates>-47.173763,-11.561440,0 -47.175031,-11.561908,0</coordinates></LineString></Placemark>
<Placemark><name>2574081</name><styleUrl>#styleDaimonCIRCUITO43TRECHO</styleUrl><LineString><coordinates>-47.172107,-11.560781,0 -47.173763,-11.561440,0</coordinates></LineString></Placemark>
<Placemark><name>12110420</name><styleUrl>#styleDaimonCIRCUITO43TRECHO</styleUrl><LineString><coordinates>-47.172076,-11.560767,0 -47.172107,-11.560781,0</coordinates></LineString></Placemark>
<Placemark><name>12169694</name><styleUrl>#styleDaimonCIRCUITO43TRECHO</styleUrl><LineString><coordinates>-47.172076,-11.560767,0 -47.172100,-11.560760,0</coordinates></LineString></Placemark>
<Placemark><name>2589119</name><styleUrl>#styleDaimonCIRCUITO43TRECHO</styleUrl><LineString><coordinates>-47.170236,-11.560049,0 -47.172076,-11.560767,0</coordinates></LineString></Placemark>
<Placemark><name>2673167</name><styleUrl>#styleDaimonCIRCUITO43TRECHO</styleUrl><LineString><coordinates>-47.172100,-11.560760,0 -47.172251,-11.560507,0</coordinates></LineString></Placemark>
<Placemark><name>2574080</name><styleUrl>#styleDaimonCIRCUITO43TRECHO</styleUrl><LineString><coordinates>-47.169488,-11.559757,0 -47.170236,-11.560049,0</coordinates></LineString></Placemark>
<Placemark><name>12110419</name><styleUrl>#styleDaimonCIRCUITO43TRECHO</styleUrl><LineString><coordinates>-47.169455,-11.559750,0 -47.169488,-11.559757,0</coordinates></LineString></Placemark>
<Placemark><name>2574079</name><styleUrl>#styleDaimonCIRCUITO43TRECHO</styleUrl><LineString><coordinates>-47.168846,-11.559737,0 -47.169455,-11.559750,0</coordinates></LineString></Placemark>
<Placemark><name>2574078</name><styleUrl>#styleDaimonCIRCUITO43TRECHO</styleUrl><LineString><coordinates>-47.167802,-11.559651,0 -47.168846,-11.559737,0</coordinates></LineString></Placemark>
<Placemark><name>2574293</name><styleUrl>#styleDaimonCIRCUITO43TRECHO</styleUrl><LineString><coordinates>-47.166681,-11.559541,0 -47.167802,-11.559651,0</coordinates></LineString></Placemark>
<Placemark><name>2574156</name><styleUrl>#styleDaimonCIRCUITO43TRECHO</styleUrl><LineString><coordinates>-47.165548,-11.559423,0 -47.166681,-11.559541,0</coordinates></LineString></Placemark>
<Placemark><name>2574155</name><styleUrl>#styleDaimonCIRCUITO43TRECHO</styleUrl><LineString><coordinates>-47.164423,-11.559368,0 -47.165548,-11.559423,0</coordinates></LineString></Placemark>
<Placemark><name>2583051</name><styleUrl>#styleDaimonCIRCUITO43TRECHO</styleUrl><LineString><coordinates>-47.163294,-11.559245,0 -47.164423,-11.559368,0</coordinates></LineString></Placemark>
<Placemark><name>3376370</name><styleUrl>#styleDaimonCIRCUITO43TRECHO</styleUrl><LineString><coordinates>-47.162112,-11.559210,0 -47.163294,-11.559245,0</coordinates></LineString></Placemark>
<Placemark><name>3541261</name><styleUrl>#styleDaimonCIRCUITO43TRECHO</styleUrl><LineString><coordinates>-47.161030,-11.559110,0 -47.162112,-11.559210,0</coordinates></LineString></Placemark>
<Placemark><name>12089397</name><styleUrl>#styleDaimonCIRCUITO43TRECHO</styleUrl><LineString><coordinates>-47.160997,-11.559111,0 -47.161030,-11.559110,0</coordinates></LineString></Placemark>
<Placemark><name>3541516</name><styleUrl>#styleDaimonCIRCUITO43TRECHO</styleUrl><LineString><coordinates>-47.159380,-11.559332,0 -47.160997,-11.559111,0</coordinates></LineString></Placemark>
<Placemark><name>12086763</name><styleUrl>#styleDaimonCIRCUITO43TRECHO</styleUrl><LineString><coordinates>-47.159355,-11.559348,0 -47.159380,-11.559332,0</coordinates></LineString></Placemark>
<Placemark><name>3541515</name><styleUrl>#styleDaimonCIRCUITO43TRECHO</styleUrl><LineString><coordinates>-47.159081,-11.559744,0 -47.159355,-11.559348,0</coordinates></LineString></Placemark>
<Placemark><name>3541514</name><styleUrl>#styleDaimonCIRCUITO43TRECHO</styleUrl><LineString><coordinates>-47.158601,-11.560408,0 -47.159081,-11.559744,0</coordinates></LineString></Placemark>
<Placemark><name>12086762</name><styleUrl>#styleDaimonCIRCUITO43TRECHO</styleUrl><LineString><coordinates>-47.158578,-11.560433,0 -47.158601,-11.560408,0</coordinates></LineString></Placemark>
<Placemark><name>2665640</name><styleUrl>#styleDaimonCIRCUITO43TRECHO</styleUrl><LineString><coordinates>-47.157508,-11.561019,0 -47.158578,-11.560433,0</coordinates></LineString></Placemark>
<Placemark><name>2681103</name><styleUrl>#styleDaimonCIRCUITO43TRECHO</styleUrl><LineString><coordinates>-47.156936,-11.561361,0 -47.157508,-11.561019,0</coordinates></LineString></Placemark>
<Placemark><name>12095725</name><styleUrl>#styleDaimonCIRCUITO43TRECHO</styleUrl><LineString><coordinates>-47.156906,-11.561380,0 -47.156936,-11.561361,0</coordinates></LineString></Placemark>
<Placemark><name>2681102</name><styleUrl>#styleDaimonCIRCUITO43TRECHO</styleUrl><LineString><coordinates>-47.156663,-11.561574,0 -47.156906,-11.561380,0</coordinates></LineString></Placemark>
<Placemark><name>12049045</name><styleUrl>#styleDaimonCIRCUITO43TRECHO</styleUrl><LineString><coordinates>-47.182654,-11.575660,0 -47.182646,-11.575687,0</coordinates></LineString></Placemark>
<Placemark><name>2671641</name><styleUrl>#styleDaimonCIRCUITO43TRECHO</styleUrl><LineString><coordinates>-47.182646,-11.575687,0 -47.182669,-11.575939,0</coordinates></LineString></Placemark>
<Placemark><name>2671640</name><styleUrl>#styleDaimonCIRCUITO43TRECHO</styleUrl><LineString><coordinates>-47.183553,-11.574745,0 -47.182654,-11.575660,0</coordinates></LineString></Placemark>
<Placemark><name>2671642</name><styleUrl>#styleDaimonCIRCUITO43TRECHO</styleUrl><LineString><coordinates>-47.182669,-11.575939,0 -47.182690,-11.576786,0</coordinates></LineString></Placemark>
<Placemark><name>3537151</name><styleUrl>#styleDaimonCIRCUITO43TRECHO</styleUrl><LineString><coordinates>-47.184017,-11.574218,0 -47.183553,-11.574745,0</coordinates></LineString></Placemark>
<Placemark><name>39659551</name><styleUrl>#styleDaimonCIRCUITO43TRECHO</styleUrl><LineString><coordinates>-47.182690,-11.576786,0 -47.182661,-11.576789,0</coordinates></LineString></Placemark>
<Placemark><name>2671643</name><styleUrl>#styleDaimonCIRCUITO43TRECHO</styleUrl><LineString><coordinates>-47.182690,-11.576786,0 -47.182684,-11.577980,0</coordinates></LineString></Placemark>
<Placemark><name>2585169</name><styleUrl>#styleDaimonCIRCUITO43TRECHO</styleUrl><LineString><coordinates>-47.184566,-11.573641,0 -47.184017,-11.574218,0</coordinates></LineString></Placemark>
<Placemark><name>39659561</name><styleUrl>#styleDaimonCIRCUITO43TRECHO</styleUrl><LineString><coordinates>-47.182661,-11.576789,0 -47.182394,-11.576794,0</coordinates></LineString></Placemark>
<Placemark><name>12049046</name><styleUrl>#styleDaimonCIRCUITO43TRECHO</styleUrl><LineString><coordinates>-47.184578,-11.573629,0 -47.184566,-11.573641,0</coordinates></LineString></Placemark>
<Placemark><name>2585170</name><styleUrl>#styleDaimonCIRCUITO43TRECHO</styleUrl><LineString><coordinates>-47.184578,-11.573629,0 -47.185642,-11.574315,0</coordinates></LineString></Placemark>
<Placemark><name>2585168</name><styleUrl>#styleDaimonCIRCUITO43TRECHO</styleUrl><LineString><coordinates>-47.183726,-11.573122,0 -47.184578,-11.573629,0</coordinates></LineString></Placemark>
<Placemark><name>3535265</name><styleUrl>#styleDaimonCIRCUITO43TRECHO</styleUrl><LineString><coordinates>-47.182687,-11.572469,0 -47.183726,-11.573122,0</coordinates></LineString></Placemark>
<Placemark><name>3535264</name><styleUrl>#styleDaimonCIRCUITO43TRECHO</styleUrl><LineString><coordinates>-47.181750,-11.571884,0 -47.182687,-11.572469,0</coordinates></LineString></Placemark>
<Placemark><name>3535263</name><styleUrl>#styleDaimonCIRCUITO43TRECHO</styleUrl><LineString><coordinates>-47.180853,-11.571118,0 -47.181750,-11.571884,0</coordinates></LineString></Placemark>
<Placemark><name>2584950</name><styleUrl>#styleDaimonCIRCUITO43TRECHO</styleUrl><LineString><coordinates>-47.179962,-11.570343,0 -47.180853,-11.571118,0</coordinates></LineString></Placemark>
<Placemark><name>12049043</name><styleUrl>#styleDaimonCIRCUITO43TRECHO</styleUrl><LineString><coordinates>-47.179939,-11.570344,0 -47.179962,-11.570343,0</coordinates></LineString></Placemark>
<Placemark><name>12049044</name><styleUrl>#styleDaimonCIRCUITO43TRECHO</styleUrl><LineString><coordinates>-47.179962,-11.570319,0 -47.179939,-11.570344,0</coordinates></LineString></Placemark>
<Placemark><name>2584951</name><styleUrl>#styleDaimonCIRCUITO43TRECHO</styleUrl><LineString><coordinates>-47.179939,-11.570344,0 -47.179643,-11.570632,0</coordinates></LineString></Placemark>
<Placemark><name>2584948</name><styleUrl>#styleDaimonCIRCUITO43TRECHO</styleUrl><LineString><coordinates>-47.180542,-11.569738,0 -47.179962,-11.570319,0</coordinates></LineString></Placemark>
<Placemark><name>3653819</name><styleUrl>#styleDaimonCIRCUITO43TRECHO</styleUrl><LineString><coordinates>-47.179643,-11.570632,0 -47.179466,-11.570803,0</coordinates></LineString></Placemark>
<Placemark><name>12048934</name><styleUrl>#styleDaimonCIRCUITO43TRECHO</styleUrl><LineString><coordinates>-47.180566,-11.569714,0 -47.180542,-11.569738,0</coordinates></LineString></Placemark>
<Placemark><name>2584949</name><styleUrl>#styleDaimonCIRCUITO43TRECHO</styleUrl><LineString><coordinates>-47.180848,-11.569437,0 -47.180566,-11.569714,0</coordinates></LineString></Placemark>
<Placemark><name>2584946</name><styleUrl>#styleDaimonCIRCUITO43TRECHO</styleUrl><LineString><coordinates>-47.181388,-11.568918,0 -47.180848,-11.569437,0</coordinates></LineString></Placemark>
<Placemark><name>2672942</name><styleUrl>#styleDaimonCIRCUITO43TRECHO</styleUrl><LineString><coordinates>-47.180190,-11.565178,0 -47.181171,-11.564586,0</coordinates></LineString></Placemark>
<Placemark><name>60755965</name><styleUrl>#styleDaimonCIRCUITO43TRECHO</styleUrl><LineString><coordinates>-47.180190,-11.565178,0 -47.180174,-11.565160,0</coordinates></LineString></Placemark>
<Placemark><name>2575156</name><styleUrl>#styleDaimonCIRCUITO43TRECHO</styleUrl><LineString><coordinates>-47.179302,-11.565759,0 -47.180190,-11.565178,0</coordinates></LineString></Placemark>
<Placemark><name>2575157</name><styleUrl>#styleDaimonCIRCUITO43TRECHO</styleUrl><LineString><coordinates>-47.180174,-11.565160,0 -47.179881,-11.564811,0</coordinates></LineString></Placemark>
<Placemark><name>12169465</name><styleUrl>#styleDaimonCIRCUITO43TRECHO</styleUrl><LineString><coordinates>-47.179881,-11.564811,0 -47.179887,-11.564795,0</coordinates></LineString></Placemark>
<Placemark><name>2583772</name><styleUrl>#styleDaimonCIRCUITO43TRECHO</styleUrl><LineString><coordinates>-47.179881,-11.564811,0 -47.179181,-11.563999,0</coordinates></LineString></Placemark>
<Placemark><name>2583773</name><styleUrl>#styleDaimonCIRCUITO43TRECHO</styleUrl><LineString><coordinates>-47.179887,-11.564795,0 -47.180169,-11.564018,0</coordinates></LineString></Placemark>
<Placemark><name>2574719</name><styleUrl>#styleDaimonCIRCUITO43TRECHO</styleUrl><LineString><coordinates>-47.180169,-11.564018,0 -47.180311,-11.563592,0</coordinates></LineString></Placemark>
<Placemark><name>2574718</name><styleUrl>#styleDaimonCIRCUITO43TRECHO</styleUrl><LineString><coordinates>-47.180311,-11.563592,0 -47.180459,-11.563133,0</coordinates></LineString></Placemark>
<Placemark><name>3478122</name><styleUrl>#styleDaimonCIRCUITO43TRECHO</styleUrl><LineString><coordinates>-47.180459,-11.563133,0 -47.180633,-11.562657,0</coordinates></LineString></Placemark>
<Placemark><name>3468143</name><styleUrl>#styleDaimonCIRCUITO43TRECHO</styleUrl><LineString><coordinates>-47.202156,-11.576913,0 -47.202343,-11.576375,0</coordinates></LineString></Placemark>
<Placemark><name>3468142</name><styleUrl>#styleDaimonCIRCUITO43TRECHO</styleUrl><LineString><coordinates>-47.201887,-11.577681,0 -47.202156,-11.576913,0</coordinates></LineString></Placemark>
<Placemark><name>3657283</name><styleUrl>#styleDaimonCIRCUITO43TRECHO</styleUrl><LineString><coordinates>-47.275935,-11.559487,0 -47.276836,-11.559361,0</coordinates></LineString></Placemark>
<Placemark><name>3657544</name><styleUrl>#styleDaimonCIRCUITO43TRECHO</styleUrl><LineString><coordinates>-47.276836,-11.559361,0 -47.277955,-11.559206,0</coordinates></LineString></Placemark>
<Placemark><name>3657539</name><styleUrl>#styleDaimonCIRCUITO43TRECHO</styleUrl><LineString><coordinates>-47.275010,-11.559615,0 -47.275935,-11.559487,0</coordinates></LineString></Placemark>
<Placemark><name>3657557</name><styleUrl>#styleDaimonCIRCUITO43TRECHO</styleUrl><LineString><coordinates>-47.277955,-11.559206,0 -47.278908,-11.559073,0</coordinates></LineString></Placemark>
<Placemark><name>12177580</name><styleUrl>#styleDaimonCIRCUITO43TRECHO</styleUrl><LineString><coordinates>-47.274982,-11.559619,0 -47.275010,-11.559615,0</coordinates></LineString></Placemark>
<Placemark><name>3657284</name><styleUrl>#styleDaimonCIRCUITO43TRECHO</styleUrl><LineString><coordinates>-47.278908,-11.559073,0 -47.279846,-11.558943,0</coordinates></LineString></Placemark>
<Placemark><name>3657550</name><styleUrl>#styleDaimonCIRCUITO43TRECHO</styleUrl><LineString><coordinates>-47.273970,-11.559760,0 -47.274982,-11.559619,0</coordinates></LineString></Placemark>
<Placemark><name>3657551</name><styleUrl>#styleDaimonCIRCUITO43TRECHO</styleUrl><LineString><coordinates>-47.279846,-11.558943,0 -47.280517,-11.558590,0</coordinates></LineString></Placemark>
<Placemark><name>3657549</name><styleUrl>#styleDaimonCIRCUITO43TRECHO</styleUrl><LineString><coordinates>-47.273160,-11.559871,0 -47.273970,-11.559760,0</coordinates></LineString></Placemark>
<Placemark><name>3657545</name><styleUrl>#styleDaimonCIRCUITO43TRECHO</styleUrl><LineString><coordinates>-47.280517,-11.558590,0 -47.281245,-11.558209,0</coordinates></LineString></Placemark>
<Placemark><name>3657556</name><styleUrl>#styleDaimonCIRCUITO43TRECHO</styleUrl><LineString><coordinates>-47.272124,-11.560016,0 -47.273160,-11.559871,0</coordinates></LineString></Placemark>
<Placemark><name>3657282</name><styleUrl>#styleDaimonCIRCUITO43TRECHO</styleUrl><LineString><coordinates>-47.271130,-11.560155,0 -47.272124,-11.560016,0</coordinates></LineString></Placemark>
<Placemark><name>3657559</name><styleUrl>#styleDaimonCIRCUITO43TRECHO</styleUrl><LineString><coordinates>-47.269874,-11.560329,0 -47.271130,-11.560155,0</coordinates></LineString></Placemark>
<Placemark><name>12177579</name><styleUrl>#styleDaimonCIRCUITO43TRECHO</styleUrl><LineString><coordinates>-47.269846,-11.560332,0 -47.269874,-11.560329,0</coordinates></LineString></Placemark>
<Placemark><name>3657543</name><styleUrl>#styleDaimonCIRCUITO43TRECHO</styleUrl><LineString><coordinates>-47.268943,-11.560472,0 -47.269846,-11.560332,0</coordinates></LineString></Placemark>
<Placemark><name>3657281</name><styleUrl>#styleDaimonCIRCUITO43TRECHO</styleUrl><LineString><coordinates>-47.267915,-11.560613,0 -47.268943,-11.560472,0</coordinates></LineString></Placemark>
<Placemark><name>3657538</name><styleUrl>#styleDaimonCIRCUITO43TRECHO</styleUrl><LineString><coordinates>-47.266627,-11.560801,0 -47.267915,-11.560613,0</coordinates></LineString></Placemark>
<Placemark><name>12177581</name><styleUrl>#styleDaimonCIRCUITO43TRECHO</styleUrl><LineString><coordinates>-47.266615,-11.560813,0 -47.266627,-11.560801,0</coordinates></LineString></Placemark>
<Placemark><name>3657555</name><styleUrl>#styleDaimonCIRCUITO43TRECHO</styleUrl><LineString><coordinates>-47.266316,-11.561801,0 -47.266615,-11.560813,0</coordinates></LineString></Placemark>
<Placemark><name>3657548</name><styleUrl>#styleDaimonCIRCUITO43TRECHO</styleUrl><LineString><coordinates>-47.266001,-11.562781,0 -47.266316,-11.561801,0</coordinates></LineString></Placemark>
<Placemark><name>3657280</name><styleUrl>#styleDaimonCIRCUITO43TRECHO</styleUrl><LineString><coordinates>-47.265648,-11.563869,0 -47.266001,-11.562781,0</coordinates></LineString></Placemark>
<Placemark><name>3657552</name><styleUrl>#styleDaimonCIRCUITO43TRECHO</styleUrl><LineString><coordinates>-47.265393,-11.564768,0 -47.265648,-11.563869,0</coordinates></LineString></Placemark>
<Placemark><name>12177582</name><styleUrl>#styleDaimonCIRCUITO43TRECHO</styleUrl><LineString><coordinates>-47.265384,-11.564786,0 -47.265393,-11.564768,0</coordinates></LineString></Placemark>
<Placemark><name>3657542</name><styleUrl>#styleDaimonCIRCUITO43TRECHO</styleUrl><LineString><coordinates>-47.264848,-11.565528,0 -47.265384,-11.564786,0</coordinates></LineString></Placemark>
<Placemark><name>3657279</name><styleUrl>#styleDaimonCIRCUITO43TRECHO</styleUrl><LineString><coordinates>-47.264289,-11.566288,0 -47.264848,-11.565528,0</coordinates></LineString></Placemark>
<Placemark><name>3657554</name><styleUrl>#styleDaimonCIRCUITO43TRECHO</styleUrl><LineString><coordinates>-47.263739,-11.567039,0 -47.264289,-11.566288,0</coordinates></LineString></Placemark>
<Placemark><name>3657547</name><styleUrl>#styleDaimonCIRCUITO43TRECHO</styleUrl><LineString><coordinates>-47.263151,-11.567844,0 -47.263739,-11.567039,0</coordinates></LineString></Placemark>
<Placemark><name>3657278</name><styleUrl>#styleDaimonCIRCUITO43TRECHO</styleUrl><LineString><coordinates>-47.262582,-11.568622,0 -47.263151,-11.567844,0</coordinates></LineString></Placemark>
<Placemark><name>3657541</name><styleUrl>#styleDaimonCIRCUITO43TRECHO</styleUrl><LineString><coordinates>-47.262045,-11.569398,0 -47.262582,-11.568622,0</coordinates></LineString></Placemark>
<Placemark><name>3657537</name><styleUrl>#styleDaimonCIRCUITO43TRECHO</styleUrl><LineString><coordinates>-47.261544,-11.570117,0 -47.262045,-11.569398,0</coordinates></LineString></Placemark>
<Placemark><name>12177583</name><styleUrl>#styleDaimonCIRCUITO43TRECHO</styleUrl><LineString><coordinates>-47.261540,-11.570137,0 -47.261544,-11.570117,0</coordinates></LineString></Placemark>
<Placemark><name>3657277</name><styleUrl>#styleDaimonCIRCUITO43TRECHO</styleUrl><LineString><coordinates>-47.261757,-11.570841,0 -47.261540,-11.570137,0</coordinates></LineString></Placemark>
<Placemark><name>3657553</name><styleUrl>#styleDaimonCIRCUITO43TRECHO</styleUrl><LineString><coordinates>-47.262020,-11.571656,0 -47.261757,-11.570841,0</coordinates></LineString></Placemark>
<Placemark><name>3657546</name><styleUrl>#styleDaimonCIRCUITO43TRECHO</styleUrl><LineString><coordinates>-47.262221,-11.572417,0 -47.262020,-11.571656,0</coordinates></LineString></Placemark>
<Placemark><name>3657558</name><styleUrl>#styleDaimonCIRCUITO43TRECHO</styleUrl><LineString><coordinates>-47.262451,-11.573206,0 -47.262221,-11.572417,0</coordinates></LineString></Placemark>
<Placemark><name>12177578</name><styleUrl>#styleDaimonCIRCUITO43TRECHO</styleUrl><LineString><coordinates>-47.262464,-11.573222,0 -47.262451,-11.573206,0</coordinates></LineString></Placemark>
<Placemark><name>3657276</name><styleUrl>#styleDaimonCIRCUITO43TRECHO</styleUrl><LineString><coordinates>-47.263461,-11.574139,0 -47.262464,-11.573222,0</coordinates></LineString></Placemark>
<Placemark><name>3657540</name><styleUrl>#styleDaimonCIRCUITO43TRECHO</styleUrl><LineString><coordinates>-47.264076,-11.574734,0 -47.263461,-11.574139,0</coordinates></LineString></Placemark>
<Placemark><name>3657285</name><styleUrl>#styleDaimonCIRCUITO43TRECHO</styleUrl><LineString><coordinates>-47.264866,-11.575493,0 -47.264076,-11.574734,0</coordinates></LineString></Placemark>
<Placemark><name>12177577</name><styleUrl>#styleDaimonCIRCUITO43TRECHO</styleUrl><LineString><coordinates>-47.264876,-11.575511,0 -47.264866,-11.575493,0</coordinates></LineString></Placemark>
<Placemark><name>3657275</name><styleUrl>#styleDaimonCIRCUITO43TRECHO</styleUrl><LineString><coordinates>-47.264896,-11.575682,0 -47.264876,-11.575511,0</coordinates></LineString></Placemark>
<Placemark><name>3535094</name><styleUrl>#styleDaimonCIRCUITO43TRECHO</styleUrl><LineString><coordinates>-47.185883,-11.572187,0 -47.186122,-11.570947,0</coordinates></LineString></Placemark>
<Placemark><name>3535095</name><styleUrl>#styleDaimonCIRCUITO43TRECHO</styleUrl><LineString><coordinates>-47.186122,-11.570947,0 -47.186290,-11.569970,0</coordinates></LineString></Placemark>
<Placemark><name>2573759</name><styleUrl>#styleDaimonCIRCUITO43TRECHO</styleUrl><LineString><coordinates>-47.186290,-11.569970,0 -47.186498,-11.569053,0</coordinates></LineString></Placemark>
<Placemark><name>12171842</name><styleUrl>#styleDaimonCIRCUITO43TRECHO</styleUrl><LineString><coordinates>-47.186498,-11.569053,0 -47.186487,-11.569040,0</coordinates></LineString></Placemark>
<Placemark><name>2573760</name><styleUrl>#styleDaimonCIRCUITO43TRECHO</styleUrl><LineString><coordinates>-47.186498,-11.569053,0 -47.186741,-11.567881,0</coordinates></LineString></Placemark>
<Placemark><name>2673171</name><styleUrl>#styleDaimonCIRCUITO43TRECHO</styleUrl><LineString><coordinates>-47.186487,-11.569040,0 -47.185778,-11.568091,0</coordinates></LineString></Placemark>
<Placemark><name>2584940</name><styleUrl>#styleDaimonCIRCUITO43TRECHO</styleUrl><LineString><coordinates>-47.185778,-11.568091,0 -47.185236,-11.567219,0</coordinates></LineString></Placemark>
<Placemark><name>2970135</name><styleUrl>#styleDaimonCIRCUITO43TRECHO</styleUrl><LineString><coordinates>-47.278060,-11.615392,0 -47.278777,-11.616013,0</coordinates></LineString></Placemark>
<Placemark><name>2970138</name><styleUrl>#styleDaimonCIRCUITO43TRECHO</styleUrl><LineString><coordinates>-47.278777,-11.616013,0 -47.279685,-11.616805,0</coordinates></LineString></Placemark>
<Placemark><name>2970149</name><styleUrl>#styleDaimonCIRCUITO43TRECHO</styleUrl><LineString><coordinates>-47.277263,-11.614674,0 -47.278060,-11.615392,0</coordinates></LineString></Placemark>
<Placemark><name>2970142</name><styleUrl>#styleDaimonCIRCUITO43TRECHO</styleUrl><LineString><coordinates>-47.279685,-11.616805,0 -47.280532,-11.617522,0</coordinates></LineString></Placemark>
<Placemark><name>2970152</name><styleUrl>#styleDaimonCIRCUITO43TRECHO</styleUrl><LineString><coordinates>-47.276379,-11.613980,0 -47.277263,-11.614674,0</coordinates></LineString></Placemark>
<Placemark><name>2969879</name><styleUrl>#styleDaimonCIRCUITO43TRECHO</styleUrl><LineString><coordinates>-47.280532,-11.617522,0 -47.281258,-11.618488,0</coordinates></LineString></Placemark>
<Placemark><name>2969880</name><styleUrl>#styleDaimonCIRCUITO43TRECHO</styleUrl><LineString><coordinates>-47.275392,-11.613190,0 -47.276379,-11.613980,0</coordinates></LineString></Placemark>
<Placemark><name>2970151</name><styleUrl>#styleDaimonCIRCUITO43TRECHO</styleUrl><LineString><coordinates>-47.281258,-11.618488,0 -47.282192,-11.619632,0</coordinates></LineString></Placemark>
<Placemark><name>2970143</name><styleUrl>#styleDaimonCIRCUITO43TRECHO</styleUrl><LineString><coordinates>-47.274412,-11.612440,0 -47.275392,-11.613190,0</coordinates></LineString></Placemark>
<Placemark><name>12065416</name><styleUrl>#styleDaimonCIRCUITO43TRECHO</styleUrl><LineString><coordinates>-47.282192,-11.619632,0 -47.282212,-11.619628,0</coordinates></LineString></Placemark>
<Placemark><name>2970148</name><styleUrl>#styleDaimonCIRCUITO43TRECHO</styleUrl><LineString><coordinates>-47.282192,-11.619632,0 -47.282919,-11.620540,0</coordinates></LineString></Placemark>
<Placemark><name>2970139</name><styleUrl>#styleDaimonCIRCUITO43TRECHO</styleUrl><LineString><coordinates>-47.273628,-11.611797,0 -47.274412,-11.612440,0</coordinates></LineString></Placemark>
<Placemark><name>3590295</name><styleUrl>#styleDaimonCIRCUITO43TRECHO</styleUrl><LineString><coordinates>-47.282212,-11.619628,0 -47.282265,-11.619619,0</coordinates></LineString></Placemark>
<Placemark><name>12065427</name><styleUrl>#styleDaimonCIRCUITO43TRECHO</styleUrl><LineString><coordinates>-47.282919,-11.620540,0 -47.282931,-11.620569,0</coordinates></LineString></Placemark>
<Placemark><name>2970136</name><styleUrl>#styleDaimonCIRCUITO43TRECHO</styleUrl><LineString><coordinates>-47.272674,-11.611096,0 -47.273628,-11.611797,0</coordinates></LineString></Placemark>
<Placemark><name>55637554</name><styleUrl>#styleDaimonCIRCUITO43TRECHO</styleUrl><LineString><coordinates>-47.282265,-11.619619,0 -47.282262,-11.619599,0</coordinates></LineString></Placemark>
<Placemark><name>3589740</name><styleUrl>#styleDaimonCIRCUITO43TRECHO</styleUrl><LineString><coordinates>-47.282931,-11.620569,0 -47.283454,-11.622060,0</coordinates></LineString></Placemark>
<Placemark><name>2970150</name><styleUrl>#styleDaimonCIRCUITO43TRECHO</styleUrl><LineString><coordinates>-47.271674,-11.610298,0 -47.272674,-11.611096,0</coordinates></LineString></Placemark>
<Placemark><name>12065423</name><styleUrl>#styleDaimonCIRCUITO43TRECHO</styleUrl><LineString><coordinates>-47.283454,-11.622060,0 -47.283439,-11.622070,0</coordinates></LineString></Placemark>
<Placemark><name>2969882</name><styleUrl>#styleDaimonCIRCUITO43TRECHO</styleUrl><LineString><coordinates>-47.283454,-11.622060,0 -47.283879,-11.623286,0</coordinates></LineString></Placemark>
<Placemark><name>2970153</name><styleUrl>#styleDaimonCIRCUITO43TRECHO</styleUrl><LineString><coordinates>-47.270529,-11.609442,0 -47.271674,-11.610298,0</coordinates></LineString></Placemark>
<Placemark><name>3590294</name><styleUrl>#styleDaimonCIRCUITO43TRECHO</styleUrl><LineString><coordinates>-47.283439,-11.622070,0 -47.283237,-11.622210,0</coordinates></LineString></Placemark>
<Placemark><name>2969881</name><styleUrl>#styleDaimonCIRCUITO43TRECHO</styleUrl><LineString><coordinates>-47.269377,-11.609140,0 -47.270529,-11.609442,0</coordinates></LineString></Placemark>
<Placemark><name>12065431</name><styleUrl>#styleDaimonCIRCUITO43TRECHO</styleUrl><LineString><coordinates>-47.283237,-11.622210,0 -47.283215,-11.622237,0</coordinates></LineString></Placemark>
<Placemark><name>2970144</name><styleUrl>#styleDaimonCIRCUITO43TRECHO</styleUrl><LineString><coordinates>-47.268608,-11.608435,0 -47.269377,-11.609140,0</coordinates></LineString></Placemark>
<Placemark><name>3589741</name><styleUrl>#styleDaimonCIRCUITO43TRECHO</styleUrl><LineString><coordinates>-47.283215,-11.622237,0 -47.282861,-11.623094,0</coordinates></LineString></Placemark>
<Placemark><name>2970140</name><styleUrl>#styleDaimonCIRCUITO43TRECHO</styleUrl><LineString><coordinates>-47.267959,-11.607842,0 -47.268608,-11.608435,0</coordinates></LineString></Placemark>
<Placemark><name>3590303</name><styleUrl>#styleDaimonCIRCUITO43TRECHO</styleUrl><LineString><coordinates>-47.282861,-11.623094,0 -47.282512,-11.623938,0</coordinates></LineString></Placemark>
<Placemark><name>2970146</name><styleUrl>#styleDaimonCIRCUITO43TRECHO</styleUrl><LineString><coordinates>-47.267721,-11.606777,0 -47.267959,-11.607842,0</coordinates></LineString></Placemark>
<Placemark><name>3589994</name><styleUrl>#styleDaimonCIRCUITO43TRECHO</styleUrl><LineString><coordinates>-47.282512,-11.623938,0 -47.282177,-11.624748,0</coordinates></LineString></Placemark>
<Placemark><name>2970154</name><styleUrl>#styleDaimonCIRCUITO43TRECHO</styleUrl><LineString><coordinates>-47.267477,-11.605577,0 -47.267721,-11.606777,0</coordinates></LineString></Placemark>
<Placemark><name>3590002</name><styleUrl>#styleDaimonCIRCUITO43TRECHO</styleUrl><LineString><coordinates>-47.282177,-11.624748,0 -47.281871,-11.625492,0</coordinates></LineString></Placemark>
<Placemark><name>2970137</name><styleUrl>#styleDaimonCIRCUITO43TRECHO</styleUrl><LineString><coordinates>-47.267225,-11.604271,0 -47.267477,-11.605577,0</coordinates></LineString></Placemark>
<Placemark><name>3589985</name><styleUrl>#styleDaimonCIRCUITO43TRECHO</styleUrl><LineString><coordinates>-47.281871,-11.625492,0 -47.281501,-11.626017,0</coordinates></LineString></Placemark>
<Placemark><name>2970145</name><styleUrl>#styleDaimonCIRCUITO43TRECHO</styleUrl><LineString><coordinates>-47.266883,-11.603089,0 -47.267225,-11.604271,0</coordinates></LineString></Placemark>
<Placemark><name>2970147</name><styleUrl>#styleDaimonCIRCUITO43TRECHO</styleUrl><LineString><coordinates>-47.266573,-11.601940,0 -47.266883,-11.603089,0</coordinates></LineString></Placemark>
<Placemark><name>2970141</name><styleUrl>#styleDaimonCIRCUITO43TRECHO</styleUrl><LineString><coordinates>-47.266920,-11.601751,0 -47.266573,-11.601940,0</coordinates></LineString></Placemark>
<Placemark><name>12049331</name><styleUrl>#styleDaimonCIRCUITO43TRECHO</styleUrl><LineString><coordinates>-47.266948,-11.601745,0 -47.266920,-11.601751,0</coordinates></LineString></Placemark>
<Placemark><name>3668865</name><styleUrl>#styleDaimonCIRCUITO43TRECHO</styleUrl><LineString><coordinates>-47.266948,-11.601745,0 -47.266937,-11.601754,0</coordinates></LineString></Placemark>
<Placemark><name>2676946</name><styleUrl>#styleDaimonCIRCUITO43TRECHO</styleUrl><LineString><coordinates>-47.267031,-11.601155,0 -47.266948,-11.601745,0</coordinates></LineString></Placemark>
<Placemark><name>12040171</name><styleUrl>#styleDaimonCIRCUITO43TRECHO</styleUrl><LineString><coordinates>-47.267031,-11.601155,0 -47.267014,-11.601153,0</coordinates></LineString></Placemark>
<Placemark><name>2676945</name><styleUrl>#styleDaimonCIRCUITO43TRECHO</styleUrl><LineString><coordinates>-47.267115,-11.600508,0 -47.267031,-11.601155,0</coordinates></LineString></Placemark>
<Placemark><name>2676949</name><styleUrl>#styleDaimonCIRCUITO43TRECHO</styleUrl><LineString><coordinates>-47.267014,-11.601153,0 -47.265507,-11.601005,0</coordinates></LineString></Placemark>
<Placemark><name>2574803</name><styleUrl>#styleDaimonCIRCUITO43TRECHO</styleUrl><LineString><coordinates>-47.267312,-11.599411,0 -47.267115,-11.600508,0</coordinates></LineString></Placemark>
<Placemark><name>2676950</name><styleUrl>#styleDaimonCIRCUITO43TRECHO</styleUrl><LineString><coordinates>-47.265507,-11.601005,0 -47.264096,-11.600883,0</coordinates></LineString></Placemark>
<Placemark><name>3081394</name><styleUrl>#styleDaimonCIRCUITO43TRECHO</styleUrl><LineString><coordinates>-47.267518,-11.597477,0 -47.267312,-11.599411,0</coordinates></LineString></Placemark>
<Placemark><name>2676948</name><styleUrl>#styleDaimonCIRCUITO43TRECHO</styleUrl><LineString><coordinates>-47.264096,-11.600883,0 -47.262877,-11.600758,0</coordinates></LineString></Placemark>
<Placemark><name>3081393</name><styleUrl>#styleDaimonCIRCUITO43TRECHO</styleUrl><LineString><coordinates>-47.267693,-11.596093,0 -47.267518,-11.597477,0</coordinates></LineString></Placemark>
<Placemark><name>2676947</name><styleUrl>#styleDaimonCIRCUITO43TRECHO</styleUrl><LineString><coordinates>-47.262877,-11.600758,0 -47.261552,-11.600923,0</coordinates></LineString></Placemark>
<Placemark><name>3081392</name><styleUrl>#styleDaimonCIRCUITO43TRECHO</styleUrl><LineString><coordinates>-47.267815,-11.595053,0 -47.267693,-11.596093,0</coordinates></LineString></Placemark>
<Placemark><name>3081170</name><styleUrl>#styleDaimonCIRCUITO43TRECHO</styleUrl><LineString><coordinates>-47.267971,-11.593838,0 -47.267815,-11.595053,0</coordinates></LineString></Placemark>
<Placemark><name>3081402</name><styleUrl>#styleDaimonCIRCUITO43TRECHO</styleUrl><LineString><coordinates>-47.268111,-11.592600,0 -47.267971,-11.593838,0</coordinates></LineString></Placemark>
<Placemark><name>3081400</name><styleUrl>#styleDaimonCIRCUITO43TRECHO</styleUrl><LineString><coordinates>-47.268250,-11.591662,0 -47.268111,-11.592600,0</coordinates></LineString></Placemark>
<Placemark><name>3081396</name><styleUrl>#styleDaimonCIRCUITO43TRECHO</styleUrl><LineString><coordinates>-47.268405,-11.590606,0 -47.268250,-11.591662,0</coordinates></LineString></Placemark>
<Placemark><name>3081395</name><styleUrl>#styleDaimonCIRCUITO43TRECHO</styleUrl><LineString><coordinates>-47.268557,-11.589283,0 -47.268405,-11.590606,0</coordinates></LineString></Placemark>
<Placemark><name>3206768</name><styleUrl>#styleDaimonCIRCUITO43TRECHO</styleUrl><LineString><coordinates>-47.268703,-11.588052,0 -47.268557,-11.589283,0</coordinates></LineString></Placemark>
<Placemark><name>3206764</name><styleUrl>#styleDaimonCIRCUITO43TRECHO</styleUrl><LineString><coordinates>-47.268884,-11.586703,0 -47.268703,-11.588052,0</coordinates></LineString></Placemark>
<Placemark><name>3206763</name><styleUrl>#styleDaimonCIRCUITO43TRECHO</styleUrl><LineString><coordinates>-47.269027,-11.585480,0 -47.268884,-11.586703,0</coordinates></LineString></Placemark>
<Placemark><name>12056183</name><styleUrl>#styleDaimonCIRCUITO43TRECHO</styleUrl><LineString><coordinates>-47.269021,-11.585448,0 -47.269027,-11.585480,0</coordinates></LineString></Placemark>
<Placemark><name>3206762</name><styleUrl>#styleDaimonCIRCUITO43TRECHO</styleUrl><LineString><coordinates>-47.268517,-11.584441,0 -47.269021,-11.585448,0</coordinates></LineString></Placemark>
<Placemark><name>3206760</name><styleUrl>#styleDaimonCIRCUITO43TRECHO</styleUrl><LineString><coordinates>-47.267954,-11.583319,0 -47.268517,-11.584441,0</coordinates></LineString></Placemark>
<Placemark><name>3089474</name><styleUrl>#styleDaimonCIRCUITO43TRECHO</styleUrl><LineString><coordinates>-47.267437,-11.582382,0 -47.267954,-11.583319,0</coordinates></LineString></Placemark>
<Placemark><name>3089742</name><styleUrl>#styleDaimonCIRCUITO43TRECHO</styleUrl><LineString><coordinates>-47.266860,-11.581276,0 -47.267437,-11.582382,0</coordinates></LineString></Placemark>
<Placemark><name>3090165</name><styleUrl>#styleDaimonCIRCUITO43TRECHO</styleUrl><LineString><coordinates>-47.266432,-11.580432,0 -47.266860,-11.581276,0</coordinates></LineString></Placemark>
<Placemark><name>3090161</name><styleUrl>#styleDaimonCIRCUITO43TRECHO</styleUrl><LineString><coordinates>-47.265868,-11.579394,0 -47.266432,-11.580432,0</coordinates></LineString></Placemark>
<Placemark><name>3090160</name><styleUrl>#styleDaimonCIRCUITO43TRECHO</styleUrl><LineString><coordinates>-47.265286,-11.578275,0 -47.265868,-11.579394,0</coordinates></LineString></Placemark>
<Placemark><name>3090285</name><styleUrl>#styleDaimonCIRCUITO43TRECHO</styleUrl><LineString><coordinates>-47.264525,-11.576819,0 -47.265286,-11.578275,0</coordinates></LineString></Placemark>
<Placemark><name>2673169</name><styleUrl>#styleDaimonCIRCUITO43TRECHO</styleUrl><LineString><coordinates>-47.172732,-11.559710,0 -47.173210,-11.558902,0</coordinates></LineString></Placemark>
<Placemark><name>2673168</name><styleUrl>#styleDaimonCIRCUITO43TRECHO</styleUrl><LineString><coordinates>-47.172300,-11.560427,0 -47.172732,-11.559710,0</coordinates></LineString></Placemark>
<Placemark><name>3663802</name><styleUrl>#styleDaimonCIRCUITO43TRECHO</styleUrl><LineString><coordinates>-47.244462,-11.578710,0 -47.244458,-11.578677,0</coordinates></LineString></Placemark>
<Placemark><name>2672944</name><styleUrl>#styleDaimonCIRCUITO43TRECHO</styleUrl><LineString><coordinates>-47.175813,-11.562747,0 -47.175603,-11.562967,0</coordinates></LineString></Placemark>
<Placemark><name>12090047</name><styleUrl>#styleDaimonCIRCUITO43TRECHO</styleUrl><LineString><coordinates>-47.302485,-11.585947,0 -47.302488,-11.585925,0</coordinates></LineString></Placemark>
<Placemark><name>3100086</name><styleUrl>#styleDaimonCIRCUITO43TRECHO</styleUrl><LineString><coordinates>-47.302488,-11.585925,0 -47.302539,-11.585893,0</coordinates></LineString></Placemark>
<Placemark><name>12090048</name><styleUrl>#styleDaimonCIRCUITO43TRECHO</styleUrl><LineString><coordinates>-47.302460,-11.585923,0 -47.302485,-11.585947,0</coordinates></LineString></Placemark>
<Placemark><name>3221229</name><styleUrl>#styleDaimonCIRCUITO43TRECHO</styleUrl><LineString><coordinates>-47.302485,-11.585947,0 -47.303344,-11.586687,0</coordinates></LineString></Placemark>
<Placemark><name>3100085</name><styleUrl>#styleDaimonCIRCUITO43TRECHO</styleUrl><LineString><coordinates>-47.301051,-11.584753,0 -47.302460,-11.585923,0</coordinates></LineString></Placemark>
<Placemark><name>2588239</name><styleUrl>#styleDaimonCIRCUITO43TRECHO</styleUrl><LineString><coordinates>-47.303344,-11.586687,0 -47.303715,-11.586997,0</coordinates></LineString></Placemark>
<Placemark><name>12090046</name><styleUrl>#styleDaimonCIRCUITO43TRECHO</styleUrl><LineString><coordinates>-47.301021,-11.584741,0 -47.301051,-11.584753,0</coordinates></LineString></Placemark>
<Placemark><name>2588240</name><styleUrl>#styleDaimonCIRCUITO43TRECHO</styleUrl><LineString><coordinates>-47.303715,-11.586997,0 -47.304661,-11.587805,0</coordinates></LineString></Placemark>
<Placemark><name>3099746</name><styleUrl>#styleDaimonCIRCUITO43TRECHO</styleUrl><LineString><coordinates>-47.299989,-11.584616,0 -47.301021,-11.584741,0</coordinates></LineString></Placemark>
<Placemark><name>2588499</name><styleUrl>#styleDaimonCIRCUITO43TRECHO</styleUrl><LineString><coordinates>-47.304661,-11.587805,0 -47.305530,-11.588518,0</coordinates></LineString></Placemark>
<Placemark><name>12090045</name><styleUrl>#styleDaimonCIRCUITO43TRECHO</styleUrl><LineString><coordinates>-47.299956,-11.584611,0 -47.299989,-11.584616,0</coordinates></LineString></Placemark>
<Placemark><name>3458116</name><styleUrl>#styleDaimonCIRCUITO43TRECHO</styleUrl><LineString><coordinates>-47.305530,-11.588518,0 -47.306279,-11.589156,0</coordinates></LineString></Placemark>
<Placemark><name>3099745</name><styleUrl>#styleDaimonCIRCUITO43TRECHO</styleUrl><LineString><coordinates>-47.299222,-11.584509,0 -47.299956,-11.584611,0</coordinates></LineString></Placemark>
<Placemark><name>12089841</name><styleUrl>#styleDaimonCIRCUITO43TRECHO</styleUrl><LineString><coordinates>-47.306279,-11.589156,0 -47.306307,-11.589176,0</coordinates></LineString></Placemark>
<Placemark><name>12090044</name><styleUrl>#styleDaimonCIRCUITO43TRECHO</styleUrl><LineString><coordinates>-47.299192,-11.584497,0 -47.299222,-11.584509,0</coordinates></LineString></Placemark>
<Placemark><name>2587961</name><styleUrl>#styleDaimonCIRCUITO43TRECHO</styleUrl><LineString><coordinates>-47.306307,-11.589176,0 -47.307034,-11.589562,0</coordinates></LineString></Placemark>
<Placemark><name>3098100</name><styleUrl>#styleDaimonCIRCUITO43TRECHO</styleUrl><LineString><coordinates>-47.298362,-11.583781,0 -47.299192,-11.584497,0</coordinates></LineString></Placemark>
<Placemark><name>2587962</name><styleUrl>#styleDaimonCIRCUITO43TRECHO</styleUrl><LineString><coordinates>-47.307034,-11.589562,0 -47.308058,-11.590062,0</coordinates></LineString></Placemark>
<Placemark><name>3098099</name><styleUrl>#styleDaimonCIRCUITO43TRECHO</styleUrl><LineString><coordinates>-47.297439,-11.582976,0 -47.298362,-11.583781,0</coordinates></LineString></Placemark>
<Placemark><name>2587963</name><styleUrl>#styleDaimonCIRCUITO43TRECHO</styleUrl><LineString><coordinates>-47.308058,-11.590062,0 -47.308999,-11.590558,0</coordinates></LineString></Placemark>
<Placemark><name>3098098</name><styleUrl>#styleDaimonCIRCUITO43TRECHO</styleUrl><LineString><coordinates>-47.296566,-11.582247,0 -47.297439,-11.582976,0</coordinates></LineString></Placemark>
<Placemark><name>3377210</name><styleUrl>#styleDaimonCIRCUITO43TRECHO</styleUrl><LineString><coordinates>-47.308999,-11.590558,0 -47.310051,-11.591064,0</coordinates></LineString></Placemark>
<Placemark><name>3090121</name><styleUrl>#styleDaimonCIRCUITO43TRECHO</styleUrl><LineString><coordinates>-47.295708,-11.581493,0 -47.296566,-11.582247,0</coordinates></LineString></Placemark>
<Placemark><name>3377211</name><styleUrl>#styleDaimonCIRCUITO43TRECHO</styleUrl><LineString><coordinates>-47.310051,-11.591064,0 -47.311047,-11.591584,0</coordinates></LineString></Placemark>
<Placemark><name>3090120</name><styleUrl>#styleDaimonCIRCUITO43TRECHO</styleUrl><LineString><coordinates>-47.294891,-11.580796,0 -47.295708,-11.581493,0</coordinates></LineString></Placemark>
<Placemark><name>3376945</name><styleUrl>#styleDaimonCIRCUITO43TRECHO</styleUrl><LineString><coordinates>-47.311047,-11.591584,0 -47.312033,-11.592088,0</coordinates></LineString></Placemark>
<Placemark><name>12090043</name><styleUrl>#styleDaimonCIRCUITO43TRECHO</styleUrl><LineString><coordinates>-47.294866,-11.580773,0 -47.294891,-11.580796,0</coordinates></LineString></Placemark>
<Placemark><name>3089390</name><styleUrl>#styleDaimonCIRCUITO43TRECHO</styleUrl><LineString><coordinates>-47.312033,-11.592088,0 -47.313059,-11.592598,0</coordinates></LineString></Placemark>
<Placemark><name>3212242</name><styleUrl>#styleDaimonCIRCUITO43TRECHO</styleUrl><LineString><coordinates>-47.294073,-11.580095,0 -47.294866,-11.580773,0</coordinates></LineString></Placemark>
<Placemark><name>3089391</name><styleUrl>#styleDaimonCIRCUITO43TRECHO</styleUrl><LineString><coordinates>-47.313059,-11.592598,0 -47.314000,-11.593075,0</coordinates></LineString></Placemark>
<Placemark><name>3212241</name><styleUrl>#styleDaimonCIRCUITO43TRECHO</styleUrl><LineString><coordinates>-47.293331,-11.579417,0 -47.294073,-11.580095,0</coordinates></LineString></Placemark>
<Placemark><name>12089842</name><styleUrl>#styleDaimonCIRCUITO43TRECHO</styleUrl><LineString><coordinates>-47.314000,-11.593075,0 -47.314030,-11.593090,0</coordinates></LineString></Placemark>
<Placemark><name>3212240</name><styleUrl>#styleDaimonCIRCUITO43TRECHO</styleUrl><LineString><coordinates>-47.292485,-11.578738,0 -47.293331,-11.579417,0</coordinates></LineString></Placemark>
<Placemark><name>3089392</name><styleUrl>#styleDaimonCIRCUITO43TRECHO</styleUrl><LineString><coordinates>-47.314030,-11.593090,0 -47.315049,-11.593616,0</coordinates></LineString></Placemark>
<Placemark><name>3212239</name><styleUrl>#styleDaimonCIRCUITO43TRECHO</styleUrl><LineString><coordinates>-47.291935,-11.578248,0 -47.292485,-11.578738,0</coordinates></LineString></Placemark>
<Placemark><name>3089393</name><styleUrl>#styleDaimonCIRCUITO43TRECHO</styleUrl><LineString><coordinates>-47.315049,-11.593616,0 -47.316078,-11.594134,0</coordinates></LineString></Placemark>
<Placemark><name>2574947</name><styleUrl>#styleDaimonCIRCUITO43TRECHO</styleUrl><LineString><coordinates>-47.291444,-11.577830,0 -47.291935,-11.578248,0</coordinates></LineString></Placemark>
<Placemark><name>3089394</name><styleUrl>#styleDaimonCIRCUITO43TRECHO</styleUrl><LineString><coordinates>-47.316078,-11.594134,0 -47.317072,-11.594632,0</coordinates></LineString></Placemark>
<Placemark><name>12090042</name><styleUrl>#styleDaimonCIRCUITO43TRECHO</styleUrl><LineString><coordinates>-47.291425,-11.577803,0 -47.291444,-11.577830,0</coordinates></LineString></Placemark>
<Placemark><name>3089395</name><styleUrl>#styleDaimonCIRCUITO43TRECHO</styleUrl><LineString><coordinates>-47.317072,-11.594632,0 -47.318084,-11.595135,0</coordinates></LineString></Placemark>
<Placemark><name>2574946</name><styleUrl>#styleDaimonCIRCUITO43TRECHO</styleUrl><LineString><coordinates>-47.291138,-11.576998,0 -47.291425,-11.577803,0</coordinates></LineString></Placemark>
<Placemark><name>3089396</name><styleUrl>#styleDaimonCIRCUITO43TRECHO</styleUrl><LineString><coordinates>-47.318084,-11.595135,0 -47.319095,-11.595657,0</coordinates></LineString></Placemark>
<Placemark><name>12089046</name><styleUrl>#styleDaimonCIRCUITO43TRECHO</styleUrl><LineString><coordinates>-47.291126,-11.576967,0 -47.291138,-11.576998,0</coordinates></LineString></Placemark>
<Placemark><name>3213884</name><styleUrl>#styleDaimonCIRCUITO43TRECHO</styleUrl><LineString><coordinates>-47.319095,-11.595657,0 -47.320125,-11.596170,0</coordinates></LineString></Placemark>
<Placemark><name>3090015</name><styleUrl>#styleDaimonCIRCUITO43TRECHO</styleUrl><LineString><coordinates>-47.290721,-11.575903,0 -47.291126,-11.576967,0</coordinates></LineString></Placemark>
<Placemark><name>3213885</name><styleUrl>#styleDaimonCIRCUITO43TRECHO</styleUrl><LineString><coordinates>-47.320125,-11.596170,0 -47.321097,-11.596665,0</coordinates></LineString></Placemark>
<Placemark><name>12089045</name><styleUrl>#styleDaimonCIRCUITO43TRECHO</styleUrl><LineString><coordinates>-47.290700,-11.575878,0 -47.290721,-11.575903,0</coordinates></LineString></Placemark>
<Placemark><name>12089843</name><styleUrl>#styleDaimonCIRCUITO43TRECHO</styleUrl><LineString><coordinates>-47.321097,-11.596665,0 -47.321127,-11.596682,0</coordinates></LineString></Placemark>
<Placemark><name>3089126</name><styleUrl>#styleDaimonCIRCUITO43TRECHO</styleUrl><LineString><coordinates>-47.290177,-11.575457,0 -47.290700,-11.575878,0</coordinates></LineString></Placemark>
<Placemark><name>3213886</name><styleUrl>#styleDaimonCIRCUITO43TRECHO</styleUrl><LineString><coordinates>-47.321127,-11.596682,0 -47.322154,-11.597197,0</coordinates></LineString></Placemark>
<Placemark><name>3637651</name><styleUrl>#styleDaimonCIRCUITO43TRECHO</styleUrl><LineString><coordinates>-47.289672,-11.575014,0 -47.290177,-11.575457,0</coordinates></LineString></Placemark>
<Placemark><name>3213887</name><styleUrl>#styleDaimonCIRCUITO43TRECHO</styleUrl><LineString><coordinates>-47.322154,-11.597197,0 -47.323140,-11.597709,0</coordinates></LineString></Placemark>
<Placemark><name>3637659</name><styleUrl>#styleDaimonCIRCUITO43TRECHO</styleUrl><LineString><coordinates>-47.289357,-11.574740,0 -47.289672,-11.575014,0</coordinates></LineString></Placemark>
<Placemark><name>3211973</name><styleUrl>#styleDaimonCIRCUITO43TRECHO</styleUrl><LineString><coordinates>-47.323140,-11.597709,0 -47.324137,-11.598205,0</coordinates></LineString></Placemark>
<Placemark><name>3089125</name><styleUrl>#styleDaimonCIRCUITO43TRECHO</styleUrl><LineString><coordinates>-47.288521,-11.574062,0 -47.289357,-11.574740,0</coordinates></LineString></Placemark>
<Placemark><name>3211974</name><styleUrl>#styleDaimonCIRCUITO43TRECHO</styleUrl><LineString><coordinates>-47.324137,-11.598205,0 -47.325055,-11.598675,0</coordinates></LineString></Placemark>
<Placemark><name>12089044</name><styleUrl>#styleDaimonCIRCUITO43TRECHO</styleUrl><LineString><coordinates>-47.288493,-11.574043,0 -47.288521,-11.574062,0</coordinates></LineString></Placemark>
<Placemark><name>3637653</name><styleUrl>#styleDaimonCIRCUITO43TRECHO</styleUrl><LineString><coordinates>-47.325055,-11.598675,0 -47.325526,-11.598916,0</coordinates></LineString></Placemark>
<Placemark><name>3089124</name><styleUrl>#styleDaimonCIRCUITO43TRECHO</styleUrl><LineString><coordinates>-47.287770,-11.573698,0 -47.288493,-11.574043,0</coordinates></LineString></Placemark>
<Placemark><name>3637656</name><styleUrl>#styleDaimonCIRCUITO43TRECHO</styleUrl><LineString><coordinates>-47.325526,-11.598916,0 -47.326131,-11.599227,0</coordinates></LineString></Placemark>
<Placemark><name>3089123</name><styleUrl>#styleDaimonCIRCUITO43TRECHO</styleUrl><LineString><coordinates>-47.287054,-11.573359,0 -47.287770,-11.573698,0</coordinates></LineString></Placemark>
<Placemark><name>3211975</name><styleUrl>#styleDaimonCIRCUITO43TRECHO</styleUrl><LineString><coordinates>-47.326131,-11.599227,0 -47.327148,-11.599740,0</coordinates></LineString></Placemark>
<Placemark><name>12088949</name><styleUrl>#styleDaimonCIRCUITO43TRECHO</styleUrl><LineString><coordinates>-47.287022,-11.573349,0 -47.287054,-11.573359,0</coordinates></LineString></Placemark>
<Placemark><name>3211976</name><styleUrl>#styleDaimonCIRCUITO43TRECHO</styleUrl><LineString><coordinates>-47.327148,-11.599740,0 -47.327840,-11.600072,0</coordinates></LineString></Placemark>
<Placemark><name>3089122</name><styleUrl>#styleDaimonCIRCUITO43TRECHO</styleUrl><LineString><coordinates>-47.285890,-11.573111,0 -47.287022,-11.573349,0</coordinates></LineString></Placemark>
<Placemark><name>3211977</name><styleUrl>#styleDaimonCIRCUITO43TRECHO</styleUrl><LineString><coordinates>-47.327840,-11.600072,0 -47.328952,-11.600641,0</coordinates></LineString></Placemark>
<Placemark><name>3089121</name><styleUrl>#styleDaimonCIRCUITO43TRECHO</styleUrl><LineString><coordinates>-47.284831,-11.572906,0 -47.285890,-11.573111,0</coordinates></LineString></Placemark>
<Placemark><name>12090080</name><styleUrl>#styleDaimonCIRCUITO43TRECHO</styleUrl><LineString><coordinates>-47.328952,-11.600641,0 -47.328983,-11.600655,0</coordinates></LineString></Placemark>
<Placemark><name>12088948</name><styleUrl>#styleDaimonCIRCUITO43TRECHO</styleUrl><LineString><coordinates>-47.284798,-11.572905,0 -47.284831,-11.572906,0</coordinates></LineString></Placemark>
<Placemark><name>3211978</name><styleUrl>#styleDaimonCIRCUITO43TRECHO</styleUrl><LineString><coordinates>-47.328983,-11.600655,0 -47.330658,-11.601220,0</coordinates></LineString></Placemark>
<Placemark><name>3089120</name><styleUrl>#styleDaimonCIRCUITO43TRECHO</styleUrl><LineString><coordinates>-47.283691,-11.573046,0 -47.284798,-11.572905,0</coordinates></LineString></Placemark>
<Placemark><name>12090081</name><styleUrl>#styleDaimonCIRCUITO43TRECHO</styleUrl><LineString><coordinates>-47.330658,-11.601220,0 -47.330691,-11.601227,0</coordinates></LineString></Placemark>
<Placemark><name>3089119</name><styleUrl>#styleDaimonCIRCUITO43TRECHO</styleUrl><LineString><coordinates>-47.282562,-11.573187,0 -47.283691,-11.573046,0</coordinates></LineString></Placemark>
<Placemark><name>3385234</name><styleUrl>#styleDaimonCIRCUITO43TRECHO</styleUrl><LineString><coordinates>-47.330691,-11.601227,0 -47.331587,-11.601336,0</coordinates></LineString></Placemark>
<Placemark><name>3089118</name><styleUrl>#styleDaimonCIRCUITO43TRECHO</styleUrl><LineString><coordinates>-47.281507,-11.573350,0 -47.282562,-11.573187,0</coordinates></LineString></Placemark>
<Placemark><name>3385235</name><styleUrl>#styleDaimonCIRCUITO43TRECHO</styleUrl><LineString><coordinates>-47.331587,-11.601336,0 -47.332702,-11.601467,0</coordinates></LineString></Placemark>
<Placemark><name>3089117</name><styleUrl>#styleDaimonCIRCUITO43TRECHO</styleUrl><LineString><coordinates>-47.280324,-11.573517,0 -47.281507,-11.573350,0</coordinates></LineString></Placemark>
<Placemark><name>3385236</name><styleUrl>#styleDaimonCIRCUITO43TRECHO</styleUrl><LineString><coordinates>-47.332702,-11.601467,0 -47.333818,-11.601597,0</coordinates></LineString></Placemark>
<Placemark><name>3089116</name><styleUrl>#styleDaimonCIRCUITO43TRECHO</styleUrl><LineString><coordinates>-47.279727,-11.573607,0 -47.280324,-11.573517,0</coordinates></LineString></Placemark>
<Placemark><name>3385237</name><styleUrl>#styleDaimonCIRCUITO43TRECHO</styleUrl><LineString><coordinates>-47.333818,-11.601597,0 -47.334709,-11.601703,0</coordinates></LineString></Placemark>
<Placemark><name>26051869</name><styleUrl>#styleDaimonCIRCUITO43TRECHO</styleUrl><LineString><coordinates>-47.279677,-11.573614,0 -47.279727,-11.573607,0</coordinates></LineString></Placemark>
<Placemark><name>3385238</name><styleUrl>#styleDaimonCIRCUITO43TRECHO</styleUrl><LineString><coordinates>-47.334709,-11.601703,0 -47.335854,-11.601831,0</coordinates></LineString></Placemark>
<Placemark><name>2590959</name><styleUrl>#styleDaimonCIRCUITO43TRECHO</styleUrl><LineString><coordinates>-47.279635,-11.573621,0 -47.279677,-11.573614,0</coordinates></LineString></Placemark>
<Placemark><name>3385240</name><styleUrl>#styleDaimonCIRCUITO43TRECHO</styleUrl><LineString><coordinates>-47.335854,-11.601831,0 -47.336931,-11.601967,0</coordinates></LineString></Placemark>
<Placemark><name>26051862</name><styleUrl>#styleDaimonCIRCUITO43TRECHO</styleUrl><LineString><coordinates>-47.278549,-11.573775,0 -47.279635,-11.573621,0</coordinates></LineString></Placemark>
<Placemark><name>3385241</name><styleUrl>#styleDaimonCIRCUITO43TRECHO</styleUrl><LineString><coordinates>-47.336931,-11.601967,0 -47.338065,-11.602083,0</coordinates></LineString></Placemark>
<Placemark><name>2590958</name><styleUrl>#styleDaimonCIRCUITO43TRECHO</styleUrl><LineString><coordinates>-47.277443,-11.573931,0 -47.278549,-11.573775,0</coordinates></LineString></Placemark>
<Placemark><name>3385242</name><styleUrl>#styleDaimonCIRCUITO43TRECHO</styleUrl><LineString><coordinates>-47.338065,-11.602083,0 -47.338938,-11.602196,0</coordinates></LineString></Placemark>
<Placemark><name>2574875</name><styleUrl>#styleDaimonCIRCUITO43TRECHO</styleUrl><LineString><coordinates>-47.276694,-11.574021,0 -47.277443,-11.573931,0</coordinates></LineString></Placemark>
<Placemark><name>3385245</name><styleUrl>#styleDaimonCIRCUITO43TRECHO</styleUrl><LineString><coordinates>-47.338938,-11.602196,0 -47.339611,-11.602270,0</coordinates></LineString></Placemark>
<Placemark><name>12090082</name><styleUrl>#styleDaimonCIRCUITO43TRECHO</styleUrl><LineString><coordinates>-47.339611,-11.602270,0 -47.339645,-11.602274,0</coordinates></LineString></Placemark>
<Placemark><name>3090280</name><styleUrl>#styleDaimonCIRCUITO43TRECHO</styleUrl><LineString><coordinates>-47.339645,-11.602274,0 -47.340747,-11.602424,0</coordinates></LineString></Placemark>
<Placemark><name>3090281</name><styleUrl>#styleDaimonCIRCUITO43TRECHO</styleUrl><LineString><coordinates>-47.340747,-11.602424,0 -47.341621,-11.602502,0</coordinates></LineString></Placemark>
<Placemark><name>3090282</name><styleUrl>#styleDaimonCIRCUITO43TRECHO</styleUrl><LineString><coordinates>-47.341621,-11.602502,0 -47.342740,-11.602637,0</coordinates></LineString></Placemark>
<Placemark><name>3090286</name><styleUrl>#styleDaimonCIRCUITO43TRECHO</styleUrl><LineString><coordinates>-47.342740,-11.602637,0 -47.343880,-11.602754,0</coordinates></LineString></Placemark>
<Placemark><name>2573863</name><styleUrl>#styleDaimonCIRCUITO43TRECHO</styleUrl><LineString><coordinates>-47.343880,-11.602754,0 -47.344982,-11.602898,0</coordinates></LineString></Placemark>
<Placemark><name>2573864</name><styleUrl>#styleDaimonCIRCUITO43TRECHO</styleUrl><LineString><coordinates>-47.344982,-11.602898,0 -47.345955,-11.602993,0</coordinates></LineString></Placemark>
<Placemark><name>12089155</name><styleUrl>#styleDaimonCIRCUITO43TRECHO</styleUrl><LineString><coordinates>-47.345955,-11.602993,0 -47.345989,-11.602996,0</coordinates></LineString></Placemark>
<Placemark><name>3090162</name><styleUrl>#styleDaimonCIRCUITO43TRECHO</styleUrl><LineString><coordinates>-47.345989,-11.602996,0 -47.347251,-11.603057,0</coordinates></LineString></Placemark>
<Placemark><name>12089246</name><styleUrl>#styleDaimonCIRCUITO43TRECHO</styleUrl><LineString><coordinates>-47.347251,-11.603057,0 -47.347286,-11.603058,0</coordinates></LineString></Placemark>
<Placemark><name>3090163</name><styleUrl>#styleDaimonCIRCUITO43TRECHO</styleUrl><LineString><coordinates>-47.347286,-11.603058,0 -47.349496,-11.603161,0</coordinates></LineString></Placemark>
<Placemark><name>12090071</name><styleUrl>#styleDaimonCIRCUITO43TRECHO</styleUrl><LineString><coordinates>-47.349496,-11.603161,0 -47.349530,-11.603163,0</coordinates></LineString></Placemark>
<Placemark><name>3090164</name><styleUrl>#styleDaimonCIRCUITO43TRECHO</styleUrl><LineString><coordinates>-47.349530,-11.603163,0 -47.349963,-11.603193,0</coordinates></LineString></Placemark>
<Placemark><name>12090072</name><styleUrl>#styleDaimonCIRCUITO43TRECHO</styleUrl><LineString><coordinates>-47.349963,-11.603193,0 -47.349994,-11.603204,0</coordinates></LineString></Placemark>
<Placemark><name>3090427</name><styleUrl>#styleDaimonCIRCUITO43TRECHO</styleUrl><LineString><coordinates>-47.349994,-11.603204,0 -47.350945,-11.603780,0</coordinates></LineString></Placemark>
<Placemark><name>3089475</name><styleUrl>#styleDaimonCIRCUITO43TRECHO</styleUrl><LineString><coordinates>-47.350945,-11.603780,0 -47.351882,-11.604386,0</coordinates></LineString></Placemark>
<Placemark><name>12090073</name><styleUrl>#styleDaimonCIRCUITO43TRECHO</styleUrl><LineString><coordinates>-47.351882,-11.604386,0 -47.351909,-11.604406,0</coordinates></LineString></Placemark>
<Placemark><name>3090016</name><styleUrl>#styleDaimonCIRCUITO43TRECHO</styleUrl><LineString><coordinates>-47.351909,-11.604406,0 -47.352599,-11.604996,0</coordinates></LineString></Placemark>
<Placemark><name>3206761</name><styleUrl>#styleDaimonCIRCUITO43TRECHO</styleUrl><LineString><coordinates>-47.352599,-11.604996,0 -47.353274,-11.605610,0</coordinates></LineString></Placemark>
<Placemark><name>3206765</name><styleUrl>#styleDaimonCIRCUITO43TRECHO</styleUrl><LineString><coordinates>-47.353274,-11.605610,0 -47.353954,-11.606196,0</coordinates></LineString></Placemark>
<Placemark><name>3206766</name><styleUrl>#styleDaimonCIRCUITO43TRECHO</styleUrl><LineString><coordinates>-47.353954,-11.606196,0 -47.354815,-11.606971,0</coordinates></LineString></Placemark>
<Placemark><name>3206767</name><styleUrl>#styleDaimonCIRCUITO43TRECHO</styleUrl><LineString><coordinates>-47.354815,-11.606971,0 -47.355670,-11.607705,0</coordinates></LineString></Placemark>
<Placemark><name>3081397</name><styleUrl>#styleDaimonCIRCUITO43TRECHO</styleUrl><LineString><coordinates>-47.355670,-11.607705,0 -47.356518,-11.608463,0</coordinates></LineString></Placemark>
<Placemark><name>3081398</name><styleUrl>#styleDaimonCIRCUITO43TRECHO</styleUrl><LineString><coordinates>-47.356518,-11.608463,0 -47.357402,-11.609224,0</coordinates></LineString></Placemark>
<Placemark><name>12090074</name><styleUrl>#styleDaimonCIRCUITO43TRECHO</styleUrl><LineString><coordinates>-47.357402,-11.609224,0 -47.357427,-11.609247,0</coordinates></LineString></Placemark>
<Placemark><name>3081399</name><styleUrl>#styleDaimonCIRCUITO43TRECHO</styleUrl><LineString><coordinates>-47.357427,-11.609247,0 -47.358216,-11.609941,0</coordinates></LineString></Placemark>
<Placemark><name>3081401</name><styleUrl>#styleDaimonCIRCUITO43TRECHO</styleUrl><LineString><coordinates>-47.358216,-11.609941,0 -47.359082,-11.610705,0</coordinates></LineString></Placemark>
<Placemark><name>2671636</name><styleUrl>#styleDaimonCIRCUITO43TRECHO</styleUrl><LineString><coordinates>-47.359082,-11.610705,0 -47.359948,-11.611439,0</coordinates></LineString></Placemark>
<Placemark><name>12109742</name><styleUrl>#styleDaimonCIRCUITO43TRECHO</styleUrl><LineString><coordinates>-47.359948,-11.611439,0 -47.359960,-11.611426,0</coordinates></LineString></Placemark>
<Placemark><name>3535643</name><styleUrl>#styleDaimonCIRCUITO43TRECHO</styleUrl><LineString><coordinates>-47.359948,-11.611439,0 -47.360838,-11.612244,0</coordinates></LineString></Placemark>
<Placemark><name>2670440</name><styleUrl>#styleDaimonCIRCUITO43TRECHO</styleUrl><LineString><coordinates>-47.359960,-11.611426,0 -47.360076,-11.611307,0</coordinates></LineString></Placemark>
<Placemark><name>2574852</name><styleUrl>#styleDaimonCIRCUITO43TRECHO</styleUrl><LineString><coordinates>-47.360838,-11.612244,0 -47.361683,-11.613015,0</coordinates></LineString></Placemark>
<Placemark><name>2574853</name><styleUrl>#styleDaimonCIRCUITO43TRECHO</styleUrl><LineString><coordinates>-47.361683,-11.613015,0 -47.362511,-11.613732,0</coordinates></LineString></Placemark>
<Placemark><name>12106243</name><styleUrl>#styleDaimonCIRCUITO43TRECHO</styleUrl><LineString><coordinates>-47.362511,-11.613732,0 -47.362537,-11.613754,0</coordinates></LineString></Placemark>
<Placemark><name>2574854</name><styleUrl>#styleDaimonCIRCUITO43TRECHO</styleUrl><LineString><coordinates>-47.362537,-11.613754,0 -47.363389,-11.614499,0</coordinates></LineString></Placemark>
<Placemark><name>2574855</name><styleUrl>#styleDaimonCIRCUITO43TRECHO</styleUrl><LineString><coordinates>-47.363389,-11.614499,0 -47.364243,-11.615283,0</coordinates></LineString></Placemark>
<Placemark><name>2574856</name><styleUrl>#styleDaimonCIRCUITO43TRECHO</styleUrl><LineString><coordinates>-47.364243,-11.615283,0 -47.365089,-11.616024,0</coordinates></LineString></Placemark>
<Placemark><name>3637658</name><styleUrl>#styleDaimonCIRCUITO43TRECHO</styleUrl><LineString><coordinates>-47.365089,-11.616024,0 -47.365675,-11.616542,0</coordinates></LineString></Placemark>
<Placemark><name>3637654</name><styleUrl>#styleDaimonCIRCUITO43TRECHO</styleUrl><LineString><coordinates>-47.365675,-11.616542,0 -47.365942,-11.616780,0</coordinates></LineString></Placemark>
<Placemark><name>2583052</name><styleUrl>#styleDaimonCIRCUITO43TRECHO</styleUrl><LineString><coordinates>-47.365942,-11.616780,0 -47.366814,-11.617535,0</coordinates></LineString></Placemark>
<Placemark><name>2574551</name><styleUrl>#styleDaimonCIRCUITO43TRECHO</styleUrl><LineString><coordinates>-47.366814,-11.617535,0 -47.367284,-11.617968,0</coordinates></LineString></Placemark>
<Placemark><name>2574552</name><styleUrl>#styleDaimonCIRCUITO43TRECHO</styleUrl><LineString><coordinates>-47.367284,-11.617968,0 -47.367797,-11.618438,0</coordinates></LineString></Placemark>
<Placemark><name>12106244</name><styleUrl>#styleDaimonCIRCUITO43TRECHO</styleUrl><LineString><coordinates>-47.367797,-11.618438,0 -47.367822,-11.618461,0</coordinates></LineString></Placemark>
<Placemark><name>2574613</name><styleUrl>#styleDaimonCIRCUITO43TRECHO</styleUrl><LineString><coordinates>-47.367822,-11.618461,0 -47.368512,-11.619310,0</coordinates></LineString></Placemark>
<Placemark><name>2574614</name><styleUrl>#styleDaimonCIRCUITO43TRECHO</styleUrl><LineString><coordinates>-47.368512,-11.619310,0 -47.369180,-11.620250,0</coordinates></LineString></Placemark>
<Placemark><name>2574615</name><styleUrl>#styleDaimonCIRCUITO43TRECHO</styleUrl><LineString><coordinates>-47.369180,-11.620250,0 -47.369855,-11.621164,0</coordinates></LineString></Placemark>
<Placemark><name>2574616</name><styleUrl>#styleDaimonCIRCUITO43TRECHO</styleUrl><LineString><coordinates>-47.369855,-11.621164,0 -47.370380,-11.621886,0</coordinates></LineString></Placemark>
<Placemark><name>12106245</name><styleUrl>#styleDaimonCIRCUITO43TRECHO</styleUrl><LineString><coordinates>-47.370380,-11.621886,0 -47.370400,-11.621914,0</coordinates></LineString></Placemark>
<Placemark><name>2590040</name><styleUrl>#styleDaimonCIRCUITO43TRECHO</styleUrl><LineString><coordinates>-47.370400,-11.621914,0 -47.370995,-11.622828,0</coordinates></LineString></Placemark>
<Placemark><name>3535572</name><styleUrl>#styleDaimonCIRCUITO43TRECHO</styleUrl><LineString><coordinates>-47.370995,-11.622828,0 -47.371632,-11.623753,0</coordinates></LineString></Placemark>
<Placemark><name>12109723</name><styleUrl>#styleDaimonCIRCUITO43TRECHO</styleUrl><LineString><coordinates>-47.371632,-11.623753,0 -47.371652,-11.623781,0</coordinates></LineString></Placemark>
<Placemark><name>3535573</name><styleUrl>#styleDaimonCIRCUITO43TRECHO</styleUrl><LineString><coordinates>-47.371652,-11.623781,0 -47.372328,-11.624683,0</coordinates></LineString></Placemark>
<Placemark><name>3535574</name><styleUrl>#styleDaimonCIRCUITO43TRECHO</styleUrl><LineString><coordinates>-47.372328,-11.624683,0 -47.373049,-11.625590,0</coordinates></LineString></Placemark>
<Placemark><name>3535575</name><styleUrl>#styleDaimonCIRCUITO43TRECHO</styleUrl><LineString><coordinates>-47.373049,-11.625590,0 -47.373784,-11.626459,0</coordinates></LineString></Placemark>
<Placemark><name>2671465</name><styleUrl>#styleDaimonCIRCUITO43TRECHO</styleUrl><LineString><coordinates>-47.373784,-11.626459,0 -47.374474,-11.627311,0</coordinates></LineString></Placemark>
<Placemark><name>12109724</name><styleUrl>#styleDaimonCIRCUITO43TRECHO</styleUrl><LineString><coordinates>-47.374474,-11.627311,0 -47.374496,-11.627338,0</coordinates></LineString></Placemark>
<Placemark><name>2671466</name><styleUrl>#styleDaimonCIRCUITO43TRECHO</styleUrl><LineString><coordinates>-47.374496,-11.627338,0 -47.375238,-11.628235,0</coordinates></LineString></Placemark>
<Placemark><name>2671638</name><styleUrl>#styleDaimonCIRCUITO43TRECHO</styleUrl><LineString><coordinates>-47.375238,-11.628235,0 -47.375966,-11.629078,0</coordinates></LineString></Placemark>
<Placemark><name>2574474</name><styleUrl>#styleDaimonCIRCUITO43TRECHO</styleUrl><LineString><coordinates>-47.375966,-11.629078,0 -47.376736,-11.629961,0</coordinates></LineString></Placemark>
<Placemark><name>2574475</name><styleUrl>#styleDaimonCIRCUITO43TRECHO</styleUrl><LineString><coordinates>-47.376736,-11.629961,0 -47.377482,-11.630821,0</coordinates></LineString></Placemark>
<Placemark><name>2574534</name><styleUrl>#styleDaimonCIRCUITO43TRECHO</styleUrl><LineString><coordinates>-47.377482,-11.630821,0 -47.378089,-11.631463,0</coordinates></LineString></Placemark>
<Placemark><name>2574167</name><styleUrl>#styleDaimonCIRCUITO43TRECHO</styleUrl><LineString><coordinates>-47.378089,-11.631463,0 -47.378968,-11.632457,0</coordinates></LineString></Placemark>
<Placemark><name>12109725</name><styleUrl>#styleDaimonCIRCUITO43TRECHO</styleUrl><LineString><coordinates>-47.378968,-11.632457,0 -47.378996,-11.632477,0</coordinates></LineString></Placemark>
<Placemark><name>2574168</name><styleUrl>#styleDaimonCIRCUITO43TRECHO</styleUrl><LineString><coordinates>-47.378996,-11.632477,0 -47.380602,-11.633309,0</coordinates></LineString></Placemark>
<Placemark><name>12091244</name><styleUrl>#styleDaimonCIRCUITO43TRECHO</styleUrl><LineString><coordinates>-47.380602,-11.633309,0 -47.380634,-11.633322,0</coordinates></LineString></Placemark>
<Placemark><name>2574169</name><styleUrl>#styleDaimonCIRCUITO43TRECHO</styleUrl><LineString><coordinates>-47.380634,-11.633322,0 -47.381903,-11.633751,0</coordinates></LineString></Placemark>
<Placemark><name>12092013</name><styleUrl>#styleDaimonCIRCUITO43TRECHO</styleUrl><LineString><coordinates>-47.381903,-11.633751,0 -47.381935,-11.633762,0</coordinates></LineString></Placemark>
<Placemark><name>2574170</name><styleUrl>#styleDaimonCIRCUITO43TRECHO</styleUrl><LineString><coordinates>-47.381935,-11.633762,0 -47.383661,-11.634377,0</coordinates></LineString></Placemark>
<Placemark><name>12090762</name><styleUrl>#styleDaimonCIRCUITO43TRECHO</styleUrl><LineString><coordinates>-47.383661,-11.634377,0 -47.383694,-11.634387,0</coordinates></LineString></Placemark>
<Placemark><name>2671462</name><styleUrl>#styleDaimonCIRCUITO43TRECHO</styleUrl><LineString><coordinates>-47.195051,-11.585851,0 -47.193121,-11.585942,0</coordinates></LineString></Placemark>
<Placemark><name>12147048</name><styleUrl>#styleDaimonCIRCUITO43TRECHO</styleUrl><LineString><coordinates>-47.195083,-11.585858,0 -47.195051,-11.585851,0</coordinates></LineString></Placemark>
<Placemark><name>2671459</name><styleUrl>#styleDaimonCIRCUITO43TRECHO</styleUrl><LineString><coordinates>-47.196274,-11.586387,0 -47.195083,-11.585858,0</coordinates></LineString></Placemark>
<Placemark><name>2671648</name><styleUrl>#styleDaimonCIRCUITO43TRECHO</styleUrl><LineString><coordinates>-47.197166,-11.586732,0 -47.196274,-11.586387,0</coordinates></LineString></Placemark>
<Placemark><name>2671647</name><styleUrl>#styleDaimonCIRCUITO43TRECHO</styleUrl><LineString><coordinates>-47.197714,-11.586969,0 -47.197166,-11.586732,0</coordinates></LineString></Placemark>
<Placemark><name>12147047</name><styleUrl>#styleDaimonCIRCUITO43TRECHO</styleUrl><LineString><coordinates>-47.197730,-11.586975,0 -47.197714,-11.586969,0</coordinates></LineString></Placemark>
<Placemark><name>3378201</name><styleUrl>#styleDaimonCIRCUITO43TRECHO</styleUrl><LineString><coordinates>-47.197730,-11.586975,0 -47.197630,-11.587480,0</coordinates></LineString></Placemark>
<Placemark><name>2671646</name><styleUrl>#styleDaimonCIRCUITO43TRECHO</styleUrl><LineString><coordinates>-47.197856,-11.586262,0 -47.197730,-11.586975,0</coordinates></LineString></Placemark>
<Placemark><name>2669963</name><styleUrl>#styleDaimonCIRCUITO43TRECHO</styleUrl><LineString><coordinates>-47.197630,-11.587480,0 -47.197426,-11.588518,0</coordinates></LineString></Placemark>
<Placemark><name>2583763</name><styleUrl>#styleDaimonCIRCUITO43TRECHO</styleUrl><LineString><coordinates>-47.198315,-11.584125,0 -47.197856,-11.586262,0</coordinates></LineString></Placemark>
<Placemark><name>12147049</name><styleUrl>#styleDaimonCIRCUITO43TRECHO</styleUrl><LineString><coordinates>-47.197426,-11.588518,0 -47.197419,-11.588553,0</coordinates></LineString></Placemark>
<Placemark><name>2583762</name><styleUrl>#styleDaimonCIRCUITO43TRECHO</styleUrl><LineString><coordinates>-47.198621,-11.582535,0 -47.198315,-11.584125,0</coordinates></LineString></Placemark>
<Placemark><name>3535625</name><styleUrl>#styleDaimonCIRCUITO43TRECHO</styleUrl><LineString><coordinates>-47.197419,-11.588553,0 -47.197150,-11.590004,0</coordinates></LineString></Placemark>
<Placemark><name>2583761</name><styleUrl>#styleDaimonCIRCUITO43TRECHO</styleUrl><LineString><coordinates>-47.198926,-11.581128,0 -47.198621,-11.582535,0</coordinates></LineString></Placemark>
<Placemark><name>3534928</name><styleUrl>#styleDaimonCIRCUITO43TRECHO</styleUrl><LineString><coordinates>-47.197150,-11.590004,0 -47.196991,-11.590803,0</coordinates></LineString></Placemark>
<Placemark><name>2583760</name><styleUrl>#styleDaimonCIRCUITO43TRECHO</styleUrl><LineString><coordinates>-47.199105,-11.580146,0 -47.198926,-11.581128,0</coordinates></LineString></Placemark>
<Placemark><name>12147050</name><styleUrl>#styleDaimonCIRCUITO43TRECHO</styleUrl><LineString><coordinates>-47.196991,-11.590803,0 -47.196996,-11.590835,0</coordinates></LineString></Placemark>
<Placemark><name>12151731</name><styleUrl>#styleDaimonCIRCUITO43TRECHO</styleUrl><LineString><coordinates>-47.199105,-11.580146,0 -47.199118,-11.580149,0</coordinates></LineString></Placemark>
<Placemark><name>3468139</name><styleUrl>#styleDaimonCIRCUITO43TRECHO</styleUrl><LineString><coordinates>-47.199596,-11.577695,0 -47.199105,-11.580146,0</coordinates></LineString></Placemark>
<Placemark><name>3534909</name><styleUrl>#styleDaimonCIRCUITO43TRECHO</styleUrl><LineString><coordinates>-47.196996,-11.590835,0 -47.197530,-11.592262,0</coordinates></LineString></Placemark>
<Placemark><name>3600697</name><styleUrl>#styleDaimonCIRCUITO43TRECHO</styleUrl><LineString><coordinates>-47.199118,-11.580149,0 -47.199148,-11.580157,0</coordinates></LineString></Placemark>
<Placemark><name>12147046</name><styleUrl>#styleDaimonCIRCUITO43TRECHO</styleUrl><LineString><coordinates>-47.199602,-11.577662,0 -47.199596,-11.577695,0</coordinates></LineString></Placemark>
<Placemark><name>3534910</name><styleUrl>#styleDaimonCIRCUITO43TRECHO</styleUrl><LineString><coordinates>-47.197530,-11.592262,0 -47.197949,-11.593452,0</coordinates></LineString></Placemark>
<Placemark><name>3468136</name><styleUrl>#styleDaimonCIRCUITO43TRECHO</styleUrl><LineString><coordinates>-47.199713,-11.577090,0 -47.199602,-11.577662,0</coordinates></LineString></Placemark>
<Placemark><name>3534911</name><styleUrl>#styleDaimonCIRCUITO43TRECHO</styleUrl><LineString><coordinates>-47.197949,-11.593452,0 -47.198429,-11.594845,0</coordinates></LineString></Placemark>
<Placemark><name>3534912</name><styleUrl>#styleDaimonCIRCUITO43TRECHO</styleUrl><LineString><coordinates>-47.198429,-11.594845,0 -47.198737,-11.595721,0</coordinates></LineString></Placemark>
<Placemark><name>3663801</name><styleUrl>#styleDaimonCIRCUITO43TRECHO</styleUrl><LineString><coordinates>-47.198078,-11.576455,0 -47.198088,-11.576423,0</coordinates></LineString></Placemark>
<Placemark><name>12068345</name><styleUrl>#styleDaimonCIRCUITO43TRECHO</styleUrl><LineString><coordinates>-47.179742,-11.570772,0 -47.179742,-11.570789,0</coordinates></LineString></Placemark>
<Placemark><name>3653818</name><styleUrl>#styleDaimonCIRCUITO43TRECHO</styleUrl><LineString><coordinates>-47.179742,-11.570789,0 -47.179443,-11.571161,0</coordinates></LineString></Placemark>
<Placemark><name>3653821</name><styleUrl>#styleDaimonCIRCUITO43TRECHO</styleUrl><LineString><coordinates>-47.179653,-11.570646,0 -47.179742,-11.570772,0</coordinates></LineString></Placemark>
<Placemark><name>3653823</name><styleUrl>#styleDaimonCIRCUITO43TRECHO</styleUrl><LineString><coordinates>-47.179443,-11.571161,0 -47.178971,-11.571671,0</coordinates></LineString></Placemark>
<Placemark><name>12068344</name><styleUrl>#styleDaimonCIRCUITO43TRECHO</styleUrl><LineString><coordinates>-47.178971,-11.571671,0 -47.178949,-11.571687,0</coordinates></LineString></Placemark>
<Placemark><name>3653824</name><styleUrl>#styleDaimonCIRCUITO43TRECHO</styleUrl><LineString><coordinates>-47.178949,-11.571687,0 -47.177984,-11.572144,0</coordinates></LineString></Placemark>
<Placemark><name>3653822</name><styleUrl>#styleDaimonCIRCUITO43TRECHO</styleUrl><LineString><coordinates>-47.177984,-11.572144,0 -47.176943,-11.572627,0</coordinates></LineString></Placemark>
<Placemark><name>3653817</name><styleUrl>#styleDaimonCIRCUITO43TRECHO</styleUrl><LineString><coordinates>-47.176943,-11.572627,0 -47.176153,-11.572988,0</coordinates></LineString></Placemark>
<Placemark><name>12068346</name><styleUrl>#styleDaimonCIRCUITO43TRECHO</styleUrl><LineString><coordinates>-47.176153,-11.572988,0 -47.176130,-11.573003,0</coordinates></LineString></Placemark>
<Placemark><name>3653820</name><styleUrl>#styleDaimonCIRCUITO43TRECHO</styleUrl><LineString><coordinates>-47.176130,-11.573003,0 -47.175394,-11.573555,0</coordinates></LineString></Placemark>
<Placemark><name>2585171</name><styleUrl>#styleDaimonCIRCUITO43TRECHO</styleUrl><LineString><coordinates>-47.185710,-11.574356,0 -47.186318,-11.574721,0</coordinates></LineString></Placemark>
<Placemark><name>39659566</name><styleUrl>#styleDaimonCIRCUITO43TRECHO</styleUrl><LineString><coordinates>-47.181775,-11.577368,0 -47.181214,-11.577814,0</coordinates></LineString></Placemark>
<Placemark><name>39659572</name><styleUrl>#styleDaimonCIRCUITO43TRECHO</styleUrl><LineString><coordinates>-47.182333,-11.576852,0 -47.181775,-11.577368,0</coordinates></LineString></Placemark>
<Placemark><name>2584947</name><styleUrl>#styleDaimonCIRCUITO43TRECHO</styleUrl><LineString><coordinates>-47.180886,-11.569465,0 -47.181224,-11.569710,0</coordinates></LineString></Placemark>
<Placemark><name>2671048</name><styleUrl>#styleDaimonCIRCUITO43TRECHO</styleUrl><LineString><coordinates>-47.181245,-11.564540,0 -47.181910,-11.564121,0</coordinates></LineString></Placemark>
<Placemark><name>2573761</name><styleUrl>#styleDaimonCIRCUITO43TRECHO</styleUrl><LineString><coordinates>-47.186775,-11.567801,0 -47.187080,-11.567066,0</coordinates></LineString></Placemark>
<Placemark><name>3468381</name><styleUrl>#styleDaimonCIRCUITO43TRECHO</styleUrl><LineString><coordinates>-47.197581,-11.551333,0 -47.196530,-11.550862,0</coordinates></LineString></Placemark>
<Placemark><name>3468379</name><styleUrl>#styleDaimonCIRCUITO43TRECHO</styleUrl><LineString><coordinates>-47.196530,-11.550862,0 -47.195750,-11.550780,0</coordinates></LineString></Placemark>
<Placemark><name>3468380</name><styleUrl>#styleDaimonCIRCUITO43TRECHO</styleUrl><LineString><coordinates>-47.198630,-11.551788,0 -47.197581,-11.551333,0</coordinates></LineString></Placemark>
<Placemark><name>3468382</name><styleUrl>#styleDaimonCIRCUITO43TRECHO</styleUrl><LineString><coordinates>-47.195750,-11.550780,0 -47.195066,-11.550731,0</coordinates></LineString></Placemark>
<Placemark><name>12169366</name><styleUrl>#styleDaimonCIRCUITO43TRECHO</styleUrl><LineString><coordinates>-47.198647,-11.551813,0 -47.198630,-11.551788,0</coordinates></LineString></Placemark>
<Placemark><name>12176819</name><styleUrl>#styleDaimonCIRCUITO43TRECHO</styleUrl><LineString><coordinates>-47.198647,-11.551813,0 -47.198680,-11.551803,0</coordinates></LineString></Placemark>
<Placemark><name>3468151</name><styleUrl>#styleDaimonCIRCUITO43TRECHO</styleUrl><LineString><coordinates>-47.198800,-11.553448,0 -47.198647,-11.551813,0</coordinates></LineString></Placemark>
<Placemark><name>3612762</name><styleUrl>#styleDaimonCIRCUITO43TRECHO</styleUrl><LineString><coordinates>-47.198680,-11.551803,0 -47.198815,-11.551783,0</coordinates></LineString></Placemark>
<Placemark><name>3468150</name><styleUrl>#styleDaimonCIRCUITO43TRECHO</styleUrl><LineString><coordinates>-47.198940,-11.554027,0 -47.198800,-11.553448,0</coordinates></LineString></Placemark>
<Placemark><name>12169365</name><styleUrl>#styleDaimonCIRCUITO43TRECHO</styleUrl><LineString><coordinates>-47.198934,-11.554058,0 -47.198940,-11.554027,0</coordinates></LineString></Placemark>
<Placemark><name>3468149</name><styleUrl>#styleDaimonCIRCUITO43TRECHO</styleUrl><LineString><coordinates>-47.198482,-11.554939,0 -47.198934,-11.554058,0</coordinates></LineString></Placemark>
<Placemark><name>2584730</name><styleUrl>#styleDaimonCIRCUITO43TRECHO</styleUrl><LineString><coordinates>-47.198008,-11.556139,0 -47.198482,-11.554939,0</coordinates></LineString></Placemark>
<Placemark><name>2584729</name><styleUrl>#styleDaimonCIRCUITO43TRECHO</styleUrl><LineString><coordinates>-47.197723,-11.556882,0 -47.198008,-11.556139,0</coordinates></LineString></Placemark>
<Placemark><name>12172444</name><styleUrl>#styleDaimonCIRCUITO43TRECHO</styleUrl><LineString><coordinates>-47.197703,-11.556908,0 -47.197723,-11.556882,0</coordinates></LineString></Placemark>
<Placemark><name>2584728</name><styleUrl>#styleDaimonCIRCUITO43TRECHO</styleUrl><LineString><coordinates>-47.196598,-11.558041,0 -47.197703,-11.556908,0</coordinates></LineString></Placemark>
<Placemark><name>12172443</name><styleUrl>#styleDaimonCIRCUITO43TRECHO</styleUrl><LineString><coordinates>-47.196572,-11.558063,0 -47.196598,-11.558041,0</coordinates></LineString></Placemark>
<Placemark><name>3468384</name><styleUrl>#styleDaimonCIRCUITO43TRECHO</styleUrl><LineString><coordinates>-47.195896,-11.558320,0 -47.196572,-11.558063,0</coordinates></LineString></Placemark>
<Placemark><name>3468383</name><styleUrl>#styleDaimonCIRCUITO43TRECHO</styleUrl><LineString><coordinates>-47.194462,-11.558956,0 -47.195896,-11.558320,0</coordinates></LineString></Placemark>
<Placemark><name>2672937</name><styleUrl>#styleDaimonCIRCUITO43TRECHO</styleUrl><LineString><coordinates>-47.193285,-11.559414,0 -47.194462,-11.558956,0</coordinates></LineString></Placemark>
<Placemark><name>12171843</name><styleUrl>#styleDaimonCIRCUITO43TRECHO</styleUrl><LineString><coordinates>-47.193259,-11.559433,0 -47.193285,-11.559414,0</coordinates></LineString></Placemark>
<Placemark><name>2671835</name><styleUrl>#styleDaimonCIRCUITO43TRECHO</styleUrl><LineString><coordinates>-47.192510,-11.560272,0 -47.193259,-11.559433,0</coordinates></LineString></Placemark>
<Placemark><name>2671834</name><styleUrl>#styleDaimonCIRCUITO43TRECHO</styleUrl><LineString><coordinates>-47.191697,-11.561225,0 -47.192510,-11.560272,0</coordinates></LineString></Placemark>
<Placemark><name>2574191</name><styleUrl>#styleDaimonCIRCUITO43TRECHO</styleUrl><LineString><coordinates>-47.190845,-11.562205,0 -47.191697,-11.561225,0</coordinates></LineString></Placemark>
<Placemark><name>2673172</name><styleUrl>#styleDaimonCIRCUITO43TRECHO</styleUrl><LineString><coordinates>-47.189988,-11.563197,0 -47.190845,-11.562205,0</coordinates></LineString></Placemark>
<Placemark><name>2574190</name><styleUrl>#styleDaimonCIRCUITO43TRECHO</styleUrl><LineString><coordinates>-47.189111,-11.564220,0 -47.189988,-11.563197,0</coordinates></LineString></Placemark>
<Placemark><name>2574189</name><styleUrl>#styleDaimonCIRCUITO43TRECHO</styleUrl><LineString><coordinates>-47.188380,-11.565079,0 -47.189111,-11.564220,0</coordinates></LineString></Placemark>
<Placemark><name>3536808</name><styleUrl>#styleDaimonCIRCUITO43TRECHO</styleUrl><LineString><coordinates>-47.187635,-11.565910,0 -47.188380,-11.565079,0</coordinates></LineString></Placemark>
<Placemark><name>3468147</name><styleUrl>#styleDaimonCIRCUITO43TRECHO</styleUrl><LineString><coordinates>-47.186577,-11.567117,0 -47.187635,-11.565910,0</coordinates></LineString></Placemark>
<Placemark><name>3468146</name><styleUrl>#styleDaimonCIRCUITO43TRECHO</styleUrl><LineString><coordinates>-47.185858,-11.567993,0 -47.186577,-11.567117,0</coordinates></LineString></Placemark>
<Placemark><name>2584941</name><styleUrl>#styleDaimonCIRCUITO43TRECHO</styleUrl><LineString><coordinates>-47.186044,-11.570932,0 -47.185332,-11.570786,0</coordinates></LineString></Placemark>
<Placemark><name>3518060</name><styleUrl>#styleDaimonCIRCUITO43TRECHO</styleUrl><LineString><coordinates>-47.273285,-11.613041,0 -47.272047,-11.613697,0</coordinates></LineString></Placemark>
<Placemark><name>3518061</name><styleUrl>#styleDaimonCIRCUITO43TRECHO</styleUrl><LineString><coordinates>-47.272047,-11.613697,0 -47.270909,-11.614306,0</coordinates></LineString></Placemark>
<Placemark><name>3518059</name><styleUrl>#styleDaimonCIRCUITO43TRECHO</styleUrl><LineString><coordinates>-47.274299,-11.612501,0 -47.273285,-11.613041,0</coordinates></LineString></Placemark>
<Placemark><name>3632854</name><styleUrl>#styleDaimonCIRCUITO43TRECHO</styleUrl><LineString><coordinates>-47.270909,-11.614306,0 -47.270833,-11.614338,0</coordinates></LineString></Placemark>
<Placemark><name>3590005</name><styleUrl>#styleDaimonCIRCUITO43TRECHO</styleUrl><LineString><coordinates>-47.293655,-11.614064,0 -47.293746,-11.613177,0</coordinates></LineString></Placemark>
<Placemark><name>3590306</name><styleUrl>#styleDaimonCIRCUITO43TRECHO</styleUrl><LineString><coordinates>-47.293746,-11.613177,0 -47.293863,-11.612019,0</coordinates></LineString></Placemark>
<Placemark><name>12065424</name><styleUrl>#styleDaimonCIRCUITO43TRECHO</styleUrl><LineString><coordinates>-47.293643,-11.614094,0 -47.293655,-11.614064,0</coordinates></LineString></Placemark>
<Placemark><name>3589997</name><styleUrl>#styleDaimonCIRCUITO43TRECHO</styleUrl><LineString><coordinates>-47.293863,-11.612019,0 -47.293955,-11.611118,0</coordinates></LineString></Placemark>
<Placemark><name>3590297</name><styleUrl>#styleDaimonCIRCUITO43TRECHO</styleUrl><LineString><coordinates>-47.293217,-11.614648,0 -47.293643,-11.614094,0</coordinates></LineString></Placemark>
<Placemark><name>3589988</name><styleUrl>#styleDaimonCIRCUITO43TRECHO</styleUrl><LineString><coordinates>-47.292352,-11.615790,0 -47.293217,-11.614648,0</coordinates></LineString></Placemark>
<Placemark><name>12065432</name><styleUrl>#styleDaimonCIRCUITO43TRECHO</styleUrl><LineString><coordinates>-47.292323,-11.615808,0 -47.292352,-11.615790,0</coordinates></LineString></Placemark>
<Placemark><name>3589743</name><styleUrl>#styleDaimonCIRCUITO43TRECHO</styleUrl><LineString><coordinates>-47.291407,-11.615985,0 -47.292323,-11.615808,0</coordinates></LineString></Placemark>
<Placemark><name>3589744</name><styleUrl>#styleDaimonCIRCUITO43TRECHO</styleUrl><LineString><coordinates>-47.290303,-11.616171,0 -47.291407,-11.615985,0</coordinates></LineString></Placemark>
<Placemark><name>12065417</name><styleUrl>#styleDaimonCIRCUITO43TRECHO</styleUrl><LineString><coordinates>-47.290266,-11.616178,0 -47.290303,-11.616171,0</coordinates></LineString></Placemark>
<Placemark><name>3589987</name><styleUrl>#styleDaimonCIRCUITO43TRECHO</styleUrl><LineString><coordinates>-47.290063,-11.616213,0 -47.290266,-11.616178,0</coordinates></LineString></Placemark>
<Placemark><name>12065428</name><styleUrl>#styleDaimonCIRCUITO43TRECHO</styleUrl><LineString><coordinates>-47.290023,-11.616208,0 -47.290063,-11.616213,0</coordinates></LineString></Placemark>
<Placemark><name>12065420</name><styleUrl>#styleDaimonCIRCUITO43TRECHO</styleUrl><LineString><coordinates>-47.290023,-11.616208,0 -47.290040,-11.616232,0</coordinates></LineString></Placemark>
<Placemark><name>3590004</name><styleUrl>#styleDaimonCIRCUITO43TRECHO</styleUrl><LineString><coordinates>-47.289066,-11.615768,0 -47.290023,-11.616208,0</coordinates></LineString></Placemark>
<Placemark><name>3590298</name><styleUrl>#styleDaimonCIRCUITO43TRECHO</styleUrl><LineString><coordinates>-47.290040,-11.616232,0 -47.289916,-11.617321,0</coordinates></LineString></Placemark>
<Placemark><name>12065435</name><styleUrl>#styleDaimonCIRCUITO43TRECHO</styleUrl><LineString><coordinates>-47.289034,-11.615774,0 -47.289066,-11.615768,0</coordinates></LineString></Placemark>
<Placemark><name>3590307</name><styleUrl>#styleDaimonCIRCUITO43TRECHO</styleUrl><LineString><coordinates>-47.289916,-11.617321,0 -47.289788,-11.618514,0</coordinates></LineString></Placemark>
<Placemark><name>3589996</name><styleUrl>#styleDaimonCIRCUITO43TRECHO</styleUrl><LineString><coordinates>-47.288338,-11.616331,0 -47.289034,-11.615774,0</coordinates></LineString></Placemark>
<Placemark><name>12065419</name><styleUrl>#styleDaimonCIRCUITO43TRECHO</styleUrl><LineString><coordinates>-47.289788,-11.618514,0 -47.289794,-11.618548,0</coordinates></LineString></Placemark>
<Placemark><name>3590305</name><styleUrl>#styleDaimonCIRCUITO43TRECHO</styleUrl><LineString><coordinates>-47.287514,-11.616990,0 -47.288338,-11.616331,0</coordinates></LineString></Placemark>
<Placemark><name>3589993</name><styleUrl>#styleDaimonCIRCUITO43TRECHO</styleUrl><LineString><coordinates>-47.289794,-11.618548,0 -47.290127,-11.619333,0</coordinates></LineString></Placemark>
<Placemark><name>3590296</name><styleUrl>#styleDaimonCIRCUITO43TRECHO</styleUrl><LineString><coordinates>-47.286667,-11.617667,0 -47.287514,-11.616990,0</coordinates></LineString></Placemark>
<Placemark><name>3590006</name><styleUrl>#styleDaimonCIRCUITO43TRECHO</styleUrl><LineString><coordinates>-47.290127,-11.619333,0 -47.290538,-11.620246,0</coordinates></LineString></Placemark>
<Placemark><name>3589742</name><styleUrl>#styleDaimonCIRCUITO43TRECHO</styleUrl><LineString><coordinates>-47.285821,-11.618044,0 -47.286667,-11.617667,0</coordinates></LineString></Placemark>
<Placemark><name>12065434</name><styleUrl>#styleDaimonCIRCUITO43TRECHO</styleUrl><LineString><coordinates>-47.290538,-11.620246,0 -47.290531,-11.620270,0</coordinates></LineString></Placemark>
<Placemark><name>12065426</name><styleUrl>#styleDaimonCIRCUITO43TRECHO</styleUrl><LineString><coordinates>-47.290538,-11.620246,0 -47.290552,-11.620277,0</coordinates></LineString></Placemark>
<Placemark><name>3589986</name><styleUrl>#styleDaimonCIRCUITO43TRECHO</styleUrl><LineString><coordinates>-47.284912,-11.618447,0 -47.285821,-11.618044,0</coordinates></LineString></Placemark>
<Placemark><name>3590293</name><styleUrl>#styleDaimonCIRCUITO43TRECHO</styleUrl><LineString><coordinates>-47.290531,-11.620270,0 -47.289968,-11.620550,0</coordinates></LineString></Placemark>
<Placemark><name>3590311</name><styleUrl>#styleDaimonCIRCUITO43TRECHO</styleUrl><LineString><coordinates>-47.290552,-11.620277,0 -47.291071,-11.621546,0</coordinates></LineString></Placemark>
<Placemark><name>3590003</name><styleUrl>#styleDaimonCIRCUITO43TRECHO</styleUrl><LineString><coordinates>-47.284064,-11.618824,0 -47.284912,-11.618447,0</coordinates></LineString></Placemark>
<Placemark><name>12065430</name><styleUrl>#styleDaimonCIRCUITO43TRECHO</styleUrl><LineString><coordinates>-47.291071,-11.621546,0 -47.291094,-11.621572,0</coordinates></LineString></Placemark>
<Placemark><name>12065422</name><styleUrl>#styleDaimonCIRCUITO43TRECHO</styleUrl><LineString><coordinates>-47.291071,-11.621546,0 -47.291066,-11.621573,0</coordinates></LineString></Placemark>
<Placemark><name>3590304</name><styleUrl>#styleDaimonCIRCUITO43TRECHO</styleUrl><LineString><coordinates>-47.283121,-11.619244,0 -47.284064,-11.618824,0</coordinates></LineString></Placemark>
<Placemark><name>3590302</name><styleUrl>#styleDaimonCIRCUITO43TRECHO</styleUrl><LineString><coordinates>-47.291094,-11.621572,0 -47.291887,-11.622069,0</coordinates></LineString></Placemark>
<Placemark><name>3589748</name><styleUrl>#styleDaimonCIRCUITO43TRECHO</styleUrl><LineString><coordinates>-47.291066,-11.621573,0 -47.290913,-11.621697,0</coordinates></LineString></Placemark>
<Placemark><name>3589995</name><styleUrl>#styleDaimonCIRCUITO43TRECHO</styleUrl><LineString><coordinates>-47.282282,-11.619611,0 -47.283121,-11.619244,0</coordinates></LineString></Placemark>
<Placemark><name>3589998</name><styleUrl>#styleDaimonCIRCUITO43TRECHO</styleUrl><LineString><coordinates>-47.291887,-11.622069,0 -47.292637,-11.622552,0</coordinates></LineString></Placemark>
<Placemark><name>55637556</name><styleUrl>#styleDaimonCIRCUITO43TRECHO</styleUrl><LineString><coordinates>-47.282267,-11.619619,0 -47.282282,-11.619611,0</coordinates></LineString></Placemark>
<Placemark><name>55637555</name><styleUrl>#styleDaimonCIRCUITO43TRECHO</styleUrl><LineString><coordinates>-47.282282,-11.619611,0 -47.282265,-11.619601,0</coordinates></LineString></Placemark>
<Placemark><name>12065418</name><styleUrl>#styleDaimonCIRCUITO43TRECHO</styleUrl><LineString><coordinates>-47.292637,-11.622552,0 -47.292668,-11.622566,0</coordinates></LineString></Placemark>
<Placemark><name>3590001</name><styleUrl>#styleDaimonCIRCUITO43TRECHO</styleUrl><LineString><coordinates>-47.292668,-11.622566,0 -47.293657,-11.622853,0</coordinates></LineString></Placemark>
<Placemark><name>12065524</name><styleUrl>#styleDaimonCIRCUITO43TRECHO</styleUrl><LineString><coordinates>-47.293657,-11.622853,0 -47.293689,-11.622850,0</coordinates></LineString></Placemark>
<Placemark><name>12065433</name><styleUrl>#styleDaimonCIRCUITO43TRECHO</styleUrl><LineString><coordinates>-47.293657,-11.622853,0 -47.293688,-11.622867,0</coordinates></LineString></Placemark>
<Placemark><name>3589992</name><styleUrl>#styleDaimonCIRCUITO43TRECHO</styleUrl><LineString><coordinates>-47.293689,-11.622850,0 -47.294484,-11.622607,0</coordinates></LineString></Placemark>
<Placemark><name>3590292</name><styleUrl>#styleDaimonCIRCUITO43TRECHO</styleUrl><LineString><coordinates>-47.293688,-11.622867,0 -47.294588,-11.623434,0</coordinates></LineString></Placemark>
<Placemark><name>12065425</name><styleUrl>#styleDaimonCIRCUITO43TRECHO</styleUrl><LineString><coordinates>-47.294588,-11.623434,0 -47.294607,-11.623462,0</coordinates></LineString></Placemark>
<Placemark><name>3590310</name><styleUrl>#styleDaimonCIRCUITO43TRECHO</styleUrl><LineString><coordinates>-47.294607,-11.623462,0 -47.294811,-11.624545,0</coordinates></LineString></Placemark>
<Placemark><name>3589989</name><styleUrl>#styleDaimonCIRCUITO43TRECHO</styleUrl><LineString><coordinates>-47.294811,-11.624545,0 -47.295031,-11.625707,0</coordinates></LineString></Placemark>
<Placemark><name>12065429</name><styleUrl>#styleDaimonCIRCUITO43TRECHO</styleUrl><LineString><coordinates>-47.295031,-11.625707,0 -47.295014,-11.625719,0</coordinates></LineString></Placemark>
<Placemark><name>3590299</name><styleUrl>#styleDaimonCIRCUITO43TRECHO</styleUrl><LineString><coordinates>-47.295031,-11.625707,0 -47.295177,-11.626440,0</coordinates></LineString></Placemark>
<Placemark><name>3590309</name><styleUrl>#styleDaimonCIRCUITO43TRECHO</styleUrl><LineString><coordinates>-47.295014,-11.625719,0 -47.294442,-11.626088,0</coordinates></LineString></Placemark>
<Placemark><name>12065436</name><styleUrl>#styleDaimonCIRCUITO43TRECHO</styleUrl><LineString><coordinates>-47.295177,-11.626440,0 -47.295196,-11.626468,0</coordinates></LineString></Placemark>
<Placemark><name>3590008</name><styleUrl>#styleDaimonCIRCUITO43TRECHO</styleUrl><LineString><coordinates>-47.294442,-11.626088,0 -47.293856,-11.626449,0</coordinates></LineString></Placemark>
<Placemark><name>3590300</name><styleUrl>#styleDaimonCIRCUITO43TRECHO</styleUrl><LineString><coordinates>-47.295196,-11.626468,0 -47.296061,-11.627050,0</coordinates></LineString></Placemark>
<Placemark><name>3590000</name><styleUrl>#styleDaimonCIRCUITO43TRECHO</styleUrl><LineString><coordinates>-47.293856,-11.626449,0 -47.293193,-11.627029,0</coordinates></LineString></Placemark>
<Placemark><name>3589745</name><styleUrl>#styleDaimonCIRCUITO43TRECHO</styleUrl><LineString><coordinates>-47.296061,-11.627050,0 -47.296804,-11.627590,0</coordinates></LineString></Placemark>
<Placemark><name>3589991</name><styleUrl>#styleDaimonCIRCUITO43TRECHO</styleUrl><LineString><coordinates>-47.293193,-11.627029,0 -47.292513,-11.627624,0</coordinates></LineString></Placemark>
<Placemark><name>3590308</name><styleUrl>#styleDaimonCIRCUITO43TRECHO</styleUrl><LineString><coordinates>-47.296804,-11.627590,0 -47.297552,-11.628131,0</coordinates></LineString></Placemark>
<Placemark><name>3590301</name><styleUrl>#styleDaimonCIRCUITO43TRECHO</styleUrl><LineString><coordinates>-47.292513,-11.627624,0 -47.291861,-11.628195,0</coordinates></LineString></Placemark>
<Placemark><name>3590007</name><styleUrl>#styleDaimonCIRCUITO43TRECHO</styleUrl><LineString><coordinates>-47.297552,-11.628131,0 -47.298636,-11.628947,0</coordinates></LineString></Placemark>
<Placemark><name>12065421</name><styleUrl>#styleDaimonCIRCUITO43TRECHO</styleUrl><LineString><coordinates>-47.291861,-11.628195,0 -47.291830,-11.628205,0</coordinates></LineString></Placemark>
<Placemark><name>3589999</name><styleUrl>#styleDaimonCIRCUITO43TRECHO</styleUrl><LineString><coordinates>-47.298636,-11.628947,0 -47.299478,-11.629536,0</coordinates></LineString></Placemark>
<Placemark><name>3589747</name><styleUrl>#styleDaimonCIRCUITO43TRECHO</styleUrl><LineString><coordinates>-47.291830,-11.628205,0 -47.291135,-11.628142,0</coordinates></LineString></Placemark>
<Placemark><name>3589990</name><styleUrl>#styleDaimonCIRCUITO43TRECHO</styleUrl><LineString><coordinates>-47.299478,-11.629536,0 -47.300057,-11.629940,0</coordinates></LineString></Placemark>
<Placemark><name>3589746</name><styleUrl>#styleDaimonCIRCUITO43TRECHO</styleUrl><LineString><coordinates>-47.300057,-11.629940,0 -47.301246,-11.630771,0</coordinates></LineString></Placemark>
<Placemark><name>2574804</name><styleUrl>#styleDaimonCIRCUITO43TRECHO</styleUrl><LineString><coordinates>-47.266948,-11.601816,0 -47.267040,-11.602370,0</coordinates></LineString></Placemark>
<Placemark><name>3663800</name><styleUrl>#styleDaimonCIRCUITO43TRECHO</styleUrl><LineString><coordinates>-47.289674,-11.575012,0 -47.289695,-11.574986,0</coordinates></LineString></Placemark>
<Placemark><name>12090058</name><styleUrl>#styleDaimonCIRCUITO43TRECHO</styleUrl><LineString><coordinates>-47.309355,-11.580629,0 -47.309324,-11.580642,0</coordinates></LineString></Placemark>
<Placemark><name>3099806</name><styleUrl>#styleDaimonCIRCUITO43TRECHO</styleUrl><LineString><coordinates>-47.309324,-11.580642,0 -47.308248,-11.581073,0</coordinates></LineString></Placemark>
<Placemark><name>3099805</name><styleUrl>#styleDaimonCIRCUITO43TRECHO</styleUrl><LineString><coordinates>-47.310848,-11.580030,0 -47.309355,-11.580629,0</coordinates></LineString></Placemark>
<Placemark><name>12090059</name><styleUrl>#styleDaimonCIRCUITO43TRECHO</styleUrl><LineString><coordinates>-47.308248,-11.581073,0 -47.308216,-11.581080,0</coordinates></LineString></Placemark>
<Placemark><name>12090055</name><styleUrl>#styleDaimonCIRCUITO43TRECHO</styleUrl><LineString><coordinates>-47.310853,-11.580038,0 -47.310848,-11.580030,0</coordinates></LineString></Placemark>
<Placemark><name>3105462</name><styleUrl>#styleDaimonCIRCUITO43TRECHO</styleUrl><LineString><coordinates>-47.308216,-11.581080,0 -47.307781,-11.581071,0</coordinates></LineString></Placemark>
<Placemark><name>3099231</name><styleUrl>#styleDaimonCIRCUITO43TRECHO</styleUrl><LineString><coordinates>-47.310006,-11.581060,0 -47.310853,-11.580038,0</coordinates></LineString></Placemark>
<Placemark><name>12090075</name><styleUrl>#styleDaimonCIRCUITO43TRECHO</styleUrl><LineString><coordinates>-47.307781,-11.581071,0 -47.307747,-11.581070,0</coordinates></LineString></Placemark>
<Placemark><name>3099230</name><styleUrl>#styleDaimonCIRCUITO43TRECHO</styleUrl><LineString><coordinates>-47.309142,-11.582133,0 -47.310006,-11.581060,0</coordinates></LineString></Placemark>
<Placemark><name>2573714</name><styleUrl>#styleDaimonCIRCUITO43TRECHO</styleUrl><LineString><coordinates>-47.307747,-11.581070,0 -47.306971,-11.581066,0</coordinates></LineString></Placemark>
<Placemark><name>3098999</name><styleUrl>#styleDaimonCIRCUITO43TRECHO</styleUrl><LineString><coordinates>-47.308244,-11.583258,0 -47.309142,-11.582133,0</coordinates></LineString></Placemark>
<Placemark><name>12110787</name><styleUrl>#styleDaimonCIRCUITO43TRECHO</styleUrl><LineString><coordinates>-47.308216,-11.583273,0 -47.308244,-11.583258,0</coordinates></LineString></Placemark>
<Placemark><name>3098998</name><styleUrl>#styleDaimonCIRCUITO43TRECHO</styleUrl><LineString><coordinates>-47.307822,-11.583300,0 -47.308216,-11.583273,0</coordinates></LineString></Placemark>
<Placemark><name>3221417</name><styleUrl>#styleDaimonCIRCUITO43TRECHO</styleUrl><LineString><coordinates>-47.307324,-11.583324,0 -47.307822,-11.583300,0</coordinates></LineString></Placemark>
<Placemark><name>12110786</name><styleUrl>#styleDaimonCIRCUITO43TRECHO</styleUrl><LineString><coordinates>-47.307290,-11.583326,0 -47.307324,-11.583324,0</coordinates></LineString></Placemark>
<Placemark><name>3221416</name><styleUrl>#styleDaimonCIRCUITO43TRECHO</styleUrl><LineString><coordinates>-47.305527,-11.583450,0 -47.307290,-11.583326,0</coordinates></LineString></Placemark>
<Placemark><name>12110785</name><styleUrl>#styleDaimonCIRCUITO43TRECHO</styleUrl><LineString><coordinates>-47.305505,-11.583467,0 -47.305527,-11.583450,0</coordinates></LineString></Placemark>
<Placemark><name>3459587</name><styleUrl>#styleDaimonCIRCUITO43TRECHO</styleUrl><LineString><coordinates>-47.305158,-11.584416,0 -47.305505,-11.583467,0</coordinates></LineString></Placemark>
<Placemark><name>12112476</name><styleUrl>#styleDaimonCIRCUITO43TRECHO</styleUrl><LineString><coordinates>-47.305138,-11.584440,0 -47.305158,-11.584416,0</coordinates></LineString></Placemark>
<Placemark><name>3221227</name><styleUrl>#styleDaimonCIRCUITO43TRECHO</styleUrl><LineString><coordinates>-47.302637,-11.585822,0 -47.305138,-11.584440,0</coordinates></LineString></Placemark>
<Placemark><name>12090053</name><styleUrl>#styleDaimonCIRCUITO43TRECHO</styleUrl><LineString><coordinates>-47.302610,-11.585842,0 -47.302637,-11.585822,0</coordinates></LineString></Placemark>
<Placemark><name>12090049</name><styleUrl>#styleDaimonCIRCUITO43TRECHO</styleUrl><LineString><coordinates>-47.302610,-11.585842,0 -47.302611,-11.585819,0</coordinates></LineString></Placemark>
<Placemark><name>3466179</name><styleUrl>#styleDaimonCIRCUITO43TRECHO</styleUrl><LineString><coordinates>-47.302546,-11.585889,0 -47.302610,-11.585842,0</coordinates></LineString></Placemark>
<Placemark><name>3221228</name><styleUrl>#styleDaimonCIRCUITO43TRECHO</styleUrl><LineString><coordinates>-47.302611,-11.585819,0 -47.302449,-11.585654,0</coordinates></LineString></Placemark>
<Placemark><name>3663804</name><styleUrl>#styleDaimonCIRCUITO43TRECHO</styleUrl><LineString><coordinates>-47.325528,-11.598913,0 -47.325541,-11.598884,0</coordinates></LineString></Placemark>
<Placemark><name>3663803</name><styleUrl>#styleDaimonCIRCUITO43TRECHO</styleUrl><LineString><coordinates>-47.365678,-11.616540,0 -47.365698,-11.616516,0</coordinates></LineString></Placemark>
<Placemark><name>39310603</name><styleUrl>#styleDaimonCIRCUITO43TRECHO</styleUrl><LineString><coordinates>-47.360081,-11.611302,0 -47.360117,-11.611262,0</coordinates></LineString></Placemark>
<Placemark><name>12090770</name><styleUrl>#styleDaimonCIRCUITO43TRECHO</styleUrl><LineString><coordinates>-47.391679,-11.639461,0 -47.391665,-11.639472,0</coordinates></LineString></Placemark>
<Placemark><name>2672471</name><styleUrl>#styleDaimonCIRCUITO43TRECHO</styleUrl><LineString><coordinates>-47.391010,-11.638863,0 -47.391679,-11.639461,0</coordinates></LineString></Placemark>
<Placemark><name>2672473</name><styleUrl>#styleDaimonCIRCUITO43TRECHO</styleUrl><LineString><coordinates>-47.391679,-11.639461,0 -47.392339,-11.640054,0</coordinates></LineString></Placemark>
<Placemark><name>2672472</name><styleUrl>#styleDaimonCIRCUITO43TRECHO</styleUrl><LineString><coordinates>-47.391665,-11.639472,0 -47.391603,-11.639521,0</coordinates></LineString></Placemark>
<Placemark><name>12090764</name><styleUrl>#styleDaimonCIRCUITO43TRECHO</styleUrl><LineString><coordinates>-47.390988,-11.638837,0 -47.391010,-11.638863,0</coordinates></LineString></Placemark>
<Placemark><name>3378978</name><styleUrl>#styleDaimonCIRCUITO43TRECHO</styleUrl><LineString><coordinates>-47.392339,-11.640054,0 -47.392989,-11.640639,0</coordinates></LineString></Placemark>
<Placemark><name>3576611</name><styleUrl>#styleDaimonCIRCUITO43TRECHO</styleUrl><LineString><coordinates>-47.390777,-11.638480,0 -47.390988,-11.638837,0</coordinates></LineString></Placemark>
<Placemark><name>3105620</name><styleUrl>#styleDaimonCIRCUITO43TRECHO</styleUrl><LineString><coordinates>-47.392989,-11.640639,0 -47.393663,-11.641286,0</coordinates></LineString></Placemark>
<Placemark><name>3576379</name><styleUrl>#styleDaimonCIRCUITO43TRECHO</styleUrl><LineString><coordinates>-47.390526,-11.638057,0 -47.390777,-11.638480,0</coordinates></LineString></Placemark>
<Placemark><name>12092155</name><styleUrl>#styleDaimonCIRCUITO43TRECHO</styleUrl><LineString><coordinates>-47.393663,-11.641286,0 -47.393686,-11.641313,0</coordinates></LineString></Placemark>
<Placemark><name>2670858</name><styleUrl>#styleDaimonCIRCUITO43TRECHO</styleUrl><LineString><coordinates>-47.390119,-11.637216,0 -47.390526,-11.638057,0</coordinates></LineString></Placemark>
<Placemark><name>3105621</name><styleUrl>#styleDaimonCIRCUITO43TRECHO</styleUrl><LineString><coordinates>-47.393686,-11.641313,0 -47.394325,-11.641886,0</coordinates></LineString></Placemark>
<Placemark><name>2670444</name><styleUrl>#styleDaimonCIRCUITO43TRECHO</styleUrl><LineString><coordinates>-47.389702,-11.636484,0 -47.390119,-11.637216,0</coordinates></LineString></Placemark>
<Placemark><name>12092277</name><styleUrl>#styleDaimonCIRCUITO43TRECHO</styleUrl><LineString><coordinates>-47.394325,-11.641886,0 -47.394351,-11.641909,0</coordinates></LineString></Placemark>
<Placemark><name>12090763</name><styleUrl>#styleDaimonCIRCUITO43TRECHO</styleUrl><LineString><coordinates>-47.389678,-11.636464,0 -47.389702,-11.636484,0</coordinates></LineString></Placemark>
<Placemark><name>3105622</name><styleUrl>#styleDaimonCIRCUITO43TRECHO</styleUrl><LineString><coordinates>-47.394351,-11.641909,0 -47.395507,-11.642887,0</coordinates></LineString></Placemark>
<Placemark><name>2670445</name><styleUrl>#styleDaimonCIRCUITO43TRECHO</styleUrl><LineString><coordinates>-47.388837,-11.636198,0 -47.389678,-11.636464,0</coordinates></LineString></Placemark>
<Placemark><name>12092278</name><styleUrl>#styleDaimonCIRCUITO43TRECHO</styleUrl><LineString><coordinates>-47.395507,-11.642887,0 -47.395532,-11.642910,0</coordinates></LineString></Placemark>
<Placemark><name>2670446</name><styleUrl>#styleDaimonCIRCUITO43TRECHO</styleUrl><LineString><coordinates>-47.387985,-11.635894,0 -47.388837,-11.636198,0</coordinates></LineString></Placemark>
<Placemark><name>3105623</name><styleUrl>#styleDaimonCIRCUITO43TRECHO</styleUrl><LineString><coordinates>-47.395532,-11.642910,0 -47.396751,-11.644004,0</coordinates></LineString></Placemark>
<Placemark><name>2670447</name><styleUrl>#styleDaimonCIRCUITO43TRECHO</styleUrl><LineString><coordinates>-47.387314,-11.635658,0 -47.387985,-11.635894,0</coordinates></LineString></Placemark>
<Placemark><name>3105624</name><styleUrl>#styleDaimonCIRCUITO43TRECHO</styleUrl><LineString><coordinates>-47.396751,-11.644004,0 -47.397640,-11.644715,0</coordinates></LineString></Placemark>
<Placemark><name>2670443</name><styleUrl>#styleDaimonCIRCUITO43TRECHO</styleUrl><LineString><coordinates>-47.386448,-11.635345,0 -47.387314,-11.635658,0</coordinates></LineString></Placemark>
<Placemark><name>3587244</name><styleUrl>#styleDaimonCIRCUITO43TRECHO</styleUrl><LineString><coordinates>-47.397640,-11.644715,0 -47.398019,-11.645072,0</coordinates></LineString></Placemark>
<Placemark><name>2670442</name><styleUrl>#styleDaimonCIRCUITO43TRECHO</styleUrl><LineString><coordinates>-47.385355,-11.634991,0 -47.386448,-11.635345,0</coordinates></LineString></Placemark>
<Placemark><name>3587000</name><styleUrl>#styleDaimonCIRCUITO43TRECHO</styleUrl><LineString><coordinates>-47.398019,-11.645072,0 -47.398466,-11.645480,0</coordinates></LineString></Placemark>
<Placemark><name>2671007</name><styleUrl>#styleDaimonCIRCUITO43TRECHO</styleUrl><LineString><coordinates>-47.383861,-11.634448,0 -47.385355,-11.634991,0</coordinates></LineString></Placemark>
<Placemark><name>3651852</name><styleUrl>#styleDaimonCIRCUITO43TRECHO</styleUrl><LineString><coordinates>-47.398466,-11.645480,0 -47.398468,-11.645525,0</coordinates></LineString></Placemark>
<Placemark><name>3592555</name><styleUrl>#styleDaimonCIRCUITO43TRECHO</styleUrl><LineString><coordinates>-47.192048,-11.586295,0 -47.191787,-11.586381,0</coordinates></LineString></Placemark>
<Placemark><name>3592551</name><styleUrl>#styleDaimonCIRCUITO43TRECHO</styleUrl><LineString><coordinates>-47.193014,-11.585977,0 -47.192048,-11.586295,0</coordinates></LineString></Placemark>
<Placemark><name>3600698</name><styleUrl>#styleDaimonCIRCUITO43TRECHO</styleUrl><LineString><coordinates>-47.199218,-11.580162,0 -47.199837,-11.580211,0</coordinates></LineString></Placemark>
<Placemark><name>3600699</name><styleUrl>#styleDaimonCIRCUITO43TRECHO</styleUrl><LineString><coordinates>-47.199837,-11.580211,0 -47.200593,-11.580269,0</coordinates></LineString></Placemark>
<Placemark><name>23222771</name><styleUrl>#styleDaimonCIRCUITO43TRECHO</styleUrl><LineString><coordinates>-47.198369,-11.582594,0 -47.198338,-11.582594,0</coordinates></LineString></Placemark>
<Placemark><name>23222767</name><styleUrl>#styleDaimonCIRCUITO43TRECHO</styleUrl><LineString><coordinates>-47.198338,-11.582594,0 -47.197343,-11.582816,0</coordinates></LineString></Placemark>
<Placemark><name>23222757</name><styleUrl>#styleDaimonCIRCUITO43TRECHO</styleUrl><LineString><coordinates>-47.198596,-11.582541,0 -47.198369,-11.582594,0</coordinates></LineString></Placemark>
<Placemark><name>23222761</name><styleUrl>#styleDaimonCIRCUITO43TRECHO</styleUrl><LineString><coordinates>-47.197343,-11.582816,0 -47.196326,-11.583041,0</coordinates></LineString></Placemark>
<Placemark><name>3378202</name><styleUrl>#styleDaimonCIRCUITO43TRECHO</styleUrl><LineString><coordinates>-47.197093,-11.590012,0 -47.196568,-11.590083,0</coordinates></LineString></Placemark>
<Placemark><name>2673173</name><styleUrl>#styleDaimonCIRCUITO43TRECHO</styleUrl><LineString><coordinates>-47.189951,-11.563130,0 -47.189608,-11.562523,0</coordinates></LineString></Placemark>
<Placemark><name>12176818</name><styleUrl>#styleDaimonCIRCUITO43TRECHO</styleUrl><LineString><coordinates>-47.200127,-11.552669,0 -47.200157,-11.552677,0</coordinates></LineString></Placemark>
<Placemark><name>3613061</name><styleUrl>#styleDaimonCIRCUITO43TRECHO</styleUrl><LineString><coordinates>-47.200157,-11.552677,0 -47.200909,-11.552636,0</coordinates></LineString></Placemark>
<Placemark><name>3613064</name><styleUrl>#styleDaimonCIRCUITO43TRECHO</styleUrl><LineString><coordinates>-47.199571,-11.552290,0 -47.200127,-11.552669,0</coordinates></LineString></Placemark>
<Placemark><name>3612766</name><styleUrl>#styleDaimonCIRCUITO43TRECHO</styleUrl><LineString><coordinates>-47.200909,-11.552636,0 -47.201618,-11.552597,0</coordinates></LineString></Placemark>
<Placemark><name>3612770</name><styleUrl>#styleDaimonCIRCUITO43TRECHO</styleUrl><LineString><coordinates>-47.198891,-11.551835,0 -47.199571,-11.552290,0</coordinates></LineString></Placemark>
<Placemark><name>12176815</name><styleUrl>#styleDaimonCIRCUITO43TRECHO</styleUrl><LineString><coordinates>-47.201618,-11.552597,0 -47.201649,-11.552605,0</coordinates></LineString></Placemark>
<Placemark><name>3612769</name><styleUrl>#styleDaimonCIRCUITO43TRECHO</styleUrl><LineString><coordinates>-47.201649,-11.552605,0 -47.202342,-11.553120,0</coordinates></LineString></Placemark>
<Placemark><name>3612763</name><styleUrl>#styleDaimonCIRCUITO43TRECHO</styleUrl><LineString><coordinates>-47.202342,-11.553120,0 -47.202976,-11.553588,0</coordinates></LineString></Placemark>
<Placemark><name>12176816</name><styleUrl>#styleDaimonCIRCUITO43TRECHO</styleUrl><LineString><coordinates>-47.202976,-11.553588,0 -47.203004,-11.553601,0</coordinates></LineString></Placemark>
<Placemark><name>3613065</name><styleUrl>#styleDaimonCIRCUITO43TRECHO</styleUrl><LineString><coordinates>-47.203004,-11.553601,0 -47.204233,-11.553727,0</coordinates></LineString></Placemark>
<Placemark><name>3613062</name><styleUrl>#styleDaimonCIRCUITO43TRECHO</styleUrl><LineString><coordinates>-47.204233,-11.553727,0 -47.205321,-11.553843,0</coordinates></LineString></Placemark>
<Placemark><name>3612771</name><styleUrl>#styleDaimonCIRCUITO43TRECHO</styleUrl><LineString><coordinates>-47.205321,-11.553843,0 -47.206155,-11.553719,0</coordinates></LineString></Placemark>
<Placemark><name>3612767</name><styleUrl>#styleDaimonCIRCUITO43TRECHO</styleUrl><LineString><coordinates>-47.206155,-11.553719,0 -47.207126,-11.553574,0</coordinates></LineString></Placemark>
<Placemark><name>3612772</name><styleUrl>#styleDaimonCIRCUITO43TRECHO</styleUrl><LineString><coordinates>-47.207126,-11.553574,0 -47.208414,-11.553324,0</coordinates></LineString></Placemark>
<Placemark><name>12176813</name><styleUrl>#styleDaimonCIRCUITO43TRECHO</styleUrl><LineString><coordinates>-47.208414,-11.553324,0 -47.208440,-11.553320,0</coordinates></LineString></Placemark>
<Placemark><name>3612764</name><styleUrl>#styleDaimonCIRCUITO43TRECHO</styleUrl><LineString><coordinates>-47.208440,-11.553320,0 -47.211011,-11.553455,0</coordinates></LineString></Placemark>
<Placemark><name>12176812</name><styleUrl>#styleDaimonCIRCUITO43TRECHO</styleUrl><LineString><coordinates>-47.211011,-11.553455,0 -47.211039,-11.553456,0</coordinates></LineString></Placemark>
<Placemark><name>3613066</name><styleUrl>#styleDaimonCIRCUITO43TRECHO</styleUrl><LineString><coordinates>-47.211039,-11.553456,0 -47.211867,-11.553505,0</coordinates></LineString></Placemark>
<Placemark><name>3613063</name><styleUrl>#styleDaimonCIRCUITO43TRECHO</styleUrl><LineString><coordinates>-47.211867,-11.553505,0 -47.212251,-11.553526,0</coordinates></LineString></Placemark>
<Placemark><name>3644178</name><styleUrl>#styleDaimonCIRCUITO43TRECHO</styleUrl><LineString><coordinates>-47.212251,-11.553526,0 -47.212714,-11.553552,0</coordinates></LineString></Placemark>
<Placemark><name>12176817</name><styleUrl>#styleDaimonCIRCUITO43TRECHO</styleUrl><LineString><coordinates>-47.212714,-11.553552,0 -47.212740,-11.553560,0</coordinates></LineString></Placemark>
<Placemark><name>3613059</name><styleUrl>#styleDaimonCIRCUITO43TRECHO</styleUrl><LineString><coordinates>-47.212740,-11.553560,0 -47.213618,-11.554185,0</coordinates></LineString></Placemark>
<Placemark><name>3612768</name><styleUrl>#styleDaimonCIRCUITO43TRECHO</styleUrl><LineString><coordinates>-47.213618,-11.554185,0 -47.214666,-11.554923,0</coordinates></LineString></Placemark>
<Placemark><name>12176814</name><styleUrl>#styleDaimonCIRCUITO43TRECHO</styleUrl><LineString><coordinates>-47.214666,-11.554923,0 -47.214688,-11.554939,0</coordinates></LineString></Placemark>
<Placemark><name>3613060</name><styleUrl>#styleDaimonCIRCUITO43TRECHO</styleUrl><LineString><coordinates>-47.214688,-11.554939,0 -47.215697,-11.556011,0</coordinates></LineString></Placemark>
<Placemark><name>3612765</name><styleUrl>#styleDaimonCIRCUITO43TRECHO</styleUrl><LineString><coordinates>-47.215697,-11.556011,0 -47.216449,-11.556810,0</coordinates></LineString></Placemark>
<Placemark><name>3468148</name><styleUrl>#styleDaimonCIRCUITO43TRECHO</styleUrl><LineString><coordinates>-47.198543,-11.555004,0 -47.199079,-11.555594,0</coordinates></LineString></Placemark>
<Placemark><name>12069231</name><styleUrl>#styleDaimonCIRCUITO43TRECHO</styleUrl><LineString><coordinates>-47.264652,-11.620871,0 -47.264659,-11.620905,0</coordinates></LineString></Placemark>
<Placemark><name>3633743</name><styleUrl>#styleDaimonCIRCUITO43TRECHO</styleUrl><LineString><coordinates>-47.264659,-11.620905,0 -47.264945,-11.622059,0</coordinates></LineString></Placemark>
<Placemark><name>3633742</name><styleUrl>#styleDaimonCIRCUITO43TRECHO</styleUrl><LineString><coordinates>-47.264503,-11.620238,0 -47.264652,-11.620871,0</coordinates></LineString></Placemark>
<Placemark><name>3632856</name><styleUrl>#styleDaimonCIRCUITO43TRECHO</styleUrl><LineString><coordinates>-47.264945,-11.622059,0 -47.265028,-11.623376,0</coordinates></LineString></Placemark>
<Placemark><name>12069328</name><styleUrl>#styleDaimonCIRCUITO43TRECHO</styleUrl><LineString><coordinates>-47.264503,-11.620238,0 -47.264523,-11.620235,0</coordinates></LineString></Placemark>
<Placemark><name>3633457</name><styleUrl>#styleDaimonCIRCUITO43TRECHO</styleUrl><LineString><coordinates>-47.264353,-11.619622,0 -47.264503,-11.620238,0</coordinates></LineString></Placemark>
<Placemark><name>12069335</name><styleUrl>#styleDaimonCIRCUITO43TRECHO</styleUrl><LineString><coordinates>-47.265028,-11.623376,0 -47.265029,-11.623409,0</coordinates></LineString></Placemark>
<Placemark><name>3633471</name><styleUrl>#styleDaimonCIRCUITO43TRECHO</styleUrl><LineString><coordinates>-47.264523,-11.620235,0 -47.265442,-11.620129,0</coordinates></LineString></Placemark>
<Placemark><name>3633468</name><styleUrl>#styleDaimonCIRCUITO43TRECHO</styleUrl><LineString><coordinates>-47.264072,-11.618919,0 -47.264353,-11.619622,0</coordinates></LineString></Placemark>
<Placemark><name>3633458</name><styleUrl>#styleDaimonCIRCUITO43TRECHO</styleUrl><LineString><coordinates>-47.265029,-11.623409,0 -47.264994,-11.624422,0</coordinates></LineString></Placemark>
<Placemark><name>3632857</name><styleUrl>#styleDaimonCIRCUITO43TRECHO</styleUrl><LineString><coordinates>-47.263832,-11.618322,0 -47.264072,-11.618919,0</coordinates></LineString></Placemark>
<Placemark><name>3633147</name><styleUrl>#styleDaimonCIRCUITO43TRECHO</styleUrl><LineString><coordinates>-47.264994,-11.624422,0 -47.264990,-11.625489,0</coordinates></LineString></Placemark>
<Placemark><name>12069331</name><styleUrl>#styleDaimonCIRCUITO43TRECHO</styleUrl><LineString><coordinates>-47.263844,-11.618300,0 -47.263832,-11.618322,0</coordinates></LineString></Placemark>
<Placemark><name>3633165</name><styleUrl>#styleDaimonCIRCUITO43TRECHO</styleUrl><LineString><coordinates>-47.264990,-11.625489,0 -47.264986,-11.626474,0</coordinates></LineString></Placemark>
<Placemark><name>12069324</name><styleUrl>#styleDaimonCIRCUITO43TRECHO</styleUrl><LineString><coordinates>-47.263844,-11.618300,0 -47.263810,-11.618307,0</coordinates></LineString></Placemark>
<Placemark><name>3633162</name><styleUrl>#styleDaimonCIRCUITO43TRECHO</styleUrl><LineString><coordinates>-47.265029,-11.618067,0 -47.263844,-11.618300,0</coordinates></LineString></Placemark>
<Placemark><name>3633469</name><styleUrl>#styleDaimonCIRCUITO43TRECHO</styleUrl><LineString><coordinates>-47.264986,-11.626474,0 -47.264983,-11.627395,0</coordinates></LineString></Placemark>
<Placemark><name>3633455</name><styleUrl>#styleDaimonCIRCUITO43TRECHO</styleUrl><LineString><coordinates>-47.263810,-11.618307,0 -47.263530,-11.618358,0</coordinates></LineString></Placemark>
<Placemark><name>3633148</name><styleUrl>#styleDaimonCIRCUITO43TRECHO</styleUrl><LineString><coordinates>-47.266224,-11.617831,0 -47.265029,-11.618067,0</coordinates></LineString></Placemark>
<Placemark><name>12069337</name><styleUrl>#styleDaimonCIRCUITO43TRECHO</styleUrl><LineString><coordinates>-47.264983,-11.627395,0 -47.264978,-11.627430,0</coordinates></LineString></Placemark>
<Placemark><name>12069233</name><styleUrl>#styleDaimonCIRCUITO43TRECHO</styleUrl><LineString><coordinates>-47.264983,-11.627395,0 -47.264999,-11.627406,0</coordinates></LineString></Placemark>
<Placemark><name>12069227</name><styleUrl>#styleDaimonCIRCUITO43TRECHO</styleUrl><LineString><coordinates>-47.266259,-11.617833,0 -47.266224,-11.617831,0</coordinates></LineString></Placemark>
<Placemark><name>3632849</name><styleUrl>#styleDaimonCIRCUITO43TRECHO</styleUrl><LineString><coordinates>-47.264978,-11.627430,0 -47.264807,-11.628123,0</coordinates></LineString></Placemark>
<Placemark><name>3633460</name><styleUrl>#styleDaimonCIRCUITO43TRECHO</styleUrl><LineString><coordinates>-47.264999,-11.627406,0 -47.265281,-11.627301,0</coordinates></LineString></Placemark>
<Placemark><name>3633166</name><styleUrl>#styleDaimonCIRCUITO43TRECHO</styleUrl><LineString><coordinates>-47.267317,-11.618139,0 -47.266259,-11.617833,0</coordinates></LineString></Placemark>
<Placemark><name>3633151</name><styleUrl>#styleDaimonCIRCUITO43TRECHO</styleUrl><LineString><coordinates>-47.264807,-11.628123,0 -47.264548,-11.629177,0</coordinates></LineString></Placemark>
<Placemark><name>12069323</name><styleUrl>#styleDaimonCIRCUITO43TRECHO</styleUrl><LineString><coordinates>-47.267353,-11.618144,0 -47.267317,-11.618139,0</coordinates></LineString></Placemark>
<Placemark><name>3633157</name><styleUrl>#styleDaimonCIRCUITO43TRECHO</styleUrl><LineString><coordinates>-47.264548,-11.629177,0 -47.264452,-11.630173,0</coordinates></LineString></Placemark>
<Placemark><name>3633146</name><styleUrl>#styleDaimonCIRCUITO43TRECHO</styleUrl><LineString><coordinates>-47.267982,-11.618152,0 -47.267353,-11.618144,0</coordinates></LineString></Placemark>
<Placemark><name>3633473</name><styleUrl>#styleDaimonCIRCUITO43TRECHO</styleUrl><LineString><coordinates>-47.264452,-11.630173,0 -47.264358,-11.631163,0</coordinates></LineString></Placemark>
<Placemark><name>3632855</name><styleUrl>#styleDaimonCIRCUITO43TRECHO</styleUrl><LineString><coordinates>-47.268634,-11.618157,0 -47.267982,-11.618152,0</coordinates></LineString></Placemark>
<Placemark><name>3633462</name><styleUrl>#styleDaimonCIRCUITO43TRECHO</styleUrl><LineString><coordinates>-47.264358,-11.631163,0 -47.264262,-11.632162,0</coordinates></LineString></Placemark>
<Placemark><name>3633478</name><styleUrl>#styleDaimonCIRCUITO43TRECHO</styleUrl><LineString><coordinates>-47.269230,-11.618282,0 -47.268634,-11.618157,0</coordinates></LineString></Placemark>
<Placemark><name>3633747</name><styleUrl>#styleDaimonCIRCUITO43TRECHO</styleUrl><LineString><coordinates>-47.264262,-11.632162,0 -47.264163,-11.633203,0</coordinates></LineString></Placemark>
<Placemark><name>3633470</name><styleUrl>#styleDaimonCIRCUITO43TRECHO</styleUrl><LineString><coordinates>-47.269930,-11.618428,0 -47.269230,-11.618282,0</coordinates></LineString></Placemark>
<Placemark><name>3632850</name><styleUrl>#styleDaimonCIRCUITO43TRECHO</styleUrl><LineString><coordinates>-47.264163,-11.633203,0 -47.264082,-11.634044,0</coordinates></LineString></Placemark>
<Placemark><name>12069327</name><styleUrl>#styleDaimonCIRCUITO43TRECHO</styleUrl><LineString><coordinates>-47.269965,-11.618427,0 -47.269930,-11.618428,0</coordinates></LineString></Placemark>
<Placemark><name>12069234</name><styleUrl>#styleDaimonCIRCUITO43TRECHO</styleUrl><LineString><coordinates>-47.264082,-11.634044,0 -47.264071,-11.634078,0</coordinates></LineString></Placemark>
<Placemark><name>3633459</name><styleUrl>#styleDaimonCIRCUITO43TRECHO</styleUrl><LineString><coordinates>-47.270716,-11.618249,0 -47.269965,-11.618427,0</coordinates></LineString></Placemark>
<Placemark><name>3633749</name><styleUrl>#styleDaimonCIRCUITO43TRECHO</styleUrl><LineString><coordinates>-47.264071,-11.634078,0 -47.263559,-11.634949,0</coordinates></LineString></Placemark>
<Placemark><name>12069336</name><styleUrl>#styleDaimonCIRCUITO43TRECHO</styleUrl><LineString><coordinates>-47.270734,-11.618226,0 -47.270716,-11.618249,0</coordinates></LineString></Placemark>
<Placemark><name>3633152</name><styleUrl>#styleDaimonCIRCUITO43TRECHO</styleUrl><LineString><coordinates>-47.263559,-11.634949,0 -47.263078,-11.635765,0</coordinates></LineString></Placemark>
<Placemark><name>3633456</name><styleUrl>#styleDaimonCIRCUITO43TRECHO</styleUrl><LineString><coordinates>-47.270672,-11.617661,0 -47.270734,-11.618226,0</coordinates></LineString></Placemark>
<Placemark><name>3633158</name><styleUrl>#styleDaimonCIRCUITO43TRECHO</styleUrl><LineString><coordinates>-47.263078,-11.635765,0 -47.262559,-11.636649,0</coordinates></LineString></Placemark>
<Placemark><name>3633467</name><styleUrl>#styleDaimonCIRCUITO43TRECHO</styleUrl><LineString><coordinates>-47.270603,-11.617032,0 -47.270672,-11.617661,0</coordinates></LineString></Placemark>
<Placemark><name>12069329</name><styleUrl>#styleDaimonCIRCUITO43TRECHO</styleUrl><LineString><coordinates>-47.262559,-11.636649,0 -47.262543,-11.636680,0</coordinates></LineString></Placemark>
<Placemark><name>3633161</name><styleUrl>#styleDaimonCIRCUITO43TRECHO</styleUrl><LineString><coordinates>-47.270559,-11.616115,0 -47.270603,-11.617032,0</coordinates></LineString></Placemark>
<Placemark><name>3633464</name><styleUrl>#styleDaimonCIRCUITO43TRECHO</styleUrl><LineString><coordinates>-47.262543,-11.636680,0 -47.262126,-11.637731,0</coordinates></LineString></Placemark>
<Placemark><name>3633744</name><styleUrl>#styleDaimonCIRCUITO43TRECHO</styleUrl><LineString><coordinates>-47.270542,-11.615519,0 -47.270559,-11.616115,0</coordinates></LineString></Placemark>
<Placemark><name>3633474</name><styleUrl>#styleDaimonCIRCUITO43TRECHO</styleUrl><LineString><coordinates>-47.262126,-11.637731,0 -47.261691,-11.638851,0</coordinates></LineString></Placemark>
<Placemark><name>12069232</name><styleUrl>#styleDaimonCIRCUITO43TRECHO</styleUrl><LineString><coordinates>-47.270547,-11.615485,0 -47.270542,-11.615519,0</coordinates></LineString></Placemark>
<Placemark><name>3633463</name><styleUrl>#styleDaimonCIRCUITO43TRECHO</styleUrl><LineString><coordinates>-47.261691,-11.638851,0 -47.261617,-11.639712,0</coordinates></LineString></Placemark>
<Placemark><name>12069228</name><styleUrl>#styleDaimonCIRCUITO43TRECHO</styleUrl><LineString><coordinates>-47.270547,-11.615485,0 -47.270522,-11.615488,0</coordinates></LineString></Placemark>
<Placemark><name>3632858</name><styleUrl>#styleDaimonCIRCUITO43TRECHO</styleUrl><LineString><coordinates>-47.270657,-11.615142,0 -47.270547,-11.615485,0</coordinates></LineString></Placemark>
<Placemark><name>3633748</name><styleUrl>#styleDaimonCIRCUITO43TRECHO</styleUrl><LineString><coordinates>-47.261617,-11.639712,0 -47.261540,-11.640609,0</coordinates></LineString></Placemark>
<Placemark><name>3633149</name><styleUrl>#styleDaimonCIRCUITO43TRECHO</styleUrl><LineString><coordinates>-47.270522,-11.615488,0 -47.269829,-11.614984,0</coordinates></LineString></Placemark>
<Placemark><name>12069332</name><styleUrl>#styleDaimonCIRCUITO43TRECHO</styleUrl><LineString><coordinates>-47.270666,-11.615110,0 -47.270657,-11.615142,0</coordinates></LineString></Placemark>
<Placemark><name>3632851</name><styleUrl>#styleDaimonCIRCUITO43TRECHO</styleUrl><LineString><coordinates>-47.261540,-11.640609,0 -47.261463,-11.641511,0</coordinates></LineString></Placemark>
<Placemark><name>3633145</name><styleUrl>#styleDaimonCIRCUITO43TRECHO</styleUrl><LineString><coordinates>-47.270817,-11.614416,0 -47.270666,-11.615110,0</coordinates></LineString></Placemark>
<Placemark><name>3633153</name><styleUrl>#styleDaimonCIRCUITO43TRECHO</styleUrl><LineString><coordinates>-47.261463,-11.641511,0 -47.261388,-11.642385,0</coordinates></LineString></Placemark>
<Placemark><name>12069325</name><styleUrl>#styleDaimonCIRCUITO43TRECHO</styleUrl><LineString><coordinates>-47.261388,-11.642385,0 -47.261402,-11.642414,0</coordinates></LineString></Placemark>
<Placemark><name>3633159</name><styleUrl>#styleDaimonCIRCUITO43TRECHO</styleUrl><LineString><coordinates>-47.261402,-11.642414,0 -47.262442,-11.643063,0</coordinates></LineString></Placemark>
<Placemark><name>3633751</name><styleUrl>#styleDaimonCIRCUITO43TRECHO</styleUrl><LineString><coordinates>-47.262442,-11.643063,0 -47.263790,-11.643895,0</coordinates></LineString></Placemark>
<Placemark><name>12069330</name><styleUrl>#styleDaimonCIRCUITO43TRECHO</styleUrl><LineString><coordinates>-47.263790,-11.643895,0 -47.263823,-11.643909,0</coordinates></LineString></Placemark>
<Placemark><name>3633144</name><styleUrl>#styleDaimonCIRCUITO43TRECHO</styleUrl><LineString><coordinates>-47.263823,-11.643909,0 -47.265097,-11.644198,0</coordinates></LineString></Placemark>
<Placemark><name>3633155</name><styleUrl>#styleDaimonCIRCUITO43TRECHO</styleUrl><LineString><coordinates>-47.265097,-11.644198,0 -47.266185,-11.644437,0</coordinates></LineString></Placemark>
<Placemark><name>12069326</name><styleUrl>#styleDaimonCIRCUITO43TRECHO</styleUrl><LineString><coordinates>-47.266185,-11.644437,0 -47.266220,-11.644434,0</coordinates></LineString></Placemark>
<Placemark><name>3633477</name><styleUrl>#styleDaimonCIRCUITO43TRECHO</styleUrl><LineString><coordinates>-47.266220,-11.644434,0 -47.266751,-11.644150,0</coordinates></LineString></Placemark>
<Placemark><name>3098997</name><styleUrl>#styleDaimonCIRCUITO43TRECHO</styleUrl><LineString><coordinates>-47.307822,-11.583313,0 -47.307819,-11.583419,0</coordinates></LineString></Placemark>
<Placemark><name>3375476</name><styleUrl>#styleDaimonCIRCUITO43TRECHO</styleUrl><LineString><coordinates>-47.301442,-11.584716,0 -47.300491,-11.583780,0</coordinates></LineString></Placemark>
<Placemark><name>3375475</name><styleUrl>#styleDaimonCIRCUITO43TRECHO</styleUrl><LineString><coordinates>-47.302349,-11.585561,0 -47.301442,-11.584716,0</coordinates></LineString></Placemark>
<Placemark><name>2592347</name><styleUrl>#styleDaimonCIRCUITO43TRECHO</styleUrl><LineString><coordinates>-47.306949,-11.581066,0 -47.306744,-11.581062,0</coordinates></LineString></Placemark>
<Placemark><name>3205774</name><styleUrl>#styleDaimonCIRCUITO43TRECHO</styleUrl><LineString><coordinates>-47.381847,-11.585248,0 -47.382489,-11.584471,0</coordinates></LineString></Placemark>
<Placemark><name>3369949</name><styleUrl>#styleDaimonCIRCUITO43TRECHO</styleUrl><LineString><coordinates>-47.382489,-11.584471,0 -47.383467,-11.583316,0</coordinates></LineString></Placemark>
<Placemark><name>3205773</name><styleUrl>#styleDaimonCIRCUITO43TRECHO</styleUrl><LineString><coordinates>-47.381298,-11.585924,0 -47.381847,-11.585248,0</coordinates></LineString></Placemark>
<Placemark><name>3377397</name><styleUrl>#styleDaimonCIRCUITO43TRECHO</styleUrl><LineString><coordinates>-47.383467,-11.583316,0 -47.384285,-11.582521,0</coordinates></LineString></Placemark>
<Placemark><name>3205772</name><styleUrl>#styleDaimonCIRCUITO43TRECHO</styleUrl><LineString><coordinates>-47.380727,-11.586599,0 -47.381298,-11.585924,0</coordinates></LineString></Placemark>
<Placemark><name>3205785</name><styleUrl>#styleDaimonCIRCUITO43TRECHO</styleUrl><LineString><coordinates>-47.384285,-11.582521,0 -47.385015,-11.581585,0</coordinates></LineString></Placemark>
<Placemark><name>3205771</name><styleUrl>#styleDaimonCIRCUITO43TRECHO</styleUrl><LineString><coordinates>-47.379871,-11.587608,0 -47.380727,-11.586599,0</coordinates></LineString></Placemark>
<Placemark><name>3205786</name><styleUrl>#styleDaimonCIRCUITO43TRECHO</styleUrl><LineString><coordinates>-47.385015,-11.581585,0 -47.386019,-11.580445,0</coordinates></LineString></Placemark>
<Placemark><name>3198156</name><styleUrl>#styleDaimonCIRCUITO43TRECHO</styleUrl><LineString><coordinates>-47.378883,-11.588775,0 -47.379871,-11.587608,0</coordinates></LineString></Placemark>
<Placemark><name>12110326</name><styleUrl>#styleDaimonCIRCUITO43TRECHO</styleUrl><LineString><coordinates>-47.386019,-11.580445,0 -47.386042,-11.580419,0</coordinates></LineString></Placemark>
<Placemark><name>12109744</name><styleUrl>#styleDaimonCIRCUITO43TRECHO</styleUrl><LineString><coordinates>-47.378860,-11.588801,0 -47.378883,-11.588775,0</coordinates></LineString></Placemark>
<Placemark><name>3377396</name><styleUrl>#styleDaimonCIRCUITO43TRECHO</styleUrl><LineString><coordinates>-47.386042,-11.580419,0 -47.386508,-11.579847,0</coordinates></LineString></Placemark>
<Placemark><name>3198155</name><styleUrl>#styleDaimonCIRCUITO43TRECHO</styleUrl><LineString><coordinates>-47.378123,-11.589637,0 -47.378860,-11.588801,0</coordinates></LineString></Placemark>
<Placemark><name>3198146</name><styleUrl>#styleDaimonCIRCUITO43TRECHO</styleUrl><LineString><coordinates>-47.386508,-11.579847,0 -47.387414,-11.578776,0</coordinates></LineString></Placemark>
<Placemark><name>3198154</name><styleUrl>#styleDaimonCIRCUITO43TRECHO</styleUrl><LineString><coordinates>-47.377251,-11.590646,0 -47.378123,-11.589637,0</coordinates></LineString></Placemark>
<Placemark><name>3205787</name><styleUrl>#styleDaimonCIRCUITO43TRECHO</styleUrl><LineString><coordinates>-47.387414,-11.578776,0 -47.387996,-11.578121,0</coordinates></LineString></Placemark>
<Placemark><name>3080286</name><styleUrl>#styleDaimonCIRCUITO43TRECHO</styleUrl><LineString><coordinates>-47.376403,-11.591666,0 -47.377251,-11.590646,0</coordinates></LineString></Placemark>
<Placemark><name>3198148</name><styleUrl>#styleDaimonCIRCUITO43TRECHO</styleUrl><LineString><coordinates>-47.387996,-11.578121,0 -47.388971,-11.576922,0</coordinates></LineString></Placemark>
<Placemark><name>3080285</name><styleUrl>#styleDaimonCIRCUITO43TRECHO</styleUrl><LineString><coordinates>-47.375503,-11.592741,0 -47.376403,-11.591666,0</coordinates></LineString></Placemark>
<Placemark><name>3198147</name><styleUrl>#styleDaimonCIRCUITO43TRECHO</styleUrl><LineString><coordinates>-47.388971,-11.576922,0 -47.389456,-11.576367,0</coordinates></LineString></Placemark>
<Placemark><name>3087715</name><styleUrl>#styleDaimonCIRCUITO43TRECHO</styleUrl><LineString><coordinates>-47.374711,-11.593729,0 -47.375503,-11.592741,0</coordinates></LineString></Placemark>
<Placemark><name>3198149</name><styleUrl>#styleDaimonCIRCUITO43TRECHO</styleUrl><LineString><coordinates>-47.389456,-11.576367,0 -47.389663,-11.575291,0</coordinates></LineString></Placemark>
<Placemark><name>3087711</name><styleUrl>#styleDaimonCIRCUITO43TRECHO</styleUrl><LineString><coordinates>-47.373808,-11.594751,0 -47.374711,-11.593729,0</coordinates></LineString></Placemark>
<Placemark><name>3198150</name><styleUrl>#styleDaimonCIRCUITO43TRECHO</styleUrl><LineString><coordinates>-47.389663,-11.575291,0 -47.389885,-11.573762,0</coordinates></LineString></Placemark>
<Placemark><name>3087710</name><styleUrl>#styleDaimonCIRCUITO43TRECHO</styleUrl><LineString><coordinates>-47.373446,-11.595826,0 -47.373808,-11.594751,0</coordinates></LineString></Placemark>
<Placemark><name>3078866</name><styleUrl>#styleDaimonCIRCUITO43TRECHO</styleUrl><LineString><coordinates>-47.389885,-11.573762,0 -47.390161,-11.572365,0</coordinates></LineString></Placemark>
<Placemark><name>3087709</name><styleUrl>#styleDaimonCIRCUITO43TRECHO</styleUrl><LineString><coordinates>-47.373094,-11.596938,0 -47.373446,-11.595826,0</coordinates></LineString></Placemark>
<Placemark><name>3078865</name><styleUrl>#styleDaimonCIRCUITO43TRECHO</styleUrl><LineString><coordinates>-47.390161,-11.572365,0 -47.390418,-11.571052,0</coordinates></LineString></Placemark>
<Placemark><name>3087708</name><styleUrl>#styleDaimonCIRCUITO43TRECHO</styleUrl><LineString><coordinates>-47.372400,-11.597712,0 -47.373094,-11.596938,0</coordinates></LineString></Placemark>
<Placemark><name>12099162</name><styleUrl>#styleDaimonCIRCUITO43TRECHO</styleUrl><LineString><coordinates>-47.390418,-11.571052,0 -47.390384,-11.571051,0</coordinates></LineString></Placemark>
<Placemark><name>3078868</name><styleUrl>#styleDaimonCIRCUITO43TRECHO</styleUrl><LineString><coordinates>-47.390418,-11.571052,0 -47.390636,-11.569809,0</coordinates></LineString></Placemark>
<Placemark><name>3496832</name><styleUrl>#styleDaimonCIRCUITO43TRECHO</styleUrl><LineString><coordinates>-47.371491,-11.598709,0 -47.372400,-11.597712,0</coordinates></LineString></Placemark>
<Placemark><name>2773992</name><styleUrl>#styleDaimonCIRCUITO43TRECHO</styleUrl><LineString><coordinates>-47.390384,-11.571051,0 -47.390058,-11.570948,0</coordinates></LineString></Placemark>
<Placemark><name>12109745</name><styleUrl>#styleDaimonCIRCUITO43TRECHO</styleUrl><LineString><coordinates>-47.390636,-11.569809,0 -47.390642,-11.569775,0</coordinates></LineString></Placemark>
<Placemark><name>3496831</name><styleUrl>#styleDaimonCIRCUITO43TRECHO</styleUrl><LineString><coordinates>-47.370694,-11.599657,0 -47.371491,-11.598709,0</coordinates></LineString></Placemark>
<Placemark><name>3078867</name><styleUrl>#styleDaimonCIRCUITO43TRECHO</styleUrl><LineString><coordinates>-47.390642,-11.569775,0 -47.390879,-11.568486,0</coordinates></LineString></Placemark>
<Placemark><name>3496830</name><styleUrl>#styleDaimonCIRCUITO43TRECHO</styleUrl><LineString><coordinates>-47.369795,-11.600608,0 -47.370694,-11.599657,0</coordinates></LineString></Placemark>
<Placemark><name>3377398</name><styleUrl>#styleDaimonCIRCUITO43TRECHO</styleUrl><LineString><coordinates>-47.390879,-11.568486,0 -47.391146,-11.567140,0</coordinates></LineString></Placemark>
<Placemark><name>12109743</name><styleUrl>#styleDaimonCIRCUITO43TRECHO</styleUrl><LineString><coordinates>-47.369771,-11.600633,0 -47.369795,-11.600608,0</coordinates></LineString></Placemark>
<Placemark><name>3377399</name><styleUrl>#styleDaimonCIRCUITO43TRECHO</styleUrl><LineString><coordinates>-47.391146,-11.567140,0 -47.391369,-11.565924,0</coordinates></LineString></Placemark>
<Placemark><name>3369697</name><styleUrl>#styleDaimonCIRCUITO43TRECHO</styleUrl><LineString><coordinates>-47.368848,-11.601611,0 -47.369771,-11.600633,0</coordinates></LineString></Placemark>
<Placemark><name>2671254</name><styleUrl>#styleDaimonCIRCUITO43TRECHO</styleUrl><LineString><coordinates>-47.391369,-11.565924,0 -47.391600,-11.564768,0</coordinates></LineString></Placemark>
<Placemark><name>2876609</name><styleUrl>#styleDaimonCIRCUITO43TRECHO</styleUrl><LineString><coordinates>-47.368734,-11.601745,0 -47.368848,-11.601611,0</coordinates></LineString></Placemark>
<Placemark><name>2671255</name><styleUrl>#styleDaimonCIRCUITO43TRECHO</styleUrl><LineString><coordinates>-47.391600,-11.564768,0 -47.391764,-11.563820,0</coordinates></LineString></Placemark>
<Placemark><name>12099889</name><styleUrl>#styleDaimonCIRCUITO43TRECHO</styleUrl><LineString><coordinates>-47.368734,-11.601745,0 -47.368709,-11.601726,0</coordinates></LineString></Placemark>
<Placemark><name>2876608</name><styleUrl>#styleDaimonCIRCUITO43TRECHO</styleUrl><LineString><coordinates>-47.368005,-11.602597,0 -47.368734,-11.601745,0</coordinates></LineString></Placemark>
<Placemark><name>2574790</name><styleUrl>#styleDaimonCIRCUITO43TRECHO</styleUrl><LineString><coordinates>-47.391764,-11.563820,0 -47.391948,-11.562795,0</coordinates></LineString></Placemark>
<Placemark><name>2876610</name><styleUrl>#styleDaimonCIRCUITO43TRECHO</styleUrl><LineString><coordinates>-47.368709,-11.601726,0 -47.368597,-11.601621,0</coordinates></LineString></Placemark>
<Placemark><name>3369696</name><styleUrl>#styleDaimonCIRCUITO43TRECHO</styleUrl><LineString><coordinates>-47.367060,-11.603624,0 -47.368005,-11.602597,0</coordinates></LineString></Placemark>
<Placemark><name>12110325</name><styleUrl>#styleDaimonCIRCUITO43TRECHO</styleUrl><LineString><coordinates>-47.391948,-11.562795,0 -47.391954,-11.562761,0</coordinates></LineString></Placemark>
<Placemark><name>3369692</name><styleUrl>#styleDaimonCIRCUITO43TRECHO</styleUrl><LineString><coordinates>-47.366153,-11.604631,0 -47.367060,-11.603624,0</coordinates></LineString></Placemark>
<Placemark><name>2574791</name><styleUrl>#styleDaimonCIRCUITO43TRECHO</styleUrl><LineString><coordinates>-47.391954,-11.562761,0 -47.392223,-11.561518,0</coordinates></LineString></Placemark>
<Placemark><name>3378196</name><styleUrl>#styleDaimonCIRCUITO43TRECHO</styleUrl><LineString><coordinates>-47.365207,-11.605665,0 -47.366153,-11.604631,0</coordinates></LineString></Placemark>
<Placemark><name>3198151</name><styleUrl>#styleDaimonCIRCUITO43TRECHO</styleUrl><LineString><coordinates>-47.392223,-11.561518,0 -47.392543,-11.560033,0</coordinates></LineString></Placemark>
<Placemark><name>3378195</name><styleUrl>#styleDaimonCIRCUITO43TRECHO</styleUrl><LineString><coordinates>-47.364295,-11.606672,0 -47.365207,-11.605665,0</coordinates></LineString></Placemark>
<Placemark><name>2670466</name><styleUrl>#styleDaimonCIRCUITO43TRECHO</styleUrl><LineString><coordinates>-47.392543,-11.560033,0 -47.392671,-11.559294,0</coordinates></LineString></Placemark>
<Placemark><name>41617503</name><styleUrl>#styleDaimonCIRCUITO43TRECHO</styleUrl><LineString><coordinates>-47.364295,-11.606672,0 -47.364302,-11.606682,0</coordinates></LineString></Placemark>
<Placemark><name>3378194</name><styleUrl>#styleDaimonCIRCUITO43TRECHO</styleUrl><LineString><coordinates>-47.363398,-11.607634,0 -47.364295,-11.606672,0</coordinates></LineString></Placemark>
<Placemark><name>2670467</name><styleUrl>#styleDaimonCIRCUITO43TRECHO</styleUrl><LineString><coordinates>-47.392671,-11.559294,0 -47.392763,-11.558724,0</coordinates></LineString></Placemark>
<Placemark><name>41617483</name><styleUrl>#styleDaimonCIRCUITO43TRECHO</styleUrl><LineString><coordinates>-47.364302,-11.606682,0 -47.364479,-11.606863,0</coordinates></LineString></Placemark>
<Placemark><name>3377411</name><styleUrl>#styleDaimonCIRCUITO43TRECHO</styleUrl><LineString><coordinates>-47.362522,-11.608626,0 -47.363398,-11.607634,0</coordinates></LineString></Placemark>
<Placemark><name>2670468</name><styleUrl>#styleDaimonCIRCUITO43TRECHO</styleUrl><LineString><coordinates>-47.392763,-11.558724,0 -47.392964,-11.557683,0</coordinates></LineString></Placemark>
<Placemark><name>3377410</name><styleUrl>#styleDaimonCIRCUITO43TRECHO</styleUrl><LineString><coordinates>-47.361615,-11.609594,0 -47.362522,-11.608626,0</coordinates></LineString></Placemark>
<Placemark><name>3377711</name><styleUrl>#styleDaimonCIRCUITO43TRECHO</styleUrl><LineString><coordinates>-47.392964,-11.557683,0 -47.393286,-11.556058,0</coordinates></LineString></Placemark>
<Placemark><name>3377408</name><styleUrl>#styleDaimonCIRCUITO43TRECHO</styleUrl><LineString><coordinates>-47.360773,-11.610533,0 -47.361615,-11.609594,0</coordinates></LineString></Placemark>
<Placemark><name>3377712</name><styleUrl>#styleDaimonCIRCUITO43TRECHO</styleUrl><LineString><coordinates>-47.393286,-11.556058,0 -47.393346,-11.555677,0</coordinates></LineString></Placemark>
<Placemark><name>2670441</name><styleUrl>#styleDaimonCIRCUITO43TRECHO</styleUrl><LineString><coordinates>-47.360113,-11.611266,0 -47.360773,-11.610533,0</coordinates></LineString></Placemark>
<Placemark><name>3377713</name><styleUrl>#styleDaimonCIRCUITO43TRECHO</styleUrl><LineString><coordinates>-47.393346,-11.555677,0 -47.393362,-11.554096,0</coordinates></LineString></Placemark>
<Placemark><name>3377212</name><styleUrl>#styleDaimonCIRCUITO43TRECHO</styleUrl><LineString><coordinates>-47.393362,-11.554096,0 -47.393402,-11.552365,0</coordinates></LineString></Placemark>
<Placemark><name>3377213</name><styleUrl>#styleDaimonCIRCUITO43TRECHO</styleUrl><LineString><coordinates>-47.393402,-11.552365,0 -47.393484,-11.551060,0</coordinates></LineString></Placemark>
<Placemark><name>2670128</name><styleUrl>#styleDaimonCIRCUITO43TRECHO</styleUrl><LineString><coordinates>-47.393484,-11.551060,0 -47.393644,-11.549900,0</coordinates></LineString></Placemark>
<Placemark><name>2670129</name><styleUrl>#styleDaimonCIRCUITO43TRECHO</styleUrl><LineString><coordinates>-47.393644,-11.549900,0 -47.393819,-11.548743,0</coordinates></LineString></Placemark>
<Placemark><name>12174391</name><styleUrl>#styleDaimonCIRCUITO43TRECHO</styleUrl><LineString><coordinates>-47.393819,-11.548743,0 -47.393793,-11.548739,0</coordinates></LineString></Placemark>
<Placemark><name>2670130</name><styleUrl>#styleDaimonCIRCUITO43TRECHO</styleUrl><LineString><coordinates>-47.393819,-11.548743,0 -47.393906,-11.547737,0</coordinates></LineString></Placemark>
<Placemark><name>3547078</name><styleUrl>#styleDaimonCIRCUITO43TRECHO</styleUrl><LineString><coordinates>-47.393793,-11.548739,0 -47.393757,-11.548764,0</coordinates></LineString></Placemark>
<Placemark><name>2670131</name><styleUrl>#styleDaimonCIRCUITO43TRECHO</styleUrl><LineString><coordinates>-47.393906,-11.547737,0 -47.393910,-11.547400,0</coordinates></LineString></Placemark>
<Placemark><name>3198158</name><styleUrl>#styleDaimonCIRCUITO43TRECHO</styleUrl><LineString><coordinates>-47.355043,-11.671485,0 -47.354311,-11.672181,0</coordinates></LineString></Placemark>
<Placemark><name>3205539</name><styleUrl>#styleDaimonCIRCUITO43TRECHO</styleUrl><LineString><coordinates>-47.354311,-11.672181,0 -47.353534,-11.672980,0</coordinates></LineString></Placemark>
<Placemark><name>3198157</name><styleUrl>#styleDaimonCIRCUITO43TRECHO</styleUrl><LineString><coordinates>-47.355961,-11.670477,0 -47.355043,-11.671485,0</coordinates></LineString></Placemark>
<Placemark><name>2672474</name><styleUrl>#styleDaimonCIRCUITO43TRECHO</styleUrl><LineString><coordinates>-47.353534,-11.672980,0 -47.352713,-11.673849,0</coordinates></LineString></Placemark>
<Placemark><name>2671637</name><styleUrl>#styleDaimonCIRCUITO43TRECHO</styleUrl><LineString><coordinates>-47.356662,-11.669755,0 -47.355961,-11.670477,0</coordinates></LineString></Placemark>
<Placemark><name>2672477</name><styleUrl>#styleDaimonCIRCUITO43TRECHO</styleUrl><LineString><coordinates>-47.352713,-11.673849,0 -47.351909,-11.674660,0</coordinates></LineString></Placemark>
<Placemark><name>12090664</name><styleUrl>#styleDaimonCIRCUITO43TRECHO</styleUrl><LineString><coordinates>-47.356686,-11.669731,0 -47.356662,-11.669755,0</coordinates></LineString></Placemark>
<Placemark><name>3369947</name><styleUrl>#styleDaimonCIRCUITO43TRECHO</styleUrl><LineString><coordinates>-47.351909,-11.674660,0 -47.350992,-11.675348,0</coordinates></LineString></Placemark>
<Placemark><name>2671467</name><styleUrl>#styleDaimonCIRCUITO43TRECHO</styleUrl><LineString><coordinates>-47.358087,-11.668358,0 -47.356686,-11.669731,0</coordinates></LineString></Placemark>
<Placemark><name>3369948</name><styleUrl>#styleDaimonCIRCUITO43TRECHO</styleUrl><LineString><coordinates>-47.350992,-11.675348,0 -47.350759,-11.675499,0</coordinates></LineString></Placemark>
<Placemark><name>12092041</name><styleUrl>#styleDaimonCIRCUITO43TRECHO</styleUrl><LineString><coordinates>-47.358111,-11.668334,0 -47.358087,-11.668358,0</coordinates></LineString></Placemark>
<Placemark><name>12114480</name><styleUrl>#styleDaimonCIRCUITO43TRECHO</styleUrl><LineString><coordinates>-47.350759,-11.675499,0 -47.350745,-11.675515,0</coordinates></LineString></Placemark>
<Placemark><name>3198153</name><styleUrl>#styleDaimonCIRCUITO43TRECHO</styleUrl><LineString><coordinates>-47.358715,-11.667680,0 -47.358111,-11.668334,0</coordinates></LineString></Placemark>
<Placemark><name>3647633</name><styleUrl>#styleDaimonCIRCUITO43TRECHO</styleUrl><LineString><coordinates>-47.350745,-11.675515,0 -47.350568,-11.676272,0</coordinates></LineString></Placemark>
<Placemark><name>3087716</name><styleUrl>#styleDaimonCIRCUITO43TRECHO</styleUrl><LineString><coordinates>-47.359908,-11.666501,0 -47.358715,-11.667680,0</coordinates></LineString></Placemark>
<Placemark><name>3647632</name><styleUrl>#styleDaimonCIRCUITO43TRECHO</styleUrl><LineString><coordinates>-47.350568,-11.676272,0 -47.350379,-11.677028,0</coordinates></LineString></Placemark>
<Placemark><name>3087714</name><styleUrl>#styleDaimonCIRCUITO43TRECHO</styleUrl><LineString><coordinates>-47.360590,-11.665818,0 -47.359908,-11.666501,0</coordinates></LineString></Placemark>
<Placemark><name>12114482</name><styleUrl>#styleDaimonCIRCUITO43TRECHO</styleUrl><LineString><coordinates>-47.350379,-11.677028,0 -47.350372,-11.677043,0</coordinates></LineString></Placemark>
<Placemark><name>3087713</name><styleUrl>#styleDaimonCIRCUITO43TRECHO</styleUrl><LineString><coordinates>-47.361849,-11.664539,0 -47.360590,-11.665818,0</coordinates></LineString></Placemark>
<Placemark><name>3647631</name><styleUrl>#styleDaimonCIRCUITO43TRECHO</styleUrl><LineString><coordinates>-47.350372,-11.677043,0 -47.349629,-11.677461,0</coordinates></LineString></Placemark>
<Placemark><name>3087712</name><styleUrl>#styleDaimonCIRCUITO43TRECHO</styleUrl><LineString><coordinates>-47.362586,-11.663757,0 -47.361849,-11.664539,0</coordinates></LineString></Placemark>
<Placemark><name>12114481</name><styleUrl>#styleDaimonCIRCUITO43TRECHO</styleUrl><LineString><coordinates>-47.349629,-11.677461,0 -47.349608,-11.677460,0</coordinates></LineString></Placemark>
<Placemark><name>3087707</name><styleUrl>#styleDaimonCIRCUITO43TRECHO</styleUrl><LineString><coordinates>-47.363366,-11.662979,0 -47.362586,-11.663757,0</coordinates></LineString></Placemark>
<Placemark><name>3647634</name><styleUrl>#styleDaimonCIRCUITO43TRECHO</styleUrl><LineString><coordinates>-47.349608,-11.677460,0 -47.349044,-11.677248,0</coordinates></LineString></Placemark>
<Placemark><name>3087706</name><styleUrl>#styleDaimonCIRCUITO43TRECHO</styleUrl><LineString><coordinates>-47.364221,-11.662120,0 -47.363366,-11.662979,0</coordinates></LineString></Placemark>
<Placemark><name>12157232</name><styleUrl>#styleDaimonCIRCUITO43TRECHO</styleUrl><LineString><coordinates>-47.349044,-11.677248,0 -47.349039,-11.677260,0</coordinates></LineString></Placemark>
<Placemark><name>3647635</name><styleUrl>#styleDaimonCIRCUITO43TRECHO</styleUrl><LineString><coordinates>-47.349044,-11.677248,0 -47.348382,-11.676998,0</coordinates></LineString></Placemark>
<Placemark><name>3378497</name><styleUrl>#styleDaimonCIRCUITO43TRECHO</styleUrl><LineString><coordinates>-47.365005,-11.661298,0 -47.364221,-11.662120,0</coordinates></LineString></Placemark>
<Placemark><name>3647642</name><styleUrl>#styleDaimonCIRCUITO43TRECHO</styleUrl><LineString><coordinates>-47.349039,-11.677260,0 -47.348131,-11.678128,0</coordinates></LineString></Placemark>
<Placemark><name>3496829</name><styleUrl>#styleDaimonCIRCUITO43TRECHO</styleUrl><LineString><coordinates>-47.365767,-11.660510,0 -47.365005,-11.661298,0</coordinates></LineString></Placemark>
<Placemark><name>12092040</name><styleUrl>#styleDaimonCIRCUITO43TRECHO</styleUrl><LineString><coordinates>-47.365791,-11.660486,0 -47.365767,-11.660510,0</coordinates></LineString></Placemark>
<Placemark><name>3369699</name><styleUrl>#styleDaimonCIRCUITO43TRECHO</styleUrl><LineString><coordinates>-47.366502,-11.659782,0 -47.365791,-11.660486,0</coordinates></LineString></Placemark>
<Placemark><name>46569981</name><styleUrl>#styleDaimonCIRCUITO43TRECHO</styleUrl><LineString><coordinates>-47.367268,-11.659027,0 -47.366502,-11.659782,0</coordinates></LineString></Placemark>
<Placemark><name>12092039</name><styleUrl>#styleDaimonCIRCUITO43TRECHO</styleUrl><LineString><coordinates>-47.367291,-11.659002,0 -47.367268,-11.659027,0</coordinates></LineString></Placemark>
<Placemark><name>3369698</name><styleUrl>#styleDaimonCIRCUITO43TRECHO</styleUrl><LineString><coordinates>-47.368358,-11.657852,0 -47.367291,-11.659002,0</coordinates></LineString></Placemark>
<Placemark><name>3369695</name><styleUrl>#styleDaimonCIRCUITO43TRECHO</styleUrl><LineString><coordinates>-47.369169,-11.656975,0 -47.368358,-11.657852,0</coordinates></LineString></Placemark>
<Placemark><name>3369694</name><styleUrl>#styleDaimonCIRCUITO43TRECHO</styleUrl><LineString><coordinates>-47.369990,-11.656279,0 -47.369169,-11.656975,0</coordinates></LineString></Placemark>
<Placemark><name>3369693</name><styleUrl>#styleDaimonCIRCUITO43TRECHO</styleUrl><LineString><coordinates>-47.370731,-11.655738,0 -47.369990,-11.656279,0</coordinates></LineString></Placemark>
<Placemark><name>3369691</name><styleUrl>#styleDaimonCIRCUITO43TRECHO</styleUrl><LineString><coordinates>-47.372098,-11.654653,0 -47.370731,-11.655738,0</coordinates></LineString></Placemark>
<Placemark><name>3378193</name><styleUrl>#styleDaimonCIRCUITO43TRECHO</styleUrl><LineString><coordinates>-47.373087,-11.653855,0 -47.372098,-11.654653,0</coordinates></LineString></Placemark>
<Placemark><name>3377358</name><styleUrl>#styleDaimonCIRCUITO43TRECHO</styleUrl><LineString><coordinates>-47.374042,-11.653066,0 -47.373087,-11.653855,0</coordinates></LineString></Placemark>
<Placemark><name>3377357</name><styleUrl>#styleDaimonCIRCUITO43TRECHO</styleUrl><LineString><coordinates>-47.374997,-11.652271,0 -47.374042,-11.653066,0</coordinates></LineString></Placemark>
<Placemark><name>3370551</name><styleUrl>#styleDaimonCIRCUITO43TRECHO</styleUrl><LineString><coordinates>-47.375689,-11.651595,0 -47.374997,-11.652271,0</coordinates></LineString></Placemark>
<Placemark><name>2671216</name><styleUrl>#styleDaimonCIRCUITO43TRECHO</styleUrl><LineString><coordinates>-47.376578,-11.650933,0 -47.375689,-11.651595,0</coordinates></LineString></Placemark>
<Placemark><name>12092038</name><styleUrl>#styleDaimonCIRCUITO43TRECHO</styleUrl><LineString><coordinates>-47.376605,-11.650912,0 -47.376578,-11.650933,0</coordinates></LineString></Placemark>
<Placemark><name>3377409</name><styleUrl>#styleDaimonCIRCUITO43TRECHO</styleUrl><LineString><coordinates>-47.378206,-11.649586,0 -47.376605,-11.650912,0</coordinates></LineString></Placemark>
<Placemark><name>12091682</name><styleUrl>#styleDaimonCIRCUITO43TRECHO</styleUrl><LineString><coordinates>-47.378233,-11.649566,0 -47.378206,-11.649586,0</coordinates></LineString></Placemark>
<Placemark><name>3377407</name><styleUrl>#styleDaimonCIRCUITO43TRECHO</styleUrl><LineString><coordinates>-47.379288,-11.648716,0 -47.378233,-11.649566,0</coordinates></LineString></Placemark>
<Placemark><name>3377406</name><styleUrl>#styleDaimonCIRCUITO43TRECHO</styleUrl><LineString><coordinates>-47.380436,-11.647732,0 -47.379288,-11.648716,0</coordinates></LineString></Placemark>
<Placemark><name>3377405</name><styleUrl>#styleDaimonCIRCUITO43TRECHO</styleUrl><LineString><coordinates>-47.381648,-11.646704,0 -47.380436,-11.647732,0</coordinates></LineString></Placemark>
<Placemark><name>12091681</name><styleUrl>#styleDaimonCIRCUITO43TRECHO</styleUrl><LineString><coordinates>-47.381675,-11.646683,0 -47.381648,-11.646704,0</coordinates></LineString></Placemark>
<Placemark><name>3203421</name><styleUrl>#styleDaimonCIRCUITO43TRECHO</styleUrl><LineString><coordinates>-47.383132,-11.645519,0 -47.381675,-11.646683,0</coordinates></LineString></Placemark>
<Placemark><name>12091589</name><styleUrl>#styleDaimonCIRCUITO43TRECHO</styleUrl><LineString><coordinates>-47.383159,-11.645500,0 -47.383132,-11.645519,0</coordinates></LineString></Placemark>
<Placemark><name>3203420</name><styleUrl>#styleDaimonCIRCUITO43TRECHO</styleUrl><LineString><coordinates>-47.383499,-11.645250,0 -47.383159,-11.645500,0</coordinates></LineString></Placemark>
<Placemark><name>3104711</name><styleUrl>#styleDaimonCIRCUITO43TRECHO</styleUrl><LineString><coordinates>-47.384817,-11.644242,0 -47.383499,-11.645250,0</coordinates></LineString></Placemark>
<Placemark><name>3104710</name><styleUrl>#styleDaimonCIRCUITO43TRECHO</styleUrl><LineString><coordinates>-47.385659,-11.643996,0 -47.384817,-11.644242,0</coordinates></LineString></Placemark>
<Placemark><name>3100151</name><styleUrl>#styleDaimonCIRCUITO43TRECHO</styleUrl><LineString><coordinates>-47.386692,-11.643346,0 -47.385659,-11.643996,0</coordinates></LineString></Placemark>
<Placemark><name>3100150</name><styleUrl>#styleDaimonCIRCUITO43TRECHO</styleUrl><LineString><coordinates>-47.387427,-11.642848,0 -47.386692,-11.643346,0</coordinates></LineString></Placemark>
<Placemark><name>3100149</name><styleUrl>#styleDaimonCIRCUITO43TRECHO</styleUrl><LineString><coordinates>-47.388202,-11.642268,0 -47.387427,-11.642848,0</coordinates></LineString></Placemark>
<Placemark><name>3498122</name><styleUrl>#styleDaimonCIRCUITO43TRECHO</styleUrl><LineString><coordinates>-47.388804,-11.641746,0 -47.388202,-11.642268,0</coordinates></LineString></Placemark>
<Placemark><name>3498121</name><styleUrl>#styleDaimonCIRCUITO43TRECHO</styleUrl><LineString><coordinates>-47.389708,-11.641045,0 -47.388804,-11.641746,0</coordinates></LineString></Placemark>
<Placemark><name>3498120</name><styleUrl>#styleDaimonCIRCUITO43TRECHO</styleUrl><LineString><coordinates>-47.391027,-11.639949,0 -47.389708,-11.641045,0</coordinates></LineString></Placemark>
<Placemark><name>12090663</name><styleUrl>#styleDaimonCIRCUITO43TRECHO</styleUrl><LineString><coordinates>-47.391054,-11.639928,0 -47.391027,-11.639949,0</coordinates></LineString></Placemark>
<Placemark><name>2672475</name><styleUrl>#styleDaimonCIRCUITO43TRECHO</styleUrl><LineString><coordinates>-47.391548,-11.639562,0 -47.391054,-11.639928,0</coordinates></LineString></Placemark>
<Placemark><name>3663797</name><styleUrl>#styleDaimonCIRCUITO43TRECHO</styleUrl><LineString><coordinates>-47.398022,-11.645070,0 -47.398045,-11.645047,0</coordinates></LineString></Placemark>
<Placemark><name>3663454</name><styleUrl>#styleDaimonCIRCUITO43TRECHO</styleUrl><LineString><coordinates>-47.398495,-11.645467,0 -47.398512,-11.645492,0</coordinates></LineString></Placemark>
<Placemark><name>3651856</name><styleUrl>#styleDaimonCIRCUITO43TRECHO</styleUrl><LineString><coordinates>-47.398470,-11.645479,0 -47.398495,-11.645467,0</coordinates></LineString></Placemark>
<Placemark><name>12117041</name><styleUrl>#styleDaimonCIRCUITO43TRECHO</styleUrl><LineString><coordinates>-47.391026,-11.638181,0 -47.391049,-11.638155,0</coordinates></LineString></Placemark>
<Placemark><name>3576380</name><styleUrl>#styleDaimonCIRCUITO43TRECHO</styleUrl><LineString><coordinates>-47.390802,-11.638451,0 -47.391026,-11.638181,0</coordinates></LineString></Placemark>
<Placemark><name>3576381</name><styleUrl>#styleDaimonCIRCUITO43TRECHO</styleUrl><LineString><coordinates>-47.391049,-11.638155,0 -47.391759,-11.637286,0</coordinates></LineString></Placemark>
<Placemark><name>3576382</name><styleUrl>#styleDaimonCIRCUITO43TRECHO</styleUrl><LineString><coordinates>-47.391759,-11.637286,0 -47.392540,-11.636361,0</coordinates></LineString></Placemark>
<Placemark><name>3576383</name><styleUrl>#styleDaimonCIRCUITO43TRECHO</styleUrl><LineString><coordinates>-47.392540,-11.636361,0 -47.393332,-11.635391,0</coordinates></LineString></Placemark>
<Placemark><name>3576384</name><styleUrl>#styleDaimonCIRCUITO43TRECHO</styleUrl><LineString><coordinates>-47.393332,-11.635391,0 -47.394119,-11.634475,0</coordinates></LineString></Placemark>
<Placemark><name>3576385</name><styleUrl>#styleDaimonCIRCUITO43TRECHO</styleUrl><LineString><coordinates>-47.394119,-11.634475,0 -47.394868,-11.633565,0</coordinates></LineString></Placemark>
<Placemark><name>3576386</name><styleUrl>#styleDaimonCIRCUITO43TRECHO</styleUrl><LineString><coordinates>-47.394868,-11.633565,0 -47.395495,-11.632820,0</coordinates></LineString></Placemark>
<Placemark><name>3576607</name><styleUrl>#styleDaimonCIRCUITO43TRECHO</styleUrl><LineString><coordinates>-47.395495,-11.632820,0 -47.396315,-11.631811,0</coordinates></LineString></Placemark>
<Placemark><name>3576608</name><styleUrl>#styleDaimonCIRCUITO43TRECHO</styleUrl><LineString><coordinates>-47.396315,-11.631811,0 -47.397073,-11.630902,0</coordinates></LineString></Placemark>
<Placemark><name>3576609</name><styleUrl>#styleDaimonCIRCUITO43TRECHO</styleUrl><LineString><coordinates>-47.397073,-11.630902,0 -47.397859,-11.629967,0</coordinates></LineString></Placemark>
<Placemark><name>3556052</name><styleUrl>#styleDaimonCIRCUITO43TRECHO</styleUrl><LineString><coordinates>-47.397859,-11.629967,0 -47.398653,-11.628988,0</coordinates></LineString></Placemark>
<Placemark><name>3559678</name><styleUrl>#styleDaimonCIRCUITO43TRECHO</styleUrl><LineString><coordinates>-47.398653,-11.628988,0 -47.398714,-11.628913,0</coordinates></LineString></Placemark>
<Placemark><name>3496618</name><styleUrl>#styleDaimonCIRCUITO43TRECHO</styleUrl><LineString><coordinates>-47.390080,-11.637237,0 -47.389728,-11.637413,0</coordinates></LineString></Placemark>
<Placemark><name>12035577</name><styleUrl>#styleDaimonCIRCUITO43TRECHO</styleUrl><LineString><coordinates>-47.386423,-11.640152,0 -47.386407,-11.640172,0</coordinates></LineString></Placemark>
<Placemark><name>3394271</name><styleUrl>#styleDaimonCIRCUITO43TRECHO</styleUrl><LineString><coordinates>-47.386407,-11.640172,0 -47.386430,-11.640612,0</coordinates></LineString></Placemark>
<Placemark><name>2672476</name><styleUrl>#styleDaimonCIRCUITO43TRECHO</styleUrl><LineString><coordinates>-47.387143,-11.640004,0 -47.386423,-11.640152,0</coordinates></LineString></Placemark>
<Placemark><name>3394272</name><styleUrl>#styleDaimonCIRCUITO43TRECHO</styleUrl><LineString><coordinates>-47.386430,-11.640612,0 -47.386473,-11.641033,0</coordinates></LineString></Placemark>
<Placemark><name>3378979</name><styleUrl>#styleDaimonCIRCUITO43TRECHO</styleUrl><LineString><coordinates>-47.387718,-11.639927,0 -47.387143,-11.640004,0</coordinates></LineString></Placemark>
<Placemark><name>3378980</name><styleUrl>#styleDaimonCIRCUITO43TRECHO</styleUrl><LineString><coordinates>-47.388702,-11.639317,0 -47.387718,-11.639927,0</coordinates></LineString></Placemark>
<Placemark><name>2672470</name><styleUrl>#styleDaimonCIRCUITO43TRECHO</styleUrl><LineString><coordinates>-47.389692,-11.638638,0 -47.388702,-11.639317,0</coordinates></LineString></Placemark>
<Placemark><name>12035576</name><styleUrl>#styleDaimonCIRCUITO43TRECHO</styleUrl><LineString><coordinates>-47.389721,-11.638620,0 -47.389692,-11.638638,0</coordinates></LineString></Placemark>
<Placemark><name>2672469</name><styleUrl>#styleDaimonCIRCUITO43TRECHO</styleUrl><LineString><coordinates>-47.390330,-11.638227,0 -47.389721,-11.638620,0</coordinates></LineString></Placemark>
<Placemark><name>12034206</name><styleUrl>#styleDaimonCIRCUITO43TRECHO</styleUrl><LineString><coordinates>-47.390357,-11.638205,0 -47.390330,-11.638227,0</coordinates></LineString></Placemark>
<Placemark><name>2672468</name><styleUrl>#styleDaimonCIRCUITO43TRECHO</styleUrl><LineString><coordinates>-47.390510,-11.638072,0 -47.390357,-11.638205,0</coordinates></LineString></Placemark>
<Placemark><name>3592552</name><styleUrl>#styleDaimonCIRCUITO43TRECHO</styleUrl><LineString><coordinates>-47.191999,-11.586250,0 -47.191560,-11.585846,0</coordinates></LineString></Placemark>
<Placemark><name>3592553</name><styleUrl>#styleDaimonCIRCUITO43TRECHO</styleUrl><LineString><coordinates>-47.191560,-11.585846,0 -47.190997,-11.585535,0</coordinates></LineString></Placemark>
<Placemark><name>12151375</name><styleUrl>#styleDaimonCIRCUITO43TRECHO</styleUrl><LineString><coordinates>-47.190997,-11.585535,0 -47.190982,-11.585506,0</coordinates></LineString></Placemark>
<Placemark><name>3592554</name><styleUrl>#styleDaimonCIRCUITO43TRECHO</styleUrl><LineString><coordinates>-47.190982,-11.585506,0 -47.191122,-11.584888,0</coordinates></LineString></Placemark>
<Placemark><name>3663805</name><styleUrl>#styleDaimonCIRCUITO43TRECHO</styleUrl><LineString><coordinates>-47.199573,-11.552289,0 -47.199586,-11.552269,0</coordinates></LineString></Placemark>
<Placemark><name>3633746</name><styleUrl>#styleDaimonCIRCUITO43TRECHO</styleUrl><LineString><coordinates>-47.268391,-11.626088,0 -47.269271,-11.626277,0</coordinates></LineString></Placemark>
<Placemark><name>3633156</name><styleUrl>#styleDaimonCIRCUITO43TRECHO</styleUrl><LineString><coordinates>-47.269271,-11.626277,0 -47.270139,-11.626465,0</coordinates></LineString></Placemark>
<Placemark><name>12069229</name><styleUrl>#styleDaimonCIRCUITO43TRECHO</styleUrl><LineString><coordinates>-47.268357,-11.626091,0 -47.268391,-11.626088,0</coordinates></LineString></Placemark>
<Placemark><name>3633472</name><styleUrl>#styleDaimonCIRCUITO43TRECHO</styleUrl><LineString><coordinates>-47.270139,-11.626465,0 -47.271025,-11.626656,0</coordinates></LineString></Placemark>
<Placemark><name>3633150</name><styleUrl>#styleDaimonCIRCUITO43TRECHO</styleUrl><LineString><coordinates>-47.267404,-11.626470,0 -47.268357,-11.626091,0</coordinates></LineString></Placemark>
<Placemark><name>12069333</name><styleUrl>#styleDaimonCIRCUITO43TRECHO</styleUrl><LineString><coordinates>-47.271025,-11.626656,0 -47.271054,-11.626642,0</coordinates></LineString></Placemark>
<Placemark><name>3632848</name><styleUrl>#styleDaimonCIRCUITO43TRECHO</styleUrl><LineString><coordinates>-47.266229,-11.626927,0 -47.267404,-11.626470,0</coordinates></LineString></Placemark>
<Placemark><name>3633461</name><styleUrl>#styleDaimonCIRCUITO43TRECHO</styleUrl><LineString><coordinates>-47.271054,-11.626642,0 -47.271532,-11.625934,0</coordinates></LineString></Placemark>
<Placemark><name>3633745</name><styleUrl>#styleDaimonCIRCUITO43TRECHO</styleUrl><LineString><coordinates>-47.265376,-11.627265,0 -47.266229,-11.626927,0</coordinates></LineString></Placemark>
<Placemark><name>12069334</name><styleUrl>#styleDaimonCIRCUITO43TRECHO</styleUrl><LineString><coordinates>-47.258442,-11.642931,0 -47.258406,-11.642933,0</coordinates></LineString></Placemark>
<Placemark><name>3633163</name><styleUrl>#styleDaimonCIRCUITO43TRECHO</styleUrl><LineString><coordinates>-47.258406,-11.642933,0 -47.257572,-11.643516,0</coordinates></LineString></Placemark>
<Placemark><name>3633154</name><styleUrl>#styleDaimonCIRCUITO43TRECHO</styleUrl><LineString><coordinates>-47.259509,-11.643325,0 -47.258442,-11.642931,0</coordinates></LineString></Placemark>
<Placemark><name>3633465</name><styleUrl>#styleDaimonCIRCUITO43TRECHO</styleUrl><LineString><coordinates>-47.257572,-11.643516,0 -47.256680,-11.644138,0</coordinates></LineString></Placemark>
<Placemark><name>3632852</name><styleUrl>#styleDaimonCIRCUITO43TRECHO</styleUrl><LineString><coordinates>-47.260531,-11.643703,0 -47.259509,-11.643325,0</coordinates></LineString></Placemark>
<Placemark><name>3633750</name><styleUrl>#styleDaimonCIRCUITO43TRECHO</styleUrl><LineString><coordinates>-47.256680,-11.644138,0 -47.255710,-11.644814,0</coordinates></LineString></Placemark>
<Placemark><name>3633466</name><styleUrl>#styleDaimonCIRCUITO43TRECHO</styleUrl><LineString><coordinates>-47.261516,-11.644067,0 -47.260531,-11.643703,0</coordinates></LineString></Placemark>
<Placemark><name>3633476</name><styleUrl>#styleDaimonCIRCUITO43TRECHO</styleUrl><LineString><coordinates>-47.255710,-11.644814,0 -47.254689,-11.645527,0</coordinates></LineString></Placemark>
<Placemark><name>12069230</name><styleUrl>#styleDaimonCIRCUITO43TRECHO</styleUrl><LineString><coordinates>-47.261546,-11.644058,0 -47.261516,-11.644067,0</coordinates></LineString></Placemark>
<Placemark><name>3632853</name><styleUrl>#styleDaimonCIRCUITO43TRECHO</styleUrl><LineString><coordinates>-47.254689,-11.645527,0 -47.253672,-11.646009,0</coordinates></LineString></Placemark>
<Placemark><name>12069235</name><styleUrl>#styleDaimonCIRCUITO43TRECHO</styleUrl><LineString><coordinates>-47.261546,-11.644058,0 -47.261541,-11.644092,0</coordinates></LineString></Placemark>
<Placemark><name>3633160</name><styleUrl>#styleDaimonCIRCUITO43TRECHO</styleUrl><LineString><coordinates>-47.262015,-11.643536,0 -47.261546,-11.644058,0</coordinates></LineString></Placemark>
<Placemark><name>3633164</name><styleUrl>#styleDaimonCIRCUITO43TRECHO</styleUrl><LineString><coordinates>-47.261541,-11.644092,0 -47.261849,-11.644847,0</coordinates></LineString></Placemark>
<Placemark><name>3633475</name><styleUrl>#styleDaimonCIRCUITO43TRECHO</styleUrl><LineString><coordinates>-47.262400,-11.643111,0 -47.262015,-11.643536,0</coordinates></LineString></Placemark>
<Placemark><name>3459586</name><styleUrl>#styleDaimonCIRCUITO43TRECHO</styleUrl><LineString><coordinates>-47.300458,-11.583745,0 -47.300154,-11.583421,0</coordinates></LineString></Placemark>
<Placemark><name>2673673</name><styleUrl>#styleDaimonCIRCUITO43TRECHO</styleUrl><LineString><coordinates>-47.367382,-11.549320,0 -47.366147,-11.549315,0</coordinates></LineString></Placemark>
<Placemark><name>2574496</name><styleUrl>#styleDaimonCIRCUITO43TRECHO</styleUrl><LineString><coordinates>-47.368730,-11.549354,0 -47.367382,-11.549320,0</coordinates></LineString></Placemark>
<Placemark><name>2574436</name><styleUrl>#styleDaimonCIRCUITO43TRECHO</styleUrl><LineString><coordinates>-47.369667,-11.549332,0 -47.368730,-11.549354,0</coordinates></LineString></Placemark>
<Placemark><name>12089150</name><styleUrl>#styleDaimonCIRCUITO43TRECHO</styleUrl><LineString><coordinates>-47.369697,-11.549349,0 -47.369667,-11.549332,0</coordinates></LineString></Placemark>
<Placemark><name>2774118</name><styleUrl>#styleDaimonCIRCUITO43TRECHO</styleUrl><LineString><coordinates>-47.370408,-11.550166,0 -47.369697,-11.549349,0</coordinates></LineString></Placemark>
<Placemark><name>12098124</name><styleUrl>#styleDaimonCIRCUITO43TRECHO</styleUrl><LineString><coordinates>-47.370431,-11.550187,0 -47.370408,-11.550166,0</coordinates></LineString></Placemark>
<Placemark><name>2774117</name><styleUrl>#styleDaimonCIRCUITO43TRECHO</styleUrl><LineString><coordinates>-47.371874,-11.550628,0 -47.370431,-11.550187,0</coordinates></LineString></Placemark>
<Placemark><name>12098123</name><styleUrl>#styleDaimonCIRCUITO43TRECHO</styleUrl><LineString><coordinates>-47.371901,-11.550641,0 -47.371874,-11.550628,0</coordinates></LineString></Placemark>
<Placemark><name>2774116</name><styleUrl>#styleDaimonCIRCUITO43TRECHO</styleUrl><LineString><coordinates>-47.373381,-11.551508,0 -47.371901,-11.550641,0</coordinates></LineString></Placemark>
<Placemark><name>3099738</name><styleUrl>#styleDaimonCIRCUITO43TRECHO</styleUrl><LineString><coordinates>-47.374365,-11.552101,0 -47.373381,-11.551508,0</coordinates></LineString></Placemark>
<Placemark><name>3378115</name><styleUrl>#styleDaimonCIRCUITO43TRECHO</styleUrl><LineString><coordinates>-47.375346,-11.552702,0 -47.374365,-11.552101,0</coordinates></LineString></Placemark>
<Placemark><name>3378114</name><styleUrl>#styleDaimonCIRCUITO43TRECHO</styleUrl><LineString><coordinates>-47.376383,-11.553320,0 -47.375346,-11.552702,0</coordinates></LineString></Placemark>
<Placemark><name>3378113</name><styleUrl>#styleDaimonCIRCUITO43TRECHO</styleUrl><LineString><coordinates>-47.377522,-11.553954,0 -47.376383,-11.553320,0</coordinates></LineString></Placemark>
<Placemark><name>2774115</name><styleUrl>#styleDaimonCIRCUITO43TRECHO</styleUrl><LineString><coordinates>-47.378543,-11.554626,0 -47.377522,-11.553954,0</coordinates></LineString></Placemark>
<Placemark><name>12098122</name><styleUrl>#styleDaimonCIRCUITO43TRECHO</styleUrl><LineString><coordinates>-47.378562,-11.554650,0 -47.378543,-11.554626,0</coordinates></LineString></Placemark>
<Placemark><name>2774114</name><styleUrl>#styleDaimonCIRCUITO43TRECHO</styleUrl><LineString><coordinates>-47.378964,-11.555325,0 -47.378562,-11.554650,0</coordinates></LineString></Placemark>
<Placemark><name>2774113</name><styleUrl>#styleDaimonCIRCUITO43TRECHO</styleUrl><LineString><coordinates>-47.379693,-11.556590,0 -47.378964,-11.555325,0</coordinates></LineString></Placemark>
<Placemark><name>2774112</name><styleUrl>#styleDaimonCIRCUITO43TRECHO</styleUrl><LineString><coordinates>-47.379993,-11.557102,0 -47.379693,-11.556590,0</coordinates></LineString></Placemark>
<Placemark><name>2774111</name><styleUrl>#styleDaimonCIRCUITO43TRECHO</styleUrl><LineString><coordinates>-47.380412,-11.557847,0 -47.379993,-11.557102,0</coordinates></LineString></Placemark>
<Placemark><name>12098121</name><styleUrl>#styleDaimonCIRCUITO43TRECHO</styleUrl><LineString><coordinates>-47.380430,-11.557873,0 -47.380412,-11.557847,0</coordinates></LineString></Placemark>
<Placemark><name>2774110</name><styleUrl>#styleDaimonCIRCUITO43TRECHO</styleUrl><LineString><coordinates>-47.381077,-11.558801,0 -47.380430,-11.557873,0</coordinates></LineString></Placemark>
<Placemark><name>2774109</name><styleUrl>#styleDaimonCIRCUITO43TRECHO</styleUrl><LineString><coordinates>-47.381771,-11.559775,0 -47.381077,-11.558801,0</coordinates></LineString></Placemark>
<Placemark><name>2670127</name><styleUrl>#styleDaimonCIRCUITO43TRECHO</styleUrl><LineString><coordinates>-47.382514,-11.560737,0 -47.381771,-11.559775,0</coordinates></LineString></Placemark>
<Placemark><name>2670126</name><styleUrl>#styleDaimonCIRCUITO43TRECHO</styleUrl><LineString><coordinates>-47.383259,-11.561712,0 -47.382514,-11.560737,0</coordinates></LineString></Placemark>
<Placemark><name>2774108</name><styleUrl>#styleDaimonCIRCUITO43TRECHO</styleUrl><LineString><coordinates>-47.383971,-11.562692,0 -47.383259,-11.561712,0</coordinates></LineString></Placemark>
<Placemark><name>2774107</name><styleUrl>#styleDaimonCIRCUITO43TRECHO</styleUrl><LineString><coordinates>-47.384654,-11.563623,0 -47.383971,-11.562692,0</coordinates></LineString></Placemark>
<Placemark><name>12098120</name><styleUrl>#styleDaimonCIRCUITO43TRECHO</styleUrl><LineString><coordinates>-47.384665,-11.563651,0 -47.384654,-11.563623,0</coordinates></LineString></Placemark>
<Placemark><name>2774106</name><styleUrl>#styleDaimonCIRCUITO43TRECHO</styleUrl><LineString><coordinates>-47.385070,-11.564667,0 -47.384665,-11.563651,0</coordinates></LineString></Placemark>
<Placemark><name>2774105</name><styleUrl>#styleDaimonCIRCUITO43TRECHO</styleUrl><LineString><coordinates>-47.385440,-11.565595,0 -47.385070,-11.564667,0</coordinates></LineString></Placemark>
<Placemark><name>2774104</name><styleUrl>#styleDaimonCIRCUITO43TRECHO</styleUrl><LineString><coordinates>-47.385807,-11.566603,0 -47.385440,-11.565595,0</coordinates></LineString></Placemark>
<Placemark><name>12098119</name><styleUrl>#styleDaimonCIRCUITO43TRECHO</styleUrl><LineString><coordinates>-47.385829,-11.566626,0 -47.385807,-11.566603,0</coordinates></LineString></Placemark>
<Placemark><name>2774103</name><styleUrl>#styleDaimonCIRCUITO43TRECHO</styleUrl><LineString><coordinates>-47.386445,-11.567246,0 -47.385829,-11.566626,0</coordinates></LineString></Placemark>
<Placemark><name>2774102</name><styleUrl>#styleDaimonCIRCUITO43TRECHO</styleUrl><LineString><coordinates>-47.387308,-11.568145,0 -47.386445,-11.567246,0</coordinates></LineString></Placemark>
<Placemark><name>2774101</name><styleUrl>#styleDaimonCIRCUITO43TRECHO</styleUrl><LineString><coordinates>-47.388128,-11.569005,0 -47.387308,-11.568145,0</coordinates></LineString></Placemark>
<Placemark><name>2774100</name><styleUrl>#styleDaimonCIRCUITO43TRECHO</styleUrl><LineString><coordinates>-47.388917,-11.569823,0 -47.388128,-11.569005,0</coordinates></LineString></Placemark>
<Placemark><name>2774099</name><styleUrl>#styleDaimonCIRCUITO43TRECHO</styleUrl><LineString><coordinates>-47.389413,-11.570371,0 -47.388917,-11.569823,0</coordinates></LineString></Placemark>
<Placemark><name>2773993</name><styleUrl>#styleDaimonCIRCUITO43TRECHO</styleUrl><LineString><coordinates>-47.389994,-11.570891,0 -47.389413,-11.570371,0</coordinates></LineString></Placemark>
<Placemark><name>3387913</name><styleUrl>#styleDaimonCIRCUITO43TRECHO</styleUrl><LineString><coordinates>-47.393887,-11.547364,0 -47.393672,-11.547029,0</coordinates></LineString></Placemark>
<Placemark><name>41617492</name><styleUrl>#styleDaimonCIRCUITO43TRECHO</styleUrl><LineString><coordinates>-47.364522,-11.606908,0 -47.364904,-11.607304,0</coordinates></LineString></Placemark>
<Placemark><name>3221305</name><styleUrl>#styleDaimonCIRCUITO43TRECHO</styleUrl><LineString><coordinates>-47.392308,-11.561514,0 -47.393067,-11.561471,0</coordinates></LineString></Placemark>
<Placemark><name>46787475</name><styleUrl>#styleDaimonCIRCUITO43TRECHO</styleUrl><LineString><coordinates>-47.353516,-11.586221,0 -47.353706,-11.586051,0</coordinates></LineString></Placemark>
<Placemark><name>2876629</name><styleUrl>#styleDaimonCIRCUITO43TRECHO</styleUrl><LineString><coordinates>-47.353516,-11.586221,0 -47.352827,-11.585246,0</coordinates></LineString></Placemark>
<Placemark><name>2876628</name><styleUrl>#styleDaimonCIRCUITO43TRECHO</styleUrl><LineString><coordinates>-47.354183,-11.587216,0 -47.353516,-11.586221,0</coordinates></LineString></Placemark>
<Placemark><name>2876627</name><styleUrl>#styleDaimonCIRCUITO43TRECHO</styleUrl><LineString><coordinates>-47.354847,-11.588224,0 -47.354183,-11.587216,0</coordinates></LineString></Placemark>
<Placemark><name>2876626</name><styleUrl>#styleDaimonCIRCUITO43TRECHO</styleUrl><LineString><coordinates>-47.355579,-11.589253,0 -47.354847,-11.588224,0</coordinates></LineString></Placemark>
<Placemark><name>2876625</name><styleUrl>#styleDaimonCIRCUITO43TRECHO</styleUrl><LineString><coordinates>-47.356259,-11.590289,0 -47.355579,-11.589253,0</coordinates></LineString></Placemark>
<Placemark><name>2876624</name><styleUrl>#styleDaimonCIRCUITO43TRECHO</styleUrl><LineString><coordinates>-47.356964,-11.591306,0 -47.356259,-11.590289,0</coordinates></LineString></Placemark>
<Placemark><name>2876623</name><styleUrl>#styleDaimonCIRCUITO43TRECHO</styleUrl><LineString><coordinates>-47.357664,-11.592319,0 -47.356964,-11.591306,0</coordinates></LineString></Placemark>
<Placemark><name>2876622</name><styleUrl>#styleDaimonCIRCUITO43TRECHO</styleUrl><LineString><coordinates>-47.358294,-11.593307,0 -47.357664,-11.592319,0</coordinates></LineString></Placemark>
<Placemark><name>12099890</name><styleUrl>#styleDaimonCIRCUITO43TRECHO</styleUrl><LineString><coordinates>-47.358319,-11.593326,0 -47.358294,-11.593307,0</coordinates></LineString></Placemark>
<Placemark><name>2876621</name><styleUrl>#styleDaimonCIRCUITO43TRECHO</styleUrl><LineString><coordinates>-47.359210,-11.594058,0 -47.358319,-11.593326,0</coordinates></LineString></Placemark>
<Placemark><name>2876620</name><styleUrl>#styleDaimonCIRCUITO43TRECHO</styleUrl><LineString><coordinates>-47.360211,-11.594865,0 -47.359210,-11.594058,0</coordinates></LineString></Placemark>
<Placemark><name>2876619</name><styleUrl>#styleDaimonCIRCUITO43TRECHO</styleUrl><LineString><coordinates>-47.361173,-11.595667,0 -47.360211,-11.594865,0</coordinates></LineString></Placemark>
<Placemark><name>2876618</name><styleUrl>#styleDaimonCIRCUITO43TRECHO</styleUrl><LineString><coordinates>-47.362081,-11.596367,0 -47.361173,-11.595667,0</coordinates></LineString></Placemark>
<Placemark><name>2876617</name><styleUrl>#styleDaimonCIRCUITO43TRECHO</styleUrl><LineString><coordinates>-47.363112,-11.597191,0 -47.362081,-11.596367,0</coordinates></LineString></Placemark>
<Placemark><name>2876616</name><styleUrl>#styleDaimonCIRCUITO43TRECHO</styleUrl><LineString><coordinates>-47.364012,-11.597938,0 -47.363112,-11.597191,0</coordinates></LineString></Placemark>
<Placemark><name>2876615</name><styleUrl>#styleDaimonCIRCUITO43TRECHO</styleUrl><LineString><coordinates>-47.364970,-11.598673,0 -47.364012,-11.597938,0</coordinates></LineString></Placemark>
<Placemark><name>2876614</name><styleUrl>#styleDaimonCIRCUITO43TRECHO</styleUrl><LineString><coordinates>-47.365918,-11.599457,0 -47.364970,-11.598673,0</coordinates></LineString></Placemark>
<Placemark><name>2876613</name><styleUrl>#styleDaimonCIRCUITO43TRECHO</styleUrl><LineString><coordinates>-47.366813,-11.600189,0 -47.365918,-11.599457,0</coordinates></LineString></Placemark>
<Placemark><name>2876612</name><styleUrl>#styleDaimonCIRCUITO43TRECHO</styleUrl><LineString><coordinates>-47.367781,-11.600991,0 -47.366813,-11.600189,0</coordinates></LineString></Placemark>
<Placemark><name>2876611</name><styleUrl>#styleDaimonCIRCUITO43TRECHO</styleUrl><LineString><coordinates>-47.368515,-11.601559,0 -47.367781,-11.600991,0</coordinates></LineString></Placemark>
<Placemark><name>3099736</name><styleUrl>#styleDaimonCIRCUITO43TRECHO</styleUrl><LineString><coordinates>-47.412060,-11.543884,0 -47.413201,-11.543703,0</coordinates></LineString></Placemark>
<Placemark><name>3223933</name><styleUrl>#styleDaimonCIRCUITO43TRECHO</styleUrl><LineString><coordinates>-47.413201,-11.543703,0 -47.414510,-11.543463,0</coordinates></LineString></Placemark>
<Placemark><name>3089582</name><styleUrl>#styleDaimonCIRCUITO43TRECHO</styleUrl><LineString><coordinates>-47.410846,-11.543851,0 -47.412060,-11.543884,0</coordinates></LineString></Placemark>
<Placemark><name>3104722</name><styleUrl>#styleDaimonCIRCUITO43TRECHO</styleUrl><LineString><coordinates>-47.414510,-11.543463,0 -47.415832,-11.543238,0</coordinates></LineString></Placemark>
<Placemark><name>2670654</name><styleUrl>#styleDaimonCIRCUITO43TRECHO</styleUrl><LineString><coordinates>-47.409693,-11.543855,0 -47.410846,-11.543851,0</coordinates></LineString></Placemark>
<Placemark><name>3104723</name><styleUrl>#styleDaimonCIRCUITO43TRECHO</styleUrl><LineString><coordinates>-47.415832,-11.543238,0 -47.417105,-11.543002,0</coordinates></LineString></Placemark>
<Placemark><name>2670648</name><styleUrl>#styleDaimonCIRCUITO43TRECHO</styleUrl><LineString><coordinates>-47.408626,-11.543848,0 -47.409693,-11.543855,0</coordinates></LineString></Placemark>
<Placemark><name>3104724</name><styleUrl>#styleDaimonCIRCUITO43TRECHO</styleUrl><LineString><coordinates>-47.417105,-11.543002,0 -47.417945,-11.542835,0</coordinates></LineString></Placemark>
<Placemark><name>12088928</name><styleUrl>#styleDaimonCIRCUITO43TRECHO</styleUrl><LineString><coordinates>-47.408592,-11.543848,0 -47.408626,-11.543848,0</coordinates></LineString></Placemark>
<Placemark><name>3104725</name><styleUrl>#styleDaimonCIRCUITO43TRECHO</styleUrl><LineString><coordinates>-47.417945,-11.542835,0 -47.418767,-11.542697,0</coordinates></LineString></Placemark>
<Placemark><name>2670647</name><styleUrl>#styleDaimonCIRCUITO43TRECHO</styleUrl><LineString><coordinates>-47.407493,-11.543863,0 -47.408592,-11.543848,0</coordinates></LineString></Placemark>
<Placemark><name>3098259</name><styleUrl>#styleDaimonCIRCUITO43TRECHO</styleUrl><LineString><coordinates>-47.418767,-11.542697,0 -47.420330,-11.542442,0</coordinates></LineString></Placemark>
<Placemark><name>2670646</name><styleUrl>#styleDaimonCIRCUITO43TRECHO</styleUrl><LineString><coordinates>-47.406104,-11.543889,0 -47.407493,-11.543863,0</coordinates></LineString></Placemark>
<Placemark><name>3104601</name><styleUrl>#styleDaimonCIRCUITO43TRECHO</styleUrl><LineString><coordinates>-47.420330,-11.542442,0 -47.421522,-11.542226,0</coordinates></LineString></Placemark>
<Placemark><name>2670465</name><styleUrl>#styleDaimonCIRCUITO43TRECHO</styleUrl><LineString><coordinates>-47.404625,-11.543882,0 -47.406104,-11.543889,0</coordinates></LineString></Placemark>
<Placemark><name>3104602</name><styleUrl>#styleDaimonCIRCUITO43TRECHO</styleUrl><LineString><coordinates>-47.421522,-11.542226,0 -47.422682,-11.541996,0</coordinates></LineString></Placemark>
<Placemark><name>2669927</name><styleUrl>#styleDaimonCIRCUITO43TRECHO</styleUrl><LineString><coordinates>-47.403399,-11.543878,0 -47.404625,-11.543882,0</coordinates></LineString></Placemark>
<Placemark><name>3104603</name><styleUrl>#styleDaimonCIRCUITO43TRECHO</styleUrl><LineString><coordinates>-47.422682,-11.541996,0 -47.423935,-11.541775,0</coordinates></LineString></Placemark>
<Placemark><name>2669926</name><styleUrl>#styleDaimonCIRCUITO43TRECHO</styleUrl><LineString><coordinates>-47.402200,-11.543890,0 -47.403399,-11.543878,0</coordinates></LineString></Placemark>
<Placemark><name>12088954</name><styleUrl>#styleDaimonCIRCUITO43TRECHO</styleUrl><LineString><coordinates>-47.423935,-11.541775,0 -47.423968,-11.541769,0</coordinates></LineString></Placemark>
<Placemark><name>2669925</name><styleUrl>#styleDaimonCIRCUITO43TRECHO</styleUrl><LineString><coordinates>-47.401029,-11.543879,0 -47.402200,-11.543890,0</coordinates></LineString></Placemark>
<Placemark><name>3104604</name><styleUrl>#styleDaimonCIRCUITO43TRECHO</styleUrl><LineString><coordinates>-47.423968,-11.541769,0 -47.425270,-11.541569,0</coordinates></LineString></Placemark>
<Placemark><name>2574498</name><styleUrl>#styleDaimonCIRCUITO43TRECHO</styleUrl><LineString><coordinates>-47.400059,-11.543865,0 -47.401029,-11.543879,0</coordinates></LineString></Placemark>
<Placemark><name>3377144</name><styleUrl>#styleDaimonCIRCUITO43TRECHO</styleUrl><LineString><coordinates>-47.425270,-11.541569,0 -47.426630,-11.541258,0</coordinates></LineString></Placemark>
<Placemark><name>2574497</name><styleUrl>#styleDaimonCIRCUITO43TRECHO</styleUrl><LineString><coordinates>-47.398484,-11.543828,0 -47.400059,-11.543865,0</coordinates></LineString></Placemark>
<Placemark><name>3097382</name><styleUrl>#styleDaimonCIRCUITO43TRECHO</styleUrl><LineString><coordinates>-47.426630,-11.541258,0 -47.428362,-11.540964,0</coordinates></LineString></Placemark>
<Placemark><name>2574495</name><styleUrl>#styleDaimonCIRCUITO43TRECHO</styleUrl><LineString><coordinates>-47.397863,-11.544139,0 -47.398484,-11.543828,0</coordinates></LineString></Placemark>
<Placemark><name>3392970</name><styleUrl>#styleDaimonCIRCUITO43TRECHO</styleUrl><LineString><coordinates>-47.428362,-11.540964,0 -47.429812,-11.540737,0</coordinates></LineString></Placemark>
<Placemark><name>3377153</name><styleUrl>#styleDaimonCIRCUITO43TRECHO</styleUrl><LineString><coordinates>-47.396584,-11.544644,0 -47.397863,-11.544139,0</coordinates></LineString></Placemark>
<Placemark><name>3392971</name><styleUrl>#styleDaimonCIRCUITO43TRECHO</styleUrl><LineString><coordinates>-47.429812,-11.540737,0 -47.430616,-11.540587,0</coordinates></LineString></Placemark>
<Placemark><name>3377152</name><styleUrl>#styleDaimonCIRCUITO43TRECHO</styleUrl><LineString><coordinates>-47.395998,-11.544997,0 -47.396584,-11.544644,0</coordinates></LineString></Placemark>
<Placemark><name>12086085</name><styleUrl>#styleDaimonCIRCUITO43TRECHO</styleUrl><LineString><coordinates>-47.430616,-11.540587,0 -47.430647,-11.540574,0</coordinates></LineString></Placemark>
<Placemark><name>3378118</name><styleUrl>#styleDaimonCIRCUITO43TRECHO</styleUrl><LineString><coordinates>-47.395302,-11.545458,0 -47.395998,-11.544997,0</coordinates></LineString></Placemark>
<Placemark><name>3392972</name><styleUrl>#styleDaimonCIRCUITO43TRECHO</styleUrl><LineString><coordinates>-47.430647,-11.540574,0 -47.431266,-11.540165,0</coordinates></LineString></Placemark>
<Placemark><name>3378117</name><styleUrl>#styleDaimonCIRCUITO43TRECHO</styleUrl><LineString><coordinates>-47.394887,-11.546127,0 -47.395302,-11.545458,0</coordinates></LineString></Placemark>
<Placemark><name>3392973</name><styleUrl>#styleDaimonCIRCUITO43TRECHO</styleUrl><LineString><coordinates>-47.431266,-11.540165,0 -47.432290,-11.539578,0</coordinates></LineString></Placemark>
<Placemark><name>3378116</name><styleUrl>#styleDaimonCIRCUITO43TRECHO</styleUrl><LineString><coordinates>-47.394405,-11.546877,0 -47.394887,-11.546127,0</coordinates></LineString></Placemark>
<Placemark><name>3224308</name><styleUrl>#styleDaimonCIRCUITO43TRECHO</styleUrl><LineString><coordinates>-47.432290,-11.539578,0 -47.433258,-11.538940,0</coordinates></LineString></Placemark>
<Placemark><name>3387912</name><styleUrl>#styleDaimonCIRCUITO43TRECHO</styleUrl><LineString><coordinates>-47.393956,-11.547651,0 -47.394405,-11.546877,0</coordinates></LineString></Placemark>
<Placemark><name>3224309</name><styleUrl>#styleDaimonCIRCUITO43TRECHO</styleUrl><LineString><coordinates>-47.433258,-11.538940,0 -47.434197,-11.538399,0</coordinates></LineString></Placemark>
<Placemark><name>3224310</name><styleUrl>#styleDaimonCIRCUITO43TRECHO</styleUrl><LineString><coordinates>-47.434197,-11.538399,0 -47.435085,-11.537686,0</coordinates></LineString></Placemark>
<Placemark><name>3224311</name><styleUrl>#styleDaimonCIRCUITO43TRECHO</styleUrl><LineString><coordinates>-47.435085,-11.537686,0 -47.436769,-11.536469,0</coordinates></LineString></Placemark>
<Placemark><name>3224312</name><styleUrl>#styleDaimonCIRCUITO43TRECHO</styleUrl><LineString><coordinates>-47.436769,-11.536469,0 -47.437628,-11.535778,0</coordinates></LineString></Placemark>
<Placemark><name>3224313</name><styleUrl>#styleDaimonCIRCUITO43TRECHO</styleUrl><LineString><coordinates>-47.437628,-11.535778,0 -47.438962,-11.534831,0</coordinates></LineString></Placemark>
<Placemark><name>3224314</name><styleUrl>#styleDaimonCIRCUITO43TRECHO</styleUrl><LineString><coordinates>-47.438962,-11.534831,0 -47.440216,-11.533845,0</coordinates></LineString></Placemark>
<Placemark><name>3468771</name><styleUrl>#styleDaimonCIRCUITO43TRECHO</styleUrl><LineString><coordinates>-47.440216,-11.533845,0 -47.440895,-11.533322,0</coordinates></LineString></Placemark>
<Placemark><name>3212417</name><styleUrl>#styleDaimonCIRCUITO43TRECHO</styleUrl><LineString><coordinates>-47.440895,-11.533322,0 -47.441558,-11.532827,0</coordinates></LineString></Placemark>
<Placemark><name>3205295</name><styleUrl>#styleDaimonCIRCUITO43TRECHO</styleUrl><LineString><coordinates>-47.441558,-11.532827,0 -47.442726,-11.531995,0</coordinates></LineString></Placemark>
<Placemark><name>12089372</name><styleUrl>#styleDaimonCIRCUITO43TRECHO</styleUrl><LineString><coordinates>-47.442726,-11.531995,0 -47.442756,-11.531981,0</coordinates></LineString></Placemark>
<Placemark><name>3205296</name><styleUrl>#styleDaimonCIRCUITO43TRECHO</styleUrl><LineString><coordinates>-47.442756,-11.531981,0 -47.444740,-11.531397,0</coordinates></LineString></Placemark>
<Placemark><name>3205297</name><styleUrl>#styleDaimonCIRCUITO43TRECHO</styleUrl><LineString><coordinates>-47.444740,-11.531397,0 -47.446177,-11.531045,0</coordinates></LineString></Placemark>
<Placemark><name>3205298</name><styleUrl>#styleDaimonCIRCUITO43TRECHO</styleUrl><LineString><coordinates>-47.446177,-11.531045,0 -47.447345,-11.530727,0</coordinates></LineString></Placemark>
<Placemark><name>3205299</name><styleUrl>#styleDaimonCIRCUITO43TRECHO</styleUrl><LineString><coordinates>-47.447345,-11.530727,0 -47.448373,-11.530442,0</coordinates></LineString></Placemark>
<Placemark><name>12089373</name><styleUrl>#styleDaimonCIRCUITO43TRECHO</styleUrl><LineString><coordinates>-47.448373,-11.530442,0 -47.448406,-11.530438,0</coordinates></LineString></Placemark>
<Placemark><name>3385834</name><styleUrl>#styleDaimonCIRCUITO43TRECHO</styleUrl><LineString><coordinates>-47.448406,-11.530438,0 -47.449375,-11.530493,0</coordinates></LineString></Placemark>
<Placemark><name>3213175</name><styleUrl>#styleDaimonCIRCUITO43TRECHO</styleUrl><LineString><coordinates>-47.449375,-11.530493,0 -47.450609,-11.530597,0</coordinates></LineString></Placemark>
<Placemark><name>3213176</name><styleUrl>#styleDaimonCIRCUITO43TRECHO</styleUrl><LineString><coordinates>-47.450609,-11.530597,0 -47.451844,-11.530635,0</coordinates></LineString></Placemark>
<Placemark><name>3213177</name><styleUrl>#styleDaimonCIRCUITO43TRECHO</styleUrl><LineString><coordinates>-47.451844,-11.530635,0 -47.452872,-11.529905,0</coordinates></LineString></Placemark>
<Placemark><name>3213178</name><styleUrl>#styleDaimonCIRCUITO43TRECHO</styleUrl><LineString><coordinates>-47.452872,-11.529905,0 -47.453774,-11.529281,0</coordinates></LineString></Placemark>
<Placemark><name>3089581</name><styleUrl>#styleDaimonCIRCUITO43TRECHO</styleUrl><LineString><coordinates>-47.453774,-11.529281,0 -47.454856,-11.528458,0</coordinates></LineString></Placemark>
<Placemark><name>12090151</name><styleUrl>#styleDaimonCIRCUITO43TRECHO</styleUrl><LineString><coordinates>-47.454856,-11.528458,0 -47.454883,-11.528437,0</coordinates></LineString></Placemark>
<Placemark><name>3213179</name><styleUrl>#styleDaimonCIRCUITO43TRECHO</styleUrl><LineString><coordinates>-47.454883,-11.528437,0 -47.455936,-11.527727,0</coordinates></LineString></Placemark>
<Placemark><name>3213681</name><styleUrl>#styleDaimonCIRCUITO43TRECHO</styleUrl><LineString><coordinates>-47.455936,-11.527727,0 -47.457178,-11.527294,0</coordinates></LineString></Placemark>
<Placemark><name>3466526</name><styleUrl>#styleDaimonCIRCUITO43TRECHO</styleUrl><LineString><coordinates>-47.457178,-11.527294,0 -47.458400,-11.526451,0</coordinates></LineString></Placemark>
<Placemark><name>2574343</name><styleUrl>#styleDaimonCIRCUITO43TRECHO</styleUrl><LineString><coordinates>-47.458400,-11.526451,0 -47.459173,-11.525440,0</coordinates></LineString></Placemark>
<Placemark><name>3369914</name><styleUrl>#styleDaimonCIRCUITO43TRECHO</styleUrl><LineString><coordinates>-47.459173,-11.525440,0 -47.459931,-11.524570,0</coordinates></LineString></Placemark>
<Placemark><name>3369915</name><styleUrl>#styleDaimonCIRCUITO43TRECHO</styleUrl><LineString><coordinates>-47.459931,-11.524570,0 -47.460668,-11.523602,0</coordinates></LineString></Placemark>
<Placemark><name>3377143</name><styleUrl>#styleDaimonCIRCUITO43TRECHO</styleUrl><LineString><coordinates>-47.460668,-11.523602,0 -47.461150,-11.523267,0</coordinates></LineString></Placemark>
<Placemark><name>3466528</name><styleUrl>#styleDaimonCIRCUITO43TRECHO</styleUrl><LineString><coordinates>-47.461150,-11.523267,0 -47.462204,-11.522354,0</coordinates></LineString></Placemark>
<Placemark><name>12147923</name><styleUrl>#styleDaimonCIRCUITO43TRECHO</styleUrl><LineString><coordinates>-47.391261,-11.568537,0 -47.391279,-11.568563,0</coordinates></LineString></Placemark>
<Placemark><name>3466682</name><styleUrl>#styleDaimonCIRCUITO43TRECHO</styleUrl><LineString><coordinates>-47.390917,-11.568492,0 -47.391261,-11.568537,0</coordinates></LineString></Placemark>
<Placemark><name>3466683</name><styleUrl>#styleDaimonCIRCUITO43TRECHO</styleUrl><LineString><coordinates>-47.391279,-11.568563,0 -47.391870,-11.569727,0</coordinates></LineString></Placemark>
<Placemark><name>3466684</name><styleUrl>#styleDaimonCIRCUITO43TRECHO</styleUrl><LineString><coordinates>-47.391870,-11.569727,0 -47.392532,-11.571030,0</coordinates></LineString></Placemark>
<Placemark><name>12174388</name><styleUrl>#styleDaimonCIRCUITO43TRECHO</styleUrl><LineString><coordinates>-47.387024,-11.537880,0 -47.387011,-11.537857,0</coordinates></LineString></Placemark>
<Placemark><name>3546427</name><styleUrl>#styleDaimonCIRCUITO43TRECHO</styleUrl><LineString><coordinates>-47.387011,-11.537857,0 -47.386732,-11.537160,0</coordinates></LineString></Placemark>
<Placemark><name>3550861</name><styleUrl>#styleDaimonCIRCUITO43TRECHO</styleUrl><LineString><coordinates>-47.387468,-11.538647,0 -47.387024,-11.537880,0</coordinates></LineString></Placemark>
<Placemark><name>3547360</name><styleUrl>#styleDaimonCIRCUITO43TRECHO</styleUrl><LineString><coordinates>-47.386732,-11.537160,0 -47.386302,-11.536092,0</coordinates></LineString></Placemark>
<Placemark><name>3543780</name><styleUrl>#styleDaimonCIRCUITO43TRECHO</styleUrl><LineString><coordinates>-47.387888,-11.539373,0 -47.387468,-11.538647,0</coordinates></LineString></Placemark>
<Placemark><name>3546411</name><styleUrl>#styleDaimonCIRCUITO43TRECHO</styleUrl><LineString><coordinates>-47.386302,-11.536092,0 -47.386008,-11.535362,0</coordinates></LineString></Placemark>
<Placemark><name>12173244</name><styleUrl>#styleDaimonCIRCUITO43TRECHO</styleUrl><LineString><coordinates>-47.387900,-11.539397,0 -47.387888,-11.539373,0</coordinates></LineString></Placemark>
<Placemark><name>3547063</name><styleUrl>#styleDaimonCIRCUITO43TRECHO</styleUrl><LineString><coordinates>-47.386008,-11.535362,0 -47.385637,-11.534441,0</coordinates></LineString></Placemark>
<Placemark><name>3547062</name><styleUrl>#styleDaimonCIRCUITO43TRECHO</styleUrl><LineString><coordinates>-47.388255,-11.540086,0 -47.387900,-11.539397,0</coordinates></LineString></Placemark>
<Placemark><name>3543781</name><styleUrl>#styleDaimonCIRCUITO43TRECHO</styleUrl><LineString><coordinates>-47.385637,-11.534441,0 -47.385263,-11.533515,0</coordinates></LineString></Placemark>
<Placemark><name>3550860</name><styleUrl>#styleDaimonCIRCUITO43TRECHO</styleUrl><LineString><coordinates>-47.388696,-11.540940,0 -47.388255,-11.540086,0</coordinates></LineString></Placemark>
<Placemark><name>3546412</name><styleUrl>#styleDaimonCIRCUITO43TRECHO</styleUrl><LineString><coordinates>-47.385263,-11.533515,0 -47.384984,-11.532826,0</coordinates></LineString></Placemark>
<Placemark><name>3547080</name><styleUrl>#styleDaimonCIRCUITO43TRECHO</styleUrl><LineString><coordinates>-47.389117,-11.541760,0 -47.388696,-11.540940,0</coordinates></LineString></Placemark>
<Placemark><name>12173245</name><styleUrl>#styleDaimonCIRCUITO43TRECHO</styleUrl><LineString><coordinates>-47.384984,-11.532826,0 -47.384977,-11.532800,0</coordinates></LineString></Placemark>
<Placemark><name>3546426</name><styleUrl>#styleDaimonCIRCUITO43TRECHO</styleUrl><LineString><coordinates>-47.389539,-11.542581,0 -47.389117,-11.541760,0</coordinates></LineString></Placemark>
<Placemark><name>3546428</name><styleUrl>#styleDaimonCIRCUITO43TRECHO</styleUrl><LineString><coordinates>-47.384977,-11.532800,0 -47.385116,-11.531820,0</coordinates></LineString></Placemark>
<Placemark><name>3550859</name><styleUrl>#styleDaimonCIRCUITO43TRECHO</styleUrl><LineString><coordinates>-47.389994,-11.543467,0 -47.389539,-11.542581,0</coordinates></LineString></Placemark>
<Placemark><name>3547361</name><styleUrl>#styleDaimonCIRCUITO43TRECHO</styleUrl><LineString><coordinates>-47.385116,-11.531820,0 -47.385253,-11.530817,0</coordinates></LineString></Placemark>
<Placemark><name>3543779</name><styleUrl>#styleDaimonCIRCUITO43TRECHO</styleUrl><LineString><coordinates>-47.390400,-11.544256,0 -47.389994,-11.543467,0</coordinates></LineString></Placemark>
<Placemark><name>3546413</name><styleUrl>#styleDaimonCIRCUITO43TRECHO</styleUrl><LineString><coordinates>-47.385253,-11.530817,0 -47.385370,-11.529959,0</coordinates></LineString></Placemark>
<Placemark><name>3547061</name><styleUrl>#styleDaimonCIRCUITO43TRECHO</styleUrl><LineString><coordinates>-47.390824,-11.545079,0 -47.390400,-11.544256,0</coordinates></LineString></Placemark>
<Placemark><name>3546414</name><styleUrl>#styleDaimonCIRCUITO43TRECHO</styleUrl><LineString><coordinates>-47.385370,-11.529959,0 -47.385483,-11.529126,0</coordinates></LineString></Placemark>
<Placemark><name>3550858</name><styleUrl>#styleDaimonCIRCUITO43TRECHO</styleUrl><LineString><coordinates>-47.391245,-11.545899,0 -47.390824,-11.545079,0</coordinates></LineString></Placemark>
<Placemark><name>3547064</name><styleUrl>#styleDaimonCIRCUITO43TRECHO</styleUrl><LineString><coordinates>-47.385483,-11.529126,0 -47.385621,-11.528122,0</coordinates></LineString></Placemark>
<Placemark><name>3547079</name><styleUrl>#styleDaimonCIRCUITO43TRECHO</styleUrl><LineString><coordinates>-47.391655,-11.546693,0 -47.391245,-11.545899,0</coordinates></LineString></Placemark>
<Placemark><name>3543782</name><styleUrl>#styleDaimonCIRCUITO43TRECHO</styleUrl><LineString><coordinates>-47.385621,-11.528122,0 -47.385743,-11.527223,0</coordinates></LineString></Placemark>
<Placemark><name>12174263</name><styleUrl>#styleDaimonCIRCUITO43TRECHO</styleUrl><LineString><coordinates>-47.391665,-11.546718,0 -47.391655,-11.546693,0</coordinates></LineString></Placemark>
<Placemark><name>3546429</name><styleUrl>#styleDaimonCIRCUITO43TRECHO</styleUrl><LineString><coordinates>-47.385743,-11.527223,0 -47.385866,-11.526330,0</coordinates></LineString></Placemark>
<Placemark><name>3546425</name><styleUrl>#styleDaimonCIRCUITO43TRECHO</styleUrl><LineString><coordinates>-47.391945,-11.547501,0 -47.391665,-11.546718,0</coordinates></LineString></Placemark>
<Placemark><name>3547362</name><styleUrl>#styleDaimonCIRCUITO43TRECHO</styleUrl><LineString><coordinates>-47.385866,-11.526330,0 -47.385965,-11.525594,0</coordinates></LineString></Placemark>
<Placemark><name>3550857</name><styleUrl>#styleDaimonCIRCUITO43TRECHO</styleUrl><LineString><coordinates>-47.392238,-11.548318,0 -47.391945,-11.547501,0</coordinates></LineString></Placemark>
<Placemark><name>3546415</name><styleUrl>#styleDaimonCIRCUITO43TRECHO</styleUrl><LineString><coordinates>-47.385965,-11.525594,0 -47.386085,-11.524712,0</coordinates></LineString></Placemark>
<Placemark><name>3543778</name><styleUrl>#styleDaimonCIRCUITO43TRECHO</styleUrl><LineString><coordinates>-47.392528,-11.549128,0 -47.392238,-11.548318,0</coordinates></LineString></Placemark>
<Placemark><name>3546416</name><styleUrl>#styleDaimonCIRCUITO43TRECHO</styleUrl><LineString><coordinates>-47.386085,-11.524712,0 -47.386190,-11.523916,0</coordinates></LineString></Placemark>
<Placemark><name>12174384</name><styleUrl>#styleDaimonCIRCUITO43TRECHO</styleUrl><LineString><coordinates>-47.392545,-11.549146,0 -47.392528,-11.549128,0</coordinates></LineString></Placemark>
<Placemark><name>12174479</name><styleUrl>#styleDaimonCIRCUITO43TRECHO</styleUrl><LineString><coordinates>-47.386190,-11.523916,0 -47.386201,-11.523892,0</coordinates></LineString></Placemark>
<Placemark><name>3547060</name><styleUrl>#styleDaimonCIRCUITO43TRECHO</styleUrl><LineString><coordinates>-47.393241,-11.548924,0 -47.392545,-11.549146,0</coordinates></LineString></Placemark>
<Placemark><name>3547065</name><styleUrl>#styleDaimonCIRCUITO43TRECHO</styleUrl><LineString><coordinates>-47.386201,-11.523892,0 -47.386706,-11.523238,0</coordinates></LineString></Placemark>
<Placemark><name>3550856</name><styleUrl>#styleDaimonCIRCUITO43TRECHO</styleUrl><LineString><coordinates>-47.393706,-11.548781,0 -47.393241,-11.548924,0</coordinates></LineString></Placemark>
<Placemark><name>3543783</name><styleUrl>#styleDaimonCIRCUITO43TRECHO</styleUrl><LineString><coordinates>-47.386706,-11.523238,0 -47.387277,-11.522489,0</coordinates></LineString></Placemark>
<Placemark><name>3546430</name><styleUrl>#styleDaimonCIRCUITO43TRECHO</styleUrl><LineString><coordinates>-47.387277,-11.522489,0 -47.387841,-11.521752,0</coordinates></LineString></Placemark>
<Placemark><name>3547363</name><styleUrl>#styleDaimonCIRCUITO43TRECHO</styleUrl><LineString><coordinates>-47.387841,-11.521752,0 -47.388385,-11.521046,0</coordinates></LineString></Placemark>
<Placemark><name>12174264</name><styleUrl>#styleDaimonCIRCUITO43TRECHO</styleUrl><LineString><coordinates>-47.388385,-11.521046,0 -47.388397,-11.521021,0</coordinates></LineString></Placemark>
<Placemark><name>3546417</name><styleUrl>#styleDaimonCIRCUITO43TRECHO</styleUrl><LineString><coordinates>-47.388397,-11.521021,0 -47.388596,-11.520158,0</coordinates></LineString></Placemark>
<Placemark><name>3546418</name><styleUrl>#styleDaimonCIRCUITO43TRECHO</styleUrl><LineString><coordinates>-47.388596,-11.520158,0 -47.388804,-11.519271,0</coordinates></LineString></Placemark>
<Placemark><name>3547066</name><styleUrl>#styleDaimonCIRCUITO43TRECHO</styleUrl><LineString><coordinates>-47.388804,-11.519271,0 -47.389000,-11.518433,0</coordinates></LineString></Placemark>
<Placemark><name>3543784</name><styleUrl>#styleDaimonCIRCUITO43TRECHO</styleUrl><LineString><coordinates>-47.389000,-11.518433,0 -47.389186,-11.517670,0</coordinates></LineString></Placemark>
<Placemark><name>12174385</name><styleUrl>#styleDaimonCIRCUITO43TRECHO</styleUrl><LineString><coordinates>-47.389186,-11.517670,0 -47.389179,-11.517643,0</coordinates></LineString></Placemark>
<Placemark><name>3543766</name><styleUrl>#styleDaimonCIRCUITO43TRECHO</styleUrl><LineString><coordinates>-47.389179,-11.517643,0 -47.388668,-11.516976,0</coordinates></LineString></Placemark>
<Placemark><name>3547364</name><styleUrl>#styleDaimonCIRCUITO43TRECHO</styleUrl><LineString><coordinates>-47.388668,-11.516976,0 -47.388127,-11.516259,0</coordinates></LineString></Placemark>
<Placemark><name>3546419</name><styleUrl>#styleDaimonCIRCUITO43TRECHO</styleUrl><LineString><coordinates>-47.388127,-11.516259,0 -47.387622,-11.515593,0</coordinates></LineString></Placemark>
<Placemark><name>3547067</name><styleUrl>#styleDaimonCIRCUITO43TRECHO</styleUrl><LineString><coordinates>-47.387622,-11.515593,0 -47.387060,-11.514848,0</coordinates></LineString></Placemark>
<Placemark><name>3546420</name><styleUrl>#styleDaimonCIRCUITO43TRECHO</styleUrl><LineString><coordinates>-47.387060,-11.514848,0 -47.386539,-11.514158,0</coordinates></LineString></Placemark>
<Placemark><name>3543785</name><styleUrl>#styleDaimonCIRCUITO43TRECHO</styleUrl><LineString><coordinates>-47.386539,-11.514158,0 -47.386033,-11.513495,0</coordinates></LineString></Placemark>
<Placemark><name>12173246</name><styleUrl>#styleDaimonCIRCUITO43TRECHO</styleUrl><LineString><coordinates>-47.386033,-11.513495,0 -47.386023,-11.513470,0</coordinates></LineString></Placemark>
<Placemark><name>3543767</name><styleUrl>#styleDaimonCIRCUITO43TRECHO</styleUrl><LineString><coordinates>-47.386023,-11.513470,0 -47.385976,-11.512373,0</coordinates></LineString></Placemark>
<Placemark><name>3648395</name><styleUrl>#styleDaimonCIRCUITO43TRECHO</styleUrl><LineString><coordinates>-47.330634,-11.685794,0 -47.330567,-11.686695,0</coordinates></LineString></Placemark>
<Placemark><name>3648387</name><styleUrl>#styleDaimonCIRCUITO43TRECHO</styleUrl><LineString><coordinates>-47.330567,-11.686695,0 -47.330500,-11.687579,0</coordinates></LineString></Placemark>
<Placemark><name>3648297</name><styleUrl>#styleDaimonCIRCUITO43TRECHO</styleUrl><LineString><coordinates>-47.330686,-11.684891,0 -47.330634,-11.685794,0</coordinates></LineString></Placemark>
<Placemark><name>3648284</name><styleUrl>#styleDaimonCIRCUITO43TRECHO</styleUrl><LineString><coordinates>-47.330500,-11.687579,0 -47.330452,-11.688471,0</coordinates></LineString></Placemark>
<Placemark><name>12157577</name><styleUrl>#styleDaimonCIRCUITO43TRECHO</styleUrl><LineString><coordinates>-47.330697,-11.684874,0 -47.330686,-11.684891,0</coordinates></LineString></Placemark>
<Placemark><name>3648511</name><styleUrl>#styleDaimonCIRCUITO43TRECHO</styleUrl><LineString><coordinates>-47.330452,-11.688471,0 -47.330366,-11.689383,0</coordinates></LineString></Placemark>
<Placemark><name>3648515</name><styleUrl>#styleDaimonCIRCUITO43TRECHO</styleUrl><LineString><coordinates>-47.331250,-11.684153,0 -47.330697,-11.684874,0</coordinates></LineString></Placemark>
<Placemark><name>3648285</name><styleUrl>#styleDaimonCIRCUITO43TRECHO</styleUrl><LineString><coordinates>-47.330366,-11.689383,0 -47.330318,-11.690312,0</coordinates></LineString></Placemark>
<Placemark><name>12157570</name><styleUrl>#styleDaimonCIRCUITO43TRECHO</styleUrl><LineString><coordinates>-47.331270,-11.684145,0 -47.331250,-11.684153,0</coordinates></LineString></Placemark>
<Placemark><name>3648404</name><styleUrl>#styleDaimonCIRCUITO43TRECHO</styleUrl><LineString><coordinates>-47.330318,-11.690312,0 -47.330243,-11.691167,0</coordinates></LineString></Placemark>
<Placemark><name>3648403</name><styleUrl>#styleDaimonCIRCUITO43TRECHO</styleUrl><LineString><coordinates>-47.332082,-11.684249,0 -47.331270,-11.684145,0</coordinates></LineString></Placemark>
<Placemark><name>12157583</name><styleUrl>#styleDaimonCIRCUITO43TRECHO</styleUrl><LineString><coordinates>-47.330243,-11.691167,0 -47.330242,-11.691187,0</coordinates></LineString></Placemark>
<Placemark><name>3648292</name><styleUrl>#styleDaimonCIRCUITO43TRECHO</styleUrl><LineString><coordinates>-47.333033,-11.684365,0 -47.332082,-11.684249,0</coordinates></LineString></Placemark>
<Placemark><name>3648289</name><styleUrl>#styleDaimonCIRCUITO43TRECHO</styleUrl><LineString><coordinates>-47.330242,-11.691187,0 -47.330142,-11.692564,0</coordinates></LineString></Placemark>
<Placemark><name>3648510</name><styleUrl>#styleDaimonCIRCUITO43TRECHO</styleUrl><LineString><coordinates>-47.333984,-11.684478,0 -47.333033,-11.684365,0</coordinates></LineString></Placemark>
<Placemark><name>12157580</name><styleUrl>#styleDaimonCIRCUITO43TRECHO</styleUrl><LineString><coordinates>-47.330142,-11.692564,0 -47.330140,-11.692585,0</coordinates></LineString></Placemark>
<Placemark><name>3648386</name><styleUrl>#styleDaimonCIRCUITO43TRECHO</styleUrl><LineString><coordinates>-47.334963,-11.684603,0 -47.333984,-11.684478,0</coordinates></LineString></Placemark>
<Placemark><name>3648408</name><styleUrl>#styleDaimonCIRCUITO43TRECHO</styleUrl><LineString><coordinates>-47.330140,-11.692585,0 -47.329937,-11.693484,0</coordinates></LineString></Placemark>
<Placemark><name>3648402</name><styleUrl>#styleDaimonCIRCUITO43TRECHO</styleUrl><LineString><coordinates>-47.335932,-11.684715,0 -47.334963,-11.684603,0</coordinates></LineString></Placemark>
<Placemark><name>3648293</name><styleUrl>#styleDaimonCIRCUITO43TRECHO</styleUrl><LineString><coordinates>-47.329937,-11.693484,0 -47.329765,-11.694299,0</coordinates></LineString></Placemark>
<Placemark><name>3648399</name><styleUrl>#styleDaimonCIRCUITO43TRECHO</styleUrl><LineString><coordinates>-47.336681,-11.684804,0 -47.335932,-11.684715,0</coordinates></LineString></Placemark>
<Placemark><name>12157573</name><styleUrl>#styleDaimonCIRCUITO43TRECHO</styleUrl><LineString><coordinates>-47.329765,-11.694299,0 -47.329771,-11.694314,0</coordinates></LineString></Placemark>
<Placemark><name>12157572</name><styleUrl>#styleDaimonCIRCUITO43TRECHO</styleUrl><LineString><coordinates>-47.336701,-11.684808,0 -47.336681,-11.684804,0</coordinates></LineString></Placemark>
<Placemark><name>3648400</name><styleUrl>#styleDaimonCIRCUITO43TRECHO</styleUrl><LineString><coordinates>-47.329771,-11.694314,0 -47.330464,-11.694737,0</coordinates></LineString></Placemark>
<Placemark><name>3648391</name><styleUrl>#styleDaimonCIRCUITO43TRECHO</styleUrl><LineString><coordinates>-47.338250,-11.685093,0 -47.336701,-11.684808,0</coordinates></LineString></Placemark>
<Placemark><name>12157575</name><styleUrl>#styleDaimonCIRCUITO43TRECHO</styleUrl><LineString><coordinates>-47.330464,-11.694737,0 -47.330476,-11.694754,0</coordinates></LineString></Placemark>
<Placemark><name>12157574</name><styleUrl>#styleDaimonCIRCUITO43TRECHO</styleUrl><LineString><coordinates>-47.338276,-11.685100,0 -47.338250,-11.685093,0</coordinates></LineString></Placemark>
<Placemark><name>3648392</name><styleUrl>#styleDaimonCIRCUITO43TRECHO</styleUrl><LineString><coordinates>-47.330476,-11.694754,0 -47.330678,-11.695642,0</coordinates></LineString></Placemark>
<Placemark><name>3648407</name><styleUrl>#styleDaimonCIRCUITO43TRECHO</styleUrl><LineString><coordinates>-47.339327,-11.685324,0 -47.338276,-11.685100,0</coordinates></LineString></Placemark>
<Placemark><name>3648396</name><styleUrl>#styleDaimonCIRCUITO43TRECHO</styleUrl><LineString><coordinates>-47.330678,-11.695642,0 -47.330849,-11.696538,0</coordinates></LineString></Placemark>
<Placemark><name>12157576</name><styleUrl>#styleDaimonCIRCUITO43TRECHO</styleUrl><LineString><coordinates>-47.339342,-11.685317,0 -47.339327,-11.685324,0</coordinates></LineString></Placemark>
<Placemark><name>3648388</name><styleUrl>#styleDaimonCIRCUITO43TRECHO</styleUrl><LineString><coordinates>-47.330849,-11.696538,0 -47.330669,-11.697682,0</coordinates></LineString></Placemark>
<Placemark><name>3648288</name><styleUrl>#styleDaimonCIRCUITO43TRECHO</styleUrl><LineString><coordinates>-47.339920,-11.684492,0 -47.339342,-11.685317,0</coordinates></LineString></Placemark>
<Placemark><name>3648512</name><styleUrl>#styleDaimonCIRCUITO43TRECHO</styleUrl><LineString><coordinates>-47.330669,-11.697682,0 -47.330461,-11.698907,0</coordinates></LineString></Placemark>
<Placemark><name>12157569</name><styleUrl>#styleDaimonCIRCUITO43TRECHO</styleUrl><LineString><coordinates>-47.339937,-11.684481,0 -47.339920,-11.684492,0</coordinates></LineString></Placemark>
<Placemark><name>3648286</name><styleUrl>#styleDaimonCIRCUITO43TRECHO</styleUrl><LineString><coordinates>-47.330461,-11.698907,0 -47.330259,-11.700024,0</coordinates></LineString></Placemark>
<Placemark><name>3648394</name><styleUrl>#styleDaimonCIRCUITO43TRECHO</styleUrl><LineString><coordinates>-47.340534,-11.684368,0 -47.339937,-11.684481,0</coordinates></LineString></Placemark>
<Placemark><name>12157584</name><styleUrl>#styleDaimonCIRCUITO43TRECHO</styleUrl><LineString><coordinates>-47.330259,-11.700024,0 -47.330249,-11.700041,0</coordinates></LineString></Placemark>
<Placemark><name>3648291</name><styleUrl>#styleDaimonCIRCUITO43TRECHO</styleUrl><LineString><coordinates>-47.341737,-11.684130,0 -47.340534,-11.684368,0</coordinates></LineString></Placemark>
<Placemark><name>3648516</name><styleUrl>#styleDaimonCIRCUITO43TRECHO</styleUrl><LineString><coordinates>-47.330249,-11.700041,0 -47.329733,-11.700567,0</coordinates></LineString></Placemark>
<Placemark><name>3648283</name><styleUrl>#styleDaimonCIRCUITO43TRECHO</styleUrl><LineString><coordinates>-47.342756,-11.683936,0 -47.341737,-11.684130,0</coordinates></LineString></Placemark>
<Placemark><name>3648405</name><styleUrl>#styleDaimonCIRCUITO43TRECHO</styleUrl><LineString><coordinates>-47.329733,-11.700567,0 -47.329212,-11.701040,0</coordinates></LineString></Placemark>
<Placemark><name>3648509</name><styleUrl>#styleDaimonCIRCUITO43TRECHO</styleUrl><LineString><coordinates>-47.343827,-11.683740,0 -47.342756,-11.683936,0</coordinates></LineString></Placemark>
<Placemark><name>12157578</name><styleUrl>#styleDaimonCIRCUITO43TRECHO</styleUrl><LineString><coordinates>-47.329212,-11.701040,0 -47.329199,-11.701055,0</coordinates></LineString></Placemark>
<Placemark><name>3648296</name><styleUrl>#styleDaimonCIRCUITO43TRECHO</styleUrl><LineString><coordinates>-47.345060,-11.683517,0 -47.343827,-11.683740,0</coordinates></LineString></Placemark>
<Placemark><name>3648298</name><styleUrl>#styleDaimonCIRCUITO43TRECHO</styleUrl><LineString><coordinates>-47.329199,-11.701055,0 -47.328899,-11.702089,0</coordinates></LineString></Placemark>
<Placemark><name>12157579</name><styleUrl>#styleDaimonCIRCUITO43TRECHO</styleUrl><LineString><coordinates>-47.345080,-11.683510,0 -47.345060,-11.683517,0</coordinates></LineString></Placemark>
<Placemark><name>12157571</name><styleUrl>#styleDaimonCIRCUITO43TRECHO</styleUrl><LineString><coordinates>-47.328899,-11.702089,0 -47.328897,-11.702110,0</coordinates></LineString></Placemark>
<Placemark><name>3648514</name><styleUrl>#styleDaimonCIRCUITO43TRECHO</styleUrl><LineString><coordinates>-47.346310,-11.682633,0 -47.345080,-11.683510,0</coordinates></LineString></Placemark>
<Placemark><name>3648290</name><styleUrl>#styleDaimonCIRCUITO43TRECHO</styleUrl><LineString><coordinates>-47.328897,-11.702110,0 -47.329014,-11.703050,0</coordinates></LineString></Placemark>
<Placemark><name>12157582</name><styleUrl>#styleDaimonCIRCUITO43TRECHO</styleUrl><LineString><coordinates>-47.346325,-11.682620,0 -47.346310,-11.682633,0</coordinates></LineString></Placemark>
<Placemark><name>3648294</name><styleUrl>#styleDaimonCIRCUITO43TRECHO</styleUrl><LineString><coordinates>-47.329014,-11.703050,0 -47.329122,-11.703845,0</coordinates></LineString></Placemark>
<Placemark><name>3648385</name><styleUrl>#styleDaimonCIRCUITO43TRECHO</styleUrl><LineString><coordinates>-47.346763,-11.682200,0 -47.346325,-11.682620,0</coordinates></LineString></Placemark>
<Placemark><name>3648397</name><styleUrl>#styleDaimonCIRCUITO43TRECHO</styleUrl><LineString><coordinates>-47.329122,-11.703845,0 -47.329317,-11.704808,0</coordinates></LineString></Placemark>
<Placemark><name>3648393</name><styleUrl>#styleDaimonCIRCUITO43TRECHO</styleUrl><LineString><coordinates>-47.347366,-11.681566,0 -47.346763,-11.682200,0</coordinates></LineString></Placemark>
<Placemark><name>3648389</name><styleUrl>#styleDaimonCIRCUITO43TRECHO</styleUrl><LineString><coordinates>-47.329317,-11.704808,0 -47.329552,-11.705981,0</coordinates></LineString></Placemark>
<Placemark><name>3648401</name><styleUrl>#styleDaimonCIRCUITO43TRECHO</styleUrl><LineString><coordinates>-47.347659,-11.680902,0 -47.347366,-11.681566,0</coordinates></LineString></Placemark>
<Placemark><name>3648513</name><styleUrl>#styleDaimonCIRCUITO43TRECHO</styleUrl><LineString><coordinates>-47.329552,-11.705981,0 -47.329946,-11.707002,0</coordinates></LineString></Placemark>
<Placemark><name>3648282</name><styleUrl>#styleDaimonCIRCUITO43TRECHO</styleUrl><LineString><coordinates>-47.347816,-11.680128,0 -47.347659,-11.680902,0</coordinates></LineString></Placemark>
<Placemark><name>3648295</name><styleUrl>#styleDaimonCIRCUITO43TRECHO</styleUrl><LineString><coordinates>-47.329946,-11.707002,0 -47.330336,-11.708013,0</coordinates></LineString></Placemark>
<Placemark><name>3648151</name><styleUrl>#styleDaimonCIRCUITO43TRECHO</styleUrl><LineString><coordinates>-47.348001,-11.679246,0 -47.347816,-11.680128,0</coordinates></LineString></Placemark>
<Placemark><name>12157581</name><styleUrl>#styleDaimonCIRCUITO43TRECHO</styleUrl><LineString><coordinates>-47.330336,-11.708013,0 -47.330346,-11.708030,0</coordinates></LineString></Placemark>
<Placemark><name>3647643</name><styleUrl>#styleDaimonCIRCUITO43TRECHO</styleUrl><LineString><coordinates>-47.348119,-11.678240,0 -47.348001,-11.679246,0</coordinates></LineString></Placemark>
<Placemark><name>3648409</name><styleUrl>#styleDaimonCIRCUITO43TRECHO</styleUrl><LineString><coordinates>-47.330346,-11.708030,0 -47.330879,-11.708859,0</coordinates></LineString></Placemark>
<Placemark><name>3648287</name><styleUrl>#styleDaimonCIRCUITO43TRECHO</styleUrl><LineString><coordinates>-47.330879,-11.708859,0 -47.331364,-11.709597,0</coordinates></LineString></Placemark>
<Placemark><name>3648406</name><styleUrl>#styleDaimonCIRCUITO43TRECHO</styleUrl><LineString><coordinates>-47.331364,-11.709597,0 -47.331773,-11.710523,0</coordinates></LineString></Placemark>
<Placemark><name>3648390</name><styleUrl>#styleDaimonCIRCUITO43TRECHO</styleUrl><LineString><coordinates>-47.331773,-11.710523,0 -47.332191,-11.711467,0</coordinates></LineString></Placemark>
<Placemark><name>3648398</name><styleUrl>#styleDaimonCIRCUITO43TRECHO</styleUrl><LineString><coordinates>-47.332191,-11.711467,0 -47.332609,-11.712393,0</coordinates></LineString></Placemark>
<Placemark><name>3648649</name><styleUrl>#styleDaimonCIRCUITO43TRECHO</styleUrl><LineString><coordinates>-47.332609,-11.712393,0 -47.333018,-11.713319,0</coordinates></LineString></Placemark>
<Placemark><name>3647641</name><styleUrl>#styleDaimonCIRCUITO43TRECHO</styleUrl><LineString><coordinates>-47.333018,-11.713319,0 -47.333360,-11.714087,0</coordinates></LineString></Placemark>
<Placemark><name>2903967</name><styleUrl>#styleDaimonCIRCUITO43TRECHO</styleUrl><LineString><coordinates>-47.384476,-11.664227,0 -47.385301,-11.664984,0</coordinates></LineString></Placemark>
<Placemark><name>2903813</name><styleUrl>#styleDaimonCIRCUITO43TRECHO</styleUrl><LineString><coordinates>-47.385301,-11.664984,0 -47.386184,-11.665818,0</coordinates></LineString></Placemark>
<Placemark><name>2903809</name><styleUrl>#styleDaimonCIRCUITO43TRECHO</styleUrl><LineString><coordinates>-47.383614,-11.663382,0 -47.384476,-11.664227,0</coordinates></LineString></Placemark>
<Placemark><name>2903820</name><styleUrl>#styleDaimonCIRCUITO43TRECHO</styleUrl><LineString><coordinates>-47.386184,-11.665818,0 -47.387078,-11.666676,0</coordinates></LineString></Placemark>
<Placemark><name>2903816</name><styleUrl>#styleDaimonCIRCUITO43TRECHO</styleUrl><LineString><coordinates>-47.382888,-11.662750,0 -47.383614,-11.663382,0</coordinates></LineString></Placemark>
<Placemark><name>2903819</name><styleUrl>#styleDaimonCIRCUITO43TRECHO</styleUrl><LineString><coordinates>-47.381998,-11.661880,0 -47.382888,-11.662750,0</coordinates></LineString></Placemark>
<Placemark><name>2903812</name><styleUrl>#styleDaimonCIRCUITO43TRECHO</styleUrl><LineString><coordinates>-47.381023,-11.660983,0 -47.381998,-11.661880,0</coordinates></LineString></Placemark>
<Placemark><name>2903966</name><styleUrl>#styleDaimonCIRCUITO43TRECHO</styleUrl><LineString><coordinates>-47.380231,-11.660245,0 -47.381023,-11.660983,0</coordinates></LineString></Placemark>
<Placemark><name>2903808</name><styleUrl>#styleDaimonCIRCUITO43TRECHO</styleUrl><LineString><coordinates>-47.379103,-11.659902,0 -47.380231,-11.660245,0</coordinates></LineString></Placemark>
<Placemark><name>2903815</name><styleUrl>#styleDaimonCIRCUITO43TRECHO</styleUrl><LineString><coordinates>-47.377646,-11.659483,0 -47.379103,-11.659902,0</coordinates></LineString></Placemark>
<Placemark><name>2903818</name><styleUrl>#styleDaimonCIRCUITO43TRECHO</styleUrl><LineString><coordinates>-47.376425,-11.659111,0 -47.377646,-11.659483,0</coordinates></LineString></Placemark>
<Placemark><name>2903811</name><styleUrl>#styleDaimonCIRCUITO43TRECHO</styleUrl><LineString><coordinates>-47.375049,-11.658712,0 -47.376425,-11.659111,0</coordinates></LineString></Placemark>
<Placemark><name>2903821</name><styleUrl>#styleDaimonCIRCUITO43TRECHO</styleUrl><LineString><coordinates>-47.373816,-11.658345,0 -47.375049,-11.658712,0</coordinates></LineString></Placemark>
<Placemark><name>2903807</name><styleUrl>#styleDaimonCIRCUITO43TRECHO</styleUrl><LineString><coordinates>-47.372715,-11.658008,0 -47.373816,-11.658345,0</coordinates></LineString></Placemark>
<Placemark><name>2903814</name><styleUrl>#styleDaimonCIRCUITO43TRECHO</styleUrl><LineString><coordinates>-47.371517,-11.657687,0 -47.372715,-11.658008,0</coordinates></LineString></Placemark>
<Placemark><name>2903817</name><styleUrl>#styleDaimonCIRCUITO43TRECHO</styleUrl><LineString><coordinates>-47.370242,-11.657303,0 -47.371517,-11.657687,0</coordinates></LineString></Placemark>
<Placemark><name>2903810</name><styleUrl>#styleDaimonCIRCUITO43TRECHO</styleUrl><LineString><coordinates>-47.369276,-11.657008,0 -47.370242,-11.657303,0</coordinates></LineString></Placemark>
<Placemark><name>2590470</name><styleUrl>#styleDaimonCIRCUITO43TRECHO</styleUrl><LineString><coordinates>-47.426489,-11.668215,0 -47.427599,-11.668490,0</coordinates></LineString></Placemark>
<Placemark><name>2590471</name><styleUrl>#styleDaimonCIRCUITO43TRECHO</styleUrl><LineString><coordinates>-47.427599,-11.668490,0 -47.428695,-11.668728,0</coordinates></LineString></Placemark>
<Placemark><name>3393537</name><styleUrl>#styleDaimonCIRCUITO43TRECHO</styleUrl><LineString><coordinates>-47.425382,-11.667997,0 -47.426489,-11.668215,0</coordinates></LineString></Placemark>
<Placemark><name>12092164</name><styleUrl>#styleDaimonCIRCUITO43TRECHO</styleUrl><LineString><coordinates>-47.428695,-11.668728,0 -47.428728,-11.668736,0</coordinates></LineString></Placemark>
<Placemark><name>12105171</name><styleUrl>#styleDaimonCIRCUITO43TRECHO</styleUrl><LineString><coordinates>-47.425369,-11.667976,0 -47.425382,-11.667997,0</coordinates></LineString></Placemark>
<Placemark><name>2590320</name><styleUrl>#styleDaimonCIRCUITO43TRECHO</styleUrl><LineString><coordinates>-47.428728,-11.668736,0 -47.429854,-11.669025,0</coordinates></LineString></Placemark>
<Placemark><name>3393536</name><styleUrl>#styleDaimonCIRCUITO43TRECHO</styleUrl><LineString><coordinates>-47.425469,-11.667341,0 -47.425369,-11.667976,0</coordinates></LineString></Placemark>
<Placemark><name>3087641</name><styleUrl>#styleDaimonCIRCUITO43TRECHO</styleUrl><LineString><coordinates>-47.429854,-11.669025,0 -47.430728,-11.669205,0</coordinates></LineString></Placemark>
<Placemark><name>12105170</name><styleUrl>#styleDaimonCIRCUITO43TRECHO</styleUrl><LineString><coordinates>-47.425457,-11.667318,0 -47.425469,-11.667341,0</coordinates></LineString></Placemark>
<Placemark><name>3087642</name><styleUrl>#styleDaimonCIRCUITO43TRECHO</styleUrl><LineString><coordinates>-47.430728,-11.669205,0 -47.431634,-11.669388,0</coordinates></LineString></Placemark>
<Placemark><name>3393533</name><styleUrl>#styleDaimonCIRCUITO43TRECHO</styleUrl><LineString><coordinates>-47.424485,-11.666928,0 -47.425457,-11.667318,0</coordinates></LineString></Placemark>
<Placemark><name>3080578</name><styleUrl>#styleDaimonCIRCUITO43TRECHO</styleUrl><LineString><coordinates>-47.431634,-11.669388,0 -47.432536,-11.669530,0</coordinates></LineString></Placemark>
<Placemark><name>3081381</name><styleUrl>#styleDaimonCIRCUITO43TRECHO</styleUrl><LineString><coordinates>-47.423679,-11.666597,0 -47.424485,-11.666928,0</coordinates></LineString></Placemark>
<Placemark><name>3587242</name><styleUrl>#styleDaimonCIRCUITO43TRECHO</styleUrl><LineString><coordinates>-47.432536,-11.669530,0 -47.432951,-11.669643,0</coordinates></LineString></Placemark>
<Placemark><name>2577783</name><styleUrl>#styleDaimonCIRCUITO43TRECHO</styleUrl><LineString><coordinates>-47.422580,-11.666097,0 -47.423679,-11.666597,0</coordinates></LineString></Placemark>
<Placemark><name>3586999</name><styleUrl>#styleDaimonCIRCUITO43TRECHO</styleUrl><LineString><coordinates>-47.432951,-11.669643,0 -47.433390,-11.669761,0</coordinates></LineString></Placemark>
<Placemark><name>2577782</name><styleUrl>#styleDaimonCIRCUITO43TRECHO</styleUrl><LineString><coordinates>-47.421747,-11.665751,0 -47.422580,-11.666097,0</coordinates></LineString></Placemark>
<Placemark><name>3080579</name><styleUrl>#styleDaimonCIRCUITO43TRECHO</styleUrl><LineString><coordinates>-47.433390,-11.669761,0 -47.434057,-11.669904,0</coordinates></LineString></Placemark>
<Placemark><name>2577781</name><styleUrl>#styleDaimonCIRCUITO43TRECHO</styleUrl><LineString><coordinates>-47.420878,-11.665417,0 -47.421747,-11.665751,0</coordinates></LineString></Placemark>
<Placemark><name>12092165</name><styleUrl>#styleDaimonCIRCUITO43TRECHO</styleUrl><LineString><coordinates>-47.434057,-11.669904,0 -47.434090,-11.669903,0</coordinates></LineString></Placemark>
<Placemark><name>12092284</name><styleUrl>#styleDaimonCIRCUITO43TRECHO</styleUrl><LineString><coordinates>-47.420854,-11.665393,0 -47.420878,-11.665417,0</coordinates></LineString></Placemark>
<Placemark><name>3080580</name><styleUrl>#styleDaimonCIRCUITO43TRECHO</styleUrl><LineString><coordinates>-47.434090,-11.669903,0 -47.435169,-11.669584,0</coordinates></LineString></Placemark>
<Placemark><name>2577780</name><styleUrl>#styleDaimonCIRCUITO43TRECHO</styleUrl><LineString><coordinates>-47.420085,-11.664621,0 -47.420854,-11.665393,0</coordinates></LineString></Placemark>
<Placemark><name>3375722</name><styleUrl>#styleDaimonCIRCUITO43TRECHO</styleUrl><LineString><coordinates>-47.435169,-11.669584,0 -47.436232,-11.669347,0</coordinates></LineString></Placemark>
<Placemark><name>2577779</name><styleUrl>#styleDaimonCIRCUITO43TRECHO</styleUrl><LineString><coordinates>-47.419366,-11.664032,0 -47.420085,-11.664621,0</coordinates></LineString></Placemark>
<Placemark><name>12092166</name><styleUrl>#styleDaimonCIRCUITO43TRECHO</styleUrl><LineString><coordinates>-47.436232,-11.669347,0 -47.436264,-11.669334,0</coordinates></LineString></Placemark>
<Placemark><name>2577778</name><styleUrl>#styleDaimonCIRCUITO43TRECHO</styleUrl><LineString><coordinates>-47.418519,-11.663258,0 -47.419366,-11.664032,0</coordinates></LineString></Placemark>
<Placemark><name>3375723</name><styleUrl>#styleDaimonCIRCUITO43TRECHO</styleUrl><LineString><coordinates>-47.436264,-11.669334,0 -47.436931,-11.668797,0</coordinates></LineString></Placemark>
<Placemark><name>2577777</name><styleUrl>#styleDaimonCIRCUITO43TRECHO</styleUrl><LineString><coordinates>-47.417521,-11.662392,0 -47.418519,-11.663258,0</coordinates></LineString></Placemark>
<Placemark><name>3375724</name><styleUrl>#styleDaimonCIRCUITO43TRECHO</styleUrl><LineString><coordinates>-47.436931,-11.668797,0 -47.437970,-11.668076,0</coordinates></LineString></Placemark>
<Placemark><name>3393201</name><styleUrl>#styleDaimonCIRCUITO43TRECHO</styleUrl><LineString><coordinates>-47.416822,-11.661770,0 -47.417521,-11.662392,0</coordinates></LineString></Placemark>
<Placemark><name>3385466</name><styleUrl>#styleDaimonCIRCUITO43TRECHO</styleUrl><LineString><coordinates>-47.437970,-11.668076,0 -47.438744,-11.667311,0</coordinates></LineString></Placemark>
<Placemark><name>3393200</name><styleUrl>#styleDaimonCIRCUITO43TRECHO</styleUrl><LineString><coordinates>-47.415947,-11.661015,0 -47.416822,-11.661770,0</coordinates></LineString></Placemark>
<Placemark><name>12092172</name><styleUrl>#styleDaimonCIRCUITO43TRECHO</styleUrl><LineString><coordinates>-47.438744,-11.667311,0 -47.438769,-11.667289,0</coordinates></LineString></Placemark>
<Placemark><name>3392924</name><styleUrl>#styleDaimonCIRCUITO43TRECHO</styleUrl><LineString><coordinates>-47.415128,-11.660257,0 -47.415947,-11.661015,0</coordinates></LineString></Placemark>
<Placemark><name>3385753</name><styleUrl>#styleDaimonCIRCUITO43TRECHO</styleUrl><LineString><coordinates>-47.438769,-11.667289,0 -47.439697,-11.666451,0</coordinates></LineString></Placemark>
<Placemark><name>3392923</name><styleUrl>#styleDaimonCIRCUITO43TRECHO</styleUrl><LineString><coordinates>-47.414122,-11.659378,0 -47.415128,-11.660257,0</coordinates></LineString></Placemark>
<Placemark><name>12092173</name><styleUrl>#styleDaimonCIRCUITO43TRECHO</styleUrl><LineString><coordinates>-47.439697,-11.666451,0 -47.439725,-11.666435,0</coordinates></LineString></Placemark>
<Placemark><name>12092283</name><styleUrl>#styleDaimonCIRCUITO43TRECHO</styleUrl><LineString><coordinates>-47.414098,-11.659354,0 -47.414122,-11.659378,0</coordinates></LineString></Placemark>
<Placemark><name>2667453</name><styleUrl>#styleDaimonCIRCUITO43TRECHO</styleUrl><LineString><coordinates>-47.439725,-11.666435,0 -47.440735,-11.665999,0</coordinates></LineString></Placemark>
<Placemark><name>2591323</name><styleUrl>#styleDaimonCIRCUITO43TRECHO</styleUrl><LineString><coordinates>-47.413446,-11.658728,0 -47.414098,-11.659354,0</coordinates></LineString></Placemark>
<Placemark><name>12092261</name><styleUrl>#styleDaimonCIRCUITO43TRECHO</styleUrl><LineString><coordinates>-47.440735,-11.665999,0 -47.440768,-11.665994,0</coordinates></LineString></Placemark>
<Placemark><name>3214623</name><styleUrl>#styleDaimonCIRCUITO43TRECHO</styleUrl><LineString><coordinates>-47.412743,-11.658132,0 -47.413446,-11.658728,0</coordinates></LineString></Placemark>
<Placemark><name>2668003</name><styleUrl>#styleDaimonCIRCUITO43TRECHO</styleUrl><LineString><coordinates>-47.440768,-11.665994,0 -47.441674,-11.666040,0</coordinates></LineString></Placemark>
<Placemark><name>3214622</name><styleUrl>#styleDaimonCIRCUITO43TRECHO</styleUrl><LineString><coordinates>-47.411886,-11.657366,0 -47.412743,-11.658132,0</coordinates></LineString></Placemark>
<Placemark><name>3198347</name><styleUrl>#styleDaimonCIRCUITO43TRECHO</styleUrl><LineString><coordinates>-47.441674,-11.666040,0 -47.442577,-11.666129,0</coordinates></LineString></Placemark>
<Placemark><name>3098288</name><styleUrl>#styleDaimonCIRCUITO43TRECHO</styleUrl><LineString><coordinates>-47.411302,-11.656810,0 -47.411886,-11.657366,0</coordinates></LineString></Placemark>
<Placemark><name>3198348</name><styleUrl>#styleDaimonCIRCUITO43TRECHO</styleUrl><LineString><coordinates>-47.442577,-11.666129,0 -47.443715,-11.666197,0</coordinates></LineString></Placemark>
<Placemark><name>3098287</name><styleUrl>#styleDaimonCIRCUITO43TRECHO</styleUrl><LineString><coordinates>-47.410361,-11.655993,0 -47.411302,-11.656810,0</coordinates></LineString></Placemark>
<Placemark><name>3198349</name><styleUrl>#styleDaimonCIRCUITO43TRECHO</styleUrl><LineString><coordinates>-47.443715,-11.666197,0 -47.444846,-11.666260,0</coordinates></LineString></Placemark>
<Placemark><name>3473998</name><styleUrl>#styleDaimonCIRCUITO43TRECHO</styleUrl><LineString><coordinates>-47.409537,-11.655265,0 -47.410361,-11.655993,0</coordinates></LineString></Placemark>
<Placemark><name>3369022</name><styleUrl>#styleDaimonCIRCUITO43TRECHO</styleUrl><LineString><coordinates>-47.444846,-11.666260,0 -47.445973,-11.666364,0</coordinates></LineString></Placemark>
<Placemark><name>3387338</name><styleUrl>#styleDaimonCIRCUITO43TRECHO</styleUrl><LineString><coordinates>-47.408710,-11.654519,0 -47.409537,-11.655265,0</coordinates></LineString></Placemark>
<Placemark><name>3206215</name><styleUrl>#styleDaimonCIRCUITO43TRECHO</styleUrl><LineString><coordinates>-47.445973,-11.666364,0 -47.447099,-11.666413,0</coordinates></LineString></Placemark>
<Placemark><name>12092282</name><styleUrl>#styleDaimonCIRCUITO43TRECHO</styleUrl><LineString><coordinates>-47.408684,-11.654497,0 -47.408710,-11.654519,0</coordinates></LineString></Placemark>
<Placemark><name>3206216</name><styleUrl>#styleDaimonCIRCUITO43TRECHO</styleUrl><LineString><coordinates>-47.447099,-11.666413,0 -47.447749,-11.666479,0</coordinates></LineString></Placemark>
<Placemark><name>3387337</name><styleUrl>#styleDaimonCIRCUITO43TRECHO</styleUrl><LineString><coordinates>-47.407666,-11.653618,0 -47.408684,-11.654497,0</coordinates></LineString></Placemark>
<Placemark><name>3384483</name><styleUrl>#styleDaimonCIRCUITO43TRECHO</styleUrl><LineString><coordinates>-47.447749,-11.666479,0 -47.448600,-11.666527,0</coordinates></LineString></Placemark>
<Placemark><name>3387336</name><styleUrl>#styleDaimonCIRCUITO43TRECHO</styleUrl><LineString><coordinates>-47.406886,-11.652902,0 -47.407666,-11.653618,0</coordinates></LineString></Placemark>
<Placemark><name>12092262</name><styleUrl>#styleDaimonCIRCUITO43TRECHO</styleUrl><LineString><coordinates>-47.448600,-11.666527,0 -47.448630,-11.666539,0</coordinates></LineString></Placemark>
<Placemark><name>3387335</name><styleUrl>#styleDaimonCIRCUITO43TRECHO</styleUrl><LineString><coordinates>-47.406058,-11.652214,0 -47.406886,-11.652902,0</coordinates></LineString></Placemark>
<Placemark><name>3384484</name><styleUrl>#styleDaimonCIRCUITO43TRECHO</styleUrl><LineString><coordinates>-47.448630,-11.666539,0 -47.449301,-11.667096,0</coordinates></LineString></Placemark>
<Placemark><name>3387334</name><styleUrl>#styleDaimonCIRCUITO43TRECHO</styleUrl><LineString><coordinates>-47.405108,-11.651312,0 -47.406058,-11.652214,0</coordinates></LineString></Placemark>
<Placemark><name>3451348</name><styleUrl>#styleDaimonCIRCUITO43TRECHO</styleUrl><LineString><coordinates>-47.449301,-11.667096,0 -47.450032,-11.667691,0</coordinates></LineString></Placemark>
<Placemark><name>3098586</name><styleUrl>#styleDaimonCIRCUITO43TRECHO</styleUrl><LineString><coordinates>-47.404481,-11.650790,0 -47.405108,-11.651312,0</coordinates></LineString></Placemark>
<Placemark><name>3451349</name><styleUrl>#styleDaimonCIRCUITO43TRECHO</styleUrl><LineString><coordinates>-47.450032,-11.667691,0 -47.451112,-11.668588,0</coordinates></LineString></Placemark>
<Placemark><name>3098585</name><styleUrl>#styleDaimonCIRCUITO43TRECHO</styleUrl><LineString><coordinates>-47.403944,-11.650292,0 -47.404481,-11.650790,0</coordinates></LineString></Placemark>
<Placemark><name>3451351</name><styleUrl>#styleDaimonCIRCUITO43TRECHO</styleUrl><LineString><coordinates>-47.451112,-11.668588,0 -47.451989,-11.669326,0</coordinates></LineString></Placemark>
<Placemark><name>3098584</name><styleUrl>#styleDaimonCIRCUITO43TRECHO</styleUrl><LineString><coordinates>-47.403254,-11.649708,0 -47.403944,-11.650292,0</coordinates></LineString></Placemark>
<Placemark><name>3451352</name><styleUrl>#styleDaimonCIRCUITO43TRECHO</styleUrl><LineString><coordinates>-47.451989,-11.669326,0 -47.452869,-11.670053,0</coordinates></LineString></Placemark>
<Placemark><name>12092281</name><styleUrl>#styleDaimonCIRCUITO43TRECHO</styleUrl><LineString><coordinates>-47.403230,-11.649685,0 -47.403254,-11.649708,0</coordinates></LineString></Placemark>
<Placemark><name>3098583</name><styleUrl>#styleDaimonCIRCUITO43TRECHO</styleUrl><LineString><coordinates>-47.402589,-11.649102,0 -47.403230,-11.649685,0</coordinates></LineString></Placemark>
<Placemark><name>3098582</name><styleUrl>#styleDaimonCIRCUITO43TRECHO</styleUrl><LineString><coordinates>-47.401885,-11.648494,0 -47.402589,-11.649102,0</coordinates></LineString></Placemark>
<Placemark><name>3098298</name><styleUrl>#styleDaimonCIRCUITO43TRECHO</styleUrl><LineString><coordinates>-47.401009,-11.647755,0 -47.401885,-11.648494,0</coordinates></LineString></Placemark>
<Placemark><name>12092280</name><styleUrl>#styleDaimonCIRCUITO43TRECHO</styleUrl><LineString><coordinates>-47.400984,-11.647732,0 -47.401009,-11.647755,0</coordinates></LineString></Placemark>
<Placemark><name>3098297</name><styleUrl>#styleDaimonCIRCUITO43TRECHO</styleUrl><LineString><coordinates>-47.399183,-11.646077,0 -47.400984,-11.647732,0</coordinates></LineString></Placemark>
<Placemark><name>12092279</name><styleUrl>#styleDaimonCIRCUITO43TRECHO</styleUrl><LineString><coordinates>-47.399157,-11.646054,0 -47.399183,-11.646077,0</coordinates></LineString></Placemark>
<Placemark><name>3651855</name><styleUrl>#styleDaimonCIRCUITO43TRECHO</styleUrl><LineString><coordinates>-47.398514,-11.645522,0 -47.399157,-11.646054,0</coordinates></LineString></Placemark>
<Placemark><name>3662531</name><styleUrl>#styleDaimonCIRCUITO43TRECHO</styleUrl><LineString><coordinates>-47.398513,-11.645496,0 -47.398514,-11.645522,0</coordinates></LineString></Placemark>
<Placemark><name>3662530</name><styleUrl>#styleDaimonCIRCUITO43TRECHO</styleUrl><LineString><coordinates>-47.398514,-11.645522,0 -47.398473,-11.645525,0</coordinates></LineString></Placemark>
<Placemark><name>3559675</name><styleUrl>#styleDaimonCIRCUITO43TRECHO</styleUrl><LineString><coordinates>-47.415018,-11.596740,0 -47.414798,-11.595871,0</coordinates></LineString></Placemark>
<Placemark><name>3556049</name><styleUrl>#styleDaimonCIRCUITO43TRECHO</styleUrl><LineString><coordinates>-47.414798,-11.595871,0 -47.414530,-11.594814,0</coordinates></LineString></Placemark>
<Placemark><name>3556270</name><styleUrl>#styleDaimonCIRCUITO43TRECHO</styleUrl><LineString><coordinates>-47.415200,-11.597456,0 -47.415018,-11.596740,0</coordinates></LineString></Placemark>
<Placemark><name>3555777</name><styleUrl>#styleDaimonCIRCUITO43TRECHO</styleUrl><LineString><coordinates>-47.414530,-11.594814,0 -47.414317,-11.593971,0</coordinates></LineString></Placemark>
<Placemark><name>3556068</name><styleUrl>#styleDaimonCIRCUITO43TRECHO</styleUrl><LineString><coordinates>-47.415427,-11.598355,0 -47.415200,-11.597456,0</coordinates></LineString></Placemark>
<Placemark><name>12062329</name><styleUrl>#styleDaimonCIRCUITO43TRECHO</styleUrl><LineString><coordinates>-47.414317,-11.593971,0 -47.414319,-11.593936,0</coordinates></LineString></Placemark>
<Placemark><name>3555776</name><styleUrl>#styleDaimonCIRCUITO43TRECHO</styleUrl><LineString><coordinates>-47.415650,-11.599235,0 -47.415427,-11.598355,0</coordinates></LineString></Placemark>
<Placemark><name>3555788</name><styleUrl>#styleDaimonCIRCUITO43TRECHO</styleUrl><LineString><coordinates>-47.414319,-11.593936,0 -47.414666,-11.593137,0</coordinates></LineString></Placemark>
<Placemark><name>3555787</name><styleUrl>#styleDaimonCIRCUITO43TRECHO</styleUrl><LineString><coordinates>-47.415888,-11.600131,0 -47.415650,-11.599235,0</coordinates></LineString></Placemark>
<Placemark><name>3556271</name><styleUrl>#styleDaimonCIRCUITO43TRECHO</styleUrl><LineString><coordinates>-47.414666,-11.593137,0 -47.415031,-11.592298,0</coordinates></LineString></Placemark>
<Placemark><name>3559674</name><styleUrl>#styleDaimonCIRCUITO43TRECHO</styleUrl><LineString><coordinates>-47.416542,-11.600690,0 -47.415888,-11.600131,0</coordinates></LineString></Placemark>
<Placemark><name>3556272</name><styleUrl>#styleDaimonCIRCUITO43TRECHO</styleUrl><LineString><coordinates>-47.415031,-11.592298,0 -47.415403,-11.591442,0</coordinates></LineString></Placemark>
<Placemark><name>3556048</name><styleUrl>#styleDaimonCIRCUITO43TRECHO</styleUrl><LineString><coordinates>-47.417227,-11.601276,0 -47.416542,-11.600690,0</coordinates></LineString></Placemark>
<Placemark><name>3556050</name><styleUrl>#styleDaimonCIRCUITO43TRECHO</styleUrl><LineString><coordinates>-47.415403,-11.591442,0 -47.415725,-11.590700,0</coordinates></LineString></Placemark>
<Placemark><name>3556067</name><styleUrl>#styleDaimonCIRCUITO43TRECHO</styleUrl><LineString><coordinates>-47.417958,-11.601900,0 -47.417227,-11.601276,0</coordinates></LineString></Placemark>
<Placemark><name>3556066</name><styleUrl>#styleDaimonCIRCUITO43TRECHO</styleUrl><LineString><coordinates>-47.418613,-11.602461,0 -47.417958,-11.601900,0</coordinates></LineString></Placemark>
<Placemark><name>12062327</name><styleUrl>#styleDaimonCIRCUITO43TRECHO</styleUrl><LineString><coordinates>-47.418632,-11.602488,0 -47.418613,-11.602461,0</coordinates></LineString></Placemark>
<Placemark><name>3555775</name><styleUrl>#styleDaimonCIRCUITO43TRECHO</styleUrl><LineString><coordinates>-47.418919,-11.603345,0 -47.418632,-11.602488,0</coordinates></LineString></Placemark>
<Placemark><name>12062654</name><styleUrl>#styleDaimonCIRCUITO43TRECHO</styleUrl><LineString><coordinates>-47.418919,-11.603345,0 -47.418937,-11.603340,0</coordinates></LineString></Placemark>
<Placemark><name>3559673</name><styleUrl>#styleDaimonCIRCUITO43TRECHO</styleUrl><LineString><coordinates>-47.419255,-11.604375,0 -47.418919,-11.603345,0</coordinates></LineString></Placemark>
<Placemark><name>3556051</name><styleUrl>#styleDaimonCIRCUITO43TRECHO</styleUrl><LineString><coordinates>-47.418937,-11.603340,0 -47.419855,-11.603070,0</coordinates></LineString></Placemark>
<Placemark><name>3555786</name><styleUrl>#styleDaimonCIRCUITO43TRECHO</styleUrl><LineString><coordinates>-47.419500,-11.605133,0 -47.419255,-11.604375,0</coordinates></LineString></Placemark>
<Placemark><name>3556047</name><styleUrl>#styleDaimonCIRCUITO43TRECHO</styleUrl><LineString><coordinates>-47.419765,-11.605943,0 -47.419500,-11.605133,0</coordinates></LineString></Placemark>
<Placemark><name>3556065</name><styleUrl>#styleDaimonCIRCUITO43TRECHO</styleUrl><LineString><coordinates>-47.420073,-11.606891,0 -47.419765,-11.605943,0</coordinates></LineString></Placemark>
<Placemark><name>12062325</name><styleUrl>#styleDaimonCIRCUITO43TRECHO</styleUrl><LineString><coordinates>-47.420074,-11.606925,0 -47.420073,-11.606891,0</coordinates></LineString></Placemark>
<Placemark><name>12062331</name><styleUrl>#styleDaimonCIRCUITO43TRECHO</styleUrl><LineString><coordinates>-47.420074,-11.606925,0 -47.420095,-11.606910,0</coordinates></LineString></Placemark>
<Placemark><name>3556064</name><styleUrl>#styleDaimonCIRCUITO43TRECHO</styleUrl><LineString><coordinates>-47.419834,-11.607789,0 -47.420074,-11.606925,0</coordinates></LineString></Placemark>
<Placemark><name>3559676</name><styleUrl>#styleDaimonCIRCUITO43TRECHO</styleUrl><LineString><coordinates>-47.420095,-11.606910,0 -47.420378,-11.606941,0</coordinates></LineString></Placemark>
<Placemark><name>3555774</name><styleUrl>#styleDaimonCIRCUITO43TRECHO</styleUrl><LineString><coordinates>-47.419585,-11.608679,0 -47.419834,-11.607789,0</coordinates></LineString></Placemark>
<Placemark><name>3559672</name><styleUrl>#styleDaimonCIRCUITO43TRECHO</styleUrl><LineString><coordinates>-47.419341,-11.609556,0 -47.419585,-11.608679,0</coordinates></LineString></Placemark>
<Placemark><name>3555785</name><styleUrl>#styleDaimonCIRCUITO43TRECHO</styleUrl><LineString><coordinates>-47.419099,-11.610426,0 -47.419341,-11.609556,0</coordinates></LineString></Placemark>
<Placemark><name>12062333</name><styleUrl>#styleDaimonCIRCUITO43TRECHO</styleUrl><LineString><coordinates>-47.419086,-11.610459,0 -47.419099,-11.610426,0</coordinates></LineString></Placemark>
<Placemark><name>3555795</name><styleUrl>#styleDaimonCIRCUITO43TRECHO</styleUrl><LineString><coordinates>-47.418734,-11.611111,0 -47.419086,-11.610459,0</coordinates></LineString></Placemark>
<Placemark><name>3556063</name><styleUrl>#styleDaimonCIRCUITO43TRECHO</styleUrl><LineString><coordinates>-47.418331,-11.611859,0 -47.418734,-11.611111,0</coordinates></LineString></Placemark>
<Placemark><name>3556062</name><styleUrl>#styleDaimonCIRCUITO43TRECHO</styleUrl><LineString><coordinates>-47.417923,-11.612617,0 -47.418331,-11.611859,0</coordinates></LineString></Placemark>
<Placemark><name>3559683</name><styleUrl>#styleDaimonCIRCUITO43TRECHO</styleUrl><LineString><coordinates>-47.417556,-11.613296,0 -47.417923,-11.612617,0</coordinates></LineString></Placemark>
<Placemark><name>3559671</name><styleUrl>#styleDaimonCIRCUITO43TRECHO</styleUrl><LineString><coordinates>-47.417220,-11.613921,0 -47.417556,-11.613296,0</coordinates></LineString></Placemark>
<Placemark><name>3555784</name><styleUrl>#styleDaimonCIRCUITO43TRECHO</styleUrl><LineString><coordinates>-47.416816,-11.614670,0 -47.417220,-11.613921,0</coordinates></LineString></Placemark>
<Placemark><name>3555794</name><styleUrl>#styleDaimonCIRCUITO43TRECHO</styleUrl><LineString><coordinates>-47.416460,-11.615330,0 -47.416816,-11.614670,0</coordinates></LineString></Placemark>
<Placemark><name>3556061</name><styleUrl>#styleDaimonCIRCUITO43TRECHO</styleUrl><LineString><coordinates>-47.416024,-11.616139,0 -47.416460,-11.615330,0</coordinates></LineString></Placemark>
<Placemark><name>3556060</name><styleUrl>#styleDaimonCIRCUITO43TRECHO</styleUrl><LineString><coordinates>-47.415597,-11.616931,0 -47.416024,-11.616139,0</coordinates></LineString></Placemark>
<Placemark><name>12062332</name><styleUrl>#styleDaimonCIRCUITO43TRECHO</styleUrl><LineString><coordinates>-47.415572,-11.616954,0 -47.415597,-11.616931,0</coordinates></LineString></Placemark>
<Placemark><name>3560636</name><styleUrl>#styleDaimonCIRCUITO43TRECHO</styleUrl><LineString><coordinates>-47.414802,-11.617292,0 -47.415572,-11.616954,0</coordinates></LineString></Placemark>
<Placemark><name>3559682</name><styleUrl>#styleDaimonCIRCUITO43TRECHO</styleUrl><LineString><coordinates>-47.413926,-11.617677,0 -47.414802,-11.617292,0</coordinates></LineString></Placemark>
<Placemark><name>3555783</name><styleUrl>#styleDaimonCIRCUITO43TRECHO</styleUrl><LineString><coordinates>-47.413086,-11.618045,0 -47.413926,-11.617677,0</coordinates></LineString></Placemark>
<Placemark><name>3555793</name><styleUrl>#styleDaimonCIRCUITO43TRECHO</styleUrl><LineString><coordinates>-47.412279,-11.618399,0 -47.413086,-11.618045,0</coordinates></LineString></Placemark>
<Placemark><name>3556059</name><styleUrl>#styleDaimonCIRCUITO43TRECHO</styleUrl><LineString><coordinates>-47.411428,-11.618772,0 -47.412279,-11.618399,0</coordinates></LineString></Placemark>
<Placemark><name>3560635</name><styleUrl>#styleDaimonCIRCUITO43TRECHO</styleUrl><LineString><coordinates>-47.410612,-11.619130,0 -47.411428,-11.618772,0</coordinates></LineString></Placemark>
<Placemark><name>3559681</name><styleUrl>#styleDaimonCIRCUITO43TRECHO</styleUrl><LineString><coordinates>-47.409724,-11.619521,0 -47.410612,-11.619130,0</coordinates></LineString></Placemark>
<Placemark><name>3556058</name><styleUrl>#styleDaimonCIRCUITO43TRECHO</styleUrl><LineString><coordinates>-47.408890,-11.619886,0 -47.409724,-11.619521,0</coordinates></LineString></Placemark>
<Placemark><name>3555792</name><styleUrl>#styleDaimonCIRCUITO43TRECHO</styleUrl><LineString><coordinates>-47.408056,-11.620252,0 -47.408890,-11.619886,0</coordinates></LineString></Placemark>
<Placemark><name>3555782</name><styleUrl>#styleDaimonCIRCUITO43TRECHO</styleUrl><LineString><coordinates>-47.407202,-11.620627,0 -47.408056,-11.620252,0</coordinates></LineString></Placemark>
<Placemark><name>3559680</name><styleUrl>#styleDaimonCIRCUITO43TRECHO</styleUrl><LineString><coordinates>-47.406351,-11.621000,0 -47.407202,-11.620627,0</coordinates></LineString></Placemark>
<Placemark><name>12064941</name><styleUrl>#styleDaimonCIRCUITO43TRECHO</styleUrl><LineString><coordinates>-47.406351,-11.621000,0 -47.406358,-11.621017,0</coordinates></LineString></Placemark>
<Placemark><name>3556057</name><styleUrl>#styleDaimonCIRCUITO43TRECHO</styleUrl><LineString><coordinates>-47.405518,-11.621365,0 -47.406351,-11.621000,0</coordinates></LineString></Placemark>
<Placemark><name>3616187</name><styleUrl>#styleDaimonCIRCUITO43TRECHO</styleUrl><LineString><coordinates>-47.406358,-11.621017,0 -47.406364,-11.621029,0</coordinates></LineString></Placemark>
<Placemark><name>12062330</name><styleUrl>#styleDaimonCIRCUITO43TRECHO</styleUrl><LineString><coordinates>-47.405493,-11.621387,0 -47.405518,-11.621365,0</coordinates></LineString></Placemark>
<Placemark><name>3560634</name><styleUrl>#styleDaimonCIRCUITO43TRECHO</styleUrl><LineString><coordinates>-47.405045,-11.622148,0 -47.405493,-11.621387,0</coordinates></LineString></Placemark>
<Placemark><name>3556056</name><styleUrl>#styleDaimonCIRCUITO43TRECHO</styleUrl><LineString><coordinates>-47.404616,-11.622875,0 -47.405045,-11.622148,0</coordinates></LineString></Placemark>
<Placemark><name>3555791</name><styleUrl>#styleDaimonCIRCUITO43TRECHO</styleUrl><LineString><coordinates>-47.404107,-11.623739,0 -47.404616,-11.622875,0</coordinates></LineString></Placemark>
<Placemark><name>3555781</name><styleUrl>#styleDaimonCIRCUITO43TRECHO</styleUrl><LineString><coordinates>-47.403547,-11.624687,0 -47.404107,-11.623739,0</coordinates></LineString></Placemark>
<Placemark><name>3556055</name><styleUrl>#styleDaimonCIRCUITO43TRECHO</styleUrl><LineString><coordinates>-47.403189,-11.625293,0 -47.403547,-11.624687,0</coordinates></LineString></Placemark>
<Placemark><name>3560633</name><styleUrl>#styleDaimonCIRCUITO43TRECHO</styleUrl><LineString><coordinates>-47.402727,-11.626078,0 -47.403189,-11.625293,0</coordinates></LineString></Placemark>
<Placemark><name>12062326</name><styleUrl>#styleDaimonCIRCUITO43TRECHO</styleUrl><LineString><coordinates>-47.402706,-11.626105,0 -47.402727,-11.626078,0</coordinates></LineString></Placemark>
<Placemark><name>3555790</name><styleUrl>#styleDaimonCIRCUITO43TRECHO</styleUrl><LineString><coordinates>-47.402194,-11.626624,0 -47.402706,-11.626105,0</coordinates></LineString></Placemark>
<Placemark><name>3556054</name><styleUrl>#styleDaimonCIRCUITO43TRECHO</styleUrl><LineString><coordinates>-47.401438,-11.627388,0 -47.402194,-11.626624,0</coordinates></LineString></Placemark>
<Placemark><name>12062328</name><styleUrl>#styleDaimonCIRCUITO43TRECHO</styleUrl><LineString><coordinates>-47.401413,-11.627411,0 -47.401438,-11.627388,0</coordinates></LineString></Placemark>
<Placemark><name>3555780</name><styleUrl>#styleDaimonCIRCUITO43TRECHO</styleUrl><LineString><coordinates>-47.400708,-11.627983,0 -47.401413,-11.627411,0</coordinates></LineString></Placemark>
<Placemark><name>3560632</name><styleUrl>#styleDaimonCIRCUITO43TRECHO</styleUrl><LineString><coordinates>-47.399956,-11.628593,0 -47.400708,-11.627983,0</coordinates></LineString></Placemark>
<Placemark><name>3559679</name><styleUrl>#styleDaimonCIRCUITO43TRECHO</styleUrl><LineString><coordinates>-47.399261,-11.629156,0 -47.399956,-11.628593,0</coordinates></LineString></Placemark>
<Placemark><name>12062324</name><styleUrl>#styleDaimonCIRCUITO43TRECHO</styleUrl><LineString><coordinates>-47.399231,-11.629163,0 -47.399261,-11.629156,0</coordinates></LineString></Placemark>
<Placemark><name>3556053</name><styleUrl>#styleDaimonCIRCUITO43TRECHO</styleUrl><LineString><coordinates>-47.398712,-11.629006,0 -47.399231,-11.629163,0</coordinates></LineString></Placemark>
<Placemark><name>3576610</name><styleUrl>#styleDaimonCIRCUITO43TRECHO</styleUrl><LineString><coordinates>-47.398797,-11.628800,0 -47.399546,-11.627782,0</coordinates></LineString></Placemark>
<Placemark><name>2670649</name><styleUrl>#styleDaimonCIRCUITO43TRECHO</styleUrl><LineString><coordinates>-47.366122,-11.549313,0 -47.365896,-11.549286,0</coordinates></LineString></Placemark>
<Placemark><name>2876744</name><styleUrl>#styleDaimonCIRCUITO43TRECHO</styleUrl><LineString><coordinates>-47.352307,-11.584762,0 -47.351852,-11.584338,0</coordinates></LineString></Placemark>
<Placemark><name>55216569</name><styleUrl>#styleDaimonCIRCUITO43TRECHO</styleUrl><LineString><coordinates>-47.352776,-11.585199,0 -47.352307,-11.584762,0</coordinates></LineString></Placemark>
<Placemark><name>46787480</name><styleUrl>#styleDaimonCIRCUITO43TRECHO</styleUrl><LineString><coordinates>-47.357103,-11.583778,0 -47.358040,-11.583304,0</coordinates></LineString></Placemark>
<Placemark><name>46787481</name><styleUrl>#styleDaimonCIRCUITO43TRECHO</styleUrl><LineString><coordinates>-47.358040,-11.583304,0 -47.359058,-11.582789,0</coordinates></LineString></Placemark>
<Placemark><name>46787479</name><styleUrl>#styleDaimonCIRCUITO43TRECHO</styleUrl><LineString><coordinates>-47.356167,-11.584252,0 -47.357103,-11.583778,0</coordinates></LineString></Placemark>
<Placemark><name>46787569</name><styleUrl>#styleDaimonCIRCUITO43TRECHO</styleUrl><LineString><coordinates>-47.359058,-11.582789,0 -47.359063,-11.582772,0</coordinates></LineString></Placemark>
<Placemark><name>46787478</name><styleUrl>#styleDaimonCIRCUITO43TRECHO</styleUrl><LineString><coordinates>-47.355249,-11.584717,0 -47.356167,-11.584252,0</coordinates></LineString></Placemark>
<Placemark><name>46787482</name><styleUrl>#styleDaimonCIRCUITO43TRECHO</styleUrl><LineString><coordinates>-47.359063,-11.582772,0 -47.359309,-11.581827,0</coordinates></LineString></Placemark>
<Placemark><name>46787564</name><styleUrl>#styleDaimonCIRCUITO43TRECHO</styleUrl><LineString><coordinates>-47.355231,-11.584727,0 -47.355249,-11.584717,0</coordinates></LineString></Placemark>
<Placemark><name>46787483</name><styleUrl>#styleDaimonCIRCUITO43TRECHO</styleUrl><LineString><coordinates>-47.359309,-11.581827,0 -47.359561,-11.580867,0</coordinates></LineString></Placemark>
<Placemark><name>46787477</name><styleUrl>#styleDaimonCIRCUITO43TRECHO</styleUrl><LineString><coordinates>-47.354461,-11.585395,0 -47.355231,-11.584727,0</coordinates></LineString></Placemark>
<Placemark><name>46787484</name><styleUrl>#styleDaimonCIRCUITO43TRECHO</styleUrl><LineString><coordinates>-47.359561,-11.580867,0 -47.359812,-11.579905,0</coordinates></LineString></Placemark>
<Placemark><name>46787476</name><styleUrl>#styleDaimonCIRCUITO43TRECHO</styleUrl><LineString><coordinates>-47.353782,-11.585986,0 -47.354461,-11.585395,0</coordinates></LineString></Placemark>
<Placemark><name>3098560</name><styleUrl>#styleDaimonCIRCUITO43TRECHO</styleUrl><LineString><coordinates>-47.426325,-11.545281,0 -47.426790,-11.546734,0</coordinates></LineString></Placemark>
<Placemark><name>3089579</name><styleUrl>#styleDaimonCIRCUITO43TRECHO</styleUrl><LineString><coordinates>-47.426790,-11.546734,0 -47.427135,-11.547968,0</coordinates></LineString></Placemark>
<Placemark><name>3098559</name><styleUrl>#styleDaimonCIRCUITO43TRECHO</styleUrl><LineString><coordinates>-47.425936,-11.543939,0 -47.426325,-11.545281,0</coordinates></LineString></Placemark>
<Placemark><name>3089580</name><styleUrl>#styleDaimonCIRCUITO43TRECHO</styleUrl><LineString><coordinates>-47.427135,-11.547968,0 -47.427423,-11.548974,0</coordinates></LineString></Placemark>
<Placemark><name>3098558</name><styleUrl>#styleDaimonCIRCUITO43TRECHO</styleUrl><LineString><coordinates>-47.425631,-11.542889,0 -47.425936,-11.543939,0</coordinates></LineString></Placemark>
<Placemark><name>3099739</name><styleUrl>#styleDaimonCIRCUITO43TRECHO</styleUrl><LineString><coordinates>-47.427423,-11.548974,0 -47.427638,-11.549632,0</coordinates></LineString></Placemark>
<Placemark><name>3104605</name><styleUrl>#styleDaimonCIRCUITO43TRECHO</styleUrl><LineString><coordinates>-47.425307,-11.541701,0 -47.425631,-11.542889,0</coordinates></LineString></Placemark>
<Placemark><name>3099740</name><styleUrl>#styleDaimonCIRCUITO43TRECHO</styleUrl><LineString><coordinates>-47.427638,-11.549632,0 -47.427899,-11.550455,0</coordinates></LineString></Placemark>
<Placemark><name>12039825</name><styleUrl>#styleDaimonCIRCUITO43TRECHO</styleUrl><LineString><coordinates>-47.427899,-11.550455,0 -47.427918,-11.550482,0</coordinates></LineString></Placemark>
<Placemark><name>3099741</name><styleUrl>#styleDaimonCIRCUITO43TRECHO</styleUrl><LineString><coordinates>-47.427918,-11.550482,0 -47.429033,-11.551394,0</coordinates></LineString></Placemark>
<Placemark><name>3215410</name><styleUrl>#styleDaimonCIRCUITO43TRECHO</styleUrl><LineString><coordinates>-47.429033,-11.551394,0 -47.430084,-11.552208,0</coordinates></LineString></Placemark>
<Placemark><name>3215411</name><styleUrl>#styleDaimonCIRCUITO43TRECHO</styleUrl><LineString><coordinates>-47.430084,-11.552208,0 -47.430963,-11.552959,0</coordinates></LineString></Placemark>
<Placemark><name>3215412</name><styleUrl>#styleDaimonCIRCUITO43TRECHO</styleUrl><LineString><coordinates>-47.430963,-11.552959,0 -47.431655,-11.553508,0</coordinates></LineString></Placemark>
<Placemark><name>12039826</name><styleUrl>#styleDaimonCIRCUITO43TRECHO</styleUrl><LineString><coordinates>-47.431655,-11.553508,0 -47.431675,-11.553534,0</coordinates></LineString></Placemark>
<Placemark><name>3215413</name><styleUrl>#styleDaimonCIRCUITO43TRECHO</styleUrl><LineString><coordinates>-47.431675,-11.553534,0 -47.432027,-11.554645,0</coordinates></LineString></Placemark>
<Placemark><name>3215414</name><styleUrl>#styleDaimonCIRCUITO43TRECHO</styleUrl><LineString><coordinates>-47.432027,-11.554645,0 -47.432335,-11.555786,0</coordinates></LineString></Placemark>
<Placemark><name>3215415</name><styleUrl>#styleDaimonCIRCUITO43TRECHO</styleUrl><LineString><coordinates>-47.432335,-11.555786,0 -47.432843,-11.557621,0</coordinates></LineString></Placemark>
<Placemark><name>3097675</name><styleUrl>#styleDaimonCIRCUITO43TRECHO</styleUrl><LineString><coordinates>-47.432843,-11.557621,0 -47.433195,-11.558771,0</coordinates></LineString></Placemark>
<Placemark><name>3215683</name><styleUrl>#styleDaimonCIRCUITO43TRECHO</styleUrl><LineString><coordinates>-47.433195,-11.558771,0 -47.433632,-11.560063,0</coordinates></LineString></Placemark>
<Placemark><name>3098350</name><styleUrl>#styleDaimonCIRCUITO43TRECHO</styleUrl><LineString><coordinates>-47.433632,-11.560063,0 -47.434010,-11.561397,0</coordinates></LineString></Placemark>
<Placemark><name>3212583</name><styleUrl>#styleDaimonCIRCUITO43TRECHO</styleUrl><LineString><coordinates>-47.434010,-11.561397,0 -47.434416,-11.562723,0</coordinates></LineString></Placemark>
<Placemark><name>2670651</name><styleUrl>#styleDaimonCIRCUITO43TRECHO</styleUrl><LineString><coordinates>-47.434416,-11.562723,0 -47.434801,-11.563950,0</coordinates></LineString></Placemark>
<Placemark><name>12035664</name><styleUrl>#styleDaimonCIRCUITO43TRECHO</styleUrl><LineString><coordinates>-47.434801,-11.563950,0 -47.434821,-11.563973,0</coordinates></LineString></Placemark>
<Placemark><name>2670653</name><styleUrl>#styleDaimonCIRCUITO43TRECHO</styleUrl><LineString><coordinates>-47.434821,-11.563973,0 -47.435608,-11.564376,0</coordinates></LineString></Placemark>
<Placemark><name>2670652</name><styleUrl>#styleDaimonCIRCUITO43TRECHO</styleUrl><LineString><coordinates>-47.435608,-11.564376,0 -47.436551,-11.564922,0</coordinates></LineString></Placemark>
<Placemark><name>2670650</name><styleUrl>#styleDaimonCIRCUITO43TRECHO</styleUrl><LineString><coordinates>-47.436551,-11.564922,0 -47.437557,-11.565479,0</coordinates></LineString></Placemark>
<Placemark><name>12040678</name><styleUrl>#styleDaimonCIRCUITO43TRECHO</styleUrl><LineString><coordinates>-47.437557,-11.565479,0 -47.437579,-11.565502,0</coordinates></LineString></Placemark>
<Placemark><name>3224316</name><styleUrl>#styleDaimonCIRCUITO43TRECHO</styleUrl><LineString><coordinates>-47.437579,-11.565502,0 -47.437904,-11.566473,0</coordinates></LineString></Placemark>
<Placemark><name>3224315</name><styleUrl>#styleDaimonCIRCUITO43TRECHO</styleUrl><LineString><coordinates>-47.437904,-11.566473,0 -47.438275,-11.567656,0</coordinates></LineString></Placemark>
<Placemark><name>3212584</name><styleUrl>#styleDaimonCIRCUITO43TRECHO</styleUrl><LineString><coordinates>-47.438275,-11.567656,0 -47.438766,-11.569084,0</coordinates></LineString></Placemark>
<Placemark><name>3213405</name><styleUrl>#styleDaimonCIRCUITO43TRECHO</styleUrl><LineString><coordinates>-47.438766,-11.569084,0 -47.439109,-11.570053,0</coordinates></LineString></Placemark>
<Placemark><name>3213188</name><styleUrl>#styleDaimonCIRCUITO43TRECHO</styleUrl><LineString><coordinates>-47.439109,-11.570053,0 -47.439504,-11.571317,0</coordinates></LineString></Placemark>
<Placemark><name>3213406</name><styleUrl>#styleDaimonCIRCUITO43TRECHO</styleUrl><LineString><coordinates>-47.439504,-11.571317,0 -47.439789,-11.572177,0</coordinates></LineString></Placemark>
<Placemark><name>3213407</name><styleUrl>#styleDaimonCIRCUITO43TRECHO</styleUrl><LineString><coordinates>-47.439789,-11.572177,0 -47.440068,-11.572915,0</coordinates></LineString></Placemark>
<Placemark><name>3213408</name><styleUrl>#styleDaimonCIRCUITO43TRECHO</styleUrl><LineString><coordinates>-47.440068,-11.572915,0 -47.440259,-11.573608,0</coordinates></LineString></Placemark>
<Placemark><name>3213409</name><styleUrl>#styleDaimonCIRCUITO43TRECHO</styleUrl><LineString><coordinates>-47.440259,-11.573608,0 -47.440650,-11.574714,0</coordinates></LineString></Placemark>
<Placemark><name>12035665</name><styleUrl>#styleDaimonCIRCUITO43TRECHO</styleUrl><LineString><coordinates>-47.440650,-11.574714,0 -47.440648,-11.574746,0</coordinates></LineString></Placemark>
<Placemark><name>3537217</name><styleUrl>#styleDaimonCIRCUITO43TRECHO</styleUrl><LineString><coordinates>-47.440648,-11.574746,0 -47.440269,-11.575662,0</coordinates></LineString></Placemark>
<Placemark><name>12035666</name><styleUrl>#styleDaimonCIRCUITO43TRECHO</styleUrl><LineString><coordinates>-47.440269,-11.575662,0 -47.440256,-11.575693,0</coordinates></LineString></Placemark>
<Placemark><name>3537218</name><styleUrl>#styleDaimonCIRCUITO43TRECHO</styleUrl><LineString><coordinates>-47.440256,-11.575693,0 -47.439373,-11.577660,0</coordinates></LineString></Placemark>
<Placemark><name>12035667</name><styleUrl>#styleDaimonCIRCUITO43TRECHO</styleUrl><LineString><coordinates>-47.439373,-11.577660,0 -47.439364,-11.577693,0</coordinates></LineString></Placemark>
<Placemark><name>3537219</name><styleUrl>#styleDaimonCIRCUITO43TRECHO</styleUrl><LineString><coordinates>-47.439364,-11.577693,0 -47.439061,-11.578555,0</coordinates></LineString></Placemark>
<Placemark><name>3537220</name><styleUrl>#styleDaimonCIRCUITO43TRECHO</styleUrl><LineString><coordinates>-47.439061,-11.578555,0 -47.438872,-11.579660,0</coordinates></LineString></Placemark>
<Placemark><name>3537221</name><styleUrl>#styleDaimonCIRCUITO43TRECHO</styleUrl><LineString><coordinates>-47.438872,-11.579660,0 -47.438656,-11.580963,0</coordinates></LineString></Placemark>
<Placemark><name>3212585</name><styleUrl>#styleDaimonCIRCUITO43TRECHO</styleUrl><LineString><coordinates>-47.413354,-11.527301,0 -47.412629,-11.526754,0</coordinates></LineString></Placemark>
<Placemark><name>3097111</name><styleUrl>#styleDaimonCIRCUITO43TRECHO</styleUrl><LineString><coordinates>-47.412629,-11.526754,0 -47.411493,-11.525800,0</coordinates></LineString></Placemark>
<Placemark><name>12088929</name><styleUrl>#styleDaimonCIRCUITO43TRECHO</styleUrl><LineString><coordinates>-47.413364,-11.527330,0 -47.413354,-11.527301,0</coordinates></LineString></Placemark>
<Placemark><name>3212586</name><styleUrl>#styleDaimonCIRCUITO43TRECHO</styleUrl><LineString><coordinates>-47.411493,-11.525800,0 -47.411012,-11.524212,0</coordinates></LineString></Placemark>
<Placemark><name>3387911</name><styleUrl>#styleDaimonCIRCUITO43TRECHO</styleUrl><LineString><coordinates>-47.413180,-11.528667,0 -47.413364,-11.527330,0</coordinates></LineString></Placemark>
<Placemark><name>3097381</name><styleUrl>#styleDaimonCIRCUITO43TRECHO</styleUrl><LineString><coordinates>-47.411012,-11.524212,0 -47.410571,-11.522809,0</coordinates></LineString></Placemark>
<Placemark><name>3369917</name><styleUrl>#styleDaimonCIRCUITO43TRECHO</styleUrl><LineString><coordinates>-47.412912,-11.530096,0 -47.413180,-11.528667,0</coordinates></LineString></Placemark>
<Placemark><name>3369916</name><styleUrl>#styleDaimonCIRCUITO43TRECHO</styleUrl><LineString><coordinates>-47.412717,-11.531559,0 -47.412912,-11.530096,0</coordinates></LineString></Placemark>
<Placemark><name>3369913</name><styleUrl>#styleDaimonCIRCUITO43TRECHO</styleUrl><LineString><coordinates>-47.412402,-11.533732,0 -47.412717,-11.531559,0</coordinates></LineString></Placemark>
<Placemark><name>3369912</name><styleUrl>#styleDaimonCIRCUITO43TRECHO</styleUrl><LineString><coordinates>-47.412175,-11.535262,0 -47.412402,-11.533732,0</coordinates></LineString></Placemark>
<Placemark><name>3369911</name><styleUrl>#styleDaimonCIRCUITO43TRECHO</styleUrl><LineString><coordinates>-47.412011,-11.536389,0 -47.412175,-11.535262,0</coordinates></LineString></Placemark>
<Placemark><name>3392978</name><styleUrl>#styleDaimonCIRCUITO43TRECHO</styleUrl><LineString><coordinates>-47.411850,-11.537367,0 -47.412011,-11.536389,0</coordinates></LineString></Placemark>
<Placemark><name>3466530</name><styleUrl>#styleDaimonCIRCUITO43TRECHO</styleUrl><LineString><coordinates>-47.411864,-11.538438,0 -47.411850,-11.537367,0</coordinates></LineString></Placemark>
<Placemark><name>3466529</name><styleUrl>#styleDaimonCIRCUITO43TRECHO</styleUrl><LineString><coordinates>-47.411919,-11.540139,0 -47.411864,-11.538438,0</coordinates></LineString></Placemark>
<Placemark><name>3466527</name><styleUrl>#styleDaimonCIRCUITO43TRECHO</styleUrl><LineString><coordinates>-47.411940,-11.541744,0 -47.411919,-11.540139,0</coordinates></LineString></Placemark>
<Placemark><name>2574342</name><styleUrl>#styleDaimonCIRCUITO43TRECHO</styleUrl><LineString><coordinates>-47.411975,-11.542796,0 -47.411940,-11.541744,0</coordinates></LineString></Placemark>
<Placemark><name>3099737</name><styleUrl>#styleDaimonCIRCUITO43TRECHO</styleUrl><LineString><coordinates>-47.412053,-11.543775,0 -47.411975,-11.542796,0</coordinates></LineString></Placemark>
<Placemark><name>3392977</name><styleUrl>#styleDaimonCIRCUITO43TRECHO</styleUrl><LineString><coordinates>-47.462287,-11.522291,0 -47.463029,-11.521715,0</coordinates></LineString></Placemark>
<Placemark><name>3638468</name><styleUrl>#styleDaimonCIRCUITO43TRECHO</styleUrl><LineString><coordinates>-47.481546,-11.474963,0 -47.481805,-11.473809,0</coordinates></LineString></Placemark>
<Placemark><name>3606303</name><styleUrl>#styleDaimonCIRCUITO43TRECHO</styleUrl><LineString><coordinates>-47.481805,-11.473809,0 -47.481860,-11.473544,0</coordinates></LineString></Placemark>
<Placemark><name>3638467</name><styleUrl>#styleDaimonCIRCUITO43TRECHO</styleUrl><LineString><coordinates>-47.481307,-11.476023,0 -47.481546,-11.474963,0</coordinates></LineString></Placemark>
<Placemark><name>3606304</name><styleUrl>#styleDaimonCIRCUITO43TRECHO</styleUrl><LineString><coordinates>-47.481860,-11.473544,0 -47.482033,-11.472721,0</coordinates></LineString></Placemark>
<Placemark><name>3638466</name><styleUrl>#styleDaimonCIRCUITO43TRECHO</styleUrl><LineString><coordinates>-47.481020,-11.477133,0 -47.481307,-11.476023,0</coordinates></LineString></Placemark>
<Placemark><name>3638469</name><styleUrl>#styleDaimonCIRCUITO43TRECHO</styleUrl><LineString><coordinates>-47.482033,-11.472721,0 -47.482264,-11.471670,0</coordinates></LineString></Placemark>
<Placemark><name>3638465</name><styleUrl>#styleDaimonCIRCUITO43TRECHO</styleUrl><LineString><coordinates>-47.480767,-11.478234,0 -47.481020,-11.477133,0</coordinates></LineString></Placemark>
<Placemark><name>3638470</name><styleUrl>#styleDaimonCIRCUITO43TRECHO</styleUrl><LineString><coordinates>-47.482264,-11.471670,0 -47.482549,-11.470551,0</coordinates></LineString></Placemark>
<Placemark><name>12114932</name><styleUrl>#styleDaimonCIRCUITO43TRECHO</styleUrl><LineString><coordinates>-47.480758,-11.478264,0 -47.480767,-11.478234,0</coordinates></LineString></Placemark>
<Placemark><name>3638471</name><styleUrl>#styleDaimonCIRCUITO43TRECHO</styleUrl><LineString><coordinates>-47.482549,-11.470551,0 -47.482827,-11.469433,0</coordinates></LineString></Placemark>
<Placemark><name>3638464</name><styleUrl>#styleDaimonCIRCUITO43TRECHO</styleUrl><LineString><coordinates>-47.480130,-11.479232,0 -47.480758,-11.478264,0</coordinates></LineString></Placemark>
<Placemark><name>3638472</name><styleUrl>#styleDaimonCIRCUITO43TRECHO</styleUrl><LineString><coordinates>-47.482827,-11.469433,0 -47.483092,-11.468294,0</coordinates></LineString></Placemark>
<Placemark><name>3638463</name><styleUrl>#styleDaimonCIRCUITO43TRECHO</styleUrl><LineString><coordinates>-47.479523,-11.480203,0 -47.480130,-11.479232,0</coordinates></LineString></Placemark>
<Placemark><name>3638473</name><styleUrl>#styleDaimonCIRCUITO43TRECHO</styleUrl><LineString><coordinates>-47.483092,-11.468294,0 -47.483340,-11.467171,0</coordinates></LineString></Placemark>
<Placemark><name>3638341</name><styleUrl>#styleDaimonCIRCUITO43TRECHO</styleUrl><LineString><coordinates>-47.478902,-11.481190,0 -47.479523,-11.480203,0</coordinates></LineString></Placemark>
<Placemark><name>3638474</name><styleUrl>#styleDaimonCIRCUITO43TRECHO</styleUrl><LineString><coordinates>-47.483340,-11.467171,0 -47.483562,-11.466339,0</coordinates></LineString></Placemark>
<Placemark><name>3638340</name><styleUrl>#styleDaimonCIRCUITO43TRECHO</styleUrl><LineString><coordinates>-47.478246,-11.482198,0 -47.478902,-11.481190,0</coordinates></LineString></Placemark>
<Placemark><name>3638475</name><styleUrl>#styleDaimonCIRCUITO43TRECHO</styleUrl><LineString><coordinates>-47.483562,-11.466339,0 -47.483710,-11.465523,0</coordinates></LineString></Placemark>
<Placemark><name>3638339</name><styleUrl>#styleDaimonCIRCUITO43TRECHO</styleUrl><LineString><coordinates>-47.477808,-11.482922,0 -47.478246,-11.482198,0</coordinates></LineString></Placemark>
<Placemark><name>12114933</name><styleUrl>#styleDaimonCIRCUITO43TRECHO</styleUrl><LineString><coordinates>-47.483710,-11.465523,0 -47.483728,-11.465494,0</coordinates></LineString></Placemark>
<Placemark><name>3638338</name><styleUrl>#styleDaimonCIRCUITO43TRECHO</styleUrl><LineString><coordinates>-47.477196,-11.483891,0 -47.477808,-11.482922,0</coordinates></LineString></Placemark>
<Placemark><name>3638476</name><styleUrl>#styleDaimonCIRCUITO43TRECHO</styleUrl><LineString><coordinates>-47.483728,-11.465494,0 -47.484228,-11.465284,0</coordinates></LineString></Placemark>
<Placemark><name>3638337</name><styleUrl>#styleDaimonCIRCUITO43TRECHO</styleUrl><LineString><coordinates>-47.476567,-11.484879,0 -47.477196,-11.483891,0</coordinates></LineString></Placemark>
<Placemark><name>T_0326214028</name><styleUrl>#styleDaimonCIRCUITO43TRECHO</styleUrl><LineString><coordinates>-47.484228,-11.465284,0 -47.484307,-11.465249,0</coordinates></LineString></Placemark>
<Placemark><name>3638336</name><styleUrl>#styleDaimonCIRCUITO43TRECHO</styleUrl><LineString><coordinates>-47.475941,-11.485862,0 -47.476567,-11.484879,0</coordinates></LineString></Placemark>
<Placemark><name>3638477</name><styleUrl>#styleDaimonCIRCUITO43TRECHO</styleUrl><LineString><coordinates>-47.484307,-11.465249,0 -47.485015,-11.464925,0</coordinates></LineString></Placemark>
<Placemark><name>3638335</name><styleUrl>#styleDaimonCIRCUITO43TRECHO</styleUrl><LineString><coordinates>-47.475343,-11.486790,0 -47.475941,-11.485862,0</coordinates></LineString></Placemark>
<Placemark><name>12114931</name><styleUrl>#styleDaimonCIRCUITO43TRECHO</styleUrl><LineString><coordinates>-47.475342,-11.486820,0 -47.475343,-11.486790,0</coordinates></LineString></Placemark>
<Placemark><name>3638334</name><styleUrl>#styleDaimonCIRCUITO43TRECHO</styleUrl><LineString><coordinates>-47.475496,-11.487534,0 -47.475342,-11.486820,0</coordinates></LineString></Placemark>
<Placemark><name>3638333</name><styleUrl>#styleDaimonCIRCUITO43TRECHO</styleUrl><LineString><coordinates>-47.475739,-11.488482,0 -47.475496,-11.487534,0</coordinates></LineString></Placemark>
<Placemark><name>12114930</name><styleUrl>#styleDaimonCIRCUITO43TRECHO</styleUrl><LineString><coordinates>-47.475747,-11.488515,0 -47.475739,-11.488482,0</coordinates></LineString></Placemark>
<Placemark><name>3638332</name><styleUrl>#styleDaimonCIRCUITO43TRECHO</styleUrl><LineString><coordinates>-47.475957,-11.489471,0 -47.475747,-11.488515,0</coordinates></LineString></Placemark>
<Placemark><name>3638331</name><styleUrl>#styleDaimonCIRCUITO43TRECHO</styleUrl><LineString><coordinates>-47.476170,-11.490339,0 -47.475957,-11.489471,0</coordinates></LineString></Placemark>
<Placemark><name>12114929</name><styleUrl>#styleDaimonCIRCUITO43TRECHO</styleUrl><LineString><coordinates>-47.476167,-11.490369,0 -47.476170,-11.490339,0</coordinates></LineString></Placemark>
<Placemark><name>3638330</name><styleUrl>#styleDaimonCIRCUITO43TRECHO</styleUrl><LineString><coordinates>-47.476030,-11.491224,0 -47.476167,-11.490369,0</coordinates></LineString></Placemark>
<Placemark><name>3638329</name><styleUrl>#styleDaimonCIRCUITO43TRECHO</styleUrl><LineString><coordinates>-47.475908,-11.492104,0 -47.476030,-11.491224,0</coordinates></LineString></Placemark>
<Placemark><name>3638328</name><styleUrl>#styleDaimonCIRCUITO43TRECHO</styleUrl><LineString><coordinates>-47.475743,-11.493173,0 -47.475908,-11.492104,0</coordinates></LineString></Placemark>
<Placemark><name>3638327</name><styleUrl>#styleDaimonCIRCUITO43TRECHO</styleUrl><LineString><coordinates>-47.475588,-11.494298,0 -47.475743,-11.493173,0</coordinates></LineString></Placemark>
<Placemark><name>3638326</name><styleUrl>#styleDaimonCIRCUITO43TRECHO</styleUrl><LineString><coordinates>-47.475440,-11.495439,0 -47.475588,-11.494298,0</coordinates></LineString></Placemark>
<Placemark><name>3638325</name><styleUrl>#styleDaimonCIRCUITO43TRECHO</styleUrl><LineString><coordinates>-47.475270,-11.496581,0 -47.475440,-11.495439,0</coordinates></LineString></Placemark>
<Placemark><name>3638324</name><styleUrl>#styleDaimonCIRCUITO43TRECHO</styleUrl><LineString><coordinates>-47.475111,-11.497551,0 -47.475270,-11.496581,0</coordinates></LineString></Placemark>
<Placemark><name>3638323</name><styleUrl>#styleDaimonCIRCUITO43TRECHO</styleUrl><LineString><coordinates>-47.474952,-11.498726,0 -47.475111,-11.497551,0</coordinates></LineString></Placemark>
<Placemark><name>3638209</name><styleUrl>#styleDaimonCIRCUITO43TRECHO</styleUrl><LineString><coordinates>-47.474672,-11.500974,0 -47.474952,-11.498726,0</coordinates></LineString></Placemark>
<Placemark><name>3638322</name><styleUrl>#styleDaimonCIRCUITO43TRECHO</styleUrl><LineString><coordinates>-47.473807,-11.501785,0 -47.474672,-11.500974,0</coordinates></LineString></Placemark>
<Placemark><name>3638321</name><styleUrl>#styleDaimonCIRCUITO43TRECHO</styleUrl><LineString><coordinates>-47.473482,-11.502078,0 -47.473807,-11.501785,0</coordinates></LineString></Placemark>
<Placemark><name>3638212</name><styleUrl>#styleDaimonCIRCUITO43TRECHO</styleUrl><LineString><coordinates>-47.472867,-11.502697,0 -47.473482,-11.502078,0</coordinates></LineString></Placemark>
<Placemark><name>3638211</name><styleUrl>#styleDaimonCIRCUITO43TRECHO</styleUrl><LineString><coordinates>-47.472305,-11.503248,0 -47.472867,-11.502697,0</coordinates></LineString></Placemark>
<Placemark><name>12114928</name><styleUrl>#styleDaimonCIRCUITO43TRECHO</styleUrl><LineString><coordinates>-47.472290,-11.503277,0 -47.472305,-11.503248,0</coordinates></LineString></Placemark>
<Placemark><name>3638208</name><styleUrl>#styleDaimonCIRCUITO43TRECHO</styleUrl><LineString><coordinates>-47.472015,-11.504380,0 -47.472290,-11.503277,0</coordinates></LineString></Placemark>
<Placemark><name>3638207</name><styleUrl>#styleDaimonCIRCUITO43TRECHO</styleUrl><LineString><coordinates>-47.471684,-11.505493,0 -47.472015,-11.504380,0</coordinates></LineString></Placemark>
<Placemark><name>3638206</name><styleUrl>#styleDaimonCIRCUITO43TRECHO</styleUrl><LineString><coordinates>-47.471392,-11.506583,0 -47.471684,-11.505493,0</coordinates></LineString></Placemark>
<Placemark><name>3638205</name><styleUrl>#styleDaimonCIRCUITO43TRECHO</styleUrl><LineString><coordinates>-47.471117,-11.507685,0 -47.471392,-11.506583,0</coordinates></LineString></Placemark>
<Placemark><name>3638204</name><styleUrl>#styleDaimonCIRCUITO43TRECHO</styleUrl><LineString><coordinates>-47.470837,-11.508784,0 -47.471117,-11.507685,0</coordinates></LineString></Placemark>
<Placemark><name>3638203</name><styleUrl>#styleDaimonCIRCUITO43TRECHO</styleUrl><LineString><coordinates>-47.470541,-11.509883,0 -47.470837,-11.508784,0</coordinates></LineString></Placemark>
<Placemark><name>3638202</name><styleUrl>#styleDaimonCIRCUITO43TRECHO</styleUrl><LineString><coordinates>-47.470260,-11.511023,0 -47.470541,-11.509883,0</coordinates></LineString></Placemark>
<Placemark><name>3638210</name><styleUrl>#styleDaimonCIRCUITO43TRECHO</styleUrl><LineString><coordinates>-47.469945,-11.512143,0 -47.470260,-11.511023,0</coordinates></LineString></Placemark>
<Placemark><name>12114927</name><styleUrl>#styleDaimonCIRCUITO43TRECHO</styleUrl><LineString><coordinates>-47.469932,-11.512174,0 -47.469945,-11.512143,0</coordinates></LineString></Placemark>
<Placemark><name>3638201</name><styleUrl>#styleDaimonCIRCUITO43TRECHO</styleUrl><LineString><coordinates>-47.469569,-11.513245,0 -47.469932,-11.512174,0</coordinates></LineString></Placemark>
<Placemark><name>3638200</name><styleUrl>#styleDaimonCIRCUITO43TRECHO</styleUrl><LineString><coordinates>-47.469175,-11.514325,0 -47.469569,-11.513245,0</coordinates></LineString></Placemark>
<Placemark><name>3638199</name><styleUrl>#styleDaimonCIRCUITO43TRECHO</styleUrl><LineString><coordinates>-47.468840,-11.515427,0 -47.469175,-11.514325,0</coordinates></LineString></Placemark>
<Placemark><name>3638198</name><styleUrl>#styleDaimonCIRCUITO43TRECHO</styleUrl><LineString><coordinates>-47.468500,-11.516388,0 -47.468840,-11.515427,0</coordinates></LineString></Placemark>
<Placemark><name>3638197</name><styleUrl>#styleDaimonCIRCUITO43TRECHO</styleUrl><LineString><coordinates>-47.468253,-11.517121,0 -47.468500,-11.516388,0</coordinates></LineString></Placemark>
<Placemark><name>12114926</name><styleUrl>#styleDaimonCIRCUITO43TRECHO</styleUrl><LineString><coordinates>-47.468232,-11.517146,0 -47.468253,-11.517121,0</coordinates></LineString></Placemark>
<Placemark><name>3638196</name><styleUrl>#styleDaimonCIRCUITO43TRECHO</styleUrl><LineString><coordinates>-47.467518,-11.518114,0 -47.468232,-11.517146,0</coordinates></LineString></Placemark>
<Placemark><name>3638195</name><styleUrl>#styleDaimonCIRCUITO43TRECHO</styleUrl><LineString><coordinates>-47.466826,-11.519062,0 -47.467518,-11.518114,0</coordinates></LineString></Placemark>
<Placemark><name>3638194</name><styleUrl>#styleDaimonCIRCUITO43TRECHO</styleUrl><LineString><coordinates>-47.466406,-11.519653,0 -47.466826,-11.519062,0</coordinates></LineString></Placemark>
<Placemark><name>3638193</name><styleUrl>#styleDaimonCIRCUITO43TRECHO</styleUrl><LineString><coordinates>-47.465967,-11.520315,0 -47.466406,-11.519653,0</coordinates></LineString></Placemark>
<Placemark><name>3638192</name><styleUrl>#styleDaimonCIRCUITO43TRECHO</styleUrl><LineString><coordinates>-47.465305,-11.521243,0 -47.465967,-11.520315,0</coordinates></LineString></Placemark>
<Placemark><name>3638191</name><styleUrl>#styleDaimonCIRCUITO43TRECHO</styleUrl><LineString><coordinates>-47.464635,-11.522179,0 -47.465305,-11.521243,0</coordinates></LineString></Placemark>
<Placemark><name>3638190</name><styleUrl>#styleDaimonCIRCUITO43TRECHO</styleUrl><LineString><coordinates>-47.464119,-11.522913,0 -47.464635,-11.522179,0</coordinates></LineString></Placemark>
<Placemark><name>12114925</name><styleUrl>#styleDaimonCIRCUITO43TRECHO</styleUrl><LineString><coordinates>-47.464095,-11.522936,0 -47.464119,-11.522913,0</coordinates></LineString></Placemark>
<Placemark><name>3638051</name><styleUrl>#styleDaimonCIRCUITO43TRECHO</styleUrl><LineString><coordinates>-47.463002,-11.523447,0 -47.464095,-11.522936,0</coordinates></LineString></Placemark>
<Placemark><name>3638050</name><styleUrl>#styleDaimonCIRCUITO43TRECHO</styleUrl><LineString><coordinates>-47.462176,-11.523862,0 -47.463002,-11.523447,0</coordinates></LineString></Placemark>
<Placemark><name>3638049</name><styleUrl>#styleDaimonCIRCUITO43TRECHO</styleUrl><LineString><coordinates>-47.461754,-11.524090,0 -47.462176,-11.523862,0</coordinates></LineString></Placemark>
<Placemark><name>12114924</name><styleUrl>#styleDaimonCIRCUITO43TRECHO</styleUrl><LineString><coordinates>-47.461729,-11.524080,0 -47.461754,-11.524090,0</coordinates></LineString></Placemark>
<Placemark><name>3638048</name><styleUrl>#styleDaimonCIRCUITO43TRECHO</styleUrl><LineString><coordinates>-47.461208,-11.523349,0 -47.461729,-11.524080,0</coordinates></LineString></Placemark>
<Placemark><name>3546424</name><styleUrl>#styleDaimonCIRCUITO43TRECHO</styleUrl><LineString><coordinates>-47.378290,-11.509644,0 -47.377673,-11.509473,0</coordinates></LineString></Placemark>
<Placemark><name>3543769</name><styleUrl>#styleDaimonCIRCUITO43TRECHO</styleUrl><LineString><coordinates>-47.377673,-11.509473,0 -47.376891,-11.509264,0</coordinates></LineString></Placemark>
<Placemark><name>12173247</name><styleUrl>#styleDaimonCIRCUITO43TRECHO</styleUrl><LineString><coordinates>-47.378318,-11.509642,0 -47.378290,-11.509644,0</coordinates></LineString></Placemark>
<Placemark><name>3547367</name><styleUrl>#styleDaimonCIRCUITO43TRECHO</styleUrl><LineString><coordinates>-47.376891,-11.509264,0 -47.376069,-11.509044,0</coordinates></LineString></Placemark>
<Placemark><name>3547069</name><styleUrl>#styleDaimonCIRCUITO43TRECHO</styleUrl><LineString><coordinates>-47.379386,-11.509312,0 -47.378318,-11.509642,0</coordinates></LineString></Placemark>
<Placemark><name>3546758</name><styleUrl>#styleDaimonCIRCUITO43TRECHO</styleUrl><LineString><coordinates>-47.376069,-11.509044,0 -47.375265,-11.508830,0</coordinates></LineString></Placemark>
<Placemark><name>3546423</name><styleUrl>#styleDaimonCIRCUITO43TRECHO</styleUrl><LineString><coordinates>-47.380576,-11.508949,0 -47.379386,-11.509312,0</coordinates></LineString></Placemark>
<Placemark><name>3550605</name><styleUrl>#styleDaimonCIRCUITO43TRECHO</styleUrl><LineString><coordinates>-47.375265,-11.508830,0 -47.374473,-11.508617,0</coordinates></LineString></Placemark>
<Placemark><name>3546757</name><styleUrl>#styleDaimonCIRCUITO43TRECHO</styleUrl><LineString><coordinates>-47.381381,-11.508696,0 -47.380576,-11.508949,0</coordinates></LineString></Placemark>
<Placemark><name>3550606</name><styleUrl>#styleDaimonCIRCUITO43TRECHO</styleUrl><LineString><coordinates>-47.374473,-11.508617,0 -47.373857,-11.508453,0</coordinates></LineString></Placemark>
<Placemark><name>12174389</name><styleUrl>#styleDaimonCIRCUITO43TRECHO</styleUrl><LineString><coordinates>-47.381408,-11.508702,0 -47.381381,-11.508696,0</coordinates></LineString></Placemark>
<Placemark><name>3547070</name><styleUrl>#styleDaimonCIRCUITO43TRECHO</styleUrl><LineString><coordinates>-47.373857,-11.508453,0 -47.373187,-11.508274,0</coordinates></LineString></Placemark>
<Placemark><name>3547366</name><styleUrl>#styleDaimonCIRCUITO43TRECHO</styleUrl><LineString><coordinates>-47.382265,-11.509395,0 -47.381408,-11.508702,0</coordinates></LineString></Placemark>
<Placemark><name>3543770</name><styleUrl>#styleDaimonCIRCUITO43TRECHO</styleUrl><LineString><coordinates>-47.373187,-11.508274,0 -47.372550,-11.508103,0</coordinates></LineString></Placemark>
<Placemark><name>3543768</name><styleUrl>#styleDaimonCIRCUITO43TRECHO</styleUrl><LineString><coordinates>-47.382961,-11.509951,0 -47.382265,-11.509395,0</coordinates></LineString></Placemark>
<Placemark><name>3547368</name><styleUrl>#styleDaimonCIRCUITO43TRECHO</styleUrl><LineString><coordinates>-47.372550,-11.508103,0 -47.371867,-11.507921,0</coordinates></LineString></Placemark>
<Placemark><name>3547068</name><styleUrl>#styleDaimonCIRCUITO43TRECHO</styleUrl><LineString><coordinates>-47.383658,-11.510508,0 -47.382961,-11.509951,0</coordinates></LineString></Placemark>
<Placemark><name>12174386</name><styleUrl>#styleDaimonCIRCUITO43TRECHO</styleUrl><LineString><coordinates>-47.371867,-11.507921,0 -47.371839,-11.507913,0</coordinates></LineString></Placemark>
<Placemark><name>3546422</name><styleUrl>#styleDaimonCIRCUITO43TRECHO</styleUrl><LineString><coordinates>-47.384443,-11.511135,0 -47.383658,-11.510508,0</coordinates></LineString></Placemark>
<Placemark><name>3546759</name><styleUrl>#styleDaimonCIRCUITO43TRECHO</styleUrl><LineString><coordinates>-47.371839,-11.507913,0 -47.371029,-11.507683,0</coordinates></LineString></Placemark>
<Placemark><name>3546421</name><styleUrl>#styleDaimonCIRCUITO43TRECHO</styleUrl><LineString><coordinates>-47.385195,-11.511736,0 -47.384443,-11.511135,0</coordinates></LineString></Placemark>
<Placemark><name>3550607</name><styleUrl>#styleDaimonCIRCUITO43TRECHO</styleUrl><LineString><coordinates>-47.371029,-11.507683,0 -47.370139,-11.507431,0</coordinates></LineString></Placemark>
<Placemark><name>12173249</name><styleUrl>#styleDaimonCIRCUITO43TRECHO</styleUrl><LineString><coordinates>-47.385195,-11.511736,0 -47.385213,-11.511716,0</coordinates></LineString></Placemark>
<Placemark><name>3547365</name><styleUrl>#styleDaimonCIRCUITO43TRECHO</styleUrl><LineString><coordinates>-47.385898,-11.512310,0 -47.385195,-11.511736,0</coordinates></LineString></Placemark>
<Placemark><name>3547071</name><styleUrl>#styleDaimonCIRCUITO43TRECHO</styleUrl><LineString><coordinates>-47.370139,-11.507431,0 -47.369267,-11.507184,0</coordinates></LineString></Placemark>
<Placemark><name>3550852</name><styleUrl>#styleDaimonCIRCUITO43TRECHO</styleUrl><LineString><coordinates>-47.385213,-11.511716,0 -47.385911,-11.511266,0</coordinates></LineString></Placemark>
<Placemark><name>3550608</name><styleUrl>#styleDaimonCIRCUITO43TRECHO</styleUrl><LineString><coordinates>-47.369267,-11.507184,0 -47.368323,-11.506916,0</coordinates></LineString></Placemark>
<Placemark><name>3550853</name><styleUrl>#styleDaimonCIRCUITO43TRECHO</styleUrl><LineString><coordinates>-47.385911,-11.511266,0 -47.386636,-11.510789,0</coordinates></LineString></Placemark>
<Placemark><name>3543771</name><styleUrl>#styleDaimonCIRCUITO43TRECHO</styleUrl><LineString><coordinates>-47.368323,-11.506916,0 -47.367456,-11.506677,0</coordinates></LineString></Placemark>
<Placemark><name>3543776</name><styleUrl>#styleDaimonCIRCUITO43TRECHO</styleUrl><LineString><coordinates>-47.386636,-11.510789,0 -47.387382,-11.510300,0</coordinates></LineString></Placemark>
<Placemark><name>12174480</name><styleUrl>#styleDaimonCIRCUITO43TRECHO</styleUrl><LineString><coordinates>-47.367456,-11.506677,0 -47.367436,-11.506659,0</coordinates></LineString></Placemark>
<Placemark><name>3547374</name><styleUrl>#styleDaimonCIRCUITO43TRECHO</styleUrl><LineString><coordinates>-47.387382,-11.510300,0 -47.388179,-11.509777,0</coordinates></LineString></Placemark>
<Placemark><name>3547369</name><styleUrl>#styleDaimonCIRCUITO43TRECHO</styleUrl><LineString><coordinates>-47.367436,-11.506659,0 -47.366738,-11.505954,0</coordinates></LineString></Placemark>
<Placemark><name>3546765</name><styleUrl>#styleDaimonCIRCUITO43TRECHO</styleUrl><LineString><coordinates>-47.388179,-11.509777,0 -47.388992,-11.509236,0</coordinates></LineString></Placemark>
<Placemark><name>3546760</name><styleUrl>#styleDaimonCIRCUITO43TRECHO</styleUrl><LineString><coordinates>-47.366738,-11.505954,0 -47.365977,-11.505188,0</coordinates></LineString></Placemark>
<Placemark><name>12174387</name><styleUrl>#styleDaimonCIRCUITO43TRECHO</styleUrl><LineString><coordinates>-47.388992,-11.509236,0 -47.389000,-11.509214,0</coordinates></LineString></Placemark>
<Placemark><name>3550610</name><styleUrl>#styleDaimonCIRCUITO43TRECHO</styleUrl><LineString><coordinates>-47.365977,-11.505188,0 -47.365218,-11.504422,0</coordinates></LineString></Placemark>
<Placemark><name>3547077</name><styleUrl>#styleDaimonCIRCUITO43TRECHO</styleUrl><LineString><coordinates>-47.389000,-11.509214,0 -47.388874,-11.508347,0</coordinates></LineString></Placemark>
<Placemark><name>3547072</name><styleUrl>#styleDaimonCIRCUITO43TRECHO</styleUrl><LineString><coordinates>-47.365218,-11.504422,0 -47.364531,-11.503730,0</coordinates></LineString></Placemark>
<Placemark><name>3550854</name><styleUrl>#styleDaimonCIRCUITO43TRECHO</styleUrl><LineString><coordinates>-47.388874,-11.508347,0 -47.388759,-11.507549,0</coordinates></LineString></Placemark>
<Placemark><name>3550611</name><styleUrl>#styleDaimonCIRCUITO43TRECHO</styleUrl><LineString><coordinates>-47.364531,-11.503730,0 -47.363717,-11.502909,0</coordinates></LineString></Placemark>
<Placemark><name>3550855</name><styleUrl>#styleDaimonCIRCUITO43TRECHO</styleUrl><LineString><coordinates>-47.388759,-11.507549,0 -47.388626,-11.506632,0</coordinates></LineString></Placemark>
<Placemark><name>3543772</name><styleUrl>#styleDaimonCIRCUITO43TRECHO</styleUrl><LineString><coordinates>-47.363717,-11.502909,0 -47.362901,-11.502093,0</coordinates></LineString></Placemark>
<Placemark><name>3543777</name><styleUrl>#styleDaimonCIRCUITO43TRECHO</styleUrl><LineString><coordinates>-47.388626,-11.506632,0 -47.388520,-11.505899,0</coordinates></LineString></Placemark>
<Placemark><name>12174265</name><styleUrl>#styleDaimonCIRCUITO43TRECHO</styleUrl><LineString><coordinates>-47.362901,-11.502093,0 -47.362889,-11.502069,0</coordinates></LineString></Placemark>
<Placemark><name>3547370</name><styleUrl>#styleDaimonCIRCUITO43TRECHO</styleUrl><LineString><coordinates>-47.362889,-11.502069,0 -47.362675,-11.501107,0</coordinates></LineString></Placemark>
<Placemark><name>3546761</name><styleUrl>#styleDaimonCIRCUITO43TRECHO</styleUrl><LineString><coordinates>-47.362675,-11.501107,0 -47.362470,-11.500198,0</coordinates></LineString></Placemark>
<Placemark><name>3550612</name><styleUrl>#styleDaimonCIRCUITO43TRECHO</styleUrl><LineString><coordinates>-47.362470,-11.500198,0 -47.362271,-11.499321,0</coordinates></LineString></Placemark>
<Placemark><name>3547073</name><styleUrl>#styleDaimonCIRCUITO43TRECHO</styleUrl><LineString><coordinates>-47.362271,-11.499321,0 -47.362066,-11.498418,0</coordinates></LineString></Placemark>
<Placemark><name>3550866</name><styleUrl>#styleDaimonCIRCUITO43TRECHO</styleUrl><LineString><coordinates>-47.362066,-11.498418,0 -47.361860,-11.497499,0</coordinates></LineString></Placemark>
<Placemark><name>12173248</name><styleUrl>#styleDaimonCIRCUITO43TRECHO</styleUrl><LineString><coordinates>-47.361860,-11.497499,0 -47.361851,-11.497473,0</coordinates></LineString></Placemark>
<Placemark><name>3543773</name><styleUrl>#styleDaimonCIRCUITO43TRECHO</styleUrl><LineString><coordinates>-47.361851,-11.497473,0 -47.361316,-11.496731,0</coordinates></LineString></Placemark>
<Placemark><name>3547371</name><styleUrl>#styleDaimonCIRCUITO43TRECHO</styleUrl><LineString><coordinates>-47.361316,-11.496731,0 -47.360770,-11.495967,0</coordinates></LineString></Placemark>
<Placemark><name>3546762</name><styleUrl>#styleDaimonCIRCUITO43TRECHO</styleUrl><LineString><coordinates>-47.360770,-11.495967,0 -47.360240,-11.495227,0</coordinates></LineString></Placemark>
<Placemark><name>3547074</name><styleUrl>#styleDaimonCIRCUITO43TRECHO</styleUrl><LineString><coordinates>-47.360240,-11.495227,0 -47.359703,-11.494477,0</coordinates></LineString></Placemark>
<Placemark><name>3550848</name><styleUrl>#styleDaimonCIRCUITO43TRECHO</styleUrl><LineString><coordinates>-47.359703,-11.494477,0 -47.359098,-11.493631,0</coordinates></LineString></Placemark>
<Placemark><name>12174390</name><styleUrl>#styleDaimonCIRCUITO43TRECHO</styleUrl><LineString><coordinates>-47.359098,-11.493631,0 -47.359082,-11.493609,0</coordinates></LineString></Placemark>
<Placemark><name>3550849</name><styleUrl>#styleDaimonCIRCUITO43TRECHO</styleUrl><LineString><coordinates>-47.359082,-11.493609,0 -47.358507,-11.492999,0</coordinates></LineString></Placemark>
<Placemark><name>3543774</name><styleUrl>#styleDaimonCIRCUITO43TRECHO</styleUrl><LineString><coordinates>-47.358507,-11.492999,0 -47.357933,-11.492388,0</coordinates></LineString></Placemark>
<Placemark><name>3547372</name><styleUrl>#styleDaimonCIRCUITO43TRECHO</styleUrl><LineString><coordinates>-47.357933,-11.492388,0 -47.357462,-11.491888,0</coordinates></LineString></Placemark>
<Placemark><name>3546763</name><styleUrl>#styleDaimonCIRCUITO43TRECHO</styleUrl><LineString><coordinates>-47.357462,-11.491888,0 -47.356959,-11.491352,0</coordinates></LineString></Placemark>
<Placemark><name>3547075</name><styleUrl>#styleDaimonCIRCUITO43TRECHO</styleUrl><LineString><coordinates>-47.356959,-11.491352,0 -47.356494,-11.490857,0</coordinates></LineString></Placemark>
<Placemark><name>3550850</name><styleUrl>#styleDaimonCIRCUITO43TRECHO</styleUrl><LineString><coordinates>-47.356494,-11.490857,0 -47.356003,-11.490337,0</coordinates></LineString></Placemark>
<Placemark><name>3550851</name><styleUrl>#styleDaimonCIRCUITO43TRECHO</styleUrl><LineString><coordinates>-47.356003,-11.490337,0 -47.355524,-11.489825,0</coordinates></LineString></Placemark>
<Placemark><name>3543775</name><styleUrl>#styleDaimonCIRCUITO43TRECHO</styleUrl><LineString><coordinates>-47.355524,-11.489825,0 -47.355072,-11.489345,0</coordinates></LineString></Placemark>
<Placemark><name>3547373</name><styleUrl>#styleDaimonCIRCUITO43TRECHO</styleUrl><LineString><coordinates>-47.355072,-11.489345,0 -47.354577,-11.488819,0</coordinates></LineString></Placemark>
<Placemark><name>3546764</name><styleUrl>#styleDaimonCIRCUITO43TRECHO</styleUrl><LineString><coordinates>-47.354577,-11.488819,0 -47.353984,-11.488187,0</coordinates></LineString></Placemark>
<Placemark><name>3547076</name><styleUrl>#styleDaimonCIRCUITO43TRECHO</styleUrl><LineString><coordinates>-47.353984,-11.488187,0 -47.353377,-11.487542,0</coordinates></LineString></Placemark>
<Placemark><name>12090869</name><styleUrl>#styleDaimonCIRCUITO43TRECHO</styleUrl><LineString><coordinates>-47.475068,-11.689360,0 -47.475094,-11.689383,0</coordinates></LineString></Placemark>
<Placemark><name>3215141</name><styleUrl>#styleDaimonCIRCUITO43TRECHO</styleUrl><LineString><coordinates>-47.475094,-11.689383,0 -47.476796,-11.690851,0</coordinates></LineString></Placemark>
<Placemark><name>3215143</name><styleUrl>#styleDaimonCIRCUITO43TRECHO</styleUrl><LineString><coordinates>-47.474371,-11.688792,0 -47.475068,-11.689360,0</coordinates></LineString></Placemark>
<Placemark><name>12090870</name><styleUrl>#styleDaimonCIRCUITO43TRECHO</styleUrl><LineString><coordinates>-47.476796,-11.690851,0 -47.476821,-11.690873,0</coordinates></LineString></Placemark>
<Placemark><name>3098043</name><styleUrl>#styleDaimonCIRCUITO43TRECHO</styleUrl><LineString><coordinates>-47.473742,-11.688181,0 -47.474371,-11.688792,0</coordinates></LineString></Placemark>
<Placemark><name>3105212</name><styleUrl>#styleDaimonCIRCUITO43TRECHO</styleUrl><LineString><coordinates>-47.476821,-11.690873,0 -47.477633,-11.691577,0</coordinates></LineString></Placemark>
<Placemark><name>3098045</name><styleUrl>#styleDaimonCIRCUITO43TRECHO</styleUrl><LineString><coordinates>-47.473012,-11.687606,0 -47.473742,-11.688181,0</coordinates></LineString></Placemark>
<Placemark><name>12090871</name><styleUrl>#styleDaimonCIRCUITO43TRECHO</styleUrl><LineString><coordinates>-47.477633,-11.691577,0 -47.477659,-11.691598,0</coordinates></LineString></Placemark>
<Placemark><name>3105616</name><styleUrl>#styleDaimonCIRCUITO43TRECHO</styleUrl><LineString><coordinates>-47.472380,-11.687057,0 -47.473012,-11.687606,0</coordinates></LineString></Placemark>
<Placemark><name>3104664</name><styleUrl>#styleDaimonCIRCUITO43TRECHO</styleUrl><LineString><coordinates>-47.477659,-11.691598,0 -47.479204,-11.692770,0</coordinates></LineString></Placemark>
<Placemark><name>3105617</name><styleUrl>#styleDaimonCIRCUITO43TRECHO</styleUrl><LineString><coordinates>-47.471462,-11.686255,0 -47.472380,-11.687057,0</coordinates></LineString></Placemark>
<Placemark><name>12110122</name><styleUrl>#styleDaimonCIRCUITO43TRECHO</styleUrl><LineString><coordinates>-47.479204,-11.692770,0 -47.479233,-11.692786,0</coordinates></LineString></Placemark>
<Placemark><name>2667454</name><styleUrl>#styleDaimonCIRCUITO43TRECHO</styleUrl><LineString><coordinates>-47.479204,-11.692770,0 -47.479199,-11.692816,0</coordinates></LineString></Placemark>
<Placemark><name>3592030</name><styleUrl>#styleDaimonCIRCUITO43TRECHO</styleUrl><LineString><coordinates>-47.471001,-11.685865,0 -47.471462,-11.686255,0</coordinates></LineString></Placemark>
<Placemark><name>3090012</name><styleUrl>#styleDaimonCIRCUITO43TRECHO</styleUrl><LineString><coordinates>-47.479233,-11.692786,0 -47.481231,-11.693599,0</coordinates></LineString></Placemark>
<Placemark><name>3587243</name><styleUrl>#styleDaimonCIRCUITO43TRECHO</styleUrl><LineString><coordinates>-47.470636,-11.685557,0 -47.471001,-11.685865,0</coordinates></LineString></Placemark>
<Placemark><name>12092020</name><styleUrl>#styleDaimonCIRCUITO43TRECHO</styleUrl><LineString><coordinates>-47.481231,-11.693599,0 -47.481263,-11.693611,0</coordinates></LineString></Placemark>
<Placemark><name>3105618</name><styleUrl>#styleDaimonCIRCUITO43TRECHO</styleUrl><LineString><coordinates>-47.469771,-11.684795,0 -47.470636,-11.685557,0</coordinates></LineString></Placemark>
<Placemark><name>3081923</name><styleUrl>#styleDaimonCIRCUITO43TRECHO</styleUrl><LineString><coordinates>-47.481263,-11.693611,0 -47.482415,-11.694023,0</coordinates></LineString></Placemark>
<Placemark><name>3105619</name><styleUrl>#styleDaimonCIRCUITO43TRECHO</styleUrl><LineString><coordinates>-47.468885,-11.684048,0 -47.469771,-11.684795,0</coordinates></LineString></Placemark>
<Placemark><name>3081920</name><styleUrl>#styleDaimonCIRCUITO43TRECHO</styleUrl><LineString><coordinates>-47.482415,-11.694023,0 -47.483511,-11.694379,0</coordinates></LineString></Placemark>
<Placemark><name>3205062</name><styleUrl>#styleDaimonCIRCUITO43TRECHO</styleUrl><LineString><coordinates>-47.468254,-11.683467,0 -47.468885,-11.684048,0</coordinates></LineString></Placemark>
<Placemark><name>3081919</name><styleUrl>#styleDaimonCIRCUITO43TRECHO</styleUrl><LineString><coordinates>-47.483511,-11.694379,0 -47.484367,-11.694682,0</coordinates></LineString></Placemark>
<Placemark><name>12091915</name><styleUrl>#styleDaimonCIRCUITO43TRECHO</styleUrl><LineString><coordinates>-47.468227,-11.683446,0 -47.468254,-11.683467,0</coordinates></LineString></Placemark>
<Placemark><name>3081918</name><styleUrl>#styleDaimonCIRCUITO43TRECHO</styleUrl><LineString><coordinates>-47.484367,-11.694682,0 -47.485243,-11.694968,0</coordinates></LineString></Placemark>
<Placemark><name>3205061</name><styleUrl>#styleDaimonCIRCUITO43TRECHO</styleUrl><LineString><coordinates>-47.467570,-11.682861,0 -47.468227,-11.683446,0</coordinates></LineString></Placemark>
<Placemark><name>2587737</name><styleUrl>#styleDaimonCIRCUITO43TRECHO</styleUrl><LineString><coordinates>-47.485243,-11.694968,0 -47.486042,-11.695283,0</coordinates></LineString></Placemark>
<Placemark><name>3205060</name><styleUrl>#styleDaimonCIRCUITO43TRECHO</styleUrl><LineString><coordinates>-47.466902,-11.682249,0 -47.467570,-11.682861,0</coordinates></LineString></Placemark>
<Placemark><name>12092021</name><styleUrl>#styleDaimonCIRCUITO43TRECHO</styleUrl><LineString><coordinates>-47.486042,-11.695283,0 -47.486072,-11.695302,0</coordinates></LineString></Placemark>
<Placemark><name>3205059</name><styleUrl>#styleDaimonCIRCUITO43TRECHO</styleUrl><LineString><coordinates>-47.466254,-11.681643,0 -47.466902,-11.682249,0</coordinates></LineString></Placemark>
<Placemark><name>2587736</name><styleUrl>#styleDaimonCIRCUITO43TRECHO</styleUrl><LineString><coordinates>-47.486072,-11.695302,0 -47.487202,-11.696098,0</coordinates></LineString></Placemark>
<Placemark><name>12091914</name><styleUrl>#styleDaimonCIRCUITO43TRECHO</styleUrl><LineString><coordinates>-47.466230,-11.681619,0 -47.466254,-11.681643,0</coordinates></LineString></Placemark>
<Placemark><name>2587735</name><styleUrl>#styleDaimonCIRCUITO43TRECHO</styleUrl><LineString><coordinates>-47.487202,-11.696098,0 -47.488102,-11.696787,0</coordinates></LineString></Placemark>
<Placemark><name>2573798</name><styleUrl>#styleDaimonCIRCUITO43TRECHO</styleUrl><LineString><coordinates>-47.465766,-11.681210,0 -47.466230,-11.681619,0</coordinates></LineString></Placemark>
<Placemark><name>2587515</name><styleUrl>#styleDaimonCIRCUITO43TRECHO</styleUrl><LineString><coordinates>-47.488102,-11.696787,0 -47.489060,-11.697452,0</coordinates></LineString></Placemark>
<Placemark><name>2573797</name><styleUrl>#styleDaimonCIRCUITO43TRECHO</styleUrl><LineString><coordinates>-47.465037,-11.680605,0 -47.465766,-11.681210,0</coordinates></LineString></Placemark>
<Placemark><name>2587514</name><styleUrl>#styleDaimonCIRCUITO43TRECHO</styleUrl><LineString><coordinates>-47.489060,-11.697452,0 -47.490071,-11.698163,0</coordinates></LineString></Placemark>
<Placemark><name>2573796</name><styleUrl>#styleDaimonCIRCUITO43TRECHO</styleUrl><LineString><coordinates>-47.464197,-11.679835,0 -47.465037,-11.680605,0</coordinates></LineString></Placemark>
<Placemark><name>12092022</name><styleUrl>#styleDaimonCIRCUITO43TRECHO</styleUrl><LineString><coordinates>-47.490071,-11.698163,0 -47.490096,-11.698187,0</coordinates></LineString></Placemark>
<Placemark><name>3089021</name><styleUrl>#styleDaimonCIRCUITO43TRECHO</styleUrl><LineString><coordinates>-47.463314,-11.679127,0 -47.464197,-11.679835,0</coordinates></LineString></Placemark>
<Placemark><name>2587513</name><styleUrl>#styleDaimonCIRCUITO43TRECHO</styleUrl><LineString><coordinates>-47.490096,-11.698187,0 -47.490884,-11.699203,0</coordinates></LineString></Placemark>
<Placemark><name>3089020</name><styleUrl>#styleDaimonCIRCUITO43TRECHO</styleUrl><LineString><coordinates>-47.462533,-11.678417,0 -47.463314,-11.679127,0</coordinates></LineString></Placemark>
<Placemark><name>2587512</name><styleUrl>#styleDaimonCIRCUITO43TRECHO</styleUrl><LineString><coordinates>-47.490884,-11.699203,0 -47.491363,-11.699855,0</coordinates></LineString></Placemark>
<Placemark><name>3089019</name><styleUrl>#styleDaimonCIRCUITO43TRECHO</styleUrl><LineString><coordinates>-47.461785,-11.677798,0 -47.462533,-11.678417,0</coordinates></LineString></Placemark>
<Placemark><name>3392854</name><styleUrl>#styleDaimonCIRCUITO43TRECHO</styleUrl><LineString><coordinates>-47.491363,-11.699855,0 -47.491912,-11.700576,0</coordinates></LineString></Placemark>
<Placemark><name>12091913</name><styleUrl>#styleDaimonCIRCUITO43TRECHO</styleUrl><LineString><coordinates>-47.461759,-11.677776,0 -47.461785,-11.677798,0</coordinates></LineString></Placemark>
<Placemark><name>3392853</name><styleUrl>#styleDaimonCIRCUITO43TRECHO</styleUrl><LineString><coordinates>-47.491912,-11.700576,0 -47.492669,-11.701513,0</coordinates></LineString></Placemark>
<Placemark><name>3089018</name><styleUrl>#styleDaimonCIRCUITO43TRECHO</styleUrl><LineString><coordinates>-47.460838,-11.676967,0 -47.461759,-11.677776,0</coordinates></LineString></Placemark>
<Placemark><name>3369021</name><styleUrl>#styleDaimonCIRCUITO43TRECHO</styleUrl><LineString><coordinates>-47.492669,-11.701513,0 -47.492642,-11.701552,0</coordinates></LineString></Placemark>
<Placemark><name>3089017</name><styleUrl>#styleDaimonCIRCUITO43TRECHO</styleUrl><LineString><coordinates>-47.460042,-11.676250,0 -47.460838,-11.676967,0</coordinates></LineString></Placemark>
<Placemark><name>3089016</name><styleUrl>#styleDaimonCIRCUITO43TRECHO</styleUrl><LineString><coordinates>-47.459175,-11.675597,0 -47.460042,-11.676250,0</coordinates></LineString></Placemark>
<Placemark><name>3089015</name><styleUrl>#styleDaimonCIRCUITO43TRECHO</styleUrl><LineString><coordinates>-47.458333,-11.674808,0 -47.459175,-11.675597,0</coordinates></LineString></Placemark>
<Placemark><name>3089014</name><styleUrl>#styleDaimonCIRCUITO43TRECHO</styleUrl><LineString><coordinates>-47.457491,-11.674077,0 -47.458333,-11.674808,0</coordinates></LineString></Placemark>
<Placemark><name>3384999</name><styleUrl>#styleDaimonCIRCUITO43TRECHO</styleUrl><LineString><coordinates>-47.456619,-11.673358,0 -47.457491,-11.674077,0</coordinates></LineString></Placemark>
<Placemark><name>12091825</name><styleUrl>#styleDaimonCIRCUITO43TRECHO</styleUrl><LineString><coordinates>-47.456591,-11.673337,0 -47.456619,-11.673358,0</coordinates></LineString></Placemark>
<Placemark><name>3384998</name><styleUrl>#styleDaimonCIRCUITO43TRECHO</styleUrl><LineString><coordinates>-47.455777,-11.672616,0 -47.456591,-11.673337,0</coordinates></LineString></Placemark>
<Placemark><name>3376954</name><styleUrl>#styleDaimonCIRCUITO43TRECHO</styleUrl><LineString><coordinates>-47.454880,-11.671838,0 -47.455777,-11.672616,0</coordinates></LineString></Placemark>
<Placemark><name>3376953</name><styleUrl>#styleDaimonCIRCUITO43TRECHO</styleUrl><LineString><coordinates>-47.454201,-11.671257,0 -47.454880,-11.671838,0</coordinates></LineString></Placemark>
<Placemark><name>3376952</name><styleUrl>#styleDaimonCIRCUITO43TRECHO</styleUrl><LineString><coordinates>-47.453368,-11.670513,0 -47.454201,-11.671257,0</coordinates></LineString></Placemark>
<Placemark><name>3451353</name><styleUrl>#styleDaimonCIRCUITO43TRECHO</styleUrl><LineString><coordinates>-47.452919,-11.670100,0 -47.453368,-11.670513,0</coordinates></LineString></Placemark>
<Placemark><name>3663798</name><styleUrl>#styleDaimonCIRCUITO43TRECHO</styleUrl><LineString><coordinates>-47.432952,-11.669639,0 -47.432959,-11.669606,0</coordinates></LineString></Placemark>
<Placemark><name>3387333</name><styleUrl>#styleDaimonCIRCUITO43TRECHO</styleUrl><LineString><coordinates>-47.403914,-11.650374,0 -47.403648,-11.651102,0</coordinates></LineString></Placemark>
<Placemark><name>12178652</name><styleUrl>#styleDaimonCIRCUITO43TRECHO</styleUrl><LineString><coordinates>-47.432326,-11.667367,0 -47.432319,-11.667335,0</coordinates></LineString></Placemark>
<Placemark><name>3600033</name><styleUrl>#styleDaimonCIRCUITO43TRECHO</styleUrl><LineString><coordinates>-47.432319,-11.667335,0 -47.432313,-11.667306,0</coordinates></LineString></Placemark>
<Placemark><name>3215146</name><styleUrl>#styleDaimonCIRCUITO43TRECHO</styleUrl><LineString><coordinates>-47.432326,-11.667367,0 -47.433251,-11.666972,0</coordinates></LineString></Placemark>
<Placemark><name>3215142</name><styleUrl>#styleDaimonCIRCUITO43TRECHO</styleUrl><LineString><coordinates>-47.431447,-11.667714,0 -47.432326,-11.667367,0</coordinates></LineString></Placemark>
<Placemark><name>12110111</name><styleUrl>#styleDaimonCIRCUITO43TRECHO</styleUrl><LineString><coordinates>-47.431414,-11.667718,0 -47.431447,-11.667714,0</coordinates></LineString></Placemark>
<Placemark><name>3104663</name><styleUrl>#styleDaimonCIRCUITO43TRECHO</styleUrl><LineString><coordinates>-47.430247,-11.667653,0 -47.431414,-11.667718,0</coordinates></LineString></Placemark>
<Placemark><name>3104662</name><styleUrl>#styleDaimonCIRCUITO43TRECHO</styleUrl><LineString><coordinates>-47.429048,-11.667587,0 -47.430247,-11.667653,0</coordinates></LineString></Placemark>
<Placemark><name>3104661</name><styleUrl>#styleDaimonCIRCUITO43TRECHO</styleUrl><LineString><coordinates>-47.427777,-11.667497,0 -47.429048,-11.667587,0</coordinates></LineString></Placemark>
<Placemark><name>3081924</name><styleUrl>#styleDaimonCIRCUITO43TRECHO</styleUrl><LineString><coordinates>-47.426735,-11.667455,0 -47.427777,-11.667497,0</coordinates></LineString></Placemark>
<Placemark><name>12092286</name><styleUrl>#styleDaimonCIRCUITO43TRECHO</styleUrl><LineString><coordinates>-47.426702,-11.667447,0 -47.426735,-11.667455,0</coordinates></LineString></Placemark>
<Placemark><name>3081922</name><styleUrl>#styleDaimonCIRCUITO43TRECHO</styleUrl><LineString><coordinates>-47.425719,-11.667075,0 -47.426702,-11.667447,0</coordinates></LineString></Placemark>
<Placemark><name>3393535</name><styleUrl>#styleDaimonCIRCUITO43TRECHO</styleUrl><LineString><coordinates>-47.424551,-11.666744,0 -47.425719,-11.667075,0</coordinates></LineString></Placemark>
<Placemark><name>12092285</name><styleUrl>#styleDaimonCIRCUITO43TRECHO</styleUrl><LineString><coordinates>-47.424530,-11.666756,0 -47.424551,-11.666744,0</coordinates></LineString></Placemark>
<Placemark><name>3393534</name><styleUrl>#styleDaimonCIRCUITO43TRECHO</styleUrl><LineString><coordinates>-47.424490,-11.666911,0 -47.424530,-11.666756,0</coordinates></LineString></Placemark>
<Placemark><name>3555789</name><styleUrl>#styleDaimonCIRCUITO43TRECHO</styleUrl><LineString><coordinates>-47.421425,-11.607039,0 -47.422420,-11.607131,0</coordinates></LineString></Placemark>
<Placemark><name>3556273</name><styleUrl>#styleDaimonCIRCUITO43TRECHO</styleUrl><LineString><coordinates>-47.422420,-11.607131,0 -47.423291,-11.607212,0</coordinates></LineString></Placemark>
<Placemark><name>3555778</name><styleUrl>#styleDaimonCIRCUITO43TRECHO</styleUrl><LineString><coordinates>-47.420483,-11.606952,0 -47.421425,-11.607039,0</coordinates></LineString></Placemark>
<Placemark><name>12062653</name><styleUrl>#styleDaimonCIRCUITO43TRECHO</styleUrl><LineString><coordinates>-47.423291,-11.607212,0 -47.423326,-11.607216,0</coordinates></LineString></Placemark>
<Placemark><name>3555779</name><styleUrl>#styleDaimonCIRCUITO43TRECHO</styleUrl><LineString><coordinates>-47.423326,-11.607216,0 -47.424307,-11.607384,0</coordinates></LineString></Placemark>
<Placemark><name>3556274</name><styleUrl>#styleDaimonCIRCUITO43TRECHO</styleUrl><LineString><coordinates>-47.424307,-11.607384,0 -47.425266,-11.607547,0</coordinates></LineString></Placemark>
<Placemark><name>3559677</name><styleUrl>#styleDaimonCIRCUITO43TRECHO</styleUrl><LineString><coordinates>-47.425266,-11.607547,0 -47.426120,-11.607693,0</coordinates></LineString></Placemark>
<Placemark><name>46787471</name><styleUrl>#styleDaimonCIRCUITO43TRECHO</styleUrl><LineString><coordinates>-47.359828,-11.579848,0 -47.359961,-11.579337,0</coordinates></LineString></Placemark>
<Placemark><name>2670655</name><styleUrl>#styleDaimonCIRCUITO43TRECHO</styleUrl><LineString><coordinates>-47.438636,-11.581072,0 -47.438455,-11.582052,0</coordinates></LineString></Placemark>
<Placemark><name>3097380</name><styleUrl>#styleDaimonCIRCUITO43TRECHO</styleUrl><LineString><coordinates>-47.410542,-11.522713,0 -47.410280,-11.521844,0</coordinates></LineString></Placemark>
<Placemark><name>3638478</name><styleUrl>#styleDaimonCIRCUITO43TRECHO</styleUrl><LineString><coordinates>-47.485056,-11.464904,0 -47.485424,-11.464708,0</coordinates></LineString></Placemark>
<Placemark><name>12114499</name><styleUrl>#styleDaimonCIRCUITO43TRECHO</styleUrl><LineString><coordinates>-47.490689,-11.448864,0 -47.490708,-11.448830,0</coordinates></LineString></Placemark>
<Placemark><name>3648615</name><styleUrl>#styleDaimonCIRCUITO43TRECHO</styleUrl><LineString><coordinates>-47.490708,-11.448830,0 -47.490525,-11.448193,0</coordinates></LineString></Placemark>
<Placemark><name>3649807</name><styleUrl>#styleDaimonCIRCUITO43TRECHO</styleUrl><LineString><coordinates>-47.489895,-11.449272,0 -47.490689,-11.448864,0</coordinates></LineString></Placemark>
<Placemark><name>3649799</name><styleUrl>#styleDaimonCIRCUITO43TRECHO</styleUrl><LineString><coordinates>-47.490525,-11.448193,0 -47.490374,-11.447623,0</coordinates></LineString></Placemark>
<Placemark><name>3648627</name><styleUrl>#styleDaimonCIRCUITO43TRECHO</styleUrl><LineString><coordinates>-47.489135,-11.449663,0 -47.489895,-11.449272,0</coordinates></LineString></Placemark>
<Placemark><name>12114489</name><styleUrl>#styleDaimonCIRCUITO43TRECHO</styleUrl><LineString><coordinates>-47.490374,-11.447623,0 -47.490363,-11.447588,0</coordinates></LineString></Placemark>
<Placemark><name>12114495</name><styleUrl>#styleDaimonCIRCUITO43TRECHO</styleUrl><LineString><coordinates>-47.489112,-11.449690,0 -47.489135,-11.449663,0</coordinates></LineString></Placemark>
<Placemark><name>3648621</name><styleUrl>#styleDaimonCIRCUITO43TRECHO</styleUrl><LineString><coordinates>-47.490363,-11.447588,0 -47.489828,-11.446480,0</coordinates></LineString></Placemark>
<Placemark><name>3648739</name><styleUrl>#styleDaimonCIRCUITO43TRECHO</styleUrl><LineString><coordinates>-47.488701,-11.451298,0 -47.489112,-11.449690,0</coordinates></LineString></Placemark>
<Placemark><name>3649512</name><styleUrl>#styleDaimonCIRCUITO43TRECHO</styleUrl><LineString><coordinates>-47.489828,-11.446480,0 -47.489457,-11.445706,0</coordinates></LineString></Placemark>
<Placemark><name>12114488</name><styleUrl>#styleDaimonCIRCUITO43TRECHO</styleUrl><LineString><coordinates>-47.488689,-11.451328,0 -47.488701,-11.451298,0</coordinates></LineString></Placemark>
<Placemark><name>3649798</name><styleUrl>#styleDaimonCIRCUITO43TRECHO</styleUrl><LineString><coordinates>-47.489457,-11.445706,0 -47.489064,-11.444889,0</coordinates></LineString></Placemark>
<Placemark><name>3649800</name><styleUrl>#styleDaimonCIRCUITO43TRECHO</styleUrl><LineString><coordinates>-47.488498,-11.452056,0 -47.488689,-11.451328,0</coordinates></LineString></Placemark>
<Placemark><name>3649803</name><styleUrl>#styleDaimonCIRCUITO43TRECHO</styleUrl><LineString><coordinates>-47.489064,-11.444889,0 -47.488672,-11.444074,0</coordinates></LineString></Placemark>
<Placemark><name>3649513</name><styleUrl>#styleDaimonCIRCUITO43TRECHO</styleUrl><LineString><coordinates>-47.488209,-11.453147,0 -47.488498,-11.452056,0</coordinates></LineString></Placemark>
<Placemark><name>3649511</name><styleUrl>#styleDaimonCIRCUITO43TRECHO</styleUrl><LineString><coordinates>-47.488672,-11.444074,0 -47.488283,-11.443258,0</coordinates></LineString></Placemark>
<Placemark><name>3649794</name><styleUrl>#styleDaimonCIRCUITO43TRECHO</styleUrl><LineString><coordinates>-47.487944,-11.454152,0 -47.488209,-11.453147,0</coordinates></LineString></Placemark>
<Placemark><name>3649793</name><styleUrl>#styleDaimonCIRCUITO43TRECHO</styleUrl><LineString><coordinates>-47.488283,-11.443258,0 -47.487889,-11.442444,0</coordinates></LineString></Placemark>
<Placemark><name>3649804</name><styleUrl>#styleDaimonCIRCUITO43TRECHO</styleUrl><LineString><coordinates>-47.487714,-11.455027,0 -47.487944,-11.454152,0</coordinates></LineString></Placemark>
<Placemark><name>3649797</name><styleUrl>#styleDaimonCIRCUITO43TRECHO</styleUrl><LineString><coordinates>-47.487889,-11.442444,0 -47.487499,-11.441627,0</coordinates></LineString></Placemark>
<Placemark><name>3649801</name><styleUrl>#styleDaimonCIRCUITO43TRECHO</styleUrl><LineString><coordinates>-47.487460,-11.455986,0 -47.487714,-11.455027,0</coordinates></LineString></Placemark>
<Placemark><name>3649806</name><styleUrl>#styleDaimonCIRCUITO43TRECHO</styleUrl><LineString><coordinates>-47.487499,-11.441627,0 -47.487107,-11.440811,0</coordinates></LineString></Placemark>
<Placemark><name>3648744</name><styleUrl>#styleDaimonCIRCUITO43TRECHO</styleUrl><LineString><coordinates>-47.487142,-11.457192,0 -47.487460,-11.455986,0</coordinates></LineString></Placemark>
<Placemark><name>3649510</name><styleUrl>#styleDaimonCIRCUITO43TRECHO</styleUrl><LineString><coordinates>-47.487107,-11.440811,0 -47.486715,-11.439995,0</coordinates></LineString></Placemark>
<Placemark><name>12114492</name><styleUrl>#styleDaimonCIRCUITO43TRECHO</styleUrl><LineString><coordinates>-47.487132,-11.457226,0 -47.487142,-11.457192,0</coordinates></LineString></Placemark>
<Placemark><name>3649802</name><styleUrl>#styleDaimonCIRCUITO43TRECHO</styleUrl><LineString><coordinates>-47.486715,-11.439995,0 -47.486332,-11.439192,0</coordinates></LineString></Placemark>
<Placemark><name>3648614</name><styleUrl>#styleDaimonCIRCUITO43TRECHO</styleUrl><LineString><coordinates>-47.486545,-11.458175,0 -47.487132,-11.457226,0</coordinates></LineString></Placemark>
<Placemark><name>12114493</name><styleUrl>#styleDaimonCIRCUITO43TRECHO</styleUrl><LineString><coordinates>-47.486332,-11.439192,0 -47.486317,-11.439163,0</coordinates></LineString></Placemark>
<Placemark><name>3648738</name><styleUrl>#styleDaimonCIRCUITO43TRECHO</styleUrl><LineString><coordinates>-47.485977,-11.459103,0 -47.486545,-11.458175,0</coordinates></LineString></Placemark>
<Placemark><name>3648745</name><styleUrl>#styleDaimonCIRCUITO43TRECHO</styleUrl><LineString><coordinates>-47.486317,-11.439163,0 -47.485855,-11.438200,0</coordinates></LineString></Placemark>
<Placemark><name>3648620</name><styleUrl>#styleDaimonCIRCUITO43TRECHO</styleUrl><LineString><coordinates>-47.485464,-11.459938,0 -47.485977,-11.459103,0</coordinates></LineString></Placemark>
<Placemark><name>3649792</name><styleUrl>#styleDaimonCIRCUITO43TRECHO</styleUrl><LineString><coordinates>-47.485855,-11.438200,0 -47.485386,-11.437221,0</coordinates></LineString></Placemark>
<Placemark><name>12114498</name><styleUrl>#styleDaimonCIRCUITO43TRECHO</styleUrl><LineString><coordinates>-47.485445,-11.459965,0 -47.485464,-11.459938,0</coordinates></LineString></Placemark>
<Placemark><name>3649509</name><styleUrl>#styleDaimonCIRCUITO43TRECHO</styleUrl><LineString><coordinates>-47.485386,-11.437221,0 -47.484994,-11.436405,0</coordinates></LineString></Placemark>
<Placemark><name>3648626</name><styleUrl>#styleDaimonCIRCUITO43TRECHO</styleUrl><LineString><coordinates>-47.484755,-11.459876,0 -47.485445,-11.459965,0</coordinates></LineString></Placemark>
<Placemark><name>3649791</name><styleUrl>#styleDaimonCIRCUITO43TRECHO</styleUrl><LineString><coordinates>-47.484994,-11.436405,0 -47.484602,-11.435589,0</coordinates></LineString></Placemark>
<Placemark><name>12114486</name><styleUrl>#styleDaimonCIRCUITO43TRECHO</styleUrl><LineString><coordinates>-47.484732,-11.459880,0 -47.484755,-11.459876,0</coordinates></LineString></Placemark>
<Placemark><name>3649805</name><styleUrl>#styleDaimonCIRCUITO43TRECHO</styleUrl><LineString><coordinates>-47.484602,-11.435589,0 -47.484113,-11.434570,0</coordinates></LineString></Placemark>
<Placemark><name>12067856</name><styleUrl>#styleDaimonCIRCUITO43TRECHO</styleUrl><LineString><coordinates>-47.484732,-11.459880,0 -47.484736,-11.459846,0</coordinates></LineString></Placemark>
<Placemark><name>3594521</name><styleUrl>#styleDaimonCIRCUITO43TRECHO</styleUrl><LineString><coordinates>-47.484661,-11.460653,0 -47.484732,-11.459880,0</coordinates></LineString></Placemark>
<Placemark><name>3649809</name><styleUrl>#styleDaimonCIRCUITO43TRECHO</styleUrl><LineString><coordinates>-47.484113,-11.434570,0 -47.483625,-11.433549,0</coordinates></LineString></Placemark>
<Placemark><name>3648343</name><styleUrl>#styleDaimonCIRCUITO43TRECHO</styleUrl><LineString><coordinates>-47.484736,-11.459846,0 -47.484762,-11.459586,0</coordinates></LineString></Placemark>
<Placemark><name>3594258</name><styleUrl>#styleDaimonCIRCUITO43TRECHO</styleUrl><LineString><coordinates>-47.484580,-11.461507,0 -47.484661,-11.460653,0</coordinates></LineString></Placemark>
<Placemark><name>3649796</name><styleUrl>#styleDaimonCIRCUITO43TRECHO</styleUrl><LineString><coordinates>-47.483625,-11.433549,0 -47.483202,-11.432668,0</coordinates></LineString></Placemark>
<Placemark><name>3594257</name><styleUrl>#styleDaimonCIRCUITO43TRECHO</styleUrl><LineString><coordinates>-47.484501,-11.462361,0 -47.484580,-11.461507,0</coordinates></LineString></Placemark>
<Placemark><name>3594256</name><styleUrl>#styleDaimonCIRCUITO43TRECHO</styleUrl><LineString><coordinates>-47.484421,-11.463215,0 -47.484501,-11.462361,0</coordinates></LineString></Placemark>
<Placemark><name>3594255</name><styleUrl>#styleDaimonCIRCUITO43TRECHO</styleUrl><LineString><coordinates>-47.484320,-11.464293,0 -47.484421,-11.463215,0</coordinates></LineString></Placemark>
<Placemark><name>3648241</name><styleUrl>#styleDaimonCIRCUITO43TRECHO</styleUrl><LineString><coordinates>-47.484252,-11.464997,0 -47.484320,-11.464293,0</coordinates></LineString></Placemark>
<Placemark><name>12114487</name><styleUrl>#styleDaimonCIRCUITO43TRECHO</styleUrl><LineString><coordinates>-47.484249,-11.465030,0 -47.484252,-11.464997,0</coordinates></LineString></Placemark>
<Placemark><name>3594254</name><styleUrl>#styleDaimonCIRCUITO43TRECHO</styleUrl><LineString><coordinates>-47.484230,-11.465259,0 -47.484249,-11.465030,0</coordinates></LineString></Placemark>
<Placemark><name>24557422</name><styleUrl>#styleDaimonCIRCUITO43TRECHO</styleUrl><LineString><coordinates>-47.475204,-11.489447,0 -47.474989,-11.489443,0</coordinates></LineString></Placemark>
<Placemark><name>3595879</name><styleUrl>#styleDaimonCIRCUITO43TRECHO</styleUrl><LineString><coordinates>-47.475882,-11.489469,0 -47.475204,-11.489447,0</coordinates></LineString></Placemark>
<Placemark><name>3606305</name><styleUrl>#styleDaimonCIRCUITO43TRECHO</styleUrl><LineString><coordinates>-47.481744,-11.473798,0 -47.481188,-11.473702,0</coordinates></LineString></Placemark>
<Placemark><name>24556656</name><styleUrl>#styleDaimonCIRCUITO43TRECHO</styleUrl><LineString><coordinates>-47.481188,-11.473702,0 -47.480977,-11.473695,0</coordinates></LineString></Placemark>
<Placemark><name>12090781</name><styleUrl>#styleDaimonCIRCUITO43TRECHO</styleUrl><LineString><coordinates>-47.475339,-11.688105,0 -47.475366,-11.688084,0</coordinates></LineString></Placemark>
<Placemark><name>3215145</name><styleUrl>#styleDaimonCIRCUITO43TRECHO</styleUrl><LineString><coordinates>-47.475366,-11.688084,0 -47.476728,-11.687322,0</coordinates></LineString></Placemark>
<Placemark><name>3098042</name><styleUrl>#styleDaimonCIRCUITO43TRECHO</styleUrl><LineString><coordinates>-47.474469,-11.688724,0 -47.475339,-11.688105,0</coordinates></LineString></Placemark>
<Placemark><name>3098041</name><styleUrl>#styleDaimonCIRCUITO43TRECHO</styleUrl><LineString><coordinates>-47.476728,-11.687322,0 -47.477647,-11.686771,0</coordinates></LineString></Placemark>
<Placemark><name>3663799</name><styleUrl>#styleDaimonCIRCUITO43TRECHO</styleUrl><LineString><coordinates>-47.471004,-11.685863,0 -47.471025,-11.685839,0</coordinates></LineString></Placemark>
<Placemark><name>3597600</name><styleUrl>#styleDaimonCIRCUITO43TRECHO</styleUrl><LineString><coordinates>-47.496988,-11.707119,0 -47.497395,-11.707667,0</coordinates></LineString></Placemark>
<Placemark><name>3545214</name><styleUrl>#styleDaimonCIRCUITO43TRECHO</styleUrl><LineString><coordinates>-47.497395,-11.707667,0 -47.497493,-11.707800,0</coordinates></LineString></Placemark>
<Placemark><name>3096196</name><styleUrl>#styleDaimonCIRCUITO43TRECHO</styleUrl><LineString><coordinates>-47.496434,-11.706423,0 -47.496988,-11.707119,0</coordinates></LineString></Placemark>
<Placemark><name>3668631</name><styleUrl>#styleDaimonCIRCUITO43TRECHO</styleUrl><LineString><coordinates>-47.497493,-11.707800,0 -47.497490,-11.707817,0</coordinates></LineString></Placemark>
<Placemark><name>12091577</name><styleUrl>#styleDaimonCIRCUITO43TRECHO</styleUrl><LineString><coordinates>-47.496412,-11.706396,0 -47.496434,-11.706423,0</coordinates></LineString></Placemark>
<Placemark><name>3663796</name><styleUrl>#styleDaimonCIRCUITO43TRECHO</styleUrl><LineString><coordinates>-47.497490,-11.707817,0 -47.497483,-11.707846,0</coordinates></LineString></Placemark>
<Placemark><name>3608180</name><styleUrl>#styleDaimonCIRCUITO43TRECHO</styleUrl><LineString><coordinates>-47.495811,-11.705612,0 -47.496412,-11.706396,0</coordinates></LineString></Placemark>
<Placemark><name>3608181</name><styleUrl>#styleDaimonCIRCUITO43TRECHO</styleUrl><LineString><coordinates>-47.495247,-11.704855,0 -47.495811,-11.705612,0</coordinates></LineString></Placemark>
<Placemark><name>3205058</name><styleUrl>#styleDaimonCIRCUITO43TRECHO</styleUrl><LineString><coordinates>-47.494548,-11.703922,0 -47.495247,-11.704855,0</coordinates></LineString></Placemark>
<Placemark><name>3205063</name><styleUrl>#styleDaimonCIRCUITO43TRECHO</styleUrl><LineString><coordinates>-47.493849,-11.703044,0 -47.494548,-11.703922,0</coordinates></LineString></Placemark>
<Placemark><name>3205064</name><styleUrl>#styleDaimonCIRCUITO43TRECHO</styleUrl><LineString><coordinates>-47.493026,-11.701986,0 -47.493849,-11.703044,0</coordinates></LineString></Placemark>
<Placemark><name>3205294</name><styleUrl>#styleDaimonCIRCUITO43TRECHO</styleUrl><LineString><coordinates>-47.492705,-11.701561,0 -47.493026,-11.701986,0</coordinates></LineString></Placemark>
<Placemark><name>12091824</name><styleUrl>#styleDaimonCIRCUITO43TRECHO</styleUrl><LineString><coordinates>-47.454393,-11.667758,0 -47.454388,-11.667727,0</coordinates></LineString></Placemark>
<Placemark><name>3392855</name><styleUrl>#styleDaimonCIRCUITO43TRECHO</styleUrl><LineString><coordinates>-47.454388,-11.667727,0 -47.453986,-11.667052,0</coordinates></LineString></Placemark>
<Placemark><name>12179500</name><styleUrl>#styleDaimonCIRCUITO43TRECHO</styleUrl><LineString><coordinates>-47.454393,-11.667758,0 -47.454426,-11.667757,0</coordinates></LineString></Placemark>
<Placemark><name>3392852</name><styleUrl>#styleDaimonCIRCUITO43TRECHO</styleUrl><LineString><coordinates>-47.454070,-11.668959,0 -47.454393,-11.667758,0</coordinates></LineString></Placemark>
<Placemark><name>3392856</name><styleUrl>#styleDaimonCIRCUITO43TRECHO</styleUrl><LineString><coordinates>-47.453986,-11.667052,0 -47.452796,-11.665148,0</coordinates></LineString></Placemark>
<Placemark><name>3572820</name><styleUrl>#styleDaimonCIRCUITO43TRECHO</styleUrl><LineString><coordinates>-47.454426,-11.667757,0 -47.454593,-11.667843,0</coordinates></LineString></Placemark>
<Placemark><name>2533187</name><styleUrl>#styleDaimonCIRCUITO43TRECHO</styleUrl><LineString><coordinates>-47.453961,-11.669493,0 -47.454070,-11.668959,0</coordinates></LineString></Placemark>
<Placemark><name>3098040</name><styleUrl>#styleDaimonCIRCUITO43TRECHO</styleUrl><LineString><coordinates>-47.452796,-11.665148,0 -47.452385,-11.664582,0</coordinates></LineString></Placemark>
<Placemark><name>22401920</name><styleUrl>#styleDaimonCIRCUITO43TRECHO</styleUrl><LineString><coordinates>-47.453850,-11.670040,0 -47.453961,-11.669493,0</coordinates></LineString></Placemark>
<Placemark><name>2587516</name><styleUrl>#styleDaimonCIRCUITO43TRECHO</styleUrl><LineString><coordinates>-47.452385,-11.664582,0 -47.452132,-11.664084,0</coordinates></LineString></Placemark>
<Placemark><name>12088595</name><styleUrl>#styleDaimonCIRCUITO43TRECHO</styleUrl><LineString><coordinates>-47.453832,-11.670076,0 -47.453850,-11.670040,0</coordinates></LineString></Placemark>
<Placemark><name>3451354</name><styleUrl>#styleDaimonCIRCUITO43TRECHO</styleUrl><LineString><coordinates>-47.452132,-11.664084,0 -47.452087,-11.664089,0</coordinates></LineString></Placemark>
<Placemark><name>2533186</name><styleUrl>#styleDaimonCIRCUITO43TRECHO</styleUrl><LineString><coordinates>-47.453596,-11.670258,0 -47.453832,-11.670076,0</coordinates></LineString></Placemark>
<Placemark><name>12115080</name><styleUrl>#styleDaimonCIRCUITO43TRECHO</styleUrl><LineString><coordinates>-47.453591,-11.670287,0 -47.453596,-11.670258,0</coordinates></LineString></Placemark>
<Placemark><name>12115081</name><styleUrl>#styleDaimonCIRCUITO43TRECHO</styleUrl><LineString><coordinates>-47.453575,-11.670294,0 -47.453591,-11.670287,0</coordinates></LineString></Placemark>
<Placemark><name>2533184</name><styleUrl>#styleDaimonCIRCUITO43TRECHO</styleUrl><LineString><coordinates>-47.453575,-11.670294,0 -47.453602,-11.670300,0</coordinates></LineString></Placemark>
<Placemark><name>3630370</name><styleUrl>#styleDaimonCIRCUITO43TRECHO</styleUrl><LineString><coordinates>-47.453389,-11.670492,0 -47.453575,-11.670294,0</coordinates></LineString></Placemark>
<Placemark><name>2533185</name><styleUrl>#styleDaimonCIRCUITO43TRECHO</styleUrl><LineString><coordinates>-47.453602,-11.670300,0 -47.453634,-11.670309,0</coordinates></LineString></Placemark>
<Placemark><name>3215144</name><styleUrl>#styleDaimonCIRCUITO43TRECHO</styleUrl><LineString><coordinates>-47.433362,-11.666923,0 -47.434364,-11.666476,0</coordinates></LineString></Placemark>
<Placemark><name>3583683</name><styleUrl>#styleDaimonCIRCUITO43TRECHO</styleUrl><LineString><coordinates>-47.458379,-11.631213,0 -47.458542,-11.630400,0</coordinates></LineString></Placemark>
<Placemark><name>3600015</name><styleUrl>#styleDaimonCIRCUITO43TRECHO</styleUrl><LineString><coordinates>-47.458542,-11.630400,0 -47.458683,-11.629696,0</coordinates></LineString></Placemark>
<Placemark><name>3583684</name><styleUrl>#styleDaimonCIRCUITO43TRECHO</styleUrl><LineString><coordinates>-47.458204,-11.632087,0 -47.458379,-11.631213,0</coordinates></LineString></Placemark>
<Placemark><name>3600024</name><styleUrl>#styleDaimonCIRCUITO43TRECHO</styleUrl><LineString><coordinates>-47.458036,-11.632914,0 -47.458204,-11.632087,0</coordinates></LineString></Placemark>
<Placemark><name>3599727</name><styleUrl>#styleDaimonCIRCUITO43TRECHO</styleUrl><LineString><coordinates>-47.457852,-11.633832,0 -47.458036,-11.632914,0</coordinates></LineString></Placemark>
<Placemark><name>3600032</name><styleUrl>#styleDaimonCIRCUITO43TRECHO</styleUrl><LineString><coordinates>-47.457657,-11.634804,0 -47.457852,-11.633832,0</coordinates></LineString></Placemark>
<Placemark><name>3583682</name><styleUrl>#styleDaimonCIRCUITO43TRECHO</styleUrl><LineString><coordinates>-47.457481,-11.635688,0 -47.457657,-11.634804,0</coordinates></LineString></Placemark>
<Placemark><name>3583681</name><styleUrl>#styleDaimonCIRCUITO43TRECHO</styleUrl><LineString><coordinates>-47.457254,-11.636815,0 -47.457481,-11.635688,0</coordinates></LineString></Placemark>
<Placemark><name>3600014</name><styleUrl>#styleDaimonCIRCUITO43TRECHO</styleUrl><LineString><coordinates>-47.457088,-11.637635,0 -47.457254,-11.636815,0</coordinates></LineString></Placemark>
<Placemark><name>3600023</name><styleUrl>#styleDaimonCIRCUITO43TRECHO</styleUrl><LineString><coordinates>-47.456906,-11.638578,0 -47.457088,-11.637635,0</coordinates></LineString></Placemark>
<Placemark><name>12178653</name><styleUrl>#styleDaimonCIRCUITO43TRECHO</styleUrl><LineString><coordinates>-47.456880,-11.638601,0 -47.456906,-11.638578,0</coordinates></LineString></Placemark>
<Placemark><name>3600031</name><styleUrl>#styleDaimonCIRCUITO43TRECHO</styleUrl><LineString><coordinates>-47.456133,-11.639099,0 -47.456880,-11.638601,0</coordinates></LineString></Placemark>
<Placemark><name>3583680</name><styleUrl>#styleDaimonCIRCUITO43TRECHO</styleUrl><LineString><coordinates>-47.455363,-11.639613,0 -47.456133,-11.639099,0</coordinates></LineString></Placemark>
<Placemark><name>3600013</name><styleUrl>#styleDaimonCIRCUITO43TRECHO</styleUrl><LineString><coordinates>-47.454593,-11.640124,0 -47.455363,-11.639613,0</coordinates></LineString></Placemark>
<Placemark><name>3599726</name><styleUrl>#styleDaimonCIRCUITO43TRECHO</styleUrl><LineString><coordinates>-47.453686,-11.640730,0 -47.454593,-11.640124,0</coordinates></LineString></Placemark>
<Placemark><name>3583366</name><styleUrl>#styleDaimonCIRCUITO43TRECHO</styleUrl><LineString><coordinates>-47.452967,-11.641209,0 -47.453686,-11.640730,0</coordinates></LineString></Placemark>
<Placemark><name>3600022</name><styleUrl>#styleDaimonCIRCUITO43TRECHO</styleUrl><LineString><coordinates>-47.452196,-11.641723,0 -47.452967,-11.641209,0</coordinates></LineString></Placemark>
<Placemark><name>3583365</name><styleUrl>#styleDaimonCIRCUITO43TRECHO</styleUrl><LineString><coordinates>-47.451332,-11.642298,0 -47.452196,-11.641723,0</coordinates></LineString></Placemark>
<Placemark><name>3599725</name><styleUrl>#styleDaimonCIRCUITO43TRECHO</styleUrl><LineString><coordinates>-47.450569,-11.642807,0 -47.451332,-11.642298,0</coordinates></LineString></Placemark>
<Placemark><name>3600030</name><styleUrl>#styleDaimonCIRCUITO43TRECHO</styleUrl><LineString><coordinates>-47.449791,-11.643323,0 -47.450569,-11.642807,0</coordinates></LineString></Placemark>
<Placemark><name>3583364</name><styleUrl>#styleDaimonCIRCUITO43TRECHO</styleUrl><LineString><coordinates>-47.448974,-11.643867,0 -47.449791,-11.643323,0</coordinates></LineString></Placemark>
<Placemark><name>12178649</name><styleUrl>#styleDaimonCIRCUITO43TRECHO</styleUrl><LineString><coordinates>-47.448951,-11.643891,0 -47.448974,-11.643867,0</coordinates></LineString></Placemark>
<Placemark><name>3599733</name><styleUrl>#styleDaimonCIRCUITO43TRECHO</styleUrl><LineString><coordinates>-47.448407,-11.644645,0 -47.448951,-11.643891,0</coordinates></LineString></Placemark>
<Placemark><name>3600021</name><styleUrl>#styleDaimonCIRCUITO43TRECHO</styleUrl><LineString><coordinates>-47.447860,-11.645404,0 -47.448407,-11.644645,0</coordinates></LineString></Placemark>
<Placemark><name>3583363</name><styleUrl>#styleDaimonCIRCUITO43TRECHO</styleUrl><LineString><coordinates>-47.447342,-11.646125,0 -47.447860,-11.645404,0</coordinates></LineString></Placemark>
<Placemark><name>3600029</name><styleUrl>#styleDaimonCIRCUITO43TRECHO</styleUrl><LineString><coordinates>-47.446806,-11.646863,0 -47.447342,-11.646125,0</coordinates></LineString></Placemark>
<Placemark><name>3599724</name><styleUrl>#styleDaimonCIRCUITO43TRECHO</styleUrl><LineString><coordinates>-47.446268,-11.647609,0 -47.446806,-11.646863,0</coordinates></LineString></Placemark>
<Placemark><name>3599732</name><styleUrl>#styleDaimonCIRCUITO43TRECHO</styleUrl><LineString><coordinates>-47.445744,-11.648335,0 -47.446268,-11.647609,0</coordinates></LineString></Placemark>
<Placemark><name>3600020</name><styleUrl>#styleDaimonCIRCUITO43TRECHO</styleUrl><LineString><coordinates>-47.445222,-11.649064,0 -47.445744,-11.648335,0</coordinates></LineString></Placemark>
<Placemark><name>3583362</name><styleUrl>#styleDaimonCIRCUITO43TRECHO</styleUrl><LineString><coordinates>-47.444809,-11.649636,0 -47.445222,-11.649064,0</coordinates></LineString></Placemark>
<Placemark><name>12178655</name><styleUrl>#styleDaimonCIRCUITO43TRECHO</styleUrl><LineString><coordinates>-47.444780,-11.649660,0 -47.444809,-11.649636,0</coordinates></LineString></Placemark>
<Placemark><name>3583361</name><styleUrl>#styleDaimonCIRCUITO43TRECHO</styleUrl><LineString><coordinates>-47.443975,-11.650187,0 -47.444780,-11.649660,0</coordinates></LineString></Placemark>
<Placemark><name>3599731</name><styleUrl>#styleDaimonCIRCUITO43TRECHO</styleUrl><LineString><coordinates>-47.443200,-11.650692,0 -47.443975,-11.650187,0</coordinates></LineString></Placemark>
<Placemark><name>3583360</name><styleUrl>#styleDaimonCIRCUITO43TRECHO</styleUrl><LineString><coordinates>-47.442416,-11.651202,0 -47.443200,-11.650692,0</coordinates></LineString></Placemark>
<Placemark><name>3600019</name><styleUrl>#styleDaimonCIRCUITO43TRECHO</styleUrl><LineString><coordinates>-47.441574,-11.651750,0 -47.442416,-11.651202,0</coordinates></LineString></Placemark>
<Placemark><name>3600028</name><styleUrl>#styleDaimonCIRCUITO43TRECHO</styleUrl><LineString><coordinates>-47.440780,-11.652270,0 -47.441574,-11.651750,0</coordinates></LineString></Placemark>
<Placemark><name>3599723</name><styleUrl>#styleDaimonCIRCUITO43TRECHO</styleUrl><LineString><coordinates>-47.440074,-11.652727,0 -47.440780,-11.652270,0</coordinates></LineString></Placemark>
<Placemark><name>3600331</name><styleUrl>#styleDaimonCIRCUITO43TRECHO</styleUrl><LineString><coordinates>-47.439242,-11.653269,0 -47.440074,-11.652727,0</coordinates></LineString></Placemark>
<Placemark><name>3599730</name><styleUrl>#styleDaimonCIRCUITO43TRECHO</styleUrl><LineString><coordinates>-47.438692,-11.653973,0 -47.439242,-11.653269,0</coordinates></LineString></Placemark>
<Placemark><name>3600330</name><styleUrl>#styleDaimonCIRCUITO43TRECHO</styleUrl><LineString><coordinates>-47.438177,-11.654634,0 -47.438692,-11.653973,0</coordinates></LineString></Placemark>
<Placemark><name>3599722</name><styleUrl>#styleDaimonCIRCUITO43TRECHO</styleUrl><LineString><coordinates>-47.437694,-11.655250,0 -47.438177,-11.654634,0</coordinates></LineString></Placemark>
<Placemark><name>3600027</name><styleUrl>#styleDaimonCIRCUITO43TRECHO</styleUrl><LineString><coordinates>-47.437103,-11.656010,0 -47.437694,-11.655250,0</coordinates></LineString></Placemark>
<Placemark><name>12178654</name><styleUrl>#styleDaimonCIRCUITO43TRECHO</styleUrl><LineString><coordinates>-47.437079,-11.656036,0 -47.437103,-11.656010,0</coordinates></LineString></Placemark>
<Placemark><name>3600018</name><styleUrl>#styleDaimonCIRCUITO43TRECHO</styleUrl><LineString><coordinates>-47.436104,-11.656939,0 -47.437079,-11.656036,0</coordinates></LineString></Placemark>
<Placemark><name>12178650</name><styleUrl>#styleDaimonCIRCUITO43TRECHO</styleUrl><LineString><coordinates>-47.436093,-11.656971,0 -47.436104,-11.656939,0</coordinates></LineString></Placemark>
<Placemark><name>3600329</name><styleUrl>#styleDaimonCIRCUITO43TRECHO</styleUrl><LineString><coordinates>-47.435796,-11.657953,0 -47.436093,-11.656971,0</coordinates></LineString></Placemark>
<Placemark><name>3599729</name><styleUrl>#styleDaimonCIRCUITO43TRECHO</styleUrl><LineString><coordinates>-47.435541,-11.658770,0 -47.435796,-11.657953,0</coordinates></LineString></Placemark>
<Placemark><name>3600328</name><styleUrl>#styleDaimonCIRCUITO43TRECHO</styleUrl><LineString><coordinates>-47.435213,-11.659839,0 -47.435541,-11.658770,0</coordinates></LineString></Placemark>
<Placemark><name>3600017</name><styleUrl>#styleDaimonCIRCUITO43TRECHO</styleUrl><LineString><coordinates>-47.434946,-11.660708,0 -47.435213,-11.659839,0</coordinates></LineString></Placemark>
<Placemark><name>3600026</name><styleUrl>#styleDaimonCIRCUITO43TRECHO</styleUrl><LineString><coordinates>-47.434751,-11.661335,0 -47.434946,-11.660708,0</coordinates></LineString></Placemark>
<Placemark><name>3599721</name><styleUrl>#styleDaimonCIRCUITO43TRECHO</styleUrl><LineString><coordinates>-47.434526,-11.662081,0 -47.434751,-11.661335,0</coordinates></LineString></Placemark>
<Placemark><name>3600035</name><styleUrl>#styleDaimonCIRCUITO43TRECHO</styleUrl><LineString><coordinates>-47.434249,-11.662981,0 -47.434526,-11.662081,0</coordinates></LineString></Placemark>
<Placemark><name>3599728</name><styleUrl>#styleDaimonCIRCUITO43TRECHO</styleUrl><LineString><coordinates>-47.434052,-11.664038,0 -47.434249,-11.662981,0</coordinates></LineString></Placemark>
<Placemark><name>3600034</name><styleUrl>#styleDaimonCIRCUITO43TRECHO</styleUrl><LineString><coordinates>-47.433875,-11.664998,0 -47.434052,-11.664038,0</coordinates></LineString></Placemark>
<Placemark><name>12178651</name><styleUrl>#styleDaimonCIRCUITO43TRECHO</styleUrl><LineString><coordinates>-47.433861,-11.665029,0 -47.433875,-11.664998,0</coordinates></LineString></Placemark>
<Placemark><name>3600016</name><styleUrl>#styleDaimonCIRCUITO43TRECHO</styleUrl><LineString><coordinates>-47.433363,-11.665764,0 -47.433861,-11.665029,0</coordinates></LineString></Placemark>
<Placemark><name>3600025</name><styleUrl>#styleDaimonCIRCUITO43TRECHO</styleUrl><LineString><coordinates>-47.432772,-11.666637,0 -47.433363,-11.665764,0</coordinates></LineString></Placemark>
<Placemark><name>3599720</name><styleUrl>#styleDaimonCIRCUITO43TRECHO</styleUrl><LineString><coordinates>-47.432360,-11.667239,0 -47.432772,-11.666637,0</coordinates></LineString></Placemark>
<Placemark><name>12114500</name><styleUrl>#styleDaimonCIRCUITO43TRECHO</styleUrl><LineString><coordinates>-47.482906,-11.430868,0 -47.482906,-11.430834,0</coordinates></LineString></Placemark>
<Placemark><name>3648740</name><styleUrl>#styleDaimonCIRCUITO43TRECHO</styleUrl><LineString><coordinates>-47.482906,-11.430834,0 -47.482630,-11.429895,0</coordinates></LineString></Placemark>
<Placemark><name>3648746</name><styleUrl>#styleDaimonCIRCUITO43TRECHO</styleUrl><LineString><coordinates>-47.482763,-11.431743,0 -47.482906,-11.430868,0</coordinates></LineString></Placemark>
<Placemark><name>3649790</name><styleUrl>#styleDaimonCIRCUITO43TRECHO</styleUrl><LineString><coordinates>-47.482630,-11.429895,0 -47.482246,-11.428551,0</coordinates></LineString></Placemark>
<Placemark><name>12114496</name><styleUrl>#styleDaimonCIRCUITO43TRECHO</styleUrl><LineString><coordinates>-47.482771,-11.431776,0 -47.482763,-11.431743,0</coordinates></LineString></Placemark>
<Placemark><name>3649795</name><styleUrl>#styleDaimonCIRCUITO43TRECHO</styleUrl><LineString><coordinates>-47.482246,-11.428551,0 -47.482008,-11.427716,0</coordinates></LineString></Placemark>
<Placemark><name>3648628</name><styleUrl>#styleDaimonCIRCUITO43TRECHO</styleUrl><LineString><coordinates>-47.483240,-11.432748,0 -47.482771,-11.431776,0</coordinates></LineString></Placemark>
<Placemark><name>12114490</name><styleUrl>#styleDaimonCIRCUITO43TRECHO</styleUrl><LineString><coordinates>-47.482008,-11.427716,0 -47.481997,-11.427685,0</coordinates></LineString></Placemark>
<Placemark><name>3648616</name><styleUrl>#styleDaimonCIRCUITO43TRECHO</styleUrl><LineString><coordinates>-47.481997,-11.427685,0 -47.481377,-11.426754,0</coordinates></LineString></Placemark>
<Placemark><name>3648622</name><styleUrl>#styleDaimonCIRCUITO43TRECHO</styleUrl><LineString><coordinates>-47.481377,-11.426754,0 -47.480876,-11.425998,0</coordinates></LineString></Placemark>
<Placemark><name>3648623</name><styleUrl>#styleDaimonCIRCUITO43TRECHO</styleUrl><LineString><coordinates>-47.480876,-11.425998,0 -47.480394,-11.425270,0</coordinates></LineString></Placemark>
<Placemark><name>3648617</name><styleUrl>#styleDaimonCIRCUITO43TRECHO</styleUrl><LineString><coordinates>-47.480394,-11.425270,0 -47.479961,-11.424372,0</coordinates></LineString></Placemark>
<Placemark><name>3648741</name><styleUrl>#styleDaimonCIRCUITO43TRECHO</styleUrl><LineString><coordinates>-47.479961,-11.424372,0 -47.479530,-11.423475,0</coordinates></LineString></Placemark>
<Placemark><name>3648747</name><styleUrl>#styleDaimonCIRCUITO43TRECHO</styleUrl><LineString><coordinates>-47.479530,-11.423475,0 -47.479090,-11.422562,0</coordinates></LineString></Placemark>
<Placemark><name>12114494</name><styleUrl>#styleDaimonCIRCUITO43TRECHO</styleUrl><LineString><coordinates>-47.479090,-11.422562,0 -47.479075,-11.422530,0</coordinates></LineString></Placemark>
<Placemark><name>3648734</name><styleUrl>#styleDaimonCIRCUITO43TRECHO</styleUrl><LineString><coordinates>-47.479075,-11.422530,0 -47.478356,-11.421188,0</coordinates></LineString></Placemark>
<Placemark><name>12114497</name><styleUrl>#styleDaimonCIRCUITO43TRECHO</styleUrl><LineString><coordinates>-47.478356,-11.421188,0 -47.478339,-11.421158,0</coordinates></LineString></Placemark>
<Placemark><name>3648735</name><styleUrl>#styleDaimonCIRCUITO43TRECHO</styleUrl><LineString><coordinates>-47.478339,-11.421158,0 -47.477722,-11.420176,0</coordinates></LineString></Placemark>
<Placemark><name>3648748</name><styleUrl>#styleDaimonCIRCUITO43TRECHO</styleUrl><LineString><coordinates>-47.477722,-11.420176,0 -47.477142,-11.419256,0</coordinates></LineString></Placemark>
<Placemark><name>3648736</name><styleUrl>#styleDaimonCIRCUITO43TRECHO</styleUrl><LineString><coordinates>-47.477142,-11.419256,0 -47.476513,-11.418261,0</coordinates></LineString></Placemark>
<Placemark><name>3648625</name><styleUrl>#styleDaimonCIRCUITO43TRECHO</styleUrl><LineString><coordinates>-47.476513,-11.418261,0 -47.475957,-11.417378,0</coordinates></LineString></Placemark>
<Placemark><name>3648619</name><styleUrl>#styleDaimonCIRCUITO43TRECHO</styleUrl><LineString><coordinates>-47.475957,-11.417378,0 -47.475413,-11.416515,0</coordinates></LineString></Placemark>
<Placemark><name>3648743</name><styleUrl>#styleDaimonCIRCUITO43TRECHO</styleUrl><LineString><coordinates>-47.475413,-11.416515,0 -47.474838,-11.415814,0</coordinates></LineString></Placemark>
<Placemark><name>3648749</name><styleUrl>#styleDaimonCIRCUITO43TRECHO</styleUrl><LineString><coordinates>-47.474838,-11.415814,0 -47.474121,-11.414935,0</coordinates></LineString></Placemark>
<Placemark><name>3648737</name><styleUrl>#styleDaimonCIRCUITO43TRECHO</styleUrl><LineString><coordinates>-47.474121,-11.414935,0 -47.473602,-11.414307,0</coordinates></LineString></Placemark>
<Placemark><name>12114501</name><styleUrl>#styleDaimonCIRCUITO43TRECHO</styleUrl><LineString><coordinates>-47.473602,-11.414307,0 -47.473587,-11.414273,0</coordinates></LineString></Placemark>
<Placemark><name>3648618</name><styleUrl>#styleDaimonCIRCUITO43TRECHO</styleUrl><LineString><coordinates>-47.473587,-11.414273,0 -47.473455,-11.413150,0</coordinates></LineString></Placemark>
<Placemark><name>12114491</name><styleUrl>#styleDaimonCIRCUITO43TRECHO</styleUrl><LineString><coordinates>-47.473455,-11.413150,0 -47.473448,-11.413117,0</coordinates></LineString></Placemark>
<Placemark><name>3648624</name><styleUrl>#styleDaimonCIRCUITO43TRECHO</styleUrl><LineString><coordinates>-47.473448,-11.413117,0 -47.473029,-11.412129,0</coordinates></LineString></Placemark>
<Placemark><name>3649808</name><styleUrl>#styleDaimonCIRCUITO43TRECHO</styleUrl><LineString><coordinates>-47.473029,-11.412129,0 -47.472564,-11.411017,0</coordinates></LineString></Placemark>
<Placemark><name>3649514</name><styleUrl>#styleDaimonCIRCUITO43TRECHO</styleUrl><LineString><coordinates>-47.472564,-11.411017,0 -47.472094,-11.409889,0</coordinates></LineString></Placemark>
<Placemark><name>3648344</name><styleUrl>#styleDaimonCIRCUITO43TRECHO</styleUrl><LineString><coordinates>-47.484759,-11.459609,0 -47.484827,-11.458881,0</coordinates></LineString></Placemark>
<Placemark><name>3098044</name><styleUrl>#styleDaimonCIRCUITO43TRECHO</styleUrl><LineString><coordinates>-47.477759,-11.686711,0 -47.478770,-11.686163,0</coordinates></LineString></Placemark>
<Placemark><name>3661068</name><styleUrl>#styleDaimonCIRCUITO43TRECHO</styleUrl><LineString><coordinates>-47.497496,-11.707801,0 -47.497517,-11.707809,0</coordinates></LineString></Placemark>
<Placemark><name>12118093</name><styleUrl>#styleDaimonCIRCUITO43TRECHO</styleUrl><LineString><coordinates>-47.496779,-11.704388,0 -47.496799,-11.704362,0</coordinates></LineString></Placemark>
<Placemark><name>3617954</name><styleUrl>#styleDaimonCIRCUITO43TRECHO</styleUrl><LineString><coordinates>-47.495908,-11.705491,0 -47.496779,-11.704388,0</coordinates></LineString></Placemark>
<Placemark><name>36033885</name><styleUrl>#styleDaimonCIRCUITO43TRECHO</styleUrl><LineString><coordinates>-47.496779,-11.704388,0 -47.496669,-11.704346,0</coordinates></LineString></Placemark>
<Placemark><name>24558214</name><styleUrl>#styleDaimonCIRCUITO43TRECHO</styleUrl><LineString><coordinates>-47.496779,-11.704388,0 -47.496615,-11.704380,0</coordinates></LineString></Placemark>
<Placemark><name>3617953</name><styleUrl>#styleDaimonCIRCUITO43TRECHO</styleUrl><LineString><coordinates>-47.496799,-11.704362,0 -47.496975,-11.704137,0</coordinates></LineString></Placemark>
<Placemark><name>3097760</name><styleUrl>#styleDaimonCIRCUITO43TRECHO</styleUrl><LineString><coordinates>-47.452803,-11.665145,0 -47.452853,-11.665107,0</coordinates></LineString></Placemark>
<Placemark><name>24575624</name><styleUrl>#styleDaimonCIRCUITO43TRECHO</styleUrl><LineString><coordinates>-47.452107,-11.664012,0 -47.451919,-11.663994,0</coordinates></LineString></Placemark>
<Placemark><name>3451350</name><styleUrl>#styleDaimonCIRCUITO43TRECHO</styleUrl><LineString><coordinates>-47.452107,-11.664012,0 -47.452064,-11.664020,0</coordinates></LineString></Placemark>
<Placemark><name>3081921</name><styleUrl>#styleDaimonCIRCUITO43TRECHO</styleUrl><LineString><coordinates>-47.452131,-11.664077,0 -47.452107,-11.664012,0</coordinates></LineString></Placemark>
<Placemark><name>3572836</name><styleUrl>#styleDaimonCIRCUITO43TRECHO</styleUrl><LineString><coordinates>-47.466549,-11.661339,0 -47.467026,-11.660565,0</coordinates></LineString></Placemark>
<Placemark><name>3572837</name><styleUrl>#styleDaimonCIRCUITO43TRECHO</styleUrl><LineString><coordinates>-47.467026,-11.660565,0 -47.467512,-11.659775,0</coordinates></LineString></Placemark>
<Placemark><name>3572835</name><styleUrl>#styleDaimonCIRCUITO43TRECHO</styleUrl><LineString><coordinates>-47.466028,-11.662184,0 -47.466549,-11.661339,0</coordinates></LineString></Placemark>
<Placemark><name>3572838</name><styleUrl>#styleDaimonCIRCUITO43TRECHO</styleUrl><LineString><coordinates>-47.467512,-11.659775,0 -47.467980,-11.659016,0</coordinates></LineString></Placemark>
<Placemark><name>3572834</name><styleUrl>#styleDaimonCIRCUITO43TRECHO</styleUrl><LineString><coordinates>-47.465544,-11.662970,0 -47.466028,-11.662184,0</coordinates></LineString></Placemark>
<Placemark><name>3572839</name><styleUrl>#styleDaimonCIRCUITO43TRECHO</styleUrl><LineString><coordinates>-47.467980,-11.659016,0 -47.468470,-11.658221,0</coordinates></LineString></Placemark>
<Placemark><name>12179501</name><styleUrl>#styleDaimonCIRCUITO43TRECHO</styleUrl><LineString><coordinates>-47.465519,-11.662995,0 -47.465544,-11.662970,0</coordinates></LineString></Placemark>
<Placemark><name>3572840</name><styleUrl>#styleDaimonCIRCUITO43TRECHO</styleUrl><LineString><coordinates>-47.468470,-11.658221,0 -47.468948,-11.657444,0</coordinates></LineString></Placemark>
<Placemark><name>3572833</name><styleUrl>#styleDaimonCIRCUITO43TRECHO</styleUrl><LineString><coordinates>-47.464740,-11.663446,0 -47.465519,-11.662995,0</coordinates></LineString></Placemark>
<Placemark><name>3572841</name><styleUrl>#styleDaimonCIRCUITO43TRECHO</styleUrl><LineString><coordinates>-47.468948,-11.657444,0 -47.469440,-11.656644,0</coordinates></LineString></Placemark>
<Placemark><name>3572832</name><styleUrl>#styleDaimonCIRCUITO43TRECHO</styleUrl><LineString><coordinates>-47.463949,-11.663904,0 -47.464740,-11.663446,0</coordinates></LineString></Placemark>
<Placemark><name>3573109</name><styleUrl>#styleDaimonCIRCUITO43TRECHO</styleUrl><LineString><coordinates>-47.469440,-11.656644,0 -47.469925,-11.655858,0</coordinates></LineString></Placemark>
<Placemark><name>3572831</name><styleUrl>#styleDaimonCIRCUITO43TRECHO</styleUrl><LineString><coordinates>-47.463137,-11.664374,0 -47.463949,-11.663904,0</coordinates></LineString></Placemark>
<Placemark><name>3573110</name><styleUrl>#styleDaimonCIRCUITO43TRECHO</styleUrl><LineString><coordinates>-47.469925,-11.655858,0 -47.470405,-11.655078,0</coordinates></LineString></Placemark>
<Placemark><name>3572830</name><styleUrl>#styleDaimonCIRCUITO43TRECHO</styleUrl><LineString><coordinates>-47.462300,-11.664859,0 -47.463137,-11.664374,0</coordinates></LineString></Placemark>
<Placemark><name>3573111</name><styleUrl>#styleDaimonCIRCUITO43TRECHO</styleUrl><LineString><coordinates>-47.470405,-11.655078,0 -47.470712,-11.654174,0</coordinates></LineString></Placemark>
<Placemark><name>3572829</name><styleUrl>#styleDaimonCIRCUITO43TRECHO</styleUrl><LineString><coordinates>-47.461518,-11.665312,0 -47.462300,-11.664859,0</coordinates></LineString></Placemark>
<Placemark><name>3573112</name><styleUrl>#styleDaimonCIRCUITO43TRECHO</styleUrl><LineString><coordinates>-47.470712,-11.654174,0 -47.471030,-11.653234,0</coordinates></LineString></Placemark>
<Placemark><name>3572828</name><styleUrl>#styleDaimonCIRCUITO43TRECHO</styleUrl><LineString><coordinates>-47.460676,-11.665622,0 -47.461518,-11.665312,0</coordinates></LineString></Placemark>
<Placemark><name>12179502</name><styleUrl>#styleDaimonCIRCUITO43TRECHO</styleUrl><LineString><coordinates>-47.471030,-11.653234,0 -47.471048,-11.653204,0</coordinates></LineString></Placemark>
<Placemark><name>3572827</name><styleUrl>#styleDaimonCIRCUITO43TRECHO</styleUrl><LineString><coordinates>-47.459819,-11.665937,0 -47.460676,-11.665622,0</coordinates></LineString></Placemark>
<Placemark><name>3573113</name><styleUrl>#styleDaimonCIRCUITO43TRECHO</styleUrl><LineString><coordinates>-47.471048,-11.653204,0 -47.471592,-11.652602,0</coordinates></LineString></Placemark>
<Placemark><name>3572826</name><styleUrl>#styleDaimonCIRCUITO43TRECHO</styleUrl><LineString><coordinates>-47.458883,-11.666280,0 -47.459819,-11.665937,0</coordinates></LineString></Placemark>
<Placemark><name>3573114</name><styleUrl>#styleDaimonCIRCUITO43TRECHO</styleUrl><LineString><coordinates>-47.471592,-11.652602,0 -47.472181,-11.651951,0</coordinates></LineString></Placemark>
<Placemark><name>3572825</name><styleUrl>#styleDaimonCIRCUITO43TRECHO</styleUrl><LineString><coordinates>-47.458023,-11.666597,0 -47.458883,-11.666280,0</coordinates></LineString></Placemark>
<Placemark><name>3573115</name><styleUrl>#styleDaimonCIRCUITO43TRECHO</styleUrl><LineString><coordinates>-47.472181,-11.651951,0 -47.472609,-11.651479,0</coordinates></LineString></Placemark>
<Placemark><name>3572824</name><styleUrl>#styleDaimonCIRCUITO43TRECHO</styleUrl><LineString><coordinates>-47.457264,-11.666876,0 -47.458023,-11.666597,0</coordinates></LineString></Placemark>
<Placemark><name>3573116</name><styleUrl>#styleDaimonCIRCUITO43TRECHO</styleUrl><LineString><coordinates>-47.472609,-11.651479,0 -47.473098,-11.650643,0</coordinates></LineString></Placemark>
<Placemark><name>3572823</name><styleUrl>#styleDaimonCIRCUITO43TRECHO</styleUrl><LineString><coordinates>-47.456448,-11.667176,0 -47.457264,-11.666876,0</coordinates></LineString></Placemark>
<Placemark><name>3573117</name><styleUrl>#styleDaimonCIRCUITO43TRECHO</styleUrl><LineString><coordinates>-47.473098,-11.650643,0 -47.473559,-11.649858,0</coordinates></LineString></Placemark>
<Placemark><name>3572822</name><styleUrl>#styleDaimonCIRCUITO43TRECHO</styleUrl><LineString><coordinates>-47.455578,-11.667495,0 -47.456448,-11.667176,0</coordinates></LineString></Placemark>
<Placemark><name>3573118</name><styleUrl>#styleDaimonCIRCUITO43TRECHO</styleUrl><LineString><coordinates>-47.473559,-11.649858,0 -47.474029,-11.649056,0</coordinates></LineString></Placemark>
<Placemark><name>3572821</name><styleUrl>#styleDaimonCIRCUITO43TRECHO</styleUrl><LineString><coordinates>-47.454692,-11.667809,0 -47.455578,-11.667495,0</coordinates></LineString></Placemark>
<Placemark><name>3573119</name><styleUrl>#styleDaimonCIRCUITO43TRECHO</styleUrl><LineString><coordinates>-47.474029,-11.649056,0 -47.474493,-11.648264,0</coordinates></LineString></Placemark>
<Placemark><name>3573120</name><styleUrl>#styleDaimonCIRCUITO43TRECHO</styleUrl><LineString><coordinates>-47.474493,-11.648264,0 -47.474971,-11.647447,0</coordinates></LineString></Placemark>
<Placemark><name>3573121</name><styleUrl>#styleDaimonCIRCUITO43TRECHO</styleUrl><LineString><coordinates>-47.474971,-11.647447,0 -47.475452,-11.646626,0</coordinates></LineString></Placemark>
<Placemark><name>3573122</name><styleUrl>#styleDaimonCIRCUITO43TRECHO</styleUrl><LineString><coordinates>-47.475452,-11.646626,0 -47.475929,-11.645810,0</coordinates></LineString></Placemark>
<Placemark><name>3573123</name><styleUrl>#styleDaimonCIRCUITO43TRECHO</styleUrl><LineString><coordinates>-47.475929,-11.645810,0 -47.476402,-11.645004,0</coordinates></LineString></Placemark>
<Placemark><name>3573124</name><styleUrl>#styleDaimonCIRCUITO43TRECHO</styleUrl><LineString><coordinates>-47.476402,-11.645004,0 -47.476905,-11.644148,0</coordinates></LineString></Placemark>
<Placemark><name>3573125</name><styleUrl>#styleDaimonCIRCUITO43TRECHO</styleUrl><LineString><coordinates>-47.476905,-11.644148,0 -47.477270,-11.643525,0</coordinates></LineString></Placemark>
<Placemark><name>12179503</name><styleUrl>#styleDaimonCIRCUITO43TRECHO</styleUrl><LineString><coordinates>-47.477270,-11.643525,0 -47.477284,-11.643493,0</coordinates></LineString></Placemark>
<Placemark><name>3573126</name><styleUrl>#styleDaimonCIRCUITO43TRECHO</styleUrl><LineString><coordinates>-47.477284,-11.643493,0 -47.477559,-11.642636,0</coordinates></LineString></Placemark>
<Placemark><name>3573127</name><styleUrl>#styleDaimonCIRCUITO43TRECHO</styleUrl><LineString><coordinates>-47.477559,-11.642636,0 -47.477831,-11.641777,0</coordinates></LineString></Placemark>
<Placemark><name>12179591</name><styleUrl>#styleDaimonCIRCUITO43TRECHO</styleUrl><LineString><coordinates>-47.477831,-11.641777,0 -47.477833,-11.641742,0</coordinates></LineString></Placemark>
<Placemark><name>55873633</name><styleUrl>#styleDaimonCIRCUITO43TRECHO</styleUrl><LineString><coordinates>-47.477831,-11.641777,0 -47.477831,-11.641794,0</coordinates></LineString></Placemark>
<Placemark><name>3573128</name><styleUrl>#styleDaimonCIRCUITO43TRECHO</styleUrl><LineString><coordinates>-47.477833,-11.641742,0 -47.477601,-11.640624,0</coordinates></LineString></Placemark>
<Placemark><name>55873613</name><styleUrl>#styleDaimonCIRCUITO43TRECHO</styleUrl><LineString><coordinates>-47.477831,-11.641794,0 -47.477825,-11.642013,0</coordinates></LineString></Placemark>
<Placemark><name>12179592</name><styleUrl>#styleDaimonCIRCUITO43TRECHO</styleUrl><LineString><coordinates>-47.477601,-11.640624,0 -47.477585,-11.640593,0</coordinates></LineString></Placemark>
<Placemark><name>3573129</name><styleUrl>#styleDaimonCIRCUITO43TRECHO</styleUrl><LineString><coordinates>-47.477585,-11.640593,0 -47.476962,-11.639978,0</coordinates></LineString></Placemark>
<Placemark><name>3573130</name><styleUrl>#styleDaimonCIRCUITO43TRECHO</styleUrl><LineString><coordinates>-47.476962,-11.639978,0 -47.476324,-11.639349,0</coordinates></LineString></Placemark>
<Placemark><name>3573131</name><styleUrl>#styleDaimonCIRCUITO43TRECHO</styleUrl><LineString><coordinates>-47.476324,-11.639349,0 -47.475647,-11.638683,0</coordinates></LineString></Placemark>
<Placemark><name>3648742</name><styleUrl>#styleDaimonCIRCUITO43TRECHO</styleUrl><LineString><coordinates>-47.472136,-11.409992,0 -47.471895,-11.409419,0</coordinates></LineString></Placemark>
<Placemark><name>55873616</name><styleUrl>#styleDaimonCIRCUITO43TRECHO</styleUrl><LineString><coordinates>-47.478373,-11.642847,0 -47.478807,-11.643516,0</coordinates></LineString></Placemark>
<Placemark><name>55873617</name><styleUrl>#styleDaimonCIRCUITO43TRECHO</styleUrl><LineString><coordinates>-47.478807,-11.643516,0 -47.479240,-11.644185,0</coordinates></LineString></Placemark>
<Placemark><name>55873615</name><styleUrl>#styleDaimonCIRCUITO43TRECHO</styleUrl><LineString><coordinates>-47.478083,-11.642407,0 -47.478373,-11.642847,0</coordinates></LineString></Placemark>
<Placemark><name>55873603</name><styleUrl>#styleDaimonCIRCUITO43TRECHO</styleUrl><LineString><coordinates>-47.479240,-11.644185,0 -47.479758,-11.644984,0</coordinates></LineString></Placemark>
<Placemark><name>55873614</name><styleUrl>#styleDaimonCIRCUITO43TRECHO</styleUrl><LineString><coordinates>-47.477851,-11.642053,0 -47.478083,-11.642407,0</coordinates></LineString></Placemark>
<Placemark><name>Suporte Chave DJ_LD03002091_FICT</name><styleUrl>#styleDaimonCIRCUITO43TRECHO</styleUrl><LineString><coordinates>-47.156263,-11.562279,0 -47.156827,-11.562160,0</coordinates></LineString></Placemark>
<Placemark><name>Suporte Chave 8811585091</name><styleUrl>#styleDaimonCIRCUITO43TRECHO</styleUrl><LineString><coordinates>-47.156636,-11.561595,0 -47.156663,-11.561574,0</coordinates></LineString></Placemark>
<Placemark><name>Suporte Chave 3310226091</name><styleUrl>#styleDaimonCIRCUITO43TRECHO</styleUrl><LineString><coordinates>-47.181447,-11.568860,0 -47.181388,-11.568918,0</coordinates></LineString></Placemark>
<Placemark><name>Suporte Chave 0300701091</name><styleUrl>#styleDaimonCIRCUITO43TRECHO</styleUrl><LineString><coordinates>-47.179204,-11.565823,0 -47.179302,-11.565759,0</coordinates></LineString></Placemark>
<Placemark><name>Suporte Chave 0310009091</name><styleUrl>#styleDaimonCIRCUITO43TRECHO</styleUrl><LineString><coordinates>-47.201856,-11.577766,0 -47.201887,-11.577681,0</coordinates></LineString></Placemark>
<Placemark><name>Suporte Chave 0343130091</name><styleUrl>#styleDaimonCIRCUITO43TRECHO</styleUrl><LineString><coordinates>-47.264898,-11.575700,0 -47.264896,-11.575682,0</coordinates></LineString></Placemark>
<Placemark><name>Suporte Chave 3310087091</name><styleUrl>#styleDaimonCIRCUITO43TRECHO</styleUrl><LineString><coordinates>-47.185857,-11.572324,0 -47.185883,-11.572187,0</coordinates></LineString></Placemark>
<Placemark><name>Suporte Chave 3310021091</name><styleUrl>#styleDaimonCIRCUITO43TRECHO</styleUrl><LineString><coordinates>-47.264440,-11.576657,0 -47.264525,-11.576819,0</coordinates></LineString></Placemark>
<Placemark><name>Suporte Chave 0300500091</name><styleUrl>#styleDaimonCIRCUITO43TRECHO</styleUrl><LineString><coordinates>-47.172251,-11.560507,0 -47.172300,-11.560427,0</coordinates></LineString></Placemark>
<Placemark><name>Suporte Chave PR32272091</name><styleUrl>#styleDaimonCIRCUITO43TRECHO</styleUrl><LineString><coordinates>-47.244462,-11.578713,0 -47.244462,-11.578710,0</coordinates></LineString></Placemark>
<Placemark><name>Suporte Chave 0310222091</name><styleUrl>#styleDaimonCIRCUITO43TRECHO</styleUrl><LineString><coordinates>-47.175836,-11.562722,0 -47.175813,-11.562747,0</coordinates></LineString></Placemark>
<Placemark><name>Suporte Chave 8800552091</name><styleUrl>#styleDaimonCIRCUITO43TRECHO</styleUrl><LineString><coordinates>-47.276611,-11.574031,0 -47.276694,-11.574021,0</coordinates></LineString></Placemark>
<Placemark><name>Suporte Chave 0300764091</name><styleUrl>#styleDaimonCIRCUITO43TRECHO</styleUrl><LineString><coordinates>-47.199724,-11.577026,0 -47.199713,-11.577090,0</coordinates></LineString></Placemark>
<Placemark><name>Suporte Chave PR32271091</name><styleUrl>#styleDaimonCIRCUITO43TRECHO</styleUrl><LineString><coordinates>-47.198076,-11.576457,0 -47.198078,-11.576455,0</coordinates></LineString></Placemark>
<Placemark><name>Suporte Chave 0343428091</name><styleUrl>#styleDaimonCIRCUITO43TRECHO</styleUrl><LineString><coordinates>-47.179643,-11.570632,0 -47.179653,-11.570646,0</coordinates></LineString></Placemark>
<Placemark><name>Suporte Chave 0300498091</name><styleUrl>#styleDaimonCIRCUITO43TRECHO</styleUrl><LineString><coordinates>-47.185642,-11.574315,0 -47.185710,-11.574356,0</coordinates></LineString></Placemark>
<Placemark><name>Suporte Chave 3356099091</name><styleUrl>#styleDaimonCIRCUITO43TRECHO</styleUrl><LineString><coordinates>-47.182394,-11.576794,0 -47.182333,-11.576852,0</coordinates></LineString></Placemark>
<Placemark><name>Suporte Chave 0310227091</name><styleUrl>#styleDaimonCIRCUITO43TRECHO</styleUrl><LineString><coordinates>-47.180848,-11.569437,0 -47.180886,-11.569465,0</coordinates></LineString></Placemark>
<Placemark><name>Suporte Chave 0310225091</name><styleUrl>#styleDaimonCIRCUITO43TRECHO</styleUrl><LineString><coordinates>-47.181171,-11.564586,0 -47.181245,-11.564540,0</coordinates></LineString></Placemark>
<Placemark><name>Suporte Chave 0310088091</name><styleUrl>#styleDaimonCIRCUITO43TRECHO</styleUrl><LineString><coordinates>-47.186741,-11.567881,0 -47.186775,-11.567801,0</coordinates></LineString></Placemark>
<Placemark><name>Suporte Chave 0300776091</name><styleUrl>#styleDaimonCIRCUITO43TRECHO</styleUrl><LineString><coordinates>-47.185778,-11.568091,0 -47.185858,-11.567993,0</coordinates></LineString></Placemark>
<Placemark><name>Suporte Chave 0310230091</name><styleUrl>#styleDaimonCIRCUITO43TRECHO</styleUrl><LineString><coordinates>-47.186122,-11.570947,0 -47.186044,-11.570932,0</coordinates></LineString></Placemark>
<Placemark><name>Suporte Chave 0315158091</name><styleUrl>#styleDaimonCIRCUITO43TRECHO</styleUrl><LineString><coordinates>-47.274412,-11.612440,0 -47.274299,-11.612501,0</coordinates></LineString></Placemark>
<Placemark><name>Suporte Chave 4032359091</name><styleUrl>#styleDaimonCIRCUITO43TRECHO</styleUrl><LineString><coordinates>-47.282265,-11.619619,0 -47.282267,-11.619619,0</coordinates></LineString></Placemark>
<Placemark><name>Suporte Chave 3313445091</name><styleUrl>#styleDaimonCIRCUITO43TRECHO</styleUrl><LineString><coordinates>-47.266937,-11.601754,0 -47.266948,-11.601816,0</coordinates></LineString></Placemark>
<Placemark><name>Suporte Chave PR32273091</name><styleUrl>#styleDaimonCIRCUITO43TRECHO</styleUrl><LineString><coordinates>-47.289672,-11.575014,0 -47.289674,-11.575012,0</coordinates></LineString></Placemark>
<Placemark><name>Suporte Chave 0310090091</name><styleUrl>#styleDaimonCIRCUITO43TRECHO</styleUrl><LineString><coordinates>-47.302539,-11.585893,0 -47.302546,-11.585889,0</coordinates></LineString></Placemark>
<Placemark><name>Suporte Chave 0332274091</name><styleUrl>#styleDaimonCIRCUITO43TRECHO</styleUrl><LineString><coordinates>-47.325526,-11.598916,0 -47.325528,-11.598913,0</coordinates></LineString></Placemark>
<Placemark><name>Suporte Chave PR32275091</name><styleUrl>#styleDaimonCIRCUITO43TRECHO</styleUrl><LineString><coordinates>-47.365675,-11.616542,0 -47.365678,-11.616540,0</coordinates></LineString></Placemark>
<Placemark><name>Suporte Chave 6800489091</name><styleUrl>#styleDaimonCIRCUITO43TRECHO</styleUrl><LineString><coordinates>-47.360076,-11.611307,0 -47.360081,-11.611302,0</coordinates></LineString></Placemark>
<Placemark><name>Suporte Chave 8800553091</name><styleUrl>#styleDaimonCIRCUITO43TRECHO</styleUrl><LineString><coordinates>-47.383694,-11.634387,0 -47.383861,-11.634448,0</coordinates></LineString></Placemark>
<Placemark><name>Suporte Chave 0300768091</name><styleUrl>#styleDaimonCIRCUITO43TRECHO</styleUrl><LineString><coordinates>-47.193121,-11.585942,0 -47.193014,-11.585977,0</coordinates></LineString></Placemark>
<Placemark><name>Suporte Chave 0330133091</name><styleUrl>#styleDaimonCIRCUITO43TRECHO</styleUrl><LineString><coordinates>-47.199148,-11.580157,0 -47.199218,-11.580162,0</coordinates></LineString></Placemark>
<Placemark><name>Suporte Chave 0347619091</name><styleUrl>#styleDaimonCIRCUITO43TRECHO</styleUrl><LineString><coordinates>-47.198621,-11.582535,0 -47.198596,-11.582541,0</coordinates></LineString></Placemark>
<Placemark><name>Suporte Chave 0300765091</name><styleUrl>#styleDaimonCIRCUITO43TRECHO</styleUrl><LineString><coordinates>-47.197150,-11.590004,0 -47.197093,-11.590012,0</coordinates></LineString></Placemark>
<Placemark><name>Suporte Chave 0300777091</name><styleUrl>#styleDaimonCIRCUITO43TRECHO</styleUrl><LineString><coordinates>-47.189988,-11.563197,0 -47.189951,-11.563130,0</coordinates></LineString></Placemark>
<Placemark><name>Suporte Chave 0336558091</name><styleUrl>#styleDaimonCIRCUITO43TRECHO</styleUrl><LineString><coordinates>-47.198815,-11.551783,0 -47.198891,-11.551835,0</coordinates></LineString></Placemark>
<Placemark><name>Suporte Chave 0300767091</name><styleUrl>#styleDaimonCIRCUITO43TRECHO</styleUrl><LineString><coordinates>-47.198482,-11.554939,0 -47.198543,-11.555004,0</coordinates></LineString></Placemark>
<Placemark><name>Suporte Chave 3332374091</name><styleUrl>#styleDaimonCIRCUITO43TRECHO</styleUrl><LineString><coordinates>-47.270833,-11.614338,0 -47.270817,-11.614416,0</coordinates></LineString></Placemark>
<Placemark><name>Suporte Chave 0310093091</name><styleUrl>#styleDaimonCIRCUITO43TRECHO</styleUrl><LineString><coordinates>-47.307822,-11.583300,0 -47.307822,-11.583313,0</coordinates></LineString></Placemark>
<Placemark><name>Suporte Chave 0310091091</name><styleUrl>#styleDaimonCIRCUITO43TRECHO</styleUrl><LineString><coordinates>-47.302449,-11.585654,0 -47.302349,-11.585561,0</coordinates></LineString></Placemark>
<Placemark><name>Suporte Chave 0310094091</name><styleUrl>#styleDaimonCIRCUITO43TRECHO</styleUrl><LineString><coordinates>-47.306971,-11.581066,0 -47.306949,-11.581066,0</coordinates></LineString></Placemark>
<Placemark><name>Suporte Chave 7964816091</name><styleUrl>#styleDaimonCIRCUITO43TRECHO</styleUrl><LineString><coordinates>-47.360117,-11.611262,0 -47.360113,-11.611266,0</coordinates></LineString></Placemark>
<Placemark><name>Suporte Chave 0300477028</name><styleUrl>#styleDaimonCIRCUITO43TRECHO</styleUrl><LineString><coordinates>-47.391603,-11.639521,0 -47.391548,-11.639562,0</coordinates></LineString></Placemark>
<Placemark><name>Suporte Chave PR32276091</name><styleUrl>#styleDaimonCIRCUITO43TRECHO</styleUrl><LineString><coordinates>-47.398019,-11.645072,0 -47.398022,-11.645070,0</coordinates></LineString></Placemark>
<Placemark><name>Suporte Chave 9009431091</name><styleUrl>#styleDaimonCIRCUITO43TRECHO</styleUrl><LineString><coordinates>-47.398466,-11.645480,0 -47.398470,-11.645479,0</coordinates></LineString></Placemark>
<Placemark><name>Suporte Chave 3225681091</name><styleUrl>#styleDaimonCIRCUITO43TRECHO</styleUrl><LineString><coordinates>-47.390777,-11.638480,0 -47.390802,-11.638451,0</coordinates></LineString></Placemark>
<Placemark><name>Suporte Chave 0310018091</name><styleUrl>#styleDaimonCIRCUITO43TRECHO</styleUrl><LineString><coordinates>-47.390119,-11.637216,0 -47.390080,-11.637237,0</coordinates></LineString></Placemark>
<Placemark><name>Suporte Chave 0300311091</name><styleUrl>#styleDaimonCIRCUITO43TRECHO</styleUrl><LineString><coordinates>-47.390526,-11.638057,0 -47.390510,-11.638072,0</coordinates></LineString></Placemark>
<Placemark><name>Suporte Chave 0330690091</name><styleUrl>#styleDaimonCIRCUITO43TRECHO</styleUrl><LineString><coordinates>-47.192048,-11.586295,0 -47.191999,-11.586250,0</coordinates></LineString></Placemark>
<Placemark><name>Suporte Chave PR36559091</name><styleUrl>#styleDaimonCIRCUITO43TRECHO</styleUrl><LineString><coordinates>-47.199571,-11.552290,0 -47.199573,-11.552289,0</coordinates></LineString></Placemark>
<Placemark><name>Suporte Chave 3332371091</name><styleUrl>#styleDaimonCIRCUITO43TRECHO</styleUrl><LineString><coordinates>-47.265281,-11.627301,0 -47.265376,-11.627265,0</coordinates></LineString></Placemark>
<Placemark><name>Suporte Chave 3332379091</name><styleUrl>#styleDaimonCIRCUITO43TRECHO</styleUrl><LineString><coordinates>-47.262442,-11.643063,0 -47.262400,-11.643111,0</coordinates></LineString></Placemark>
<Placemark><name>Suporte Chave 0310092091</name><styleUrl>#styleDaimonCIRCUITO43TRECHO</styleUrl><LineString><coordinates>-47.300491,-11.583780,0 -47.300458,-11.583745,0</coordinates></LineString></Placemark>
<Placemark><name>Suporte Chave 3300709091</name><styleUrl>#styleDaimonCIRCUITO43TRECHO</styleUrl><LineString><coordinates>-47.390058,-11.570948,0 -47.389994,-11.570891,0</coordinates></LineString></Placemark>
<Placemark><name>Suporte Chave 0300490091</name><styleUrl>#styleDaimonCIRCUITO43TRECHO</styleUrl><LineString><coordinates>-47.393910,-11.547400,0 -47.393887,-11.547364,0</coordinates></LineString></Placemark>
<Placemark><name>Suporte Chave 0351746091</name><styleUrl>#styleDaimonCIRCUITO43TRECHO</styleUrl><LineString><coordinates>-47.364479,-11.606863,0 -47.364522,-11.606908,0</coordinates></LineString></Placemark>
<Placemark><name>Suporte Chave 0300702091</name><styleUrl>#styleDaimonCIRCUITO43TRECHO</styleUrl><LineString><coordinates>-47.392223,-11.561518,0 -47.392308,-11.561514,0</coordinates></LineString></Placemark>
<Placemark><name>Suporte Chave 3300714091</name><styleUrl>#styleDaimonCIRCUITO43TRECHO</styleUrl><LineString><coordinates>-47.368597,-11.601621,0 -47.368515,-11.601559,0</coordinates></LineString></Placemark>
<Placemark><name>Suporte Chave 3100700091</name><styleUrl>#styleDaimonCIRCUITO43TRECHO</styleUrl><LineString><coordinates>-47.393906,-11.547737,0 -47.393956,-11.547651,0</coordinates></LineString></Placemark>
<Placemark><name>Suporte Chave 0300703091</name><styleUrl>#styleDaimonCIRCUITO43TRECHO</styleUrl><LineString><coordinates>-47.390879,-11.568486,0 -47.390917,-11.568492,0</coordinates></LineString></Placemark>
<Placemark><name>Suporte Chave 3336531091</name><styleUrl>#styleDaimonCIRCUITO43TRECHO</styleUrl><LineString><coordinates>-47.393757,-11.548764,0 -47.393706,-11.548781,0</coordinates></LineString></Placemark>
<Placemark><name>Suporte Chave 0339813091</name><styleUrl>#styleDaimonCIRCUITO43TRECHO</styleUrl><LineString><coordinates>-47.348131,-11.678128,0 -47.348119,-11.678240,0</coordinates></LineString></Placemark>
<Placemark><name>Suporte Chave 0315154091</name><styleUrl>#styleDaimonCIRCUITO43TRECHO</styleUrl><LineString><coordinates>-47.369169,-11.656975,0 -47.369276,-11.657008,0</coordinates></LineString></Placemark>
<Placemark><name>Suporte Chave 9001184091</name><styleUrl>#styleDaimonCIRCUITO43TRECHO</styleUrl><LineString><coordinates>-47.398512,-11.645492,0 -47.398513,-11.645496,0</coordinates></LineString></Placemark>
<Placemark><name>Suporte Chave 3330145091</name><styleUrl>#styleDaimonCIRCUITO43TRECHO</styleUrl><LineString><coordinates>-47.398653,-11.628988,0 -47.398712,-11.629006,0</coordinates></LineString></Placemark>
<Placemark><name>Suporte Chave 0325682091</name><styleUrl>#styleDaimonCIRCUITO43TRECHO</styleUrl><LineString><coordinates>-47.398714,-11.628913,0 -47.398797,-11.628800,0</coordinates></LineString></Placemark>
<Placemark><name>Suporte Chave 3310024091</name><styleUrl>#styleDaimonCIRCUITO43TRECHO</styleUrl><LineString><coordinates>-47.366147,-11.549315,0 -47.366122,-11.549313,0</coordinates></LineString></Placemark>
<Placemark><name>Suporte Chave 0300715091</name><styleUrl>#styleDaimonCIRCUITO43TRECHO</styleUrl><LineString><coordinates>-47.352827,-11.585246,0 -47.352776,-11.585199,0</coordinates></LineString></Placemark>
<Placemark><name>Suporte Chave 0351434091</name><styleUrl>#styleDaimonCIRCUITO43TRECHO</styleUrl><LineString><coordinates>-47.353706,-11.586051,0 -47.353782,-11.585986,0</coordinates></LineString></Placemark>
<Placemark><name>Suporte Chave 0310025091</name><styleUrl>#styleDaimonCIRCUITO43TRECHO</styleUrl><LineString><coordinates>-47.425270,-11.541569,0 -47.425307,-11.541701,0</coordinates></LineString></Placemark>
<Placemark><name>Suporte Chave 0300491091</name><styleUrl>#styleDaimonCIRCUITO43TRECHO</styleUrl><LineString><coordinates>-47.412060,-11.543884,0 -47.412053,-11.543775,0</coordinates></LineString></Placemark>
<Placemark><name>Suporte Chave 0300492091</name><styleUrl>#styleDaimonCIRCUITO43TRECHO</styleUrl><LineString><coordinates>-47.462204,-11.522354,0 -47.462287,-11.522291,0</coordinates></LineString></Placemark>
<Placemark><name>Suporte Chave 3126212028</name><styleUrl>#styleDaimonCIRCUITO43TRECHO</styleUrl><LineString><coordinates>-47.461150,-11.523267,0 -47.461208,-11.523349,0</coordinates></LineString></Placemark>
<Placemark><name>Suporte Chave 8836532091</name><styleUrl>#styleDaimonCIRCUITO43TRECHO</styleUrl><LineString><coordinates>-47.385976,-11.512373,0 -47.385898,-11.512310,0</coordinates></LineString></Placemark>
<Placemark><name>Suporte Chave 8843608028</name><styleUrl>#styleDaimonCIRCUITO43TRECHO</styleUrl><LineString><coordinates>-47.452869,-11.670053,0 -47.452919,-11.670100,0</coordinates></LineString></Placemark>
<Placemark><name>Suporte Chave PR32277091</name><styleUrl>#styleDaimonCIRCUITO43TRECHO</styleUrl><LineString><coordinates>-47.432951,-11.669643,0 -47.432952,-11.669639,0</coordinates></LineString></Placemark>
<Placemark><name>Suporte Chave 0310022091</name><styleUrl>#styleDaimonCIRCUITO43TRECHO</styleUrl><LineString><coordinates>-47.403944,-11.650292,0 -47.403914,-11.650374,0</coordinates></LineString></Placemark>
<Placemark><name>Suporte Chave 0300458091</name><styleUrl>#styleDaimonCIRCUITO43TRECHO</styleUrl><LineString><coordinates>-47.424485,-11.666928,0 -47.424490,-11.666911,0</coordinates></LineString></Placemark>
<Placemark><name>Suporte Chave 0336810091</name><styleUrl>#styleDaimonCIRCUITO43TRECHO</styleUrl><LineString><coordinates>-47.420378,-11.606941,0 -47.420483,-11.606952,0</coordinates></LineString></Placemark>
<Placemark><name>Suporte Chave 0350577091</name><styleUrl>#styleDaimonCIRCUITO43TRECHO</styleUrl><LineString><coordinates>-47.359812,-11.579905,0 -47.359828,-11.579848,0</coordinates></LineString></Placemark>
<Placemark><name>Suporte Chave 0310026028</name><styleUrl>#styleDaimonCIRCUITO43TRECHO</styleUrl><LineString><coordinates>-47.438656,-11.580963,0 -47.438636,-11.581072,0</coordinates></LineString></Placemark>
<Placemark><name>Suporte Chave 0300494091</name><styleUrl>#styleDaimonCIRCUITO43TRECHO</styleUrl><LineString><coordinates>-47.410571,-11.522809,0 -47.410542,-11.522713,0</coordinates></LineString></Placemark>
<Placemark><name>Suporte Chave 0326216028</name><styleUrl>#styleDaimonCIRCUITO43TRECHO</styleUrl><LineString><coordinates>-47.485015,-11.464925,0 -47.485056,-11.464904,0</coordinates></LineString></Placemark>
<Placemark><name>Suporte Chave 0326214028</name><styleUrl>#styleDaimonCIRCUITO43TRECHO</styleUrl><LineString><coordinates>-47.484228,-11.465284,0 -47.484230,-11.465259,0</coordinates></LineString></Placemark>
<Placemark><name>Suporte Chave 0328235028</name><styleUrl>#styleDaimonCIRCUITO43TRECHO</styleUrl><LineString><coordinates>-47.475957,-11.489471,0 -47.475882,-11.489469,0</coordinates></LineString></Placemark>
<Placemark><name>Suporte Chave 0334098028</name><styleUrl>#styleDaimonCIRCUITO43TRECHO</styleUrl><LineString><coordinates>-47.481805,-11.473809,0 -47.481744,-11.473798,0</coordinates></LineString></Placemark>
<Placemark><name>Suporte Chave 0300012028</name><styleUrl>#styleDaimonCIRCUITO43TRECHO</styleUrl><LineString><coordinates>-47.474371,-11.688792,0 -47.474469,-11.688724,0</coordinates></LineString></Placemark>
<Placemark><name>Suporte Chave PR32278091</name><styleUrl>#styleDaimonCIRCUITO43TRECHO</styleUrl><LineString><coordinates>-47.471001,-11.685865,0 -47.471004,-11.685863,0</coordinates></LineString></Placemark>
<Placemark><name>Suporte Chave 8800359028</name><styleUrl>#styleDaimonCIRCUITO43TRECHO</styleUrl><LineString><coordinates>-47.492669,-11.701513,0 -47.492705,-11.701561,0</coordinates></LineString></Placemark>
<Placemark><name>Suporte Chave 6820178028</name><styleUrl>#styleDaimonCIRCUITO43TRECHO</styleUrl><LineString><coordinates>-47.453368,-11.670513,0 -47.453389,-11.670492,0</coordinates></LineString></Placemark>
<Placemark><name>Suporte Chave 0310019091</name><styleUrl>#styleDaimonCIRCUITO43TRECHO</styleUrl><LineString><coordinates>-47.433251,-11.666972,0 -47.433362,-11.666923,0</coordinates></LineString></Placemark>
<Placemark><name>Suporte Chave 3332627091</name><styleUrl>#styleDaimonCIRCUITO43TRECHO</styleUrl><LineString><coordinates>-47.432313,-11.667306,0 -47.432360,-11.667239,0</coordinates></LineString></Placemark>
<Placemark><name>Suporte Chave 8841207028</name><styleUrl>#styleDaimonCIRCUITO43TRECHO</styleUrl><LineString><coordinates>-47.483202,-11.432668,0 -47.483240,-11.432748,0</coordinates></LineString></Placemark>
<Placemark><name>Suporte Chave 0342433028</name><styleUrl>#styleDaimonCIRCUITO43TRECHO</styleUrl><LineString><coordinates>-47.484762,-11.459586,0 -47.484759,-11.459609,0</coordinates></LineString></Placemark>
<Placemark><name>Suporte Chave 0300013028</name><styleUrl>#styleDaimonCIRCUITO43TRECHO</styleUrl><LineString><coordinates>-47.477647,-11.686771,0 -47.477759,-11.686711,0</coordinates></LineString></Placemark>
<Placemark><name>Suporte Chave 9000595028</name><styleUrl>#styleDaimonCIRCUITO43TRECHO</styleUrl><LineString><coordinates>-47.497493,-11.707800,0 -47.497496,-11.707801,0</coordinates></LineString></Placemark>
<Placemark><name>Suporte Chave 6733579028</name><styleUrl>#styleDaimonCIRCUITO43TRECHO</styleUrl><LineString><coordinates>-47.495811,-11.705612,0 -47.495908,-11.705491,0</coordinates></LineString></Placemark>
<Placemark><name>Suporte Chave 0300407028</name><styleUrl>#styleDaimonCIRCUITO43TRECHO</styleUrl><LineString><coordinates>-47.452796,-11.665148,0 -47.452803,-11.665145,0</coordinates></LineString></Placemark>
<Placemark><name>Suporte Chave 0200178028</name><styleUrl>#styleDaimonCIRCUITO43TRECHO</styleUrl><LineString><coordinates>-47.452132,-11.664084,0 -47.452131,-11.664077,0</coordinates></LineString></Placemark>
<Placemark><name>Suporte Chave 3328187028</name><styleUrl>#styleDaimonCIRCUITO43TRECHO</styleUrl><LineString><coordinates>-47.454593,-11.667843,0 -47.454692,-11.667809,0</coordinates></LineString></Placemark>
<Placemark><name>Suporte Chave 0341209028</name><styleUrl>#styleDaimonCIRCUITO43TRECHO</styleUrl><LineString><coordinates>-47.472094,-11.409889,0 -47.472136,-11.409992,0</coordinates></LineString></Placemark>
<Placemark><name>Suporte Chave 0357996028</name><styleUrl>#styleDaimonCIRCUITO43TRECHO</styleUrl><LineString><coordinates>-47.477825,-11.642013,0 -47.477851,-11.642053,0</coordinates></LineString></Placemark>
<Placemark><name>Suporte Chave 3332359091</name><styleUrl>#styleDaimonCIRCUITO43TRECHO</styleUrl><LineString><coordinates>-47.282262,-11.619599,0 -47.282265,-11.619601,0</coordinates></LineString></Placemark>
<Placemark><name>Suporte Chave 8009431091</name><styleUrl>#styleDaimonCIRCUITO43TRECHO</styleUrl><LineString><coordinates>-47.398468,-11.645525,0 -47.398473,-11.645525,0</coordinates></LineString></Placemark>
</Folder>
<Folder>
<name>RedeBT</name>
</Folder>
</Folder>
</Document>
</kml>