<?xml version="1.0" encoding="UTF-8"?>
<kml xmlns="http://www.opengis.net/kml/2.2" xmlns:gx="http://www.google.com/kml/ext/2.2" xmlns:kml="http://www.opengis.net/kml/2.2" xmlns:atom="http://www.w3.org/2005/Atom">
<Document>
<open>1</open>
<Style id="styleDaimonBarra0"><IconStyle><scale>1.00</scale><Icon><href>http://maps.google.com/mapfiles/kml/paddle/wht-blank.png</href></Icon><hotSpot x="32" y="1" xunits="pixels" yunits="pixels"/></IconStyle><LabelStyle><color>ffffffff</color><colorMode>normal</colorMode><scale>1.00</scale></LabelStyle><ListStyle><ItemIcon><href>http://maps.google.com/mapfiles/kml/paddle/wht-blank.png</href></ItemIcon></ListStyle></Style>
<Style id="styleDaimonBarra1"><IconStyle><scale>1.00</scale><Icon><href>http://maps.google.com/mapfiles/kml/paddle/wht-blank.png</href></Icon><hotSpot x="32" y="1" xunits="pixels" yunits="pixels"/></IconStyle><LabelStyle><color>ffffffff</color><colorMode>normal</colorMode><scale>1.00</scale></LabelStyle><ListStyle><ItemIcon><href>http://maps.google.com/mapfiles/kml/paddle/wht-blank.png</href></ItemIcon></ListStyle></Style>
<StyleMap id="mapDaimonBarra"><Pair><key>normal</key><styleUrl>#styleDaimonBarra0</styleUrl></Pair><Pair><key>highlight</key><styleUrl>#styleDaimonBarra1</styleUrl></Pair></StyleMap>
<Style id="styleDaimonBarraBT0"><IconStyle><scale>1.00</scale><Icon><href>http://maps.google.com/mapfiles/kml/paddle/wht-blank.png</href></Icon><hotSpot x="32" y="1" xunits="pixels" yunits="pixels"/></IconStyle><LabelStyle><color>ffffffff</color><colorMode>normal</colorMode><scale>1.00</scale></LabelStyle><ListStyle><ItemIcon><href>http://maps.google.com/mapfiles/kml/paddle/wht-blank.png</href></ItemIcon></ListStyle></Style>
<Style id="styleDaimonBarraBT1"><IconStyle><scale>1.00</scale><Icon><href>http://maps.google.com/mapfiles/kml/paddle/wht-blank.png</href></Icon><hotSpot x="32" y="1" xunits="pixels" yunits="pixels"/></IconStyle><LabelStyle><color>ffffffff</color><colorMode>normal</colorMode><scale>1.00</scale></LabelStyle><ListStyle><ItemIcon><href>http://maps.google.com/mapfiles/kml/paddle/wht-blank.png</href></ItemIcon></ListStyle></Style>
<StyleMap id="mapDaimonBarraBT"><Pair><key>normal</key><styleUrl>#styleDaimonBarraBT0</styleUrl></Pair><Pair><key>highlight</key><styleUrl>#styleDaimonBarraBT1</styleUrl></Pair></StyleMap>
<Style id="styleDaimonCapacitor0"><IconStyle><scale>1.00</scale><Icon><href>http://maps.google.com/mapfiles/kml/paddle/purple-blank.png</href></Icon><hotSpot x="32" y="1" xunits="pixels" yunits="pixels"/></IconStyle><LabelStyle><color>ffffffff</color><colorMode>normal</colorMode><scale>1.00</scale></LabelStyle><ListStyle><ItemIcon><href>http://maps.google.com/mapfiles/kml/paddle/purple-blank.png</href></ItemIcon></ListStyle></Style>
<Style id="styleDaimonCapacitor1"><IconStyle><scale>1.00</scale><Icon><href>http://maps.google.com/mapfiles/kml/paddle/purple-blank.png</href></Icon><hotSpot x="32" y="1" xunits="pixels" yunits="pixels"/></IconStyle><LabelStyle><color>ffffffff</color><colorMode>normal</colorMode><scale>1.00</scale></LabelStyle><ListStyle><ItemIcon><href>http://maps.google.com/mapfiles/kml/paddle/purple-blank.png</href></ItemIcon></ListStyle></Style>
<StyleMap id="mapDaimonCapacitor"><Pair><key>normal</key><styleUrl>#styleDaimonCapacitor0</styleUrl></Pair><Pair><key>highlight</key><styleUrl>#styleDaimonCapacitor1</styleUrl></Pair></StyleMap>
<Style id="styleDaimonCapacitorBT0"><IconStyle><scale>1.00</scale><Icon><href>http://maps.google.com/mapfiles/kml/paddle/purple-blank.png</href></Icon><hotSpot x="32" y="1" xunits="pixels" yunits="pixels"/></IconStyle><LabelStyle><color>ffffffff</color><colorMode>normal</colorMode><scale>1.00</scale></LabelStyle><ListStyle><ItemIcon><href>http://maps.google.com/mapfiles/kml/paddle/purple-blank.png</href></ItemIcon></ListStyle></Style>
<Style id="styleDaimonCapacitorBT1"><IconStyle><scale>1.00</scale><Icon><href>http://maps.google.com/mapfiles/kml/paddle/purple-blank.png</href></Icon><hotSpot x="32" y="1" xunits="pixels" yunits="pixels"/></IconStyle><LabelStyle><color>ffffffff</color><colorMode>normal</colorMode><scale>1.00</scale></LabelStyle><ListStyle><ItemIcon><href>http://maps.google.com/mapfiles/kml/paddle/purple-blank.png</href></ItemIcon></ListStyle></Style>
<StyleMap id="mapDaimonCapacitorBT"><Pair><key>normal</key><styleUrl>#styleDaimonCapacitorBT0</styleUrl></Pair><Pair><key>highlight</key><styleUrl>#styleDaimonCapacitorBT1</styleUrl></Pair></StyleMap>
<Style id="styleDaimonCapacitorSerie0"><IconStyle><scale>0.60</scale><Icon><href>http://maps.google.com/mapfiles/kml/paddle/purple-blank.png</href></Icon><hotSpot x="32" y="1" xunits="pixels" yunits="pixels"/></IconStyle><LabelStyle><color>ff00ffff</color><colorMode>normal</colorMode><scale>0.60</scale></LabelStyle><ListStyle><ItemIcon><href>http://maps.google.com/mapfiles/kml/paddle/purple-blank.png</href></ItemIcon></ListStyle></Style>
<Style id="styleDaimonCapacitorSerie1"><IconStyle><scale>0.60</scale><Icon><href>http://maps.google.com/mapfiles/kml/paddle/purple-blank.png</href></Icon><hotSpot x="32" y="1" xunits="pixels" yunits="pixels"/></IconStyle><LabelStyle><color>ff00ffff</color><colorMode>normal</colorMode><scale>0.60</scale></LabelStyle><ListStyle><ItemIcon><href>http://maps.google.com/mapfiles/kml/paddle/purple-blank.png</href></ItemIcon></ListStyle></Style>
<StyleMap id="mapDaimonCapacitorSerie"><Pair><key>normal</key><styleUrl>#styleDaimonCapacitorSerie0</styleUrl></Pair><Pair><key>highlight</key><styleUrl>#styleDaimonCapacitorSerie1</styleUrl></Pair></StyleMap>
<Style id="styleDaimonChave0"><IconStyle><scale>0.60</scale><Icon><href>http://maps.google.com/mapfiles/kml/paddle/red-circle.png</href></Icon><hotSpot x="32" y="1" xunits="pixels" yunits="pixels"/></IconStyle><LabelStyle><color>ff0000ff</color><colorMode>normal</colorMode><scale>0.60</scale></LabelStyle><ListStyle><ItemIcon><href>http://maps.google.com/mapfiles/kml/paddle/red-circle.png</href></ItemIcon></ListStyle></Style>
<Style id="styleDaimonChave1"><IconStyle><scale>0.60</scale><Icon><href>http://maps.google.com/mapfiles/kml/paddle/red-circle.png</href></Icon><hotSpot x="32" y="1" xunits="pixels" yunits="pixels"/></IconStyle><LabelStyle><color>ff0000ff</color><colorMode>normal</colorMode><scale>0.60</scale></LabelStyle><ListStyle><ItemIcon><href>http://maps.google.com/mapfiles/kml/paddle/red-circle.png</href></ItemIcon></ListStyle></Style>
<StyleMap id="mapDaimonChave"><Pair><key>normal</key><styleUrl>#styleDaimonChave0</styleUrl></Pair><Pair><key>highlight</key><styleUrl>#styleDaimonChave1</styleUrl></Pair></StyleMap>
<Style id="styleDaimonEP0"><IconStyle><scale>0.80</scale><Icon><href>http://maps.google.com/mapfiles/kml/paddle/ylw-circle.png</href></Icon><hotSpot x="32" y="1" xunits="pixels" yunits="pixels"/></IconStyle><LabelStyle><color>ff00ffff</color><colorMode>normal</colorMode><scale>0.80</scale></LabelStyle><ListStyle><ItemIcon><href>http://maps.google.com/mapfiles/kml/paddle/ylw-circle.png</href></ItemIcon></ListStyle></Style>
<Style id="styleDaimonEP1"><IconStyle><scale>0.80</scale><Icon><href>http://maps.google.com/mapfiles/kml/paddle/ylw-circle.png</href></Icon><hotSpot x="32" y="1" xunits="pixels" yunits="pixels"/></IconStyle><LabelStyle><color>ff00ffff</color><colorMode>normal</colorMode><scale>0.80</scale></LabelStyle><ListStyle><ItemIcon><href>http://maps.google.com/mapfiles/kml/paddle/ylw-circle.png</href></ItemIcon></ListStyle></Style>
<StyleMap id="mapDaimonEP"><Pair><key>normal</key><styleUrl>#styleDaimonEP0</styleUrl></Pair><Pair><key>highlight</key><styleUrl>#styleDaimonEP1</styleUrl></Pair></StyleMap>
<Style id="styleDaimonET0"><IconStyle><scale>0.80</scale><Icon><href>http://maps.google.com/mapfiles/kml/paddle/blu-blank.png</href></Icon><hotSpot x="32" y="1" xunits="pixels" yunits="pixels"/></IconStyle><LabelStyle><color>ffffff00</color><colorMode>normal</colorMode><scale>0.80</scale></LabelStyle><ListStyle><ItemIcon><href>http://maps.google.com/mapfiles/kml/paddle/blu-blank.png</href></ItemIcon></ListStyle></Style>
<Style id="styleDaimonET1"><IconStyle><scale>0.80</scale><Icon><href>http://maps.google.com/mapfiles/kml/paddle/blu-blank.png</href></Icon><hotSpot x="32" y="1" xunits="pixels" yunits="pixels"/></IconStyle><LabelStyle><color>ffffff00</color><colorMode>normal</colorMode><scale>0.80</scale></LabelStyle><ListStyle><ItemIcon><href>http://maps.google.com/mapfiles/kml/paddle/blu-blank.png</href></ItemIcon></ListStyle></Style>
<StyleMap id="mapDaimonET"><Pair><key>normal</key><styleUrl>#styleDaimonET0</styleUrl></Pair><Pair><key>highlight</key><styleUrl>#styleDaimonET1</styleUrl></Pair></StyleMap>
<Style id="styleDaimonGerador0"><IconStyle><scale>1.00</scale><Icon><href>http://maps.google.com/mapfiles/kml/paddle/orange-diamond.png</href></Icon><hotSpot x="32" y="1" xunits="pixels" yunits="pixels"/></IconStyle><LabelStyle><color>ffffffff</color><colorMode>normal</colorMode><scale>1.00</scale></LabelStyle><ListStyle><ItemIcon><href>http://maps.google.com/mapfiles/kml/paddle/orange-diamond.png</href></ItemIcon></ListStyle></Style>
<Style id="styleDaimonGerador1"><IconStyle><scale>1.00</scale><Icon><href>http://maps.google.com/mapfiles/kml/paddle/orange-diamond.png</href></Icon><hotSpot x="32" y="1" xunits="pixels" yunits="pixels"/></IconStyle><LabelStyle><color>ffffffff</color><colorMode>normal</colorMode><scale>1.00</scale></LabelStyle><ListStyle><ItemIcon><href>http://maps.google.com/mapfiles/kml/paddle/orange-diamond.png</href></ItemIcon></ListStyle></Style>
<StyleMap id="mapDaimonGerador"><Pair><key>normal</key><styleUrl>#styleDaimonGerador0</styleUrl></Pair><Pair><key>highlight</key><styleUrl>#styleDaimonGerador1</styleUrl></Pair></StyleMap>
<Style id="styleDaimonReator0"><IconStyle><scale>1.00</scale><Icon><href>http://maps.google.com/mapfiles/kml/paddle/wht-square.png</href></Icon><hotSpot x="32" y="1" xunits="pixels" yunits="pixels"/></IconStyle><LabelStyle><color>ff00ffff</color><colorMode>normal</colorMode><scale>1.00</scale></LabelStyle><ListStyle><ItemIcon><href>http://maps.google.com/mapfiles/kml/paddle/wht-square.png</href></ItemIcon></ListStyle></Style>
<Style id="styleDaimonReator1"><IconStyle><scale>1.00</scale><Icon><href>http://maps.google.com/mapfiles/kml/paddle/wht-square.png</href></Icon><hotSpot x="32" y="1" xunits="pixels" yunits="pixels"/></IconStyle><LabelStyle><color>ff00ffff</color><colorMode>normal</colorMode><scale>1.00</scale></LabelStyle><ListStyle><ItemIcon><href>http://maps.google.com/mapfiles/kml/paddle/wht-square.png</href></ItemIcon></ListStyle></Style>
<StyleMap id="mapDaimonReator"><Pair><key>normal</key><styleUrl>#styleDaimonReator0</styleUrl></Pair><Pair><key>highlight</key><styleUrl>#styleDaimonReator1</styleUrl></Pair></StyleMap>
<Style id="styleDaimonRegulador0"><IconStyle><scale>1.00</scale><Icon><href>http://maps.google.com/mapfiles/kml/paddle/orange-diamond.png</href></Icon><hotSpot x="32" y="1" xunits="pixels" yunits="pixels"/></IconStyle><LabelStyle><color>ff00a5ff</color><colorMode>normal</colorMode><scale>1.00</scale></LabelStyle><ListStyle><ItemIcon><href>http://maps.google.com/mapfiles/kml/paddle/orange-diamond.png</href></ItemIcon></ListStyle></Style>
<Style id="styleDaimonRegulador1"><IconStyle><scale>1.00</scale><Icon><href>http://maps.google.com/mapfiles/kml/paddle/orange-diamond.png</href></Icon><hotSpot x="32" y="1" xunits="pixels" yunits="pixels"/></IconStyle><LabelStyle><color>ff00a5ff</color><colorMode>normal</colorMode><scale>1.00</scale></LabelStyle><ListStyle><ItemIcon><href>http://maps.google.com/mapfiles/kml/paddle/orange-diamond.png</href></ItemIcon></ListStyle></Style>
<StyleMap id="mapDaimonRegulador"><Pair><key>normal</key><styleUrl>#styleDaimonRegulador0</styleUrl></Pair><Pair><key>highlight</key><styleUrl>#styleDaimonRegulador1</styleUrl></Pair></StyleMap>
<Style id="styleDaimonTransformador0"><IconStyle><scale>1.00</scale><Icon><href>http://maps.google.com/mapfiles/kml/paddle/pink-circle.png</href></Icon><hotSpot x="32" y="1" xunits="pixels" yunits="pixels"/></IconStyle><LabelStyle><color>ffff00ff</color><colorMode>normal</colorMode><scale>1.00</scale></LabelStyle><ListStyle><ItemIcon><href>http://maps.google.com/mapfiles/kml/paddle/pink-circle.png</href></ItemIcon></ListStyle></Style>
<Style id="styleDaimonTransformador1"><IconStyle><scale>1.00</scale><Icon><href>http://maps.google.com/mapfiles/kml/paddle/pink-circle.png</href></Icon><hotSpot x="32" y="1" xunits="pixels" yunits="pixels"/></IconStyle><LabelStyle><color>ffff00ff</color><colorMode>normal</colorMode><scale>1.00</scale></LabelStyle><ListStyle><ItemIcon><href>http://maps.google.com/mapfiles/kml/paddle/pink-circle.png</href></ItemIcon></ListStyle></Style>
<StyleMap id="mapDaimonTransformador"><Pair><key>normal</key><styleUrl>#styleDaimonTransformador0</styleUrl></Pair><Pair><key>highlight</key><styleUrl>#styleDaimonTransformador1</styleUrl></Pair></StyleMap>
<Style id="styleDaimonTrecho"><LineStyle><color>ffffffff</color><width>1.00</width></LineStyle></Style>
<Style id="styleDaimonTrechoBT"><LineStyle><color>ffff0000</color><width>1.00</width></LineStyle></Style>
<Style id="styleDaimonChaveNA0"><IconStyle><scale>0.60</scale><Icon><href>http://maps.google.com/mapfiles/kml/paddle/grn-blank.png</href></Icon><hotSpot x="32" y="1" xunits="pixels" yunits="pixels"/></IconStyle><LabelStyle><color>ff00ff00</color><colorMode>normal</colorMode><scale>0.60</scale></LabelStyle><ListStyle><ItemIcon><href>http://maps.google.com/mapfiles/kml/paddle/grn-blank.png</href></ItemIcon></ListStyle></Style>
<Style id="styleDaimonChaveNA1"><IconStyle><scale>0.60</scale><Icon><href>http://maps.google.com/mapfiles/kml/paddle/grn-blank.png</href></Icon><hotSpot x="32" y="1" xunits="pixels" yunits="pixels"/></IconStyle><LabelStyle><color>ff00ff00</color><colorMode>normal</colorMode><scale>0.60</scale></LabelStyle><ListStyle><ItemIcon><href>http://maps.google.com/mapfiles/kml/paddle/grn-blank.png</href></ItemIcon></ListStyle></Style>
<StyleMap id="mapDaimonChaveNA"><Pair><key>normal</key><styleUrl>#styleDaimonChaveNA0</styleUrl></Pair><Pair><key>highlight</key><styleUrl>#styleDaimonChaveNA1</styleUrl></Pair></StyleMap>
<Style id="styleDaimonChaveSoco0"><IconStyle><scale>0.60</scale><Icon><href>http://maps.google.com/mapfiles/kml/paddle/grn-blank.png</href></Icon><hotSpot x="32" y="1" xunits="pixels" yunits="pixels"/></IconStyle><LabelStyle><color>ff00ff00</color><colorMode>normal</colorMode><scale>0.60</scale></LabelStyle><ListStyle><ItemIcon><href>http://maps.google.com/mapfiles/kml/paddle/grn-blank.png</href></ItemIcon></ListStyle></Style>
<Style id="styleDaimonChaveSoco1"><IconStyle><scale>0.60</scale><Icon><href>http://maps.google.com/mapfiles/kml/paddle/grn-blank.png</href></Icon><hotSpot x="32" y="1" xunits="pixels" yunits="pixels"/></IconStyle><LabelStyle><color>ff00ff00</color><colorMode>normal</colorMode><scale>0.60</scale></LabelStyle><ListStyle><ItemIcon><href>http://maps.google.com/mapfiles/kml/paddle/grn-blank.png</href></ItemIcon></ListStyle></Style>
<StyleMap id="mapDaimonChaveSoco"><Pair><key>normal</key><styleUrl>#styleDaimonChaveSoco0</styleUrl></Pair><Pair><key>highlight</key><styleUrl>#styleDaimonChaveSoco1</styleUrl></Pair></StyleMap>
<Style id="styleDaimonSE0"><IconStyle><scale>1.20</scale><Icon><href>http://maps.google.com/mapfiles/kml/paddle/wht-circle.png</href></Icon><hotSpot x="32" y="1" xunits="pixels" yunits="pixels"/></IconStyle><LabelStyle><color>ffffffff</color><colorMode>normal</colorMode><scale>1.20</scale></LabelStyle><ListStyle><ItemIcon><href>http://maps.google.com/mapfiles/kml/paddle/wht-circle.png</href></ItemIcon></ListStyle></Style>
<Style id="styleDaimonSE1"><IconStyle><scale>1.20</scale><Icon><href>http://maps.google.com/mapfiles/kml/paddle/wht-circle.png</href></Icon><hotSpot x="32" y="1" xunits="pixels" yunits="pixels"/></IconStyle><LabelStyle><color>ffffffff</color><colorMode>normal</colorMode><scale>1.20</scale></LabelStyle><ListStyle><ItemIcon><href>http://maps.google.com/mapfiles/kml/paddle/wht-circle.png</href></ItemIcon></ListStyle></Style>
<StyleMap id="mapDaimonSE"><Pair><key>normal</key><styleUrl>#styleDaimonSE0</styleUrl></Pair><Pair><key>highlight</key><styleUrl>#styleDaimonSE1</styleUrl></Pair></StyleMap>
<Style id="styleDaimonDiag_BOM"><LineStyle><color>ff80ff80</color><width>3.20</width></LineStyle></Style>
<Style id="styleDaimonDiag_REGULAR"><LineStyle><color>ff00ffff</color><width>3.20</width></LineStyle></Style>
<Style id="styleDaimonDiag_RUIM"><LineStyle><color>ff0000ff</color><width>3.20</width></LineStyle></Style>
<Style id="styleDaimonDiag_INDEF"><LineStyle><color>ff808080</color><width>3.20</width></LineStyle></Style>
<Style id="styleDaimonDiag_BARRA_BOM0"><IconStyle><scale>0.60</scale><Icon><href>http://maps.google.com/mapfiles/kml/paddle/grn-blank.png</href></Icon><hotSpot x="32" y="1" xunits="pixels" yunits="pixels"/></IconStyle><LabelStyle><color>ffffffff</color><colorMode>normal</colorMode><scale>0.60</scale></LabelStyle><ListStyle><ItemIcon><href>http://maps.google.com/mapfiles/kml/paddle/grn-blank.png</href></ItemIcon></ListStyle></Style>
<Style id="styleDaimonDiag_BARRA_BOM1"><IconStyle><scale>0.60</scale><Icon><href>http://maps.google.com/mapfiles/kml/paddle/grn-blank.png</href></Icon><hotSpot x="32" y="1" xunits="pixels" yunits="pixels"/></IconStyle><LabelStyle><color>ffffffff</color><colorMode>normal</colorMode><scale>0.60</scale></LabelStyle><ListStyle><ItemIcon><href>http://maps.google.com/mapfiles/kml/paddle/grn-blank.png</href></ItemIcon></ListStyle></Style>
<StyleMap id="mapDaimonDiag_BARRA_BOM"><Pair><key>normal</key><styleUrl>#styleDaimonDiag_BARRA_BOM0</styleUrl></Pair><Pair><key>highlight</key><styleUrl>#styleDaimonDiag_BARRA_BOM1</styleUrl></Pair></StyleMap>
<Style id="styleDaimonDiag_BARRA_REGULAR0"><IconStyle><scale>0.60</scale><Icon><href>http://maps.google.com/mapfiles/kml/paddle/ylw-blank.png</href></Icon><hotSpot x="32" y="1" xunits="pixels" yunits="pixels"/></IconStyle><LabelStyle><color>ffffffff</color><colorMode>normal</colorMode><scale>0.60</scale></LabelStyle><ListStyle><ItemIcon><href>http://maps.google.com/mapfiles/kml/paddle/ylw-blank.png</href></ItemIcon></ListStyle></Style>
<Style id="styleDaimonDiag_BARRA_REGULAR1"><IconStyle><scale>0.60</scale><Icon><href>http://maps.google.com/mapfiles/kml/paddle/ylw-blank.png</href></Icon><hotSpot x="32" y="1" xunits="pixels" yunits="pixels"/></IconStyle><LabelStyle><color>ffffffff</color><colorMode>normal</colorMode><scale>0.60</scale></LabelStyle><ListStyle><ItemIcon><href>http://maps.google.com/mapfiles/kml/paddle/ylw-blank.png</href></ItemIcon></ListStyle></Style>
<StyleMap id="mapDaimonDiag_BARRA_REGULAR"><Pair><key>normal</key><styleUrl>#styleDaimonDiag_BARRA_REGULAR0</styleUrl></Pair><Pair><key>highlight</key><styleUrl>#styleDaimonDiag_BARRA_REGULAR1</styleUrl></Pair></StyleMap>
<Style id="styleDaimonDiag_BARRA_RUIM0"><IconStyle><scale>0.60</scale><Icon><href>http://maps.google.com/mapfiles/kml/paddle/red-blank.png</href></Icon><hotSpot x="32" y="1" xunits="pixels" yunits="pixels"/></IconStyle><LabelStyle><color>ffffffff</color><colorMode>normal</colorMode><scale>0.60</scale></LabelStyle><ListStyle><ItemIcon><href>http://maps.google.com/mapfiles/kml/paddle/red-blank.png</href></ItemIcon></ListStyle></Style>
<Style id="styleDaimonDiag_BARRA_RUIM1"><IconStyle><scale>0.60</scale><Icon><href>http://maps.google.com/mapfiles/kml/paddle/red-blank.png</href></Icon><hotSpot x="32" y="1" xunits="pixels" yunits="pixels"/></IconStyle><LabelStyle><color>ffffffff</color><colorMode>normal</colorMode><scale>0.60</scale></LabelStyle><ListStyle><ItemIcon><href>http://maps.google.com/mapfiles/kml/paddle/red-blank.png</href></ItemIcon></ListStyle></Style>
<StyleMap id="mapDaimonDiag_BARRA_RUIM"><Pair><key>normal</key><styleUrl>#styleDaimonDiag_BARRA_RUIM0</styleUrl></Pair><Pair><key>highlight</key><styleUrl>#styleDaimonDiag_BARRA_RUIM1</styleUrl></Pair></StyleMap>
<Style id="styleDaimonDiag_BARRA_INDEF0"><IconStyle><scale>0.60</scale><Icon><href>http://maps.google.com/mapfiles/kml/paddle/wht-blank.png</href></Icon><hotSpot x="32" y="1" xunits="pixels" yunits="pixels"/></IconStyle><LabelStyle><color>ffffffff</color><colorMode>normal</colorMode><scale>0.60</scale></LabelStyle><ListStyle><ItemIcon><href>http://maps.google.com/mapfiles/kml/paddle/wht-blank.png</href></ItemIcon></ListStyle></Style>
<Style id="styleDaimonDiag_BARRA_INDEF1"><IconStyle><scale>0.60</scale><Icon><href>http://maps.google.com/mapfiles/kml/paddle/wht-blank.png</href></Icon><hotSpot x="32" y="1" xunits="pixels" yunits="pixels"/></IconStyle><LabelStyle><color>ffffffff</color><colorMode>normal</colorMode><scale>0.60</scale></LabelStyle><ListStyle><ItemIcon><href>http://maps.google.com/mapfiles/kml/paddle/wht-blank.png</href></ItemIcon></ListStyle></Style>
<StyleMap id="mapDaimonDiag_BARRA_INDEF"><Pair><key>normal</key><styleUrl>#styleDaimonDiag_BARRA_INDEF0</styleUrl></Pair><Pair><key>highlight</key><styleUrl>#styleDaimonDiag_BARRA_INDEF1</styleUrl></Pair></StyleMap>
<Style id="styleDaimonMONO"><LineStyle><color>ff0000ff</color><width>2.00</width></LineStyle></Style>
<Style id="styleDaimonBI"><LineStyle><color>ff00ff00</color><width>2.00</width></LineStyle></Style>
<Style id="styleDaimonTRI"><LineStyle><color>ffff0000</color><width>2.00</width></LineStyle></Style>
<Style id="styleDaimonMONO_BT"><LineStyle><color>ffffff00</color><width>1.00</width></LineStyle></Style>
<Style id="styleDaimonBI_BT"><LineStyle><color>ffff00ff</color><width>1.00</width></LineStyle></Style>
<Style id="styleDaimonTRI_BT"><LineStyle><color>ff00ffff</color><width>1.00</width></LineStyle></Style>
<Style id="styleDaimonCIRCUITO173TRECHO"><LineStyle><color>ffff8000</color><width>2.00</width></LineStyle></Style>
<Style id="styleDaimonFolderCirc_AL01036052"><ListStyle><bgColor>ffff8000</bgColor></ListStyle></Style>
<Folder>
<name>Circ_AL01036052</name>
<styleUrl>#styleDaimonFolderCirc_AL01036052</styleUrl><Folder>
<name>Capacitor</name>
<visibility>0</visibility>
<Placemark><name>5900129052</name><visibility>0</visibility><LookAt><longitude>-49.532078</longitude><latitude>-11.807291</latitude><altitude>1200.0</altitude><altitudeMode>absolute</altitudeMode></LookAt><styleUrl>#mapDaimonCapacitor</styleUrl><Point><coordinates>-49.532078,-11.807291,0</coordinates></Point></Placemark>
</Folder>
<Folder>
<name>CapacitorSerie</name>
<visibility>0</visibility>
</Folder>
<Folder>
<name>Chave</name>
<visibility>0</visibility>
<Placemark><name>DJ_AL01036052_FICT</name><visibility>0</visibility><LookAt><longitude>-49.564217</longitude><latitude>-11.803545</latitude><altitude>1200.0</altitude><altitudeMode>absolute</altitudeMode></LookAt><styleUrl>#mapDaimonChave</styleUrl><Point><coordinates>-49.564217,-11.803545,0</coordinates></Point></Placemark>
<Placemark><name>8800001052</name><visibility>0</visibility><LookAt><longitude>-49.563843</longitude><latitude>-11.803285</latitude><altitude>1200.0</altitude><altitudeMode>absolute</altitudeMode></LookAt><styleUrl>#mapDaimonChave</styleUrl><Point><coordinates>-49.563843,-11.803285,0</coordinates></Point></Placemark>
<Placemark><name>8800119052</name><visibility>0</visibility><LookAt><longitude>-49.554502</longitude><latitude>-11.804375</latitude><altitude>1200.0</altitude><altitudeMode>absolute</altitudeMode></LookAt><styleUrl>#mapDaimonChave</styleUrl><Point><coordinates>-49.554502,-11.804375,0</coordinates></Point></Placemark>
<Placemark><name>0200121052</name><visibility>0</visibility><LookAt><longitude>-49.556263</longitude><latitude>-11.804398</latitude><altitude>1200.0</altitude><altitudeMode>absolute</altitudeMode></LookAt><styleUrl>#mapDaimonChave</styleUrl><Point><coordinates>-49.556263,-11.804398,0</coordinates></Point></Placemark>
<Placemark><name>0300120052</name><visibility>0</visibility><LookAt><longitude>-49.555836</longitude><latitude>-11.804417</latitude><altitude>1200.0</altitude><altitudeMode>absolute</altitudeMode></LookAt><styleUrl>#mapDaimonChave</styleUrl><Point><coordinates>-49.555836,-11.804417,0</coordinates></Point></Placemark>
<Placemark><name>3360771052</name><visibility>0</visibility><LookAt><longitude>-49.538900</longitude><latitude>-11.806672</latitude><altitude>1200.0</altitude><altitudeMode>absolute</altitudeMode></LookAt><styleUrl>#mapDaimonChave</styleUrl><Point><coordinates>-49.538900,-11.806672,0</coordinates></Point></Placemark>
<Placemark><name>0300005052</name><visibility>0</visibility><LookAt><longitude>-49.536512</longitude><latitude>-11.807739</latitude><altitude>1200.0</altitude><altitudeMode>absolute</altitudeMode></LookAt><styleUrl>#mapDaimonChave</styleUrl><Point><coordinates>-49.536512,-11.807739,0</coordinates></Point></Placemark>
<Placemark><name>0300007052</name><visibility>0</visibility><LookAt><longitude>-49.534851</longitude><latitude>-11.808674</latitude><altitude>1200.0</altitude><altitudeMode>absolute</altitudeMode></LookAt><styleUrl>#mapDaimonChave</styleUrl><Point><coordinates>-49.534851,-11.808674,0</coordinates></Point></Placemark>
<Placemark><name>8800013052</name><visibility>0</visibility><LookAt><longitude>-49.534002</longitude><latitude>-11.809016</latitude><altitude>1200.0</altitude><altitudeMode>absolute</altitudeMode></LookAt><styleUrl>#mapDaimonChave</styleUrl><Point><coordinates>-49.534002,-11.809016,0</coordinates></Point></Placemark>
<Placemark><name>0300122052</name><visibility>0</visibility><LookAt><longitude>-49.556674</longitude><latitude>-11.808043</latitude><altitude>1200.0</altitude><altitudeMode>absolute</altitudeMode></LookAt><styleUrl>#mapDaimonChave</styleUrl><Point><coordinates>-49.556674,-11.808043,0</coordinates></Point></Placemark>
<Placemark><name>0200143052</name><visibility>0</visibility><LookAt><longitude>-49.557977</longitude><latitude>-11.812285</latitude><altitude>1200.0</altitude><altitudeMode>absolute</altitudeMode></LookAt><styleUrl>#mapDaimonChave</styleUrl><Point><coordinates>-49.557977,-11.812285,0</coordinates></Point></Placemark>
<Placemark><name>0346340052</name><visibility>0</visibility><LookAt><longitude>-49.556349</longitude><latitude>-11.805923</latitude><altitude>1200.0</altitude><altitudeMode>absolute</altitudeMode></LookAt><styleUrl>#mapDaimonChave</styleUrl><Point><coordinates>-49.556349,-11.805923,0</coordinates></Point></Placemark>
<Placemark><name>7901279052</name><visibility>0</visibility><LookAt><longitude>-49.539291</longitude><latitude>-11.807763</latitude><altitude>1200.0</altitude><altitudeMode>absolute</altitudeMode></LookAt><styleUrl>#mapDaimonChave</styleUrl><Point><coordinates>-49.539291,-11.807763,0</coordinates></Point></Placemark>
<Placemark><name>0355718052</name><visibility>0</visibility><LookAt><longitude>-49.536529</longitude><latitude>-11.806962</latitude><altitude>1200.0</altitude><altitudeMode>absolute</altitudeMode></LookAt><styleUrl>#mapDaimonChave</styleUrl><Point><coordinates>-49.536529,-11.806962,0</coordinates></Point></Placemark>
<Placemark><name>0300166052</name><visibility>0</visibility><LookAt><longitude>-49.538070</longitude><latitude>-11.816133</latitude><altitude>1200.0</altitude><altitudeMode>absolute</altitudeMode></LookAt><styleUrl>#mapDaimonChave</styleUrl><Point><coordinates>-49.538070,-11.816133,0</coordinates></Point></Placemark>
<Placemark><name>0201496052</name><visibility>0</visibility><LookAt><longitude>-49.537946</longitude><latitude>-11.815929</latitude><altitude>1200.0</altitude><altitudeMode>absolute</altitudeMode></LookAt><styleUrl>#mapDaimonChave</styleUrl><Point><coordinates>-49.537946,-11.815929,0</coordinates></Point></Placemark>
<Placemark><name>0300009052</name><visibility>0</visibility><LookAt><longitude>-49.534659</longitude><latitude>-11.813840</latitude><altitude>1200.0</altitude><altitudeMode>absolute</altitudeMode></LookAt><styleUrl>#mapDaimonChave</styleUrl><Point><coordinates>-49.534659,-11.813840,0</coordinates></Point></Placemark>
<Placemark><name>0200011052</name><visibility>0</visibility><LookAt><longitude>-49.537587</longitude><latitude>-11.815415</latitude><altitude>1200.0</altitude><altitudeMode>absolute</altitudeMode></LookAt><styleUrl>#mapDaimonChave</styleUrl><Point><coordinates>-49.537587,-11.815415,0</coordinates></Point></Placemark>
<Placemark><name>0301647052</name><visibility>0</visibility><LookAt><longitude>-49.538154</longitude><latitude>-11.816229</latitude><altitude>1200.0</altitude><altitudeMode>absolute</altitudeMode></LookAt><styleUrl>#mapDaimonChave</styleUrl><Point><coordinates>-49.538154,-11.816229,0</coordinates></Point></Placemark>
<Placemark><name>0300017052</name><visibility>0</visibility><LookAt><longitude>-49.530968</longitude><latitude>-11.806058</latitude><altitude>1200.0</altitude><altitudeMode>absolute</altitudeMode></LookAt><styleUrl>#mapDaimonChave</styleUrl><Point><coordinates>-49.530968,-11.806058,0</coordinates></Point></Placemark>
<Placemark><name>0300089052</name><visibility>0</visibility><LookAt><longitude>-49.528198</longitude><latitude>-11.809936</latitude><altitude>1200.0</altitude><altitudeMode>absolute</altitudeMode></LookAt><styleUrl>#mapDaimonChave</styleUrl><Point><coordinates>-49.528198,-11.809936,0</coordinates></Point></Placemark>
<Placemark><name>0300015052</name><visibility>0</visibility><LookAt><longitude>-49.531281</longitude><latitude>-11.805822</latitude><altitude>1200.0</altitude><altitudeMode>absolute</altitudeMode></LookAt><styleUrl>#mapDaimonChave</styleUrl><Point><coordinates>-49.531281,-11.805822,0</coordinates></Point></Placemark>
<Placemark><name>9025077052</name><visibility>0</visibility><LookAt><longitude>-49.526024</longitude><latitude>-11.809432</latitude><altitude>1200.0</altitude><altitudeMode>absolute</altitudeMode></LookAt><styleUrl>#mapDaimonChave</styleUrl><Point><coordinates>-49.526024,-11.809432,0</coordinates></Point></Placemark>
<Placemark><name>0300129052</name><visibility>0</visibility><LookAt><longitude>-49.532053</longitude><latitude>-11.807296</latitude><altitude>1200.0</altitude><altitudeMode>absolute</altitudeMode></LookAt><styleUrl>#mapDaimonChave</styleUrl><Point><coordinates>-49.532053,-11.807296,0</coordinates></Point></Placemark>
<Placemark><name>0300123052</name><visibility>0</visibility><LookAt><longitude>-49.555704</longitude><latitude>-11.808042</latitude><altitude>1200.0</altitude><altitudeMode>absolute</altitudeMode></LookAt><styleUrl>#mapDaimonChave</styleUrl><Point><coordinates>-49.555704,-11.808042,0</coordinates></Point></Placemark>
<Placemark><name>0364491052</name><visibility>0</visibility><LookAt><longitude>-49.544056</longitude><latitude>-11.817467</latitude><altitude>1200.0</altitude><altitudeMode>absolute</altitudeMode></LookAt><styleUrl>#mapDaimonChave</styleUrl><Point><coordinates>-49.544056,-11.817467,0</coordinates></Point></Placemark>
<Placemark><name>0364496052</name><visibility>0</visibility><LookAt><longitude>-49.559427</longitude><latitude>-11.864899</latitude><altitude>1200.0</altitude><altitudeMode>absolute</altitudeMode></LookAt><styleUrl>#mapDaimonChave</styleUrl><Point><coordinates>-49.559427,-11.864899,0</coordinates></Point></Placemark>
<Placemark><name>0364497052</name><visibility>0</visibility><LookAt><longitude>-49.559019</longitude><latitude>-11.864405</latitude><altitude>1200.0</altitude><altitudeMode>absolute</altitudeMode></LookAt><styleUrl>#mapDaimonChave</styleUrl><Point><coordinates>-49.559019,-11.864405,0</coordinates></Point></Placemark>
<Placemark><name>0364490052</name><visibility>0</visibility><LookAt><longitude>-49.539762</longitude><latitude>-11.809517</latitude><altitude>1200.0</altitude><altitudeMode>absolute</altitudeMode></LookAt><styleUrl>#mapDaimonChave</styleUrl><Point><coordinates>-49.539762,-11.809517,0</coordinates></Point></Placemark>
<Placemark><name>0364489052</name><visibility>0</visibility><LookAt><longitude>-49.547055</longitude><latitude>-11.832572</latitude><altitude>1200.0</altitude><altitudeMode>absolute</altitudeMode></LookAt><styleUrl>#mapDaimonChave</styleUrl><Point><coordinates>-49.547055,-11.832572,0</coordinates></Point></Placemark>
<Placemark><name>0364494052</name><visibility>0</visibility><LookAt><longitude>-49.549924</longitude><latitude>-11.843573</latitude><altitude>1200.0</altitude><altitudeMode>absolute</altitudeMode></LookAt><styleUrl>#mapDaimonChave</styleUrl><Point><coordinates>-49.549924,-11.843573,0</coordinates></Point></Placemark>
<Placemark><name>0361598052</name><visibility>0</visibility><LookAt><longitude>-49.542999</longitude><latitude>-11.816708</latitude><altitude>1200.0</altitude><altitudeMode>absolute</altitudeMode></LookAt><styleUrl>#mapDaimonChave</styleUrl><Point><coordinates>-49.542999,-11.816708,0</coordinates></Point></Placemark>
<Placemark><name>0364487052</name><visibility>0</visibility><LookAt><longitude>-49.560068</longitude><latitude>-11.865662</latitude><altitude>1200.0</altitude><altitudeMode>absolute</altitudeMode></LookAt><styleUrl>#mapDaimonChave</styleUrl><Point><coordinates>-49.560068,-11.865662,0</coordinates></Point></Placemark>
<Placemark><name>0364493052</name><visibility>0</visibility><LookAt><longitude>-49.549911</longitude><latitude>-11.843672</latitude><altitude>1200.0</altitude><altitudeMode>absolute</altitudeMode></LookAt><styleUrl>#mapDaimonChave</styleUrl><Point><coordinates>-49.549911,-11.843672,0</coordinates></Point></Placemark>
<Placemark><name>0200829052</name><visibility>0</visibility><LookAt><longitude>-49.537445</longitude><latitude>-11.815596</latitude><altitude>1200.0</altitude><altitudeMode>absolute</altitudeMode></LookAt><styleUrl>#mapDaimonChave</styleUrl><Point><coordinates>-49.537445,-11.815596,0</coordinates></Point></Placemark>
<Placemark><name>8862171052</name><visibility>0</visibility><LookAt><longitude>-49.527391</longitude><latitude>-11.806257</latitude><altitude>1200.0</altitude><altitudeMode>absolute</altitudeMode></LookAt><styleUrl>#mapDaimonChave</styleUrl><Point><coordinates>-49.527391,-11.806257,0</coordinates></Point></Placemark>
<Placemark><name>7925077052</name><visibility>0</visibility><LookAt><longitude>-49.525999</longitude><latitude>-11.809441</latitude><altitude>1200.0</altitude><altitudeMode>absolute</altitudeMode></LookAt><styleUrl>#mapDaimonChave</styleUrl><Point><coordinates>-49.525999,-11.809441,0</coordinates></Point></Placemark>
<Placemark><name>0300124052</name><visibility>0</visibility><LookAt><longitude>-49.555692</longitude><latitude>-11.806967</latitude><altitude>1200.0</altitude><altitudeMode>absolute</altitudeMode></LookAt><styleUrl>#mapDaimonChave</styleUrl><Point><coordinates>-49.555692,-11.806967,0</coordinates></Point></Placemark>
<Placemark><name>0310332052</name><visibility>0</visibility><LookAt><longitude>-49.510920</longitude><latitude>-11.845686</latitude><altitude>1200.0</altitude><altitudeMode>absolute</altitudeMode></LookAt><styleUrl>#mapDaimonChave</styleUrl><Point><coordinates>-49.510920,-11.845686,0</coordinates></Point></Placemark>
<Placemark><name>0302273052</name><visibility>0</visibility><LookAt><longitude>-49.506968</longitude><latitude>-11.880988</latitude><altitude>1200.0</altitude><altitudeMode>absolute</altitudeMode></LookAt><styleUrl>#mapDaimonChave</styleUrl><Point><coordinates>-49.506968,-11.880988,0</coordinates></Point></Placemark>
<Placemark><name>0310153052</name><visibility>0</visibility><LookAt><longitude>-49.527078</longitude><latitude>-11.835889</latitude><altitude>1200.0</altitude><altitudeMode>absolute</altitudeMode></LookAt><styleUrl>#mapDaimonChave</styleUrl><Point><coordinates>-49.527078,-11.835889,0</coordinates></Point></Placemark>
<Placemark><name>0300806052</name><visibility>0</visibility><LookAt><longitude>-49.543055</longitude><latitude>-11.833607</latitude><altitude>1200.0</altitude><altitudeMode>absolute</altitudeMode></LookAt><styleUrl>#mapDaimonChave</styleUrl><Point><coordinates>-49.543055,-11.833607,0</coordinates></Point></Placemark>
<Placemark><name>0301192052</name><visibility>0</visibility><LookAt><longitude>-49.529765</longitude><latitude>-11.835226</latitude><altitude>1200.0</altitude><altitudeMode>absolute</altitudeMode></LookAt><styleUrl>#mapDaimonChave</styleUrl><Point><coordinates>-49.529765,-11.835226,0</coordinates></Point></Placemark>
<Placemark><name>0310155052</name><visibility>0</visibility><LookAt><longitude>-49.511396</longitude><latitude>-11.840083</latitude><altitude>1200.0</altitude><altitudeMode>absolute</altitudeMode></LookAt><styleUrl>#mapDaimonChave</styleUrl><Point><coordinates>-49.511396,-11.840083,0</coordinates></Point></Placemark>
<Placemark><name>0310337052</name><visibility>0</visibility><LookAt><longitude>-49.509369</longitude><latitude>-11.880070</latitude><altitude>1200.0</altitude><altitudeMode>absolute</altitudeMode></LookAt><styleUrl>#mapDaimonChave</styleUrl><Point><coordinates>-49.509369,-11.880070,0</coordinates></Point></Placemark>
<Placemark><name>0300807052</name><visibility>0</visibility><LookAt><longitude>-49.535362</longitude><latitude>-11.840932</latitude><altitude>1200.0</altitude><altitudeMode>absolute</altitudeMode></LookAt><styleUrl>#mapDaimonChave</styleUrl><Point><coordinates>-49.535362,-11.840932,0</coordinates></Point></Placemark>
<Placemark><name>0300805052</name><visibility>0</visibility><LookAt><longitude>-49.545564</longitude><latitude>-11.833087</latitude><altitude>1200.0</altitude><altitudeMode>absolute</altitudeMode></LookAt><styleUrl>#mapDaimonChave</styleUrl><Point><coordinates>-49.545564,-11.833087,0</coordinates></Point></Placemark>
<Placemark><name>0300809052</name><visibility>0</visibility><LookAt><longitude>-49.507761</longitude><latitude>-11.880560</latitude><altitude>1200.0</altitude><altitudeMode>absolute</altitudeMode></LookAt><styleUrl>#mapDaimonChave</styleUrl><Point><coordinates>-49.507761,-11.880560,0</coordinates></Point></Placemark>
<Placemark><name>0301470052</name><visibility>0</visibility><LookAt><longitude>-49.547966</longitude><latitude>-11.827497</latitude><altitude>1200.0</altitude><altitudeMode>absolute</altitudeMode></LookAt><styleUrl>#mapDaimonChave</styleUrl><Point><coordinates>-49.547966,-11.827497,0</coordinates></Point></Placemark>
<Placemark><name>0300884052</name><visibility>0</visibility><LookAt><longitude>-49.556506</longitude><latitude>-11.850652</latitude><altitude>1200.0</altitude><altitudeMode>absolute</altitudeMode></LookAt><styleUrl>#mapDaimonChave</styleUrl><Point><coordinates>-49.556506,-11.850652,0</coordinates></Point></Placemark>
<Placemark><name>0302142052</name><visibility>0</visibility><LookAt><longitude>-49.556001</longitude><latitude>-11.849523</latitude><altitude>1200.0</altitude><altitudeMode>absolute</altitudeMode></LookAt><styleUrl>#mapDaimonChave</styleUrl><Point><coordinates>-49.556001,-11.849523,0</coordinates></Point></Placemark>
<Placemark><name>0300885052</name><visibility>0</visibility><LookAt><longitude>-49.558887</longitude><latitude>-11.854780</latitude><altitude>1200.0</altitude><altitudeMode>absolute</altitudeMode></LookAt><styleUrl>#mapDaimonChave</styleUrl><Point><coordinates>-49.558887,-11.854780,0</coordinates></Point></Placemark>
<Placemark><name>0310160052</name><visibility>0</visibility><LookAt><longitude>-49.551928</longitude><latitude>-11.840042</latitude><altitude>1200.0</altitude><altitudeMode>absolute</altitudeMode></LookAt><styleUrl>#mapDaimonChave</styleUrl><Point><coordinates>-49.551928,-11.840042,0</coordinates></Point></Placemark>
<Placemark><name>0300380052</name><visibility>0</visibility><LookAt><longitude>-49.550743</longitude><latitude>-11.831123</latitude><altitude>1200.0</altitude><altitudeMode>absolute</altitudeMode></LookAt><styleUrl>#mapDaimonChave</styleUrl><Point><coordinates>-49.550743,-11.831123,0</coordinates></Point></Placemark>
<Placemark><name>0310161052</name><visibility>0</visibility><LookAt><longitude>-49.550696</longitude><latitude>-11.842738</latitude><altitude>1200.0</altitude><altitudeMode>absolute</altitudeMode></LookAt><styleUrl>#mapDaimonChave</styleUrl><Point><coordinates>-49.550696,-11.842738,0</coordinates></Point></Placemark>
<Placemark><name>0300747052</name><visibility>0</visibility><LookAt><longitude>-49.548193</longitude><latitude>-11.828726</latitude><altitude>1200.0</altitude><altitudeMode>absolute</altitudeMode></LookAt><styleUrl>#mapDaimonChave</styleUrl><Point><coordinates>-49.548193,-11.828726,0</coordinates></Point></Placemark>
<Placemark><name>0361599052</name><visibility>0</visibility><LookAt><longitude>-49.541997</longitude><latitude>-11.818546</latitude><altitude>1200.0</altitude><altitudeMode>absolute</altitudeMode></LookAt><styleUrl>#mapDaimonChave</styleUrl><Point><coordinates>-49.541997,-11.818546,0</coordinates></Point></Placemark>
<Placemark><name>0310162052</name><visibility>0</visibility><LookAt><longitude>-49.546826</longitude><latitude>-11.847264</latitude><altitude>1200.0</altitude><altitudeMode>absolute</altitudeMode></LookAt><styleUrl>#mapDaimonChave</styleUrl><Point><coordinates>-49.546826,-11.847264,0</coordinates></Point></Placemark>
<Placemark><name>3326474052</name><visibility>0</visibility><LookAt><longitude>-49.548666</longitude><latitude>-11.845187</latitude><altitude>1200.0</altitude><altitudeMode>absolute</altitudeMode></LookAt><styleUrl>#mapDaimonChave</styleUrl><Point><coordinates>-49.548666,-11.845187,0</coordinates></Point></Placemark>
<Placemark><name>0200830052</name><visibility>0</visibility><LookAt><longitude>-49.536418</longitude><latitude>-11.815991</latitude><altitude>1200.0</altitude><altitudeMode>absolute</altitudeMode></LookAt><styleUrl>#mapDaimonChave</styleUrl><Point><coordinates>-49.536418,-11.815991,0</coordinates></Point></Placemark>
<Placemark><name>0200139052</name><visibility>0</visibility><LookAt><longitude>-49.535452</longitude><latitude>-11.816431</latitude><altitude>1200.0</altitude><altitudeMode>absolute</altitudeMode></LookAt><styleUrl>#mapDaimonChave</styleUrl><Point><coordinates>-49.535452,-11.816431,0</coordinates></Point></Placemark>
<Placemark><name>9001638052</name><visibility>0</visibility><LookAt><longitude>-49.525981</longitude><latitude>-11.809434</latitude><altitude>1200.0</altitude><altitudeMode>absolute</altitudeMode></LookAt><styleUrl>#mapDaimonChave</styleUrl><Point><coordinates>-49.525981,-11.809434,0</coordinates></Point></Placemark>
<Placemark><name>0310333052</name><visibility>0</visibility><LookAt><longitude>-49.492783</longitude><latitude>-11.850047</latitude><altitude>1200.0</altitude><altitudeMode>absolute</altitudeMode></LookAt><styleUrl>#mapDaimonChave</styleUrl><Point><coordinates>-49.492783,-11.850047,0</coordinates></Point></Placemark>
<Placemark><name>7961301052</name><visibility>0</visibility><LookAt><longitude>-49.503168</longitude><latitude>-11.892774</latitude><altitude>1200.0</altitude><altitudeMode>absolute</altitudeMode></LookAt><styleUrl>#mapDaimonChave</styleUrl><Point><coordinates>-49.503168,-11.892774,0</coordinates></Point></Placemark>
<Placemark><name>0300811052</name><visibility>0</visibility><LookAt><longitude>-49.504117</longitude><latitude>-11.893082</latitude><altitude>1200.0</altitude><altitudeMode>absolute</altitudeMode></LookAt><styleUrl>#mapDaimonChave</styleUrl><Point><coordinates>-49.504117,-11.893082,0</coordinates></Point></Placemark>
<Placemark><name>0301471052</name><visibility>0</visibility><LookAt><longitude>-49.559370</longitude><latitude>-11.827180</latitude><altitude>1200.0</altitude><altitudeMode>absolute</altitudeMode></LookAt><styleUrl>#mapDaimonChave</styleUrl><Point><coordinates>-49.559370,-11.827180,0</coordinates></Point></Placemark>
<Placemark><name>0332224052</name><visibility>0</visibility><LookAt><longitude>-49.560256</longitude><latitude>-11.859319</latitude><altitude>1200.0</altitude><altitudeMode>absolute</altitudeMode></LookAt><styleUrl>#mapDaimonChave</styleUrl><Point><coordinates>-49.560256,-11.859319,0</coordinates></Point></Placemark>
<Placemark><name>8848896052</name><visibility>0</visibility><LookAt><longitude>-49.524827</longitude><latitude>-11.808439</latitude><altitude>1200.0</altitude><altitudeMode>absolute</altitudeMode></LookAt><styleUrl>#mapDaimonChave</styleUrl><Point><coordinates>-49.524827,-11.808439,0</coordinates></Point></Placemark>
<Placemark><name>0300093052</name><visibility>0</visibility><LookAt><longitude>-49.524007</longitude><latitude>-11.812075</latitude><altitude>1200.0</altitude><altitudeMode>absolute</altitudeMode></LookAt><styleUrl>#mapDaimonChave</styleUrl><Point><coordinates>-49.524007,-11.812075,0</coordinates></Point></Placemark>
<Placemark><name>0300101052</name><visibility>0</visibility><LookAt><longitude>-49.523737</longitude><latitude>-11.812830</latitude><altitude>1200.0</altitude><altitudeMode>absolute</altitudeMode></LookAt><styleUrl>#mapDaimonChave</styleUrl><Point><coordinates>-49.523737,-11.812830,0</coordinates></Point></Placemark>
<Placemark><name>0300086052</name><visibility>0</visibility><LookAt><longitude>-49.524694</longitude><latitude>-11.809047</latitude><altitude>1200.0</altitude><altitudeMode>absolute</altitudeMode></LookAt><styleUrl>#mapDaimonChave</styleUrl><Point><coordinates>-49.524694,-11.809047,0</coordinates></Point></Placemark>
<Placemark><name>0310156052</name><visibility>0</visibility><LookAt><longitude>-49.480248</longitude><latitude>-11.918580</latitude><altitude>1200.0</altitude><altitudeMode>absolute</altitudeMode></LookAt><styleUrl>#mapDaimonChave</styleUrl><Point><coordinates>-49.480248,-11.918580,0</coordinates></Point></Placemark>
<Placemark><name>0310321052</name><visibility>0</visibility><LookAt><longitude>-49.488870</longitude><latitude>-11.901346</latitude><altitude>1200.0</altitude><altitudeMode>absolute</altitudeMode></LookAt><styleUrl>#mapDaimonChave</styleUrl><Point><coordinates>-49.488870,-11.901346,0</coordinates></Point></Placemark>
<Placemark><name>8801509052</name><visibility>0</visibility><LookAt><longitude>-49.478908</longitude><latitude>-11.919129</latitude><altitude>1200.0</altitude><altitudeMode>absolute</altitudeMode></LookAt><styleUrl>#mapDaimonChave</styleUrl><Point><coordinates>-49.478908,-11.919129,0</coordinates></Point></Placemark>
<Placemark><name>0302275052</name><visibility>0</visibility><LookAt><longitude>-49.489800</longitude><latitude>-11.901077</latitude><altitude>1200.0</altitude><altitudeMode>absolute</altitudeMode></LookAt><styleUrl>#mapDaimonChave</styleUrl><Point><coordinates>-49.489800,-11.901077,0</coordinates></Point></Placemark>
<Placemark><name>0310335052</name><visibility>0</visibility><LookAt><longitude>-49.504115</longitude><latitude>-11.905641</latitude><altitude>1200.0</altitude><altitudeMode>absolute</altitudeMode></LookAt><styleUrl>#mapDaimonChave</styleUrl><Point><coordinates>-49.504115,-11.905641,0</coordinates></Point></Placemark>
<Placemark><name>0310334052</name><visibility>0</visibility><LookAt><longitude>-49.524028</longitude><latitude>-11.929441</latitude><altitude>1200.0</altitude><altitudeMode>absolute</altitudeMode></LookAt><styleUrl>#mapDaimonChave</styleUrl><Point><coordinates>-49.524028,-11.929441,0</coordinates></Point></Placemark>
<Placemark><name>0310336052</name><visibility>0</visibility><LookAt><longitude>-49.514058</longitude><latitude>-11.927103</latitude><altitude>1200.0</altitude><altitudeMode>absolute</altitudeMode></LookAt><styleUrl>#mapDaimonChave</styleUrl><Point><coordinates>-49.514058,-11.927103,0</coordinates></Point></Placemark>
<Placemark><name>0300097052</name><visibility>0</visibility><LookAt><longitude>-49.515820</longitude><latitude>-11.809985</latitude><altitude>1200.0</altitude><altitudeMode>absolute</altitudeMode></LookAt><styleUrl>#mapDaimonChave</styleUrl><Point><coordinates>-49.515820,-11.809985,0</coordinates></Point></Placemark>
<Placemark><name>0300095052</name><visibility>0</visibility><LookAt><longitude>-49.518871</longitude><latitude>-11.810506</latitude><altitude>1200.0</altitude><altitudeMode>absolute</altitudeMode></LookAt><styleUrl>#mapDaimonChave</styleUrl><Point><coordinates>-49.518871,-11.810506,0</coordinates></Point></Placemark>
<Placemark><name>0300107052</name><visibility>0</visibility><LookAt><longitude>-49.518440</longitude><latitude>-11.819240</latitude><altitude>1200.0</altitude><altitudeMode>absolute</altitudeMode></LookAt><styleUrl>#mapDaimonChave</styleUrl><Point><coordinates>-49.518440,-11.819240,0</coordinates></Point></Placemark>
<Placemark><name>8861467052</name><visibility>0</visibility><LookAt><longitude>-49.525883</longitude><latitude>-11.816128</latitude><altitude>1200.0</altitude><altitudeMode>absolute</altitudeMode></LookAt><styleUrl>#mapDaimonChave</styleUrl><Point><coordinates>-49.525883,-11.816128,0</coordinates></Point></Placemark>
<Placemark><name>0300109052</name><visibility>0</visibility><LookAt><longitude>-49.516987</longitude><latitude>-11.819081</latitude><altitude>1200.0</altitude><altitudeMode>absolute</altitudeMode></LookAt><styleUrl>#mapDaimonChave</styleUrl><Point><coordinates>-49.516987,-11.819081,0</coordinates></Point></Placemark>
<Placemark><name>0300104052</name><visibility>0</visibility><LookAt><longitude>-49.522191</longitude><latitude>-11.817999</latitude><altitude>1200.0</altitude><altitudeMode>absolute</altitudeMode></LookAt><styleUrl>#mapDaimonChave</styleUrl><Point><coordinates>-49.522191,-11.817999,0</coordinates></Point></Placemark>
<Placemark><name>8861507052</name><visibility>0</visibility><LookAt><longitude>-49.523866</longitude><latitude>-11.816661</latitude><altitude>1200.0</altitude><altitudeMode>absolute</altitudeMode></LookAt><styleUrl>#mapDaimonChave</styleUrl><Point><coordinates>-49.523866,-11.816661,0</coordinates></Point></Placemark>
<Placemark><name>0300088052</name><visibility>0</visibility><LookAt><longitude>-49.523017</longitude><latitude>-11.808573</latitude><altitude>1200.0</altitude><altitudeMode>absolute</altitudeMode></LookAt><styleUrl>#mapDaimonChave</styleUrl><Point><coordinates>-49.523017,-11.808573,0</coordinates></Point></Placemark>
<Placemark><name>0300812052</name><visibility>0</visibility><LookAt><longitude>-49.470351</longitude><latitude>-11.925616</latitude><altitude>1200.0</altitude><altitudeMode>absolute</altitudeMode></LookAt><styleUrl>#mapDaimonChave</styleUrl><Point><coordinates>-49.470351,-11.925616,0</coordinates></Point></Placemark>
<Placemark><name>0310158052</name><visibility>0</visibility><LookAt><longitude>-49.463667</longitude><latitude>-11.926496</latitude><altitude>1200.0</altitude><altitudeMode>absolute</altitudeMode></LookAt><styleUrl>#mapDaimonChave</styleUrl><Point><coordinates>-49.463667,-11.926496,0</coordinates></Point></Placemark>
<Placemark><name>3301910052</name><visibility>0</visibility><LookAt><longitude>-49.465249</longitude><latitude>-11.926879</latitude><altitude>1200.0</altitude><altitudeMode>absolute</altitudeMode></LookAt><styleUrl>#mapDaimonChave</styleUrl><Point><coordinates>-49.465249,-11.926879,0</coordinates></Point></Placemark>
<Placemark><name>0310157052</name><visibility>0</visibility><LookAt><longitude>-49.468146</longitude><latitude>-11.927019</latitude><altitude>1200.0</altitude><altitudeMode>absolute</altitudeMode></LookAt><styleUrl>#mapDaimonChave</styleUrl><Point><coordinates>-49.468146,-11.927019,0</coordinates></Point></Placemark>
<Placemark><name>8846962052</name><visibility>0</visibility><LookAt><longitude>-49.462110</longitude><latitude>-11.926228</latitude><altitude>1200.0</altitude><altitudeMode>absolute</altitudeMode></LookAt><styleUrl>#mapDaimonChave</styleUrl><Point><coordinates>-49.462110,-11.926228,0</coordinates></Point></Placemark>
<Placemark><name>0301869052</name><visibility>0</visibility><LookAt><longitude>-49.469345</longitude><latitude>-11.905959</latitude><altitude>1200.0</altitude><altitudeMode>absolute</altitudeMode></LookAt><styleUrl>#mapDaimonChave</styleUrl><Point><coordinates>-49.469345,-11.905959,0</coordinates></Point></Placemark>
<Placemark><name>0358247052</name><visibility>0</visibility><LookAt><longitude>-49.516108</longitude><latitude>-11.811362</latitude><altitude>1200.0</altitude><altitudeMode>absolute</altitudeMode></LookAt><styleUrl>#mapDaimonChave</styleUrl><Point><coordinates>-49.516108,-11.811362,0</coordinates></Point></Placemark>
<Placemark><name>0300821052</name><visibility>0</visibility><LookAt><longitude>-49.474876</longitude><latitude>-11.930711</latitude><altitude>1200.0</altitude><altitudeMode>absolute</altitudeMode></LookAt><styleUrl>#mapDaimonChave</styleUrl><Point><coordinates>-49.474876,-11.930711,0</coordinates></Point></Placemark>
<Placemark><name>0300813052</name><visibility>0</visibility><LookAt><longitude>-49.486343</longitude><latitude>-11.944479</latitude><altitude>1200.0</altitude><altitudeMode>absolute</altitudeMode></LookAt><styleUrl>#mapDaimonChave</styleUrl><Point><coordinates>-49.486343,-11.944479,0</coordinates></Point></Placemark>
<Placemark><name>0302027052</name><visibility>0</visibility><LookAt><longitude>-49.481725</longitude><latitude>-11.939324</latitude><altitude>1200.0</altitude><altitudeMode>absolute</altitudeMode></LookAt><styleUrl>#mapDaimonChave</styleUrl><Point><coordinates>-49.481725,-11.939324,0</coordinates></Point></Placemark>
<Placemark><name>0301919052</name><visibility>0</visibility><LookAt><longitude>-49.454510</longitude><latitude>-11.956529</latitude><altitude>1200.0</altitude><altitudeMode>absolute</altitudeMode></LookAt><styleUrl>#mapDaimonChave</styleUrl><Point><coordinates>-49.454510,-11.956529,0</coordinates></Point></Placemark>
<Placemark><name>0348622052</name><visibility>0</visibility><LookAt><longitude>-49.453562</longitude><latitude>-11.963718</latitude><altitude>1200.0</altitude><altitudeMode>absolute</altitudeMode></LookAt><styleUrl>#mapDaimonChave</styleUrl><Point><coordinates>-49.453562,-11.963718,0</coordinates></Point></Placemark>
<Placemark><name>0301914052</name><visibility>0</visibility><LookAt><longitude>-49.452904</longitude><latitude>-11.959838</latitude><altitude>1200.0</altitude><altitudeMode>absolute</altitudeMode></LookAt><styleUrl>#mapDaimonChave</styleUrl><Point><coordinates>-49.452904,-11.959838,0</coordinates></Point></Placemark>
<Placemark><name>0302148052</name><visibility>0</visibility><LookAt><longitude>-49.452897</longitude><latitude>-11.960806</latitude><altitude>1200.0</altitude><altitudeMode>absolute</altitudeMode></LookAt><styleUrl>#mapDaimonChave</styleUrl><Point><coordinates>-49.452897,-11.960806,0</coordinates></Point></Placemark>
<Placemark><name>0302147052</name><visibility>0</visibility><LookAt><longitude>-49.456447</longitude><latitude>-11.942632</latitude><altitude>1200.0</altitude><altitudeMode>absolute</altitudeMode></LookAt><styleUrl>#mapDaimonChave</styleUrl><Point><coordinates>-49.456447,-11.942632,0</coordinates></Point></Placemark>
<Placemark><name>0301912052</name><visibility>0</visibility><LookAt><longitude>-49.456878</longitude><latitude>-11.952194</latitude><altitude>1200.0</altitude><altitudeMode>absolute</altitudeMode></LookAt><styleUrl>#mapDaimonChave</styleUrl><Point><coordinates>-49.456878,-11.952194,0</coordinates></Point></Placemark>
<Placemark><name>0338907052</name><visibility>0</visibility><LookAt><longitude>-49.456800</longitude><latitude>-11.948648</latitude><altitude>1200.0</altitude><altitudeMode>absolute</altitudeMode></LookAt><styleUrl>#mapDaimonChave</styleUrl><Point><coordinates>-49.456800,-11.948648,0</coordinates></Point></Placemark>
<Placemark><name>0301911052</name><visibility>0</visibility><LookAt><longitude>-49.456211</longitude><latitude>-11.944719</latitude><altitude>1200.0</altitude><altitudeMode>absolute</altitudeMode></LookAt><styleUrl>#mapDaimonChave</styleUrl><Point><coordinates>-49.456211,-11.944719,0</coordinates></Point></Placemark>
<Placemark><name>0300814052</name><visibility>0</visibility><LookAt><longitude>-49.452938</longitude><latitude>-11.924307</latitude><altitude>1200.0</altitude><altitudeMode>absolute</altitudeMode></LookAt><styleUrl>#mapDaimonChave</styleUrl><Point><coordinates>-49.452938,-11.924307,0</coordinates></Point></Placemark>
<Placemark><name>8846953052</name><visibility>0</visibility><LookAt><longitude>-49.424359</longitude><latitude>-11.916373</latitude><altitude>1200.0</altitude><altitudeMode>absolute</altitudeMode></LookAt><styleUrl>#mapDaimonChave</styleUrl><Point><coordinates>-49.424359,-11.916373,0</coordinates></Point></Placemark>
<Placemark><name>0350492052</name><visibility>0</visibility><LookAt><longitude>-49.429776</longitude><latitude>-11.917764</latitude><altitude>1200.0</altitude><altitudeMode>absolute</altitudeMode></LookAt><styleUrl>#mapDaimonChave</styleUrl><Point><coordinates>-49.429776,-11.917764,0</coordinates></Point></Placemark>
<Placemark><name>0331884052</name><visibility>0</visibility><LookAt><longitude>-49.487027</longitude><latitude>-11.959210</latitude><altitude>1200.0</altitude><altitudeMode>absolute</altitudeMode></LookAt><styleUrl>#mapDaimonChave</styleUrl><Point><coordinates>-49.487027,-11.959210,0</coordinates></Point></Placemark>
<Placemark><name>0301922052</name><visibility>0</visibility><LookAt><longitude>-49.484748</longitude><latitude>-11.962516</latitude><altitude>1200.0</altitude><altitudeMode>absolute</altitudeMode></LookAt><styleUrl>#mapDaimonChave</styleUrl><Point><coordinates>-49.484748,-11.962516,0</coordinates></Point></Placemark>
<Placemark><name>0314108052</name><visibility>0</visibility><LookAt><longitude>-49.471553</longitude><latitude>-11.961038</latitude><altitude>1200.0</altitude><altitudeMode>absolute</altitudeMode></LookAt><styleUrl>#mapDaimonChave</styleUrl><Point><coordinates>-49.471553,-11.961038,0</coordinates></Point></Placemark>
<Placemark><name>0302055052</name><visibility>0</visibility><LookAt><longitude>-49.480556</longitude><latitude>-11.961229</latitude><altitude>1200.0</altitude><altitudeMode>absolute</altitudeMode></LookAt><styleUrl>#mapDaimonChave</styleUrl><Point><coordinates>-49.480556,-11.961229,0</coordinates></Point></Placemark>
<Placemark><name>0364477052</name><visibility>0</visibility><LookAt><longitude>-49.442635</longitude><latitude>-11.945164</latitude><altitude>1200.0</altitude><altitudeMode>absolute</altitudeMode></LookAt><styleUrl>#mapDaimonChave</styleUrl><Point><coordinates>-49.442635,-11.945164,0</coordinates></Point></Placemark>
<Placemark><name>0300873052</name><visibility>0</visibility><LookAt><longitude>-49.412454</longitude><latitude>-11.910501</latitude><altitude>1200.0</altitude><altitudeMode>absolute</altitudeMode></LookAt><styleUrl>#mapDaimonChave</styleUrl><Point><coordinates>-49.412454,-11.910501,0</coordinates></Point></Placemark>
<Placemark><name>0310341052</name><visibility>0</visibility><LookAt><longitude>-49.410785</longitude><latitude>-11.899699</latitude><altitude>1200.0</altitude><altitudeMode>absolute</altitudeMode></LookAt><styleUrl>#mapDaimonChave</styleUrl><Point><coordinates>-49.410785,-11.899699,0</coordinates></Point></Placemark>
<Placemark><name>0300816052</name><visibility>0</visibility><LookAt><longitude>-49.412093</longitude><latitude>-11.909148</latitude><altitude>1200.0</altitude><altitudeMode>absolute</altitudeMode></LookAt><styleUrl>#mapDaimonChave</styleUrl><Point><coordinates>-49.412093,-11.909148,0</coordinates></Point></Placemark>
<Placemark><name>38463810</name><visibility>0</visibility><LookAt><longitude>-49.414693</longitude><latitude>-11.892230</latitude><altitude>1200.0</altitude><altitudeMode>absolute</altitudeMode></LookAt><styleUrl>#mapDaimonChave</styleUrl><Point><coordinates>-49.414693,-11.892230,0</coordinates></Point></Placemark>
<Placemark><name>0310340052</name><visibility>0</visibility><LookAt><longitude>-49.415434</longitude><latitude>-11.891186</latitude><altitude>1200.0</altitude><altitudeMode>absolute</altitudeMode></LookAt><styleUrl>#mapDaimonChave</styleUrl><Point><coordinates>-49.415434,-11.891186,0</coordinates></Point></Placemark>
<Placemark><name>0331885052</name><visibility>0</visibility><LookAt><longitude>-49.487923</longitude><latitude>-11.958832</latitude><altitude>1200.0</altitude><altitudeMode>absolute</altitudeMode></LookAt><styleUrl>#mapDaimonChave</styleUrl><Point><coordinates>-49.487923,-11.958832,0</coordinates></Point></Placemark>
<Placemark><name>0300665052</name><visibility>0</visibility><LookAt><longitude>-49.407169</longitude><latitude>-11.925375</latitude><altitude>1200.0</altitude><altitudeMode>absolute</altitudeMode></LookAt><styleUrl>#mapDaimonChave</styleUrl><Point><coordinates>-49.407169,-11.925375,0</coordinates></Point></Placemark>
<Placemark><name>0310347052</name><visibility>0</visibility><LookAt><longitude>-49.393034</longitude><latitude>-11.920050</latitude><altitude>1200.0</altitude><altitudeMode>absolute</altitudeMode></LookAt><styleUrl>#mapDaimonChave</styleUrl><Point><coordinates>-49.393034,-11.920050,0</coordinates></Point></Placemark>
<Placemark><name>0302050052</name><visibility>0</visibility><LookAt><longitude>-49.409516</longitude><latitude>-11.935388</latitude><altitude>1200.0</altitude><altitudeMode>absolute</altitudeMode></LookAt><styleUrl>#mapDaimonChave</styleUrl><Point><coordinates>-49.409516,-11.935388,0</coordinates></Point></Placemark>
<Placemark><name>0310345052</name><visibility>0</visibility><LookAt><longitude>-49.407628</longitude><latitude>-11.945144</latitude><altitude>1200.0</altitude><altitudeMode>absolute</altitudeMode></LookAt><styleUrl>#mapDaimonChave</styleUrl><Point><coordinates>-49.407628,-11.945144,0</coordinates></Point></Placemark>
<Placemark><name>0310346052</name><visibility>0</visibility><LookAt><longitude>-49.404786</longitude><latitude>-11.914273</latitude><altitude>1200.0</altitude><altitudeMode>absolute</altitudeMode></LookAt><styleUrl>#mapDaimonChave</styleUrl><Point><coordinates>-49.404786,-11.914273,0</coordinates></Point></Placemark>
<Placemark><name>0310339052</name><visibility>0</visibility><LookAt><longitude>-49.432894</longitude><latitude>-11.892712</latitude><altitude>1200.0</altitude><altitudeMode>absolute</altitudeMode></LookAt><styleUrl>#mapDaimonChave</styleUrl><Point><coordinates>-49.432894,-11.892712,0</coordinates></Point></Placemark>
<Placemark><name>0300881052</name><visibility>0</visibility><LookAt><longitude>-49.435559</longitude><latitude>-11.886500</latitude><altitude>1200.0</altitude><altitudeMode>absolute</altitudeMode></LookAt><styleUrl>#mapDaimonChave</styleUrl><Point><coordinates>-49.435559,-11.886500,0</coordinates></Point></Placemark>
<Placemark><name>0300140052</name><visibility>0</visibility><LookAt><longitude>-49.529508</longitude><latitude>-11.807411</latitude><altitude>1200.0</altitude><altitudeMode>absolute</altitudeMode></LookAt><styleUrl>#mapDaimonChaveNA</styleUrl><Point><coordinates>-49.529508,-11.807411,0</coordinates></Point></Placemark>
<Placemark><name>8800129052</name><visibility>0</visibility><LookAt><longitude>-49.532072</longitude><latitude>-11.807274</latitude><altitude>1200.0</altitude><altitudeMode>absolute</altitudeMode></LookAt><styleUrl>#mapDaimonChaveNA</styleUrl><Point><coordinates>-49.532072,-11.807274,0</coordinates></Point></Placemark>
<Placemark><name>8025077052</name><visibility>0</visibility><LookAt><longitude>-49.526005</longitude><latitude>-11.809390</latitude><altitude>1200.0</altitude><altitudeMode>absolute</altitudeMode></LookAt><styleUrl>#mapDaimonChaveNA</styleUrl><Point><coordinates>-49.526005,-11.809390,0</coordinates></Point></Placemark>
</Folder>
<Folder>
<name>EP</name>
<visibility>0</visibility>
<Placemark><name>5600121052</name><visibility>0</visibility><LookAt><longitude>-49.556286</longitude><latitude>-11.804033</latitude><altitude>1200.0</altitude><altitudeMode>absolute</altitudeMode></LookAt><styleUrl>#mapDaimonEP</styleUrl><Point><coordinates>-49.556286,-11.804033,0</coordinates></Point></Placemark>
<Placemark><name>5600143052</name><visibility>0</visibility><LookAt><longitude>-49.558059</longitude><latitude>-11.812766</latitude><altitude>1200.0</altitude><altitudeMode>absolute</altitudeMode></LookAt><styleUrl>#mapDaimonEP</styleUrl><Point><coordinates>-49.558059,-11.812766,0</coordinates></Point></Placemark>
<Placemark><name>5647031052</name><visibility>0</visibility><LookAt><longitude>-49.556497</longitude><latitude>-11.805871</latitude><altitude>1200.0</altitude><altitudeMode>absolute</altitudeMode></LookAt><styleUrl>#mapDaimonEP</styleUrl><Point><coordinates>-49.556497,-11.805871,0</coordinates></Point></Placemark>
<Placemark><name>PA64496052</name><visibility>0</visibility><LookAt><longitude>-49.559543</longitude><latitude>-11.864831</latitude><altitude>1200.0</altitude><altitudeMode>absolute</altitudeMode></LookAt><styleUrl>#mapDaimonEP</styleUrl><Point><coordinates>-49.559543,-11.864831,0</coordinates></Point></Placemark>
<Placemark><name>5664497052</name><visibility>0</visibility><LookAt><longitude>-49.559092</longitude><latitude>-11.864361</latitude><altitude>1200.0</altitude><altitudeMode>absolute</altitudeMode></LookAt><styleUrl>#mapDaimonEP</styleUrl><Point><coordinates>-49.559092,-11.864361,0</coordinates></Point></Placemark>
<Placemark><name>5664487052</name><visibility>0</visibility><LookAt><longitude>-49.560144</longitude><latitude>-11.865621</latitude><altitude>1200.0</altitude><altitudeMode>absolute</altitudeMode></LookAt><styleUrl>#mapDaimonEP</styleUrl><Point><coordinates>-49.560144,-11.865621,0</coordinates></Point></Placemark>
<Placemark><name>5600011052</name><visibility>0</visibility><LookAt><longitude>-49.536719</longitude><latitude>-11.816334</latitude><altitude>1200.0</altitude><altitudeMode>absolute</altitudeMode></LookAt><styleUrl>#mapDaimonEP</styleUrl><Point><coordinates>-49.536719,-11.816334,0</coordinates></Point></Placemark>
<Placemark><name>5700088052</name><visibility>0</visibility><LookAt><longitude>-49.522954</longitude><latitude>-11.808677</latitude><altitude>1200.0</altitude><altitudeMode>absolute</altitudeMode></LookAt><styleUrl>#mapDaimonEP</styleUrl><Point><coordinates>-49.522954,-11.808677,0</coordinates></Point></Placemark>
</Folder>
<Folder>
<name>ET</name>
<visibility>0</visibility>
<Placemark><name>5737106052</name><visibility>0</visibility><LookAt><longitude>-49.539433</longitude><latitude>-11.806407</latitude><altitude>1200.0</altitude><altitudeMode>absolute</altitudeMode></LookAt><styleUrl>#mapDaimonET</styleUrl><Point><coordinates>-49.539433,-11.806407,0</coordinates></Point></Placemark>
<Placemark><name>5744406052</name><visibility>0</visibility><LookAt><longitude>-49.557654</longitude><latitude>-11.810975</latitude><altitude>1200.0</altitude><altitudeMode>absolute</altitudeMode></LookAt><styleUrl>#mapDaimonET</styleUrl><Point><coordinates>-49.557654,-11.810975,0</coordinates></Point></Placemark>
<Placemark><name>5101279052</name><visibility>0</visibility><LookAt><longitude>-49.539283</longitude><latitude>-11.807737</latitude><altitude>1200.0</altitude><altitudeMode>absolute</altitudeMode></LookAt><styleUrl>#mapDaimonET</styleUrl><Point><coordinates>-49.539283,-11.807737,0</coordinates></Point></Placemark>
<Placemark><name>5700006052</name><visibility>0</visibility><LookAt><longitude>-49.536505</longitude><latitude>-11.806913</latitude><altitude>1200.0</altitude><altitudeMode>absolute</altitudeMode></LookAt><styleUrl>#mapDaimonET</styleUrl><Point><coordinates>-49.536505,-11.806913,0</coordinates></Point></Placemark>
<Placemark><name>5765228052</name><visibility>0</visibility><LookAt><longitude>-49.535412</longitude><latitude>-11.810347</latitude><altitude>1200.0</altitude><altitudeMode>absolute</altitudeMode></LookAt><styleUrl>#mapDaimonET</styleUrl><Point><coordinates>-49.535412,-11.810347,0</coordinates></Point></Placemark>
<Placemark><name>5708555052</name><visibility>0</visibility><LookAt><longitude>-49.535264</longitude><latitude>-11.814113</latitude><altitude>1200.0</altitude><altitudeMode>absolute</altitudeMode></LookAt><styleUrl>#mapDaimonET</styleUrl><Point><coordinates>-49.535264,-11.814113,0</coordinates></Point></Placemark>
<Placemark><name>5700012052</name><visibility>0</visibility><LookAt><longitude>-49.538090</longitude><latitude>-11.816253</latitude><altitude>1200.0</altitude><altitudeMode>absolute</altitudeMode></LookAt><styleUrl>#mapDaimonET</styleUrl><Point><coordinates>-49.538090,-11.816253,0</coordinates></Point></Placemark>
<Placemark><name>5750418052</name><visibility>0</visibility><LookAt><longitude>-49.528033</longitude><latitude>-11.810564</latitude><altitude>1200.0</altitude><altitudeMode>absolute</altitudeMode></LookAt><styleUrl>#mapDaimonET</styleUrl><Point><coordinates>-49.528033,-11.810564,0</coordinates></Point></Placemark>
<Placemark><name>5700091052</name><visibility>0</visibility><LookAt><longitude>-49.529034</longitude><latitude>-11.810291</latitude><altitude>1200.0</altitude><altitudeMode>absolute</altitudeMode></LookAt><styleUrl>#mapDaimonET</styleUrl><Point><coordinates>-49.529034,-11.810291,0</coordinates></Point></Placemark>
<Placemark><name>5700141052</name><visibility>0</visibility><LookAt><longitude>-49.531089</longitude><latitude>-11.809453</latitude><altitude>1200.0</altitude><altitudeMode>absolute</altitudeMode></LookAt><styleUrl>#mapDaimonET</styleUrl><Point><coordinates>-49.531089,-11.809453,0</coordinates></Point></Placemark>
<Placemark><name>5700018052</name><visibility>0</visibility><LookAt><longitude>-49.530036</longitude><latitude>-11.808086</latitude><altitude>1200.0</altitude><altitudeMode>absolute</altitudeMode></LookAt><styleUrl>#mapDaimonET</styleUrl><Point><coordinates>-49.530036,-11.808086,0</coordinates></Point></Placemark>
<Placemark><name>5700135052</name><visibility>0</visibility><LookAt><longitude>-49.532247</longitude><latitude>-11.807523</latitude><altitude>1200.0</altitude><altitudeMode>absolute</altitudeMode></LookAt><styleUrl>#mapDaimonET</styleUrl><Point><coordinates>-49.532247,-11.807523,0</coordinates></Point></Placemark>
<Placemark><name>5761375052</name><visibility>0</visibility><LookAt><longitude>-49.533025</longitude><latitude>-11.808507</latitude><altitude>1200.0</altitude><altitudeMode>absolute</altitudeMode></LookAt><styleUrl>#mapDaimonET</styleUrl><Point><coordinates>-49.533025,-11.808507,0</coordinates></Point></Placemark>
<Placemark><name>5701627052</name><visibility>0</visibility><LookAt><longitude>-49.531408</longitude><latitude>-11.806480</latitude><altitude>1200.0</altitude><altitudeMode>absolute</altitudeMode></LookAt><styleUrl>#mapDaimonET</styleUrl><Point><coordinates>-49.531408,-11.806480,0</coordinates></Point></Placemark>
<Placemark><name>5700142052</name><visibility>0</visibility><LookAt><longitude>-49.552055</longitude><latitude>-11.808149</latitude><altitude>1200.0</altitude><altitudeMode>absolute</altitudeMode></LookAt><styleUrl>#mapDaimonET</styleUrl><Point><coordinates>-49.552055,-11.808149,0</coordinates></Point></Placemark>
<Placemark><name>5755719052</name><visibility>0</visibility><LookAt><longitude>-49.536646</longitude><latitude>-11.806931</latitude><altitude>1200.0</altitude><altitudeMode>absolute</altitudeMode></LookAt><styleUrl>#mapDaimonET</styleUrl><Point><coordinates>-49.536646,-11.806931,0</coordinates></Point></Placemark>
<Placemark><name>5700166052</name><visibility>0</visibility><LookAt><longitude>-49.538380</longitude><latitude>-11.815958</latitude><altitude>1200.0</altitude><altitudeMode>absolute</altitudeMode></LookAt><styleUrl>#mapDaimonET</styleUrl><Point><coordinates>-49.538380,-11.815958,0</coordinates></Point></Placemark>
<Placemark><name>5601496052</name><visibility>0</visibility><LookAt><longitude>-49.538325</longitude><latitude>-11.815735</latitude><altitude>1200.0</altitude><altitudeMode>absolute</altitudeMode></LookAt><styleUrl>#mapDaimonET</styleUrl><Point><coordinates>-49.538325,-11.815735,0</coordinates></Point></Placemark>
<Placemark><name>5700009052</name><visibility>0</visibility><LookAt><longitude>-49.534001</longitude><latitude>-11.814014</latitude><altitude>1200.0</altitude><altitudeMode>absolute</altitudeMode></LookAt><styleUrl>#mapDaimonET</styleUrl><Point><coordinates>-49.534001,-11.814014,0</coordinates></Point></Placemark>
<Placemark><name>5701648052</name><visibility>0</visibility><LookAt><longitude>-49.540450</longitude><latitude>-11.820054</latitude><altitude>1200.0</altitude><altitudeMode>absolute</altitudeMode></LookAt><styleUrl>#mapDaimonET</styleUrl><Point><coordinates>-49.540450,-11.820054,0</coordinates></Point></Placemark>
<Placemark><name>5700136052</name><visibility>0</visibility><LookAt><longitude>-49.530739</longitude><latitude>-11.806224</latitude><altitude>1200.0</altitude><altitudeMode>absolute</altitudeMode></LookAt><styleUrl>#mapDaimonET</styleUrl><Point><coordinates>-49.530739,-11.806224,0</coordinates></Point></Placemark>
<Placemark><name>5700019052</name><visibility>0</visibility><LookAt><longitude>-49.527340</longitude><latitude>-11.806390</latitude><altitude>1200.0</altitude><altitudeMode>absolute</altitudeMode></LookAt><styleUrl>#mapDaimonET</styleUrl><Point><coordinates>-49.527340,-11.806390,0</coordinates></Point></Placemark>
<Placemark><name>5700090052</name><visibility>0</visibility><LookAt><longitude>-49.528324</longitude><latitude>-11.809469</latitude><altitude>1200.0</altitude><altitudeMode>absolute</altitudeMode></LookAt><styleUrl>#mapDaimonET</styleUrl><Point><coordinates>-49.528324,-11.809469,0</coordinates></Point></Placemark>
<Placemark><name>5757563052</name><visibility>0</visibility><LookAt><longitude>-49.533863</longitude><latitude>-11.803838</latitude><altitude>1200.0</altitude><altitudeMode>absolute</altitudeMode></LookAt><styleUrl>#mapDaimonET</styleUrl><Point><coordinates>-49.533863,-11.803838,0</coordinates></Point></Placemark>
<Placemark><name>5700016052</name><visibility>0</visibility><LookAt><longitude>-49.532573</longitude><latitude>-11.804829</latitude><altitude>1200.0</altitude><altitudeMode>absolute</altitudeMode></LookAt><styleUrl>#mapDaimonET</styleUrl><Point><coordinates>-49.532573,-11.804829,0</coordinates></Point></Placemark>
<Placemark><name>5700125052</name><visibility>0</visibility><LookAt><longitude>-49.555534</longitude><latitude>-11.805641</latitude><altitude>1200.0</altitude><altitudeMode>absolute</altitudeMode></LookAt><styleUrl>#mapDaimonET</styleUrl><Point><coordinates>-49.555534,-11.805641,0</coordinates></Point></Placemark>
<Placemark><name>5700151052</name><visibility>0</visibility><LookAt><longitude>-49.543557</longitude><latitude>-11.817797</latitude><altitude>1200.0</altitude><altitudeMode>absolute</altitudeMode></LookAt><styleUrl>#mapDaimonET</styleUrl><Point><coordinates>-49.543557,-11.817797,0</coordinates></Point></Placemark>
<Placemark><name>5664496052</name><visibility>0</visibility><LookAt><longitude>-49.559503</longitude><latitude>-11.864851</latitude><altitude>1200.0</altitude><altitudeMode>absolute</altitudeMode></LookAt><styleUrl>#mapDaimonET</styleUrl><Point><coordinates>-49.559503,-11.864851,0</coordinates></Point></Placemark>
<Placemark><name>PA64497052</name><visibility>0</visibility><LookAt><longitude>-49.559136</longitude><latitude>-11.864337</latitude><altitude>1200.0</altitude><altitudeMode>absolute</altitudeMode></LookAt><styleUrl>#mapDaimonET</styleUrl><Point><coordinates>-49.559136,-11.864337,0</coordinates></Point></Placemark>
<Placemark><name>5710150052</name><visibility>0</visibility><LookAt><longitude>-49.539386</longitude><latitude>-11.809661</latitude><altitude>1200.0</altitude><altitudeMode>absolute</altitudeMode></LookAt><styleUrl>#mapDaimonET</styleUrl><Point><coordinates>-49.539386,-11.809661,0</coordinates></Point></Placemark>
<Placemark><name>PA64487052</name><visibility>0</visibility><LookAt><longitude>-49.560212</longitude><latitude>-11.865577</latitude><altitude>1200.0</altitude><altitudeMode>absolute</altitudeMode></LookAt><styleUrl>#mapDaimonET</styleUrl><Point><coordinates>-49.560212,-11.865577,0</coordinates></Point></Placemark>
<Placemark><name>5762193052</name><visibility>0</visibility><LookAt><longitude>-49.526831</longitude><latitude>-11.805549</latitude><altitude>1200.0</altitude><altitudeMode>absolute</altitudeMode></LookAt><styleUrl>#mapDaimonET</styleUrl><Point><coordinates>-49.526831,-11.805549,0</coordinates></Point></Placemark>
<Placemark><name>5700126052</name><visibility>0</visibility><LookAt><longitude>-49.555074</longitude><latitude>-11.805549</latitude><altitude>1200.0</altitude><altitudeMode>absolute</altitudeMode></LookAt><styleUrl>#mapDaimonET</styleUrl><Point><coordinates>-49.555074,-11.805549,0</coordinates></Point></Placemark>
<Placemark><name>5710154052</name><visibility>0</visibility><LookAt><longitude>-49.525735</longitude><latitude>-11.832990</latitude><altitude>1200.0</altitude><altitudeMode>absolute</altitudeMode></LookAt><styleUrl>#mapDaimonET</styleUrl><Point><coordinates>-49.525735,-11.832990,0</coordinates></Point></Placemark>
<Placemark><name>5713522052</name><visibility>0</visibility><LookAt><longitude>-49.522872</longitude><latitude>-11.826179</latitude><altitude>1200.0</altitude><altitudeMode>absolute</altitudeMode></LookAt><styleUrl>#mapDaimonET</styleUrl><Point><coordinates>-49.522872,-11.826179,0</coordinates></Point></Placemark>
<Placemark><name>5700806052</name><visibility>0</visibility><LookAt><longitude>-49.542972</longitude><latitude>-11.833229</latitude><altitude>1200.0</altitude><altitudeMode>absolute</altitudeMode></LookAt><styleUrl>#mapDaimonET</styleUrl><Point><coordinates>-49.542972,-11.833229,0</coordinates></Point></Placemark>
<Placemark><name>5701192052</name><visibility>0</visibility><LookAt><longitude>-49.529376</longitude><latitude>-11.834417</latitude><altitude>1200.0</altitude><altitudeMode>absolute</altitudeMode></LookAt><styleUrl>#mapDaimonET</styleUrl><Point><coordinates>-49.529376,-11.834417,0</coordinates></Point></Placemark>
<Placemark><name>5710155052</name><visibility>0</visibility><LookAt><longitude>-49.511477</longitude><latitude>-11.838677</latitude><altitude>1200.0</altitude><altitudeMode>absolute</altitudeMode></LookAt><styleUrl>#mapDaimonET</styleUrl><Point><coordinates>-49.511477,-11.838677,0</coordinates></Point></Placemark>
<Placemark><name>5700808052</name><visibility>0</visibility><LookAt><longitude>-49.511575</longitude><latitude>-11.885179</latitude><altitude>1200.0</altitude><altitudeMode>absolute</altitudeMode></LookAt><styleUrl>#mapDaimonET</styleUrl><Point><coordinates>-49.511575,-11.885179,0</coordinates></Point></Placemark>
<Placemark><name>5700807052</name><visibility>0</visibility><LookAt><longitude>-49.535999</longitude><latitude>-11.841612</latitude><altitude>1200.0</altitude><altitudeMode>absolute</altitudeMode></LookAt><styleUrl>#mapDaimonET</styleUrl><Point><coordinates>-49.535999,-11.841612,0</coordinates></Point></Placemark>
<Placemark><name>5700805052</name><visibility>0</visibility><LookAt><longitude>-49.545479</longitude><latitude>-11.832685</latitude><altitude>1200.0</altitude><altitudeMode>absolute</altitudeMode></LookAt><styleUrl>#mapDaimonET</styleUrl><Point><coordinates>-49.545479,-11.832685,0</coordinates></Point></Placemark>
<Placemark><name>5710337052</name><visibility>0</visibility><LookAt><longitude>-49.507198</longitude><latitude>-11.878767</latitude><altitude>1200.0</altitude><altitudeMode>absolute</altitudeMode></LookAt><styleUrl>#mapDaimonET</styleUrl><Point><coordinates>-49.507198,-11.878767,0</coordinates></Point></Placemark>
<Placemark><name>5700884052</name><visibility>0</visibility><LookAt><longitude>-49.557057</longitude><latitude>-11.850330</latitude><altitude>1200.0</altitude><altitudeMode>absolute</altitudeMode></LookAt><styleUrl>#mapDaimonET</styleUrl><Point><coordinates>-49.557057,-11.850330,0</coordinates></Point></Placemark>
<Placemark><name>5702142052</name><visibility>0</visibility><LookAt><longitude>-49.554757</longitude><latitude>-11.850194</latitude><altitude>1200.0</altitude><altitudeMode>absolute</altitudeMode></LookAt><styleUrl>#mapDaimonET</styleUrl><Point><coordinates>-49.554757,-11.850194,0</coordinates></Point></Placemark>
<Placemark><name>5700885052</name><visibility>0</visibility><LookAt><longitude>-49.559248</longitude><latitude>-11.855946</latitude><altitude>1200.0</altitude><altitudeMode>absolute</altitudeMode></LookAt><styleUrl>#mapDaimonET</styleUrl><Point><coordinates>-49.559248,-11.855946,0</coordinates></Point></Placemark>
<Placemark><name>5702135052</name><visibility>0</visibility><LookAt><longitude>-49.562293</longitude><latitude>-11.865578</latitude><altitude>1200.0</altitude><altitudeMode>absolute</altitudeMode></LookAt><styleUrl>#mapDaimonET</styleUrl><Point><coordinates>-49.562293,-11.865578,0</coordinates></Point></Placemark>
<Placemark><name>5710160052</name><visibility>0</visibility><LookAt><longitude>-49.553865</longitude><latitude>-11.839663</latitude><altitude>1200.0</altitude><altitudeMode>absolute</altitudeMode></LookAt><styleUrl>#mapDaimonET</styleUrl><Point><coordinates>-49.553865,-11.839663,0</coordinates></Point></Placemark>
<Placemark><name>5700680052</name><visibility>0</visibility><LookAt><longitude>-49.551304</longitude><latitude>-11.830350</latitude><altitude>1200.0</altitude><altitudeMode>absolute</altitudeMode></LookAt><styleUrl>#mapDaimonET</styleUrl><Point><coordinates>-49.551304,-11.830350,0</coordinates></Point></Placemark>
<Placemark><name>5710161052</name><visibility>0</visibility><LookAt><longitude>-49.551080</longitude><latitude>-11.842912</latitude><altitude>1200.0</altitude><altitudeMode>absolute</altitudeMode></LookAt><styleUrl>#mapDaimonET</styleUrl><Point><coordinates>-49.551080,-11.842912,0</coordinates></Point></Placemark>
<Placemark><name>5761600052</name><visibility>0</visibility><LookAt><longitude>-49.542151</longitude><latitude>-11.818881</latitude><altitude>1200.0</altitude><altitudeMode>absolute</altitudeMode></LookAt><styleUrl>#mapDaimonET</styleUrl><Point><coordinates>-49.542151,-11.818881,0</coordinates></Point></Placemark>
<Placemark><name>5710162052</name><visibility>0</visibility><LookAt><longitude>-49.545773</longitude><latitude>-11.848348</latitude><altitude>1200.0</altitude><altitudeMode>absolute</altitudeMode></LookAt><styleUrl>#mapDaimonET</styleUrl><Point><coordinates>-49.545773,-11.848348,0</coordinates></Point></Placemark>
<Placemark><name>5726472052</name><visibility>0</visibility><LookAt><longitude>-49.550972</longitude><latitude>-11.860595</latitude><altitude>1200.0</altitude><altitudeMode>absolute</altitudeMode></LookAt><styleUrl>#mapDaimonET</styleUrl><Point><coordinates>-49.550972,-11.860595,0</coordinates></Point></Placemark>
<Placemark><name>5726473052</name><visibility>0</visibility><LookAt><longitude>-49.539028</longitude><latitude>-11.870934</latitude><altitude>1200.0</altitude><altitudeMode>absolute</altitudeMode></LookAt><styleUrl>#mapDaimonET</styleUrl><Point><coordinates>-49.539028,-11.870934,0</coordinates></Point></Placemark>
<Placemark><name>5600161052</name><visibility>0</visibility><LookAt><longitude>-49.535323</longitude><latitude>-11.816838</latitude><altitude>1200.0</altitude><altitudeMode>absolute</altitudeMode></LookAt><styleUrl>#mapDaimonET</styleUrl><Point><coordinates>-49.535323,-11.816838,0</coordinates></Point></Placemark>
<Placemark><name>5600100052</name><visibility>0</visibility><LookAt><longitude>-49.523892</longitude><latitude>-11.812523</latitude><altitude>1200.0</altitude><altitudeMode>absolute</altitudeMode></LookAt><styleUrl>#mapDaimonET</styleUrl><Point><coordinates>-49.523892,-11.812523,0</coordinates></Point></Placemark>
<Placemark><name>5701285052</name><visibility>0</visibility><LookAt><longitude>-49.524685</longitude><latitude>-11.810959</latitude><altitude>1200.0</altitude><altitudeMode>absolute</altitudeMode></LookAt><styleUrl>#mapDaimonET</styleUrl><Point><coordinates>-49.524685,-11.810959,0</coordinates></Point></Placemark>
<Placemark><name>5700677052</name><visibility>0</visibility><LookAt><longitude>-49.521984</longitude><latitude>-11.813518</latitude><altitude>1200.0</altitude><altitudeMode>absolute</altitudeMode></LookAt><styleUrl>#mapDaimonET</styleUrl><Point><coordinates>-49.521984,-11.813518,0</coordinates></Point></Placemark>
<Placemark><name>5700092052</name><visibility>0</visibility><LookAt><longitude>-49.524981</longitude><latitude>-11.809648</latitude><altitude>1200.0</altitude><altitudeMode>absolute</altitudeMode></LookAt><styleUrl>#mapDaimonET</styleUrl><Point><coordinates>-49.524981,-11.809648,0</coordinates></Point></Placemark>
<Placemark><name>5700150052</name><visibility>0</visibility><LookAt><longitude>-49.524380</longitude><latitude>-11.807511</latitude><altitude>1200.0</altitude><altitudeMode>absolute</altitudeMode></LookAt><styleUrl>#mapDaimonET</styleUrl><Point><coordinates>-49.524380,-11.807511,0</coordinates></Point></Placemark>
<Placemark><name>5700553052</name><visibility>0</visibility><LookAt><longitude>-49.518524</longitude><latitude>-11.815424</latitude><altitude>1200.0</altitude><altitudeMode>absolute</altitudeMode></LookAt><styleUrl>#mapDaimonET</styleUrl><Point><coordinates>-49.518524,-11.815424,0</coordinates></Point></Placemark>
<Placemark><name>5700686052</name><visibility>0</visibility><LookAt><longitude>-49.517956</longitude><latitude>-11.813465</latitude><altitude>1200.0</altitude><altitudeMode>absolute</altitudeMode></LookAt><styleUrl>#mapDaimonET</styleUrl><Point><coordinates>-49.517956,-11.813465,0</coordinates></Point></Placemark>
<Placemark><name>5710333052</name><visibility>0</visibility><LookAt><longitude>-49.491547</longitude><latitude>-11.850670</latitude><altitude>1200.0</altitude><altitudeMode>absolute</altitudeMode></LookAt><styleUrl>#mapDaimonET</styleUrl><Point><coordinates>-49.491547,-11.850670,0</coordinates></Point></Placemark>
<Placemark><name>5161301052</name><visibility>0</visibility><LookAt><longitude>-49.503213</longitude><latitude>-11.892789</latitude><altitude>1200.0</altitude><altitudeMode>absolute</altitudeMode></LookAt><styleUrl>#mapDaimonET</styleUrl><Point><coordinates>-49.503213,-11.892789,0</coordinates></Point></Placemark>
<Placemark><name>5701471052</name><visibility>0</visibility><LookAt><longitude>-49.560710</longitude><latitude>-11.827606</latitude><altitude>1200.0</altitude><altitudeMode>absolute</altitudeMode></LookAt><styleUrl>#mapDaimonET</styleUrl><Point><coordinates>-49.560710,-11.827606,0</coordinates></Point></Placemark>
<Placemark><name>5735982052</name><visibility>0</visibility><LookAt><longitude>-49.558387</longitude><latitude>-11.860321</latitude><altitude>1200.0</altitude><altitudeMode>absolute</altitudeMode></LookAt><styleUrl>#mapDaimonET</styleUrl><Point><coordinates>-49.558387,-11.860321,0</coordinates></Point></Placemark>
<Placemark><name>5754808052</name><visibility>0</visibility><LookAt><longitude>-49.524599</longitude><latitude>-11.808379</latitude><altitude>1200.0</altitude><altitudeMode>absolute</altitudeMode></LookAt><styleUrl>#mapDaimonET</styleUrl><Point><coordinates>-49.524599,-11.808379,0</coordinates></Point></Placemark>
<Placemark><name>5700094052</name><visibility>0</visibility><LookAt><longitude>-49.518598</longitude><latitude>-11.810980</latitude><altitude>1200.0</altitude><altitudeMode>absolute</altitudeMode></LookAt><styleUrl>#mapDaimonET</styleUrl><Point><coordinates>-49.518598,-11.810980,0</coordinates></Point></Placemark>
<Placemark><name>5762994052</name><visibility>0</visibility><LookAt><longitude>-49.520379</longitude><latitude>-11.811029</latitude><altitude>1200.0</altitude><altitudeMode>absolute</altitudeMode></LookAt><styleUrl>#mapDaimonET</styleUrl><Point><coordinates>-49.520379,-11.811029,0</coordinates></Point></Placemark>
<Placemark><name>5702762052</name><visibility>0</visibility><LookAt><longitude>-49.522104</longitude><latitude>-11.811957</latitude><altitude>1200.0</altitude><altitudeMode>absolute</altitudeMode></LookAt><styleUrl>#mapDaimonET</styleUrl><Point><coordinates>-49.522104,-11.811957,0</coordinates></Point></Placemark>
<Placemark><name>5700755052</name><visibility>0</visibility><LookAt><longitude>-49.515607</longitude><latitude>-11.808917</latitude><altitude>1200.0</altitude><altitudeMode>absolute</altitudeMode></LookAt><styleUrl>#mapDaimonET</styleUrl><Point><coordinates>-49.515607,-11.808917,0</coordinates></Point></Placemark>
<Placemark><name>5700162052</name><visibility>0</visibility><LookAt><longitude>-49.524272</longitude><latitude>-11.812980</latitude><altitude>1200.0</altitude><altitudeMode>absolute</altitudeMode></LookAt><styleUrl>#mapDaimonET</styleUrl><Point><coordinates>-49.524272,-11.812980,0</coordinates></Point></Placemark>
<Placemark><name>5700102052</name><visibility>0</visibility><LookAt><longitude>-49.524555</longitude><latitude>-11.816470</latitude><altitude>1200.0</altitude><altitudeMode>absolute</altitudeMode></LookAt><styleUrl>#mapDaimonET</styleUrl><Point><coordinates>-49.524555,-11.816470,0</coordinates></Point></Placemark>
<Placemark><name>5700103052</name><visibility>0</visibility><LookAt><longitude>-49.521854</longitude><latitude>-11.817815</latitude><altitude>1200.0</altitude><altitudeMode>absolute</altitudeMode></LookAt><styleUrl>#mapDaimonET</styleUrl><Point><coordinates>-49.521854,-11.817815,0</coordinates></Point></Placemark>
<Placemark><name>5700106052</name><visibility>0</visibility><LookAt><longitude>-49.518709</longitude><latitude>-11.818916</latitude><altitude>1200.0</altitude><altitudeMode>absolute</altitudeMode></LookAt><styleUrl>#mapDaimonET</styleUrl><Point><coordinates>-49.518709,-11.818916,0</coordinates></Point></Placemark>
<Placemark><name>5700110052</name><visibility>0</visibility><LookAt><longitude>-49.515652</longitude><latitude>-11.819350</latitude><altitude>1200.0</altitude><altitudeMode>absolute</altitudeMode></LookAt><styleUrl>#mapDaimonET</styleUrl><Point><coordinates>-49.515652,-11.819350,0</coordinates></Point></Placemark>
<Placemark><name>5710156052</name><visibility>0</visibility><LookAt><longitude>-49.480356</longitude><latitude>-11.918828</latitude><altitude>1200.0</altitude><altitudeMode>absolute</altitudeMode></LookAt><styleUrl>#mapDaimonET</styleUrl><Point><coordinates>-49.480356,-11.918828,0</coordinates></Point></Placemark>
<Placemark><name>5710321052</name><visibility>0</visibility><LookAt><longitude>-49.487694</longitude><latitude>-11.901537</latitude><altitude>1200.0</altitude><altitudeMode>absolute</altitudeMode></LookAt><styleUrl>#mapDaimonET</styleUrl><Point><coordinates>-49.487694,-11.901537,0</coordinates></Point></Placemark>
<Placemark><name>5700811052</name><visibility>0</visibility><LookAt><longitude>-49.467986</longitude><latitude>-11.906794</latitude><altitude>1200.0</altitude><altitudeMode>absolute</altitudeMode></LookAt><styleUrl>#mapDaimonET</styleUrl><Point><coordinates>-49.467986,-11.906794,0</coordinates></Point></Placemark>
<Placemark><name>5710335052</name><visibility>0</visibility><LookAt><longitude>-49.504723</longitude><latitude>-11.905709</latitude><altitude>1200.0</altitude><altitudeMode>absolute</altitudeMode></LookAt><styleUrl>#mapDaimonET</styleUrl><Point><coordinates>-49.504723,-11.905709,0</coordinates></Point></Placemark>
<Placemark><name>5710334052</name><visibility>0</visibility><LookAt><longitude>-49.524432</longitude><latitude>-11.929512</latitude><altitude>1200.0</altitude><altitudeMode>absolute</altitudeMode></LookAt><styleUrl>#mapDaimonET</styleUrl><Point><coordinates>-49.524432,-11.929512,0</coordinates></Point></Placemark>
<Placemark><name>5710336052</name><visibility>0</visibility><LookAt><longitude>-49.513202</longitude><latitude>-11.927471</latitude><altitude>1200.0</altitude><altitudeMode>absolute</altitudeMode></LookAt><styleUrl>#mapDaimonET</styleUrl><Point><coordinates>-49.513202,-11.927471,0</coordinates></Point></Placemark>
<Placemark><name>5700099052</name><visibility>0</visibility><LookAt><longitude>-49.516507</longitude><latitude>-11.814982</latitude><altitude>1200.0</altitude><altitudeMode>absolute</altitudeMode></LookAt><styleUrl>#mapDaimonET</styleUrl><Point><coordinates>-49.516507,-11.814982,0</coordinates></Point></Placemark>
<Placemark><name>5700098052</name><visibility>0</visibility><LookAt><longitude>-49.516075</longitude><latitude>-11.811176</latitude><altitude>1200.0</altitude><altitudeMode>absolute</altitudeMode></LookAt><styleUrl>#mapDaimonET</styleUrl><Point><coordinates>-49.516075,-11.811176,0</coordinates></Point></Placemark>
<Placemark><name>5700167052</name><visibility>0</visibility><LookAt><longitude>-49.511676</longitude><latitude>-11.816409</latitude><altitude>1200.0</altitude><altitudeMode>absolute</altitudeMode></LookAt><styleUrl>#mapDaimonET</styleUrl><Point><coordinates>-49.511676,-11.816409,0</coordinates></Point></Placemark>
<Placemark><name>5701551052</name><visibility>0</visibility><LookAt><longitude>-49.507646</longitude><latitude>-11.815067</latitude><altitude>1200.0</altitude><altitudeMode>absolute</altitudeMode></LookAt><styleUrl>#mapDaimonET</styleUrl><Point><coordinates>-49.507646,-11.815067,0</coordinates></Point></Placemark>
<Placemark><name>5700096052</name><visibility>0</visibility><LookAt><longitude>-49.519769</longitude><latitude>-11.808090</latitude><altitude>1200.0</altitude><altitudeMode>absolute</altitudeMode></LookAt><styleUrl>#mapDaimonET</styleUrl><Point><coordinates>-49.519769,-11.808090,0</coordinates></Point></Placemark>
<Placemark><name>5720128052</name><visibility>0</visibility><LookAt><longitude>-49.519476</longitude><latitude>-11.809481</latitude><altitude>1200.0</altitude><altitudeMode>absolute</altitudeMode></LookAt><styleUrl>#mapDaimonET</styleUrl><Point><coordinates>-49.519476,-11.809481,0</coordinates></Point></Placemark>
<Placemark><name>5701606052</name><visibility>0</visibility><LookAt><longitude>-49.518045</longitude><latitude>-11.808116</latitude><altitude>1200.0</altitude><altitudeMode>absolute</altitudeMode></LookAt><styleUrl>#mapDaimonET</styleUrl><Point><coordinates>-49.518045,-11.808116,0</coordinates></Point></Placemark>
<Placemark><name>5700108052</name><visibility>0</visibility><LookAt><longitude>-49.518655</longitude><latitude>-11.820229</latitude><altitude>1200.0</altitude><altitudeMode>absolute</altitudeMode></LookAt><styleUrl>#mapDaimonET</styleUrl><Point><coordinates>-49.518655,-11.820229,0</coordinates></Point></Placemark>
<Placemark><name>5757002052</name><visibility>0</visibility><LookAt><longitude>-49.526361</longitude><latitude>-11.817038</latitude><altitude>1200.0</altitude><altitudeMode>absolute</altitudeMode></LookAt><styleUrl>#mapDaimonET</styleUrl><Point><coordinates>-49.526361,-11.817038,0</coordinates></Point></Placemark>
<Placemark><name>5700111052</name><visibility>0</visibility><LookAt><longitude>-49.515680</longitude><latitude>-11.818774</latitude><altitude>1200.0</altitude><altitudeMode>absolute</altitudeMode></LookAt><styleUrl>#mapDaimonET</styleUrl><Point><coordinates>-49.515680,-11.818774,0</coordinates></Point></Placemark>
<Placemark><name>5700112052</name><visibility>0</visibility><LookAt><longitude>-49.512762</longitude><latitude>-11.819163</latitude><altitude>1200.0</altitude><altitudeMode>absolute</altitudeMode></LookAt><styleUrl>#mapDaimonET</styleUrl><Point><coordinates>-49.512762,-11.819163,0</coordinates></Point></Placemark>
<Placemark><name>5700113052</name><visibility>0</visibility><LookAt><longitude>-49.512112</longitude><latitude>-11.819165</latitude><altitude>1200.0</altitude><altitudeMode>absolute</altitudeMode></LookAt><styleUrl>#mapDaimonET</styleUrl><Point><coordinates>-49.512112,-11.819165,0</coordinates></Point></Placemark>
<Placemark><name>5700114052</name><visibility>0</visibility><LookAt><longitude>-49.510008</longitude><latitude>-11.819406</latitude><altitude>1200.0</altitude><altitudeMode>absolute</altitudeMode></LookAt><styleUrl>#mapDaimonET</styleUrl><Point><coordinates>-49.510008,-11.819406,0</coordinates></Point></Placemark>
<Placemark><name>5761351052</name><visibility>0</visibility><LookAt><longitude>-49.522273</longitude><latitude>-11.818153</latitude><altitude>1200.0</altitude><altitudeMode>absolute</altitudeMode></LookAt><styleUrl>#mapDaimonET</styleUrl><Point><coordinates>-49.522273,-11.818153,0</coordinates></Point></Placemark>
<Placemark><name>5700105052</name><visibility>0</visibility><LookAt><longitude>-49.522798</longitude><latitude>-11.819184</latitude><altitude>1200.0</altitude><altitudeMode>absolute</altitudeMode></LookAt><styleUrl>#mapDaimonET</styleUrl><Point><coordinates>-49.522798,-11.819184,0</coordinates></Point></Placemark>
<Placemark><name>5761500052</name><visibility>0</visibility><LookAt><longitude>-49.523554</longitude><latitude>-11.816061</latitude><altitude>1200.0</altitude><altitudeMode>absolute</altitudeMode></LookAt><styleUrl>#mapDaimonET</styleUrl><Point><coordinates>-49.523554,-11.816061,0</coordinates></Point></Placemark>
<Placemark><name>5710158052</name><visibility>0</visibility><LookAt><longitude>-49.463743</longitude><latitude>-11.926184</latitude><altitude>1200.0</altitude><altitudeMode>absolute</altitudeMode></LookAt><styleUrl>#mapDaimonET</styleUrl><Point><coordinates>-49.463743,-11.926184,0</coordinates></Point></Placemark>
<Placemark><name>5701913052</name><visibility>0</visibility><LookAt><longitude>-49.453528</longitude><latitude>-11.965057</latitude><altitude>1200.0</altitude><altitudeMode>absolute</altitudeMode></LookAt><styleUrl>#mapDaimonET</styleUrl><Point><coordinates>-49.453528,-11.965057,0</coordinates></Point></Placemark>
<Placemark><name>5701926052</name><visibility>0</visibility><LookAt><longitude>-49.454810</longitude><latitude>-11.937993</latitude><altitude>1200.0</altitude><altitudeMode>absolute</altitudeMode></LookAt><styleUrl>#mapDaimonET</styleUrl><Point><coordinates>-49.454810,-11.937993,0</coordinates></Point></Placemark>
<Placemark><name>5710157052</name><visibility>0</visibility><LookAt><longitude>-49.468445</longitude><latitude>-11.927407</latitude><altitude>1200.0</altitude><altitudeMode>absolute</altitudeMode></LookAt><styleUrl>#mapDaimonET</styleUrl><Point><coordinates>-49.468445,-11.927407,0</coordinates></Point></Placemark>
<Placemark><name>5700815052</name><visibility>0</visibility><LookAt><longitude>-49.434898</longitude><latitude>-11.920097</latitude><altitude>1200.0</altitude><altitudeMode>absolute</altitudeMode></LookAt><styleUrl>#mapDaimonET</styleUrl><Point><coordinates>-49.434898,-11.920097,0</coordinates></Point></Placemark>
<Placemark><name>5701870052</name><visibility>0</visibility><LookAt><longitude>-49.460912</longitude><latitude>-11.908106</latitude><altitude>1200.0</altitude><altitudeMode>absolute</altitudeMode></LookAt><styleUrl>#mapDaimonET</styleUrl><Point><coordinates>-49.460912,-11.908106,0</coordinates></Point></Placemark>
<Placemark><name>5700821052</name><visibility>0</visibility><LookAt><longitude>-49.475799</longitude><latitude>-11.930094</latitude><altitude>1200.0</altitude><altitudeMode>absolute</altitudeMode></LookAt><styleUrl>#mapDaimonET</styleUrl><Point><coordinates>-49.475799,-11.930094,0</coordinates></Point></Placemark>
<Placemark><name>5700813052</name><visibility>0</visibility><LookAt><longitude>-49.486965</longitude><latitude>-11.945256</latitude><altitude>1200.0</altitude><altitudeMode>absolute</altitudeMode></LookAt><styleUrl>#mapDaimonET</styleUrl><Point><coordinates>-49.486965,-11.945256,0</coordinates></Point></Placemark>
<Placemark><name>5713147052</name><visibility>0</visibility><LookAt><longitude>-49.497630</longitude><latitude>-11.940537</latitude><altitude>1200.0</altitude><altitudeMode>absolute</altitudeMode></LookAt><styleUrl>#mapDaimonET</styleUrl><Point><coordinates>-49.497630,-11.940537,0</coordinates></Point></Placemark>
<Placemark><name>5702028052</name><visibility>0</visibility><LookAt><longitude>-49.501439</longitude><latitude>-11.948776</latitude><altitude>1200.0</altitude><altitudeMode>absolute</altitudeMode></LookAt><styleUrl>#mapDaimonET</styleUrl><Point><coordinates>-49.501439,-11.948776,0</coordinates></Point></Placemark>
<Placemark><name>5701919052</name><visibility>0</visibility><LookAt><longitude>-49.455086</longitude><latitude>-11.956476</latitude><altitude>1200.0</altitude><altitudeMode>absolute</altitudeMode></LookAt><styleUrl>#mapDaimonET</styleUrl><Point><coordinates>-49.455086,-11.956476,0</coordinates></Point></Placemark>
<Placemark><name>5748620052</name><visibility>0</visibility><LookAt><longitude>-49.455864</longitude><latitude>-11.964020</latitude><altitude>1200.0</altitude><altitudeMode>absolute</altitudeMode></LookAt><styleUrl>#mapDaimonET</styleUrl><Point><coordinates>-49.455864,-11.964020,0</coordinates></Point></Placemark>
<Placemark><name>5701915052</name><visibility>0</visibility><LookAt><longitude>-49.486141</longitude><latitude>-11.959893</latitude><altitude>1200.0</altitude><altitudeMode>absolute</altitudeMode></LookAt><styleUrl>#mapDaimonET</styleUrl><Point><coordinates>-49.486141,-11.959893,0</coordinates></Point></Placemark>
<Placemark><name>5701918052</name><visibility>0</visibility><LookAt><longitude>-49.485676</longitude><latitude>-11.957874</latitude><altitude>1200.0</altitude><altitudeMode>absolute</altitudeMode></LookAt><styleUrl>#mapDaimonET</styleUrl><Point><coordinates>-49.485676,-11.957874,0</coordinates></Point></Placemark>
<Placemark><name>5701925052</name><visibility>0</visibility><LookAt><longitude>-49.491597</longitude><latitude>-11.967365</latitude><altitude>1200.0</altitude><altitudeMode>absolute</altitudeMode></LookAt><styleUrl>#mapDaimonET</styleUrl><Point><coordinates>-49.491597,-11.967365,0</coordinates></Point></Placemark>
<Placemark><name>5702133052</name><visibility>0</visibility><LookAt><longitude>-49.441087</longitude><latitude>-11.961343</latitude><altitude>1200.0</altitude><altitudeMode>absolute</altitudeMode></LookAt><styleUrl>#mapDaimonET</styleUrl><Point><coordinates>-49.441087,-11.961343,0</coordinates></Point></Placemark>
<Placemark><name>5702132052</name><visibility>0</visibility><LookAt><longitude>-49.442239</longitude><latitude>-11.946730</latitude><altitude>1200.0</altitude><altitudeMode>absolute</altitudeMode></LookAt><styleUrl>#mapDaimonET</styleUrl><Point><coordinates>-49.442239,-11.946730,0</coordinates></Point></Placemark>
<Placemark><name>5701912052</name><visibility>0</visibility><LookAt><longitude>-49.457861</longitude><latitude>-11.952277</latitude><altitude>1200.0</altitude><altitudeMode>absolute</altitudeMode></LookAt><styleUrl>#mapDaimonET</styleUrl><Point><coordinates>-49.457861,-11.952277,0</coordinates></Point></Placemark>
<Placemark><name>5738906052</name><visibility>0</visibility><LookAt><longitude>-49.455458</longitude><latitude>-11.948718</latitude><altitude>1200.0</altitude><altitudeMode>absolute</altitudeMode></LookAt><styleUrl>#mapDaimonET</styleUrl><Point><coordinates>-49.455458,-11.948718,0</coordinates></Point></Placemark>
<Placemark><name>5701911052</name><visibility>0</visibility><LookAt><longitude>-49.456830</longitude><latitude>-11.944434</latitude><altitude>1200.0</altitude><altitudeMode>absolute</altitudeMode></LookAt><styleUrl>#mapDaimonET</styleUrl><Point><coordinates>-49.456830,-11.944434,0</coordinates></Point></Placemark>
<Placemark><name>5700814052</name><visibility>0</visibility><LookAt><longitude>-49.453211</longitude><latitude>-11.923660</latitude><altitude>1200.0</altitude><altitudeMode>absolute</altitudeMode></LookAt><styleUrl>#mapDaimonET</styleUrl><Point><coordinates>-49.453211,-11.923660,0</coordinates></Point></Placemark>
<Placemark><name>5146963052</name><visibility>0</visibility><LookAt><longitude>-49.414906</longitude><latitude>-11.891247</latitude><altitude>1200.0</altitude><altitudeMode>absolute</altitudeMode></LookAt><styleUrl>#mapDaimonET</styleUrl><Point><coordinates>-49.414906,-11.891247,0</coordinates></Point></Placemark>
<Placemark><name>5750493052</name><visibility>0</visibility><LookAt><longitude>-49.429968</longitude><latitude>-11.916938</latitude><altitude>1200.0</altitude><altitudeMode>absolute</altitudeMode></LookAt><styleUrl>#mapDaimonET</styleUrl><Point><coordinates>-49.429968,-11.916938,0</coordinates></Point></Placemark>
<Placemark><name>5731886052</name><visibility>0</visibility><LookAt><longitude>-49.493453</longitude><latitude>-11.956517</latitude><altitude>1200.0</altitude><altitudeMode>absolute</altitudeMode></LookAt><styleUrl>#mapDaimonET</styleUrl><Point><coordinates>-49.493453,-11.956517,0</coordinates></Point></Placemark>
<Placemark><name>5701923052</name><visibility>0</visibility><LookAt><longitude>-49.479062</longitude><latitude>-11.976116</latitude><altitude>1200.0</altitude><altitudeMode>absolute</altitudeMode></LookAt><styleUrl>#mapDaimonET</styleUrl><Point><coordinates>-49.479062,-11.976116,0</coordinates></Point></Placemark>
<Placemark><name>5701917052</name><visibility>0</visibility><LookAt><longitude>-49.484390</longitude><latitude>-11.963682</latitude><altitude>1200.0</altitude><altitudeMode>absolute</altitudeMode></LookAt><styleUrl>#mapDaimonET</styleUrl><Point><coordinates>-49.484390,-11.963682,0</coordinates></Point></Placemark>
<Placemark><name>5714109052</name><visibility>0</visibility><LookAt><longitude>-49.471520</longitude><latitude>-11.961222</latitude><altitude>1200.0</altitude><altitudeMode>absolute</altitudeMode></LookAt><styleUrl>#mapDaimonET</styleUrl><Point><coordinates>-49.471520,-11.961222,0</coordinates></Point></Placemark>
<Placemark><name>5701921052</name><visibility>0</visibility><LookAt><longitude>-49.475857</longitude><latitude>-11.952284</latitude><altitude>1200.0</altitude><altitudeMode>absolute</altitudeMode></LookAt><styleUrl>#mapDaimonET</styleUrl><Point><coordinates>-49.475857,-11.952284,0</coordinates></Point></Placemark>
<Placemark><name>5701920052</name><visibility>0</visibility><LookAt><longitude>-49.478969</longitude><latitude>-11.955896</latitude><altitude>1200.0</altitude><altitudeMode>absolute</altitudeMode></LookAt><styleUrl>#mapDaimonET</styleUrl><Point><coordinates>-49.478969,-11.955896,0</coordinates></Point></Placemark>
<Placemark><name>5701916052</name><visibility>0</visibility><LookAt><longitude>-49.480305</longitude><latitude>-11.960450</latitude><altitude>1200.0</altitude><altitudeMode>absolute</altitudeMode></LookAt><styleUrl>#mapDaimonET</styleUrl><Point><coordinates>-49.480305,-11.960450,0</coordinates></Point></Placemark>
<Placemark><name>5713132052</name><visibility>0</visibility><LookAt><longitude>-49.475964</longitude><latitude>-11.946327</latitude><altitude>1200.0</altitude><altitudeMode>absolute</altitudeMode></LookAt><styleUrl>#mapDaimonET</styleUrl><Point><coordinates>-49.475964,-11.946327,0</coordinates></Point></Placemark>
<Placemark><name>5364452052</name><visibility>0</visibility><LookAt><longitude>-49.439870</longitude><latitude>-11.943448</latitude><altitude>1200.0</altitude><altitudeMode>absolute</altitudeMode></LookAt><styleUrl>#mapDaimonET</styleUrl><Point><coordinates>-49.439870,-11.943448,0</coordinates></Point></Placemark>
<Placemark><name>5710341052</name><visibility>0</visibility><LookAt><longitude>-49.410315</longitude><latitude>-11.899531</latitude><altitude>1200.0</altitude><altitudeMode>absolute</altitudeMode></LookAt><styleUrl>#mapDaimonET</styleUrl><Point><coordinates>-49.410315,-11.899531,0</coordinates></Point></Placemark>
<Placemark><name>5700816052</name><visibility>0</visibility><LookAt><longitude>-49.412462</longitude><latitude>-11.908831</latitude><altitude>1200.0</altitude><altitudeMode>absolute</altitudeMode></LookAt><styleUrl>#mapDaimonET</styleUrl><Point><coordinates>-49.412462,-11.908831,0</coordinates></Point></Placemark>
<Placemark><name>5710340052</name><visibility>0</visibility><LookAt><longitude>-49.415737</longitude><latitude>-11.890783</latitude><altitude>1200.0</altitude><altitudeMode>absolute</altitudeMode></LookAt><styleUrl>#mapDaimonET</styleUrl><Point><coordinates>-49.415737,-11.890783,0</coordinates></Point></Placemark>
<Placemark><name>5700665052</name><visibility>0</visibility><LookAt><longitude>-49.407941</longitude><latitude>-11.924456</latitude><altitude>1200.0</altitude><altitudeMode>absolute</altitudeMode></LookAt><styleUrl>#mapDaimonET</styleUrl><Point><coordinates>-49.407941,-11.924456,0</coordinates></Point></Placemark>
<Placemark><name>5710347052</name><visibility>0</visibility><LookAt><longitude>-49.392872</longitude><latitude>-11.919680</latitude><altitude>1200.0</altitude><altitudeMode>absolute</altitudeMode></LookAt><styleUrl>#mapDaimonET</styleUrl><Point><coordinates>-49.392872,-11.919680,0</coordinates></Point></Placemark>
<Placemark><name>5702051052</name><visibility>0</visibility><LookAt><longitude>-49.420377</longitude><latitude>-11.936481</latitude><altitude>1200.0</altitude><altitudeMode>absolute</altitudeMode></LookAt><styleUrl>#mapDaimonET</styleUrl><Point><coordinates>-49.420377,-11.936481,0</coordinates></Point></Placemark>
<Placemark><name>5710345052</name><visibility>0</visibility><LookAt><longitude>-49.406884</longitude><latitude>-11.946113</latitude><altitude>1200.0</altitude><altitudeMode>absolute</altitudeMode></LookAt><styleUrl>#mapDaimonET</styleUrl><Point><coordinates>-49.406884,-11.946113,0</coordinates></Point></Placemark>
<Placemark><name>5710346052</name><visibility>0</visibility><LookAt><longitude>-49.404602</longitude><latitude>-11.914081</latitude><altitude>1200.0</altitude><altitudeMode>absolute</altitudeMode></LookAt><styleUrl>#mapDaimonET</styleUrl><Point><coordinates>-49.404602,-11.914081,0</coordinates></Point></Placemark>
<Placemark><name>5710339052</name><visibility>0</visibility><LookAt><longitude>-49.433751</longitude><latitude>-11.892529</latitude><altitude>1200.0</altitude><altitudeMode>absolute</altitudeMode></LookAt><styleUrl>#mapDaimonET</styleUrl><Point><coordinates>-49.433751,-11.892529,0</coordinates></Point></Placemark>
<Placemark><name>5700881052</name><visibility>0</visibility><LookAt><longitude>-49.436528</longitude><latitude>-11.885199</latitude><altitude>1200.0</altitude><altitudeMode>absolute</altitudeMode></LookAt><styleUrl>#mapDaimonET</styleUrl><Point><coordinates>-49.436528,-11.885199,0</coordinates></Point></Placemark>
</Folder>
<Folder>
<name>Gerador</name>
<visibility>0</visibility>
<Placemark><name>3468874</name><visibility>0</visibility><LookAt><longitude>-49.559543</longitude><latitude>-11.864831</latitude><altitude>1200.0</altitude><altitudeMode>absolute</altitudeMode></LookAt><styleUrl>#mapDaimonGerador</styleUrl><Point><coordinates>-49.559543,-11.864831,0</coordinates></Point></Placemark>
<Placemark><name>3468873</name><visibility>0</visibility><LookAt><longitude>-49.559092</longitude><latitude>-11.864361</latitude><altitude>1200.0</altitude><altitudeMode>absolute</altitudeMode></LookAt><styleUrl>#mapDaimonGerador</styleUrl><Point><coordinates>-49.559092,-11.864361,0</coordinates></Point></Placemark>
<Placemark><name>3356904</name><visibility>0</visibility><LookAt><longitude>-49.560144</longitude><latitude>-11.865621</latitude><altitude>1200.0</altitude><altitudeMode>absolute</altitudeMode></LookAt><styleUrl>#mapDaimonGerador</styleUrl><Point><coordinates>-49.560144,-11.865621,0</coordinates></Point></Placemark>
</Folder>
<Folder>
<name>Reator</name>
<visibility>0</visibility>
</Folder>
<Folder>
<name>Regulador</name>
<visibility>0</visibility>
</Folder>
<Folder>
<name>Transformador</name>
<visibility>0</visibility>
</Folder>
<Folder>
<name>Trecho</name>
<Placemark><name>12074348</name><styleUrl>#styleDaimonCIRCUITO173TRECHO</styleUrl><LineString><coordinates>-49.564025,-11.803497,0 -49.564027,-11.803472,0</coordinates></LineString></Placemark>
<Placemark><name>3558832</name><styleUrl>#styleDaimonCIRCUITO173TRECHO</styleUrl><LineString><coordinates>-49.564027,-11.803472,0 -49.563945,-11.803362,0</coordinates></LineString></Placemark>
<Placemark><name>2817532</name><styleUrl>#styleDaimonCIRCUITO173TRECHO</styleUrl><LineString><coordinates>-49.564025,-11.803497,0 -49.563982,-11.803520,0</coordinates></LineString></Placemark>
<Placemark><name>36294585</name><styleUrl>#styleDaimonCIRCUITO173TRECHO</styleUrl><LineString><coordinates>-49.563945,-11.803362,0 -49.563961,-11.803347,0</coordinates></LineString></Placemark>
<Placemark><name>3558831</name><styleUrl>#styleDaimonCIRCUITO173TRECHO</styleUrl><LineString><coordinates>-49.563945,-11.803362,0 -49.563867,-11.803268,0</coordinates></LineString></Placemark>
<Placemark><name>12074347</name><styleUrl>#styleDaimonCIRCUITO173TRECHO</styleUrl><LineString><coordinates>-49.561759,-11.804719,0 -49.561724,-11.804730,0</coordinates></LineString></Placemark>
<Placemark><name>2915610</name><styleUrl>#styleDaimonCIRCUITO173TRECHO</styleUrl><LineString><coordinates>-49.561724,-11.804730,0 -49.561021,-11.804686,0</coordinates></LineString></Placemark>
<Placemark><name>2915103</name><styleUrl>#styleDaimonCIRCUITO173TRECHO</styleUrl><LineString><coordinates>-49.562316,-11.804357,0 -49.561759,-11.804719,0</coordinates></LineString></Placemark>
<Placemark><name>2915609</name><styleUrl>#styleDaimonCIRCUITO173TRECHO</styleUrl><LineString><coordinates>-49.561021,-11.804686,0 -49.560224,-11.804642,0</coordinates></LineString></Placemark>
<Placemark><name>2915615</name><styleUrl>#styleDaimonCIRCUITO173TRECHO</styleUrl><LineString><coordinates>-49.562848,-11.804000,0 -49.562316,-11.804357,0</coordinates></LineString></Placemark>
<Placemark><name>2915608</name><styleUrl>#styleDaimonCIRCUITO173TRECHO</styleUrl><LineString><coordinates>-49.560224,-11.804642,0 -49.559462,-11.804598,0</coordinates></LineString></Placemark>
<Placemark><name>2915104</name><styleUrl>#styleDaimonCIRCUITO173TRECHO</styleUrl><LineString><coordinates>-49.563387,-11.803613,0 -49.562848,-11.804000,0</coordinates></LineString></Placemark>
<Placemark><name>2915607</name><styleUrl>#styleDaimonCIRCUITO173TRECHO</styleUrl><LineString><coordinates>-49.559462,-11.804598,0 -49.558697,-11.804561,0</coordinates></LineString></Placemark>
<Placemark><name>2817529</name><styleUrl>#styleDaimonCIRCUITO173TRECHO</styleUrl><LineString><coordinates>-49.563819,-11.803303,0 -49.563387,-11.803613,0</coordinates></LineString></Placemark>
<Placemark><name>12074346</name><styleUrl>#styleDaimonCIRCUITO173TRECHO</styleUrl><LineString><coordinates>-49.558697,-11.804561,0 -49.558659,-11.804559,0</coordinates></LineString></Placemark>
<Placemark><name>2915606</name><styleUrl>#styleDaimonCIRCUITO173TRECHO</styleUrl><LineString><coordinates>-49.558659,-11.804559,0 -49.557416,-11.804484,0</coordinates></LineString></Placemark>
<Placemark><name>12074343</name><styleUrl>#styleDaimonCIRCUITO173TRECHO</styleUrl><LineString><coordinates>-49.557416,-11.804484,0 -49.557381,-11.804481,0</coordinates></LineString></Placemark>
<Placemark><name>2817527</name><styleUrl>#styleDaimonCIRCUITO173TRECHO</styleUrl><LineString><coordinates>-49.557381,-11.804481,0 -49.556793,-11.804448,0</coordinates></LineString></Placemark>
<Placemark><name>2915102</name><styleUrl>#styleDaimonCIRCUITO173TRECHO</styleUrl><LineString><coordinates>-49.556793,-11.804448,0 -49.556262,-11.804417,0</coordinates></LineString></Placemark>
<Placemark><name>2473571</name><styleUrl>#styleDaimonCIRCUITO173TRECHO</styleUrl><LineString><coordinates>-49.556262,-11.804417,0 -49.555832,-11.804405,0</coordinates></LineString></Placemark>
<Placemark><name>2915603</name><styleUrl>#styleDaimonCIRCUITO173TRECHO</styleUrl><LineString><coordinates>-49.555832,-11.804405,0 -49.555183,-11.804387,0</coordinates></LineString></Placemark>
<Placemark><name>2915100</name><styleUrl>#styleDaimonCIRCUITO173TRECHO</styleUrl><LineString><coordinates>-49.555183,-11.804387,0 -49.554541,-11.804376,0</coordinates></LineString></Placemark>
<Placemark><name>12074341</name><styleUrl>#styleDaimonCIRCUITO173TRECHO</styleUrl><LineString><coordinates>-49.551254,-11.804593,0 -49.551215,-11.804600,0</coordinates></LineString></Placemark>
<Placemark><name>2915600</name><styleUrl>#styleDaimonCIRCUITO173TRECHO</styleUrl><LineString><coordinates>-49.551215,-11.804600,0 -49.550672,-11.804619,0</coordinates></LineString></Placemark>
<Placemark><name>2920105</name><styleUrl>#styleDaimonCIRCUITO173TRECHO</styleUrl><LineString><coordinates>-49.552057,-11.804342,0 -49.551254,-11.804593,0</coordinates></LineString></Placemark>
<Placemark><name>2915601</name><styleUrl>#styleDaimonCIRCUITO173TRECHO</styleUrl><LineString><coordinates>-49.550672,-11.804619,0 -49.550107,-11.804612,0</coordinates></LineString></Placemark>
<Placemark><name>12074342</name><styleUrl>#styleDaimonCIRCUITO173TRECHO</styleUrl><LineString><coordinates>-49.552091,-11.804343,0 -49.552057,-11.804342,0</coordinates></LineString></Placemark>
<Placemark><name>2817526</name><styleUrl>#styleDaimonCIRCUITO173TRECHO</styleUrl><LineString><coordinates>-49.550107,-11.804612,0 -49.549533,-11.804595,0</coordinates></LineString></Placemark>
<Placemark><name>2920107</name><styleUrl>#styleDaimonCIRCUITO173TRECHO</styleUrl><LineString><coordinates>-49.552730,-11.804357,0 -49.552091,-11.804343,0</coordinates></LineString></Placemark>
<Placemark><name>2915602</name><styleUrl>#styleDaimonCIRCUITO173TRECHO</styleUrl><LineString><coordinates>-49.549533,-11.804595,0 -49.548947,-11.804583,0</coordinates></LineString></Placemark>
<Placemark><name>2817531</name><styleUrl>#styleDaimonCIRCUITO173TRECHO</styleUrl><LineString><coordinates>-49.553348,-11.804352,0 -49.552730,-11.804357,0</coordinates></LineString></Placemark>
<Placemark><name>2915599</name><styleUrl>#styleDaimonCIRCUITO173TRECHO</styleUrl><LineString><coordinates>-49.548947,-11.804583,0 -49.548303,-11.804584,0</coordinates></LineString></Placemark>
<Placemark><name>2817528</name><styleUrl>#styleDaimonCIRCUITO173TRECHO</styleUrl><LineString><coordinates>-49.553751,-11.804356,0 -49.553348,-11.804352,0</coordinates></LineString></Placemark>
<Placemark><name>2915598</name><styleUrl>#styleDaimonCIRCUITO173TRECHO</styleUrl><LineString><coordinates>-49.548303,-11.804584,0 -49.547656,-11.804581,0</coordinates></LineString></Placemark>
<Placemark><name>2920110</name><styleUrl>#styleDaimonCIRCUITO173TRECHO</styleUrl><LineString><coordinates>-49.554462,-11.804375,0 -49.553751,-11.804356,0</coordinates></LineString></Placemark>
<Placemark><name>2920108</name><styleUrl>#styleDaimonCIRCUITO173TRECHO</styleUrl><LineString><coordinates>-49.547656,-11.804581,0 -49.546949,-11.804588,0</coordinates></LineString></Placemark>
<Placemark><name>3668640</name><styleUrl>#styleDaimonCIRCUITO173TRECHO</styleUrl><LineString><coordinates>-49.547656,-11.804581,0 -49.547656,-11.804552,0</coordinates></LineString></Placemark>
<Placemark><name>2920103</name><styleUrl>#styleDaimonCIRCUITO173TRECHO</styleUrl><LineString><coordinates>-49.546949,-11.804588,0 -49.546325,-11.804636,0</coordinates></LineString></Placemark>
<Placemark><name>12074252</name><styleUrl>#styleDaimonCIRCUITO173TRECHO</styleUrl><LineString><coordinates>-49.546325,-11.804636,0 -49.546292,-11.804640,0</coordinates></LineString></Placemark>
<Placemark><name>2473578</name><styleUrl>#styleDaimonCIRCUITO173TRECHO</styleUrl><LineString><coordinates>-49.546292,-11.804640,0 -49.545517,-11.804046,0</coordinates></LineString></Placemark>
<Placemark><name>2473579</name><styleUrl>#styleDaimonCIRCUITO173TRECHO</styleUrl><LineString><coordinates>-49.545517,-11.804046,0 -49.544851,-11.803667,0</coordinates></LineString></Placemark>
<Placemark><name>2473580</name><styleUrl>#styleDaimonCIRCUITO173TRECHO</styleUrl><LineString><coordinates>-49.544851,-11.803667,0 -49.544262,-11.803947,0</coordinates></LineString></Placemark>
<Placemark><name>2473581</name><styleUrl>#styleDaimonCIRCUITO173TRECHO</styleUrl><LineString><coordinates>-49.544262,-11.803947,0 -49.543632,-11.804291,0</coordinates></LineString></Placemark>
<Placemark><name>2920102</name><styleUrl>#styleDaimonCIRCUITO173TRECHO</styleUrl><LineString><coordinates>-49.543632,-11.804291,0 -49.543077,-11.804569,0</coordinates></LineString></Placemark>
<Placemark><name>2915597</name><styleUrl>#styleDaimonCIRCUITO173TRECHO</styleUrl><LineString><coordinates>-49.543077,-11.804569,0 -49.542524,-11.804853,0</coordinates></LineString></Placemark>
<Placemark><name>12074340</name><styleUrl>#styleDaimonCIRCUITO173TRECHO</styleUrl><LineString><coordinates>-49.542524,-11.804853,0 -49.542491,-11.804871,0</coordinates></LineString></Placemark>
<Placemark><name>2817525</name><styleUrl>#styleDaimonCIRCUITO173TRECHO</styleUrl><LineString><coordinates>-49.542491,-11.804871,0 -49.541950,-11.805146,0</coordinates></LineString></Placemark>
<Placemark><name>2915433</name><styleUrl>#styleDaimonCIRCUITO173TRECHO</styleUrl><LineString><coordinates>-49.541950,-11.805146,0 -49.541332,-11.805446,0</coordinates></LineString></Placemark>
<Placemark><name>2915432</name><styleUrl>#styleDaimonCIRCUITO173TRECHO</styleUrl><LineString><coordinates>-49.541332,-11.805446,0 -49.540729,-11.805764,0</coordinates></LineString></Placemark>
<Placemark><name>2915431</name><styleUrl>#styleDaimonCIRCUITO173TRECHO</styleUrl><LineString><coordinates>-49.540729,-11.805764,0 -49.540148,-11.806055,0</coordinates></LineString></Placemark>
<Placemark><name>12080364</name><styleUrl>#styleDaimonCIRCUITO173TRECHO</styleUrl><LineString><coordinates>-49.540148,-11.806055,0 -49.540111,-11.806073,0</coordinates></LineString></Placemark>
<Placemark><name>3434806</name><styleUrl>#styleDaimonCIRCUITO173TRECHO</styleUrl><LineString><coordinates>-49.540111,-11.806073,0 -49.539433,-11.806407,0</coordinates></LineString></Placemark>
<Placemark><name>3434809</name><styleUrl>#styleDaimonCIRCUITO173TRECHO</styleUrl><LineString><coordinates>-49.539433,-11.806407,0 -49.538893,-11.806658,0</coordinates></LineString></Placemark>
<Placemark><name>2792081</name><styleUrl>#styleDaimonCIRCUITO173TRECHO</styleUrl><LineString><coordinates>-49.538893,-11.806658,0 -49.538793,-11.806693,0</coordinates></LineString></Placemark>
<Placemark><name>3434241</name><styleUrl>#styleDaimonCIRCUITO173TRECHO</styleUrl><LineString><coordinates>-49.538793,-11.806693,0 -49.538323,-11.806815,0</coordinates></LineString></Placemark>
<Placemark><name>3434242</name><styleUrl>#styleDaimonCIRCUITO173TRECHO</styleUrl><LineString><coordinates>-49.538323,-11.806815,0 -49.537764,-11.807112,0</coordinates></LineString></Placemark>
<Placemark><name>3434243</name><styleUrl>#styleDaimonCIRCUITO173TRECHO</styleUrl><LineString><coordinates>-49.537764,-11.807112,0 -49.537183,-11.807393,0</coordinates></LineString></Placemark>
<Placemark><name>2915105</name><styleUrl>#styleDaimonCIRCUITO173TRECHO</styleUrl><LineString><coordinates>-49.537183,-11.807393,0 -49.536505,-11.807745,0</coordinates></LineString></Placemark>
<Placemark><name>3441630</name><styleUrl>#styleDaimonCIRCUITO173TRECHO</styleUrl><LineString><coordinates>-49.536505,-11.807745,0 -49.535851,-11.808081,0</coordinates></LineString></Placemark>
<Placemark><name>3440644</name><styleUrl>#styleDaimonCIRCUITO173TRECHO</styleUrl><LineString><coordinates>-49.535851,-11.808081,0 -49.535325,-11.808347,0</coordinates></LineString></Placemark>
<Placemark><name>2817317</name><styleUrl>#styleDaimonCIRCUITO173TRECHO</styleUrl><LineString><coordinates>-49.535325,-11.808347,0 -49.534843,-11.808599,0</coordinates></LineString></Placemark>
<Placemark><name>2473582</name><styleUrl>#styleDaimonCIRCUITO173TRECHO</styleUrl><LineString><coordinates>-49.534843,-11.808599,0 -49.534029,-11.809013,0</coordinates></LineString></Placemark>
<Placemark><name>2828255</name><styleUrl>#styleDaimonCIRCUITO173TRECHO</styleUrl><LineString><coordinates>-49.556265,-11.804379,0 -49.556286,-11.804033,0</coordinates></LineString></Placemark>
<Placemark><name>24587500</name><styleUrl>#styleDaimonCIRCUITO173TRECHO</styleUrl><LineString><coordinates>-49.556286,-11.804033,0 -49.556148,-11.804007,0</coordinates></LineString></Placemark>
<Placemark><name>3589028</name><styleUrl>#styleDaimonCIRCUITO173TRECHO</styleUrl><LineString><coordinates>-49.556157,-11.805331,0 -49.556341,-11.805926,0</coordinates></LineString></Placemark>
<Placemark><name>2824830</name><styleUrl>#styleDaimonCIRCUITO173TRECHO</styleUrl><LineString><coordinates>-49.556341,-11.805926,0 -49.556742,-11.806954,0</coordinates></LineString></Placemark>
<Placemark><name>3589027</name><styleUrl>#styleDaimonCIRCUITO173TRECHO</styleUrl><LineString><coordinates>-49.556082,-11.805088,0 -49.556157,-11.805331,0</coordinates></LineString></Placemark>
<Placemark><name>2824831</name><styleUrl>#styleDaimonCIRCUITO173TRECHO</styleUrl><LineString><coordinates>-49.556742,-11.806954,0 -49.556987,-11.808044,0</coordinates></LineString></Placemark>
<Placemark><name>2824838</name><styleUrl>#styleDaimonCIRCUITO173TRECHO</styleUrl><LineString><coordinates>-49.555902,-11.804637,0 -49.556082,-11.805088,0</coordinates></LineString></Placemark>
<Placemark><name>12070782</name><styleUrl>#styleDaimonCIRCUITO173TRECHO</styleUrl><LineString><coordinates>-49.556987,-11.808044,0 -49.556972,-11.808044,0</coordinates></LineString></Placemark>
<Placemark><name>2824833</name><styleUrl>#styleDaimonCIRCUITO173TRECHO</styleUrl><LineString><coordinates>-49.556987,-11.808044,0 -49.557229,-11.809101,0</coordinates></LineString></Placemark>
<Placemark><name>2828256</name><styleUrl>#styleDaimonCIRCUITO173TRECHO</styleUrl><LineString><coordinates>-49.555839,-11.804429,0 -49.555902,-11.804637,0</coordinates></LineString></Placemark>
<Placemark><name>2824832</name><styleUrl>#styleDaimonCIRCUITO173TRECHO</styleUrl><LineString><coordinates>-49.556972,-11.808044,0 -49.556725,-11.808042,0</coordinates></LineString></Placemark>
<Placemark><name>2824834</name><styleUrl>#styleDaimonCIRCUITO173TRECHO</styleUrl><LineString><coordinates>-49.557229,-11.809101,0 -49.557455,-11.810144,0</coordinates></LineString></Placemark>
<Placemark><name>65644803</name><styleUrl>#styleDaimonCIRCUITO173TRECHO</styleUrl><LineString><coordinates>-49.557455,-11.810144,0 -49.557654,-11.810975,0</coordinates></LineString></Placemark>
<Placemark><name>2824835</name><styleUrl>#styleDaimonCIRCUITO173TRECHO</styleUrl><LineString><coordinates>-49.557654,-11.810975,0 -49.557725,-11.811274,0</coordinates></LineString></Placemark>
<Placemark><name>2773285</name><styleUrl>#styleDaimonCIRCUITO173TRECHO</styleUrl><LineString><coordinates>-49.557725,-11.811274,0 -49.557972,-11.812261,0</coordinates></LineString></Placemark>
<Placemark><name>34371404</name><styleUrl>#styleDaimonCIRCUITO173TRECHO</styleUrl><LineString><coordinates>-49.539039,-11.806950,0 -49.539283,-11.807737,0</coordinates></LineString></Placemark>
<Placemark><name>34371428</name><styleUrl>#styleDaimonCIRCUITO173TRECHO</styleUrl><LineString><coordinates>-49.539018,-11.806925,0 -49.539039,-11.806950,0</coordinates></LineString></Placemark>
<Placemark><name>34371420</name><styleUrl>#styleDaimonCIRCUITO173TRECHO</styleUrl><LineString><coordinates>-49.538906,-11.806686,0 -49.539018,-11.806925,0</coordinates></LineString></Placemark>
<Placemark><name>42287354</name><styleUrl>#styleDaimonCIRCUITO173TRECHO</styleUrl><LineString><coordinates>-49.536594,-11.807182,0 -49.536522,-11.806964,0</coordinates></LineString></Placemark>
<Placemark><name>3440400</name><styleUrl>#styleDaimonCIRCUITO173TRECHO</styleUrl><LineString><coordinates>-49.536522,-11.806964,0 -49.536505,-11.806913,0</coordinates></LineString></Placemark>
<Placemark><name>3440401</name><styleUrl>#styleDaimonCIRCUITO173TRECHO</styleUrl><LineString><coordinates>-49.536656,-11.807342,0 -49.536594,-11.807182,0</coordinates></LineString></Placemark>
<Placemark><name>3434240</name><styleUrl>#styleDaimonCIRCUITO173TRECHO</styleUrl><LineString><coordinates>-49.536505,-11.806913,0 -49.536413,-11.806610,0</coordinates></LineString></Placemark>
<Placemark><name>12077902</name><styleUrl>#styleDaimonCIRCUITO173TRECHO</styleUrl><LineString><coordinates>-49.536660,-11.807386,0 -49.536656,-11.807342,0</coordinates></LineString></Placemark>
<Placemark><name>3440659</name><styleUrl>#styleDaimonCIRCUITO173TRECHO</styleUrl><LineString><coordinates>-49.536642,-11.807620,0 -49.536660,-11.807386,0</coordinates></LineString></Placemark>
<Placemark><name>3440643</name><styleUrl>#styleDaimonCIRCUITO173TRECHO</styleUrl><LineString><coordinates>-49.536519,-11.807733,0 -49.536642,-11.807620,0</coordinates></LineString></Placemark>
<Placemark><name>12075056</name><styleUrl>#styleDaimonCIRCUITO173TRECHO</styleUrl><LineString><coordinates>-49.535844,-11.812580,0 -49.535849,-11.812617,0</coordinates></LineString></Placemark>
<Placemark><name>2524833</name><styleUrl>#styleDaimonCIRCUITO173TRECHO</styleUrl><LineString><coordinates>-49.535849,-11.812617,0 -49.535861,-11.812783,0</coordinates></LineString></Placemark>
<Placemark><name>2941482</name><styleUrl>#styleDaimonCIRCUITO173TRECHO</styleUrl><LineString><coordinates>-49.535072,-11.811169,0 -49.535844,-11.812580,0</coordinates></LineString></Placemark>
<Placemark><name>12073926</name><styleUrl>#styleDaimonCIRCUITO173TRECHO</styleUrl><LineString><coordinates>-49.535861,-11.812783,0 -49.535883,-11.812810,0</coordinates></LineString></Placemark>
<Placemark><name>12075055</name><styleUrl>#styleDaimonCIRCUITO173TRECHO</styleUrl><LineString><coordinates>-49.535081,-11.811147,0 -49.535072,-11.811169,0</coordinates></LineString></Placemark>
<Placemark><name>2524249</name><styleUrl>#styleDaimonCIRCUITO173TRECHO</styleUrl><LineString><coordinates>-49.535883,-11.812810,0 -49.536131,-11.813141,0</coordinates></LineString></Placemark>
<Placemark><name>2941481</name><styleUrl>#styleDaimonCIRCUITO173TRECHO</styleUrl><LineString><coordinates>-49.535430,-11.810960,0 -49.535081,-11.811147,0</coordinates></LineString></Placemark>
<Placemark><name>2524250</name><styleUrl>#styleDaimonCIRCUITO173TRECHO</styleUrl><LineString><coordinates>-49.536131,-11.813141,0 -49.536377,-11.813472,0</coordinates></LineString></Placemark>
<Placemark><name>12075054</name><styleUrl>#styleDaimonCIRCUITO173TRECHO</styleUrl><LineString><coordinates>-49.535434,-11.810938,0 -49.535430,-11.810960,0</coordinates></LineString></Placemark>
<Placemark><name>12073928</name><styleUrl>#styleDaimonCIRCUITO173TRECHO</styleUrl><LineString><coordinates>-49.536377,-11.813472,0 -49.536363,-11.813482,0</coordinates></LineString></Placemark>
<Placemark><name>2524248</name><styleUrl>#styleDaimonCIRCUITO173TRECHO</styleUrl><LineString><coordinates>-49.536377,-11.813472,0 -49.536604,-11.813765,0</coordinates></LineString></Placemark>
<Placemark><name>2682479</name><styleUrl>#styleDaimonCIRCUITO173TRECHO</styleUrl><LineString><coordinates>-49.535137,-11.810382,0 -49.535434,-11.810938,0</coordinates></LineString></Placemark>
<Placemark><name>2524253</name><styleUrl>#styleDaimonCIRCUITO173TRECHO</styleUrl><LineString><coordinates>-49.536363,-11.813482,0 -49.536046,-11.813660,0</coordinates></LineString></Placemark>
<Placemark><name>12073927</name><styleUrl>#styleDaimonCIRCUITO173TRECHO</styleUrl><LineString><coordinates>-49.536604,-11.813765,0 -49.536612,-11.813791,0</coordinates></LineString></Placemark>
<Placemark><name>58115080</name><styleUrl>#styleDaimonCIRCUITO173TRECHO</styleUrl><LineString><coordinates>-49.535137,-11.810382,0 -49.535156,-11.810373,0</coordinates></LineString></Placemark>
<Placemark><name>2941480</name><styleUrl>#styleDaimonCIRCUITO173TRECHO</styleUrl><LineString><coordinates>-49.535033,-11.810192,0 -49.535137,-11.810382,0</coordinates></LineString></Placemark>
<Placemark><name>12073929</name><styleUrl>#styleDaimonCIRCUITO173TRECHO</styleUrl><LineString><coordinates>-49.536046,-11.813660,0 -49.536018,-11.813677,0</coordinates></LineString></Placemark>
<Placemark><name>2524251</name><styleUrl>#styleDaimonCIRCUITO173TRECHO</styleUrl><LineString><coordinates>-49.536612,-11.813791,0 -49.536750,-11.814300,0</coordinates></LineString></Placemark>
<Placemark><name>58115075</name><styleUrl>#styleDaimonCIRCUITO173TRECHO</styleUrl><LineString><coordinates>-49.535156,-11.810373,0 -49.535412,-11.810347,0</coordinates></LineString></Placemark>
<Placemark><name>2941479</name><styleUrl>#styleDaimonCIRCUITO173TRECHO</styleUrl><LineString><coordinates>-49.535006,-11.810124,0 -49.535033,-11.810192,0</coordinates></LineString></Placemark>
<Placemark><name>2524254</name><styleUrl>#styleDaimonCIRCUITO173TRECHO</styleUrl><LineString><coordinates>-49.536018,-11.813677,0 -49.535676,-11.813873,0</coordinates></LineString></Placemark>
<Placemark><name>12073925</name><styleUrl>#styleDaimonCIRCUITO173TRECHO</styleUrl><LineString><coordinates>-49.536750,-11.814300,0 -49.536771,-11.814327,0</coordinates></LineString></Placemark>
<Placemark><name>12075053</name><styleUrl>#styleDaimonCIRCUITO173TRECHO</styleUrl><LineString><coordinates>-49.534989,-11.810094,0 -49.535006,-11.810124,0</coordinates></LineString></Placemark>
<Placemark><name>2524252</name><styleUrl>#styleDaimonCIRCUITO173TRECHO</styleUrl><LineString><coordinates>-49.535676,-11.813873,0 -49.535264,-11.814113,0</coordinates></LineString></Placemark>
<Placemark><name>2524832</name><styleUrl>#styleDaimonCIRCUITO173TRECHO</styleUrl><LineString><coordinates>-49.536771,-11.814327,0 -49.537594,-11.815406,0</coordinates></LineString></Placemark>
<Placemark><name>2941478</name><styleUrl>#styleDaimonCIRCUITO173TRECHO</styleUrl><LineString><coordinates>-49.534858,-11.808749,0 -49.534989,-11.810094,0</coordinates></LineString></Placemark>
<Placemark><name>2524255</name><styleUrl>#styleDaimonCIRCUITO173TRECHO</styleUrl><LineString><coordinates>-49.535264,-11.814113,0 -49.534973,-11.814283,0</coordinates></LineString></Placemark>
<Placemark><name>2507009</name><styleUrl>#styleDaimonCIRCUITO173TRECHO</styleUrl><LineString><coordinates>-49.537594,-11.815406,0 -49.537926,-11.815939,0</coordinates></LineString></Placemark>
<Placemark><name>2524257</name><styleUrl>#styleDaimonCIRCUITO173TRECHO</styleUrl><LineString><coordinates>-49.534973,-11.814283,0 -49.535012,-11.814376,0</coordinates></LineString></Placemark>
<Placemark><name>2524259</name><styleUrl>#styleDaimonCIRCUITO173TRECHO</styleUrl><LineString><coordinates>-49.534973,-11.814283,0 -49.534866,-11.814125,0</coordinates></LineString></Placemark>
<Placemark><name>2524256</name><styleUrl>#styleDaimonCIRCUITO173TRECHO</styleUrl><LineString><coordinates>-49.534973,-11.814283,0 -49.534894,-11.814330,0</coordinates></LineString></Placemark>
<Placemark><name>2507010</name><styleUrl>#styleDaimonCIRCUITO173TRECHO</styleUrl><LineString><coordinates>-49.537926,-11.815939,0 -49.538053,-11.816142,0</coordinates></LineString></Placemark>
<Placemark><name>2524260</name><styleUrl>#styleDaimonCIRCUITO173TRECHO</styleUrl><LineString><coordinates>-49.534866,-11.814125,0 -49.534694,-11.813831,0</coordinates></LineString></Placemark>
<Placemark><name>2593617</name><styleUrl>#styleDaimonCIRCUITO173TRECHO</styleUrl><LineString><coordinates>-49.538053,-11.816142,0 -49.538111,-11.816181,0</coordinates></LineString></Placemark>
<Placemark><name>2524258</name><styleUrl>#styleDaimonCIRCUITO173TRECHO</styleUrl><LineString><coordinates>-49.534694,-11.813831,0 -49.534515,-11.813535,0</coordinates></LineString></Placemark>
<Placemark><name>12025420</name><styleUrl>#styleDaimonCIRCUITO173TRECHO</styleUrl><LineString><coordinates>-49.538111,-11.816181,0 -49.538130,-11.816206,0</coordinates></LineString></Placemark>
<Placemark><name>3666447</name><styleUrl>#styleDaimonCIRCUITO173TRECHO</styleUrl><LineString><coordinates>-49.538111,-11.816181,0 -49.538123,-11.816187,0</coordinates></LineString></Placemark>
<Placemark><name>2913395</name><styleUrl>#styleDaimonCIRCUITO173TRECHO</styleUrl><LineString><coordinates>-49.538130,-11.816206,0 -49.538090,-11.816253,0</coordinates></LineString></Placemark>
<Placemark><name>3637098</name><styleUrl>#styleDaimonCIRCUITO173TRECHO</styleUrl><LineString><coordinates>-49.526265,-11.809494,0 -49.526025,-11.809431,0</coordinates></LineString></Placemark>
<Placemark><name>3662547</name><styleUrl>#styleDaimonCIRCUITO173TRECHO</styleUrl><LineString><coordinates>-49.526025,-11.809431,0 -49.526006,-11.809389,0</coordinates></LineString></Placemark>
<Placemark><name>3637096</name><styleUrl>#styleDaimonCIRCUITO173TRECHO</styleUrl><LineString><coordinates>-49.526517,-11.809571,0 -49.526265,-11.809494,0</coordinates></LineString></Placemark>
<Placemark><name>3637095</name><styleUrl>#styleDaimonCIRCUITO173TRECHO</styleUrl><LineString><coordinates>-49.526857,-11.809664,0 -49.526517,-11.809571,0</coordinates></LineString></Placemark>
<Placemark><name>2596227</name><styleUrl>#styleDaimonCIRCUITO173TRECHO</styleUrl><LineString><coordinates>-49.527098,-11.809729,0 -49.526857,-11.809664,0</coordinates></LineString></Placemark>
<Placemark><name>2595933</name><styleUrl>#styleDaimonCIRCUITO173TRECHO</styleUrl><LineString><coordinates>-49.527463,-11.809837,0 -49.527098,-11.809729,0</coordinates></LineString></Placemark>
<Placemark><name>2595934</name><styleUrl>#styleDaimonCIRCUITO173TRECHO</styleUrl><LineString><coordinates>-49.527815,-11.809942,0 -49.527463,-11.809837,0</coordinates></LineString></Placemark>
<Placemark><name>2595935</name><styleUrl>#styleDaimonCIRCUITO173TRECHO</styleUrl><LineString><coordinates>-49.528172,-11.810044,0 -49.527815,-11.809942,0</coordinates></LineString></Placemark>
<Placemark><name>2595931</name><styleUrl>#styleDaimonCIRCUITO173TRECHO</styleUrl><LineString><coordinates>-49.528172,-11.810044,0 -49.528109,-11.810279,0</coordinates></LineString></Placemark>
<Placemark><name>2596280</name><styleUrl>#styleDaimonCIRCUITO173TRECHO</styleUrl><LineString><coordinates>-49.528346,-11.810092,0 -49.528172,-11.810044,0</coordinates></LineString></Placemark>
<Placemark><name>2596279</name><styleUrl>#styleDaimonCIRCUITO173TRECHO</styleUrl><LineString><coordinates>-49.528172,-11.810044,0 -49.528194,-11.809949,0</coordinates></LineString></Placemark>
<Placemark><name>42691239</name><styleUrl>#styleDaimonCIRCUITO173TRECHO</styleUrl><LineString><coordinates>-49.528109,-11.810279,0 -49.528033,-11.810564,0</coordinates></LineString></Placemark>
<Placemark><name>2595936</name><styleUrl>#styleDaimonCIRCUITO173TRECHO</styleUrl><LineString><coordinates>-49.528669,-11.810186,0 -49.528346,-11.810092,0</coordinates></LineString></Placemark>
<Placemark><name>2595937</name><styleUrl>#styleDaimonCIRCUITO173TRECHO</styleUrl><LineString><coordinates>-49.529034,-11.810291,0 -49.528669,-11.810186,0</coordinates></LineString></Placemark>
<Placemark><name>2595568</name><styleUrl>#styleDaimonCIRCUITO173TRECHO</styleUrl><LineString><coordinates>-49.529365,-11.810388,0 -49.529034,-11.810291,0</coordinates></LineString></Placemark>
<Placemark><name>12084885</name><styleUrl>#styleDaimonCIRCUITO173TRECHO</styleUrl><LineString><coordinates>-49.529400,-11.810398,0 -49.529365,-11.810388,0</coordinates></LineString></Placemark>
<Placemark><name>3620568</name><styleUrl>#styleDaimonCIRCUITO173TRECHO</styleUrl><LineString><coordinates>-49.529651,-11.810468,0 -49.529400,-11.810398,0</coordinates></LineString></Placemark>
<Placemark><name>3620567</name><styleUrl>#styleDaimonCIRCUITO173TRECHO</styleUrl><LineString><coordinates>-49.529898,-11.810527,0 -49.529651,-11.810468,0</coordinates></LineString></Placemark>
<Placemark><name>3620564</name><styleUrl>#styleDaimonCIRCUITO173TRECHO</styleUrl><LineString><coordinates>-49.529946,-11.810345,0 -49.529898,-11.810527,0</coordinates></LineString></Placemark>
<Placemark><name>3620565</name><styleUrl>#styleDaimonCIRCUITO173TRECHO</styleUrl><LineString><coordinates>-49.529898,-11.810527,0 -49.529856,-11.810682,0</coordinates></LineString></Placemark>
<Placemark><name>3620566</name><styleUrl>#styleDaimonCIRCUITO173TRECHO</styleUrl><LineString><coordinates>-49.529898,-11.810527,0 -49.530009,-11.810574,0</coordinates></LineString></Placemark>
<Placemark><name>3620555</name><styleUrl>#styleDaimonCIRCUITO173TRECHO</styleUrl><LineString><coordinates>-49.530059,-11.810067,0 -49.529946,-11.810345,0</coordinates></LineString></Placemark>
<Placemark><name>3620556</name><styleUrl>#styleDaimonCIRCUITO173TRECHO</styleUrl><LineString><coordinates>-49.530279,-11.809772,0 -49.530059,-11.810067,0</coordinates></LineString></Placemark>
<Placemark><name>3620557</name><styleUrl>#styleDaimonCIRCUITO173TRECHO</styleUrl><LineString><coordinates>-49.530540,-11.809572,0 -49.530279,-11.809772,0</coordinates></LineString></Placemark>
<Placemark><name>3620558</name><styleUrl>#styleDaimonCIRCUITO173TRECHO</styleUrl><LineString><coordinates>-49.530859,-11.809331,0 -49.530540,-11.809572,0</coordinates></LineString></Placemark>
<Placemark><name>3563501</name><styleUrl>#styleDaimonCIRCUITO173TRECHO</styleUrl><LineString><coordinates>-49.530942,-11.809265,0 -49.530859,-11.809331,0</coordinates></LineString></Placemark>
<Placemark><name>3563500</name><styleUrl>#styleDaimonCIRCUITO173TRECHO</styleUrl><LineString><coordinates>-49.531122,-11.809126,0 -49.530942,-11.809265,0</coordinates></LineString></Placemark>
<Placemark><name>3563502</name><styleUrl>#styleDaimonCIRCUITO173TRECHO</styleUrl><LineString><coordinates>-49.530942,-11.809265,0 -49.530872,-11.809174,0</coordinates></LineString></Placemark>
<Placemark><name>3563503</name><styleUrl>#styleDaimonCIRCUITO173TRECHO</styleUrl><LineString><coordinates>-49.530942,-11.809265,0 -49.531089,-11.809453,0</coordinates></LineString></Placemark>
<Placemark><name>12084400</name><styleUrl>#styleDaimonCIRCUITO173TRECHO</styleUrl><LineString><coordinates>-49.531152,-11.809107,0 -49.531122,-11.809126,0</coordinates></LineString></Placemark>
<Placemark><name>2686880</name><styleUrl>#styleDaimonCIRCUITO173TRECHO</styleUrl><LineString><coordinates>-49.530872,-11.809174,0 -49.530672,-11.808906,0</coordinates></LineString></Placemark>
<Placemark><name>2479979</name><styleUrl>#styleDaimonCIRCUITO173TRECHO</styleUrl><LineString><coordinates>-49.531089,-11.809453,0 -49.531313,-11.809713,0</coordinates></LineString></Placemark>
<Placemark><name>3620559</name><styleUrl>#styleDaimonCIRCUITO173TRECHO</styleUrl><LineString><coordinates>-49.531410,-11.808899,0 -49.531152,-11.809107,0</coordinates></LineString></Placemark>
<Placemark><name>2931936</name><styleUrl>#styleDaimonCIRCUITO173TRECHO</styleUrl><LineString><coordinates>-49.530672,-11.808906,0 -49.530457,-11.808630,0</coordinates></LineString></Placemark>
<Placemark><name>3620560</name><styleUrl>#styleDaimonCIRCUITO173TRECHO</styleUrl><LineString><coordinates>-49.531632,-11.808735,0 -49.531410,-11.808899,0</coordinates></LineString></Placemark>
<Placemark><name>2686879</name><styleUrl>#styleDaimonCIRCUITO173TRECHO</styleUrl><LineString><coordinates>-49.530457,-11.808630,0 -49.530232,-11.808339,0</coordinates></LineString></Placemark>
<Placemark><name>3620561</name><styleUrl>#styleDaimonCIRCUITO173TRECHO</styleUrl><LineString><coordinates>-49.531942,-11.808502,0 -49.531632,-11.808735,0</coordinates></LineString></Placemark>
<Placemark><name>2931734</name><styleUrl>#styleDaimonCIRCUITO173TRECHO</styleUrl><LineString><coordinates>-49.530232,-11.808339,0 -49.530036,-11.808086,0</coordinates></LineString></Placemark>
<Placemark><name>3620563</name><styleUrl>#styleDaimonCIRCUITO173TRECHO</styleUrl><LineString><coordinates>-49.532233,-11.808260,0 -49.531942,-11.808502,0</coordinates></LineString></Placemark>
<Placemark><name>2686877</name><styleUrl>#styleDaimonCIRCUITO173TRECHO</styleUrl><LineString><coordinates>-49.530036,-11.808086,0 -49.529843,-11.807832,0</coordinates></LineString></Placemark>
<Placemark><name>3620562</name><styleUrl>#styleDaimonCIRCUITO173TRECHO</styleUrl><LineString><coordinates>-49.532537,-11.808043,0 -49.532233,-11.808260,0</coordinates></LineString></Placemark>
<Placemark><name>2686878</name><styleUrl>#styleDaimonCIRCUITO173TRECHO</styleUrl><LineString><coordinates>-49.529843,-11.807832,0 -49.529647,-11.807592,0</coordinates></LineString></Placemark>
<Placemark><name>3620554</name><styleUrl>#styleDaimonCIRCUITO173TRECHO</styleUrl><LineString><coordinates>-49.532624,-11.808000,0 -49.532537,-11.808043,0</coordinates></LineString></Placemark>
<Placemark><name>2768002</name><styleUrl>#styleDaimonCIRCUITO173TRECHO</styleUrl><LineString><coordinates>-49.529647,-11.807592,0 -49.529513,-11.807418,0</coordinates></LineString></Placemark>
<Placemark><name>3620553</name><styleUrl>#styleDaimonCIRCUITO173TRECHO</styleUrl><LineString><coordinates>-49.532624,-11.808000,0 -49.532810,-11.807855,0</coordinates></LineString></Placemark>
<Placemark><name>3620551</name><styleUrl>#styleDaimonCIRCUITO173TRECHO</styleUrl><LineString><coordinates>-49.532693,-11.808088,0 -49.532624,-11.808000,0</coordinates></LineString></Placemark>
<Placemark><name>3620552</name><styleUrl>#styleDaimonCIRCUITO173TRECHO</styleUrl><LineString><coordinates>-49.532624,-11.808000,0 -49.532476,-11.807811,0</coordinates></LineString></Placemark>
<Placemark><name>2819692</name><styleUrl>#styleDaimonCIRCUITO173TRECHO</styleUrl><LineString><coordinates>-49.532930,-11.808387,0 -49.532693,-11.808088,0</coordinates></LineString></Placemark>
<Placemark><name>3443314</name><styleUrl>#styleDaimonCIRCUITO173TRECHO</styleUrl><LineString><coordinates>-49.532476,-11.807811,0 -49.532247,-11.807523,0</coordinates></LineString></Placemark>
<Placemark><name>48900370</name><styleUrl>#styleDaimonCIRCUITO173TRECHO</styleUrl><LineString><coordinates>-49.533025,-11.808507,0 -49.532930,-11.808387,0</coordinates></LineString></Placemark>
<Placemark><name>2931139</name><styleUrl>#styleDaimonCIRCUITO173TRECHO</styleUrl><LineString><coordinates>-49.532247,-11.807523,0 -49.532051,-11.807296,0</coordinates></LineString></Placemark>
<Placemark><name>48900362</name><styleUrl>#styleDaimonCIRCUITO173TRECHO</styleUrl><LineString><coordinates>-49.533112,-11.808616,0 -49.533025,-11.808507,0</coordinates></LineString></Placemark>
<Placemark><name>2596284</name><styleUrl>#styleDaimonCIRCUITO173TRECHO</styleUrl><LineString><coordinates>-49.532051,-11.807296,0 -49.532008,-11.807240,0</coordinates></LineString></Placemark>
<Placemark><name>2596399</name><styleUrl>#styleDaimonCIRCUITO173TRECHO</styleUrl><LineString><coordinates>-49.533293,-11.808849,0 -49.533112,-11.808616,0</coordinates></LineString></Placemark>
<Placemark><name>3443538</name><styleUrl>#styleDaimonCIRCUITO173TRECHO</styleUrl><LineString><coordinates>-49.532008,-11.807240,0 -49.532342,-11.806966,0</coordinates></LineString></Placemark>
<Placemark><name>2595621</name><styleUrl>#styleDaimonCIRCUITO173TRECHO</styleUrl><LineString><coordinates>-49.532008,-11.807240,0 -49.531974,-11.807263,0</coordinates></LineString></Placemark>
<Placemark><name>3443537</name><styleUrl>#styleDaimonCIRCUITO173TRECHO</styleUrl><LineString><coordinates>-49.532008,-11.807240,0 -49.531872,-11.807069,0</coordinates></LineString></Placemark>
<Placemark><name>12072779</name><styleUrl>#styleDaimonCIRCUITO173TRECHO</styleUrl><LineString><coordinates>-49.533313,-11.808874,0 -49.533293,-11.808849,0</coordinates></LineString></Placemark>
<Placemark><name>2905530</name><styleUrl>#styleDaimonCIRCUITO173TRECHO</styleUrl><LineString><coordinates>-49.532342,-11.806966,0 -49.532587,-11.806773,0</coordinates></LineString></Placemark>
<Placemark><name>2595622</name><styleUrl>#styleDaimonCIRCUITO173TRECHO</styleUrl><LineString><coordinates>-49.531872,-11.807069,0 -49.531631,-11.806759,0</coordinates></LineString></Placemark>
<Placemark><name>2905529</name><styleUrl>#styleDaimonCIRCUITO173TRECHO</styleUrl><LineString><coordinates>-49.533485,-11.809079,0 -49.533313,-11.808874,0</coordinates></LineString></Placemark>
<Placemark><name>3443315</name><styleUrl>#styleDaimonCIRCUITO173TRECHO</styleUrl><LineString><coordinates>-49.531631,-11.806759,0 -49.531408,-11.806480,0</coordinates></LineString></Placemark>
<Placemark><name>2905528</name><styleUrl>#styleDaimonCIRCUITO173TRECHO</styleUrl><LineString><coordinates>-49.533975,-11.809020,0 -49.533485,-11.809079,0</coordinates></LineString></Placemark>
<Placemark><name>2893760</name><styleUrl>#styleDaimonCIRCUITO173TRECHO</styleUrl><LineString><coordinates>-49.531408,-11.806480,0 -49.531113,-11.806101,0</coordinates></LineString></Placemark>
<Placemark><name>3142695</name><styleUrl>#styleDaimonCIRCUITO173TRECHO</styleUrl><LineString><coordinates>-49.531113,-11.806101,0 -49.531037,-11.806009,0</coordinates></LineString></Placemark>
<Placemark><name>2820560</name><styleUrl>#styleDaimonCIRCUITO173TRECHO</styleUrl><LineString><coordinates>-49.531037,-11.806009,0 -49.530980,-11.806049,0</coordinates></LineString></Placemark>
<Placemark><name>3141599</name><styleUrl>#styleDaimonCIRCUITO173TRECHO</styleUrl><LineString><coordinates>-49.531037,-11.806009,0 -49.530911,-11.805859,0</coordinates></LineString></Placemark>
<Placemark><name>3142696</name><styleUrl>#styleDaimonCIRCUITO173TRECHO</styleUrl><LineString><coordinates>-49.531037,-11.806009,0 -49.531268,-11.805831,0</coordinates></LineString></Placemark>
<Placemark><name>2747361</name><styleUrl>#styleDaimonCIRCUITO173TRECHO</styleUrl><LineString><coordinates>-49.556623,-11.808044,0 -49.555703,-11.808053,0</coordinates></LineString></Placemark>
<Placemark><name>2824574</name><styleUrl>#styleDaimonCIRCUITO173TRECHO</styleUrl><LineString><coordinates>-49.555703,-11.808053,0 -49.554814,-11.808096,0</coordinates></LineString></Placemark>
<Placemark><name>2824575</name><styleUrl>#styleDaimonCIRCUITO173TRECHO</styleUrl><LineString><coordinates>-49.554814,-11.808096,0 -49.553902,-11.808115,0</coordinates></LineString></Placemark>
<Placemark><name>2824828</name><styleUrl>#styleDaimonCIRCUITO173TRECHO</styleUrl><LineString><coordinates>-49.553902,-11.808115,0 -49.552980,-11.808138,0</coordinates></LineString></Placemark>
<Placemark><name>2824829</name><styleUrl>#styleDaimonCIRCUITO173TRECHO</styleUrl><LineString><coordinates>-49.552980,-11.808138,0 -49.552055,-11.808149,0</coordinates></LineString></Placemark>
<Placemark><name>3661039</name><styleUrl>#styleDaimonCIRCUITO173TRECHO</styleUrl><LineString><coordinates>-49.558059,-11.812748,0 -49.558059,-11.812766,0</coordinates></LineString></Placemark>
<Placemark><name>2773286</name><styleUrl>#styleDaimonCIRCUITO173TRECHO</styleUrl><LineString><coordinates>-49.557981,-11.812310,0 -49.558059,-11.812748,0</coordinates></LineString></Placemark>
<Placemark><name>24587486</name><styleUrl>#styleDaimonCIRCUITO173TRECHO</styleUrl><LineString><coordinates>-49.558059,-11.812766,0 -49.557889,-11.812759,0</coordinates></LineString></Placemark>
<Placemark><name>40054435</name><styleUrl>#styleDaimonCIRCUITO173TRECHO</styleUrl><LineString><coordinates>-49.556356,-11.805920,0 -49.556497,-11.805871,0</coordinates></LineString></Placemark>
<Placemark><name>45217002</name><styleUrl>#styleDaimonCIRCUITO173TRECHO</styleUrl><LineString><coordinates>-49.556497,-11.805871,0 -49.556494,-11.805971,0</coordinates></LineString></Placemark>
<Placemark><name>34370285</name><styleUrl>#styleDaimonCIRCUITO173TRECHO</styleUrl><LineString><coordinates>-49.547101,-11.832550,0 -49.547286,-11.833291,0</coordinates></LineString></Placemark>
<Placemark><name>34370284</name><styleUrl>#styleDaimonCIRCUITO173TRECHO</styleUrl><LineString><coordinates>-49.547018,-11.832234,0 -49.547101,-11.832550,0</coordinates></LineString></Placemark>
<Placemark><name>3666441</name><styleUrl>#styleDaimonCIRCUITO173TRECHO</styleUrl><LineString><coordinates>-49.547101,-11.832550,0 -49.547078,-11.832564,0</coordinates></LineString></Placemark>
<Placemark><name>34370286</name><styleUrl>#styleDaimonCIRCUITO173TRECHO</styleUrl><LineString><coordinates>-49.547286,-11.833291,0 -49.547452,-11.833950,0</coordinates></LineString></Placemark>
<Placemark><name>34371096</name><styleUrl>#styleDaimonCIRCUITO173TRECHO</styleUrl><LineString><coordinates>-49.547010,-11.832201,0 -49.547018,-11.832234,0</coordinates></LineString></Placemark>
<Placemark><name>34370287</name><styleUrl>#styleDaimonCIRCUITO173TRECHO</styleUrl><LineString><coordinates>-49.547452,-11.833950,0 -49.547616,-11.834594,0</coordinates></LineString></Placemark>
<Placemark><name>34370283</name><styleUrl>#styleDaimonCIRCUITO173TRECHO</styleUrl><LineString><coordinates>-49.546618,-11.830656,0 -49.547010,-11.832201,0</coordinates></LineString></Placemark>
<Placemark><name>34371113</name><styleUrl>#styleDaimonCIRCUITO173TRECHO</styleUrl><LineString><coordinates>-49.547616,-11.834594,0 -49.547623,-11.834622,0</coordinates></LineString></Placemark>
<Placemark><name>34371104</name><styleUrl>#styleDaimonCIRCUITO173TRECHO</styleUrl><LineString><coordinates>-49.546611,-11.830627,0 -49.546618,-11.830656,0</coordinates></LineString></Placemark>
<Placemark><name>34370288</name><styleUrl>#styleDaimonCIRCUITO173TRECHO</styleUrl><LineString><coordinates>-49.547623,-11.834622,0 -49.547786,-11.835265,0</coordinates></LineString></Placemark>
<Placemark><name>34370282</name><styleUrl>#styleDaimonCIRCUITO173TRECHO</styleUrl><LineString><coordinates>-49.546448,-11.829985,0 -49.546611,-11.830627,0</coordinates></LineString></Placemark>
<Placemark><name>34370289</name><styleUrl>#styleDaimonCIRCUITO173TRECHO</styleUrl><LineString><coordinates>-49.547786,-11.835265,0 -49.547952,-11.835922,0</coordinates></LineString></Placemark>
<Placemark><name>34370281</name><styleUrl>#styleDaimonCIRCUITO173TRECHO</styleUrl><LineString><coordinates>-49.546259,-11.829266,0 -49.546448,-11.829985,0</coordinates></LineString></Placemark>
<Placemark><name>34370263</name><styleUrl>#styleDaimonCIRCUITO173TRECHO</styleUrl><LineString><coordinates>-49.547952,-11.835922,0 -49.548114,-11.836560,0</coordinates></LineString></Placemark>
<Placemark><name>34370123</name><styleUrl>#styleDaimonCIRCUITO173TRECHO</styleUrl><LineString><coordinates>-49.546201,-11.829105,0 -49.546259,-11.829266,0</coordinates></LineString></Placemark>
<Placemark><name>34370970</name><styleUrl>#styleDaimonCIRCUITO173TRECHO</styleUrl><LineString><coordinates>-49.548114,-11.836560,0 -49.548123,-11.836598,0</coordinates></LineString></Placemark>
<Placemark><name>34370962</name><styleUrl>#styleDaimonCIRCUITO173TRECHO</styleUrl><LineString><coordinates>-49.546194,-11.829084,0 -49.546201,-11.829105,0</coordinates></LineString></Placemark>
<Placemark><name>34370215</name><styleUrl>#styleDaimonCIRCUITO173TRECHO</styleUrl><LineString><coordinates>-49.548123,-11.836598,0 -49.548285,-11.837238,0</coordinates></LineString></Placemark>
<Placemark><name>34370139</name><styleUrl>#styleDaimonCIRCUITO173TRECHO</styleUrl><LineString><coordinates>-49.546070,-11.828739,0 -49.546194,-11.829084,0</coordinates></LineString></Placemark>
<Placemark><name>34370216</name><styleUrl>#styleDaimonCIRCUITO173TRECHO</styleUrl><LineString><coordinates>-49.548285,-11.837238,0 -49.548452,-11.837896,0</coordinates></LineString></Placemark>
<Placemark><name>34370138</name><styleUrl>#styleDaimonCIRCUITO173TRECHO</styleUrl><LineString><coordinates>-49.545862,-11.828187,0 -49.546070,-11.828739,0</coordinates></LineString></Placemark>
<Placemark><name>34370217</name><styleUrl>#styleDaimonCIRCUITO173TRECHO</styleUrl><LineString><coordinates>-49.548452,-11.837896,0 -49.548615,-11.838540,0</coordinates></LineString></Placemark>
<Placemark><name>34370137</name><styleUrl>#styleDaimonCIRCUITO173TRECHO</styleUrl><LineString><coordinates>-49.545662,-11.827633,0 -49.545862,-11.828187,0</coordinates></LineString></Placemark>
<Placemark><name>34371122</name><styleUrl>#styleDaimonCIRCUITO173TRECHO</styleUrl><LineString><coordinates>-49.548615,-11.838540,0 -49.548623,-11.838570,0</coordinates></LineString></Placemark>
<Placemark><name>34370136</name><styleUrl>#styleDaimonCIRCUITO173TRECHO</styleUrl><LineString><coordinates>-49.545464,-11.827095,0 -49.545662,-11.827633,0</coordinates></LineString></Placemark>
<Placemark><name>34370218</name><styleUrl>#styleDaimonCIRCUITO173TRECHO</styleUrl><LineString><coordinates>-49.548623,-11.838570,0 -49.548785,-11.839213,0</coordinates></LineString></Placemark>
<Placemark><name>34370954</name><styleUrl>#styleDaimonCIRCUITO173TRECHO</styleUrl><LineString><coordinates>-49.545453,-11.827060,0 -49.545464,-11.827095,0</coordinates></LineString></Placemark>
<Placemark><name>34370219</name><styleUrl>#styleDaimonCIRCUITO173TRECHO</styleUrl><LineString><coordinates>-49.548785,-11.839213,0 -49.548952,-11.839870,0</coordinates></LineString></Placemark>
<Placemark><name>34370036</name><styleUrl>#styleDaimonCIRCUITO173TRECHO</styleUrl><LineString><coordinates>-49.545311,-11.826482,0 -49.545453,-11.827060,0</coordinates></LineString></Placemark>
<Placemark><name>34370220</name><styleUrl>#styleDaimonCIRCUITO173TRECHO</styleUrl><LineString><coordinates>-49.548952,-11.839870,0 -49.549119,-11.840529,0</coordinates></LineString></Placemark>
<Placemark><name>34370058</name><styleUrl>#styleDaimonCIRCUITO173TRECHO</styleUrl><LineString><coordinates>-49.545171,-11.825912,0 -49.545311,-11.826482,0</coordinates></LineString></Placemark>
<Placemark><name>34370200</name><styleUrl>#styleDaimonCIRCUITO173TRECHO</styleUrl><LineString><coordinates>-49.549119,-11.840529,0 -49.549244,-11.841022,0</coordinates></LineString></Placemark>
<Placemark><name>34370057</name><styleUrl>#styleDaimonCIRCUITO173TRECHO</styleUrl><LineString><coordinates>-49.545030,-11.825340,0 -49.545171,-11.825912,0</coordinates></LineString></Placemark>
<Placemark><name>34370978</name><styleUrl>#styleDaimonCIRCUITO173TRECHO</styleUrl><LineString><coordinates>-49.549244,-11.841022,0 -49.549253,-11.841058,0</coordinates></LineString></Placemark>
<Placemark><name>34370056</name><styleUrl>#styleDaimonCIRCUITO173TRECHO</styleUrl><LineString><coordinates>-49.544881,-11.824737,0 -49.545030,-11.825340,0</coordinates></LineString></Placemark>
<Placemark><name>34370398</name><styleUrl>#styleDaimonCIRCUITO173TRECHO</styleUrl><LineString><coordinates>-49.549253,-11.841058,0 -49.549421,-11.841699,0</coordinates></LineString></Placemark>
<Placemark><name>34371084</name><styleUrl>#styleDaimonCIRCUITO173TRECHO</styleUrl><LineString><coordinates>-49.544874,-11.824710,0 -49.544881,-11.824737,0</coordinates></LineString></Placemark>
<Placemark><name>34370388</name><styleUrl>#styleDaimonCIRCUITO173TRECHO</styleUrl><LineString><coordinates>-49.549421,-11.841699,0 -49.549588,-11.842337,0</coordinates></LineString></Placemark>
<Placemark><name>34370055</name><styleUrl>#styleDaimonCIRCUITO173TRECHO</styleUrl><LineString><coordinates>-49.544727,-11.824109,0 -49.544874,-11.824710,0</coordinates></LineString></Placemark>
<Placemark><name>34370986</name><styleUrl>#styleDaimonCIRCUITO173TRECHO</styleUrl><LineString><coordinates>-49.549588,-11.842337,0 -49.549595,-11.842370,0</coordinates></LineString></Placemark>
<Placemark><name>34370054</name><styleUrl>#styleDaimonCIRCUITO173TRECHO</styleUrl><LineString><coordinates>-49.544575,-11.823494,0 -49.544727,-11.824109,0</coordinates></LineString></Placemark>
<Placemark><name>34370372</name><styleUrl>#styleDaimonCIRCUITO173TRECHO</styleUrl><LineString><coordinates>-49.549595,-11.842370,0 -49.549765,-11.843011,0</coordinates></LineString></Placemark>
<Placemark><name>34370053</name><styleUrl>#styleDaimonCIRCUITO173TRECHO</styleUrl><LineString><coordinates>-49.544423,-11.822878,0 -49.544575,-11.823494,0</coordinates></LineString></Placemark>
<Placemark><name>34370373</name><styleUrl>#styleDaimonCIRCUITO173TRECHO</styleUrl><LineString><coordinates>-49.549765,-11.843011,0 -49.549914,-11.843581,0</coordinates></LineString></Placemark>
<Placemark><name>34370052</name><styleUrl>#styleDaimonCIRCUITO173TRECHO</styleUrl><LineString><coordinates>-49.544277,-11.822285,0 -49.544423,-11.822878,0</coordinates></LineString></Placemark>
<Placemark><name>34370361</name><styleUrl>#styleDaimonCIRCUITO173TRECHO</styleUrl><LineString><coordinates>-49.549914,-11.843581,0 -49.549932,-11.843649,0</coordinates></LineString></Placemark>
<Placemark><name>34370946</name><styleUrl>#styleDaimonCIRCUITO173TRECHO</styleUrl><LineString><coordinates>-49.544271,-11.822250,0 -49.544277,-11.822285,0</coordinates></LineString></Placemark>
<Placemark><name>34370415</name><styleUrl>#styleDaimonCIRCUITO173TRECHO</styleUrl><LineString><coordinates>-49.549932,-11.843649,0 -49.550113,-11.844256,0</coordinates></LineString></Placemark>
<Placemark><name>34369984</name><styleUrl>#styleDaimonCIRCUITO173TRECHO</styleUrl><LineString><coordinates>-49.544241,-11.821679,0 -49.544271,-11.822250,0</coordinates></LineString></Placemark>
<Placemark><name>34370430</name><styleUrl>#styleDaimonCIRCUITO173TRECHO</styleUrl><LineString><coordinates>-49.550113,-11.844256,0 -49.550287,-11.844849,0</coordinates></LineString></Placemark>
<Placemark><name>34370000</name><styleUrl>#styleDaimonCIRCUITO173TRECHO</styleUrl><LineString><coordinates>-49.544210,-11.821109,0 -49.544241,-11.821679,0</coordinates></LineString></Placemark>
<Placemark><name>34371131</name><styleUrl>#styleDaimonCIRCUITO173TRECHO</styleUrl><LineString><coordinates>-49.550287,-11.844849,0 -49.550296,-11.844877,0</coordinates></LineString></Placemark>
<Placemark><name>34371074</name><styleUrl>#styleDaimonCIRCUITO173TRECHO</styleUrl><LineString><coordinates>-49.544209,-11.821077,0 -49.544210,-11.821109,0</coordinates></LineString></Placemark>
<Placemark><name>34370429</name><styleUrl>#styleDaimonCIRCUITO173TRECHO</styleUrl><LineString><coordinates>-49.550296,-11.844877,0 -49.550471,-11.845470,0</coordinates></LineString></Placemark>
<Placemark><name>34369999</name><styleUrl>#styleDaimonCIRCUITO173TRECHO</styleUrl><LineString><coordinates>-49.544179,-11.820508,0 -49.544209,-11.821077,0</coordinates></LineString></Placemark>
<Placemark><name>34370428</name><styleUrl>#styleDaimonCIRCUITO173TRECHO</styleUrl><LineString><coordinates>-49.550471,-11.845470,0 -49.550652,-11.846078,0</coordinates></LineString></Placemark>
<Placemark><name>34369998</name><styleUrl>#styleDaimonCIRCUITO173TRECHO</styleUrl><LineString><coordinates>-49.544148,-11.819923,0 -49.544179,-11.820508,0</coordinates></LineString></Placemark>
<Placemark><name>34370427</name><styleUrl>#styleDaimonCIRCUITO173TRECHO</styleUrl><LineString><coordinates>-49.550652,-11.846078,0 -49.550817,-11.846666,0</coordinates></LineString></Placemark>
<Placemark><name>34369997</name><styleUrl>#styleDaimonCIRCUITO173TRECHO</styleUrl><LineString><coordinates>-49.544114,-11.819300,0 -49.544148,-11.819923,0</coordinates></LineString></Placemark>
<Placemark><name>34370489</name><styleUrl>#styleDaimonCIRCUITO173TRECHO</styleUrl><LineString><coordinates>-49.550817,-11.846666,0 -49.551015,-11.847253,0</coordinates></LineString></Placemark>
<Placemark><name>34370938</name><styleUrl>#styleDaimonCIRCUITO173TRECHO</styleUrl><LineString><coordinates>-49.544113,-11.819274,0 -49.544114,-11.819300,0</coordinates></LineString></Placemark>
<Placemark><name>34370994</name><styleUrl>#styleDaimonCIRCUITO173TRECHO</styleUrl><LineString><coordinates>-49.551015,-11.847253,0 -49.551024,-11.847279,0</coordinates></LineString></Placemark>
<Placemark><name>34369971</name><styleUrl>#styleDaimonCIRCUITO173TRECHO</styleUrl><LineString><coordinates>-49.544081,-11.818673,0 -49.544113,-11.819274,0</coordinates></LineString></Placemark>
<Placemark><name>34370490</name><styleUrl>#styleDaimonCIRCUITO173TRECHO</styleUrl><LineString><coordinates>-49.551024,-11.847279,0 -49.551201,-11.847826,0</coordinates></LineString></Placemark>
<Placemark><name>34370930</name><styleUrl>#styleDaimonCIRCUITO173TRECHO</styleUrl><LineString><coordinates>-49.544098,-11.818648,0 -49.544081,-11.818673,0</coordinates></LineString></Placemark>
<Placemark><name>34370491</name><styleUrl>#styleDaimonCIRCUITO173TRECHO</styleUrl><LineString><coordinates>-49.551201,-11.847826,0 -49.551396,-11.848430,0</coordinates></LineString></Placemark>
<Placemark><name>34369956</name><styleUrl>#styleDaimonCIRCUITO173TRECHO</styleUrl><LineString><coordinates>-49.544719,-11.818327,0 -49.544098,-11.818648,0</coordinates></LineString></Placemark>
<Placemark><name>34370492</name><styleUrl>#styleDaimonCIRCUITO173TRECHO</styleUrl><LineString><coordinates>-49.551396,-11.848430,0 -49.551592,-11.849033,0</coordinates></LineString></Placemark>
<Placemark><name>34370922</name><styleUrl>#styleDaimonCIRCUITO173TRECHO</styleUrl><LineString><coordinates>-49.544723,-11.818305,0 -49.544719,-11.818327,0</coordinates></LineString></Placemark>
<Placemark><name>34370476</name><styleUrl>#styleDaimonCIRCUITO173TRECHO</styleUrl><LineString><coordinates>-49.551592,-11.849033,0 -49.551766,-11.849573,0</coordinates></LineString></Placemark>
<Placemark><name>34371237</name><styleUrl>#styleDaimonCIRCUITO173TRECHO</styleUrl><LineString><coordinates>-49.544411,-11.817878,0 -49.544723,-11.818305,0</coordinates></LineString></Placemark>
<Placemark><name>34371002</name><styleUrl>#styleDaimonCIRCUITO173TRECHO</styleUrl><LineString><coordinates>-49.551766,-11.849573,0 -49.551779,-11.849610,0</coordinates></LineString></Placemark>
<Placemark><name>34371468</name><styleUrl>#styleDaimonCIRCUITO173TRECHO</styleUrl><LineString><coordinates>-49.544388,-11.817854,0 -49.544411,-11.817878,0</coordinates></LineString></Placemark>
<Placemark><name>34370538</name><styleUrl>#styleDaimonCIRCUITO173TRECHO</styleUrl><LineString><coordinates>-49.551779,-11.849610,0 -49.551954,-11.850151,0</coordinates></LineString></Placemark>
<Placemark><name>34371259</name><styleUrl>#styleDaimonCIRCUITO173TRECHO</styleUrl><LineString><coordinates>-49.544082,-11.817450,0 -49.544388,-11.817854,0</coordinates></LineString></Placemark>
<Placemark><name>34370558</name><styleUrl>#styleDaimonCIRCUITO173TRECHO</styleUrl><LineString><coordinates>-49.551954,-11.850151,0 -49.552147,-11.850748,0</coordinates></LineString></Placemark>
<Placemark><name>34371260</name><styleUrl>#styleDaimonCIRCUITO173TRECHO</styleUrl><LineString><coordinates>-49.543636,-11.816849,0 -49.544082,-11.817450,0</coordinates></LineString></Placemark>
<Placemark><name>34370557</name><styleUrl>#styleDaimonCIRCUITO173TRECHO</styleUrl><LineString><coordinates>-49.552147,-11.850748,0 -49.552342,-11.851350,0</coordinates></LineString></Placemark>
<Placemark><name>34371261</name><styleUrl>#styleDaimonCIRCUITO173TRECHO</styleUrl><LineString><coordinates>-49.543253,-11.816340,0 -49.543636,-11.816849,0</coordinates></LineString></Placemark>
<Placemark><name>34370556</name><styleUrl>#styleDaimonCIRCUITO173TRECHO</styleUrl><LineString><coordinates>-49.552342,-11.851350,0 -49.552533,-11.851938,0</coordinates></LineString></Placemark>
<Placemark><name>53301726</name><styleUrl>#styleDaimonCIRCUITO173TRECHO</styleUrl><LineString><coordinates>-49.543253,-11.816340,0 -49.543035,-11.816654,0</coordinates></LineString></Placemark>
<Placemark><name>34371262</name><styleUrl>#styleDaimonCIRCUITO173TRECHO</styleUrl><LineString><coordinates>-49.542869,-11.815837,0 -49.543253,-11.816340,0</coordinates></LineString></Placemark>
<Placemark><name>34371140</name><styleUrl>#styleDaimonCIRCUITO173TRECHO</styleUrl><LineString><coordinates>-49.552533,-11.851938,0 -49.552542,-11.851968,0</coordinates></LineString></Placemark>
<Placemark><name>34371246</name><styleUrl>#styleDaimonCIRCUITO173TRECHO</styleUrl><LineString><coordinates>-49.542494,-11.815346,0 -49.542869,-11.815837,0</coordinates></LineString></Placemark>
<Placemark><name>34370555</name><styleUrl>#styleDaimonCIRCUITO173TRECHO</styleUrl><LineString><coordinates>-49.552542,-11.851968,0 -49.552732,-11.852554,0</coordinates></LineString></Placemark>
<Placemark><name>34371460</name><styleUrl>#styleDaimonCIRCUITO173TRECHO</styleUrl><LineString><coordinates>-49.542472,-11.815316,0 -49.542494,-11.815346,0</coordinates></LineString></Placemark>
<Placemark><name>34370554</name><styleUrl>#styleDaimonCIRCUITO173TRECHO</styleUrl><LineString><coordinates>-49.552732,-11.852554,0 -49.552927,-11.853159,0</coordinates></LineString></Placemark>
<Placemark><name>34371300</name><styleUrl>#styleDaimonCIRCUITO173TRECHO</styleUrl><LineString><coordinates>-49.542153,-11.814893,0 -49.542472,-11.815316,0</coordinates></LineString></Placemark>
<Placemark><name>34370553</name><styleUrl>#styleDaimonCIRCUITO173TRECHO</styleUrl><LineString><coordinates>-49.552927,-11.853159,0 -49.553106,-11.853735,0</coordinates></LineString></Placemark>
<Placemark><name>34371301</name><styleUrl>#styleDaimonCIRCUITO173TRECHO</styleUrl><LineString><coordinates>-49.541795,-11.814423,0 -49.542153,-11.814893,0</coordinates></LineString></Placemark>
<Placemark><name>34371010</name><styleUrl>#styleDaimonCIRCUITO173TRECHO</styleUrl><LineString><coordinates>-49.553106,-11.853735,0 -49.553122,-11.853785,0</coordinates></LineString></Placemark>
<Placemark><name>34371302</name><styleUrl>#styleDaimonCIRCUITO173TRECHO</styleUrl><LineString><coordinates>-49.541467,-11.813990,0 -49.541795,-11.814423,0</coordinates></LineString></Placemark>
<Placemark><name>34370601</name><styleUrl>#styleDaimonCIRCUITO173TRECHO</styleUrl><LineString><coordinates>-49.553122,-11.853785,0 -49.553309,-11.854367,0</coordinates></LineString></Placemark>
<Placemark><name>34371303</name><styleUrl>#styleDaimonCIRCUITO173TRECHO</styleUrl><LineString><coordinates>-49.541109,-11.813517,0 -49.541467,-11.813990,0</coordinates></LineString></Placemark>
<Placemark><name>34370619</name><styleUrl>#styleDaimonCIRCUITO173TRECHO</styleUrl><LineString><coordinates>-49.553309,-11.854367,0 -49.553504,-11.854970,0</coordinates></LineString></Placemark>
<Placemark><name>34371287</name><styleUrl>#styleDaimonCIRCUITO173TRECHO</styleUrl><LineString><coordinates>-49.540795,-11.813122,0 -49.541109,-11.813517,0</coordinates></LineString></Placemark>
<Placemark><name>34370618</name><styleUrl>#styleDaimonCIRCUITO173TRECHO</styleUrl><LineString><coordinates>-49.553504,-11.854970,0 -49.553699,-11.855573,0</coordinates></LineString></Placemark>
<Placemark><name>34371452</name><styleUrl>#styleDaimonCIRCUITO173TRECHO</styleUrl><LineString><coordinates>-49.540782,-11.813096,0 -49.540795,-11.813122,0</coordinates></LineString></Placemark>
<Placemark><name>34370617</name><styleUrl>#styleDaimonCIRCUITO173TRECHO</styleUrl><LineString><coordinates>-49.553699,-11.855573,0 -49.553889,-11.856160,0</coordinates></LineString></Placemark>
<Placemark><name>34371339</name><styleUrl>#styleDaimonCIRCUITO173TRECHO</styleUrl><LineString><coordinates>-49.540573,-11.812342,0 -49.540782,-11.813096,0</coordinates></LineString></Placemark>
<Placemark><name>34371149</name><styleUrl>#styleDaimonCIRCUITO173TRECHO</styleUrl><LineString><coordinates>-49.553889,-11.856160,0 -49.553899,-11.856190,0</coordinates></LineString></Placemark>
<Placemark><name>34371340</name><styleUrl>#styleDaimonCIRCUITO173TRECHO</styleUrl><LineString><coordinates>-49.540451,-11.811907,0 -49.540573,-11.812342,0</coordinates></LineString></Placemark>
<Placemark><name>34370616</name><styleUrl>#styleDaimonCIRCUITO173TRECHO</styleUrl><LineString><coordinates>-49.553899,-11.856190,0 -49.554089,-11.856779,0</coordinates></LineString></Placemark>
<Placemark><name>34371328</name><styleUrl>#styleDaimonCIRCUITO173TRECHO</styleUrl><LineString><coordinates>-49.540262,-11.811224,0 -49.540451,-11.811907,0</coordinates></LineString></Placemark>
<Placemark><name>34370615</name><styleUrl>#styleDaimonCIRCUITO173TRECHO</styleUrl><LineString><coordinates>-49.554089,-11.856779,0 -49.554284,-11.857386,0</coordinates></LineString></Placemark>
<Placemark><name>34371444</name><styleUrl>#styleDaimonCIRCUITO173TRECHO</styleUrl><LineString><coordinates>-49.540253,-11.811194,0 -49.540262,-11.811224,0</coordinates></LineString></Placemark>
<Placemark><name>34370748</name><styleUrl>#styleDaimonCIRCUITO173TRECHO</styleUrl><LineString><coordinates>-49.554284,-11.857386,0 -49.554572,-11.857991,0</coordinates></LineString></Placemark>
<Placemark><name>34371364</name><styleUrl>#styleDaimonCIRCUITO173TRECHO</styleUrl><LineString><coordinates>-49.540110,-11.810687,0 -49.540253,-11.811194,0</coordinates></LineString></Placemark>
<Placemark><name>34370749</name><styleUrl>#styleDaimonCIRCUITO173TRECHO</styleUrl><LineString><coordinates>-49.554572,-11.857991,0 -49.554848,-11.858577,0</coordinates></LineString></Placemark>
<Placemark><name>34371365</name><styleUrl>#styleDaimonCIRCUITO173TRECHO</styleUrl><LineString><coordinates>-49.539952,-11.810120,0 -49.540110,-11.810687,0</coordinates></LineString></Placemark>
<Placemark><name>34371018</name><styleUrl>#styleDaimonCIRCUITO173TRECHO</styleUrl><LineString><coordinates>-49.554848,-11.858577,0 -49.554859,-11.858603,0</coordinates></LineString></Placemark>
<Placemark><name>34371353</name><styleUrl>#styleDaimonCIRCUITO173TRECHO</styleUrl><LineString><coordinates>-49.539781,-11.809509,0 -49.539952,-11.810120,0</coordinates></LineString></Placemark>
<Placemark><name>34370750</name><styleUrl>#styleDaimonCIRCUITO173TRECHO</styleUrl><LineString><coordinates>-49.554859,-11.858603,0 -49.555135,-11.859189,0</coordinates></LineString></Placemark>
<Placemark><name>34371380</name><styleUrl>#styleDaimonCIRCUITO173TRECHO</styleUrl><LineString><coordinates>-49.539608,-11.808875,0 -49.539781,-11.809509,0</coordinates></LineString></Placemark>
<Placemark><name>34370751</name><styleUrl>#styleDaimonCIRCUITO173TRECHO</styleUrl><LineString><coordinates>-49.555135,-11.859189,0 -49.555420,-11.859796,0</coordinates></LineString></Placemark>
<Placemark><name>34371436</name><styleUrl>#styleDaimonCIRCUITO173TRECHO</styleUrl><LineString><coordinates>-49.539603,-11.808851,0 -49.539608,-11.808875,0</coordinates></LineString></Placemark>
<Placemark><name>34370735</name><styleUrl>#styleDaimonCIRCUITO173TRECHO</styleUrl><LineString><coordinates>-49.555420,-11.859796,0 -49.555677,-11.860342,0</coordinates></LineString></Placemark>
<Placemark><name>34371389</name><styleUrl>#styleDaimonCIRCUITO173TRECHO</styleUrl><LineString><coordinates>-49.539443,-11.808252,0 -49.539603,-11.808851,0</coordinates></LineString></Placemark>
<Placemark><name>34371026</name><styleUrl>#styleDaimonCIRCUITO173TRECHO</styleUrl><LineString><coordinates>-49.555677,-11.860342,0 -49.555701,-11.860371,0</coordinates></LineString></Placemark>
<Placemark><name>34371413</name><styleUrl>#styleDaimonCIRCUITO173TRECHO</styleUrl><LineString><coordinates>-49.539299,-11.807789,0 -49.539443,-11.808252,0</coordinates></LineString></Placemark>
<Placemark><name>34370798</name><styleUrl>#styleDaimonCIRCUITO173TRECHO</styleUrl><LineString><coordinates>-49.555701,-11.860371,0 -49.556051,-11.860826,0</coordinates></LineString></Placemark>
<Placemark><name>34370816</name><styleUrl>#styleDaimonCIRCUITO173TRECHO</styleUrl><LineString><coordinates>-49.556051,-11.860826,0 -49.556411,-11.861293,0</coordinates></LineString></Placemark>
<Placemark><name>34370815</name><styleUrl>#styleDaimonCIRCUITO173TRECHO</styleUrl><LineString><coordinates>-49.556411,-11.861293,0 -49.556680,-11.861615,0</coordinates></LineString></Placemark>
<Placemark><name>34371161</name><styleUrl>#styleDaimonCIRCUITO173TRECHO</styleUrl><LineString><coordinates>-49.556680,-11.861615,0 -49.556701,-11.861640,0</coordinates></LineString></Placemark>
<Placemark><name>34370814</name><styleUrl>#styleDaimonCIRCUITO173TRECHO</styleUrl><LineString><coordinates>-49.556701,-11.861640,0 -49.557166,-11.862194,0</coordinates></LineString></Placemark>
<Placemark><name>34370813</name><styleUrl>#styleDaimonCIRCUITO173TRECHO</styleUrl><LineString><coordinates>-49.557166,-11.862194,0 -49.557668,-11.862796,0</coordinates></LineString></Placemark>
<Placemark><name>34370812</name><styleUrl>#styleDaimonCIRCUITO173TRECHO</styleUrl><LineString><coordinates>-49.557668,-11.862796,0 -49.558095,-11.863303,0</coordinates></LineString></Placemark>
<Placemark><name>34371034</name><styleUrl>#styleDaimonCIRCUITO173TRECHO</styleUrl><LineString><coordinates>-49.558095,-11.863303,0 -49.558119,-11.863332,0</coordinates></LineString></Placemark>
<Placemark><name>34370865</name><styleUrl>#styleDaimonCIRCUITO173TRECHO</styleUrl><LineString><coordinates>-49.558119,-11.863332,0 -49.558383,-11.863649,0</coordinates></LineString></Placemark>
<Placemark><name>34370866</name><styleUrl>#styleDaimonCIRCUITO173TRECHO</styleUrl><LineString><coordinates>-49.558383,-11.863649,0 -49.558787,-11.864135,0</coordinates></LineString></Placemark>
<Placemark><name>34371169</name><styleUrl>#styleDaimonCIRCUITO173TRECHO</styleUrl><LineString><coordinates>-49.558787,-11.864135,0 -49.559014,-11.864407,0</coordinates></LineString></Placemark>
<Placemark><name>34370867</name><styleUrl>#styleDaimonCIRCUITO173TRECHO</styleUrl><LineString><coordinates>-49.559014,-11.864407,0 -49.559239,-11.864675,0</coordinates></LineString></Placemark>
<Placemark><name>34371185</name><styleUrl>#styleDaimonCIRCUITO173TRECHO</styleUrl><LineString><coordinates>-49.559239,-11.864675,0 -49.559261,-11.864703,0</coordinates></LineString></Placemark>
<Placemark><name>34371176</name><styleUrl>#styleDaimonCIRCUITO173TRECHO</styleUrl><LineString><coordinates>-49.559261,-11.864703,0 -49.559423,-11.864901,0</coordinates></LineString></Placemark>
<Placemark><name>34370868</name><styleUrl>#styleDaimonCIRCUITO173TRECHO</styleUrl><LineString><coordinates>-49.559423,-11.864901,0 -49.559772,-11.865320,0</coordinates></LineString></Placemark>
<Placemark><name>34371193</name><styleUrl>#styleDaimonCIRCUITO173TRECHO</styleUrl><LineString><coordinates>-49.559772,-11.865320,0 -49.560064,-11.865664,0</coordinates></LineString></Placemark>
<Placemark><name>34370852</name><styleUrl>#styleDaimonCIRCUITO173TRECHO</styleUrl><LineString><coordinates>-49.560064,-11.865664,0 -49.560240,-11.865876,0</coordinates></LineString></Placemark>
<Placemark><name>42287381</name><styleUrl>#styleDaimonCIRCUITO173TRECHO</styleUrl><LineString><coordinates>-49.536535,-11.806961,0 -49.536646,-11.806931,0</coordinates></LineString></Placemark>
<Placemark><name>2593618</name><styleUrl>#styleDaimonCIRCUITO173TRECHO</styleUrl><LineString><coordinates>-49.538086,-11.816124,0 -49.538380,-11.815958,0</coordinates></LineString></Placemark>
<Placemark><name>2507008</name><styleUrl>#styleDaimonCIRCUITO173TRECHO</styleUrl><LineString><coordinates>-49.537966,-11.815920,0 -49.538325,-11.815735,0</coordinates></LineString></Placemark>
<Placemark><name>2524261</name><styleUrl>#styleDaimonCIRCUITO173TRECHO</styleUrl><LineString><coordinates>-49.534625,-11.813849,0 -49.534001,-11.814014,0</coordinates></LineString></Placemark>
<Placemark><name>2823254</name><styleUrl>#styleDaimonCIRCUITO173TRECHO</styleUrl><LineString><coordinates>-49.537580,-11.815425,0 -49.537447,-11.815594,0</coordinates></LineString></Placemark>
<Placemark><name>3366524</name><styleUrl>#styleDaimonCIRCUITO173TRECHO</styleUrl><LineString><coordinates>-49.537447,-11.815594,0 -49.537427,-11.815599,0</coordinates></LineString></Placemark>
<Placemark><name>2734825</name><styleUrl>#styleDaimonCIRCUITO173TRECHO</styleUrl><LineString><coordinates>-49.538731,-11.817023,0 -49.539206,-11.817870,0</coordinates></LineString></Placemark>
<Placemark><name>2734824</name><styleUrl>#styleDaimonCIRCUITO173TRECHO</styleUrl><LineString><coordinates>-49.538184,-11.816271,0 -49.538731,-11.817023,0</coordinates></LineString></Placemark>
<Placemark><name>2734823</name><styleUrl>#styleDaimonCIRCUITO173TRECHO</styleUrl><LineString><coordinates>-49.539206,-11.817870,0 -49.539799,-11.818913,0</coordinates></LineString></Placemark>
<Placemark><name>2734822</name><styleUrl>#styleDaimonCIRCUITO173TRECHO</styleUrl><LineString><coordinates>-49.539799,-11.818913,0 -49.540450,-11.820054,0</coordinates></LineString></Placemark>
<Placemark><name>2595623</name><styleUrl>#styleDaimonCIRCUITO173TRECHO</styleUrl><LineString><coordinates>-49.529402,-11.807279,0 -49.529502,-11.807405,0</coordinates></LineString></Placemark>
<Placemark><name>2595805</name><styleUrl>#styleDaimonCIRCUITO173TRECHO</styleUrl><LineString><coordinates>-49.529402,-11.807279,0 -49.529305,-11.807160,0</coordinates></LineString></Placemark>
<Placemark><name>2595804</name><styleUrl>#styleDaimonCIRCUITO173TRECHO</styleUrl><LineString><coordinates>-49.529642,-11.807084,0 -49.529402,-11.807279,0</coordinates></LineString></Placemark>
<Placemark><name>3451163</name><styleUrl>#styleDaimonCIRCUITO173TRECHO</styleUrl><LineString><coordinates>-49.529402,-11.807279,0 -49.529351,-11.807316,0</coordinates></LineString></Placemark>
<Placemark><name>3443535</name><styleUrl>#styleDaimonCIRCUITO173TRECHO</styleUrl><LineString><coordinates>-49.529898,-11.806887,0 -49.529642,-11.807084,0</coordinates></LineString></Placemark>
<Placemark><name>3451164</name><styleUrl>#styleDaimonCIRCUITO173TRECHO</styleUrl><LineString><coordinates>-49.529351,-11.807316,0 -49.529080,-11.807519,0</coordinates></LineString></Placemark>
<Placemark><name>3443534</name><styleUrl>#styleDaimonCIRCUITO173TRECHO</styleUrl><LineString><coordinates>-49.530133,-11.806692,0 -49.529898,-11.806887,0</coordinates></LineString></Placemark>
<Placemark><name>3451165</name><styleUrl>#styleDaimonCIRCUITO173TRECHO</styleUrl><LineString><coordinates>-49.529080,-11.807519,0 -49.528777,-11.807749,0</coordinates></LineString></Placemark>
<Placemark><name>3451166</name><styleUrl>#styleDaimonCIRCUITO173TRECHO</styleUrl><LineString><coordinates>-49.530445,-11.806456,0 -49.530133,-11.806692,0</coordinates></LineString></Placemark>
<Placemark><name>2595929</name><styleUrl>#styleDaimonCIRCUITO173TRECHO</styleUrl><LineString><coordinates>-49.528777,-11.807749,0 -49.528562,-11.807922,0</coordinates></LineString></Placemark>
<Placemark><name>3443536</name><styleUrl>#styleDaimonCIRCUITO173TRECHO</styleUrl><LineString><coordinates>-49.530739,-11.806224,0 -49.530445,-11.806456,0</coordinates></LineString></Placemark>
<Placemark><name>2595930</name><styleUrl>#styleDaimonCIRCUITO173TRECHO</styleUrl><LineString><coordinates>-49.528562,-11.807922,0 -49.528634,-11.808019,0</coordinates></LineString></Placemark>
<Placemark><name>3443744</name><styleUrl>#styleDaimonCIRCUITO173TRECHO</styleUrl><LineString><coordinates>-49.528562,-11.807922,0 -49.528461,-11.807790,0</coordinates></LineString></Placemark>
<Placemark><name>3443743</name><styleUrl>#styleDaimonCIRCUITO173TRECHO</styleUrl><LineString><coordinates>-49.528562,-11.807922,0 -49.528492,-11.807974,0</coordinates></LineString></Placemark>
<Placemark><name>2596400</name><styleUrl>#styleDaimonCIRCUITO173TRECHO</styleUrl><LineString><coordinates>-49.530956,-11.806067,0 -49.530739,-11.806224,0</coordinates></LineString></Placemark>
<Placemark><name>3443745</name><styleUrl>#styleDaimonCIRCUITO173TRECHO</styleUrl><LineString><coordinates>-49.528461,-11.807790,0 -49.528264,-11.807548,0</coordinates></LineString></Placemark>
<Placemark><name>3448236</name><styleUrl>#styleDaimonCIRCUITO173TRECHO</styleUrl><LineString><coordinates>-49.528264,-11.807548,0 -49.528017,-11.807239,0</coordinates></LineString></Placemark>
<Placemark><name>3448235</name><styleUrl>#styleDaimonCIRCUITO173TRECHO</styleUrl><LineString><coordinates>-49.528017,-11.807239,0 -49.527779,-11.806944,0</coordinates></LineString></Placemark>
<Placemark><name>3448234</name><styleUrl>#styleDaimonCIRCUITO173TRECHO</styleUrl><LineString><coordinates>-49.527779,-11.806944,0 -49.527523,-11.806621,0</coordinates></LineString></Placemark>
<Placemark><name>38148702</name><styleUrl>#styleDaimonCIRCUITO173TRECHO</styleUrl><LineString><coordinates>-49.527523,-11.806621,0 -49.527482,-11.806570,0</coordinates></LineString></Placemark>
<Placemark><name>38148863</name><styleUrl>#styleDaimonCIRCUITO173TRECHO</styleUrl><LineString><coordinates>-49.527482,-11.806570,0 -49.527499,-11.806561,0</coordinates></LineString></Placemark>
<Placemark><name>2595620</name><styleUrl>#styleDaimonCIRCUITO173TRECHO</styleUrl><LineString><coordinates>-49.527482,-11.806570,0 -49.527340,-11.806390,0</coordinates></LineString></Placemark>
<Placemark><name>38148749</name><styleUrl>#styleDaimonCIRCUITO173TRECHO</styleUrl><LineString><coordinates>-49.527499,-11.806561,0 -49.527568,-11.806505,0</coordinates></LineString></Placemark>
<Placemark><name>38148871</name><styleUrl>#styleDaimonCIRCUITO173TRECHO</styleUrl><LineString><coordinates>-49.527568,-11.806505,0 -49.527578,-11.806496,0</coordinates></LineString></Placemark>
<Placemark><name>38148785</name><styleUrl>#styleDaimonCIRCUITO173TRECHO</styleUrl><LineString><coordinates>-49.527578,-11.806496,0 -49.527400,-11.806269,0</coordinates></LineString></Placemark>
<Placemark><name>38148760</name><styleUrl>#styleDaimonCIRCUITO173TRECHO</styleUrl><LineString><coordinates>-49.527578,-11.806496,0 -49.527782,-11.806757,0</coordinates></LineString></Placemark>
<Placemark><name>2595567</name><styleUrl>#styleDaimonCIRCUITO173TRECHO</styleUrl><LineString><coordinates>-49.528267,-11.809670,0 -49.528324,-11.809469,0</coordinates></LineString></Placemark>
<Placemark><name>2595932</name><styleUrl>#styleDaimonCIRCUITO173TRECHO</styleUrl><LineString><coordinates>-49.528201,-11.809922,0 -49.528267,-11.809670,0</coordinates></LineString></Placemark>
<Placemark><name>43366358</name><styleUrl>#styleDaimonCIRCUITO173TRECHO</styleUrl><LineString><coordinates>-49.533630,-11.804009,0 -49.533863,-11.803838,0</coordinates></LineString></Placemark>
<Placemark><name>43366356</name><styleUrl>#styleDaimonCIRCUITO173TRECHO</styleUrl><LineString><coordinates>-49.533863,-11.803838,0 -49.534079,-11.803671,0</coordinates></LineString></Placemark>
<Placemark><name>43366357</name><styleUrl>#styleDaimonCIRCUITO173TRECHO</styleUrl><LineString><coordinates>-49.533360,-11.804221,0 -49.533630,-11.804009,0</coordinates></LineString></Placemark>
<Placemark><name>43366359</name><styleUrl>#styleDaimonCIRCUITO173TRECHO</styleUrl><LineString><coordinates>-49.533092,-11.804442,0 -49.533360,-11.804221,0</coordinates></LineString></Placemark>
<Placemark><name>43366360</name><styleUrl>#styleDaimonCIRCUITO173TRECHO</styleUrl><LineString><coordinates>-49.532806,-11.804650,0 -49.533092,-11.804442,0</coordinates></LineString></Placemark>
<Placemark><name>43366361</name><styleUrl>#styleDaimonCIRCUITO173TRECHO</styleUrl><LineString><coordinates>-49.532573,-11.804829,0 -49.532806,-11.804650,0</coordinates></LineString></Placemark>
<Placemark><name>3141598</name><styleUrl>#styleDaimonCIRCUITO173TRECHO</styleUrl><LineString><coordinates>-49.532325,-11.805023,0 -49.532573,-11.804829,0</coordinates></LineString></Placemark>
<Placemark><name>3443550</name><styleUrl>#styleDaimonCIRCUITO173TRECHO</styleUrl><LineString><coordinates>-49.532040,-11.805252,0 -49.532325,-11.805023,0</coordinates></LineString></Placemark>
<Placemark><name>3141597</name><styleUrl>#styleDaimonCIRCUITO173TRECHO</styleUrl><LineString><coordinates>-49.531781,-11.805443,0 -49.532040,-11.805252,0</coordinates></LineString></Placemark>
<Placemark><name>3443549</name><styleUrl>#styleDaimonCIRCUITO173TRECHO</styleUrl><LineString><coordinates>-49.531514,-11.805648,0 -49.531781,-11.805443,0</coordinates></LineString></Placemark>
<Placemark><name>2745559</name><styleUrl>#styleDaimonCIRCUITO173TRECHO</styleUrl><LineString><coordinates>-49.531293,-11.805813,0 -49.531514,-11.805648,0</coordinates></LineString></Placemark>
<Placemark><name>3655496</name><styleUrl>#styleDaimonCIRCUITO173TRECHO</styleUrl><LineString><coordinates>-49.526024,-11.809433,0 -49.526000,-11.809441,0</coordinates></LineString></Placemark>
<Placemark><name>66054625</name><styleUrl>#styleDaimonCIRCUITO173TRECHO</styleUrl><LineString><coordinates>-49.532078,-11.807291,0 -49.532054,-11.807269,0</coordinates></LineString></Placemark>
<Placemark><name>66054617</name><styleUrl>#styleDaimonCIRCUITO173TRECHO</styleUrl><LineString><coordinates>-49.532054,-11.807269,0 -49.532071,-11.807274,0</coordinates></LineString></Placemark>
<Placemark><name>66054602</name><styleUrl>#styleDaimonCIRCUITO173TRECHO</styleUrl><LineString><coordinates>-49.532054,-11.807296,0 -49.532078,-11.807291,0</coordinates></LineString></Placemark>
<Placemark><name>66054609</name><styleUrl>#styleDaimonCIRCUITO173TRECHO</styleUrl><LineString><coordinates>-49.532078,-11.807291,0 -49.532073,-11.807274,0</coordinates></LineString></Placemark>
<Placemark><name>12077010</name><styleUrl>#styleDaimonCIRCUITO173TRECHO</styleUrl><LineString><coordinates>-49.555724,-11.807833,0 -49.555723,-11.807802,0</coordinates></LineString></Placemark>
<Placemark><name>2473572</name><styleUrl>#styleDaimonCIRCUITO173TRECHO</styleUrl><LineString><coordinates>-49.555706,-11.808031,0 -49.555724,-11.807833,0</coordinates></LineString></Placemark>
<Placemark><name>2826175</name><styleUrl>#styleDaimonCIRCUITO173TRECHO</styleUrl><LineString><coordinates>-49.555723,-11.807802,0 -49.555681,-11.807245,0</coordinates></LineString></Placemark>
<Placemark><name>2826176</name><styleUrl>#styleDaimonCIRCUITO173TRECHO</styleUrl><LineString><coordinates>-49.555681,-11.807245,0 -49.555710,-11.806964,0</coordinates></LineString></Placemark>
<Placemark><name>2826177</name><styleUrl>#styleDaimonCIRCUITO173TRECHO</styleUrl><LineString><coordinates>-49.555710,-11.806964,0 -49.555668,-11.806726,0</coordinates></LineString></Placemark>
<Placemark><name>2824566</name><styleUrl>#styleDaimonCIRCUITO173TRECHO</styleUrl><LineString><coordinates>-49.555668,-11.806726,0 -49.555617,-11.806370,0</coordinates></LineString></Placemark>
<Placemark><name>2747362</name><styleUrl>#styleDaimonCIRCUITO173TRECHO</styleUrl><LineString><coordinates>-49.555617,-11.806370,0 -49.555569,-11.805997,0</coordinates></LineString></Placemark>
<Placemark><name>2824567</name><styleUrl>#styleDaimonCIRCUITO173TRECHO</styleUrl><LineString><coordinates>-49.555569,-11.805997,0 -49.555534,-11.805641,0</coordinates></LineString></Placemark>
<Placemark><name>4181363</name><styleUrl>#styleDaimonCIRCUITO173TRECHO</styleUrl><LineString><coordinates>-49.555534,-11.805641,0 -49.555593,-11.805640,0</coordinates></LineString></Placemark>
<Placemark><name>2683552</name><styleUrl>#styleDaimonCIRCUITO173TRECHO</styleUrl><LineString><coordinates>-49.544029,-11.817485,0 -49.543557,-11.817797,0</coordinates></LineString></Placemark>
<Placemark><name>44327381</name><styleUrl>#styleDaimonCIRCUITO173TRECHO</styleUrl><LineString><coordinates>-49.559431,-11.864897,0 -49.559503,-11.864851,0</coordinates></LineString></Placemark>
<Placemark><name>44327382</name><styleUrl>#styleDaimonCIRCUITO173TRECHO</styleUrl><LineString><coordinates>-49.559503,-11.864851,0 -49.559543,-11.864831,0</coordinates></LineString></Placemark>
<Placemark><name>36829280</name><styleUrl>#styleDaimonCIRCUITO173TRECHO</styleUrl><LineString><coordinates>-49.559543,-11.864831,0 -49.559444,-11.864784,0</coordinates></LineString></Placemark>
<Placemark><name>54279244</name><styleUrl>#styleDaimonCIRCUITO173TRECHO</styleUrl><LineString><coordinates>-49.559092,-11.864361,0 -49.558973,-11.864291,0</coordinates></LineString></Placemark>
<Placemark><name>44787448</name><styleUrl>#styleDaimonCIRCUITO173TRECHO</styleUrl><LineString><coordinates>-49.559092,-11.864361,0 -49.559136,-11.864337,0</coordinates></LineString></Placemark>
<Placemark><name>44787457</name><styleUrl>#styleDaimonCIRCUITO173TRECHO</styleUrl><LineString><coordinates>-49.559023,-11.864403,0 -49.559092,-11.864361,0</coordinates></LineString></Placemark>
<Placemark><name>2683553</name><styleUrl>#styleDaimonCIRCUITO173TRECHO</styleUrl><LineString><coordinates>-49.539742,-11.809524,0 -49.539386,-11.809661,0</coordinates></LineString></Placemark>
<Placemark><name>2793403</name><styleUrl>#styleDaimonCIRCUITO173TRECHO</styleUrl><LineString><coordinates>-49.545569,-11.833108,0 -49.544339,-11.833416,0</coordinates></LineString></Placemark>
<Placemark><name>2793404</name><styleUrl>#styleDaimonCIRCUITO173TRECHO</styleUrl><LineString><coordinates>-49.546632,-11.832711,0 -49.545569,-11.833108,0</coordinates></LineString></Placemark>
<Placemark><name>12077303</name><styleUrl>#styleDaimonCIRCUITO173TRECHO</styleUrl><LineString><coordinates>-49.544339,-11.833416,0 -49.544303,-11.833421,0</coordinates></LineString></Placemark>
<Placemark><name>2793405</name><styleUrl>#styleDaimonCIRCUITO173TRECHO</styleUrl><LineString><coordinates>-49.547033,-11.832580,0 -49.546632,-11.832711,0</coordinates></LineString></Placemark>
<Placemark><name>2793402</name><styleUrl>#styleDaimonCIRCUITO173TRECHO</styleUrl><LineString><coordinates>-49.544303,-11.833421,0 -49.543059,-11.833627,0</coordinates></LineString></Placemark>
<Placemark><name>2818083</name><styleUrl>#styleDaimonCIRCUITO173TRECHO</styleUrl><LineString><coordinates>-49.543059,-11.833627,0 -49.541879,-11.833731,0</coordinates></LineString></Placemark>
<Placemark><name>2791954</name><styleUrl>#styleDaimonCIRCUITO173TRECHO</styleUrl><LineString><coordinates>-49.541879,-11.833731,0 -49.540573,-11.833904,0</coordinates></LineString></Placemark>
<Placemark><name>2791953</name><styleUrl>#styleDaimonCIRCUITO173TRECHO</styleUrl><LineString><coordinates>-49.540573,-11.833904,0 -49.539387,-11.833944,0</coordinates></LineString></Placemark>
<Placemark><name>2791952</name><styleUrl>#styleDaimonCIRCUITO173TRECHO</styleUrl><LineString><coordinates>-49.539387,-11.833944,0 -49.537995,-11.834162,0</coordinates></LineString></Placemark>
<Placemark><name>2791951</name><styleUrl>#styleDaimonCIRCUITO173TRECHO</styleUrl><LineString><coordinates>-49.537995,-11.834162,0 -49.536581,-11.834319,0</coordinates></LineString></Placemark>
<Placemark><name>2747360</name><styleUrl>#styleDaimonCIRCUITO173TRECHO</styleUrl><LineString><coordinates>-49.536581,-11.834319,0 -49.535239,-11.834515,0</coordinates></LineString></Placemark>
<Placemark><name>2818082</name><styleUrl>#styleDaimonCIRCUITO173TRECHO</styleUrl><LineString><coordinates>-49.535239,-11.834515,0 -49.533866,-11.834719,0</coordinates></LineString></Placemark>
<Placemark><name>12160908</name><styleUrl>#styleDaimonCIRCUITO173TRECHO</styleUrl><LineString><coordinates>-49.533866,-11.834719,0 -49.533865,-11.834733,0</coordinates></LineString></Placemark>
<Placemark><name>2791950</name><styleUrl>#styleDaimonCIRCUITO173TRECHO</styleUrl><LineString><coordinates>-49.533866,-11.834719,0 -49.532481,-11.834915,0</coordinates></LineString></Placemark>
<Placemark><name>2825164</name><styleUrl>#styleDaimonCIRCUITO173TRECHO</styleUrl><LineString><coordinates>-49.533865,-11.834733,0 -49.534160,-11.835939,0</coordinates></LineString></Placemark>
<Placemark><name>2791949</name><styleUrl>#styleDaimonCIRCUITO173TRECHO</styleUrl><LineString><coordinates>-49.532481,-11.834915,0 -49.531093,-11.835089,0</coordinates></LineString></Placemark>
<Placemark><name>2825165</name><styleUrl>#styleDaimonCIRCUITO173TRECHO</styleUrl><LineString><coordinates>-49.534160,-11.835939,0 -49.534436,-11.837173,0</coordinates></LineString></Placemark>
<Placemark><name>2791948</name><styleUrl>#styleDaimonCIRCUITO173TRECHO</styleUrl><LineString><coordinates>-49.531093,-11.835089,0 -49.529785,-11.835269,0</coordinates></LineString></Placemark>
<Placemark><name>2825166</name><styleUrl>#styleDaimonCIRCUITO173TRECHO</styleUrl><LineString><coordinates>-49.534436,-11.837173,0 -49.534729,-11.838376,0</coordinates></LineString></Placemark>
<Placemark><name>2791859</name><styleUrl>#styleDaimonCIRCUITO173TRECHO</styleUrl><LineString><coordinates>-49.529785,-11.835269,0 -49.528478,-11.835450,0</coordinates></LineString></Placemark>
<Placemark><name>2825167</name><styleUrl>#styleDaimonCIRCUITO173TRECHO</styleUrl><LineString><coordinates>-49.534729,-11.838376,0 -49.535032,-11.839657,0</coordinates></LineString></Placemark>
<Placemark><name>12077304</name><styleUrl>#styleDaimonCIRCUITO173TRECHO</styleUrl><LineString><coordinates>-49.528478,-11.835450,0 -49.528444,-11.835466,0</coordinates></LineString></Placemark>
<Placemark><name>2825168</name><styleUrl>#styleDaimonCIRCUITO173TRECHO</styleUrl><LineString><coordinates>-49.535032,-11.839657,0 -49.535329,-11.840896,0</coordinates></LineString></Placemark>
<Placemark><name>2792074</name><styleUrl>#styleDaimonCIRCUITO173TRECHO</styleUrl><LineString><coordinates>-49.528444,-11.835466,0 -49.527096,-11.835933,0</coordinates></LineString></Placemark>
<Placemark><name>2817855</name><styleUrl>#styleDaimonCIRCUITO173TRECHO</styleUrl><LineString><coordinates>-49.527096,-11.835933,0 -49.525993,-11.836232,0</coordinates></LineString></Placemark>
<Placemark><name>2791858</name><styleUrl>#styleDaimonCIRCUITO173TRECHO</styleUrl><LineString><coordinates>-49.525993,-11.836232,0 -49.524880,-11.836506,0</coordinates></LineString></Placemark>
<Placemark><name>2791857</name><styleUrl>#styleDaimonCIRCUITO173TRECHO</styleUrl><LineString><coordinates>-49.524880,-11.836506,0 -49.523771,-11.836803,0</coordinates></LineString></Placemark>
<Placemark><name>2791856</name><styleUrl>#styleDaimonCIRCUITO173TRECHO</styleUrl><LineString><coordinates>-49.523771,-11.836803,0 -49.522610,-11.837168,0</coordinates></LineString></Placemark>
<Placemark><name>2791855</name><styleUrl>#styleDaimonCIRCUITO173TRECHO</styleUrl><LineString><coordinates>-49.522610,-11.837168,0 -49.521373,-11.837464,0</coordinates></LineString></Placemark>
<Placemark><name>2791854</name><styleUrl>#styleDaimonCIRCUITO173TRECHO</styleUrl><LineString><coordinates>-49.521373,-11.837464,0 -49.520272,-11.837766,0</coordinates></LineString></Placemark>
<Placemark><name>2817854</name><styleUrl>#styleDaimonCIRCUITO173TRECHO</styleUrl><LineString><coordinates>-49.520272,-11.837766,0 -49.519168,-11.838182,0</coordinates></LineString></Placemark>
<Placemark><name>2826530</name><styleUrl>#styleDaimonCIRCUITO173TRECHO</styleUrl><LineString><coordinates>-49.519168,-11.838182,0 -49.518008,-11.838487,0</coordinates></LineString></Placemark>
<Placemark><name>2791864</name><styleUrl>#styleDaimonCIRCUITO173TRECHO</styleUrl><LineString><coordinates>-49.518008,-11.838487,0 -49.516973,-11.838788,0</coordinates></LineString></Placemark>
<Placemark><name>2791863</name><styleUrl>#styleDaimonCIRCUITO173TRECHO</styleUrl><LineString><coordinates>-49.516973,-11.838788,0 -49.515940,-11.839079,0</coordinates></LineString></Placemark>
<Placemark><name>2791862</name><styleUrl>#styleDaimonCIRCUITO173TRECHO</styleUrl><LineString><coordinates>-49.515940,-11.839079,0 -49.514833,-11.839374,0</coordinates></LineString></Placemark>
<Placemark><name>2791861</name><styleUrl>#styleDaimonCIRCUITO173TRECHO</styleUrl><LineString><coordinates>-49.514833,-11.839374,0 -49.513652,-11.839629,0</coordinates></LineString></Placemark>
<Placemark><name>2791860</name><styleUrl>#styleDaimonCIRCUITO173TRECHO</styleUrl><LineString><coordinates>-49.513652,-11.839629,0 -49.512496,-11.839878,0</coordinates></LineString></Placemark>
<Placemark><name>2792080</name><styleUrl>#styleDaimonCIRCUITO173TRECHO</styleUrl><LineString><coordinates>-49.512496,-11.839878,0 -49.511394,-11.840115,0</coordinates></LineString></Placemark>
<Placemark><name>2791769</name><styleUrl>#styleDaimonCIRCUITO173TRECHO</styleUrl><LineString><coordinates>-49.511394,-11.840115,0 -49.510553,-11.840233,0</coordinates></LineString></Placemark>
<Placemark><name>12077305</name><styleUrl>#styleDaimonCIRCUITO173TRECHO</styleUrl><LineString><coordinates>-49.510553,-11.840233,0 -49.510541,-11.840258,0</coordinates></LineString></Placemark>
<Placemark><name>2791768</name><styleUrl>#styleDaimonCIRCUITO173TRECHO</styleUrl><LineString><coordinates>-49.510541,-11.840258,0 -49.510662,-11.841420,0</coordinates></LineString></Placemark>
<Placemark><name>2791767</name><styleUrl>#styleDaimonCIRCUITO173TRECHO</styleUrl><LineString><coordinates>-49.510662,-11.841420,0 -49.510717,-11.842801,0</coordinates></LineString></Placemark>
<Placemark><name>2791766</name><styleUrl>#styleDaimonCIRCUITO173TRECHO</styleUrl><LineString><coordinates>-49.510717,-11.842801,0 -49.510846,-11.844258,0</coordinates></LineString></Placemark>
<Placemark><name>2792082</name><styleUrl>#styleDaimonCIRCUITO173TRECHO</styleUrl><LineString><coordinates>-49.510846,-11.844258,0 -49.510980,-11.845671,0</coordinates></LineString></Placemark>
<Placemark><name>2791765</name><styleUrl>#styleDaimonCIRCUITO173TRECHO</styleUrl><LineString><coordinates>-49.510980,-11.845671,0 -49.511088,-11.846829,0</coordinates></LineString></Placemark>
<Placemark><name>2791764</name><styleUrl>#styleDaimonCIRCUITO173TRECHO</styleUrl><LineString><coordinates>-49.511088,-11.846829,0 -49.511213,-11.848382,0</coordinates></LineString></Placemark>
<Placemark><name>2791763</name><styleUrl>#styleDaimonCIRCUITO173TRECHO</styleUrl><LineString><coordinates>-49.511213,-11.848382,0 -49.511325,-11.849884,0</coordinates></LineString></Placemark>
<Placemark><name>12077201</name><styleUrl>#styleDaimonCIRCUITO173TRECHO</styleUrl><LineString><coordinates>-49.511325,-11.849884,0 -49.511333,-11.849918,0</coordinates></LineString></Placemark>
<Placemark><name>2791762</name><styleUrl>#styleDaimonCIRCUITO173TRECHO</styleUrl><LineString><coordinates>-49.511333,-11.849918,0 -49.511552,-11.850539,0</coordinates></LineString></Placemark>
<Placemark><name>2791761</name><styleUrl>#styleDaimonCIRCUITO173TRECHO</styleUrl><LineString><coordinates>-49.511552,-11.850539,0 -49.512106,-11.851902,0</coordinates></LineString></Placemark>
<Placemark><name>12077202</name><styleUrl>#styleDaimonCIRCUITO173TRECHO</styleUrl><LineString><coordinates>-49.512106,-11.851902,0 -49.512109,-11.851943,0</coordinates></LineString></Placemark>
<Placemark><name>2791760</name><styleUrl>#styleDaimonCIRCUITO173TRECHO</styleUrl><LineString><coordinates>-49.512109,-11.851943,0 -49.511942,-11.853205,0</coordinates></LineString></Placemark>
<Placemark><name>2791759</name><styleUrl>#styleDaimonCIRCUITO173TRECHO</styleUrl><LineString><coordinates>-49.511942,-11.853205,0 -49.511779,-11.854479,0</coordinates></LineString></Placemark>
<Placemark><name>2791758</name><styleUrl>#styleDaimonCIRCUITO173TRECHO</styleUrl><LineString><coordinates>-49.511779,-11.854479,0 -49.511614,-11.855645,0</coordinates></LineString></Placemark>
<Placemark><name>2791757</name><styleUrl>#styleDaimonCIRCUITO173TRECHO</styleUrl><LineString><coordinates>-49.511614,-11.855645,0 -49.511492,-11.856317,0</coordinates></LineString></Placemark>
<Placemark><name>2791756</name><styleUrl>#styleDaimonCIRCUITO173TRECHO</styleUrl><LineString><coordinates>-49.511492,-11.856317,0 -49.511340,-11.857552,0</coordinates></LineString></Placemark>
<Placemark><name>2791755</name><styleUrl>#styleDaimonCIRCUITO173TRECHO</styleUrl><LineString><coordinates>-49.511340,-11.857552,0 -49.511079,-11.859159,0</coordinates></LineString></Placemark>
<Placemark><name>2791754</name><styleUrl>#styleDaimonCIRCUITO173TRECHO</styleUrl><LineString><coordinates>-49.511079,-11.859159,0 -49.510848,-11.860469,0</coordinates></LineString></Placemark>
<Placemark><name>2791753</name><styleUrl>#styleDaimonCIRCUITO173TRECHO</styleUrl><LineString><coordinates>-49.510848,-11.860469,0 -49.510722,-11.861667,0</coordinates></LineString></Placemark>
<Placemark><name>2791752</name><styleUrl>#styleDaimonCIRCUITO173TRECHO</styleUrl><LineString><coordinates>-49.510722,-11.861667,0 -49.510518,-11.862826,0</coordinates></LineString></Placemark>
<Placemark><name>2791751</name><styleUrl>#styleDaimonCIRCUITO173TRECHO</styleUrl><LineString><coordinates>-49.510518,-11.862826,0 -49.510411,-11.863962,0</coordinates></LineString></Placemark>
<Placemark><name>12077203</name><styleUrl>#styleDaimonCIRCUITO173TRECHO</styleUrl><LineString><coordinates>-49.510411,-11.863962,0 -49.510415,-11.864010,0</coordinates></LineString></Placemark>
<Placemark><name>2818091</name><styleUrl>#styleDaimonCIRCUITO173TRECHO</styleUrl><LineString><coordinates>-49.510415,-11.864010,0 -49.510922,-11.865439,0</coordinates></LineString></Placemark>
<Placemark><name>2791750</name><styleUrl>#styleDaimonCIRCUITO173TRECHO</styleUrl><LineString><coordinates>-49.510922,-11.865439,0 -49.511361,-11.866531,0</coordinates></LineString></Placemark>
<Placemark><name>2791749</name><styleUrl>#styleDaimonCIRCUITO173TRECHO</styleUrl><LineString><coordinates>-49.511361,-11.866531,0 -49.511845,-11.868153,0</coordinates></LineString></Placemark>
<Placemark><name>2791748</name><styleUrl>#styleDaimonCIRCUITO173TRECHO</styleUrl><LineString><coordinates>-49.511845,-11.868153,0 -49.512475,-11.869383,0</coordinates></LineString></Placemark>
<Placemark><name>2793516</name><styleUrl>#styleDaimonCIRCUITO173TRECHO</styleUrl><LineString><coordinates>-49.512475,-11.869383,0 -49.512972,-11.870639,0</coordinates></LineString></Placemark>
<Placemark><name>2793515</name><styleUrl>#styleDaimonCIRCUITO173TRECHO</styleUrl><LineString><coordinates>-49.512972,-11.870639,0 -49.513521,-11.871906,0</coordinates></LineString></Placemark>
<Placemark><name>2818090</name><styleUrl>#styleDaimonCIRCUITO173TRECHO</styleUrl><LineString><coordinates>-49.513521,-11.871906,0 -49.513993,-11.873132,0</coordinates></LineString></Placemark>
<Placemark><name>12077204</name><styleUrl>#styleDaimonCIRCUITO173TRECHO</styleUrl><LineString><coordinates>-49.513993,-11.873132,0 -49.513999,-11.873165,0</coordinates></LineString></Placemark>
<Placemark><name>2793514</name><styleUrl>#styleDaimonCIRCUITO173TRECHO</styleUrl><LineString><coordinates>-49.513999,-11.873165,0 -49.513503,-11.874396,0</coordinates></LineString></Placemark>
<Placemark><name>2793513</name><styleUrl>#styleDaimonCIRCUITO173TRECHO</styleUrl><LineString><coordinates>-49.513503,-11.874396,0 -49.513093,-11.875670,0</coordinates></LineString></Placemark>
<Placemark><name>2793512</name><styleUrl>#styleDaimonCIRCUITO173TRECHO</styleUrl><LineString><coordinates>-49.513093,-11.875670,0 -49.512684,-11.876671,0</coordinates></LineString></Placemark>
<Placemark><name>2793511</name><styleUrl>#styleDaimonCIRCUITO173TRECHO</styleUrl><LineString><coordinates>-49.512684,-11.876671,0 -49.512278,-11.877751,0</coordinates></LineString></Placemark>
<Placemark><name>2793510</name><styleUrl>#styleDaimonCIRCUITO173TRECHO</styleUrl><LineString><coordinates>-49.512278,-11.877751,0 -49.511921,-11.879003,0</coordinates></LineString></Placemark>
<Placemark><name>12077205</name><styleUrl>#styleDaimonCIRCUITO173TRECHO</styleUrl><LineString><coordinates>-49.511921,-11.879003,0 -49.511900,-11.879032,0</coordinates></LineString></Placemark>
<Placemark><name>2818089</name><styleUrl>#styleDaimonCIRCUITO173TRECHO</styleUrl><LineString><coordinates>-49.511900,-11.879032,0 -49.510627,-11.879505,0</coordinates></LineString></Placemark>
<Placemark><name>2792083</name><styleUrl>#styleDaimonCIRCUITO173TRECHO</styleUrl><LineString><coordinates>-49.510627,-11.879505,0 -49.509343,-11.880008,0</coordinates></LineString></Placemark>
<Placemark><name>2793509</name><styleUrl>#styleDaimonCIRCUITO173TRECHO</styleUrl><LineString><coordinates>-49.509343,-11.880008,0 -49.507778,-11.880613,0</coordinates></LineString></Placemark>
<Placemark><name>2793508</name><styleUrl>#styleDaimonCIRCUITO173TRECHO</styleUrl><LineString><coordinates>-49.507778,-11.880613,0 -49.506982,-11.880922,0</coordinates></LineString></Placemark>
<Placemark><name>3666451</name><styleUrl>#styleDaimonCIRCUITO173TRECHO</styleUrl><LineString><coordinates>-49.548210,-11.828697,0 -49.548207,-11.828713,0</coordinates></LineString></Placemark>
<Placemark><name>2793408</name><styleUrl>#styleDaimonCIRCUITO173TRECHO</styleUrl><LineString><coordinates>-49.548210,-11.828697,0 -49.547905,-11.827501,0</coordinates></LineString></Placemark>
<Placemark><name>2793407</name><styleUrl>#styleDaimonCIRCUITO173TRECHO</styleUrl><LineString><coordinates>-49.548829,-11.830243,0 -49.548210,-11.828697,0</coordinates></LineString></Placemark>
<Placemark><name>2793409</name><styleUrl>#styleDaimonCIRCUITO173TRECHO</styleUrl><LineString><coordinates>-49.547905,-11.827501,0 -49.547742,-11.827037,0</coordinates></LineString></Placemark>
<Placemark><name>12077302</name><styleUrl>#styleDaimonCIRCUITO173TRECHO</styleUrl><LineString><coordinates>-49.548834,-11.830275,0 -49.548829,-11.830243,0</coordinates></LineString></Placemark>
<Placemark><name>2791976</name><styleUrl>#styleDaimonCIRCUITO173TRECHO</styleUrl><LineString><coordinates>-49.549232,-11.831789,0 -49.548834,-11.830275,0</coordinates></LineString></Placemark>
<Placemark><name>3627436</name><styleUrl>#styleDaimonCIRCUITO173TRECHO</styleUrl><LineString><coordinates>-49.549523,-11.832778,0 -49.549232,-11.831789,0</coordinates></LineString></Placemark>
<Placemark><name>12120166</name><styleUrl>#styleDaimonCIRCUITO173TRECHO</styleUrl><LineString><coordinates>-49.549523,-11.832778,0 -49.549547,-11.832769,0</coordinates></LineString></Placemark>
<Placemark><name>3134093</name><styleUrl>#styleDaimonCIRCUITO173TRECHO</styleUrl><LineString><coordinates>-49.549959,-11.834081,0 -49.549523,-11.832778,0</coordinates></LineString></Placemark>
<Placemark><name>2560074</name><styleUrl>#styleDaimonCIRCUITO173TRECHO</styleUrl><LineString><coordinates>-49.549547,-11.832769,0 -49.550131,-11.831964,0</coordinates></LineString></Placemark>
<Placemark><name>3134094</name><styleUrl>#styleDaimonCIRCUITO173TRECHO</styleUrl><LineString><coordinates>-49.550341,-11.835131,0 -49.549959,-11.834081,0</coordinates></LineString></Placemark>
<Placemark><name>2560076</name><styleUrl>#styleDaimonCIRCUITO173TRECHO</styleUrl><LineString><coordinates>-49.550131,-11.831964,0 -49.550713,-11.831164,0</coordinates></LineString></Placemark>
<Placemark><name>3134095</name><styleUrl>#styleDaimonCIRCUITO173TRECHO</styleUrl><LineString><coordinates>-49.550695,-11.836101,0 -49.550341,-11.835131,0</coordinates></LineString></Placemark>
<Placemark><name>3134096</name><styleUrl>#styleDaimonCIRCUITO173TRECHO</styleUrl><LineString><coordinates>-49.550991,-11.837194,0 -49.550695,-11.836101,0</coordinates></LineString></Placemark>
<Placemark><name>3134097</name><styleUrl>#styleDaimonCIRCUITO173TRECHO</styleUrl><LineString><coordinates>-49.551315,-11.838073,0 -49.550991,-11.837194,0</coordinates></LineString></Placemark>
<Placemark><name>2829113</name><styleUrl>#styleDaimonCIRCUITO173TRECHO</styleUrl><LineString><coordinates>-49.551616,-11.839132,0 -49.551315,-11.838073,0</coordinates></LineString></Placemark>
<Placemark><name>2829114</name><styleUrl>#styleDaimonCIRCUITO173TRECHO</styleUrl><LineString><coordinates>-49.551886,-11.840055,0 -49.551616,-11.839132,0</coordinates></LineString></Placemark>
<Placemark><name>3134100</name><styleUrl>#styleDaimonCIRCUITO173TRECHO</styleUrl><LineString><coordinates>-49.552204,-11.840914,0 -49.551886,-11.840055,0</coordinates></LineString></Placemark>
<Placemark><name>12124511</name><styleUrl>#styleDaimonCIRCUITO173TRECHO</styleUrl><LineString><coordinates>-49.552197,-11.840945,0 -49.552204,-11.840914,0</coordinates></LineString></Placemark>
<Placemark><name>12124936</name><styleUrl>#styleDaimonCIRCUITO173TRECHO</styleUrl><LineString><coordinates>-49.552197,-11.840945,0 -49.552213,-11.840953,0</coordinates></LineString></Placemark>
<Placemark><name>3134102</name><styleUrl>#styleDaimonCIRCUITO173TRECHO</styleUrl><LineString><coordinates>-49.551260,-11.842038,0 -49.552197,-11.840945,0</coordinates></LineString></Placemark>
<Placemark><name>2826517</name><styleUrl>#styleDaimonCIRCUITO173TRECHO</styleUrl><LineString><coordinates>-49.552213,-11.840953,0 -49.552779,-11.842086,0</coordinates></LineString></Placemark>
<Placemark><name>3134101</name><styleUrl>#styleDaimonCIRCUITO173TRECHO</styleUrl><LineString><coordinates>-49.550675,-11.842728,0 -49.551260,-11.842038,0</coordinates></LineString></Placemark>
<Placemark><name>2826518</name><styleUrl>#styleDaimonCIRCUITO173TRECHO</styleUrl><LineString><coordinates>-49.552779,-11.842086,0 -49.553272,-11.843223,0</coordinates></LineString></Placemark>
<Placemark><name>3134104</name><styleUrl>#styleDaimonCIRCUITO173TRECHO</styleUrl><LineString><coordinates>-49.550137,-11.843404,0 -49.550675,-11.842728,0</coordinates></LineString></Placemark>
<Placemark><name>2747358</name><styleUrl>#styleDaimonCIRCUITO173TRECHO</styleUrl><LineString><coordinates>-49.553272,-11.843223,0 -49.553737,-11.844387,0</coordinates></LineString></Placemark>
<Placemark><name>34371611</name><styleUrl>#styleDaimonCIRCUITO173TRECHO</styleUrl><LineString><coordinates>-49.550117,-11.843430,0 -49.550137,-11.843404,0</coordinates></LineString></Placemark>
<Placemark><name>2826519</name><styleUrl>#styleDaimonCIRCUITO173TRECHO</styleUrl><LineString><coordinates>-49.553737,-11.844387,0 -49.554356,-11.845579,0</coordinates></LineString></Placemark>
<Placemark><name>34371615</name><styleUrl>#styleDaimonCIRCUITO173TRECHO</styleUrl><LineString><coordinates>-49.549934,-11.843566,0 -49.550117,-11.843430,0</coordinates></LineString></Placemark>
<Placemark><name>2826520</name><styleUrl>#styleDaimonCIRCUITO173TRECHO</styleUrl><LineString><coordinates>-49.554356,-11.845579,0 -49.554839,-11.846778,0</coordinates></LineString></Placemark>
<Placemark><name>2747355</name><styleUrl>#styleDaimonCIRCUITO173TRECHO</styleUrl><LineString><coordinates>-49.554839,-11.846778,0 -49.555331,-11.847794,0</coordinates></LineString></Placemark>
<Placemark><name>2826521</name><styleUrl>#styleDaimonCIRCUITO173TRECHO</styleUrl><LineString><coordinates>-49.555331,-11.847794,0 -49.556026,-11.849509,0</coordinates></LineString></Placemark>
<Placemark><name>2826522</name><styleUrl>#styleDaimonCIRCUITO173TRECHO</styleUrl><LineString><coordinates>-49.556026,-11.849509,0 -49.556477,-11.850669,0</coordinates></LineString></Placemark>
<Placemark><name>2826524</name><styleUrl>#styleDaimonCIRCUITO173TRECHO</styleUrl><LineString><coordinates>-49.556477,-11.850669,0 -49.557088,-11.851943,0</coordinates></LineString></Placemark>
<Placemark><name>2747356</name><styleUrl>#styleDaimonCIRCUITO173TRECHO</styleUrl><LineString><coordinates>-49.557088,-11.851943,0 -49.557580,-11.852967,0</coordinates></LineString></Placemark>
<Placemark><name>2826525</name><styleUrl>#styleDaimonCIRCUITO173TRECHO</styleUrl><LineString><coordinates>-49.557580,-11.852967,0 -49.558108,-11.853846,0</coordinates></LineString></Placemark>
<Placemark><name>2826526</name><styleUrl>#styleDaimonCIRCUITO173TRECHO</styleUrl><LineString><coordinates>-49.558108,-11.853846,0 -49.558868,-11.854719,0</coordinates></LineString></Placemark>
<Placemark><name>53301751</name><styleUrl>#styleDaimonCIRCUITO173TRECHO</styleUrl><LineString><coordinates>-49.541840,-11.818161,0 -49.541988,-11.818529,0</coordinates></LineString></Placemark>
<Placemark><name>53301705</name><styleUrl>#styleDaimonCIRCUITO173TRECHO</styleUrl><LineString><coordinates>-49.541845,-11.818136,0 -49.541840,-11.818161,0</coordinates></LineString></Placemark>
<Placemark><name>53301716</name><styleUrl>#styleDaimonCIRCUITO173TRECHO</styleUrl><LineString><coordinates>-49.542305,-11.817734,0 -49.541845,-11.818136,0</coordinates></LineString></Placemark>
<Placemark><name>53301727</name><styleUrl>#styleDaimonCIRCUITO173TRECHO</styleUrl><LineString><coordinates>-49.542962,-11.816762,0 -49.542305,-11.817734,0</coordinates></LineString></Placemark>
<Placemark><name>37329150</name><styleUrl>#styleDaimonCIRCUITO173TRECHO</styleUrl><LineString><coordinates>-49.560144,-11.865621,0 -49.560212,-11.865577,0</coordinates></LineString></Placemark>
<Placemark><name>54279253</name><styleUrl>#styleDaimonCIRCUITO173TRECHO</styleUrl><LineString><coordinates>-49.560144,-11.865621,0 -49.560043,-11.865553,0</coordinates></LineString></Placemark>
<Placemark><name>37329138</name><styleUrl>#styleDaimonCIRCUITO173TRECHO</styleUrl><LineString><coordinates>-49.560073,-11.865660,0 -49.560144,-11.865621,0</coordinates></LineString></Placemark>
<Placemark><name>3134267</name><styleUrl>#styleDaimonCIRCUITO173TRECHO</styleUrl><LineString><coordinates>-49.549517,-11.844122,0 -49.548637,-11.845151,0</coordinates></LineString></Placemark>
<Placemark><name>3134266</name><styleUrl>#styleDaimonCIRCUITO173TRECHO</styleUrl><LineString><coordinates>-49.549891,-11.843696,0 -49.549517,-11.844122,0</coordinates></LineString></Placemark>
<Placemark><name>3134269</name><styleUrl>#styleDaimonCIRCUITO173TRECHO</styleUrl><LineString><coordinates>-49.548637,-11.845151,0 -49.547707,-11.846233,0</coordinates></LineString></Placemark>
<Placemark><name>3134268</name><styleUrl>#styleDaimonCIRCUITO173TRECHO</styleUrl><LineString><coordinates>-49.547707,-11.846233,0 -49.546881,-11.847207,0</coordinates></LineString></Placemark>
<Placemark><name>12083535</name><styleUrl>#styleDaimonCIRCUITO173TRECHO</styleUrl><LineString><coordinates>-49.537409,-11.815636,0 -49.537391,-11.815659,0</coordinates></LineString></Placemark>
<Placemark><name>2826374</name><styleUrl>#styleDaimonCIRCUITO173TRECHO</styleUrl><LineString><coordinates>-49.537391,-11.815659,0 -49.537179,-11.815657,0</coordinates></LineString></Placemark>
<Placemark><name>2826373</name><styleUrl>#styleDaimonCIRCUITO173TRECHO</styleUrl><LineString><coordinates>-49.537443,-11.815599,0 -49.537409,-11.815636,0</coordinates></LineString></Placemark>
<Placemark><name>3366525</name><styleUrl>#styleDaimonCIRCUITO173TRECHO</styleUrl><LineString><coordinates>-49.537409,-11.815636,0 -49.537409,-11.815654,0</coordinates></LineString></Placemark>
<Placemark><name>2826375</name><styleUrl>#styleDaimonCIRCUITO173TRECHO</styleUrl><LineString><coordinates>-49.537179,-11.815657,0 -49.536786,-11.815798,0</coordinates></LineString></Placemark>
<Placemark><name>2682480</name><styleUrl>#styleDaimonCIRCUITO173TRECHO</styleUrl><LineString><coordinates>-49.536786,-11.815798,0 -49.536408,-11.815969,0</coordinates></LineString></Placemark>
<Placemark><name>2826173</name><styleUrl>#styleDaimonCIRCUITO173TRECHO</styleUrl><LineString><coordinates>-49.536408,-11.815969,0 -49.535997,-11.816169,0</coordinates></LineString></Placemark>
<Placemark><name>2826174</name><styleUrl>#styleDaimonCIRCUITO173TRECHO</styleUrl><LineString><coordinates>-49.535997,-11.816169,0 -49.535458,-11.816409,0</coordinates></LineString></Placemark>
<Placemark><name>38148787</name><styleUrl>#styleDaimonCIRCUITO173TRECHO</styleUrl><LineString><coordinates>-49.527202,-11.806020,0 -49.527002,-11.805772,0</coordinates></LineString></Placemark>
<Placemark><name>38148788</name><styleUrl>#styleDaimonCIRCUITO173TRECHO</styleUrl><LineString><coordinates>-49.527002,-11.805772,0 -49.526831,-11.805549,0</coordinates></LineString></Placemark>
<Placemark><name>38148786</name><styleUrl>#styleDaimonCIRCUITO173TRECHO</styleUrl><LineString><coordinates>-49.527381,-11.806245,0 -49.527202,-11.806020,0</coordinates></LineString></Placemark>
<Placemark><name>38148771</name><styleUrl>#styleDaimonCIRCUITO173TRECHO</styleUrl><LineString><coordinates>-49.526831,-11.805549,0 -49.526769,-11.805478,0</coordinates></LineString></Placemark>
<Placemark><name>3655498</name><styleUrl>#styleDaimonCIRCUITO173TRECHO</styleUrl><LineString><coordinates>-49.525999,-11.809441,0 -49.525982,-11.809435,0</coordinates></LineString></Placemark>
<Placemark><name>12077008</name><styleUrl>#styleDaimonCIRCUITO173TRECHO</styleUrl><LineString><coordinates>-49.555242,-11.807026,0 -49.555239,-11.806994,0</coordinates></LineString></Placemark>
<Placemark><name>2824570</name><styleUrl>#styleDaimonCIRCUITO173TRECHO</styleUrl><LineString><coordinates>-49.555239,-11.806994,0 -49.555234,-11.806671,0</coordinates></LineString></Placemark>
<Placemark><name>2824568</name><styleUrl>#styleDaimonCIRCUITO173TRECHO</styleUrl><LineString><coordinates>-49.555352,-11.807010,0 -49.555242,-11.807026,0</coordinates></LineString></Placemark>
<Placemark><name>2824571</name><styleUrl>#styleDaimonCIRCUITO173TRECHO</styleUrl><LineString><coordinates>-49.555234,-11.806671,0 -49.555181,-11.806214,0</coordinates></LineString></Placemark>
<Placemark><name>2824569</name><styleUrl>#styleDaimonCIRCUITO173TRECHO</styleUrl><LineString><coordinates>-49.555675,-11.806969,0 -49.555352,-11.807010,0</coordinates></LineString></Placemark>
<Placemark><name>2824572</name><styleUrl>#styleDaimonCIRCUITO173TRECHO</styleUrl><LineString><coordinates>-49.555181,-11.806214,0 -49.555131,-11.805903,0</coordinates></LineString></Placemark>
<Placemark><name>2824573</name><styleUrl>#styleDaimonCIRCUITO173TRECHO</styleUrl><LineString><coordinates>-49.555131,-11.805903,0 -49.555074,-11.805549,0</coordinates></LineString></Placemark>
<Placemark><name>2473573</name><styleUrl>#styleDaimonCIRCUITO173TRECHO</styleUrl><LineString><coordinates>-49.555074,-11.805549,0 -49.555030,-11.805174,0</coordinates></LineString></Placemark>
<Placemark><name>2539418</name><styleUrl>#styleDaimonCIRCUITO173TRECHO</styleUrl><LineString><coordinates>-49.496786,-11.849073,0 -49.495781,-11.849354,0</coordinates></LineString></Placemark>
<Placemark><name>2539419</name><styleUrl>#styleDaimonCIRCUITO173TRECHO</styleUrl><LineString><coordinates>-49.495781,-11.849354,0 -49.494931,-11.849470,0</coordinates></LineString></Placemark>
<Placemark><name>12121396</name><styleUrl>#styleDaimonCIRCUITO173TRECHO</styleUrl><LineString><coordinates>-49.496825,-11.849061,0 -49.496786,-11.849073,0</coordinates></LineString></Placemark>
<Placemark><name>2816057</name><styleUrl>#styleDaimonCIRCUITO173TRECHO</styleUrl><LineString><coordinates>-49.494931,-11.849470,0 -49.493786,-11.849755,0</coordinates></LineString></Placemark>
<Placemark><name>2539417</name><styleUrl>#styleDaimonCIRCUITO173TRECHO</styleUrl><LineString><coordinates>-49.497967,-11.848784,0 -49.496825,-11.849061,0</coordinates></LineString></Placemark>
<Placemark><name>2539448</name><styleUrl>#styleDaimonCIRCUITO173TRECHO</styleUrl><LineString><coordinates>-49.493786,-11.849755,0 -49.492848,-11.850014,0</coordinates></LineString></Placemark>
<Placemark><name>2539416</name><styleUrl>#styleDaimonCIRCUITO173TRECHO</styleUrl><LineString><coordinates>-49.499562,-11.848330,0 -49.497967,-11.848784,0</coordinates></LineString></Placemark>
<Placemark><name>2539415</name><styleUrl>#styleDaimonCIRCUITO173TRECHO</styleUrl><LineString><coordinates>-49.500670,-11.848091,0 -49.499562,-11.848330,0</coordinates></LineString></Placemark>
<Placemark><name>2816056</name><styleUrl>#styleDaimonCIRCUITO173TRECHO</styleUrl><LineString><coordinates>-49.501890,-11.847887,0 -49.500670,-11.848091,0</coordinates></LineString></Placemark>
<Placemark><name>2539414</name><styleUrl>#styleDaimonCIRCUITO173TRECHO</styleUrl><LineString><coordinates>-49.503020,-11.847571,0 -49.501890,-11.847887,0</coordinates></LineString></Placemark>
<Placemark><name>2539413</name><styleUrl>#styleDaimonCIRCUITO173TRECHO</styleUrl><LineString><coordinates>-49.504176,-11.847314,0 -49.503020,-11.847571,0</coordinates></LineString></Placemark>
<Placemark><name>2539412</name><styleUrl>#styleDaimonCIRCUITO173TRECHO</styleUrl><LineString><coordinates>-49.505315,-11.847138,0 -49.504176,-11.847314,0</coordinates></LineString></Placemark>
<Placemark><name>2539411</name><styleUrl>#styleDaimonCIRCUITO173TRECHO</styleUrl><LineString><coordinates>-49.506410,-11.846777,0 -49.505315,-11.847138,0</coordinates></LineString></Placemark>
<Placemark><name>2816055</name><styleUrl>#styleDaimonCIRCUITO173TRECHO</styleUrl><LineString><coordinates>-49.507517,-11.846480,0 -49.506410,-11.846777,0</coordinates></LineString></Placemark>
<Placemark><name>2539410</name><styleUrl>#styleDaimonCIRCUITO173TRECHO</styleUrl><LineString><coordinates>-49.508675,-11.846127,0 -49.507517,-11.846480,0</coordinates></LineString></Placemark>
<Placemark><name>2539409</name><styleUrl>#styleDaimonCIRCUITO173TRECHO</styleUrl><LineString><coordinates>-49.509775,-11.845946,0 -49.508675,-11.846127,0</coordinates></LineString></Placemark>
<Placemark><name>2539408</name><styleUrl>#styleDaimonCIRCUITO173TRECHO</styleUrl><LineString><coordinates>-49.510860,-11.845700,0 -49.509775,-11.845946,0</coordinates></LineString></Placemark>
<Placemark><name>12077206</name><styleUrl>#styleDaimonCIRCUITO173TRECHO</styleUrl><LineString><coordinates>-49.504116,-11.893081,0 -49.504101,-11.893090,0</coordinates></LineString></Placemark>
<Placemark><name>38869752</name><styleUrl>#styleDaimonCIRCUITO173TRECHO</styleUrl><LineString><coordinates>-49.504101,-11.893090,0 -49.503124,-11.892760,0</coordinates></LineString></Placemark>
<Placemark><name>2791975</name><styleUrl>#styleDaimonCIRCUITO173TRECHO</styleUrl><LineString><coordinates>-49.504438,-11.891742,0 -49.504116,-11.893081,0</coordinates></LineString></Placemark>
<Placemark><name>2793502</name><styleUrl>#styleDaimonCIRCUITO173TRECHO</styleUrl><LineString><coordinates>-49.504802,-11.890335,0 -49.504438,-11.891742,0</coordinates></LineString></Placemark>
<Placemark><name>2793503</name><styleUrl>#styleDaimonCIRCUITO173TRECHO</styleUrl><LineString><coordinates>-49.505106,-11.889008,0 -49.504802,-11.890335,0</coordinates></LineString></Placemark>
<Placemark><name>2793504</name><styleUrl>#styleDaimonCIRCUITO173TRECHO</styleUrl><LineString><coordinates>-49.505446,-11.887548,0 -49.505106,-11.889008,0</coordinates></LineString></Placemark>
<Placemark><name>2793505</name><styleUrl>#styleDaimonCIRCUITO173TRECHO</styleUrl><LineString><coordinates>-49.505753,-11.886212,0 -49.505446,-11.887548,0</coordinates></LineString></Placemark>
<Placemark><name>2818088</name><styleUrl>#styleDaimonCIRCUITO173TRECHO</styleUrl><LineString><coordinates>-49.506059,-11.884936,0 -49.505753,-11.886212,0</coordinates></LineString></Placemark>
<Placemark><name>2793506</name><styleUrl>#styleDaimonCIRCUITO173TRECHO</styleUrl><LineString><coordinates>-49.506377,-11.883564,0 -49.506059,-11.884936,0</coordinates></LineString></Placemark>
<Placemark><name>2793507</name><styleUrl>#styleDaimonCIRCUITO173TRECHO</styleUrl><LineString><coordinates>-49.506686,-11.882227,0 -49.506377,-11.883564,0</coordinates></LineString></Placemark>
<Placemark><name>3601679</name><styleUrl>#styleDaimonCIRCUITO173TRECHO</styleUrl><LineString><coordinates>-49.506953,-11.881053,0 -49.506686,-11.882227,0</coordinates></LineString></Placemark>
<Placemark><name>2745561</name><styleUrl>#styleDaimonCIRCUITO173TRECHO</styleUrl><LineString><coordinates>-49.527061,-11.835846,0 -49.526738,-11.835061,0</coordinates></LineString></Placemark>
<Placemark><name>2826529</name><styleUrl>#styleDaimonCIRCUITO173TRECHO</styleUrl><LineString><coordinates>-49.526738,-11.835061,0 -49.526268,-11.834187,0</coordinates></LineString></Placemark>
<Placemark><name>2585146</name><styleUrl>#styleDaimonCIRCUITO173TRECHO</styleUrl><LineString><coordinates>-49.526268,-11.834187,0 -49.525850,-11.833251,0</coordinates></LineString></Placemark>
<Placemark><name>12120632</name><styleUrl>#styleDaimonCIRCUITO173TRECHO</styleUrl><LineString><coordinates>-49.525850,-11.833251,0 -49.525836,-11.833220,0</coordinates></LineString></Placemark>
<Placemark><name>2585142</name><styleUrl>#styleDaimonCIRCUITO173TRECHO</styleUrl><LineString><coordinates>-49.525836,-11.833220,0 -49.525735,-11.832990,0</coordinates></LineString></Placemark>
<Placemark><name>2585144</name><styleUrl>#styleDaimonCIRCUITO173TRECHO</styleUrl><LineString><coordinates>-49.525735,-11.832990,0 -49.525393,-11.832049,0</coordinates></LineString></Placemark>
<Placemark><name>2585147</name><styleUrl>#styleDaimonCIRCUITO173TRECHO</styleUrl><LineString><coordinates>-49.525393,-11.832049,0 -49.525060,-11.831119,0</coordinates></LineString></Placemark>
<Placemark><name>2585149</name><styleUrl>#styleDaimonCIRCUITO173TRECHO</styleUrl><LineString><coordinates>-49.525060,-11.831119,0 -49.524665,-11.830056,0</coordinates></LineString></Placemark>
<Placemark><name>2585150</name><styleUrl>#styleDaimonCIRCUITO173TRECHO</styleUrl><LineString><coordinates>-49.524665,-11.830056,0 -49.524272,-11.829062,0</coordinates></LineString></Placemark>
<Placemark><name>12120631</name><styleUrl>#styleDaimonCIRCUITO173TRECHO</styleUrl><LineString><coordinates>-49.524272,-11.829062,0 -49.524258,-11.829030,0</coordinates></LineString></Placemark>
<Placemark><name>2585145</name><styleUrl>#styleDaimonCIRCUITO173TRECHO</styleUrl><LineString><coordinates>-49.524258,-11.829030,0 -49.523837,-11.828051,0</coordinates></LineString></Placemark>
<Placemark><name>2585143</name><styleUrl>#styleDaimonCIRCUITO173TRECHO</styleUrl><LineString><coordinates>-49.523837,-11.828051,0 -49.523423,-11.827095,0</coordinates></LineString></Placemark>
<Placemark><name>2585148</name><styleUrl>#styleDaimonCIRCUITO173TRECHO</styleUrl><LineString><coordinates>-49.523423,-11.827095,0 -49.522872,-11.826179,0</coordinates></LineString></Placemark>
<Placemark><name>2825163</name><styleUrl>#styleDaimonCIRCUITO173TRECHO</styleUrl><LineString><coordinates>-49.543051,-11.833587,0 -49.542972,-11.833229,0</coordinates></LineString></Placemark>
<Placemark><name>2519960</name><styleUrl>#styleDaimonCIRCUITO173TRECHO</styleUrl><LineString><coordinates>-49.529744,-11.835184,0 -49.529376,-11.834417,0</coordinates></LineString></Placemark>
<Placemark><name>2826531</name><styleUrl>#styleDaimonCIRCUITO173TRECHO</styleUrl><LineString><coordinates>-49.511433,-11.839468,0 -49.511477,-11.838677,0</coordinates></LineString></Placemark>
<Placemark><name>2826532</name><styleUrl>#styleDaimonCIRCUITO173TRECHO</styleUrl><LineString><coordinates>-49.511398,-11.840051,0 -49.511433,-11.839468,0</coordinates></LineString></Placemark>
<Placemark><name>2825942</name><styleUrl>#styleDaimonCIRCUITO173TRECHO</styleUrl><LineString><coordinates>-49.509872,-11.881248,0 -49.510426,-11.882534,0</coordinates></LineString></Placemark>
<Placemark><name>2826689</name><styleUrl>#styleDaimonCIRCUITO173TRECHO</styleUrl><LineString><coordinates>-49.509396,-11.880132,0 -49.509872,-11.881248,0</coordinates></LineString></Placemark>
<Placemark><name>2825943</name><styleUrl>#styleDaimonCIRCUITO173TRECHO</styleUrl><LineString><coordinates>-49.510426,-11.882534,0 -49.510984,-11.883802,0</coordinates></LineString></Placemark>
<Placemark><name>2825944</name><styleUrl>#styleDaimonCIRCUITO173TRECHO</styleUrl><LineString><coordinates>-49.510984,-11.883802,0 -49.511575,-11.885179,0</coordinates></LineString></Placemark>
<Placemark><name>2826528</name><styleUrl>#styleDaimonCIRCUITO173TRECHO</styleUrl><LineString><coordinates>-49.535396,-11.840968,0 -49.535999,-11.841612,0</coordinates></LineString></Placemark>
<Placemark><name>2824915</name><styleUrl>#styleDaimonCIRCUITO173TRECHO</styleUrl><LineString><coordinates>-49.545560,-11.833066,0 -49.545479,-11.832685,0</coordinates></LineString></Placemark>
<Placemark><name>2826199</name><styleUrl>#styleDaimonCIRCUITO173TRECHO</styleUrl><LineString><coordinates>-49.507443,-11.879540,0 -49.507198,-11.878767,0</coordinates></LineString></Placemark>
<Placemark><name>2825945</name><styleUrl>#styleDaimonCIRCUITO173TRECHO</styleUrl><LineString><coordinates>-49.507745,-11.880506,0 -49.507443,-11.879540,0</coordinates></LineString></Placemark>
<Placemark><name>2913387</name><styleUrl>#styleDaimonCIRCUITO173TRECHO</styleUrl><LineString><coordinates>-49.553258,-11.827079,0 -49.554224,-11.827004,0</coordinates></LineString></Placemark>
<Placemark><name>2913388</name><styleUrl>#styleDaimonCIRCUITO173TRECHO</styleUrl><LineString><coordinates>-49.554224,-11.827004,0 -49.555421,-11.826911,0</coordinates></LineString></Placemark>
<Placemark><name>2913386</name><styleUrl>#styleDaimonCIRCUITO173TRECHO</styleUrl><LineString><coordinates>-49.551968,-11.827180,0 -49.553258,-11.827079,0</coordinates></LineString></Placemark>
<Placemark><name>2913389</name><styleUrl>#styleDaimonCIRCUITO173TRECHO</styleUrl><LineString><coordinates>-49.555421,-11.826911,0 -49.556481,-11.826828,0</coordinates></LineString></Placemark>
<Placemark><name>2913385</name><styleUrl>#styleDaimonCIRCUITO173TRECHO</styleUrl><LineString><coordinates>-49.550316,-11.827308,0 -49.551968,-11.827180,0</coordinates></LineString></Placemark>
<Placemark><name>2913390</name><styleUrl>#styleDaimonCIRCUITO173TRECHO</styleUrl><LineString><coordinates>-49.556481,-11.826828,0 -49.557895,-11.826718,0</coordinates></LineString></Placemark>
<Placemark><name>2913384</name><styleUrl>#styleDaimonCIRCUITO173TRECHO</styleUrl><LineString><coordinates>-49.549116,-11.827403,0 -49.550316,-11.827308,0</coordinates></LineString></Placemark>
<Placemark><name>12124567</name><styleUrl>#styleDaimonCIRCUITO173TRECHO</styleUrl><LineString><coordinates>-49.557895,-11.826718,0 -49.557925,-11.826721,0</coordinates></LineString></Placemark>
<Placemark><name>2913383</name><styleUrl>#styleDaimonCIRCUITO173TRECHO</styleUrl><LineString><coordinates>-49.548027,-11.827492,0 -49.549116,-11.827403,0</coordinates></LineString></Placemark>
<Placemark><name>2913381</name><styleUrl>#styleDaimonCIRCUITO173TRECHO</styleUrl><LineString><coordinates>-49.557925,-11.826721,0 -49.559300,-11.827158,0</coordinates></LineString></Placemark>
<Placemark><name>2826523</name><styleUrl>#styleDaimonCIRCUITO173TRECHO</styleUrl><LineString><coordinates>-49.556535,-11.850636,0 -49.557057,-11.850330,0</coordinates></LineString></Placemark>
<Placemark><name>2598420</name><styleUrl>#styleDaimonCIRCUITO173TRECHO</styleUrl><LineString><coordinates>-49.555975,-11.849537,0 -49.555518,-11.849784,0</coordinates></LineString></Placemark>
<Placemark><name>2598421</name><styleUrl>#styleDaimonCIRCUITO173TRECHO</styleUrl><LineString><coordinates>-49.555518,-11.849784,0 -49.554757,-11.850194,0</coordinates></LineString></Placemark>
<Placemark><name>3361587</name><styleUrl>#styleDaimonCIRCUITO173TRECHO</styleUrl><LineString><coordinates>-49.559248,-11.855946,0 -49.559593,-11.857037,0</coordinates></LineString></Placemark>
<Placemark><name>3361588</name><styleUrl>#styleDaimonCIRCUITO173TRECHO</styleUrl><LineString><coordinates>-49.559593,-11.857037,0 -49.560022,-11.858389,0</coordinates></LineString></Placemark>
<Placemark><name>2826527</name><styleUrl>#styleDaimonCIRCUITO173TRECHO</styleUrl><LineString><coordinates>-49.558907,-11.854842,0 -49.559248,-11.855946,0</coordinates></LineString></Placemark>
<Placemark><name>3361593</name><styleUrl>#styleDaimonCIRCUITO173TRECHO</styleUrl><LineString><coordinates>-49.560022,-11.858389,0 -49.560309,-11.859299,0</coordinates></LineString></Placemark>
<Placemark><name>12122925</name><styleUrl>#styleDaimonCIRCUITO173TRECHO</styleUrl><LineString><coordinates>-49.560309,-11.859299,0 -49.560291,-11.859303,0</coordinates></LineString></Placemark>
<Placemark><name>3361594</name><styleUrl>#styleDaimonCIRCUITO173TRECHO</styleUrl><LineString><coordinates>-49.560309,-11.859299,0 -49.560887,-11.861128,0</coordinates></LineString></Placemark>
<Placemark><name>3555447</name><styleUrl>#styleDaimonCIRCUITO173TRECHO</styleUrl><LineString><coordinates>-49.560291,-11.859303,0 -49.560279,-11.859307,0</coordinates></LineString></Placemark>
<Placemark><name>3361591</name><styleUrl>#styleDaimonCIRCUITO173TRECHO</styleUrl><LineString><coordinates>-49.560887,-11.861128,0 -49.561352,-11.862599,0</coordinates></LineString></Placemark>
<Placemark><name>3361592</name><styleUrl>#styleDaimonCIRCUITO173TRECHO</styleUrl><LineString><coordinates>-49.561352,-11.862599,0 -49.561538,-11.863191,0</coordinates></LineString></Placemark>
<Placemark><name>3361589</name><styleUrl>#styleDaimonCIRCUITO173TRECHO</styleUrl><LineString><coordinates>-49.561538,-11.863191,0 -49.561909,-11.864363,0</coordinates></LineString></Placemark>
<Placemark><name>3361590</name><styleUrl>#styleDaimonCIRCUITO173TRECHO</styleUrl><LineString><coordinates>-49.561909,-11.864363,0 -49.562293,-11.865578,0</coordinates></LineString></Placemark>
<Placemark><name>3134099</name><styleUrl>#styleDaimonCIRCUITO173TRECHO</styleUrl><LineString><coordinates>-49.552724,-11.839782,0 -49.553865,-11.839663,0</coordinates></LineString></Placemark>
<Placemark><name>3134098</name><styleUrl>#styleDaimonCIRCUITO173TRECHO</styleUrl><LineString><coordinates>-49.551970,-11.840028,0 -49.552724,-11.839782,0</coordinates></LineString></Placemark>
<Placemark><name>2560075</name><styleUrl>#styleDaimonCIRCUITO173TRECHO</styleUrl><LineString><coordinates>-49.550772,-11.831082,0 -49.551304,-11.830350,0</coordinates></LineString></Placemark>
<Placemark><name>3134103</name><styleUrl>#styleDaimonCIRCUITO173TRECHO</styleUrl><LineString><coordinates>-49.550716,-11.842748,0 -49.551080,-11.842912,0</coordinates></LineString></Placemark>
<Placemark><name>2747357</name><styleUrl>#styleDaimonCIRCUITO173TRECHO</styleUrl><LineString><coordinates>-49.548179,-11.828739,0 -49.547915,-11.828957,0</coordinates></LineString></Placemark>
<Placemark><name>53301742</name><styleUrl>#styleDaimonCIRCUITO173TRECHO</styleUrl><LineString><coordinates>-49.542005,-11.818564,0 -49.542151,-11.818881,0</coordinates></LineString></Placemark>
<Placemark><name>3134270</name><styleUrl>#styleDaimonCIRCUITO173TRECHO</styleUrl><LineString><coordinates>-49.546770,-11.847321,0 -49.545773,-11.848348,0</coordinates></LineString></Placemark>
<Placemark><name>12121775</name><styleUrl>#styleDaimonCIRCUITO173TRECHO</styleUrl><LineString><coordinates>-49.548518,-11.859323,0 -49.548536,-11.859335,0</coordinates></LineString></Placemark>
<Placemark><name>3578409</name><styleUrl>#styleDaimonCIRCUITO173TRECHO</styleUrl><LineString><coordinates>-49.548786,-11.858980,0 -49.548518,-11.859323,0</coordinates></LineString></Placemark>
<Placemark><name>3578672</name><styleUrl>#styleDaimonCIRCUITO173TRECHO</styleUrl><LineString><coordinates>-49.548518,-11.859323,0 -49.548215,-11.859722,0</coordinates></LineString></Placemark>
<Placemark><name>3578412</name><styleUrl>#styleDaimonCIRCUITO173TRECHO</styleUrl><LineString><coordinates>-49.548536,-11.859335,0 -49.549342,-11.859760,0</coordinates></LineString></Placemark>
<Placemark><name>3578678</name><styleUrl>#styleDaimonCIRCUITO173TRECHO</styleUrl><LineString><coordinates>-49.549306,-11.858261,0 -49.548786,-11.858980,0</coordinates></LineString></Placemark>
<Placemark><name>3578417</name><styleUrl>#styleDaimonCIRCUITO173TRECHO</styleUrl><LineString><coordinates>-49.548215,-11.859722,0 -49.547673,-11.860440,0</coordinates></LineString></Placemark>
<Placemark><name>3578675</name><styleUrl>#styleDaimonCIRCUITO173TRECHO</styleUrl><LineString><coordinates>-49.549342,-11.859760,0 -49.550157,-11.860158,0</coordinates></LineString></Placemark>
<Placemark><name>3578423</name><styleUrl>#styleDaimonCIRCUITO173TRECHO</styleUrl><LineString><coordinates>-49.549866,-11.857515,0 -49.549306,-11.858261,0</coordinates></LineString></Placemark>
<Placemark><name>3578685</name><styleUrl>#styleDaimonCIRCUITO173TRECHO</styleUrl><LineString><coordinates>-49.547673,-11.860440,0 -49.547142,-11.861159,0</coordinates></LineString></Placemark>
<Placemark><name>3578420</name><styleUrl>#styleDaimonCIRCUITO173TRECHO</styleUrl><LineString><coordinates>-49.550157,-11.860158,0 -49.550972,-11.860595,0</coordinates></LineString></Placemark>
<Placemark><name>3578684</name><styleUrl>#styleDaimonCIRCUITO173TRECHO</styleUrl><LineString><coordinates>-49.550394,-11.856799,0 -49.549866,-11.857515,0</coordinates></LineString></Placemark>
<Placemark><name>3578424</name><styleUrl>#styleDaimonCIRCUITO173TRECHO</styleUrl><LineString><coordinates>-49.547142,-11.861159,0 -49.546602,-11.861901,0</coordinates></LineString></Placemark>
<Placemark><name>3578416</name><styleUrl>#styleDaimonCIRCUITO173TRECHO</styleUrl><LineString><coordinates>-49.550913,-11.856114,0 -49.550394,-11.856799,0</coordinates></LineString></Placemark>
<Placemark><name>3578679</name><styleUrl>#styleDaimonCIRCUITO173TRECHO</styleUrl><LineString><coordinates>-49.546602,-11.861901,0 -49.546051,-11.862641,0</coordinates></LineString></Placemark>
<Placemark><name>12121776</name><styleUrl>#styleDaimonCIRCUITO173TRECHO</styleUrl><LineString><coordinates>-49.550914,-11.856079,0 -49.550913,-11.856114,0</coordinates></LineString></Placemark>
<Placemark><name>3578410</name><styleUrl>#styleDaimonCIRCUITO173TRECHO</styleUrl><LineString><coordinates>-49.546051,-11.862641,0 -49.545396,-11.863544,0</coordinates></LineString></Placemark>
<Placemark><name>3578671</name><styleUrl>#styleDaimonCIRCUITO173TRECHO</styleUrl><LineString><coordinates>-49.550810,-11.855121,0 -49.550914,-11.856079,0</coordinates></LineString></Placemark>
<Placemark><name>3578673</name><styleUrl>#styleDaimonCIRCUITO173TRECHO</styleUrl><LineString><coordinates>-49.545396,-11.863544,0 -49.544857,-11.864275,0</coordinates></LineString></Placemark>
<Placemark><name>3578414</name><styleUrl>#styleDaimonCIRCUITO173TRECHO</styleUrl><LineString><coordinates>-49.550691,-11.854076,0 -49.550810,-11.855121,0</coordinates></LineString></Placemark>
<Placemark><name>3578418</name><styleUrl>#styleDaimonCIRCUITO173TRECHO</styleUrl><LineString><coordinates>-49.544857,-11.864275,0 -49.544206,-11.865143,0</coordinates></LineString></Placemark>
<Placemark><name>3578677</name><styleUrl>#styleDaimonCIRCUITO173TRECHO</styleUrl><LineString><coordinates>-49.550565,-11.853050,0 -49.550691,-11.854076,0</coordinates></LineString></Placemark>
<Placemark><name>12121778</name><styleUrl>#styleDaimonCIRCUITO173TRECHO</styleUrl><LineString><coordinates>-49.544206,-11.865143,0 -49.544185,-11.865174,0</coordinates></LineString></Placemark>
<Placemark><name>3578422</name><styleUrl>#styleDaimonCIRCUITO173TRECHO</styleUrl><LineString><coordinates>-49.550444,-11.852011,0 -49.550565,-11.853050,0</coordinates></LineString></Placemark>
<Placemark><name>3578686</name><styleUrl>#styleDaimonCIRCUITO173TRECHO</styleUrl><LineString><coordinates>-49.544185,-11.865174,0 -49.543686,-11.866659,0</coordinates></LineString></Placemark>
<Placemark><name>3578683</name><styleUrl>#styleDaimonCIRCUITO173TRECHO</styleUrl><LineString><coordinates>-49.550230,-11.850956,0 -49.550444,-11.852011,0</coordinates></LineString></Placemark>
<Placemark><name>12121779</name><styleUrl>#styleDaimonCIRCUITO173TRECHO</styleUrl><LineString><coordinates>-49.543686,-11.866659,0 -49.543675,-11.866691,0</coordinates></LineString></Placemark>
<Placemark><name>3578415</name><styleUrl>#styleDaimonCIRCUITO173TRECHO</styleUrl><LineString><coordinates>-49.550122,-11.849861,0 -49.550230,-11.850956,0</coordinates></LineString></Placemark>
<Placemark><name>3578425</name><styleUrl>#styleDaimonCIRCUITO173TRECHO</styleUrl><LineString><coordinates>-49.543675,-11.866691,0 -49.543295,-11.867605,0</coordinates></LineString></Placemark>
<Placemark><name>3578670</name><styleUrl>#styleDaimonCIRCUITO173TRECHO</styleUrl><LineString><coordinates>-49.550025,-11.848767,0 -49.550122,-11.849861,0</coordinates></LineString></Placemark>
<Placemark><name>3578680</name><styleUrl>#styleDaimonCIRCUITO173TRECHO</styleUrl><LineString><coordinates>-49.543295,-11.867605,0 -49.542911,-11.868527,0</coordinates></LineString></Placemark>
<Placemark><name>3578413</name><styleUrl>#styleDaimonCIRCUITO173TRECHO</styleUrl><LineString><coordinates>-49.549914,-11.847701,0 -49.550025,-11.848767,0</coordinates></LineString></Placemark>
<Placemark><name>3578411</name><styleUrl>#styleDaimonCIRCUITO173TRECHO</styleUrl><LineString><coordinates>-49.542911,-11.868527,0 -49.542547,-11.869431,0</coordinates></LineString></Placemark>
<Placemark><name>3578676</name><styleUrl>#styleDaimonCIRCUITO173TRECHO</styleUrl><LineString><coordinates>-49.549817,-11.846629,0 -49.549914,-11.847701,0</coordinates></LineString></Placemark>
<Placemark><name>3578674</name><styleUrl>#styleDaimonCIRCUITO173TRECHO</styleUrl><LineString><coordinates>-49.542547,-11.869431,0 -49.542194,-11.870268,0</coordinates></LineString></Placemark>
<Placemark><name>12121774</name><styleUrl>#styleDaimonCIRCUITO173TRECHO</styleUrl><LineString><coordinates>-49.549797,-11.846601,0 -49.549817,-11.846629,0</coordinates></LineString></Placemark>
<Placemark><name>3578419</name><styleUrl>#styleDaimonCIRCUITO173TRECHO</styleUrl><LineString><coordinates>-49.542194,-11.870268,0 -49.541915,-11.870938,0</coordinates></LineString></Placemark>
<Placemark><name>3578421</name><styleUrl>#styleDaimonCIRCUITO173TRECHO</styleUrl><LineString><coordinates>-49.549214,-11.845868,0 -49.549797,-11.846601,0</coordinates></LineString></Placemark>
<Placemark><name>12121777</name><styleUrl>#styleDaimonCIRCUITO173TRECHO</styleUrl><LineString><coordinates>-49.541915,-11.870938,0 -49.541898,-11.870967,0</coordinates></LineString></Placemark>
<Placemark><name>3578682</name><styleUrl>#styleDaimonCIRCUITO173TRECHO</styleUrl><LineString><coordinates>-49.548695,-11.845223,0 -49.549214,-11.845868,0</coordinates></LineString></Placemark>
<Placemark><name>3578687</name><styleUrl>#styleDaimonCIRCUITO173TRECHO</styleUrl><LineString><coordinates>-49.541898,-11.870967,0 -49.540952,-11.870955,0</coordinates></LineString></Placemark>
<Placemark><name>3578681</name><styleUrl>#styleDaimonCIRCUITO173TRECHO</styleUrl><LineString><coordinates>-49.540952,-11.870955,0 -49.539927,-11.870941,0</coordinates></LineString></Placemark>
<Placemark><name>3578426</name><styleUrl>#styleDaimonCIRCUITO173TRECHO</styleUrl><LineString><coordinates>-49.539927,-11.870941,0 -49.539028,-11.870934,0</coordinates></LineString></Placemark>
<Placemark><name>12083536</name><styleUrl>#styleDaimonCIRCUITO173TRECHO</styleUrl><LineString><coordinates>-49.536612,-11.816404,0 -49.536630,-11.816433,0</coordinates></LineString></Placemark>
<Placemark><name>2826643</name><styleUrl>#styleDaimonCIRCUITO173TRECHO</styleUrl><LineString><coordinates>-49.536630,-11.816433,0 -49.536746,-11.816399,0</coordinates></LineString></Placemark>
<Placemark><name>2826376</name><styleUrl>#styleDaimonCIRCUITO173TRECHO</styleUrl><LineString><coordinates>-49.536428,-11.816013,0 -49.536612,-11.816404,0</coordinates></LineString></Placemark>
<Placemark><name>12083537</name><styleUrl>#styleDaimonCIRCUITO173TRECHO</styleUrl><LineString><coordinates>-49.536746,-11.816399,0 -49.536776,-11.816392,0</coordinates></LineString></Placemark>
<Placemark><name>2826644</name><styleUrl>#styleDaimonCIRCUITO173TRECHO</styleUrl><LineString><coordinates>-49.536776,-11.816392,0 -49.536719,-11.816334,0</coordinates></LineString></Placemark>
<Placemark><name>24587487</name><styleUrl>#styleDaimonCIRCUITO173TRECHO</styleUrl><LineString><coordinates>-49.536719,-11.816334,0 -49.536433,-11.816305,0</coordinates></LineString></Placemark>
<Placemark><name>3417474</name><styleUrl>#styleDaimonCIRCUITO173TRECHO</styleUrl><LineString><coordinates>-49.535445,-11.816453,0 -49.535323,-11.816838,0</coordinates></LineString></Placemark>
<Placemark><name>12085015</name><styleUrl>#styleDaimonCIRCUITO173TRECHO</styleUrl><LineString><coordinates>-49.523822,-11.812430,0 -49.523840,-11.812436,0</coordinates></LineString></Placemark>
<Placemark><name>2540538</name><styleUrl>#styleDaimonCIRCUITO173TRECHO</styleUrl><LineString><coordinates>-49.523840,-11.812436,0 -49.523892,-11.812523,0</coordinates></LineString></Placemark>
<Placemark><name>2540539</name><styleUrl>#styleDaimonCIRCUITO173TRECHO</styleUrl><LineString><coordinates>-49.523822,-11.812430,0 -49.523697,-11.812646,0</coordinates></LineString></Placemark>
<Placemark><name>2905521</name><styleUrl>#styleDaimonCIRCUITO173TRECHO</styleUrl><LineString><coordinates>-49.524024,-11.812080,0 -49.523822,-11.812430,0</coordinates></LineString></Placemark>
<Placemark><name>24586831</name><styleUrl>#styleDaimonCIRCUITO173TRECHO</styleUrl><LineString><coordinates>-49.523892,-11.812523,0 -49.523799,-11.812479,0</coordinates></LineString></Placemark>
<Placemark><name>2540534</name><styleUrl>#styleDaimonCIRCUITO173TRECHO</styleUrl><LineString><coordinates>-49.523697,-11.812646,0 -49.523618,-11.812795,0</coordinates></LineString></Placemark>
<Placemark><name>2679326</name><styleUrl>#styleDaimonCIRCUITO173TRECHO</styleUrl><LineString><coordinates>-49.524199,-11.811783,0 -49.524024,-11.812080,0</coordinates></LineString></Placemark>
<Placemark><name>2540535</name><styleUrl>#styleDaimonCIRCUITO173TRECHO</styleUrl><LineString><coordinates>-49.523618,-11.812795,0 -49.523388,-11.812730,0</coordinates></LineString></Placemark>
<Placemark><name>2540536</name><styleUrl>#styleDaimonCIRCUITO173TRECHO</styleUrl><LineString><coordinates>-49.523618,-11.812795,0 -49.523524,-11.812985,0</coordinates></LineString></Placemark>
<Placemark><name>2540537</name><styleUrl>#styleDaimonCIRCUITO173TRECHO</styleUrl><LineString><coordinates>-49.523618,-11.812795,0 -49.523722,-11.812826,0</coordinates></LineString></Placemark>
<Placemark><name>3449451</name><styleUrl>#styleDaimonCIRCUITO173TRECHO</styleUrl><LineString><coordinates>-49.524395,-11.811466,0 -49.524199,-11.811783,0</coordinates></LineString></Placemark>
<Placemark><name>12072891</name><styleUrl>#styleDaimonCIRCUITO173TRECHO</styleUrl><LineString><coordinates>-49.523388,-11.812730,0 -49.523365,-11.812744,0</coordinates></LineString></Placemark>
<Placemark><name>2679325</name><styleUrl>#styleDaimonCIRCUITO173TRECHO</styleUrl><LineString><coordinates>-49.524563,-11.811198,0 -49.524395,-11.811466,0</coordinates></LineString></Placemark>
<Placemark><name>2616246</name><styleUrl>#styleDaimonCIRCUITO173TRECHO</styleUrl><LineString><coordinates>-49.523365,-11.812744,0 -49.523195,-11.812914,0</coordinates></LineString></Placemark>
<Placemark><name>3449452</name><styleUrl>#styleDaimonCIRCUITO173TRECHO</styleUrl><LineString><coordinates>-49.524685,-11.810959,0 -49.524563,-11.811198,0</coordinates></LineString></Placemark>
<Placemark><name>2616247</name><styleUrl>#styleDaimonCIRCUITO173TRECHO</styleUrl><LineString><coordinates>-49.523195,-11.812914,0 -49.522681,-11.813188,0</coordinates></LineString></Placemark>
<Placemark><name>3449453</name><styleUrl>#styleDaimonCIRCUITO173TRECHO</styleUrl><LineString><coordinates>-49.524848,-11.810642,0 -49.524685,-11.810959,0</coordinates></LineString></Placemark>
<Placemark><name>2616248</name><styleUrl>#styleDaimonCIRCUITO173TRECHO</styleUrl><LineString><coordinates>-49.522681,-11.813188,0 -49.522369,-11.813337,0</coordinates></LineString></Placemark>
<Placemark><name>3449454</name><styleUrl>#styleDaimonCIRCUITO173TRECHO</styleUrl><LineString><coordinates>-49.524895,-11.810390,0 -49.524848,-11.810642,0</coordinates></LineString></Placemark>
<Placemark><name>2616249</name><styleUrl>#styleDaimonCIRCUITO173TRECHO</styleUrl><LineString><coordinates>-49.522369,-11.813337,0 -49.521984,-11.813518,0</coordinates></LineString></Placemark>
<Placemark><name>3449455</name><styleUrl>#styleDaimonCIRCUITO173TRECHO</styleUrl><LineString><coordinates>-49.524964,-11.810028,0 -49.524895,-11.810390,0</coordinates></LineString></Placemark>
<Placemark><name>2616250</name><styleUrl>#styleDaimonCIRCUITO173TRECHO</styleUrl><LineString><coordinates>-49.521984,-11.813518,0 -49.521492,-11.813763,0</coordinates></LineString></Placemark>
<Placemark><name>3449456</name><styleUrl>#styleDaimonCIRCUITO173TRECHO</styleUrl><LineString><coordinates>-49.524981,-11.809648,0 -49.524964,-11.810028,0</coordinates></LineString></Placemark>
<Placemark><name>12077823</name><styleUrl>#styleDaimonCIRCUITO173TRECHO</styleUrl><LineString><coordinates>-49.521492,-11.813763,0 -49.521476,-11.813770,0</coordinates></LineString></Placemark>
<Placemark><name>3434534</name><styleUrl>#styleDaimonCIRCUITO173TRECHO</styleUrl><LineString><coordinates>-49.524995,-11.809304,0 -49.524981,-11.809648,0</coordinates></LineString></Placemark>
<Placemark><name>3533918</name><styleUrl>#styleDaimonCIRCUITO173TRECHO</styleUrl><LineString><coordinates>-49.521476,-11.813770,0 -49.521085,-11.813974,0</coordinates></LineString></Placemark>
<Placemark><name>3449457</name><styleUrl>#styleDaimonCIRCUITO173TRECHO</styleUrl><LineString><coordinates>-49.524995,-11.809131,0 -49.524995,-11.809304,0</coordinates></LineString></Placemark>
<Placemark><name>3533919</name><styleUrl>#styleDaimonCIRCUITO173TRECHO</styleUrl><LineString><coordinates>-49.521085,-11.813974,0 -49.520691,-11.814171,0</coordinates></LineString></Placemark>
<Placemark><name>3434530</name><styleUrl>#styleDaimonCIRCUITO173TRECHO</styleUrl><LineString><coordinates>-49.524995,-11.809131,0 -49.524716,-11.809053,0</coordinates></LineString></Placemark>
<Placemark><name>3449459</name><styleUrl>#styleDaimonCIRCUITO173TRECHO</styleUrl><LineString><coordinates>-49.524995,-11.809131,0 -49.524998,-11.808973,0</coordinates></LineString></Placemark>
<Placemark><name>3449460</name><styleUrl>#styleDaimonCIRCUITO173TRECHO</styleUrl><LineString><coordinates>-49.525134,-11.809172,0 -49.524995,-11.809131,0</coordinates></LineString></Placemark>
<Placemark><name>3533920</name><styleUrl>#styleDaimonCIRCUITO173TRECHO</styleUrl><LineString><coordinates>-49.520691,-11.814171,0 -49.520422,-11.814311,0</coordinates></LineString></Placemark>
<Placemark><name>3449458</name><styleUrl>#styleDaimonCIRCUITO173TRECHO</styleUrl><LineString><coordinates>-49.524998,-11.808973,0 -49.525007,-11.808571,0</coordinates></LineString></Placemark>
<Placemark><name>12083726</name><styleUrl>#styleDaimonCIRCUITO173TRECHO</styleUrl><LineString><coordinates>-49.525164,-11.809182,0 -49.525134,-11.809172,0</coordinates></LineString></Placemark>
<Placemark><name>3533921</name><styleUrl>#styleDaimonCIRCUITO173TRECHO</styleUrl><LineString><coordinates>-49.520422,-11.814311,0 -49.520120,-11.814466,0</coordinates></LineString></Placemark>
<Placemark><name>29044875</name><styleUrl>#styleDaimonCIRCUITO173TRECHO</styleUrl><LineString><coordinates>-49.525007,-11.808571,0 -49.524988,-11.808482,0</coordinates></LineString></Placemark>
<Placemark><name>3434529</name><styleUrl>#styleDaimonCIRCUITO173TRECHO</styleUrl><LineString><coordinates>-49.525500,-11.809278,0 -49.525164,-11.809182,0</coordinates></LineString></Placemark>
<Placemark><name>3534162</name><styleUrl>#styleDaimonCIRCUITO173TRECHO</styleUrl><LineString><coordinates>-49.520120,-11.814466,0 -49.519804,-11.814596,0</coordinates></LineString></Placemark>
<Placemark><name>29044893</name><styleUrl>#styleDaimonCIRCUITO173TRECHO</styleUrl><LineString><coordinates>-49.524988,-11.808482,0 -49.525092,-11.808509,0</coordinates></LineString></Placemark>
<Placemark><name>29044884</name><styleUrl>#styleDaimonCIRCUITO173TRECHO</styleUrl><LineString><coordinates>-49.524988,-11.808482,0 -49.524839,-11.808442,0</coordinates></LineString></Placemark>
<Placemark><name>2679324</name><styleUrl>#styleDaimonCIRCUITO173TRECHO</styleUrl><LineString><coordinates>-49.524988,-11.808482,0 -49.524944,-11.808264,0</coordinates></LineString></Placemark>
<Placemark><name>2596228</name><styleUrl>#styleDaimonCIRCUITO173TRECHO</styleUrl><LineString><coordinates>-49.525757,-11.809348,0 -49.525500,-11.809278,0</coordinates></LineString></Placemark>
<Placemark><name>3534163</name><styleUrl>#styleDaimonCIRCUITO173TRECHO</styleUrl><LineString><coordinates>-49.519804,-11.814596,0 -49.519445,-11.814741,0</coordinates></LineString></Placemark>
<Placemark><name>3449693</name><styleUrl>#styleDaimonCIRCUITO173TRECHO</styleUrl><LineString><coordinates>-49.524944,-11.808264,0 -49.524747,-11.807988,0</coordinates></LineString></Placemark>
<Placemark><name>3637097</name><styleUrl>#styleDaimonCIRCUITO173TRECHO</styleUrl><LineString><coordinates>-49.525964,-11.809411,0 -49.525757,-11.809348,0</coordinates></LineString></Placemark>
<Placemark><name>3534164</name><styleUrl>#styleDaimonCIRCUITO173TRECHO</styleUrl><LineString><coordinates>-49.519445,-11.814741,0 -49.519072,-11.814881,0</coordinates></LineString></Placemark>
<Placemark><name>3449461</name><styleUrl>#styleDaimonCIRCUITO173TRECHO</styleUrl><LineString><coordinates>-49.524747,-11.807988,0 -49.524573,-11.807760,0</coordinates></LineString></Placemark>
<Placemark><name>3662546</name><styleUrl>#styleDaimonCIRCUITO173TRECHO</styleUrl><LineString><coordinates>-49.525964,-11.809411,0 -49.526003,-11.809392,0</coordinates></LineString></Placemark>
<Placemark><name>3655497</name><styleUrl>#styleDaimonCIRCUITO173TRECHO</styleUrl><LineString><coordinates>-49.525980,-11.809433,0 -49.525964,-11.809411,0</coordinates></LineString></Placemark>
<Placemark><name>3534165</name><styleUrl>#styleDaimonCIRCUITO173TRECHO</styleUrl><LineString><coordinates>-49.519072,-11.814881,0 -49.518690,-11.814994,0</coordinates></LineString></Placemark>
<Placemark><name>3434807</name><styleUrl>#styleDaimonCIRCUITO173TRECHO</styleUrl><LineString><coordinates>-49.524573,-11.807760,0 -49.524380,-11.807511,0</coordinates></LineString></Placemark>
<Placemark><name>3534169</name><styleUrl>#styleDaimonCIRCUITO173TRECHO</styleUrl><LineString><coordinates>-49.518690,-11.814994,0 -49.518427,-11.815076,0</coordinates></LineString></Placemark>
<Placemark><name>3449694</name><styleUrl>#styleDaimonCIRCUITO173TRECHO</styleUrl><LineString><coordinates>-49.524380,-11.807511,0 -49.524199,-11.807279,0</coordinates></LineString></Placemark>
<Placemark><name>3534171</name><styleUrl>#styleDaimonCIRCUITO173TRECHO</styleUrl><LineString><coordinates>-49.518427,-11.815076,0 -49.518524,-11.815424,0</coordinates></LineString></Placemark>
<Placemark><name>3534172</name><styleUrl>#styleDaimonCIRCUITO173TRECHO</styleUrl><LineString><coordinates>-49.518427,-11.815076,0 -49.518401,-11.814991,0</coordinates></LineString></Placemark>
<Placemark><name>3534170</name><styleUrl>#styleDaimonCIRCUITO173TRECHO</styleUrl><LineString><coordinates>-49.518427,-11.815076,0 -49.518359,-11.815094,0</coordinates></LineString></Placemark>
<Placemark><name>3449695</name><styleUrl>#styleDaimonCIRCUITO173TRECHO</styleUrl><LineString><coordinates>-49.524199,-11.807279,0 -49.523998,-11.807019,0</coordinates></LineString></Placemark>
<Placemark><name>3534166</name><styleUrl>#styleDaimonCIRCUITO173TRECHO</styleUrl><LineString><coordinates>-49.518524,-11.815424,0 -49.518648,-11.815847,0</coordinates></LineString></Placemark>
<Placemark><name>3534167</name><styleUrl>#styleDaimonCIRCUITO173TRECHO</styleUrl><LineString><coordinates>-49.518401,-11.814991,0 -49.518295,-11.814611,0</coordinates></LineString></Placemark>
<Placemark><name>3449696</name><styleUrl>#styleDaimonCIRCUITO173TRECHO</styleUrl><LineString><coordinates>-49.523998,-11.807019,0 -49.523794,-11.806762,0</coordinates></LineString></Placemark>
<Placemark><name>3534168</name><styleUrl>#styleDaimonCIRCUITO173TRECHO</styleUrl><LineString><coordinates>-49.518295,-11.814611,0 -49.518178,-11.814226,0</coordinates></LineString></Placemark>
<Placemark><name>3425813</name><styleUrl>#styleDaimonCIRCUITO173TRECHO</styleUrl><LineString><coordinates>-49.523794,-11.806762,0 -49.523581,-11.806492,0</coordinates></LineString></Placemark>
<Placemark><name>2745556</name><styleUrl>#styleDaimonCIRCUITO173TRECHO</styleUrl><LineString><coordinates>-49.518178,-11.814226,0 -49.518065,-11.813840,0</coordinates></LineString></Placemark>
<Placemark><name>3425814</name><styleUrl>#styleDaimonCIRCUITO173TRECHO</styleUrl><LineString><coordinates>-49.523581,-11.806492,0 -49.523417,-11.806304,0</coordinates></LineString></Placemark>
<Placemark><name>3534173</name><styleUrl>#styleDaimonCIRCUITO173TRECHO</styleUrl><LineString><coordinates>-49.518065,-11.813840,0 -49.517956,-11.813465,0</coordinates></LineString></Placemark>
<Placemark><name>36825385</name><styleUrl>#styleDaimonCIRCUITO173TRECHO</styleUrl><LineString><coordinates>-49.523417,-11.806304,0 -49.523238,-11.806076,0</coordinates></LineString></Placemark>
<Placemark><name>3534174</name><styleUrl>#styleDaimonCIRCUITO173TRECHO</styleUrl><LineString><coordinates>-49.517956,-11.813465,0 -49.517838,-11.813055,0</coordinates></LineString></Placemark>
<Placemark><name>2539449</name><styleUrl>#styleDaimonCIRCUITO173TRECHO</styleUrl><LineString><coordinates>-49.492718,-11.850080,0 -49.491547,-11.850670,0</coordinates></LineString></Placemark>
<Placemark><name>2791962</name><styleUrl>#styleDaimonCIRCUITO173TRECHO</styleUrl><LineString><coordinates>-49.480242,-11.918567,0 -49.478945,-11.919070,0</coordinates></LineString></Placemark>
<Placemark><name>2792077</name><styleUrl>#styleDaimonCIRCUITO173TRECHO</styleUrl><LineString><coordinates>-49.481687,-11.917926,0 -49.480242,-11.918567,0</coordinates></LineString></Placemark>
<Placemark><name>2745563</name><styleUrl>#styleDaimonCIRCUITO173TRECHO</styleUrl><LineString><coordinates>-49.482551,-11.917524,0 -49.481687,-11.917926,0</coordinates></LineString></Placemark>
<Placemark><name>2791961</name><styleUrl>#styleDaimonCIRCUITO173TRECHO</styleUrl><LineString><coordinates>-49.483622,-11.917117,0 -49.482551,-11.917524,0</coordinates></LineString></Placemark>
<Placemark><name>12077210</name><styleUrl>#styleDaimonCIRCUITO173TRECHO</styleUrl><LineString><coordinates>-49.483647,-11.917083,0 -49.483622,-11.917117,0</coordinates></LineString></Placemark>
<Placemark><name>2791960</name><styleUrl>#styleDaimonCIRCUITO173TRECHO</styleUrl><LineString><coordinates>-49.484464,-11.915820,0 -49.483647,-11.917083,0</coordinates></LineString></Placemark>
<Placemark><name>2791959</name><styleUrl>#styleDaimonCIRCUITO173TRECHO</styleUrl><LineString><coordinates>-49.484980,-11.914461,0 -49.484464,-11.915820,0</coordinates></LineString></Placemark>
<Placemark><name>2791958</name><styleUrl>#styleDaimonCIRCUITO173TRECHO</styleUrl><LineString><coordinates>-49.485371,-11.913576,0 -49.484980,-11.914461,0</coordinates></LineString></Placemark>
<Placemark><name>2791957</name><styleUrl>#styleDaimonCIRCUITO173TRECHO</styleUrl><LineString><coordinates>-49.485915,-11.912337,0 -49.485371,-11.913576,0</coordinates></LineString></Placemark>
<Placemark><name>2791956</name><styleUrl>#styleDaimonCIRCUITO173TRECHO</styleUrl><LineString><coordinates>-49.486436,-11.911069,0 -49.485915,-11.912337,0</coordinates></LineString></Placemark>
<Placemark><name>2791882</name><styleUrl>#styleDaimonCIRCUITO173TRECHO</styleUrl><LineString><coordinates>-49.487009,-11.909840,0 -49.486436,-11.911069,0</coordinates></LineString></Placemark>
<Placemark><name>2791881</name><styleUrl>#styleDaimonCIRCUITO173TRECHO</styleUrl><LineString><coordinates>-49.487622,-11.908619,0 -49.487009,-11.909840,0</coordinates></LineString></Placemark>
<Placemark><name>12077209</name><styleUrl>#styleDaimonCIRCUITO173TRECHO</styleUrl><LineString><coordinates>-49.487636,-11.908586,0 -49.487622,-11.908619,0</coordinates></LineString></Placemark>
<Placemark><name>2791880</name><styleUrl>#styleDaimonCIRCUITO173TRECHO</styleUrl><LineString><coordinates>-49.488317,-11.907435,0 -49.487636,-11.908586,0</coordinates></LineString></Placemark>
<Placemark><name>2745562</name><styleUrl>#styleDaimonCIRCUITO173TRECHO</styleUrl><LineString><coordinates>-49.488968,-11.906252,0 -49.488317,-11.907435,0</coordinates></LineString></Placemark>
<Placemark><name>2791879</name><styleUrl>#styleDaimonCIRCUITO173TRECHO</styleUrl><LineString><coordinates>-49.489649,-11.905052,0 -49.488968,-11.906252,0</coordinates></LineString></Placemark>
<Placemark><name>2791878</name><styleUrl>#styleDaimonCIRCUITO173TRECHO</styleUrl><LineString><coordinates>-49.490320,-11.903916,0 -49.489649,-11.905052,0</coordinates></LineString></Placemark>
<Placemark><name>2791877</name><styleUrl>#styleDaimonCIRCUITO173TRECHO</styleUrl><LineString><coordinates>-49.491017,-11.903125,0 -49.490320,-11.903916,0</coordinates></LineString></Placemark>
<Placemark><name>12077208</name><styleUrl>#styleDaimonCIRCUITO173TRECHO</styleUrl><LineString><coordinates>-49.491036,-11.903093,0 -49.491017,-11.903125,0</coordinates></LineString></Placemark>
<Placemark><name>2826467</name><styleUrl>#styleDaimonCIRCUITO173TRECHO</styleUrl><LineString><coordinates>-49.491322,-11.901862,0 -49.491036,-11.903093,0</coordinates></LineString></Placemark>
<Placemark><name>2826466</name><styleUrl>#styleDaimonCIRCUITO173TRECHO</styleUrl><LineString><coordinates>-49.491587,-11.900621,0 -49.491322,-11.901862,0</coordinates></LineString></Placemark>
<Placemark><name>12023798</name><styleUrl>#styleDaimonCIRCUITO173TRECHO</styleUrl><LineString><coordinates>-49.491587,-11.900621,0 -49.491557,-11.900612,0</coordinates></LineString></Placemark>
<Placemark><name>2826202</name><styleUrl>#styleDaimonCIRCUITO173TRECHO</styleUrl><LineString><coordinates>-49.491984,-11.899210,0 -49.491587,-11.900621,0</coordinates></LineString></Placemark>
<Placemark><name>2540016</name><styleUrl>#styleDaimonCIRCUITO173TRECHO</styleUrl><LineString><coordinates>-49.491557,-11.900612,0 -49.490693,-11.900846,0</coordinates></LineString></Placemark>
<Placemark><name>2791876</name><styleUrl>#styleDaimonCIRCUITO173TRECHO</styleUrl><LineString><coordinates>-49.492138,-11.897962,0 -49.491984,-11.899210,0</coordinates></LineString></Placemark>
<Placemark><name>2540015</name><styleUrl>#styleDaimonCIRCUITO173TRECHO</styleUrl><LineString><coordinates>-49.490693,-11.900846,0 -49.489801,-11.901089,0</coordinates></LineString></Placemark>
<Placemark><name>2791875</name><styleUrl>#styleDaimonCIRCUITO173TRECHO</styleUrl><LineString><coordinates>-49.492554,-11.896699,0 -49.492138,-11.897962,0</coordinates></LineString></Placemark>
<Placemark><name>2540014</name><styleUrl>#styleDaimonCIRCUITO173TRECHO</styleUrl><LineString><coordinates>-49.489801,-11.901089,0 -49.488931,-11.901335,0</coordinates></LineString></Placemark>
<Placemark><name>2791874</name><styleUrl>#styleDaimonCIRCUITO173TRECHO</styleUrl><LineString><coordinates>-49.492950,-11.894801,0 -49.492554,-11.896699,0</coordinates></LineString></Placemark>
<Placemark><name>12077072</name><styleUrl>#styleDaimonCIRCUITO173TRECHO</styleUrl><LineString><coordinates>-49.492965,-11.894769,0 -49.492950,-11.894801,0</coordinates></LineString></Placemark>
<Placemark><name>2791873</name><styleUrl>#styleDaimonCIRCUITO173TRECHO</styleUrl><LineString><coordinates>-49.493662,-11.893821,0 -49.492965,-11.894769,0</coordinates></LineString></Placemark>
<Placemark><name>2791872</name><styleUrl>#styleDaimonCIRCUITO173TRECHO</styleUrl><LineString><coordinates>-49.494568,-11.892749,0 -49.493662,-11.893821,0</coordinates></LineString></Placemark>
<Placemark><name>2791871</name><styleUrl>#styleDaimonCIRCUITO173TRECHO</styleUrl><LineString><coordinates>-49.495613,-11.891730,0 -49.494568,-11.892749,0</coordinates></LineString></Placemark>
<Placemark><name>2826201</name><styleUrl>#styleDaimonCIRCUITO173TRECHO</styleUrl><LineString><coordinates>-49.496441,-11.890731,0 -49.495613,-11.891730,0</coordinates></LineString></Placemark>
<Placemark><name>12077071</name><styleUrl>#styleDaimonCIRCUITO173TRECHO</styleUrl><LineString><coordinates>-49.496473,-11.890715,0 -49.496441,-11.890731,0</coordinates></LineString></Placemark>
<Placemark><name>2791870</name><styleUrl>#styleDaimonCIRCUITO173TRECHO</styleUrl><LineString><coordinates>-49.497339,-11.890920,0 -49.496473,-11.890715,0</coordinates></LineString></Placemark>
<Placemark><name>2791869</name><styleUrl>#styleDaimonCIRCUITO173TRECHO</styleUrl><LineString><coordinates>-49.498853,-11.891399,0 -49.497339,-11.890920,0</coordinates></LineString></Placemark>
<Placemark><name>2791868</name><styleUrl>#styleDaimonCIRCUITO173TRECHO</styleUrl><LineString><coordinates>-49.500186,-11.891881,0 -49.498853,-11.891399,0</coordinates></LineString></Placemark>
<Placemark><name>2791867</name><styleUrl>#styleDaimonCIRCUITO173TRECHO</styleUrl><LineString><coordinates>-49.501373,-11.892233,0 -49.500186,-11.891881,0</coordinates></LineString></Placemark>
<Placemark><name>2791866</name><styleUrl>#styleDaimonCIRCUITO173TRECHO</styleUrl><LineString><coordinates>-49.502676,-11.892608,0 -49.501373,-11.892233,0</coordinates></LineString></Placemark>
<Placemark><name>2791865</name><styleUrl>#styleDaimonCIRCUITO173TRECHO</styleUrl><LineString><coordinates>-49.503213,-11.892789,0 -49.502676,-11.892608,0</coordinates></LineString></Placemark>
<Placemark><name>2539506</name><styleUrl>#styleDaimonCIRCUITO173TRECHO</styleUrl><LineString><coordinates>-49.522668,-11.929214,0 -49.524006,-11.929437,0</coordinates></LineString></Placemark>
<Placemark><name>2539505</name><styleUrl>#styleDaimonCIRCUITO173TRECHO</styleUrl><LineString><coordinates>-49.521264,-11.928953,0 -49.522668,-11.929214,0</coordinates></LineString></Placemark>
<Placemark><name>2815828</name><styleUrl>#styleDaimonCIRCUITO173TRECHO</styleUrl><LineString><coordinates>-49.519959,-11.928680,0 -49.521264,-11.928953,0</coordinates></LineString></Placemark>
<Placemark><name>2539504</name><styleUrl>#styleDaimonCIRCUITO173TRECHO</styleUrl><LineString><coordinates>-49.518577,-11.928489,0 -49.519959,-11.928680,0</coordinates></LineString></Placemark>
<Placemark><name>2539503</name><styleUrl>#styleDaimonCIRCUITO173TRECHO</styleUrl><LineString><coordinates>-49.517154,-11.928188,0 -49.518577,-11.928489,0</coordinates></LineString></Placemark>
<Placemark><name>2539502</name><styleUrl>#styleDaimonCIRCUITO173TRECHO</styleUrl><LineString><coordinates>-49.515809,-11.927956,0 -49.517154,-11.928188,0</coordinates></LineString></Placemark>
<Placemark><name>2539501</name><styleUrl>#styleDaimonCIRCUITO173TRECHO</styleUrl><LineString><coordinates>-49.514460,-11.927775,0 -49.515809,-11.927956,0</coordinates></LineString></Placemark>
<Placemark><name>12121398</name><styleUrl>#styleDaimonCIRCUITO173TRECHO</styleUrl><LineString><coordinates>-49.514436,-11.927758,0 -49.514460,-11.927775,0</coordinates></LineString></Placemark>
<Placemark><name>2539500</name><styleUrl>#styleDaimonCIRCUITO173TRECHO</styleUrl><LineString><coordinates>-49.514103,-11.927084,0 -49.514436,-11.927758,0</coordinates></LineString></Placemark>
<Placemark><name>2539499</name><styleUrl>#styleDaimonCIRCUITO173TRECHO</styleUrl><LineString><coordinates>-49.513506,-11.925786,0 -49.514103,-11.927084,0</coordinates></LineString></Placemark>
<Placemark><name>2539498</name><styleUrl>#styleDaimonCIRCUITO173TRECHO</styleUrl><LineString><coordinates>-49.512976,-11.924703,0 -49.513506,-11.925786,0</coordinates></LineString></Placemark>
<Placemark><name>2539497</name><styleUrl>#styleDaimonCIRCUITO173TRECHO</styleUrl><LineString><coordinates>-49.512438,-11.923631,0 -49.512976,-11.924703,0</coordinates></LineString></Placemark>
<Placemark><name>2539496</name><styleUrl>#styleDaimonCIRCUITO173TRECHO</styleUrl><LineString><coordinates>-49.511879,-11.922596,0 -49.512438,-11.923631,0</coordinates></LineString></Placemark>
<Placemark><name>2539495</name><styleUrl>#styleDaimonCIRCUITO173TRECHO</styleUrl><LineString><coordinates>-49.511394,-11.921460,0 -49.511879,-11.922596,0</coordinates></LineString></Placemark>
<Placemark><name>12121399</name><styleUrl>#styleDaimonCIRCUITO173TRECHO</styleUrl><LineString><coordinates>-49.511372,-11.921420,0 -49.511394,-11.921460,0</coordinates></LineString></Placemark>
<Placemark><name>2817805</name><styleUrl>#styleDaimonCIRCUITO173TRECHO</styleUrl><LineString><coordinates>-49.510820,-11.920315,0 -49.511372,-11.921420,0</coordinates></LineString></Placemark>
<Placemark><name>2539494</name><styleUrl>#styleDaimonCIRCUITO173TRECHO</styleUrl><LineString><coordinates>-49.510333,-11.919276,0 -49.510820,-11.920315,0</coordinates></LineString></Placemark>
<Placemark><name>2539493</name><styleUrl>#styleDaimonCIRCUITO173TRECHO</styleUrl><LineString><coordinates>-49.509798,-11.918158,0 -49.510333,-11.919276,0</coordinates></LineString></Placemark>
<Placemark><name>2539492</name><styleUrl>#styleDaimonCIRCUITO173TRECHO</styleUrl><LineString><coordinates>-49.509234,-11.917003,0 -49.509798,-11.918158,0</coordinates></LineString></Placemark>
<Placemark><name>2539491</name><styleUrl>#styleDaimonCIRCUITO173TRECHO</styleUrl><LineString><coordinates>-49.508577,-11.915808,0 -49.509234,-11.917003,0</coordinates></LineString></Placemark>
<Placemark><name>2539490</name><styleUrl>#styleDaimonCIRCUITO173TRECHO</styleUrl><LineString><coordinates>-49.508046,-11.914609,0 -49.508577,-11.915808,0</coordinates></LineString></Placemark>
<Placemark><name>2817804</name><styleUrl>#styleDaimonCIRCUITO173TRECHO</styleUrl><LineString><coordinates>-49.507473,-11.913535,0 -49.508046,-11.914609,0</coordinates></LineString></Placemark>
<Placemark><name>2539489</name><styleUrl>#styleDaimonCIRCUITO173TRECHO</styleUrl><LineString><coordinates>-49.506920,-11.912369,0 -49.507473,-11.913535,0</coordinates></LineString></Placemark>
<Placemark><name>2539488</name><styleUrl>#styleDaimonCIRCUITO173TRECHO</styleUrl><LineString><coordinates>-49.506309,-11.911207,0 -49.506920,-11.912369,0</coordinates></LineString></Placemark>
<Placemark><name>2825428</name><styleUrl>#styleDaimonCIRCUITO173TRECHO</styleUrl><LineString><coordinates>-49.505773,-11.910180,0 -49.506309,-11.911207,0</coordinates></LineString></Placemark>
<Placemark><name>12119252</name><styleUrl>#styleDaimonCIRCUITO173TRECHO</styleUrl><LineString><coordinates>-49.505761,-11.910152,0 -49.505773,-11.910180,0</coordinates></LineString></Placemark>
<Placemark><name>2539487</name><styleUrl>#styleDaimonCIRCUITO173TRECHO</styleUrl><LineString><coordinates>-49.505155,-11.908819,0 -49.505761,-11.910152,0</coordinates></LineString></Placemark>
<Placemark><name>2824079</name><styleUrl>#styleDaimonCIRCUITO173TRECHO</styleUrl><LineString><coordinates>-49.504659,-11.907792,0 -49.505155,-11.908819,0</coordinates></LineString></Placemark>
<Placemark><name>2539486</name><styleUrl>#styleDaimonCIRCUITO173TRECHO</styleUrl><LineString><coordinates>-49.504077,-11.906712,0 -49.504659,-11.907792,0</coordinates></LineString></Placemark>
<Placemark><name>2539485</name><styleUrl>#styleDaimonCIRCUITO173TRECHO</styleUrl><LineString><coordinates>-49.504083,-11.905637,0 -49.504077,-11.906712,0</coordinates></LineString></Placemark>
<Placemark><name>2539483</name><styleUrl>#styleDaimonCIRCUITO173TRECHO</styleUrl><LineString><coordinates>-49.504045,-11.904201,0 -49.504083,-11.905637,0</coordinates></LineString></Placemark>
<Placemark><name>2539447</name><styleUrl>#styleDaimonCIRCUITO173TRECHO</styleUrl><LineString><coordinates>-49.504011,-11.903003,0 -49.504045,-11.904201,0</coordinates></LineString></Placemark>
<Placemark><name>2817803</name><styleUrl>#styleDaimonCIRCUITO173TRECHO</styleUrl><LineString><coordinates>-49.503960,-11.901759,0 -49.504011,-11.903003,0</coordinates></LineString></Placemark>
<Placemark><name>2539446</name><styleUrl>#styleDaimonCIRCUITO173TRECHO</styleUrl><LineString><coordinates>-49.503974,-11.900400,0 -49.503960,-11.901759,0</coordinates></LineString></Placemark>
<Placemark><name>2539445</name><styleUrl>#styleDaimonCIRCUITO173TRECHO</styleUrl><LineString><coordinates>-49.504059,-11.899050,0 -49.503974,-11.900400,0</coordinates></LineString></Placemark>
<Placemark><name>2539444</name><styleUrl>#styleDaimonCIRCUITO173TRECHO</styleUrl><LineString><coordinates>-49.504137,-11.898004,0 -49.504059,-11.899050,0</coordinates></LineString></Placemark>
<Placemark><name>2539443</name><styleUrl>#styleDaimonCIRCUITO173TRECHO</styleUrl><LineString><coordinates>-49.504205,-11.896845,0 -49.504137,-11.898004,0</coordinates></LineString></Placemark>
<Placemark><name>2539548</name><styleUrl>#styleDaimonCIRCUITO173TRECHO</styleUrl><LineString><coordinates>-49.504179,-11.895670,0 -49.504205,-11.896845,0</coordinates></LineString></Placemark>
<Placemark><name>2539547</name><styleUrl>#styleDaimonCIRCUITO173TRECHO</styleUrl><LineString><coordinates>-49.504140,-11.894409,0 -49.504179,-11.895670,0</coordinates></LineString></Placemark>
<Placemark><name>12121400</name><styleUrl>#styleDaimonCIRCUITO173TRECHO</styleUrl><LineString><coordinates>-49.504141,-11.894379,0 -49.504140,-11.894409,0</coordinates></LineString></Placemark>
<Placemark><name>2826200</name><styleUrl>#styleDaimonCIRCUITO173TRECHO</styleUrl><LineString><coordinates>-49.504118,-11.893096,0 -49.504141,-11.894379,0</coordinates></LineString></Placemark>
<Placemark><name>3666444</name><styleUrl>#styleDaimonCIRCUITO173TRECHO</styleUrl><LineString><coordinates>-49.504117,-11.893083,0 -49.504118,-11.893096,0</coordinates></LineString></Placemark>
<Placemark><name>2913382</name><styleUrl>#styleDaimonCIRCUITO173TRECHO</styleUrl><LineString><coordinates>-49.559441,-11.827203,0 -49.560710,-11.827606,0</coordinates></LineString></Placemark>
<Placemark><name>3555450</name><styleUrl>#styleDaimonCIRCUITO173TRECHO</styleUrl><LineString><coordinates>-49.559813,-11.859556,0 -49.558843,-11.860074,0</coordinates></LineString></Placemark>
<Placemark><name>3555449</name><styleUrl>#styleDaimonCIRCUITO173TRECHO</styleUrl><LineString><coordinates>-49.558843,-11.860074,0 -49.558387,-11.860321,0</coordinates></LineString></Placemark>
<Placemark><name>3555448</name><styleUrl>#styleDaimonCIRCUITO173TRECHO</styleUrl><LineString><coordinates>-49.560233,-11.859332,0 -49.559813,-11.859556,0</coordinates></LineString></Placemark>
<Placemark><name>29044831</name><styleUrl>#styleDaimonCIRCUITO173TRECHO</styleUrl><LineString><coordinates>-49.524599,-11.808379,0 -49.524362,-11.808307,0</coordinates></LineString></Placemark>
<Placemark><name>29044843</name><styleUrl>#styleDaimonCIRCUITO173TRECHO</styleUrl><LineString><coordinates>-49.524815,-11.808436,0 -49.524599,-11.808379,0</coordinates></LineString></Placemark>
<Placemark><name>29044854</name><styleUrl>#styleDaimonCIRCUITO173TRECHO</styleUrl><LineString><coordinates>-49.524362,-11.808307,0 -49.524168,-11.808253,0</coordinates></LineString></Placemark>
<Placemark><name>2595527</name><styleUrl>#styleDaimonCIRCUITO173TRECHO</styleUrl><LineString><coordinates>-49.519003,-11.810631,0 -49.518847,-11.810588,0</coordinates></LineString></Placemark>
<Placemark><name>2595526</name><styleUrl>#styleDaimonCIRCUITO173TRECHO</styleUrl><LineString><coordinates>-49.518847,-11.810588,0 -49.518862,-11.810520,0</coordinates></LineString></Placemark>
<Placemark><name>2595148</name><styleUrl>#styleDaimonCIRCUITO173TRECHO</styleUrl><LineString><coordinates>-49.518847,-11.810588,0 -49.518651,-11.810532,0</coordinates></LineString></Placemark>
<Placemark><name>2592801</name><styleUrl>#styleDaimonCIRCUITO173TRECHO</styleUrl><LineString><coordinates>-49.518847,-11.810588,0 -49.518740,-11.810726,0</coordinates></LineString></Placemark>
<Placemark><name>2595149</name><styleUrl>#styleDaimonCIRCUITO173TRECHO</styleUrl><LineString><coordinates>-49.519358,-11.810739,0 -49.519003,-11.810631,0</coordinates></LineString></Placemark>
<Placemark><name>2595350</name><styleUrl>#styleDaimonCIRCUITO173TRECHO</styleUrl><LineString><coordinates>-49.518651,-11.810532,0 -49.518309,-11.810438,0</coordinates></LineString></Placemark>
<Placemark><name>12079690</name><styleUrl>#styleDaimonCIRCUITO173TRECHO</styleUrl><LineString><coordinates>-49.518740,-11.810726,0 -49.518724,-11.810754,0</coordinates></LineString></Placemark>
<Placemark><name>2595530</name><styleUrl>#styleDaimonCIRCUITO173TRECHO</styleUrl><LineString><coordinates>-49.519703,-11.810836,0 -49.519358,-11.810739,0</coordinates></LineString></Placemark>
<Placemark><name>2595154</name><styleUrl>#styleDaimonCIRCUITO173TRECHO</styleUrl><LineString><coordinates>-49.518309,-11.810438,0 -49.517965,-11.810336,0</coordinates></LineString></Placemark>
<Placemark><name>3187487</name><styleUrl>#styleDaimonCIRCUITO173TRECHO</styleUrl><LineString><coordinates>-49.518724,-11.810754,0 -49.518598,-11.810980,0</coordinates></LineString></Placemark>
<Placemark><name>2595150</name><styleUrl>#styleDaimonCIRCUITO173TRECHO</styleUrl><LineString><coordinates>-49.520047,-11.810935,0 -49.519703,-11.810836,0</coordinates></LineString></Placemark>
<Placemark><name>2595153</name><styleUrl>#styleDaimonCIRCUITO173TRECHO</styleUrl><LineString><coordinates>-49.517965,-11.810336,0 -49.517621,-11.810233,0</coordinates></LineString></Placemark>
<Placemark><name>3187488</name><styleUrl>#styleDaimonCIRCUITO173TRECHO</styleUrl><LineString><coordinates>-49.518598,-11.810980,0 -49.518450,-11.811263,0</coordinates></LineString></Placemark>
<Placemark><name>2595151</name><styleUrl>#styleDaimonCIRCUITO173TRECHO</styleUrl><LineString><coordinates>-49.520379,-11.811029,0 -49.520047,-11.810935,0</coordinates></LineString></Placemark>
<Placemark><name>2595152</name><styleUrl>#styleDaimonCIRCUITO173TRECHO</styleUrl><LineString><coordinates>-49.517621,-11.810233,0 -49.517280,-11.810142,0</coordinates></LineString></Placemark>
<Placemark><name>2595147</name><styleUrl>#styleDaimonCIRCUITO173TRECHO</styleUrl><LineString><coordinates>-49.520780,-11.811148,0 -49.520379,-11.811029,0</coordinates></LineString></Placemark>
<Placemark><name>2745381</name><styleUrl>#styleDaimonCIRCUITO173TRECHO</styleUrl><LineString><coordinates>-49.517280,-11.810142,0 -49.516920,-11.810045,0</coordinates></LineString></Placemark>
<Placemark><name>2595146</name><styleUrl>#styleDaimonCIRCUITO173TRECHO</styleUrl><LineString><coordinates>-49.521114,-11.811244,0 -49.520780,-11.811148,0</coordinates></LineString></Placemark>
<Placemark><name>3142645</name><styleUrl>#styleDaimonCIRCUITO173TRECHO</styleUrl><LineString><coordinates>-49.516920,-11.810045,0 -49.516485,-11.809919,0</coordinates></LineString></Placemark>
<Placemark><name>2595145</name><styleUrl>#styleDaimonCIRCUITO173TRECHO</styleUrl><LineString><coordinates>-49.521396,-11.811332,0 -49.521114,-11.811244,0</coordinates></LineString></Placemark>
<Placemark><name>3443318</name><styleUrl>#styleDaimonCIRCUITO173TRECHO</styleUrl><LineString><coordinates>-49.516485,-11.809919,0 -49.516020,-11.809789,0</coordinates></LineString></Placemark>
<Placemark><name>2595144</name><styleUrl>#styleDaimonCIRCUITO173TRECHO</styleUrl><LineString><coordinates>-49.521741,-11.811425,0 -49.521396,-11.811332,0</coordinates></LineString></Placemark>
<Placemark><name>2820561</name><styleUrl>#styleDaimonCIRCUITO173TRECHO</styleUrl><LineString><coordinates>-49.516020,-11.809789,0 -49.515781,-11.809776,0</coordinates></LineString></Placemark>
<Placemark><name>2679327</name><styleUrl>#styleDaimonCIRCUITO173TRECHO</styleUrl><LineString><coordinates>-49.522070,-11.811520,0 -49.521741,-11.811425,0</coordinates></LineString></Placemark>
<Placemark><name>3141601</name><styleUrl>#styleDaimonCIRCUITO173TRECHO</styleUrl><LineString><coordinates>-49.515781,-11.809776,0 -49.515818,-11.809970,0</coordinates></LineString></Placemark>
<Placemark><name>3449279</name><styleUrl>#styleDaimonCIRCUITO173TRECHO</styleUrl><LineString><coordinates>-49.515781,-11.809776,0 -49.515614,-11.809763,0</coordinates></LineString></Placemark>
<Placemark><name>3449280</name><styleUrl>#styleDaimonCIRCUITO173TRECHO</styleUrl><LineString><coordinates>-49.515781,-11.809776,0 -49.515754,-11.809652,0</coordinates></LineString></Placemark>
<Placemark><name>2902857</name><styleUrl>#styleDaimonCIRCUITO173TRECHO</styleUrl><LineString><coordinates>-49.522331,-11.811594,0 -49.522070,-11.811520,0</coordinates></LineString></Placemark>
<Placemark><name>12081229</name><styleUrl>#styleDaimonCIRCUITO173TRECHO</styleUrl><LineString><coordinates>-49.515754,-11.809652,0 -49.515750,-11.809614,0</coordinates></LineString></Placemark>
<Placemark><name>2902856</name><styleUrl>#styleDaimonCIRCUITO173TRECHO</styleUrl><LineString><coordinates>-49.522331,-11.811594,0 -49.522224,-11.811739,0</coordinates></LineString></Placemark>
<Placemark><name>2882078</name><styleUrl>#styleDaimonCIRCUITO173TRECHO</styleUrl><LineString><coordinates>-49.522408,-11.811614,0 -49.522331,-11.811594,0</coordinates></LineString></Placemark>
<Placemark><name>2902855</name><styleUrl>#styleDaimonCIRCUITO173TRECHO</styleUrl><LineString><coordinates>-49.522331,-11.811594,0 -49.522415,-11.811434,0</coordinates></LineString></Placemark>
<Placemark><name>3134288</name><styleUrl>#styleDaimonCIRCUITO173TRECHO</styleUrl><LineString><coordinates>-49.515750,-11.809614,0 -49.515676,-11.809267,0</coordinates></LineString></Placemark>
<Placemark><name>2902859</name><styleUrl>#styleDaimonCIRCUITO173TRECHO</styleUrl><LineString><coordinates>-49.522224,-11.811739,0 -49.522104,-11.811957,0</coordinates></LineString></Placemark>
<Placemark><name>2594946</name><styleUrl>#styleDaimonCIRCUITO173TRECHO</styleUrl><LineString><coordinates>-49.522751,-11.811711,0 -49.522408,-11.811614,0</coordinates></LineString></Placemark>
<Placemark><name>3134482</name><styleUrl>#styleDaimonCIRCUITO173TRECHO</styleUrl><LineString><coordinates>-49.515676,-11.809267,0 -49.515607,-11.808917,0</coordinates></LineString></Placemark>
<Placemark><name>2902858</name><styleUrl>#styleDaimonCIRCUITO173TRECHO</styleUrl><LineString><coordinates>-49.522104,-11.811957,0 -49.521969,-11.812199,0</coordinates></LineString></Placemark>
<Placemark><name>2594947</name><styleUrl>#styleDaimonCIRCUITO173TRECHO</styleUrl><LineString><coordinates>-49.523051,-11.811796,0 -49.522751,-11.811711,0</coordinates></LineString></Placemark>
<Placemark><name>3134483</name><styleUrl>#styleDaimonCIRCUITO173TRECHO</styleUrl><LineString><coordinates>-49.515607,-11.808917,0 -49.515544,-11.808572,0</coordinates></LineString></Placemark>
<Placemark><name>2594948</name><styleUrl>#styleDaimonCIRCUITO173TRECHO</styleUrl><LineString><coordinates>-49.523343,-11.811880,0 -49.523051,-11.811796,0</coordinates></LineString></Placemark>
<Placemark><name>2594949</name><styleUrl>#styleDaimonCIRCUITO173TRECHO</styleUrl><LineString><coordinates>-49.523674,-11.811972,0 -49.523343,-11.811880,0</coordinates></LineString></Placemark>
<Placemark><name>2594950</name><styleUrl>#styleDaimonCIRCUITO173TRECHO</styleUrl><LineString><coordinates>-49.523990,-11.812070,0 -49.523674,-11.811972,0</coordinates></LineString></Placemark>
<Placemark><name>2597028</name><styleUrl>#styleDaimonCIRCUITO173TRECHO</styleUrl><LineString><coordinates>-49.526340,-11.814749,0 -49.526633,-11.815281,0</coordinates></LineString></Placemark>
<Placemark><name>2597027</name><styleUrl>#styleDaimonCIRCUITO173TRECHO</styleUrl><LineString><coordinates>-49.526633,-11.815281,0 -49.526694,-11.815394,0</coordinates></LineString></Placemark>
<Placemark><name>2951483</name><styleUrl>#styleDaimonCIRCUITO173TRECHO</styleUrl><LineString><coordinates>-49.526180,-11.814456,0 -49.526340,-11.814749,0</coordinates></LineString></Placemark>
<Placemark><name>2821404</name><styleUrl>#styleDaimonCIRCUITO173TRECHO</styleUrl><LineString><coordinates>-49.526694,-11.815394,0 -49.526802,-11.815335,0</coordinates></LineString></Placemark>
<Placemark><name>2595566</name><styleUrl>#styleDaimonCIRCUITO173TRECHO</styleUrl><LineString><coordinates>-49.526694,-11.815394,0 -49.526557,-11.815461,0</coordinates></LineString></Placemark>
<Placemark><name>2595565</name><styleUrl>#styleDaimonCIRCUITO173TRECHO</styleUrl><LineString><coordinates>-49.526694,-11.815394,0 -49.526823,-11.815635,0</coordinates></LineString></Placemark>
<Placemark><name>2951484</name><styleUrl>#styleDaimonCIRCUITO173TRECHO</styleUrl><LineString><coordinates>-49.526021,-11.814177,0 -49.526180,-11.814456,0</coordinates></LineString></Placemark>
<Placemark><name>2838083</name><styleUrl>#styleDaimonCIRCUITO173TRECHO</styleUrl><LineString><coordinates>-49.526557,-11.815461,0 -49.526254,-11.815615,0</coordinates></LineString></Placemark>
<Placemark><name>2597026</name><styleUrl>#styleDaimonCIRCUITO173TRECHO</styleUrl><LineString><coordinates>-49.525928,-11.814008,0 -49.526021,-11.814177,0</coordinates></LineString></Placemark>
<Placemark><name>2838082</name><styleUrl>#styleDaimonCIRCUITO173TRECHO</styleUrl><LineString><coordinates>-49.526254,-11.815615,0 -49.525908,-11.815795,0</coordinates></LineString></Placemark>
<Placemark><name>12072799</name><styleUrl>#styleDaimonCIRCUITO173TRECHO</styleUrl><LineString><coordinates>-49.525911,-11.813979,0 -49.525928,-11.814008,0</coordinates></LineString></Placemark>
<Placemark><name>24048656</name><styleUrl>#styleDaimonCIRCUITO173TRECHO</styleUrl><LineString><coordinates>-49.525908,-11.815795,0 -49.525749,-11.815875,0</coordinates></LineString></Placemark>
<Placemark><name>3434533</name><styleUrl>#styleDaimonCIRCUITO173TRECHO</styleUrl><LineString><coordinates>-49.524977,-11.813389,0 -49.525911,-11.813979,0</coordinates></LineString></Placemark>
<Placemark><name>24048625</name><styleUrl>#styleDaimonCIRCUITO173TRECHO</styleUrl><LineString><coordinates>-49.525749,-11.815875,0 -49.525874,-11.816112,0</coordinates></LineString></Placemark>
<Placemark><name>2932252</name><styleUrl>#styleDaimonCIRCUITO173TRECHO</styleUrl><LineString><coordinates>-49.525749,-11.815875,0 -49.525557,-11.815972,0</coordinates></LineString></Placemark>
<Placemark><name>24048615</name><styleUrl>#styleDaimonCIRCUITO173TRECHO</styleUrl><LineString><coordinates>-49.525749,-11.815875,0 -49.525707,-11.815793,0</coordinates></LineString></Placemark>
<Placemark><name>12077995</name><styleUrl>#styleDaimonCIRCUITO173TRECHO</styleUrl><LineString><coordinates>-49.524942,-11.813377,0 -49.524977,-11.813389,0</coordinates></LineString></Placemark>
<Placemark><name>2932253</name><styleUrl>#styleDaimonCIRCUITO173TRECHO</styleUrl><LineString><coordinates>-49.525557,-11.815972,0 -49.525228,-11.816140,0</coordinates></LineString></Placemark>
<Placemark><name>3139461</name><styleUrl>#styleDaimonCIRCUITO173TRECHO</styleUrl><LineString><coordinates>-49.524674,-11.813092,0 -49.524942,-11.813377,0</coordinates></LineString></Placemark>
<Placemark><name>2932436</name><styleUrl>#styleDaimonCIRCUITO173TRECHO</styleUrl><LineString><coordinates>-49.525228,-11.816140,0 -49.524881,-11.816308,0</coordinates></LineString></Placemark>
<Placemark><name>3139460</name><styleUrl>#styleDaimonCIRCUITO173TRECHO</styleUrl><LineString><coordinates>-49.524272,-11.812980,0 -49.524674,-11.813092,0</coordinates></LineString></Placemark>
<Placemark><name>2932437</name><styleUrl>#styleDaimonCIRCUITO173TRECHO</styleUrl><LineString><coordinates>-49.524881,-11.816308,0 -49.524555,-11.816470,0</coordinates></LineString></Placemark>
<Placemark><name>3139459</name><styleUrl>#styleDaimonCIRCUITO173TRECHO</styleUrl><LineString><coordinates>-49.524016,-11.812909,0 -49.524272,-11.812980,0</coordinates></LineString></Placemark>
<Placemark><name>3434527</name><styleUrl>#styleDaimonCIRCUITO173TRECHO</styleUrl><LineString><coordinates>-49.524555,-11.816470,0 -49.524287,-11.816608,0</coordinates></LineString></Placemark>
<Placemark><name>3139458</name><styleUrl>#styleDaimonCIRCUITO173TRECHO</styleUrl><LineString><coordinates>-49.523752,-11.812835,0 -49.524016,-11.812909,0</coordinates></LineString></Placemark>
<Placemark><name>12077994</name><styleUrl>#styleDaimonCIRCUITO173TRECHO</styleUrl><LineString><coordinates>-49.524287,-11.816608,0 -49.524254,-11.816628,0</coordinates></LineString></Placemark>
<Placemark><name>2745383</name><styleUrl>#styleDaimonCIRCUITO173TRECHO</styleUrl><LineString><coordinates>-49.524254,-11.816628,0 -49.524020,-11.816738,0</coordinates></LineString></Placemark>
<Placemark><name>24048367</name><styleUrl>#styleDaimonCIRCUITO173TRECHO</styleUrl><LineString><coordinates>-49.524020,-11.816738,0 -49.523929,-11.816784,0</coordinates></LineString></Placemark>
<Placemark><name>24048355</name><styleUrl>#styleDaimonCIRCUITO173TRECHO</styleUrl><LineString><coordinates>-49.523929,-11.816784,0 -49.524039,-11.816992,0</coordinates></LineString></Placemark>
<Placemark><name>24048345</name><styleUrl>#styleDaimonCIRCUITO173TRECHO</styleUrl><LineString><coordinates>-49.523929,-11.816784,0 -49.523874,-11.816677,0</coordinates></LineString></Placemark>
<Placemark><name>2821405</name><styleUrl>#styleDaimonCIRCUITO173TRECHO</styleUrl><LineString><coordinates>-49.523929,-11.816784,0 -49.523687,-11.816904,0</coordinates></LineString></Placemark>
<Placemark><name>2597029</name><styleUrl>#styleDaimonCIRCUITO173TRECHO</styleUrl><LineString><coordinates>-49.523687,-11.816904,0 -49.523350,-11.817070,0</coordinates></LineString></Placemark>
<Placemark><name>3434811</name><styleUrl>#styleDaimonCIRCUITO173TRECHO</styleUrl><LineString><coordinates>-49.523350,-11.817070,0 -49.523035,-11.817235,0</coordinates></LineString></Placemark>
<Placemark><name>2820562</name><styleUrl>#styleDaimonCIRCUITO173TRECHO</styleUrl><LineString><coordinates>-49.523035,-11.817235,0 -49.522744,-11.817379,0</coordinates></LineString></Placemark>
<Placemark><name>3141503</name><styleUrl>#styleDaimonCIRCUITO173TRECHO</styleUrl><LineString><coordinates>-49.522744,-11.817379,0 -49.522453,-11.817524,0</coordinates></LineString></Placemark>
<Placemark><name>3141504</name><styleUrl>#styleDaimonCIRCUITO173TRECHO</styleUrl><LineString><coordinates>-49.522453,-11.817524,0 -49.522164,-11.817662,0</coordinates></LineString></Placemark>
<Placemark><name>3141505</name><styleUrl>#styleDaimonCIRCUITO173TRECHO</styleUrl><LineString><coordinates>-49.522164,-11.817662,0 -49.522053,-11.817720,0</coordinates></LineString></Placemark>
<Placemark><name>2745555</name><styleUrl>#styleDaimonCIRCUITO173TRECHO</styleUrl><LineString><coordinates>-49.522053,-11.817720,0 -49.522022,-11.817660,0</coordinates></LineString></Placemark>
<Placemark><name>3142537</name><styleUrl>#styleDaimonCIRCUITO173TRECHO</styleUrl><LineString><coordinates>-49.522053,-11.817720,0 -49.522187,-11.817990,0</coordinates></LineString></Placemark>
<Placemark><name>2745384</name><styleUrl>#styleDaimonCIRCUITO173TRECHO</styleUrl><LineString><coordinates>-49.522053,-11.817720,0 -49.521854,-11.817815,0</coordinates></LineString></Placemark>
<Placemark><name>3142536</name><styleUrl>#styleDaimonCIRCUITO173TRECHO</styleUrl><LineString><coordinates>-49.521854,-11.817815,0 -49.521524,-11.817956,0</coordinates></LineString></Placemark>
<Placemark><name>3141499</name><styleUrl>#styleDaimonCIRCUITO173TRECHO</styleUrl><LineString><coordinates>-49.521524,-11.817956,0 -49.521269,-11.818060,0</coordinates></LineString></Placemark>
<Placemark><name>3141500</name><styleUrl>#styleDaimonCIRCUITO173TRECHO</styleUrl><LineString><coordinates>-49.521269,-11.818060,0 -49.520965,-11.818189,0</coordinates></LineString></Placemark>
<Placemark><name>3141501</name><styleUrl>#styleDaimonCIRCUITO173TRECHO</styleUrl><LineString><coordinates>-49.520965,-11.818189,0 -49.520593,-11.818345,0</coordinates></LineString></Placemark>
<Placemark><name>3141502</name><styleUrl>#styleDaimonCIRCUITO173TRECHO</styleUrl><LineString><coordinates>-49.520593,-11.818345,0 -49.520312,-11.818468,0</coordinates></LineString></Placemark>
<Placemark><name>2820831</name><styleUrl>#styleDaimonCIRCUITO173TRECHO</styleUrl><LineString><coordinates>-49.520312,-11.818468,0 -49.520054,-11.818571,0</coordinates></LineString></Placemark>
<Placemark><name>3141828</name><styleUrl>#styleDaimonCIRCUITO173TRECHO</styleUrl><LineString><coordinates>-49.520054,-11.818571,0 -49.519786,-11.818667,0</coordinates></LineString></Placemark>
<Placemark><name>3141827</name><styleUrl>#styleDaimonCIRCUITO173TRECHO</styleUrl><LineString><coordinates>-49.519786,-11.818667,0 -49.519433,-11.818747,0</coordinates></LineString></Placemark>
<Placemark><name>3141826</name><styleUrl>#styleDaimonCIRCUITO173TRECHO</styleUrl><LineString><coordinates>-49.519433,-11.818747,0 -49.519031,-11.818842,0</coordinates></LineString></Placemark>
<Placemark><name>3142535</name><styleUrl>#styleDaimonCIRCUITO173TRECHO</styleUrl><LineString><coordinates>-49.519031,-11.818842,0 -49.518709,-11.818916,0</coordinates></LineString></Placemark>
<Placemark><name>3141679</name><styleUrl>#styleDaimonCIRCUITO173TRECHO</styleUrl><LineString><coordinates>-49.518709,-11.818916,0 -49.518443,-11.818980,0</coordinates></LineString></Placemark>
<Placemark><name>3142698</name><styleUrl>#styleDaimonCIRCUITO173TRECHO</styleUrl><LineString><coordinates>-49.518443,-11.818980,0 -49.518381,-11.818991,0</coordinates></LineString></Placemark>
<Placemark><name>3141678</name><styleUrl>#styleDaimonCIRCUITO173TRECHO</styleUrl><LineString><coordinates>-49.518381,-11.818991,0 -49.518146,-11.819045,0</coordinates></LineString></Placemark>
<Placemark><name>3142697</name><styleUrl>#styleDaimonCIRCUITO173TRECHO</styleUrl><LineString><coordinates>-49.518381,-11.818991,0 -49.518350,-11.818844,0</coordinates></LineString></Placemark>
<Placemark><name>3142539</name><styleUrl>#styleDaimonCIRCUITO173TRECHO</styleUrl><LineString><coordinates>-49.518381,-11.818991,0 -49.518436,-11.819223,0</coordinates></LineString></Placemark>
<Placemark><name>2820830</name><styleUrl>#styleDaimonCIRCUITO173TRECHO</styleUrl><LineString><coordinates>-49.518146,-11.819045,0 -49.517828,-11.819099,0</coordinates></LineString></Placemark>
<Placemark><name>3152332</name><styleUrl>#styleDaimonCIRCUITO173TRECHO</styleUrl><LineString><coordinates>-49.517828,-11.819099,0 -49.517532,-11.819132,0</coordinates></LineString></Placemark>
<Placemark><name>3151935</name><styleUrl>#styleDaimonCIRCUITO173TRECHO</styleUrl><LineString><coordinates>-49.517532,-11.819132,0 -49.517282,-11.819171,0</coordinates></LineString></Placemark>
<Placemark><name>3151934</name><styleUrl>#styleDaimonCIRCUITO173TRECHO</styleUrl><LineString><coordinates>-49.517282,-11.819171,0 -49.517007,-11.819209,0</coordinates></LineString></Placemark>
<Placemark><name>3141576</name><styleUrl>#styleDaimonCIRCUITO173TRECHO</styleUrl><LineString><coordinates>-49.517007,-11.819209,0 -49.516990,-11.819100,0</coordinates></LineString></Placemark>
<Placemark><name>3142358</name><styleUrl>#styleDaimonCIRCUITO173TRECHO</styleUrl><LineString><coordinates>-49.517007,-11.819209,0 -49.516809,-11.819234,0</coordinates></LineString></Placemark>
<Placemark><name>3142359</name><styleUrl>#styleDaimonCIRCUITO173TRECHO</styleUrl><LineString><coordinates>-49.517007,-11.819209,0 -49.517038,-11.819450,0</coordinates></LineString></Placemark>
<Placemark><name>3151933</name><styleUrl>#styleDaimonCIRCUITO173TRECHO</styleUrl><LineString><coordinates>-49.516809,-11.819234,0 -49.516447,-11.819270,0</coordinates></LineString></Placemark>
<Placemark><name>3151932</name><styleUrl>#styleDaimonCIRCUITO173TRECHO</styleUrl><LineString><coordinates>-49.516447,-11.819270,0 -49.516089,-11.819307,0</coordinates></LineString></Placemark>
<Placemark><name>2932767</name><styleUrl>#styleDaimonCIRCUITO173TRECHO</styleUrl><LineString><coordinates>-49.516089,-11.819307,0 -49.515652,-11.819350,0</coordinates></LineString></Placemark>
<Placemark><name>3142725</name><styleUrl>#styleDaimonCIRCUITO173TRECHO</styleUrl><LineString><coordinates>-49.515652,-11.819350,0 -49.515352,-11.819384,0</coordinates></LineString></Placemark>
<Placemark><name>3434532</name><styleUrl>#styleDaimonCIRCUITO173TRECHO</styleUrl><LineString><coordinates>-49.523463,-11.808688,0 -49.523020,-11.808567,0</coordinates></LineString></Placemark>
<Placemark><name>3449094</name><styleUrl>#styleDaimonCIRCUITO173TRECHO</styleUrl><LineString><coordinates>-49.523892,-11.808811,0 -49.523463,-11.808688,0</coordinates></LineString></Placemark>
<Placemark><name>3449093</name><styleUrl>#styleDaimonCIRCUITO173TRECHO</styleUrl><LineString><coordinates>-49.524267,-11.808920,0 -49.523892,-11.808811,0</coordinates></LineString></Placemark>
<Placemark><name>2596229</name><styleUrl>#styleDaimonCIRCUITO173TRECHO</styleUrl><LineString><coordinates>-49.524671,-11.809040,0 -49.524267,-11.808920,0</coordinates></LineString></Placemark>
<Placemark><name>2683234</name><styleUrl>#styleDaimonCIRCUITO173TRECHO</styleUrl><LineString><coordinates>-49.480254,-11.918593,0 -49.480356,-11.918828,0</coordinates></LineString></Placemark>
<Placemark><name>2540013</name><styleUrl>#styleDaimonCIRCUITO173TRECHO</styleUrl><LineString><coordinates>-49.488808,-11.901356,0 -49.487694,-11.901537,0</coordinates></LineString></Placemark>
<Placemark><name>2792079</name><styleUrl>#styleDaimonCIRCUITO173TRECHO</styleUrl><LineString><coordinates>-49.465272,-11.926824,0 -49.463663,-11.926513,0</coordinates></LineString></Placemark>
<Placemark><name>2791973</name><styleUrl>#styleDaimonCIRCUITO173TRECHO</styleUrl><LineString><coordinates>-49.466276,-11.927069,0 -49.465272,-11.926824,0</coordinates></LineString></Placemark>
<Placemark><name>67983106</name><styleUrl>#styleDaimonCIRCUITO173TRECHO</styleUrl><LineString><coordinates>-49.463663,-11.926513,0 -49.462710,-11.926344,0</coordinates></LineString></Placemark>
<Placemark><name>2791972</name><styleUrl>#styleDaimonCIRCUITO173TRECHO</styleUrl><LineString><coordinates>-49.467333,-11.927372,0 -49.466276,-11.927069,0</coordinates></LineString></Placemark>
<Placemark><name>23690207</name><styleUrl>#styleDaimonCIRCUITO173TRECHO</styleUrl><LineString><coordinates>-49.462710,-11.926344,0 -49.462696,-11.926341,0</coordinates></LineString></Placemark>
<Placemark><name>12077299</name><styleUrl>#styleDaimonCIRCUITO173TRECHO</styleUrl><LineString><coordinates>-49.467377,-11.927368,0 -49.467333,-11.927372,0</coordinates></LineString></Placemark>
<Placemark><name>67983132</name><styleUrl>#styleDaimonCIRCUITO173TRECHO</styleUrl><LineString><coordinates>-49.462696,-11.926341,0 -49.462169,-11.926241,0</coordinates></LineString></Placemark>
<Placemark><name>2791971</name><styleUrl>#styleDaimonCIRCUITO173TRECHO</styleUrl><LineString><coordinates>-49.468130,-11.926999,0 -49.467377,-11.927368,0</coordinates></LineString></Placemark>
<Placemark><name>2792078</name><styleUrl>#styleDaimonCIRCUITO173TRECHO</styleUrl><LineString><coordinates>-49.469213,-11.926324,0 -49.468130,-11.926999,0</coordinates></LineString></Placemark>
<Placemark><name>2791970</name><styleUrl>#styleDaimonCIRCUITO173TRECHO</styleUrl><LineString><coordinates>-49.470320,-11.925581,0 -49.469213,-11.926324,0</coordinates></LineString></Placemark>
<Placemark><name>2745564</name><styleUrl>#styleDaimonCIRCUITO173TRECHO</styleUrl><LineString><coordinates>-49.471683,-11.924710,0 -49.470320,-11.925581,0</coordinates></LineString></Placemark>
<Placemark><name>2791969</name><styleUrl>#styleDaimonCIRCUITO173TRECHO</styleUrl><LineString><coordinates>-49.472865,-11.923987,0 -49.471683,-11.924710,0</coordinates></LineString></Placemark>
<Placemark><name>2791968</name><styleUrl>#styleDaimonCIRCUITO173TRECHO</styleUrl><LineString><coordinates>-49.473952,-11.923318,0 -49.472865,-11.923987,0</coordinates></LineString></Placemark>
<Placemark><name>12077298</name><styleUrl>#styleDaimonCIRCUITO173TRECHO</styleUrl><LineString><coordinates>-49.473985,-11.923298,0 -49.473952,-11.923318,0</coordinates></LineString></Placemark>
<Placemark><name>2791967</name><styleUrl>#styleDaimonCIRCUITO173TRECHO</styleUrl><LineString><coordinates>-49.475024,-11.922629,0 -49.473985,-11.923298,0</coordinates></LineString></Placemark>
<Placemark><name>2791966</name><styleUrl>#styleDaimonCIRCUITO173TRECHO</styleUrl><LineString><coordinates>-49.476080,-11.921998,0 -49.475024,-11.922629,0</coordinates></LineString></Placemark>
<Placemark><name>2791965</name><styleUrl>#styleDaimonCIRCUITO173TRECHO</styleUrl><LineString><coordinates>-49.477314,-11.921254,0 -49.476080,-11.921998,0</coordinates></LineString></Placemark>
<Placemark><name>2791964</name><styleUrl>#styleDaimonCIRCUITO173TRECHO</styleUrl><LineString><coordinates>-49.478199,-11.920239,0 -49.477314,-11.921254,0</coordinates></LineString></Placemark>
<Placemark><name>2791963</name><styleUrl>#styleDaimonCIRCUITO173TRECHO</styleUrl><LineString><coordinates>-49.478871,-11.919187,0 -49.478199,-11.920239,0</coordinates></LineString></Placemark>
<Placemark><name>2826203</name><styleUrl>#styleDaimonCIRCUITO173TRECHO</styleUrl><LineString><coordinates>-49.489759,-11.900815,0 -49.488477,-11.900821,0</coordinates></LineString></Placemark>
<Placemark><name>2826204</name><styleUrl>#styleDaimonCIRCUITO173TRECHO</styleUrl><LineString><coordinates>-49.488477,-11.900821,0 -49.487284,-11.900599,0</coordinates></LineString></Placemark>
<Placemark><name>12030040</name><styleUrl>#styleDaimonCIRCUITO173TRECHO</styleUrl><LineString><coordinates>-49.489771,-11.900831,0 -49.489759,-11.900815,0</coordinates></LineString></Placemark>
<Placemark><name>2826205</name><styleUrl>#styleDaimonCIRCUITO173TRECHO</styleUrl><LineString><coordinates>-49.487284,-11.900599,0 -49.486020,-11.900517,0</coordinates></LineString></Placemark>
<Placemark><name>3606684</name><styleUrl>#styleDaimonCIRCUITO173TRECHO</styleUrl><LineString><coordinates>-49.489799,-11.901064,0 -49.489771,-11.900831,0</coordinates></LineString></Placemark>
<Placemark><name>2826206</name><styleUrl>#styleDaimonCIRCUITO173TRECHO</styleUrl><LineString><coordinates>-49.486020,-11.900517,0 -49.484618,-11.900373,0</coordinates></LineString></Placemark>
<Placemark><name>2826207</name><styleUrl>#styleDaimonCIRCUITO173TRECHO</styleUrl><LineString><coordinates>-49.484618,-11.900373,0 -49.483473,-11.900281,0</coordinates></LineString></Placemark>
<Placemark><name>2826208</name><styleUrl>#styleDaimonCIRCUITO173TRECHO</styleUrl><LineString><coordinates>-49.483473,-11.900281,0 -49.482417,-11.900826,0</coordinates></LineString></Placemark>
<Placemark><name>2826209</name><styleUrl>#styleDaimonCIRCUITO173TRECHO</styleUrl><LineString><coordinates>-49.482417,-11.900826,0 -49.481030,-11.901489,0</coordinates></LineString></Placemark>
<Placemark><name>2826210</name><styleUrl>#styleDaimonCIRCUITO173TRECHO</styleUrl><LineString><coordinates>-49.481030,-11.901489,0 -49.479753,-11.901785,0</coordinates></LineString></Placemark>
<Placemark><name>2826211</name><styleUrl>#styleDaimonCIRCUITO173TRECHO</styleUrl><LineString><coordinates>-49.479753,-11.901785,0 -49.478451,-11.902322,0</coordinates></LineString></Placemark>
<Placemark><name>2826212</name><styleUrl>#styleDaimonCIRCUITO173TRECHO</styleUrl><LineString><coordinates>-49.478451,-11.902322,0 -49.477175,-11.902806,0</coordinates></LineString></Placemark>
<Placemark><name>2826213</name><styleUrl>#styleDaimonCIRCUITO173TRECHO</styleUrl><LineString><coordinates>-49.477175,-11.902806,0 -49.475886,-11.903274,0</coordinates></LineString></Placemark>
<Placemark><name>2826214</name><styleUrl>#styleDaimonCIRCUITO173TRECHO</styleUrl><LineString><coordinates>-49.475886,-11.903274,0 -49.474607,-11.903755,0</coordinates></LineString></Placemark>
<Placemark><name>2826215</name><styleUrl>#styleDaimonCIRCUITO173TRECHO</styleUrl><LineString><coordinates>-49.474607,-11.903755,0 -49.473320,-11.904289,0</coordinates></LineString></Placemark>
<Placemark><name>2826463</name><styleUrl>#styleDaimonCIRCUITO173TRECHO</styleUrl><LineString><coordinates>-49.473320,-11.904289,0 -49.471868,-11.904880,0</coordinates></LineString></Placemark>
<Placemark><name>12030041</name><styleUrl>#styleDaimonCIRCUITO173TRECHO</styleUrl><LineString><coordinates>-49.471868,-11.904880,0 -49.471843,-11.904893,0</coordinates></LineString></Placemark>
<Placemark><name>2826464</name><styleUrl>#styleDaimonCIRCUITO173TRECHO</styleUrl><LineString><coordinates>-49.471843,-11.904893,0 -49.470631,-11.905427,0</coordinates></LineString></Placemark>
<Placemark><name>2826465</name><styleUrl>#styleDaimonCIRCUITO173TRECHO</styleUrl><LineString><coordinates>-49.470631,-11.905427,0 -49.469363,-11.905965,0</coordinates></LineString></Placemark>
<Placemark><name>12029719</name><styleUrl>#styleDaimonCIRCUITO173TRECHO</styleUrl><LineString><coordinates>-49.469363,-11.905965,0 -49.469337,-11.905984,0</coordinates></LineString></Placemark>
<Placemark><name>3666449</name><styleUrl>#styleDaimonCIRCUITO173TRECHO</styleUrl><LineString><coordinates>-49.469363,-11.905965,0 -49.469350,-11.905969,0</coordinates></LineString></Placemark>
<Placemark><name>3152336</name><styleUrl>#styleDaimonCIRCUITO173TRECHO</styleUrl><LineString><coordinates>-49.469337,-11.905984,0 -49.467986,-11.906794,0</coordinates></LineString></Placemark>
<Placemark><name>2539484</name><styleUrl>#styleDaimonCIRCUITO173TRECHO</styleUrl><LineString><coordinates>-49.504148,-11.905644,0 -49.504723,-11.905709,0</coordinates></LineString></Placemark>
<Placemark><name>2539557</name><styleUrl>#styleDaimonCIRCUITO173TRECHO</styleUrl><LineString><coordinates>-49.524049,-11.929445,0 -49.524432,-11.929512,0</coordinates></LineString></Placemark>
<Placemark><name>2817806</name><styleUrl>#styleDaimonCIRCUITO173TRECHO</styleUrl><LineString><coordinates>-49.514013,-11.927123,0 -49.513202,-11.927471,0</coordinates></LineString></Placemark>
<Placemark><name>2593299</name><styleUrl>#styleDaimonCIRCUITO173TRECHO</styleUrl><LineString><coordinates>-49.516304,-11.813150,0 -49.516350,-11.813537,0</coordinates></LineString></Placemark>
<Placemark><name>2712251</name><styleUrl>#styleDaimonCIRCUITO173TRECHO</styleUrl><LineString><coordinates>-49.516350,-11.813537,0 -49.516373,-11.813735,0</coordinates></LineString></Placemark>
<Placemark><name>3142646</name><styleUrl>#styleDaimonCIRCUITO173TRECHO</styleUrl><LineString><coordinates>-49.516253,-11.812777,0 -49.516304,-11.813150,0</coordinates></LineString></Placemark>
<Placemark><name>2712250</name><styleUrl>#styleDaimonCIRCUITO173TRECHO</styleUrl><LineString><coordinates>-49.516373,-11.813735,0 -49.516391,-11.813885,0</coordinates></LineString></Placemark>
<Placemark><name>3443105</name><styleUrl>#styleDaimonCIRCUITO173TRECHO</styleUrl><LineString><coordinates>-49.516215,-11.812420,0 -49.516253,-11.812777,0</coordinates></LineString></Placemark>
<Placemark><name>2816721</name><styleUrl>#styleDaimonCIRCUITO173TRECHO</styleUrl><LineString><coordinates>-49.516391,-11.813885,0 -49.516426,-11.814184,0</coordinates></LineString></Placemark>
<Placemark><name>3443106</name><styleUrl>#styleDaimonCIRCUITO173TRECHO</styleUrl><LineString><coordinates>-49.516222,-11.812090,0 -49.516215,-11.812420,0</coordinates></LineString></Placemark>
<Placemark><name>2816722</name><styleUrl>#styleDaimonCIRCUITO173TRECHO</styleUrl><LineString><coordinates>-49.516426,-11.814184,0 -49.516463,-11.814513,0</coordinates></LineString></Placemark>
<Placemark><name>3443107</name><styleUrl>#styleDaimonCIRCUITO173TRECHO</styleUrl><LineString><coordinates>-49.516190,-11.811829,0 -49.516222,-11.812090,0</coordinates></LineString></Placemark>
<Placemark><name>2769983</name><styleUrl>#styleDaimonCIRCUITO173TRECHO</styleUrl><LineString><coordinates>-49.516463,-11.814513,0 -49.516487,-11.814750,0</coordinates></LineString></Placemark>
<Placemark><name>3449278</name><styleUrl>#styleDaimonCIRCUITO173TRECHO</styleUrl><LineString><coordinates>-49.516133,-11.811501,0 -49.516190,-11.811829,0</coordinates></LineString></Placemark>
<Placemark><name>2770905</name><styleUrl>#styleDaimonCIRCUITO173TRECHO</styleUrl><LineString><coordinates>-49.516487,-11.814750,0 -49.516507,-11.814982,0</coordinates></LineString></Placemark>
<Placemark><name>3443109</name><styleUrl>#styleDaimonCIRCUITO173TRECHO</styleUrl><LineString><coordinates>-49.516108,-11.811362,0 -49.516133,-11.811501,0</coordinates></LineString></Placemark>
<Placemark><name>2770906</name><styleUrl>#styleDaimonCIRCUITO173TRECHO</styleUrl><LineString><coordinates>-49.516507,-11.814982,0 -49.516559,-11.815366,0</coordinates></LineString></Placemark>
<Placemark><name>T_0358247052</name><styleUrl>#styleDaimonCIRCUITO173TRECHO</styleUrl><LineString><coordinates>-49.516106,-11.811344,0 -49.516108,-11.811362,0</coordinates></LineString></Placemark>
<Placemark><name>2595189</name><styleUrl>#styleDaimonCIRCUITO173TRECHO</styleUrl><LineString><coordinates>-49.516559,-11.815366,0 -49.516604,-11.815736,0</coordinates></LineString></Placemark>
<Placemark><name>28851566</name><styleUrl>#styleDaimonCIRCUITO173TRECHO</styleUrl><LineString><coordinates>-49.516075,-11.811176,0 -49.516106,-11.811344,0</coordinates></LineString></Placemark>
<Placemark><name>2595191</name><styleUrl>#styleDaimonCIRCUITO173TRECHO</styleUrl><LineString><coordinates>-49.516604,-11.815736,0 -49.516626,-11.815876,0</coordinates></LineString></Placemark>
<Placemark><name>2745382</name><styleUrl>#styleDaimonCIRCUITO173TRECHO</styleUrl><LineString><coordinates>-49.515982,-11.810876,0 -49.516075,-11.811176,0</coordinates></LineString></Placemark>
<Placemark><name>2595190</name><styleUrl>#styleDaimonCIRCUITO173TRECHO</styleUrl><LineString><coordinates>-49.516626,-11.815876,0 -49.516649,-11.816057,0</coordinates></LineString></Placemark>
<Placemark><name>2595192</name><styleUrl>#styleDaimonCIRCUITO173TRECHO</styleUrl><LineString><coordinates>-49.516626,-11.815876,0 -49.516489,-11.815884,0</coordinates></LineString></Placemark>
<Placemark><name>2596971</name><styleUrl>#styleDaimonCIRCUITO173TRECHO</styleUrl><LineString><coordinates>-49.516626,-11.815876,0 -49.516828,-11.815857,0</coordinates></LineString></Placemark>
<Placemark><name>3443108</name><styleUrl>#styleDaimonCIRCUITO173TRECHO</styleUrl><LineString><coordinates>-49.515920,-11.810544,0 -49.515982,-11.810876,0</coordinates></LineString></Placemark>
<Placemark><name>2596970</name><styleUrl>#styleDaimonCIRCUITO173TRECHO</styleUrl><LineString><coordinates>-49.516489,-11.815884,0 -49.516145,-11.815919,0</coordinates></LineString></Placemark>
<Placemark><name>3443317</name><styleUrl>#styleDaimonCIRCUITO173TRECHO</styleUrl><LineString><coordinates>-49.515868,-11.810264,0 -49.515920,-11.810544,0</coordinates></LineString></Placemark>
<Placemark><name>2596969</name><styleUrl>#styleDaimonCIRCUITO173TRECHO</styleUrl><LineString><coordinates>-49.516145,-11.815919,0 -49.515791,-11.815963,0</coordinates></LineString></Placemark>
<Placemark><name>3443316</name><styleUrl>#styleDaimonCIRCUITO173TRECHO</styleUrl><LineString><coordinates>-49.515823,-11.810000,0 -49.515868,-11.810264,0</coordinates></LineString></Placemark>
<Placemark><name>2822868</name><styleUrl>#styleDaimonCIRCUITO173TRECHO</styleUrl><LineString><coordinates>-49.515791,-11.815963,0 -49.515445,-11.816003,0</coordinates></LineString></Placemark>
<Placemark><name>2822869</name><styleUrl>#styleDaimonCIRCUITO173TRECHO</styleUrl><LineString><coordinates>-49.515445,-11.816003,0 -49.515048,-11.816047,0</coordinates></LineString></Placemark>
<Placemark><name>2596973</name><styleUrl>#styleDaimonCIRCUITO173TRECHO</styleUrl><LineString><coordinates>-49.515048,-11.816047,0 -49.514687,-11.816082,0</coordinates></LineString></Placemark>
<Placemark><name>2596972</name><styleUrl>#styleDaimonCIRCUITO173TRECHO</styleUrl><LineString><coordinates>-49.514687,-11.816082,0 -49.514350,-11.816122,0</coordinates></LineString></Placemark>
<Placemark><name>2596974</name><styleUrl>#styleDaimonCIRCUITO173TRECHO</styleUrl><LineString><coordinates>-49.514350,-11.816122,0 -49.513845,-11.816174,0</coordinates></LineString></Placemark>
<Placemark><name>2595188</name><styleUrl>#styleDaimonCIRCUITO173TRECHO</styleUrl><LineString><coordinates>-49.513845,-11.816174,0 -49.513363,-11.816226,0</coordinates></LineString></Placemark>
<Placemark><name>2822870</name><styleUrl>#styleDaimonCIRCUITO173TRECHO</styleUrl><LineString><coordinates>-49.513363,-11.816226,0 -49.512980,-11.816264,0</coordinates></LineString></Placemark>
<Placemark><name>2595187</name><styleUrl>#styleDaimonCIRCUITO173TRECHO</styleUrl><LineString><coordinates>-49.512980,-11.816264,0 -49.512613,-11.816306,0</coordinates></LineString></Placemark>
<Placemark><name>2595186</name><styleUrl>#styleDaimonCIRCUITO173TRECHO</styleUrl><LineString><coordinates>-49.512613,-11.816306,0 -49.512148,-11.816359,0</coordinates></LineString></Placemark>
<Placemark><name>2596976</name><styleUrl>#styleDaimonCIRCUITO173TRECHO</styleUrl><LineString><coordinates>-49.512148,-11.816359,0 -49.511676,-11.816409,0</coordinates></LineString></Placemark>
<Placemark><name>2596975</name><styleUrl>#styleDaimonCIRCUITO173TRECHO</styleUrl><LineString><coordinates>-49.511676,-11.816409,0 -49.511161,-11.816464,0</coordinates></LineString></Placemark>
<Placemark><name>12072229</name><styleUrl>#styleDaimonCIRCUITO173TRECHO</styleUrl><LineString><coordinates>-49.511161,-11.816464,0 -49.511127,-11.816465,0</coordinates></LineString></Placemark>
<Placemark><name>2738162</name><styleUrl>#styleDaimonCIRCUITO173TRECHO</styleUrl><LineString><coordinates>-49.511127,-11.816465,0 -49.510719,-11.816511,0</coordinates></LineString></Placemark>
<Placemark><name>2738163</name><styleUrl>#styleDaimonCIRCUITO173TRECHO</styleUrl><LineString><coordinates>-49.510719,-11.816511,0 -49.510308,-11.816560,0</coordinates></LineString></Placemark>
<Placemark><name>2738164</name><styleUrl>#styleDaimonCIRCUITO173TRECHO</styleUrl><LineString><coordinates>-49.510308,-11.816560,0 -49.509897,-11.816604,0</coordinates></LineString></Placemark>
<Placemark><name>2738165</name><styleUrl>#styleDaimonCIRCUITO173TRECHO</styleUrl><LineString><coordinates>-49.509897,-11.816604,0 -49.509488,-11.816653,0</coordinates></LineString></Placemark>
<Placemark><name>2738166</name><styleUrl>#styleDaimonCIRCUITO173TRECHO</styleUrl><LineString><coordinates>-49.509488,-11.816653,0 -49.509085,-11.816693,0</coordinates></LineString></Placemark>
<Placemark><name>2738167</name><styleUrl>#styleDaimonCIRCUITO173TRECHO</styleUrl><LineString><coordinates>-49.509085,-11.816693,0 -49.508774,-11.816731,0</coordinates></LineString></Placemark>
<Placemark><name>2738168</name><styleUrl>#styleDaimonCIRCUITO173TRECHO</styleUrl><LineString><coordinates>-49.508774,-11.816731,0 -49.508463,-11.816770,0</coordinates></LineString></Placemark>
<Placemark><name>2738169</name><styleUrl>#styleDaimonCIRCUITO173TRECHO</styleUrl><LineString><coordinates>-49.508463,-11.816770,0 -49.508152,-11.816806,0</coordinates></LineString></Placemark>
<Placemark><name>2738170</name><styleUrl>#styleDaimonCIRCUITO173TRECHO</styleUrl><LineString><coordinates>-49.508152,-11.816806,0 -49.507865,-11.816845,0</coordinates></LineString></Placemark>
<Placemark><name>2738352</name><styleUrl>#styleDaimonCIRCUITO173TRECHO</styleUrl><LineString><coordinates>-49.507865,-11.816845,0 -49.507886,-11.817004,0</coordinates></LineString></Placemark>
<Placemark><name>2738171</name><styleUrl>#styleDaimonCIRCUITO173TRECHO</styleUrl><LineString><coordinates>-49.507865,-11.816845,0 -49.507748,-11.816857,0</coordinates></LineString></Placemark>
<Placemark><name>2738353</name><styleUrl>#styleDaimonCIRCUITO173TRECHO</styleUrl><LineString><coordinates>-49.507865,-11.816845,0 -49.507832,-11.816628,0</coordinates></LineString></Placemark>
<Placemark><name>2738159</name><styleUrl>#styleDaimonCIRCUITO173TRECHO</styleUrl><LineString><coordinates>-49.507832,-11.816628,0 -49.507781,-11.816239,0</coordinates></LineString></Placemark>
<Placemark><name>2738160</name><styleUrl>#styleDaimonCIRCUITO173TRECHO</styleUrl><LineString><coordinates>-49.507781,-11.816239,0 -49.507736,-11.815853,0</coordinates></LineString></Placemark>
<Placemark><name>2738161</name><styleUrl>#styleDaimonCIRCUITO173TRECHO</styleUrl><LineString><coordinates>-49.507736,-11.815853,0 -49.507695,-11.815495,0</coordinates></LineString></Placemark>
<Placemark><name>3545966</name><styleUrl>#styleDaimonCIRCUITO173TRECHO</styleUrl><LineString><coordinates>-49.507695,-11.815495,0 -49.507646,-11.815067,0</coordinates></LineString></Placemark>
<Placemark><name>2738354</name><styleUrl>#styleDaimonCIRCUITO173TRECHO</styleUrl><LineString><coordinates>-49.507646,-11.815067,0 -49.507604,-11.814663,0</coordinates></LineString></Placemark>
<Placemark><name>3449095</name><styleUrl>#styleDaimonCIRCUITO173TRECHO</styleUrl><LineString><coordinates>-49.519717,-11.808888,0 -49.519752,-11.808518,0</coordinates></LineString></Placemark>
<Placemark><name>3154794</name><styleUrl>#styleDaimonCIRCUITO173TRECHO</styleUrl><LineString><coordinates>-49.519752,-11.808518,0 -49.519765,-11.808330,0</coordinates></LineString></Placemark>
<Placemark><name>2592797</name><styleUrl>#styleDaimonCIRCUITO173TRECHO</styleUrl><LineString><coordinates>-49.519652,-11.809197,0 -49.519717,-11.808888,0</coordinates></LineString></Placemark>
<Placemark><name>3154800</name><styleUrl>#styleDaimonCIRCUITO173TRECHO</styleUrl><LineString><coordinates>-49.519765,-11.808330,0 -49.519504,-11.808256,0</coordinates></LineString></Placemark>
<Placemark><name>3154797</name><styleUrl>#styleDaimonCIRCUITO173TRECHO</styleUrl><LineString><coordinates>-49.519765,-11.808330,0 -49.519835,-11.808351,0</coordinates></LineString></Placemark>
<Placemark><name>3154802</name><styleUrl>#styleDaimonCIRCUITO173TRECHO</styleUrl><LineString><coordinates>-49.519765,-11.808330,0 -49.519769,-11.808090,0</coordinates></LineString></Placemark>
<Placemark><name>2817490</name><styleUrl>#styleDaimonCIRCUITO173TRECHO</styleUrl><LineString><coordinates>-49.519476,-11.809481,0 -49.519652,-11.809197,0</coordinates></LineString></Placemark>
<Placemark><name>3154792</name><styleUrl>#styleDaimonCIRCUITO173TRECHO</styleUrl><LineString><coordinates>-49.519504,-11.808256,0 -49.519138,-11.808156,0</coordinates></LineString></Placemark>
<Placemark><name>3434528</name><styleUrl>#styleDaimonCIRCUITO173TRECHO</styleUrl><LineString><coordinates>-49.519769,-11.808090,0 -49.519776,-11.807843,0</coordinates></LineString></Placemark>
<Placemark><name>2592798</name><styleUrl>#styleDaimonCIRCUITO173TRECHO</styleUrl><LineString><coordinates>-49.519308,-11.809762,0 -49.519476,-11.809481,0</coordinates></LineString></Placemark>
<Placemark><name>3154795</name><styleUrl>#styleDaimonCIRCUITO173TRECHO</styleUrl><LineString><coordinates>-49.519138,-11.808156,0 -49.518786,-11.808053,0</coordinates></LineString></Placemark>
<Placemark><name>2679328</name><styleUrl>#styleDaimonCIRCUITO173TRECHO</styleUrl><LineString><coordinates>-49.519198,-11.809942,0 -49.519308,-11.809762,0</coordinates></LineString></Placemark>
<Placemark><name>3154803</name><styleUrl>#styleDaimonCIRCUITO173TRECHO</styleUrl><LineString><coordinates>-49.518786,-11.808053,0 -49.518441,-11.807954,0</coordinates></LineString></Placemark>
<Placemark><name>2592799</name><styleUrl>#styleDaimonCIRCUITO173TRECHO</styleUrl><LineString><coordinates>-49.519022,-11.810241,0 -49.519198,-11.809942,0</coordinates></LineString></Placemark>
<Placemark><name>3154798</name><styleUrl>#styleDaimonCIRCUITO173TRECHO</styleUrl><LineString><coordinates>-49.518441,-11.807954,0 -49.518106,-11.807863,0</coordinates></LineString></Placemark>
<Placemark><name>2592800</name><styleUrl>#styleDaimonCIRCUITO173TRECHO</styleUrl><LineString><coordinates>-49.518879,-11.810492,0 -49.519022,-11.810241,0</coordinates></LineString></Placemark>
<Placemark><name>3154801</name><styleUrl>#styleDaimonCIRCUITO173TRECHO</styleUrl><LineString><coordinates>-49.518106,-11.807863,0 -49.518062,-11.807852,0</coordinates></LineString></Placemark>
<Placemark><name>3154793</name><styleUrl>#styleDaimonCIRCUITO173TRECHO</styleUrl><LineString><coordinates>-49.518062,-11.807852,0 -49.517768,-11.807771,0</coordinates></LineString></Placemark>
<Placemark><name>3154804</name><styleUrl>#styleDaimonCIRCUITO173TRECHO</styleUrl><LineString><coordinates>-49.518062,-11.807852,0 -49.518045,-11.808116,0</coordinates></LineString></Placemark>
<Placemark><name>3154796</name><styleUrl>#styleDaimonCIRCUITO173TRECHO</styleUrl><LineString><coordinates>-49.518062,-11.807852,0 -49.518049,-11.807811,0</coordinates></LineString></Placemark>
<Placemark><name>3154799</name><styleUrl>#styleDaimonCIRCUITO173TRECHO</styleUrl><LineString><coordinates>-49.518045,-11.808116,0 -49.518034,-11.808425,0</coordinates></LineString></Placemark>
<Placemark><name>3141831</name><styleUrl>#styleDaimonCIRCUITO173TRECHO</styleUrl><LineString><coordinates>-49.518510,-11.819564,0 -49.518585,-11.819922,0</coordinates></LineString></Placemark>
<Placemark><name>3142538</name><styleUrl>#styleDaimonCIRCUITO173TRECHO</styleUrl><LineString><coordinates>-49.518585,-11.819922,0 -49.518655,-11.820229,0</coordinates></LineString></Placemark>
<Placemark><name>3141830</name><styleUrl>#styleDaimonCIRCUITO173TRECHO</styleUrl><LineString><coordinates>-49.518444,-11.819257,0 -49.518510,-11.819564,0</coordinates></LineString></Placemark>
<Placemark><name>3141829</name><styleUrl>#styleDaimonCIRCUITO173TRECHO</styleUrl><LineString><coordinates>-49.518655,-11.820229,0 -49.518726,-11.820551,0</coordinates></LineString></Placemark>
<Placemark><name>24048078</name><styleUrl>#styleDaimonCIRCUITO173TRECHO</styleUrl><LineString><coordinates>-49.526197,-11.816727,0 -49.526361,-11.817038,0</coordinates></LineString></Placemark>
<Placemark><name>24048062</name><styleUrl>#styleDaimonCIRCUITO173TRECHO</styleUrl><LineString><coordinates>-49.526361,-11.817038,0 -49.526480,-11.817264,0</coordinates></LineString></Placemark>
<Placemark><name>24048595</name><styleUrl>#styleDaimonCIRCUITO173TRECHO</styleUrl><LineString><coordinates>-49.526042,-11.816431,0 -49.526197,-11.816727,0</coordinates></LineString></Placemark>
<Placemark><name>24048605</name><styleUrl>#styleDaimonCIRCUITO173TRECHO</styleUrl><LineString><coordinates>-49.525891,-11.816145,0 -49.526042,-11.816431,0</coordinates></LineString></Placemark>
<Placemark><name>3155574</name><styleUrl>#styleDaimonCIRCUITO173TRECHO</styleUrl><LineString><coordinates>-49.515341,-11.818816,0 -49.514986,-11.818857,0</coordinates></LineString></Placemark>
<Placemark><name>2745554</name><styleUrl>#styleDaimonCIRCUITO173TRECHO</styleUrl><LineString><coordinates>-49.514986,-11.818857,0 -49.514717,-11.818886,0</coordinates></LineString></Placemark>
<Placemark><name>3155575</name><styleUrl>#styleDaimonCIRCUITO173TRECHO</styleUrl><LineString><coordinates>-49.515680,-11.818774,0 -49.515341,-11.818816,0</coordinates></LineString></Placemark>
<Placemark><name>3155373</name><styleUrl>#styleDaimonCIRCUITO173TRECHO</styleUrl><LineString><coordinates>-49.514717,-11.818886,0 -49.514446,-11.818917,0</coordinates></LineString></Placemark>
<Placemark><name>3142726</name><styleUrl>#styleDaimonCIRCUITO173TRECHO</styleUrl><LineString><coordinates>-49.516061,-11.818731,0 -49.515680,-11.818774,0</coordinates></LineString></Placemark>
<Placemark><name>3155569</name><styleUrl>#styleDaimonCIRCUITO173TRECHO</styleUrl><LineString><coordinates>-49.514446,-11.818917,0 -49.514134,-11.818952,0</coordinates></LineString></Placemark>
<Placemark><name>3155573</name><styleUrl>#styleDaimonCIRCUITO173TRECHO</styleUrl><LineString><coordinates>-49.516415,-11.818692,0 -49.516061,-11.818731,0</coordinates></LineString></Placemark>
<Placemark><name>3155570</name><styleUrl>#styleDaimonCIRCUITO173TRECHO</styleUrl><LineString><coordinates>-49.514134,-11.818952,0 -49.513832,-11.818982,0</coordinates></LineString></Placemark>
<Placemark><name>3155572</name><styleUrl>#styleDaimonCIRCUITO173TRECHO</styleUrl><LineString><coordinates>-49.516797,-11.818647,0 -49.516415,-11.818692,0</coordinates></LineString></Placemark>
<Placemark><name>3142977</name><styleUrl>#styleDaimonCIRCUITO173TRECHO</styleUrl><LineString><coordinates>-49.513832,-11.818982,0 -49.513495,-11.819023,0</coordinates></LineString></Placemark>
<Placemark><name>3155571</name><styleUrl>#styleDaimonCIRCUITO173TRECHO</styleUrl><LineString><coordinates>-49.516923,-11.818631,0 -49.516797,-11.818647,0</coordinates></LineString></Placemark>
<Placemark><name>3142978</name><styleUrl>#styleDaimonCIRCUITO173TRECHO</styleUrl><LineString><coordinates>-49.513495,-11.819023,0 -49.513196,-11.819055,0</coordinates></LineString></Placemark>
<Placemark><name>3142532</name><styleUrl>#styleDaimonCIRCUITO173TRECHO</styleUrl><LineString><coordinates>-49.516923,-11.818631,0 -49.517189,-11.818590,0</coordinates></LineString></Placemark>
<Placemark><name>3142531</name><styleUrl>#styleDaimonCIRCUITO173TRECHO</styleUrl><LineString><coordinates>-49.516932,-11.818724,0 -49.516923,-11.818631,0</coordinates></LineString></Placemark>
<Placemark><name>3155372</name><styleUrl>#styleDaimonCIRCUITO173TRECHO</styleUrl><LineString><coordinates>-49.516923,-11.818631,0 -49.516902,-11.818471,0</coordinates></LineString></Placemark>
<Placemark><name>3142979</name><styleUrl>#styleDaimonCIRCUITO173TRECHO</styleUrl><LineString><coordinates>-49.513196,-11.819055,0 -49.512906,-11.819086,0</coordinates></LineString></Placemark>
<Placemark><name>3155371</name><styleUrl>#styleDaimonCIRCUITO173TRECHO</styleUrl><LineString><coordinates>-49.516985,-11.819063,0 -49.516932,-11.818724,0</coordinates></LineString></Placemark>
<Placemark><name>3142976</name><styleUrl>#styleDaimonCIRCUITO173TRECHO</styleUrl><LineString><coordinates>-49.512906,-11.819086,0 -49.512754,-11.819099,0</coordinates></LineString></Placemark>
<Placemark><name>3142533</name><styleUrl>#styleDaimonCIRCUITO173TRECHO</styleUrl><LineString><coordinates>-49.512754,-11.819099,0 -49.512733,-11.818860,0</coordinates></LineString></Placemark>
<Placemark><name>3141728</name><styleUrl>#styleDaimonCIRCUITO173TRECHO</styleUrl><LineString><coordinates>-49.512754,-11.819099,0 -49.512762,-11.819163,0</coordinates></LineString></Placemark>
<Placemark><name>3142534</name><styleUrl>#styleDaimonCIRCUITO173TRECHO</styleUrl><LineString><coordinates>-49.512754,-11.819099,0 -49.512457,-11.819133,0</coordinates></LineString></Placemark>
<Placemark><name>3142974</name><styleUrl>#styleDaimonCIRCUITO173TRECHO</styleUrl><LineString><coordinates>-49.512762,-11.819163,0 -49.512797,-11.819520,0</coordinates></LineString></Placemark>
<Placemark><name>3142975</name><styleUrl>#styleDaimonCIRCUITO173TRECHO</styleUrl><LineString><coordinates>-49.512457,-11.819133,0 -49.512112,-11.819165,0</coordinates></LineString></Placemark>
<Placemark><name>3141577</name><styleUrl>#styleDaimonCIRCUITO173TRECHO</styleUrl><LineString><coordinates>-49.512112,-11.819165,0 -49.511770,-11.819205,0</coordinates></LineString></Placemark>
<Placemark><name>3152167</name><styleUrl>#styleDaimonCIRCUITO173TRECHO</styleUrl><LineString><coordinates>-49.511770,-11.819205,0 -49.511434,-11.819241,0</coordinates></LineString></Placemark>
<Placemark><name>3152168</name><styleUrl>#styleDaimonCIRCUITO173TRECHO</styleUrl><LineString><coordinates>-49.511434,-11.819241,0 -49.511070,-11.819279,0</coordinates></LineString></Placemark>
<Placemark><name>3448408</name><styleUrl>#styleDaimonCIRCUITO173TRECHO</styleUrl><LineString><coordinates>-49.511070,-11.819279,0 -49.510738,-11.819322,0</coordinates></LineString></Placemark>
<Placemark><name>3448409</name><styleUrl>#styleDaimonCIRCUITO173TRECHO</styleUrl><LineString><coordinates>-49.510738,-11.819322,0 -49.510352,-11.819365,0</coordinates></LineString></Placemark>
<Placemark><name>2596401</name><styleUrl>#styleDaimonCIRCUITO173TRECHO</styleUrl><LineString><coordinates>-49.510352,-11.819365,0 -49.510008,-11.819406,0</coordinates></LineString></Placemark>
<Placemark><name>3448407</name><styleUrl>#styleDaimonCIRCUITO173TRECHO</styleUrl><LineString><coordinates>-49.510008,-11.819406,0 -49.509632,-11.819436,0</coordinates></LineString></Placemark>
<Placemark><name>55865047</name><styleUrl>#styleDaimonCIRCUITO173TRECHO</styleUrl><LineString><coordinates>-49.522196,-11.818007,0 -49.522273,-11.818153,0</coordinates></LineString></Placemark>
<Placemark><name>3141498</name><styleUrl>#styleDaimonCIRCUITO173TRECHO</styleUrl><LineString><coordinates>-49.522273,-11.818153,0 -49.522372,-11.818340,0</coordinates></LineString></Placemark>
<Placemark><name>3141747</name><styleUrl>#styleDaimonCIRCUITO173TRECHO</styleUrl><LineString><coordinates>-49.522372,-11.818340,0 -49.522509,-11.818622,0</coordinates></LineString></Placemark>
<Placemark><name>2690244</name><styleUrl>#styleDaimonCIRCUITO173TRECHO</styleUrl><LineString><coordinates>-49.522509,-11.818622,0 -49.522651,-11.818894,0</coordinates></LineString></Placemark>
<Placemark><name>2893759</name><styleUrl>#styleDaimonCIRCUITO173TRECHO</styleUrl><LineString><coordinates>-49.522651,-11.818894,0 -49.522798,-11.819184,0</coordinates></LineString></Placemark>
<Placemark><name>2893758</name><styleUrl>#styleDaimonCIRCUITO173TRECHO</styleUrl><LineString><coordinates>-49.522798,-11.819184,0 -49.522931,-11.819455,0</coordinates></LineString></Placemark>
<Placemark><name>24048426</name><styleUrl>#styleDaimonCIRCUITO173TRECHO</styleUrl><LineString><coordinates>-49.523704,-11.816349,0 -49.523554,-11.816061,0</coordinates></LineString></Placemark>
<Placemark><name>24048386</name><styleUrl>#styleDaimonCIRCUITO173TRECHO</styleUrl><LineString><coordinates>-49.523858,-11.816645,0 -49.523704,-11.816349,0</coordinates></LineString></Placemark>
<Placemark><name>24048483</name><styleUrl>#styleDaimonCIRCUITO173TRECHO</styleUrl><LineString><coordinates>-49.523554,-11.816061,0 -49.523415,-11.815792,0</coordinates></LineString></Placemark>
<Placemark><name>56053350</name><styleUrl>#styleDaimonCIRCUITO173TRECHO</styleUrl><LineString><coordinates>-49.522954,-11.808677,0 -49.522738,-11.808819,0</coordinates></LineString></Placemark>
<Placemark><name>3434531</name><styleUrl>#styleDaimonCIRCUITO173TRECHO</styleUrl><LineString><coordinates>-49.523014,-11.808579,0 -49.522954,-11.808677,0</coordinates></LineString></Placemark>
<Placemark><name>2824096</name><styleUrl>#styleDaimonCIRCUITO173TRECHO</styleUrl><LineString><coordinates>-49.484292,-11.941932,0 -49.484969,-11.942712,0</coordinates></LineString></Placemark>
<Placemark><name>2747354</name><styleUrl>#styleDaimonCIRCUITO173TRECHO</styleUrl><LineString><coordinates>-49.484969,-11.942712,0 -49.485579,-11.943489,0</coordinates></LineString></Placemark>
<Placemark><name>2824095</name><styleUrl>#styleDaimonCIRCUITO173TRECHO</styleUrl><LineString><coordinates>-49.483558,-11.941099,0 -49.484292,-11.941932,0</coordinates></LineString></Placemark>
<Placemark><name>2824097</name><styleUrl>#styleDaimonCIRCUITO173TRECHO</styleUrl><LineString><coordinates>-49.485579,-11.943489,0 -49.486310,-11.944438,0</coordinates></LineString></Placemark>
<Placemark><name>2824094</name><styleUrl>#styleDaimonCIRCUITO173TRECHO</styleUrl><LineString><coordinates>-49.482825,-11.940201,0 -49.483558,-11.941099,0</coordinates></LineString></Placemark>
<Placemark><name>2824093</name><styleUrl>#styleDaimonCIRCUITO173TRECHO</styleUrl><LineString><coordinates>-49.481714,-11.939327,0 -49.482825,-11.940201,0</coordinates></LineString></Placemark>
<Placemark><name>2824092</name><styleUrl>#styleDaimonCIRCUITO173TRECHO</styleUrl><LineString><coordinates>-49.481249,-11.938628,0 -49.481714,-11.939327,0</coordinates></LineString></Placemark>
<Placemark><name>2826480</name><styleUrl>#styleDaimonCIRCUITO173TRECHO</styleUrl><LineString><coordinates>-49.480645,-11.937667,0 -49.481249,-11.938628,0</coordinates></LineString></Placemark>
<Placemark><name>2826479</name><styleUrl>#styleDaimonCIRCUITO173TRECHO</styleUrl><LineString><coordinates>-49.479937,-11.936825,0 -49.480645,-11.937667,0</coordinates></LineString></Placemark>
<Placemark><name>12030042</name><styleUrl>#styleDaimonCIRCUITO173TRECHO</styleUrl><LineString><coordinates>-49.479923,-11.936800,0 -49.479937,-11.936825,0</coordinates></LineString></Placemark>
<Placemark><name>2826478</name><styleUrl>#styleDaimonCIRCUITO173TRECHO</styleUrl><LineString><coordinates>-49.479220,-11.935890,0 -49.479923,-11.936800,0</coordinates></LineString></Placemark>
<Placemark><name>2747353</name><styleUrl>#styleDaimonCIRCUITO173TRECHO</styleUrl><LineString><coordinates>-49.478465,-11.935011,0 -49.479220,-11.935890,0</coordinates></LineString></Placemark>
<Placemark><name>2826477</name><styleUrl>#styleDaimonCIRCUITO173TRECHO</styleUrl><LineString><coordinates>-49.477735,-11.934114,0 -49.478465,-11.935011,0</coordinates></LineString></Placemark>
<Placemark><name>2826476</name><styleUrl>#styleDaimonCIRCUITO173TRECHO</styleUrl><LineString><coordinates>-49.477024,-11.933233,0 -49.477735,-11.934114,0</coordinates></LineString></Placemark>
<Placemark><name>2826475</name><styleUrl>#styleDaimonCIRCUITO173TRECHO</styleUrl><LineString><coordinates>-49.476296,-11.932403,0 -49.477024,-11.933233,0</coordinates></LineString></Placemark>
<Placemark><name>2826474</name><styleUrl>#styleDaimonCIRCUITO173TRECHO</styleUrl><LineString><coordinates>-49.475617,-11.931566,0 -49.476296,-11.932403,0</coordinates></LineString></Placemark>
<Placemark><name>2826473</name><styleUrl>#styleDaimonCIRCUITO173TRECHO</styleUrl><LineString><coordinates>-49.474828,-11.930743,0 -49.475617,-11.931566,0</coordinates></LineString></Placemark>
<Placemark><name>2826472</name><styleUrl>#styleDaimonCIRCUITO173TRECHO</styleUrl><LineString><coordinates>-49.474011,-11.929851,0 -49.474828,-11.930743,0</coordinates></LineString></Placemark>
<Placemark><name>2826471</name><styleUrl>#styleDaimonCIRCUITO173TRECHO</styleUrl><LineString><coordinates>-49.473298,-11.928876,0 -49.474011,-11.929851,0</coordinates></LineString></Placemark>
<Placemark><name>2826470</name><styleUrl>#styleDaimonCIRCUITO173TRECHO</styleUrl><LineString><coordinates>-49.472592,-11.928120,0 -49.473298,-11.928876,0</coordinates></LineString></Placemark>
<Placemark><name>2826469</name><styleUrl>#styleDaimonCIRCUITO173TRECHO</styleUrl><LineString><coordinates>-49.471767,-11.927247,0 -49.472592,-11.928120,0</coordinates></LineString></Placemark>
<Placemark><name>2747352</name><styleUrl>#styleDaimonCIRCUITO173TRECHO</styleUrl><LineString><coordinates>-49.470923,-11.926279,0 -49.471767,-11.927247,0</coordinates></LineString></Placemark>
<Placemark><name>2826468</name><styleUrl>#styleDaimonCIRCUITO173TRECHO</styleUrl><LineString><coordinates>-49.470381,-11.925651,0 -49.470923,-11.926279,0</coordinates></LineString></Placemark>
<Placemark><name>2824355</name><styleUrl>#styleDaimonCIRCUITO173TRECHO</styleUrl><LineString><coordinates>-49.463671,-11.926480,0 -49.463743,-11.926184,0</coordinates></LineString></Placemark>
<Placemark><name>2687868</name><styleUrl>#styleDaimonCIRCUITO173TRECHO</styleUrl><LineString><coordinates>-49.456826,-11.952190,0 -49.456243,-11.953264,0</coordinates></LineString></Placemark>
<Placemark><name>2687866</name><styleUrl>#styleDaimonCIRCUITO173TRECHO</styleUrl><LineString><coordinates>-49.457448,-11.951048,0 -49.456826,-11.952190,0</coordinates></LineString></Placemark>
<Placemark><name>2687869</name><styleUrl>#styleDaimonCIRCUITO173TRECHO</styleUrl><LineString><coordinates>-49.456243,-11.953264,0 -49.455604,-11.954451,0</coordinates></LineString></Placemark>
<Placemark><name>12025304</name><styleUrl>#styleDaimonCIRCUITO173TRECHO</styleUrl><LineString><coordinates>-49.457457,-11.951013,0 -49.457448,-11.951048,0</coordinates></LineString></Placemark>
<Placemark><name>2687870</name><styleUrl>#styleDaimonCIRCUITO173TRECHO</styleUrl><LineString><coordinates>-49.455604,-11.954451,0 -49.454964,-11.955641,0</coordinates></LineString></Placemark>
<Placemark><name>2687865</name><styleUrl>#styleDaimonCIRCUITO173TRECHO</styleUrl><LineString><coordinates>-49.457233,-11.949953,0 -49.457457,-11.951013,0</coordinates></LineString></Placemark>
<Placemark><name>2687871</name><styleUrl>#styleDaimonCIRCUITO173TRECHO</styleUrl><LineString><coordinates>-49.454964,-11.955641,0 -49.454479,-11.956532,0</coordinates></LineString></Placemark>
<Placemark><name>2687864</name><styleUrl>#styleDaimonCIRCUITO173TRECHO</styleUrl><LineString><coordinates>-49.456968,-11.948639,0 -49.457233,-11.949953,0</coordinates></LineString></Placemark>
<Placemark><name>2687873</name><styleUrl>#styleDaimonCIRCUITO173TRECHO</styleUrl><LineString><coordinates>-49.454479,-11.956532,0 -49.453827,-11.957740,0</coordinates></LineString></Placemark>
<Placemark><name>12032891</name><styleUrl>#styleDaimonCIRCUITO173TRECHO</styleUrl><LineString><coordinates>-49.456968,-11.948639,0 -49.456943,-11.948643,0</coordinates></LineString></Placemark>
<Placemark><name>2687863</name><styleUrl>#styleDaimonCIRCUITO173TRECHO</styleUrl><LineString><coordinates>-49.456702,-11.947324,0 -49.456968,-11.948639,0</coordinates></LineString></Placemark>
<Placemark><name>2687874</name><styleUrl>#styleDaimonCIRCUITO173TRECHO</styleUrl><LineString><coordinates>-49.453827,-11.957740,0 -49.453179,-11.958944,0</coordinates></LineString></Placemark>
<Placemark><name>3640487</name><styleUrl>#styleDaimonCIRCUITO173TRECHO</styleUrl><LineString><coordinates>-49.456943,-11.948643,0 -49.456871,-11.948643,0</coordinates></LineString></Placemark>
<Placemark><name>2687723</name><styleUrl>#styleDaimonCIRCUITO173TRECHO</styleUrl><LineString><coordinates>-49.456429,-11.945961,0 -49.456702,-11.947324,0</coordinates></LineString></Placemark>
<Placemark><name>2687875</name><styleUrl>#styleDaimonCIRCUITO173TRECHO</styleUrl><LineString><coordinates>-49.453179,-11.958944,0 -49.452805,-11.959626,0</coordinates></LineString></Placemark>
<Placemark><name>2687722</name><styleUrl>#styleDaimonCIRCUITO173TRECHO</styleUrl><LineString><coordinates>-49.456178,-11.944734,0 -49.456429,-11.945961,0</coordinates></LineString></Placemark>
<Placemark><name>12025305</name><styleUrl>#styleDaimonCIRCUITO173TRECHO</styleUrl><LineString><coordinates>-49.452805,-11.959626,0 -49.452798,-11.959659,0</coordinates></LineString></Placemark>
<Placemark><name>2687720</name><styleUrl>#styleDaimonCIRCUITO173TRECHO</styleUrl><LineString><coordinates>-49.455949,-11.943630,0 -49.456178,-11.944734,0</coordinates></LineString></Placemark>
<Placemark><name>2687876</name><styleUrl>#styleDaimonCIRCUITO173TRECHO</styleUrl><LineString><coordinates>-49.452798,-11.959659,0 -49.452828,-11.959831,0</coordinates></LineString></Placemark>
<Placemark><name>12025303</name><styleUrl>#styleDaimonCIRCUITO173TRECHO</styleUrl><LineString><coordinates>-49.455955,-11.943595,0 -49.455949,-11.943630,0</coordinates></LineString></Placemark>
<Placemark><name>2685649</name><styleUrl>#styleDaimonCIRCUITO173TRECHO</styleUrl><LineString><coordinates>-49.452828,-11.959831,0 -49.452959,-11.960820,0</coordinates></LineString></Placemark>
<Placemark><name>2687719</name><styleUrl>#styleDaimonCIRCUITO173TRECHO</styleUrl><LineString><coordinates>-49.456501,-11.942646,0 -49.455955,-11.943595,0</coordinates></LineString></Placemark>
<Placemark><name>2685650</name><styleUrl>#styleDaimonCIRCUITO173TRECHO</styleUrl><LineString><coordinates>-49.452959,-11.960820,0 -49.453142,-11.962172,0</coordinates></LineString></Placemark>
<Placemark><name>2687718</name><styleUrl>#styleDaimonCIRCUITO173TRECHO</styleUrl><LineString><coordinates>-49.457146,-11.941500,0 -49.456501,-11.942646,0</coordinates></LineString></Placemark>
<Placemark><name>2685648</name><styleUrl>#styleDaimonCIRCUITO173TRECHO</styleUrl><LineString><coordinates>-49.453142,-11.962172,0 -49.453338,-11.963645,0</coordinates></LineString></Placemark>
<Placemark><name>2687717</name><styleUrl>#styleDaimonCIRCUITO173TRECHO</styleUrl><LineString><coordinates>-49.457820,-11.940310,0 -49.457146,-11.941500,0</coordinates></LineString></Placemark>
<Placemark><name>12025307</name><styleUrl>#styleDaimonCIRCUITO173TRECHO</styleUrl><LineString><coordinates>-49.453338,-11.963645,0 -49.453341,-11.963671,0</coordinates></LineString></Placemark>
<Placemark><name>36529138</name><styleUrl>#styleDaimonCIRCUITO173TRECHO</styleUrl><LineString><coordinates>-49.453338,-11.963645,0 -49.453521,-11.963708,0</coordinates></LineString></Placemark>
<Placemark><name>2687716</name><styleUrl>#styleDaimonCIRCUITO173TRECHO</styleUrl><LineString><coordinates>-49.458442,-11.939202,0 -49.457820,-11.940310,0</coordinates></LineString></Placemark>
<Placemark><name>2685647</name><styleUrl>#styleDaimonCIRCUITO173TRECHO</styleUrl><LineString><coordinates>-49.453341,-11.963671,0 -49.453528,-11.965057,0</coordinates></LineString></Placemark>
<Placemark><name>12025302</name><styleUrl>#styleDaimonCIRCUITO173TRECHO</styleUrl><LineString><coordinates>-49.458442,-11.939202,0 -49.458419,-11.939188,0</coordinates></LineString></Placemark>
<Placemark><name>2687712</name><styleUrl>#styleDaimonCIRCUITO173TRECHO</styleUrl><LineString><coordinates>-49.459095,-11.938049,0 -49.458442,-11.939202,0</coordinates></LineString></Placemark>
<Placemark><name>2687714</name><styleUrl>#styleDaimonCIRCUITO173TRECHO</styleUrl><LineString><coordinates>-49.458419,-11.939188,0 -49.457157,-11.938774,0</coordinates></LineString></Placemark>
<Placemark><name>2687711</name><styleUrl>#styleDaimonCIRCUITO173TRECHO</styleUrl><LineString><coordinates>-49.459755,-11.936877,0 -49.459095,-11.938049,0</coordinates></LineString></Placemark>
<Placemark><name>2687715</name><styleUrl>#styleDaimonCIRCUITO173TRECHO</styleUrl><LineString><coordinates>-49.457157,-11.938774,0 -49.455966,-11.938379,0</coordinates></LineString></Placemark>
<Placemark><name>12025011</name><styleUrl>#styleDaimonCIRCUITO173TRECHO</styleUrl><LineString><coordinates>-49.459772,-11.936848,0 -49.459755,-11.936877,0</coordinates></LineString></Placemark>
<Placemark><name>2687713</name><styleUrl>#styleDaimonCIRCUITO173TRECHO</styleUrl><LineString><coordinates>-49.455966,-11.938379,0 -49.454810,-11.937993,0</coordinates></LineString></Placemark>
<Placemark><name>2687710</name><styleUrl>#styleDaimonCIRCUITO173TRECHO</styleUrl><LineString><coordinates>-49.460902,-11.934849,0 -49.459772,-11.936848,0</coordinates></LineString></Placemark>
<Placemark><name>12025010</name><styleUrl>#styleDaimonCIRCUITO173TRECHO</styleUrl><LineString><coordinates>-49.460918,-11.934820,0 -49.460902,-11.934849,0</coordinates></LineString></Placemark>
<Placemark><name>2687709</name><styleUrl>#styleDaimonCIRCUITO173TRECHO</styleUrl><LineString><coordinates>-49.461661,-11.933503,0 -49.460918,-11.934820,0</coordinates></LineString></Placemark>
<Placemark><name>2687708</name><styleUrl>#styleDaimonCIRCUITO173TRECHO</styleUrl><LineString><coordinates>-49.462108,-11.932712,0 -49.461661,-11.933503,0</coordinates></LineString></Placemark>
<Placemark><name>2687707</name><styleUrl>#styleDaimonCIRCUITO173TRECHO</styleUrl><LineString><coordinates>-49.462785,-11.931510,0 -49.462108,-11.932712,0</coordinates></LineString></Placemark>
<Placemark><name>2687706</name><styleUrl>#styleDaimonCIRCUITO173TRECHO</styleUrl><LineString><coordinates>-49.463469,-11.930298,0 -49.462785,-11.931510,0</coordinates></LineString></Placemark>
<Placemark><name>2687705</name><styleUrl>#styleDaimonCIRCUITO173TRECHO</styleUrl><LineString><coordinates>-49.464137,-11.929117,0 -49.463469,-11.930298,0</coordinates></LineString></Placemark>
<Placemark><name>2504619</name><styleUrl>#styleDaimonCIRCUITO173TRECHO</styleUrl><LineString><coordinates>-49.464796,-11.927947,0 -49.464137,-11.929117,0</coordinates></LineString></Placemark>
<Placemark><name>12023344</name><styleUrl>#styleDaimonCIRCUITO173TRECHO</styleUrl><LineString><coordinates>-49.464811,-11.927917,0 -49.464796,-11.927947,0</coordinates></LineString></Placemark>
<Placemark><name>2504620</name><styleUrl>#styleDaimonCIRCUITO173TRECHO</styleUrl><LineString><coordinates>-49.465227,-11.926934,0 -49.464811,-11.927917,0</coordinates></LineString></Placemark>
<Placemark><name>2824099</name><styleUrl>#styleDaimonCIRCUITO173TRECHO</styleUrl><LineString><coordinates>-49.468162,-11.927040,0 -49.468445,-11.927407,0</coordinates></LineString></Placemark>
<Placemark><name>23690188</name><styleUrl>#styleDaimonCIRCUITO173TRECHO</styleUrl><LineString><coordinates>-49.454228,-11.924683,0 -49.454211,-11.924679,0</coordinates></LineString></Placemark>
<Placemark><name>67983141</name><styleUrl>#styleDaimonCIRCUITO173TRECHO</styleUrl><LineString><coordinates>-49.454211,-11.924679,0 -49.453607,-11.924521,0</coordinates></LineString></Placemark>
<Placemark><name>67983140</name><styleUrl>#styleDaimonCIRCUITO173TRECHO</styleUrl><LineString><coordinates>-49.455238,-11.924874,0 -49.454228,-11.924683,0</coordinates></LineString></Placemark>
<Placemark><name>67983115</name><styleUrl>#styleDaimonCIRCUITO173TRECHO</styleUrl><LineString><coordinates>-49.453607,-11.924521,0 -49.452924,-11.924341,0</coordinates></LineString></Placemark>
<Placemark><name>67983139</name><styleUrl>#styleDaimonCIRCUITO173TRECHO</styleUrl><LineString><coordinates>-49.456144,-11.925027,0 -49.455238,-11.924874,0</coordinates></LineString></Placemark>
<Placemark><name>67983238</name><styleUrl>#styleDaimonCIRCUITO173TRECHO</styleUrl><LineString><coordinates>-49.452924,-11.924341,0 -49.452133,-11.924134,0</coordinates></LineString></Placemark>
<Placemark><name>67983138</name><styleUrl>#styleDaimonCIRCUITO173TRECHO</styleUrl><LineString><coordinates>-49.457048,-11.925184,0 -49.456144,-11.925027,0</coordinates></LineString></Placemark>
<Placemark><name>67983239</name><styleUrl>#styleDaimonCIRCUITO173TRECHO</styleUrl><LineString><coordinates>-49.452133,-11.924134,0 -49.451230,-11.923886,0</coordinates></LineString></Placemark>
<Placemark><name>67983137</name><styleUrl>#styleDaimonCIRCUITO173TRECHO</styleUrl><LineString><coordinates>-49.458011,-11.925421,0 -49.457048,-11.925184,0</coordinates></LineString></Placemark>
<Placemark><name>67983240</name><styleUrl>#styleDaimonCIRCUITO173TRECHO</styleUrl><LineString><coordinates>-49.451230,-11.923886,0 -49.450398,-11.923657,0</coordinates></LineString></Placemark>
<Placemark><name>67983136</name><styleUrl>#styleDaimonCIRCUITO173TRECHO</styleUrl><LineString><coordinates>-49.458974,-11.925613,0 -49.458011,-11.925421,0</coordinates></LineString></Placemark>
<Placemark><name>67983241</name><styleUrl>#styleDaimonCIRCUITO173TRECHO</styleUrl><LineString><coordinates>-49.450398,-11.923657,0 -49.449536,-11.923442,0</coordinates></LineString></Placemark>
<Placemark><name>67983135</name><styleUrl>#styleDaimonCIRCUITO173TRECHO</styleUrl><LineString><coordinates>-49.459966,-11.925798,0 -49.458974,-11.925613,0</coordinates></LineString></Placemark>
<Placemark><name>67983242</name><styleUrl>#styleDaimonCIRCUITO173TRECHO</styleUrl><LineString><coordinates>-49.449536,-11.923442,0 -49.448690,-11.923231,0</coordinates></LineString></Placemark>
<Placemark><name>67983134</name><styleUrl>#styleDaimonCIRCUITO173TRECHO</styleUrl><LineString><coordinates>-49.460961,-11.925974,0 -49.459966,-11.925798,0</coordinates></LineString></Placemark>
<Placemark><name>67983243</name><styleUrl>#styleDaimonCIRCUITO173TRECHO</styleUrl><LineString><coordinates>-49.448690,-11.923231,0 -49.447948,-11.923025,0</coordinates></LineString></Placemark>
<Placemark><name>23690198</name><styleUrl>#styleDaimonCIRCUITO173TRECHO</styleUrl><LineString><coordinates>-49.460978,-11.925977,0 -49.460961,-11.925974,0</coordinates></LineString></Placemark>
<Placemark><name>23690178</name><styleUrl>#styleDaimonCIRCUITO173TRECHO</styleUrl><LineString><coordinates>-49.447948,-11.923025,0 -49.447930,-11.923020,0</coordinates></LineString></Placemark>
<Placemark><name>67983133</name><styleUrl>#styleDaimonCIRCUITO173TRECHO</styleUrl><LineString><coordinates>-49.462050,-11.926215,0 -49.460978,-11.925977,0</coordinates></LineString></Placemark>
<Placemark><name>67983244</name><styleUrl>#styleDaimonCIRCUITO173TRECHO</styleUrl><LineString><coordinates>-49.447930,-11.923020,0 -49.447265,-11.922810,0</coordinates></LineString></Placemark>
<Placemark><name>67983245</name><styleUrl>#styleDaimonCIRCUITO173TRECHO</styleUrl><LineString><coordinates>-49.447265,-11.922810,0 -49.446664,-11.922645,0</coordinates></LineString></Placemark>
<Placemark><name>23690168</name><styleUrl>#styleDaimonCIRCUITO173TRECHO</styleUrl><LineString><coordinates>-49.446664,-11.922645,0 -49.446648,-11.922641,0</coordinates></LineString></Placemark>
<Placemark><name>67983246</name><styleUrl>#styleDaimonCIRCUITO173TRECHO</styleUrl><LineString><coordinates>-49.446648,-11.922641,0 -49.445848,-11.922431,0</coordinates></LineString></Placemark>
<Placemark><name>67983247</name><styleUrl>#styleDaimonCIRCUITO173TRECHO</styleUrl><LineString><coordinates>-49.445848,-11.922431,0 -49.444834,-11.922139,0</coordinates></LineString></Placemark>
<Placemark><name>67983248</name><styleUrl>#styleDaimonCIRCUITO173TRECHO</styleUrl><LineString><coordinates>-49.444834,-11.922139,0 -49.443624,-11.921837,0</coordinates></LineString></Placemark>
<Placemark><name>23690150</name><styleUrl>#styleDaimonCIRCUITO173TRECHO</styleUrl><LineString><coordinates>-49.443624,-11.921837,0 -49.443607,-11.921833,0</coordinates></LineString></Placemark>
<Placemark><name>67983249</name><styleUrl>#styleDaimonCIRCUITO173TRECHO</styleUrl><LineString><coordinates>-49.443607,-11.921833,0 -49.442381,-11.921549,0</coordinates></LineString></Placemark>
<Placemark><name>23690158</name><styleUrl>#styleDaimonCIRCUITO173TRECHO</styleUrl><LineString><coordinates>-49.442381,-11.921549,0 -49.442365,-11.921545,0</coordinates></LineString></Placemark>
<Placemark><name>67983250</name><styleUrl>#styleDaimonCIRCUITO173TRECHO</styleUrl><LineString><coordinates>-49.442365,-11.921545,0 -49.441663,-11.921326,0</coordinates></LineString></Placemark>
<Placemark><name>67983251</name><styleUrl>#styleDaimonCIRCUITO173TRECHO</styleUrl><LineString><coordinates>-49.441663,-11.921326,0 -49.440831,-11.921103,0</coordinates></LineString></Placemark>
<Placemark><name>67983252</name><styleUrl>#styleDaimonCIRCUITO173TRECHO</styleUrl><LineString><coordinates>-49.440831,-11.921103,0 -49.439864,-11.920849,0</coordinates></LineString></Placemark>
<Placemark><name>67983253</name><styleUrl>#styleDaimonCIRCUITO173TRECHO</styleUrl><LineString><coordinates>-49.439864,-11.920849,0 -49.438943,-11.920603,0</coordinates></LineString></Placemark>
<Placemark><name>67983254</name><styleUrl>#styleDaimonCIRCUITO173TRECHO</styleUrl><LineString><coordinates>-49.438943,-11.920603,0 -49.438066,-11.920373,0</coordinates></LineString></Placemark>
<Placemark><name>67983255</name><styleUrl>#styleDaimonCIRCUITO173TRECHO</styleUrl><LineString><coordinates>-49.438066,-11.920373,0 -49.437294,-11.920207,0</coordinates></LineString></Placemark>
<Placemark><name>23690138</name><styleUrl>#styleDaimonCIRCUITO173TRECHO</styleUrl><LineString><coordinates>-49.437294,-11.920207,0 -49.437277,-11.920203,0</coordinates></LineString></Placemark>
<Placemark><name>67983256</name><styleUrl>#styleDaimonCIRCUITO173TRECHO</styleUrl><LineString><coordinates>-49.437277,-11.920203,0 -49.436112,-11.919874,0</coordinates></LineString></Placemark>
<Placemark><name>67983212</name><styleUrl>#styleDaimonCIRCUITO173TRECHO</styleUrl><LineString><coordinates>-49.436112,-11.919874,0 -49.434919,-11.919587,0</coordinates></LineString></Placemark>
<Placemark><name>12122061</name><styleUrl>#styleDaimonCIRCUITO173TRECHO</styleUrl><LineString><coordinates>-49.434919,-11.919587,0 -49.434915,-11.919600,0</coordinates></LineString></Placemark>
<Placemark><name>67983422</name><styleUrl>#styleDaimonCIRCUITO173TRECHO</styleUrl><LineString><coordinates>-49.434919,-11.919587,0 -49.434123,-11.919336,0</coordinates></LineString></Placemark>
<Placemark><name>2824635</name><styleUrl>#styleDaimonCIRCUITO173TRECHO</styleUrl><LineString><coordinates>-49.434915,-11.919600,0 -49.434898,-11.920097,0</coordinates></LineString></Placemark>
<Placemark><name>67983423</name><styleUrl>#styleDaimonCIRCUITO173TRECHO</styleUrl><LineString><coordinates>-49.434123,-11.919336,0 -49.433200,-11.919058,0</coordinates></LineString></Placemark>
<Placemark><name>67983424</name><styleUrl>#styleDaimonCIRCUITO173TRECHO</styleUrl><LineString><coordinates>-49.433200,-11.919058,0 -49.432414,-11.918840,0</coordinates></LineString></Placemark>
<Placemark><name>67983425</name><styleUrl>#styleDaimonCIRCUITO173TRECHO</styleUrl><LineString><coordinates>-49.432414,-11.918840,0 -49.431523,-11.918587,0</coordinates></LineString></Placemark>
<Placemark><name>67983426</name><styleUrl>#styleDaimonCIRCUITO173TRECHO</styleUrl><LineString><coordinates>-49.431523,-11.918587,0 -49.430616,-11.918319,0</coordinates></LineString></Placemark>
<Placemark><name>23690126</name><styleUrl>#styleDaimonCIRCUITO173TRECHO</styleUrl><LineString><coordinates>-49.430616,-11.918319,0 -49.430599,-11.918314,0</coordinates></LineString></Placemark>
<Placemark><name>67983427</name><styleUrl>#styleDaimonCIRCUITO173TRECHO</styleUrl><LineString><coordinates>-49.430599,-11.918314,0 -49.429714,-11.918040,0</coordinates></LineString></Placemark>
<Placemark><name>39290725</name><styleUrl>#styleDaimonCIRCUITO173TRECHO</styleUrl><LineString><coordinates>-49.429714,-11.918040,0 -49.429720,-11.918011,0</coordinates></LineString></Placemark>
<Placemark><name>67983428</name><styleUrl>#styleDaimonCIRCUITO173TRECHO</styleUrl><LineString><coordinates>-49.429714,-11.918040,0 -49.428818,-11.917745,0</coordinates></LineString></Placemark>
<Placemark><name>37138992</name><styleUrl>#styleDaimonCIRCUITO173TRECHO</styleUrl><LineString><coordinates>-49.429720,-11.918011,0 -49.429779,-11.917753,0</coordinates></LineString></Placemark>
<Placemark><name>67983429</name><styleUrl>#styleDaimonCIRCUITO173TRECHO</styleUrl><LineString><coordinates>-49.428818,-11.917745,0 -49.427974,-11.917493,0</coordinates></LineString></Placemark>
<Placemark><name>67983430</name><styleUrl>#styleDaimonCIRCUITO173TRECHO</styleUrl><LineString><coordinates>-49.427974,-11.917493,0 -49.427050,-11.917257,0</coordinates></LineString></Placemark>
<Placemark><name>67983431</name><styleUrl>#styleDaimonCIRCUITO173TRECHO</styleUrl><LineString><coordinates>-49.427050,-11.917257,0 -49.426178,-11.916971,0</coordinates></LineString></Placemark>
<Placemark><name>67983432</name><styleUrl>#styleDaimonCIRCUITO173TRECHO</styleUrl><LineString><coordinates>-49.426178,-11.916971,0 -49.425291,-11.916675,0</coordinates></LineString></Placemark>
<Placemark><name>67983433</name><styleUrl>#styleDaimonCIRCUITO173TRECHO</styleUrl><LineString><coordinates>-49.425291,-11.916675,0 -49.424405,-11.916386,0</coordinates></LineString></Placemark>
<Placemark><name>3361413</name><styleUrl>#styleDaimonCIRCUITO173TRECHO</styleUrl><LineString><coordinates>-49.463073,-11.906828,0 -49.461734,-11.907188,0</coordinates></LineString></Placemark>
<Placemark><name>3361418</name><styleUrl>#styleDaimonCIRCUITO173TRECHO</styleUrl><LineString><coordinates>-49.461734,-11.907188,0 -49.460912,-11.908106,0</coordinates></LineString></Placemark>
<Placemark><name>3361414</name><styleUrl>#styleDaimonCIRCUITO173TRECHO</styleUrl><LineString><coordinates>-49.464280,-11.906506,0 -49.463073,-11.906828,0</coordinates></LineString></Placemark>
<Placemark><name>3361416</name><styleUrl>#styleDaimonCIRCUITO173TRECHO</styleUrl><LineString><coordinates>-49.465479,-11.906189,0 -49.464280,-11.906506,0</coordinates></LineString></Placemark>
<Placemark><name>3361412</name><styleUrl>#styleDaimonCIRCUITO173TRECHO</styleUrl><LineString><coordinates>-49.466713,-11.905859,0 -49.465479,-11.906189,0</coordinates></LineString></Placemark>
<Placemark><name>3361415</name><styleUrl>#styleDaimonCIRCUITO173TRECHO</styleUrl><LineString><coordinates>-49.468002,-11.905799,0 -49.466713,-11.905859,0</coordinates></LineString></Placemark>
<Placemark><name>3361417</name><styleUrl>#styleDaimonCIRCUITO173TRECHO</styleUrl><LineString><coordinates>-49.469229,-11.905726,0 -49.468002,-11.905799,0</coordinates></LineString></Placemark>
<Placemark><name>12027626</name><styleUrl>#styleDaimonCIRCUITO173TRECHO</styleUrl><LineString><coordinates>-49.469245,-11.905755,0 -49.469229,-11.905726,0</coordinates></LineString></Placemark>
<Placemark><name>3152337</name><styleUrl>#styleDaimonCIRCUITO173TRECHO</styleUrl><LineString><coordinates>-49.469340,-11.905948,0 -49.469245,-11.905755,0</coordinates></LineString></Placemark>
<Placemark><name>28851591</name><styleUrl>#styleDaimonCIRCUITO173TRECHO</styleUrl><LineString><coordinates>-49.516108,-11.811363,0 -49.516092,-11.811363,0</coordinates></LineString></Placemark>
<Placemark><name>3533452</name><styleUrl>#styleDaimonCIRCUITO173TRECHO</styleUrl><LineString><coordinates>-49.474925,-11.930678,0 -49.475799,-11.930094,0</coordinates></LineString></Placemark>
<Placemark><name>2824098</name><styleUrl>#styleDaimonCIRCUITO173TRECHO</styleUrl><LineString><coordinates>-49.486376,-11.944521,0 -49.486965,-11.945256,0</coordinates></LineString></Placemark>
<Placemark><name>3514084</name><styleUrl>#styleDaimonCIRCUITO173TRECHO</styleUrl><LineString><coordinates>-49.483515,-11.939932,0 -49.484423,-11.940321,0</coordinates></LineString></Placemark>
<Placemark><name>3514078</name><styleUrl>#styleDaimonCIRCUITO173TRECHO</styleUrl><LineString><coordinates>-49.484423,-11.940321,0 -49.485316,-11.940702,0</coordinates></LineString></Placemark>
<Placemark><name>3514068</name><styleUrl>#styleDaimonCIRCUITO173TRECHO</styleUrl><LineString><coordinates>-49.482662,-11.939567,0 -49.483515,-11.939932,0</coordinates></LineString></Placemark>
<Placemark><name>3514072</name><styleUrl>#styleDaimonCIRCUITO173TRECHO</styleUrl><LineString><coordinates>-49.485316,-11.940702,0 -49.486644,-11.941271,0</coordinates></LineString></Placemark>
<Placemark><name>3514070</name><styleUrl>#styleDaimonCIRCUITO173TRECHO</styleUrl><LineString><coordinates>-49.481957,-11.939260,0 -49.482662,-11.939567,0</coordinates></LineString></Placemark>
<Placemark><name>3514066</name><styleUrl>#styleDaimonCIRCUITO173TRECHO</styleUrl><LineString><coordinates>-49.486644,-11.941271,0 -49.487754,-11.941834,0</coordinates></LineString></Placemark>
<Placemark><name>12028133</name><styleUrl>#styleDaimonCIRCUITO173TRECHO</styleUrl><LineString><coordinates>-49.481926,-11.939258,0 -49.481957,-11.939260,0</coordinates></LineString></Placemark>
<Placemark><name>3514080</name><styleUrl>#styleDaimonCIRCUITO173TRECHO</styleUrl><LineString><coordinates>-49.487754,-11.941834,0 -49.488955,-11.942442,0</coordinates></LineString></Placemark>
<Placemark><name>3514076</name><styleUrl>#styleDaimonCIRCUITO173TRECHO</styleUrl><LineString><coordinates>-49.481735,-11.939321,0 -49.481926,-11.939258,0</coordinates></LineString></Placemark>
<Placemark><name>3514074</name><styleUrl>#styleDaimonCIRCUITO173TRECHO</styleUrl><LineString><coordinates>-49.488955,-11.942442,0 -49.490063,-11.943004,0</coordinates></LineString></Placemark>
<Placemark><name>3514082</name><styleUrl>#styleDaimonCIRCUITO173TRECHO</styleUrl><LineString><coordinates>-49.490063,-11.943004,0 -49.491220,-11.943591,0</coordinates></LineString></Placemark>
<Placemark><name>3514077</name><styleUrl>#styleDaimonCIRCUITO173TRECHO</styleUrl><LineString><coordinates>-49.491220,-11.943591,0 -49.492272,-11.944126,0</coordinates></LineString></Placemark>
<Placemark><name>3514065</name><styleUrl>#styleDaimonCIRCUITO173TRECHO</styleUrl><LineString><coordinates>-49.492272,-11.944126,0 -49.493471,-11.944734,0</coordinates></LineString></Placemark>
<Placemark><name>12028132</name><styleUrl>#styleDaimonCIRCUITO173TRECHO</styleUrl><LineString><coordinates>-49.493471,-11.944734,0 -49.493500,-11.944749,0</coordinates></LineString></Placemark>
<Placemark><name>3514071</name><styleUrl>#styleDaimonCIRCUITO173TRECHO</styleUrl><LineString><coordinates>-49.493500,-11.944749,0 -49.494476,-11.945243,0</coordinates></LineString></Placemark>
<Placemark><name>3514069</name><styleUrl>#styleDaimonCIRCUITO173TRECHO</styleUrl><LineString><coordinates>-49.494476,-11.945243,0 -49.495379,-11.945701,0</coordinates></LineString></Placemark>
<Placemark><name>12030199</name><styleUrl>#styleDaimonCIRCUITO173TRECHO</styleUrl><LineString><coordinates>-49.495379,-11.945701,0 -49.495393,-11.945672,0</coordinates></LineString></Placemark>
<Placemark><name>3514079</name><styleUrl>#styleDaimonCIRCUITO173TRECHO</styleUrl><LineString><coordinates>-49.495379,-11.945701,0 -49.496517,-11.946282,0</coordinates></LineString></Placemark>
<Placemark><name>3204329</name><styleUrl>#styleDaimonCIRCUITO173TRECHO</styleUrl><LineString><coordinates>-49.495393,-11.945672,0 -49.495887,-11.944670,0</coordinates></LineString></Placemark>
<Placemark><name>3514073</name><styleUrl>#styleDaimonCIRCUITO173TRECHO</styleUrl><LineString><coordinates>-49.496517,-11.946282,0 -49.497256,-11.946655,0</coordinates></LineString></Placemark>
<Placemark><name>3204332</name><styleUrl>#styleDaimonCIRCUITO173TRECHO</styleUrl><LineString><coordinates>-49.495887,-11.944670,0 -49.496426,-11.943599,0</coordinates></LineString></Placemark>
<Placemark><name>3514067</name><styleUrl>#styleDaimonCIRCUITO173TRECHO</styleUrl><LineString><coordinates>-49.497256,-11.946655,0 -49.498385,-11.947228,0</coordinates></LineString></Placemark>
<Placemark><name>3204336</name><styleUrl>#styleDaimonCIRCUITO173TRECHO</styleUrl><LineString><coordinates>-49.496426,-11.943599,0 -49.496945,-11.942553,0</coordinates></LineString></Placemark>
<Placemark><name>3514081</name><styleUrl>#styleDaimonCIRCUITO173TRECHO</styleUrl><LineString><coordinates>-49.498385,-11.947228,0 -49.499409,-11.947747,0</coordinates></LineString></Placemark>
<Placemark><name>3204092</name><styleUrl>#styleDaimonCIRCUITO173TRECHO</styleUrl><LineString><coordinates>-49.496945,-11.942553,0 -49.497281,-11.941517,0</coordinates></LineString></Placemark>
<Placemark><name>3514075</name><styleUrl>#styleDaimonCIRCUITO173TRECHO</styleUrl><LineString><coordinates>-49.499409,-11.947747,0 -49.500071,-11.948083,0</coordinates></LineString></Placemark>
<Placemark><name>3204334</name><styleUrl>#styleDaimonCIRCUITO173TRECHO</styleUrl><LineString><coordinates>-49.497281,-11.941517,0 -49.497630,-11.940537,0</coordinates></LineString></Placemark>
<Placemark><name>3514083</name><styleUrl>#styleDaimonCIRCUITO173TRECHO</styleUrl><LineString><coordinates>-49.500071,-11.948083,0 -49.501439,-11.948776,0</coordinates></LineString></Placemark>
<Placemark><name>2687872</name><styleUrl>#styleDaimonCIRCUITO173TRECHO</styleUrl><LineString><coordinates>-49.454541,-11.956527,0 -49.455086,-11.956476,0</coordinates></LineString></Placemark>
<Placemark><name>36529130</name><styleUrl>#styleDaimonCIRCUITO173TRECHO</styleUrl><LineString><coordinates>-49.454342,-11.963908,0 -49.455465,-11.964181,0</coordinates></LineString></Placemark>
<Placemark><name>36529134</name><styleUrl>#styleDaimonCIRCUITO173TRECHO</styleUrl><LineString><coordinates>-49.453604,-11.963728,0 -49.454342,-11.963908,0</coordinates></LineString></Placemark>
<Placemark><name>36529173</name><styleUrl>#styleDaimonCIRCUITO173TRECHO</styleUrl><LineString><coordinates>-49.455465,-11.964181,0 -49.455483,-11.964175,0</coordinates></LineString></Placemark>
<Placemark><name>36529125</name><styleUrl>#styleDaimonCIRCUITO173TRECHO</styleUrl><LineString><coordinates>-49.455483,-11.964175,0 -49.455864,-11.964020,0</coordinates></LineString></Placemark>
<Placemark><name>2687145</name><styleUrl>#styleDaimonCIRCUITO173TRECHO</styleUrl><LineString><coordinates>-49.471555,-11.961028,0 -49.472914,-11.961063,0</coordinates></LineString></Placemark>
<Placemark><name>2685664</name><styleUrl>#styleDaimonCIRCUITO173TRECHO</styleUrl><LineString><coordinates>-49.470186,-11.960991,0 -49.471555,-11.961028,0</coordinates></LineString></Placemark>
<Placemark><name>2687146</name><styleUrl>#styleDaimonCIRCUITO173TRECHO</styleUrl><LineString><coordinates>-49.472914,-11.961063,0 -49.474102,-11.961099,0</coordinates></LineString></Placemark>
<Placemark><name>2685663</name><styleUrl>#styleDaimonCIRCUITO173TRECHO</styleUrl><LineString><coordinates>-49.468782,-11.960953,0 -49.470186,-11.960991,0</coordinates></LineString></Placemark>
<Placemark><name>2687147</name><styleUrl>#styleDaimonCIRCUITO173TRECHO</styleUrl><LineString><coordinates>-49.474102,-11.961099,0 -49.475467,-11.961133,0</coordinates></LineString></Placemark>
<Placemark><name>2685662</name><styleUrl>#styleDaimonCIRCUITO173TRECHO</styleUrl><LineString><coordinates>-49.467374,-11.960915,0 -49.468782,-11.960953,0</coordinates></LineString></Placemark>
<Placemark><name>2687148</name><styleUrl>#styleDaimonCIRCUITO173TRECHO</styleUrl><LineString><coordinates>-49.475467,-11.961133,0 -49.476781,-11.961168,0</coordinates></LineString></Placemark>
<Placemark><name>2685661</name><styleUrl>#styleDaimonCIRCUITO173TRECHO</styleUrl><LineString><coordinates>-49.466005,-11.960879,0 -49.467374,-11.960915,0</coordinates></LineString></Placemark>
<Placemark><name>2686600</name><styleUrl>#styleDaimonCIRCUITO173TRECHO</styleUrl><LineString><coordinates>-49.476781,-11.961168,0 -49.477967,-11.961197,0</coordinates></LineString></Placemark>
<Placemark><name>12025308</name><styleUrl>#styleDaimonCIRCUITO173TRECHO</styleUrl><LineString><coordinates>-49.465971,-11.960876,0 -49.466005,-11.960879,0</coordinates></LineString></Placemark>
<Placemark><name>2686601</name><styleUrl>#styleDaimonCIRCUITO173TRECHO</styleUrl><LineString><coordinates>-49.477967,-11.961197,0 -49.479113,-11.961231,0</coordinates></LineString></Placemark>
<Placemark><name>2685660</name><styleUrl>#styleDaimonCIRCUITO173TRECHO</styleUrl><LineString><coordinates>-49.464650,-11.960770,0 -49.465971,-11.960876,0</coordinates></LineString></Placemark>
<Placemark><name>2686602</name><styleUrl>#styleDaimonCIRCUITO173TRECHO</styleUrl><LineString><coordinates>-49.479113,-11.961231,0 -49.480569,-11.961269,0</coordinates></LineString></Placemark>
<Placemark><name>2685659</name><styleUrl>#styleDaimonCIRCUITO173TRECHO</styleUrl><LineString><coordinates>-49.463276,-11.960663,0 -49.464650,-11.960770,0</coordinates></LineString></Placemark>
<Placemark><name>2686613</name><styleUrl>#styleDaimonCIRCUITO173TRECHO</styleUrl><LineString><coordinates>-49.480569,-11.961269,0 -49.481323,-11.961289,0</coordinates></LineString></Placemark>
<Placemark><name>2685658</name><styleUrl>#styleDaimonCIRCUITO173TRECHO</styleUrl><LineString><coordinates>-49.461933,-11.960553,0 -49.463276,-11.960663,0</coordinates></LineString></Placemark>
<Placemark><name>12025310</name><styleUrl>#styleDaimonCIRCUITO173TRECHO</styleUrl><LineString><coordinates>-49.481323,-11.961289,0 -49.481356,-11.961290,0</coordinates></LineString></Placemark>
<Placemark><name>2685657</name><styleUrl>#styleDaimonCIRCUITO173TRECHO</styleUrl><LineString><coordinates>-49.460529,-11.960446,0 -49.461933,-11.960553,0</coordinates></LineString></Placemark>
<Placemark><name>2686767</name><styleUrl>#styleDaimonCIRCUITO173TRECHO</styleUrl><LineString><coordinates>-49.481356,-11.961290,0 -49.482599,-11.961717,0</coordinates></LineString></Placemark>
<Placemark><name>2685656</name><styleUrl>#styleDaimonCIRCUITO173TRECHO</styleUrl><LineString><coordinates>-49.459212,-11.960340,0 -49.460529,-11.960446,0</coordinates></LineString></Placemark>
<Placemark><name>2686768</name><styleUrl>#styleDaimonCIRCUITO173TRECHO</styleUrl><LineString><coordinates>-49.482599,-11.961717,0 -49.483902,-11.962160,0</coordinates></LineString></Placemark>
<Placemark><name>2685655</name><styleUrl>#styleDaimonCIRCUITO173TRECHO</styleUrl><LineString><coordinates>-49.457612,-11.960215,0 -49.459212,-11.960340,0</coordinates></LineString></Placemark>
<Placemark><name>12025311</name><styleUrl>#styleDaimonCIRCUITO173TRECHO</styleUrl><LineString><coordinates>-49.483902,-11.962160,0 -49.483914,-11.962137,0</coordinates></LineString></Placemark>
<Placemark><name>2687877</name><styleUrl>#styleDaimonCIRCUITO173TRECHO</styleUrl><LineString><coordinates>-49.483902,-11.962160,0 -49.484767,-11.962454,0</coordinates></LineString></Placemark>
<Placemark><name>2685654</name><styleUrl>#styleDaimonCIRCUITO173TRECHO</styleUrl><LineString><coordinates>-49.456679,-11.960136,0 -49.457612,-11.960215,0</coordinates></LineString></Placemark>
<Placemark><name>2686769</name><styleUrl>#styleDaimonCIRCUITO173TRECHO</styleUrl><LineString><coordinates>-49.483914,-11.962137,0 -49.484781,-11.961271,0</coordinates></LineString></Placemark>
<Placemark><name>2687882</name><styleUrl>#styleDaimonCIRCUITO173TRECHO</styleUrl><LineString><coordinates>-49.484767,-11.962454,0 -49.486098,-11.962906,0</coordinates></LineString></Placemark>
<Placemark><name>2685653</name><styleUrl>#styleDaimonCIRCUITO173TRECHO</styleUrl><LineString><coordinates>-49.455522,-11.960045,0 -49.456679,-11.960136,0</coordinates></LineString></Placemark>
<Placemark><name>2686770</name><styleUrl>#styleDaimonCIRCUITO173TRECHO</styleUrl><LineString><coordinates>-49.484781,-11.961271,0 -49.485564,-11.960477,0</coordinates></LineString></Placemark>
<Placemark><name>2687883</name><styleUrl>#styleDaimonCIRCUITO173TRECHO</styleUrl><LineString><coordinates>-49.486098,-11.962906,0 -49.487446,-11.963365,0</coordinates></LineString></Placemark>
<Placemark><name>2685652</name><styleUrl>#styleDaimonCIRCUITO173TRECHO</styleUrl><LineString><coordinates>-49.454355,-11.959953,0 -49.455522,-11.960045,0</coordinates></LineString></Placemark>
<Placemark><name>2686771</name><styleUrl>#styleDaimonCIRCUITO173TRECHO</styleUrl><LineString><coordinates>-49.485564,-11.960477,0 -49.486141,-11.959893,0</coordinates></LineString></Placemark>
<Placemark><name>2687881</name><styleUrl>#styleDaimonCIRCUITO173TRECHO</styleUrl><LineString><coordinates>-49.487446,-11.963365,0 -49.488750,-11.963803,0</coordinates></LineString></Placemark>
<Placemark><name>2685651</name><styleUrl>#styleDaimonCIRCUITO173TRECHO</styleUrl><LineString><coordinates>-49.452981,-11.959844,0 -49.454355,-11.959953,0</coordinates></LineString></Placemark>
<Placemark><name>2686772</name><styleUrl>#styleDaimonCIRCUITO173TRECHO</styleUrl><LineString><coordinates>-49.486141,-11.959893,0 -49.486724,-11.959302,0</coordinates></LineString></Placemark>
<Placemark><name>2687880</name><styleUrl>#styleDaimonCIRCUITO173TRECHO</styleUrl><LineString><coordinates>-49.488750,-11.963803,0 -49.489990,-11.964219,0</coordinates></LineString></Placemark>
<Placemark><name>12027920</name><styleUrl>#styleDaimonCIRCUITO173TRECHO</styleUrl><LineString><coordinates>-49.486724,-11.959302,0 -49.486753,-11.959284,0</coordinates></LineString></Placemark>
<Placemark><name>12025312</name><styleUrl>#styleDaimonCIRCUITO173TRECHO</styleUrl><LineString><coordinates>-49.486724,-11.959302,0 -49.486725,-11.959272,0</coordinates></LineString></Placemark>
<Placemark><name>12025306</name><styleUrl>#styleDaimonCIRCUITO173TRECHO</styleUrl><LineString><coordinates>-49.489990,-11.964219,0 -49.490017,-11.964240,0</coordinates></LineString></Placemark>
<Placemark><name>3551318</name><styleUrl>#styleDaimonCIRCUITO173TRECHO</styleUrl><LineString><coordinates>-49.486753,-11.959284,0 -49.486979,-11.959230,0</coordinates></LineString></Placemark>
<Placemark><name>2686773</name><styleUrl>#styleDaimonCIRCUITO173TRECHO</styleUrl><LineString><coordinates>-49.486725,-11.959272,0 -49.486285,-11.958688,0</coordinates></LineString></Placemark>
<Placemark><name>2687879</name><styleUrl>#styleDaimonCIRCUITO173TRECHO</styleUrl><LineString><coordinates>-49.490017,-11.964240,0 -49.490648,-11.965380,0</coordinates></LineString></Placemark>
<Placemark><name>2686774</name><styleUrl>#styleDaimonCIRCUITO173TRECHO</styleUrl><LineString><coordinates>-49.486285,-11.958688,0 -49.485676,-11.957874,0</coordinates></LineString></Placemark>
<Placemark><name>2687878</name><styleUrl>#styleDaimonCIRCUITO173TRECHO</styleUrl><LineString><coordinates>-49.490648,-11.965380,0 -49.491253,-11.966461,0</coordinates></LineString></Placemark>
<Placemark><name>3324551</name><styleUrl>#styleDaimonCIRCUITO173TRECHO</styleUrl><LineString><coordinates>-49.491253,-11.966461,0 -49.491597,-11.967365,0</coordinates></LineString></Placemark>
<Placemark><name>2609952</name><styleUrl>#styleDaimonCIRCUITO173TRECHO</styleUrl><LineString><coordinates>-49.443317,-11.960563,0 -49.442217,-11.960947,0</coordinates></LineString></Placemark>
<Placemark><name>2609956</name><styleUrl>#styleDaimonCIRCUITO173TRECHO</styleUrl><LineString><coordinates>-49.442217,-11.960947,0 -49.441087,-11.961343,0</coordinates></LineString></Placemark>
<Placemark><name>2609659</name><styleUrl>#styleDaimonCIRCUITO173TRECHO</styleUrl><LineString><coordinates>-49.444504,-11.960150,0 -49.443317,-11.960563,0</coordinates></LineString></Placemark>
<Placemark><name>2609665</name><styleUrl>#styleDaimonCIRCUITO173TRECHO</styleUrl><LineString><coordinates>-49.445560,-11.959782,0 -49.444504,-11.960150,0</coordinates></LineString></Placemark>
<Placemark><name>2609662</name><styleUrl>#styleDaimonCIRCUITO173TRECHO</styleUrl><LineString><coordinates>-49.446720,-11.959367,0 -49.445560,-11.959782,0</coordinates></LineString></Placemark>
<Placemark><name>12024509</name><styleUrl>#styleDaimonCIRCUITO173TRECHO</styleUrl><LineString><coordinates>-49.446752,-11.959376,0 -49.446720,-11.959367,0</coordinates></LineString></Placemark>
<Placemark><name>2609655</name><styleUrl>#styleDaimonCIRCUITO173TRECHO</styleUrl><LineString><coordinates>-49.447897,-11.959642,0 -49.446752,-11.959376,0</coordinates></LineString></Placemark>
<Placemark><name>2609955</name><styleUrl>#styleDaimonCIRCUITO173TRECHO</styleUrl><LineString><coordinates>-49.449176,-11.959940,0 -49.447897,-11.959642,0</coordinates></LineString></Placemark>
<Placemark><name>2609951</name><styleUrl>#styleDaimonCIRCUITO173TRECHO</styleUrl><LineString><coordinates>-49.450448,-11.960237,0 -49.449176,-11.959940,0</coordinates></LineString></Placemark>
<Placemark><name>2609658</name><styleUrl>#styleDaimonCIRCUITO173TRECHO</styleUrl><LineString><coordinates>-49.451717,-11.960533,0 -49.450448,-11.960237,0</coordinates></LineString></Placemark>
<Placemark><name>2609651</name><styleUrl>#styleDaimonCIRCUITO173TRECHO</styleUrl><LineString><coordinates>-49.452835,-11.960791,0 -49.451717,-11.960533,0</coordinates></LineString></Placemark>
<Placemark><name>12024511</name><styleUrl>#styleDaimonCIRCUITO173TRECHO</styleUrl><LineString><coordinates>-49.447777,-11.943600,0 -49.447744,-11.943608,0</coordinates></LineString></Placemark>
<Placemark><name>2609664</name><styleUrl>#styleDaimonCIRCUITO173TRECHO</styleUrl><LineString><coordinates>-49.447744,-11.943608,0 -49.446658,-11.944072,0</coordinates></LineString></Placemark>
<Placemark><name>2609660</name><styleUrl>#styleDaimonCIRCUITO173TRECHO</styleUrl><LineString><coordinates>-49.449043,-11.943397,0 -49.447777,-11.943600,0</coordinates></LineString></Placemark>
<Placemark><name>2609657</name><styleUrl>#styleDaimonCIRCUITO173TRECHO</styleUrl><LineString><coordinates>-49.446658,-11.944072,0 -49.445463,-11.944413,0</coordinates></LineString></Placemark>
<Placemark><name>2609653</name><styleUrl>#styleDaimonCIRCUITO173TRECHO</styleUrl><LineString><coordinates>-49.450281,-11.943195,0 -49.449043,-11.943397,0</coordinates></LineString></Placemark>
<Placemark><name>2609667</name><styleUrl>#styleDaimonCIRCUITO173TRECHO</styleUrl><LineString><coordinates>-49.445463,-11.944413,0 -49.443901,-11.944839,0</coordinates></LineString></Placemark>
<Placemark><name>2609953</name><styleUrl>#styleDaimonCIRCUITO173TRECHO</styleUrl><LineString><coordinates>-49.451566,-11.942988,0 -49.450281,-11.943195,0</coordinates></LineString></Placemark>
<Placemark><name>2609954</name><styleUrl>#styleDaimonCIRCUITO173TRECHO</styleUrl><LineString><coordinates>-49.443901,-11.944839,0 -49.442770,-11.945264,0</coordinates></LineString></Placemark>
<Placemark><name>2609666</name><styleUrl>#styleDaimonCIRCUITO173TRECHO</styleUrl><LineString><coordinates>-49.452808,-11.942789,0 -49.451566,-11.942988,0</coordinates></LineString></Placemark>
<Placemark><name>53469149</name><styleUrl>#styleDaimonCIRCUITO173TRECHO</styleUrl><LineString><coordinates>-49.442770,-11.945264,0 -49.442754,-11.945249,0</coordinates></LineString></Placemark>
<Placemark><name>2609654</name><styleUrl>#styleDaimonCIRCUITO173TRECHO</styleUrl><LineString><coordinates>-49.442770,-11.945264,0 -49.442308,-11.945833,0</coordinates></LineString></Placemark>
<Placemark><name>2609656</name><styleUrl>#styleDaimonCIRCUITO173TRECHO</styleUrl><LineString><coordinates>-49.454084,-11.942584,0 -49.452808,-11.942789,0</coordinates></LineString></Placemark>
<Placemark><name>53469167</name><styleUrl>#styleDaimonCIRCUITO173TRECHO</styleUrl><LineString><coordinates>-49.442754,-11.945249,0 -49.442660,-11.945181,0</coordinates></LineString></Placemark>
<Placemark><name>2609661</name><styleUrl>#styleDaimonCIRCUITO173TRECHO</styleUrl><LineString><coordinates>-49.442308,-11.945833,0 -49.442239,-11.946730,0</coordinates></LineString></Placemark>
<Placemark><name>2609663</name><styleUrl>#styleDaimonCIRCUITO173TRECHO</styleUrl><LineString><coordinates>-49.455378,-11.942369,0 -49.454084,-11.942584,0</coordinates></LineString></Placemark>
<Placemark><name>12024510</name><styleUrl>#styleDaimonCIRCUITO173TRECHO</styleUrl><LineString><coordinates>-49.455410,-11.942375,0 -49.455378,-11.942369,0</coordinates></LineString></Placemark>
<Placemark><name>2609652</name><styleUrl>#styleDaimonCIRCUITO173TRECHO</styleUrl><LineString><coordinates>-49.456392,-11.942619,0 -49.455410,-11.942375,0</coordinates></LineString></Placemark>
<Placemark><name>2687867</name><styleUrl>#styleDaimonCIRCUITO173TRECHO</styleUrl><LineString><coordinates>-49.456929,-11.952198,0 -49.457861,-11.952277,0</coordinates></LineString></Placemark>
<Placemark><name>3640488</name><styleUrl>#styleDaimonCIRCUITO173TRECHO</styleUrl><LineString><coordinates>-49.456730,-11.948652,0 -49.455458,-11.948718,0</coordinates></LineString></Placemark>
<Placemark><name>2687721</name><styleUrl>#styleDaimonCIRCUITO173TRECHO</styleUrl><LineString><coordinates>-49.456244,-11.944705,0 -49.456830,-11.944434,0</coordinates></LineString></Placemark>
<Placemark><name>2824363</name><styleUrl>#styleDaimonCIRCUITO173TRECHO</styleUrl><LineString><coordinates>-49.452952,-11.924273,0 -49.453211,-11.923660,0</coordinates></LineString></Placemark>
<Placemark><name>67983809</name><styleUrl>#styleDaimonCIRCUITO173TRECHO</styleUrl><LineString><coordinates>-49.415202,-11.891493,0 -49.415418,-11.891207,0</coordinates></LineString></Placemark>
<Placemark><name>23690018</name><styleUrl>#styleDaimonCIRCUITO173TRECHO</styleUrl><LineString><coordinates>-49.415202,-11.891493,0 -49.415189,-11.891482,0</coordinates></LineString></Placemark>
<Placemark><name>67983796</name><styleUrl>#styleDaimonCIRCUITO173TRECHO</styleUrl><LineString><coordinates>-49.414678,-11.892227,0 -49.415202,-11.891493,0</coordinates></LineString></Placemark>
<Placemark><name>67983845</name><styleUrl>#styleDaimonCIRCUITO173TRECHO</styleUrl><LineString><coordinates>-49.415189,-11.891482,0 -49.414906,-11.891247,0</coordinates></LineString></Placemark>
<Placemark><name>67983734</name><styleUrl>#styleDaimonCIRCUITO173TRECHO</styleUrl><LineString><coordinates>-49.414302,-11.893032,0 -49.414678,-11.892227,0</coordinates></LineString></Placemark>
<Placemark><name>23690046</name><styleUrl>#styleDaimonCIRCUITO173TRECHO</styleUrl><LineString><coordinates>-49.414295,-11.893048,0 -49.414302,-11.893032,0</coordinates></LineString></Placemark>
<Placemark><name>67983750</name><styleUrl>#styleDaimonCIRCUITO173TRECHO</styleUrl><LineString><coordinates>-49.413810,-11.893900,0 -49.414295,-11.893048,0</coordinates></LineString></Placemark>
<Placemark><name>67983749</name><styleUrl>#styleDaimonCIRCUITO173TRECHO</styleUrl><LineString><coordinates>-49.413235,-11.894794,0 -49.413810,-11.893900,0</coordinates></LineString></Placemark>
<Placemark><name>67983747</name><styleUrl>#styleDaimonCIRCUITO173TRECHO</styleUrl><LineString><coordinates>-49.412626,-11.895749,0 -49.413235,-11.894794,0</coordinates></LineString></Placemark>
<Placemark><name>67983746</name><styleUrl>#styleDaimonCIRCUITO173TRECHO</styleUrl><LineString><coordinates>-49.412142,-11.896549,0 -49.412626,-11.895749,0</coordinates></LineString></Placemark>
<Placemark><name>67983744</name><styleUrl>#styleDaimonCIRCUITO173TRECHO</styleUrl><LineString><coordinates>-49.411612,-11.897437,0 -49.412142,-11.896549,0</coordinates></LineString></Placemark>
<Placemark><name>67983743</name><styleUrl>#styleDaimonCIRCUITO173TRECHO</styleUrl><LineString><coordinates>-49.411198,-11.898131,0 -49.411612,-11.897437,0</coordinates></LineString></Placemark>
<Placemark><name>67983741</name><styleUrl>#styleDaimonCIRCUITO173TRECHO</styleUrl><LineString><coordinates>-49.410753,-11.898871,0 -49.411198,-11.898131,0</coordinates></LineString></Placemark>
<Placemark><name>23690056</name><styleUrl>#styleDaimonCIRCUITO173TRECHO</styleUrl><LineString><coordinates>-49.410749,-11.898887,0 -49.410753,-11.898871,0</coordinates></LineString></Placemark>
<Placemark><name>67983721</name><styleUrl>#styleDaimonCIRCUITO173TRECHO</styleUrl><LineString><coordinates>-49.410810,-11.899708,0 -49.410749,-11.898887,0</coordinates></LineString></Placemark>
<Placemark><name>67983714</name><styleUrl>#styleDaimonCIRCUITO173TRECHO</styleUrl><LineString><coordinates>-49.410962,-11.900709,0 -49.410810,-11.899708,0</coordinates></LineString></Placemark>
<Placemark><name>67983639</name><styleUrl>#styleDaimonCIRCUITO173TRECHO</styleUrl><LineString><coordinates>-49.411092,-11.901641,0 -49.410962,-11.900709,0</coordinates></LineString></Placemark>
<Placemark><name>67983667</name><styleUrl>#styleDaimonCIRCUITO173TRECHO</styleUrl><LineString><coordinates>-49.411125,-11.902591,0 -49.411092,-11.901641,0</coordinates></LineString></Placemark>
<Placemark><name>23690066</name><styleUrl>#styleDaimonCIRCUITO173TRECHO</styleUrl><LineString><coordinates>-49.411126,-11.902607,0 -49.411125,-11.902591,0</coordinates></LineString></Placemark>
<Placemark><name>67983665</name><styleUrl>#styleDaimonCIRCUITO173TRECHO</styleUrl><LineString><coordinates>-49.411265,-11.903774,0 -49.411126,-11.902607,0</coordinates></LineString></Placemark>
<Placemark><name>67983663</name><styleUrl>#styleDaimonCIRCUITO173TRECHO</styleUrl><LineString><coordinates>-49.411394,-11.904798,0 -49.411265,-11.903774,0</coordinates></LineString></Placemark>
<Placemark><name>23690076</name><styleUrl>#styleDaimonCIRCUITO173TRECHO</styleUrl><LineString><coordinates>-49.411395,-11.904813,0 -49.411394,-11.904798,0</coordinates></LineString></Placemark>
<Placemark><name>67983661</name><styleUrl>#styleDaimonCIRCUITO173TRECHO</styleUrl><LineString><coordinates>-49.411558,-11.906207,0 -49.411395,-11.904813,0</coordinates></LineString></Placemark>
<Placemark><name>67983659</name><styleUrl>#styleDaimonCIRCUITO173TRECHO</styleUrl><LineString><coordinates>-49.411624,-11.907135,0 -49.411558,-11.906207,0</coordinates></LineString></Placemark>
<Placemark><name>67983657</name><styleUrl>#styleDaimonCIRCUITO173TRECHO</styleUrl><LineString><coordinates>-49.411750,-11.908177,0 -49.411624,-11.907135,0</coordinates></LineString></Placemark>
<Placemark><name>67983655</name><styleUrl>#styleDaimonCIRCUITO173TRECHO</styleUrl><LineString><coordinates>-49.411870,-11.909336,0 -49.411750,-11.908177,0</coordinates></LineString></Placemark>
<Placemark><name>23690095</name><styleUrl>#styleDaimonCIRCUITO173TRECHO</styleUrl><LineString><coordinates>-49.411873,-11.909356,0 -49.411870,-11.909336,0</coordinates></LineString></Placemark>
<Placemark><name>23690086</name><styleUrl>#styleDaimonCIRCUITO173TRECHO</styleUrl><LineString><coordinates>-49.411873,-11.909356,0 -49.411889,-11.909341,0</coordinates></LineString></Placemark>
<Placemark><name>67983632</name><styleUrl>#styleDaimonCIRCUITO173TRECHO</styleUrl><LineString><coordinates>-49.412784,-11.910338,0 -49.411873,-11.909356,0</coordinates></LineString></Placemark>
<Placemark><name>67984205</name><styleUrl>#styleDaimonCIRCUITO173TRECHO</styleUrl><LineString><coordinates>-49.411889,-11.909341,0 -49.412073,-11.909165,0</coordinates></LineString></Placemark>
<Placemark><name>12119250</name><styleUrl>#styleDaimonCIRCUITO173TRECHO</styleUrl><LineString><coordinates>-49.412784,-11.910338,0 -49.412770,-11.910348,0</coordinates></LineString></Placemark>
<Placemark><name>67983390</name><styleUrl>#styleDaimonCIRCUITO173TRECHO</styleUrl><LineString><coordinates>-49.413397,-11.911083,0 -49.412784,-11.910338,0</coordinates></LineString></Placemark>
<Placemark><name>2544168</name><styleUrl>#styleDaimonCIRCUITO173TRECHO</styleUrl><LineString><coordinates>-49.412770,-11.910348,0 -49.412509,-11.910473,0</coordinates></LineString></Placemark>
<Placemark><name>67983446</name><styleUrl>#styleDaimonCIRCUITO173TRECHO</styleUrl><LineString><coordinates>-49.414050,-11.911888,0 -49.413397,-11.911083,0</coordinates></LineString></Placemark>
<Placemark><name>67983445</name><styleUrl>#styleDaimonCIRCUITO173TRECHO</styleUrl><LineString><coordinates>-49.414626,-11.912682,0 -49.414050,-11.911888,0</coordinates></LineString></Placemark>
<Placemark><name>67983444</name><styleUrl>#styleDaimonCIRCUITO173TRECHO</styleUrl><LineString><coordinates>-49.415149,-11.913618,0 -49.414626,-11.912682,0</coordinates></LineString></Placemark>
<Placemark><name>23690106</name><styleUrl>#styleDaimonCIRCUITO173TRECHO</styleUrl><LineString><coordinates>-49.415161,-11.913629,0 -49.415149,-11.913618,0</coordinates></LineString></Placemark>
<Placemark><name>67983443</name><styleUrl>#styleDaimonCIRCUITO173TRECHO</styleUrl><LineString><coordinates>-49.416055,-11.913893,0 -49.415161,-11.913629,0</coordinates></LineString></Placemark>
<Placemark><name>67983442</name><styleUrl>#styleDaimonCIRCUITO173TRECHO</styleUrl><LineString><coordinates>-49.417026,-11.914187,0 -49.416055,-11.913893,0</coordinates></LineString></Placemark>
<Placemark><name>67983441</name><styleUrl>#styleDaimonCIRCUITO173TRECHO</styleUrl><LineString><coordinates>-49.417976,-11.914480,0 -49.417026,-11.914187,0</coordinates></LineString></Placemark>
<Placemark><name>23690116</name><styleUrl>#styleDaimonCIRCUITO173TRECHO</styleUrl><LineString><coordinates>-49.417993,-11.914485,0 -49.417976,-11.914480,0</coordinates></LineString></Placemark>
<Placemark><name>67983440</name><styleUrl>#styleDaimonCIRCUITO173TRECHO</styleUrl><LineString><coordinates>-49.418866,-11.914730,0 -49.417993,-11.914485,0</coordinates></LineString></Placemark>
<Placemark><name>67983439</name><styleUrl>#styleDaimonCIRCUITO173TRECHO</styleUrl><LineString><coordinates>-49.419851,-11.914993,0 -49.418866,-11.914730,0</coordinates></LineString></Placemark>
<Placemark><name>67983438</name><styleUrl>#styleDaimonCIRCUITO173TRECHO</styleUrl><LineString><coordinates>-49.420786,-11.915251,0 -49.419851,-11.914993,0</coordinates></LineString></Placemark>
<Placemark><name>67983437</name><styleUrl>#styleDaimonCIRCUITO173TRECHO</styleUrl><LineString><coordinates>-49.421700,-11.915551,0 -49.420786,-11.915251,0</coordinates></LineString></Placemark>
<Placemark><name>67983436</name><styleUrl>#styleDaimonCIRCUITO173TRECHO</styleUrl><LineString><coordinates>-49.422593,-11.915856,0 -49.421700,-11.915551,0</coordinates></LineString></Placemark>
<Placemark><name>67983435</name><styleUrl>#styleDaimonCIRCUITO173TRECHO</styleUrl><LineString><coordinates>-49.423466,-11.916136,0 -49.422593,-11.915856,0</coordinates></LineString></Placemark>
<Placemark><name>67983434</name><styleUrl>#styleDaimonCIRCUITO173TRECHO</styleUrl><LineString><coordinates>-49.424312,-11.916361,0 -49.423466,-11.916136,0</coordinates></LineString></Placemark>
<Placemark><name>37138993</name><styleUrl>#styleDaimonCIRCUITO173TRECHO</styleUrl><LineString><coordinates>-49.429773,-11.917776,0 -49.429867,-11.917362,0</coordinates></LineString></Placemark>
<Placemark><name>37138982</name><styleUrl>#styleDaimonCIRCUITO173TRECHO</styleUrl><LineString><coordinates>-49.429867,-11.917362,0 -49.429968,-11.916938,0</coordinates></LineString></Placemark>
<Placemark><name>3551317</name><styleUrl>#styleDaimonCIRCUITO173TRECHO</styleUrl><LineString><coordinates>-49.487924,-11.958833,0 -49.488927,-11.958422,0</coordinates></LineString></Placemark>
<Placemark><name>3551314</name><styleUrl>#styleDaimonCIRCUITO173TRECHO</styleUrl><LineString><coordinates>-49.487074,-11.959191,0 -49.487924,-11.958833,0</coordinates></LineString></Placemark>
<Placemark><name>3551313</name><styleUrl>#styleDaimonCIRCUITO173TRECHO</styleUrl><LineString><coordinates>-49.488927,-11.958422,0 -49.489903,-11.958012,0</coordinates></LineString></Placemark>
<Placemark><name>3551312</name><styleUrl>#styleDaimonCIRCUITO173TRECHO</styleUrl><LineString><coordinates>-49.489903,-11.958012,0 -49.490879,-11.957601,0</coordinates></LineString></Placemark>
<Placemark><name>3543999</name><styleUrl>#styleDaimonCIRCUITO173TRECHO</styleUrl><LineString><coordinates>-49.490879,-11.957601,0 -49.491790,-11.957208,0</coordinates></LineString></Placemark>
<Placemark><name>3551316</name><styleUrl>#styleDaimonCIRCUITO173TRECHO</styleUrl><LineString><coordinates>-49.491790,-11.957208,0 -49.492627,-11.956869,0</coordinates></LineString></Placemark>
<Placemark><name>3551315</name><styleUrl>#styleDaimonCIRCUITO173TRECHO</styleUrl><LineString><coordinates>-49.492627,-11.956869,0 -49.493453,-11.956517,0</coordinates></LineString></Placemark>
<Placemark><name>2686778</name><styleUrl>#styleDaimonCIRCUITO173TRECHO</styleUrl><LineString><coordinates>-49.480845,-11.971854,0 -49.480292,-11.973002,0</coordinates></LineString></Placemark>
<Placemark><name>2686777</name><styleUrl>#styleDaimonCIRCUITO173TRECHO</styleUrl><LineString><coordinates>-49.480292,-11.973002,0 -49.479831,-11.973961,0</coordinates></LineString></Placemark>
<Placemark><name>2686779</name><styleUrl>#styleDaimonCIRCUITO173TRECHO</styleUrl><LineString><coordinates>-49.481464,-11.970572,0 -49.480845,-11.971854,0</coordinates></LineString></Placemark>
<Placemark><name>2686776</name><styleUrl>#styleDaimonCIRCUITO173TRECHO</styleUrl><LineString><coordinates>-49.479831,-11.973961,0 -49.479184,-11.975300,0</coordinates></LineString></Placemark>
<Placemark><name>2686780</name><styleUrl>#styleDaimonCIRCUITO173TRECHO</styleUrl><LineString><coordinates>-49.481985,-11.969488,0 -49.481464,-11.970572,0</coordinates></LineString></Placemark>
<Placemark><name>12025313</name><styleUrl>#styleDaimonCIRCUITO173TRECHO</styleUrl><LineString><coordinates>-49.479184,-11.975300,0 -49.479171,-11.975331,0</coordinates></LineString></Placemark>
<Placemark><name>2686781</name><styleUrl>#styleDaimonCIRCUITO173TRECHO</styleUrl><LineString><coordinates>-49.482577,-11.968259,0 -49.481985,-11.969488,0</coordinates></LineString></Placemark>
<Placemark><name>2686775</name><styleUrl>#styleDaimonCIRCUITO173TRECHO</styleUrl><LineString><coordinates>-49.479171,-11.975331,0 -49.479062,-11.976116,0</coordinates></LineString></Placemark>
<Placemark><name>2686483</name><styleUrl>#styleDaimonCIRCUITO173TRECHO</styleUrl><LineString><coordinates>-49.483170,-11.967026,0 -49.482577,-11.968259,0</coordinates></LineString></Placemark>
<Placemark><name>2686484</name><styleUrl>#styleDaimonCIRCUITO173TRECHO</styleUrl><LineString><coordinates>-49.483696,-11.965934,0 -49.483170,-11.967026,0</coordinates></LineString></Placemark>
<Placemark><name>2686485</name><styleUrl>#styleDaimonCIRCUITO173TRECHO</styleUrl><LineString><coordinates>-49.484148,-11.964464,0 -49.483696,-11.965934,0</coordinates></LineString></Placemark>
<Placemark><name>2686487</name><styleUrl>#styleDaimonCIRCUITO173TRECHO</styleUrl><LineString><coordinates>-49.484390,-11.963682,0 -49.484148,-11.964464,0</coordinates></LineString></Placemark>
<Placemark><name>2686486</name><styleUrl>#styleDaimonCIRCUITO173TRECHO</styleUrl><LineString><coordinates>-49.484729,-11.962577,0 -49.484390,-11.963682,0</coordinates></LineString></Placemark>
<Placemark><name>2677370</name><styleUrl>#styleDaimonCIRCUITO173TRECHO</styleUrl><LineString><coordinates>-49.471552,-11.961048,0 -49.471520,-11.961222,0</coordinates></LineString></Placemark>
<Placemark><name>2686611</name><styleUrl>#styleDaimonCIRCUITO173TRECHO</styleUrl><LineString><coordinates>-49.477940,-11.954381,0 -49.476970,-11.953525,0</coordinates></LineString></Placemark>
<Placemark><name>2686612</name><styleUrl>#styleDaimonCIRCUITO173TRECHO</styleUrl><LineString><coordinates>-49.476970,-11.953525,0 -49.476219,-11.952863,0</coordinates></LineString></Placemark>
<Placemark><name>2686610</name><styleUrl>#styleDaimonCIRCUITO173TRECHO</styleUrl><LineString><coordinates>-49.478850,-11.955166,0 -49.477940,-11.954381,0</coordinates></LineString></Placemark>
<Placemark><name>12030198</name><styleUrl>#styleDaimonCIRCUITO173TRECHO</styleUrl><LineString><coordinates>-49.476219,-11.952863,0 -49.476244,-11.952845,0</coordinates></LineString></Placemark>
<Placemark><name>2686603</name><styleUrl>#styleDaimonCIRCUITO173TRECHO</styleUrl><LineString><coordinates>-49.476219,-11.952863,0 -49.475857,-11.952284,0</coordinates></LineString></Placemark>
<Placemark><name>12025309</name><styleUrl>#styleDaimonCIRCUITO173TRECHO</styleUrl><LineString><coordinates>-49.478866,-11.955198,0 -49.478850,-11.955166,0</coordinates></LineString></Placemark>
<Placemark><name>3204330</name><styleUrl>#styleDaimonCIRCUITO173TRECHO</styleUrl><LineString><coordinates>-49.476244,-11.952845,0 -49.476283,-11.952791,0</coordinates></LineString></Placemark>
<Placemark><name>2686609</name><styleUrl>#styleDaimonCIRCUITO173TRECHO</styleUrl><LineString><coordinates>-49.478969,-11.955896,0 -49.478866,-11.955198,0</coordinates></LineString></Placemark>
<Placemark><name>12030200</name><styleUrl>#styleDaimonCIRCUITO173TRECHO</styleUrl><LineString><coordinates>-49.476283,-11.952791,0 -49.476304,-11.952762,0</coordinates></LineString></Placemark>
<Placemark><name>2686608</name><styleUrl>#styleDaimonCIRCUITO173TRECHO</styleUrl><LineString><coordinates>-49.479109,-11.956750,0 -49.478969,-11.955896,0</coordinates></LineString></Placemark>
<Placemark><name>3204333</name><styleUrl>#styleDaimonCIRCUITO173TRECHO</styleUrl><LineString><coordinates>-49.476304,-11.952762,0 -49.476605,-11.952360,0</coordinates></LineString></Placemark>
<Placemark><name>2686607</name><styleUrl>#styleDaimonCIRCUITO173TRECHO</styleUrl><LineString><coordinates>-49.479472,-11.957876,0 -49.479109,-11.956750,0</coordinates></LineString></Placemark>
<Placemark><name>12030197</name><styleUrl>#styleDaimonCIRCUITO173TRECHO</styleUrl><LineString><coordinates>-49.476605,-11.952360,0 -49.476628,-11.952332,0</coordinates></LineString></Placemark>
<Placemark><name>2686606</name><styleUrl>#styleDaimonCIRCUITO173TRECHO</styleUrl><LineString><coordinates>-49.479870,-11.959099,0 -49.479472,-11.957876,0</coordinates></LineString></Placemark>
<Placemark><name>3204327</name><styleUrl>#styleDaimonCIRCUITO173TRECHO</styleUrl><LineString><coordinates>-49.476628,-11.952332,0 -49.476554,-11.951713,0</coordinates></LineString></Placemark>
<Placemark><name>2686605</name><styleUrl>#styleDaimonCIRCUITO173TRECHO</styleUrl><LineString><coordinates>-49.480305,-11.960450,0 -49.479870,-11.959099,0</coordinates></LineString></Placemark>
<Placemark><name>3204337</name><styleUrl>#styleDaimonCIRCUITO173TRECHO</styleUrl><LineString><coordinates>-49.476554,-11.951713,0 -49.476475,-11.951043,0</coordinates></LineString></Placemark>
<Placemark><name>2686604</name><styleUrl>#styleDaimonCIRCUITO173TRECHO</styleUrl><LineString><coordinates>-49.480543,-11.961188,0 -49.480305,-11.960450,0</coordinates></LineString></Placemark>
<Placemark><name>3204335</name><styleUrl>#styleDaimonCIRCUITO173TRECHO</styleUrl><LineString><coordinates>-49.476475,-11.951043,0 -49.476362,-11.949940,0</coordinates></LineString></Placemark>
<Placemark><name>3204328</name><styleUrl>#styleDaimonCIRCUITO173TRECHO</styleUrl><LineString><coordinates>-49.476362,-11.949940,0 -49.476202,-11.948602,0</coordinates></LineString></Placemark>
<Placemark><name>3204331</name><styleUrl>#styleDaimonCIRCUITO173TRECHO</styleUrl><LineString><coordinates>-49.476202,-11.948602,0 -49.476071,-11.947454,0</coordinates></LineString></Placemark>
<Placemark><name>3204338</name><styleUrl>#styleDaimonCIRCUITO173TRECHO</styleUrl><LineString><coordinates>-49.476071,-11.947454,0 -49.475964,-11.946327,0</coordinates></LineString></Placemark>
<Placemark><name>53469169</name><styleUrl>#styleDaimonCIRCUITO173TRECHO</styleUrl><LineString><coordinates>-49.442157,-11.944835,0 -49.441416,-11.944334,0</coordinates></LineString></Placemark>
<Placemark><name>53469170</name><styleUrl>#styleDaimonCIRCUITO173TRECHO</styleUrl><LineString><coordinates>-49.441416,-11.944334,0 -49.440630,-11.943850,0</coordinates></LineString></Placemark>
<Placemark><name>53469168</name><styleUrl>#styleDaimonCIRCUITO173TRECHO</styleUrl><LineString><coordinates>-49.442610,-11.945147,0 -49.442157,-11.944835,0</coordinates></LineString></Placemark>
<Placemark><name>53469158</name><styleUrl>#styleDaimonCIRCUITO173TRECHO</styleUrl><LineString><coordinates>-49.440630,-11.943850,0 -49.439870,-11.943448,0</coordinates></LineString></Placemark>
<Placemark><name>2544234</name><styleUrl>#styleDaimonCIRCUITO173TRECHO</styleUrl><LineString><coordinates>-49.407147,-11.925399,0 -49.408122,-11.926181,0</coordinates></LineString></Placemark>
<Placemark><name>2544233</name><styleUrl>#styleDaimonCIRCUITO173TRECHO</styleUrl><LineString><coordinates>-49.406257,-11.924752,0 -49.407147,-11.925399,0</coordinates></LineString></Placemark>
<Placemark><name>2544235</name><styleUrl>#styleDaimonCIRCUITO173TRECHO</styleUrl><LineString><coordinates>-49.408122,-11.926181,0 -49.409092,-11.926995,0</coordinates></LineString></Placemark>
<Placemark><name>2544232</name><styleUrl>#styleDaimonCIRCUITO173TRECHO</styleUrl><LineString><coordinates>-49.405316,-11.923906,0 -49.406257,-11.924752,0</coordinates></LineString></Placemark>
<Placemark><name>2745568</name><styleUrl>#styleDaimonCIRCUITO173TRECHO</styleUrl><LineString><coordinates>-49.409092,-11.926995,0 -49.410085,-11.927764,0</coordinates></LineString></Placemark>
<Placemark><name>2544231</name><styleUrl>#styleDaimonCIRCUITO173TRECHO</styleUrl><LineString><coordinates>-49.404472,-11.923106,0 -49.405316,-11.923906,0</coordinates></LineString></Placemark>
<Placemark><name>12121602</name><styleUrl>#styleDaimonCIRCUITO173TRECHO</styleUrl><LineString><coordinates>-49.410085,-11.927764,0 -49.410093,-11.927788,0</coordinates></LineString></Placemark>
<Placemark><name>2544230</name><styleUrl>#styleDaimonCIRCUITO173TRECHO</styleUrl><LineString><coordinates>-49.403890,-11.922032,0 -49.404472,-11.923106,0</coordinates></LineString></Placemark>
<Placemark><name>2544236</name><styleUrl>#styleDaimonCIRCUITO173TRECHO</styleUrl><LineString><coordinates>-49.410093,-11.927788,0 -49.410095,-11.929000,0</coordinates></LineString></Placemark>
<Placemark><name>2544317</name><styleUrl>#styleDaimonCIRCUITO173TRECHO</styleUrl><LineString><coordinates>-49.403317,-11.921022,0 -49.403890,-11.922032,0</coordinates></LineString></Placemark>
<Placemark><name>2544237</name><styleUrl>#styleDaimonCIRCUITO173TRECHO</styleUrl><LineString><coordinates>-49.410095,-11.929000,0 -49.409950,-11.930311,0</coordinates></LineString></Placemark>
<Placemark><name>2544227</name><styleUrl>#styleDaimonCIRCUITO173TRECHO</styleUrl><LineString><coordinates>-49.402641,-11.919765,0 -49.403317,-11.921022,0</coordinates></LineString></Placemark>
<Placemark><name>2542904</name><styleUrl>#styleDaimonCIRCUITO173TRECHO</styleUrl><LineString><coordinates>-49.409950,-11.930311,0 -49.409854,-11.931618,0</coordinates></LineString></Placemark>
<Placemark><name>2544226</name><styleUrl>#styleDaimonCIRCUITO173TRECHO</styleUrl><LineString><coordinates>-49.401931,-11.918584,0 -49.402641,-11.919765,0</coordinates></LineString></Placemark>
<Placemark><name>2544238</name><styleUrl>#styleDaimonCIRCUITO173TRECHO</styleUrl><LineString><coordinates>-49.409854,-11.931618,0 -49.409791,-11.932744,0</coordinates></LineString></Placemark>
<Placemark><name>2745567</name><styleUrl>#styleDaimonCIRCUITO173TRECHO</styleUrl><LineString><coordinates>-49.401291,-11.917360,0 -49.401931,-11.918584,0</coordinates></LineString></Placemark>
<Placemark><name>2544239</name><styleUrl>#styleDaimonCIRCUITO173TRECHO</styleUrl><LineString><coordinates>-49.409791,-11.932744,0 -49.409670,-11.934070,0</coordinates></LineString></Placemark>
<Placemark><name>2544225</name><styleUrl>#styleDaimonCIRCUITO173TRECHO</styleUrl><LineString><coordinates>-49.400701,-11.916326,0 -49.401291,-11.917360,0</coordinates></LineString></Placemark>
<Placemark><name>2544240</name><styleUrl>#styleDaimonCIRCUITO173TRECHO</styleUrl><LineString><coordinates>-49.409670,-11.934070,0 -49.409488,-11.935385,0</coordinates></LineString></Placemark>
<Placemark><name>12121601</name><styleUrl>#styleDaimonCIRCUITO173TRECHO</styleUrl><LineString><coordinates>-49.400693,-11.916313,0 -49.400701,-11.916326,0</coordinates></LineString></Placemark>
<Placemark><name>2544241</name><styleUrl>#styleDaimonCIRCUITO173TRECHO</styleUrl><LineString><coordinates>-49.409488,-11.935385,0 -49.409427,-11.936695,0</coordinates></LineString></Placemark>
<Placemark><name>2539885</name><styleUrl>#styleDaimonCIRCUITO173TRECHO</styleUrl><LineString><coordinates>-49.401790,-11.915773,0 -49.400693,-11.916313,0</coordinates></LineString></Placemark>
<Placemark><name>2539884</name><styleUrl>#styleDaimonCIRCUITO173TRECHO</styleUrl><LineString><coordinates>-49.400693,-11.916313,0 -49.399650,-11.916720,0</coordinates></LineString></Placemark>
<Placemark><name>2745569</name><styleUrl>#styleDaimonCIRCUITO173TRECHO</styleUrl><LineString><coordinates>-49.409427,-11.936695,0 -49.409381,-11.937990,0</coordinates></LineString></Placemark>
<Placemark><name>2544224</name><styleUrl>#styleDaimonCIRCUITO173TRECHO</styleUrl><LineString><coordinates>-49.402835,-11.915178,0 -49.401790,-11.915773,0</coordinates></LineString></Placemark>
<Placemark><name>2539883</name><styleUrl>#styleDaimonCIRCUITO173TRECHO</styleUrl><LineString><coordinates>-49.399650,-11.916720,0 -49.398670,-11.917200,0</coordinates></LineString></Placemark>
<Placemark><name>2544651</name><styleUrl>#styleDaimonCIRCUITO173TRECHO</styleUrl><LineString><coordinates>-49.409381,-11.937990,0 -49.409053,-11.939366,0</coordinates></LineString></Placemark>
<Placemark><name>2539886</name><styleUrl>#styleDaimonCIRCUITO173TRECHO</styleUrl><LineString><coordinates>-49.403816,-11.914694,0 -49.402835,-11.915178,0</coordinates></LineString></Placemark>
<Placemark><name>2539882</name><styleUrl>#styleDaimonCIRCUITO173TRECHO</styleUrl><LineString><coordinates>-49.398670,-11.917200,0 -49.397761,-11.917682,0</coordinates></LineString></Placemark>
<Placemark><name>2544652</name><styleUrl>#styleDaimonCIRCUITO173TRECHO</styleUrl><LineString><coordinates>-49.409053,-11.939366,0 -49.408763,-11.940643,0</coordinates></LineString></Placemark>
<Placemark><name>2539887</name><styleUrl>#styleDaimonCIRCUITO173TRECHO</styleUrl><LineString><coordinates>-49.404795,-11.914283,0 -49.403816,-11.914694,0</coordinates></LineString></Placemark>
<Placemark><name>2539881</name><styleUrl>#styleDaimonCIRCUITO173TRECHO</styleUrl><LineString><coordinates>-49.397761,-11.917682,0 -49.396775,-11.918156,0</coordinates></LineString></Placemark>
<Placemark><name>2544653</name><styleUrl>#styleDaimonCIRCUITO173TRECHO</styleUrl><LineString><coordinates>-49.408763,-11.940643,0 -49.408439,-11.941921,0</coordinates></LineString></Placemark>
<Placemark><name>2539275</name><styleUrl>#styleDaimonCIRCUITO173TRECHO</styleUrl><LineString><coordinates>-49.405883,-11.913683,0 -49.404795,-11.914283,0</coordinates></LineString></Placemark>
<Placemark><name>2817336</name><styleUrl>#styleDaimonCIRCUITO173TRECHO</styleUrl><LineString><coordinates>-49.396775,-11.918156,0 -49.395861,-11.918653,0</coordinates></LineString></Placemark>
<Placemark><name>2544654</name><styleUrl>#styleDaimonCIRCUITO173TRECHO</styleUrl><LineString><coordinates>-49.408439,-11.941921,0 -49.408237,-11.943077,0</coordinates></LineString></Placemark>
<Placemark><name>2539995</name><styleUrl>#styleDaimonCIRCUITO173TRECHO</styleUrl><LineString><coordinates>-49.407046,-11.913204,0 -49.405883,-11.913683,0</coordinates></LineString></Placemark>
<Placemark><name>2544228</name><styleUrl>#styleDaimonCIRCUITO173TRECHO</styleUrl><LineString><coordinates>-49.395861,-11.918653,0 -49.394880,-11.919054,0</coordinates></LineString></Placemark>
<Placemark><name>2544655</name><styleUrl>#styleDaimonCIRCUITO173TRECHO</styleUrl><LineString><coordinates>-49.408237,-11.943077,0 -49.407950,-11.944114,0</coordinates></LineString></Placemark>
<Placemark><name>2539996</name><styleUrl>#styleDaimonCIRCUITO173TRECHO</styleUrl><LineString><coordinates>-49.408191,-11.912576,0 -49.407046,-11.913204,0</coordinates></LineString></Placemark>
<Placemark><name>2544229</name><styleUrl>#styleDaimonCIRCUITO173TRECHO</styleUrl><LineString><coordinates>-49.394880,-11.919054,0 -49.393961,-11.919598,0</coordinates></LineString></Placemark>
<Placemark><name>2542905</name><styleUrl>#styleDaimonCIRCUITO173TRECHO</styleUrl><LineString><coordinates>-49.407950,-11.944114,0 -49.407667,-11.945093,0</coordinates></LineString></Placemark>
<Placemark><name>2540002</name><styleUrl>#styleDaimonCIRCUITO173TRECHO</styleUrl><LineString><coordinates>-49.409249,-11.912019,0 -49.408191,-11.912576,0</coordinates></LineString></Placemark>
<Placemark><name>2539811</name><styleUrl>#styleDaimonCIRCUITO173TRECHO</styleUrl><LineString><coordinates>-49.393961,-11.919598,0 -49.393042,-11.920069,0</coordinates></LineString></Placemark>
<Placemark><name>2817337</name><styleUrl>#styleDaimonCIRCUITO173TRECHO</styleUrl><LineString><coordinates>-49.410354,-11.911533,0 -49.409249,-11.912019,0</coordinates></LineString></Placemark>
<Placemark><name>2539276</name><styleUrl>#styleDaimonCIRCUITO173TRECHO</styleUrl><LineString><coordinates>-49.393042,-11.920069,0 -49.392135,-11.920515,0</coordinates></LineString></Placemark>
<Placemark><name>2540005</name><styleUrl>#styleDaimonCIRCUITO173TRECHO</styleUrl><LineString><coordinates>-49.411406,-11.911024,0 -49.410354,-11.911533,0</coordinates></LineString></Placemark>
<Placemark><name>2544223</name><styleUrl>#styleDaimonCIRCUITO173TRECHO</styleUrl><LineString><coordinates>-49.412400,-11.910529,0 -49.411406,-11.911024,0</coordinates></LineString></Placemark>
<Placemark><name>2539565</name><styleUrl>#styleDaimonCIRCUITO173TRECHO</styleUrl><LineString><coordinates>-49.410761,-11.899690,0 -49.410315,-11.899531,0</coordinates></LineString></Placemark>
<Placemark><name>2825179</name><styleUrl>#styleDaimonCIRCUITO173TRECHO</styleUrl><LineString><coordinates>-49.412113,-11.909131,0 -49.412462,-11.908831,0</coordinates></LineString></Placemark>
<Placemark><name>2539403</name><styleUrl>#styleDaimonCIRCUITO173TRECHO</styleUrl><LineString><coordinates>-49.427515,-11.893937,0 -49.428617,-11.893667,0</coordinates></LineString></Placemark>
<Placemark><name>2539404</name><styleUrl>#styleDaimonCIRCUITO173TRECHO</styleUrl><LineString><coordinates>-49.428617,-11.893667,0 -49.429674,-11.893399,0</coordinates></LineString></Placemark>
<Placemark><name>2539402</name><styleUrl>#styleDaimonCIRCUITO173TRECHO</styleUrl><LineString><coordinates>-49.426490,-11.894157,0 -49.427515,-11.893937,0</coordinates></LineString></Placemark>
<Placemark><name>2539405</name><styleUrl>#styleDaimonCIRCUITO173TRECHO</styleUrl><LineString><coordinates>-49.429674,-11.893399,0 -49.430896,-11.893139,0</coordinates></LineString></Placemark>
<Placemark><name>12121393</name><styleUrl>#styleDaimonCIRCUITO173TRECHO</styleUrl><LineString><coordinates>-49.426450,-11.894156,0 -49.426490,-11.894157,0</coordinates></LineString></Placemark>
<Placemark><name>2539406</name><styleUrl>#styleDaimonCIRCUITO173TRECHO</styleUrl><LineString><coordinates>-49.430896,-11.893139,0 -49.431985,-11.892923,0</coordinates></LineString></Placemark>
<Placemark><name>2745570</name><styleUrl>#styleDaimonCIRCUITO173TRECHO</styleUrl><LineString><coordinates>-49.425360,-11.893985,0 -49.426450,-11.894156,0</coordinates></LineString></Placemark>
<Placemark><name>12121600</name><styleUrl>#styleDaimonCIRCUITO173TRECHO</styleUrl><LineString><coordinates>-49.431985,-11.892923,0 -49.431980,-11.892903,0</coordinates></LineString></Placemark>
<Placemark><name>2816054</name><styleUrl>#styleDaimonCIRCUITO173TRECHO</styleUrl><LineString><coordinates>-49.431985,-11.892923,0 -49.432848,-11.892721,0</coordinates></LineString></Placemark>
<Placemark><name>2544164</name><styleUrl>#styleDaimonCIRCUITO173TRECHO</styleUrl><LineString><coordinates>-49.424122,-11.893735,0 -49.425360,-11.893985,0</coordinates></LineString></Placemark>
<Placemark><name>2544165</name><styleUrl>#styleDaimonCIRCUITO173TRECHO</styleUrl><LineString><coordinates>-49.431980,-11.892903,0 -49.432210,-11.892027,0</coordinates></LineString></Placemark>
<Placemark><name>2539401</name><styleUrl>#styleDaimonCIRCUITO173TRECHO</styleUrl><LineString><coordinates>-49.422879,-11.893548,0 -49.424122,-11.893735,0</coordinates></LineString></Placemark>
<Placemark><name>2544166</name><styleUrl>#styleDaimonCIRCUITO173TRECHO</styleUrl><LineString><coordinates>-49.432210,-11.892027,0 -49.432565,-11.891049,0</coordinates></LineString></Placemark>
<Placemark><name>2539400</name><styleUrl>#styleDaimonCIRCUITO173TRECHO</styleUrl><LineString><coordinates>-49.421694,-11.893452,0 -49.422879,-11.893548,0</coordinates></LineString></Placemark>
<Placemark><name>2544478</name><styleUrl>#styleDaimonCIRCUITO173TRECHO</styleUrl><LineString><coordinates>-49.432565,-11.891049,0 -49.433070,-11.890350,0</coordinates></LineString></Placemark>
<Placemark><name>2539399</name><styleUrl>#styleDaimonCIRCUITO173TRECHO</styleUrl><LineString><coordinates>-49.420553,-11.893236,0 -49.421694,-11.893452,0</coordinates></LineString></Placemark>
<Placemark><name>2544167</name><styleUrl>#styleDaimonCIRCUITO173TRECHO</styleUrl><LineString><coordinates>-49.433070,-11.890350,0 -49.433637,-11.889463,0</coordinates></LineString></Placemark>
<Placemark><name>2539398</name><styleUrl>#styleDaimonCIRCUITO173TRECHO</styleUrl><LineString><coordinates>-49.419462,-11.892956,0 -49.420553,-11.893236,0</coordinates></LineString></Placemark>
<Placemark><name>12118641</name><styleUrl>#styleDaimonCIRCUITO173TRECHO</styleUrl><LineString><coordinates>-49.433637,-11.889463,0 -49.433655,-11.889435,0</coordinates></LineString></Placemark>
<Placemark><name>2539397</name><styleUrl>#styleDaimonCIRCUITO173TRECHO</styleUrl><LineString><coordinates>-49.418278,-11.892788,0 -49.419462,-11.892956,0</coordinates></LineString></Placemark>
<Placemark><name>2544656</name><styleUrl>#styleDaimonCIRCUITO173TRECHO</styleUrl><LineString><coordinates>-49.433655,-11.889435,0 -49.435508,-11.886568,0</coordinates></LineString></Placemark>
<Placemark><name>2816053</name><styleUrl>#styleDaimonCIRCUITO173TRECHO</styleUrl><LineString><coordinates>-49.417170,-11.892665,0 -49.418278,-11.892788,0</coordinates></LineString></Placemark>
<Placemark><name>2539372</name><styleUrl>#styleDaimonCIRCUITO173TRECHO</styleUrl><LineString><coordinates>-49.415993,-11.892474,0 -49.417170,-11.892665,0</coordinates></LineString></Placemark>
<Placemark><name>2539371</name><styleUrl>#styleDaimonCIRCUITO173TRECHO</styleUrl><LineString><coordinates>-49.414972,-11.892280,0 -49.415993,-11.892474,0</coordinates></LineString></Placemark>
<Placemark><name>67983806</name><styleUrl>#styleDaimonCIRCUITO173TRECHO</styleUrl><LineString><coordinates>-49.414708,-11.892233,0 -49.414972,-11.892280,0</coordinates></LineString></Placemark>
<Placemark><name>2539370</name><styleUrl>#styleDaimonCIRCUITO173TRECHO</styleUrl><LineString><coordinates>-49.415450,-11.891165,0 -49.415737,-11.890783,0</coordinates></LineString></Placemark>
<Placemark><name>3662548</name><styleUrl>#styleDaimonCIRCUITO173TRECHO</styleUrl><LineString><coordinates>-49.487923,-11.958832,0 -49.487906,-11.958820,0</coordinates></LineString></Placemark>
<Placemark><name>3115157</name><styleUrl>#styleDaimonCIRCUITO173TRECHO</styleUrl><LineString><coordinates>-49.407569,-11.924897,0 -49.407941,-11.924456,0</coordinates></LineString></Placemark>
<Placemark><name>3115156</name><styleUrl>#styleDaimonCIRCUITO173TRECHO</styleUrl><LineString><coordinates>-49.407190,-11.925350,0 -49.407569,-11.924897,0</coordinates></LineString></Placemark>
<Placemark><name>2540004</name><styleUrl>#styleDaimonCIRCUITO173TRECHO</styleUrl><LineString><coordinates>-49.393026,-11.920031,0 -49.392872,-11.919680,0</coordinates></LineString></Placemark>
<Placemark><name>3287321</name><styleUrl>#styleDaimonCIRCUITO173TRECHO</styleUrl><LineString><coordinates>-49.415720,-11.934935,0 -49.416872,-11.935317,0</coordinates></LineString></Placemark>
<Placemark><name>3287320</name><styleUrl>#styleDaimonCIRCUITO173TRECHO</styleUrl><LineString><coordinates>-49.416872,-11.935317,0 -49.418071,-11.935712,0</coordinates></LineString></Placemark>
<Placemark><name>3280359</name><styleUrl>#styleDaimonCIRCUITO173TRECHO</styleUrl><LineString><coordinates>-49.414615,-11.934565,0 -49.415720,-11.934935,0</coordinates></LineString></Placemark>
<Placemark><name>3287319</name><styleUrl>#styleDaimonCIRCUITO173TRECHO</styleUrl><LineString><coordinates>-49.418071,-11.935712,0 -49.419282,-11.936123,0</coordinates></LineString></Placemark>
<Placemark><name>12123960</name><styleUrl>#styleDaimonCIRCUITO173TRECHO</styleUrl><LineString><coordinates>-49.414580,-11.934566,0 -49.414615,-11.934565,0</coordinates></LineString></Placemark>
<Placemark><name>3287318</name><styleUrl>#styleDaimonCIRCUITO173TRECHO</styleUrl><LineString><coordinates>-49.419282,-11.936123,0 -49.420377,-11.936481,0</coordinates></LineString></Placemark>
<Placemark><name>3280360</name><styleUrl>#styleDaimonCIRCUITO173TRECHO</styleUrl><LineString><coordinates>-49.413475,-11.934779,0 -49.414580,-11.934566,0</coordinates></LineString></Placemark>
<Placemark><name>3280361</name><styleUrl>#styleDaimonCIRCUITO173TRECHO</styleUrl><LineString><coordinates>-49.412150,-11.935032,0 -49.413475,-11.934779,0</coordinates></LineString></Placemark>
<Placemark><name>3280362</name><styleUrl>#styleDaimonCIRCUITO173TRECHO</styleUrl><LineString><coordinates>-49.411057,-11.935241,0 -49.412150,-11.935032,0</coordinates></LineString></Placemark>
<Placemark><name>3280364</name><styleUrl>#styleDaimonCIRCUITO173TRECHO</styleUrl><LineString><coordinates>-49.410049,-11.935436,0 -49.411057,-11.935241,0</coordinates></LineString></Placemark>
<Placemark><name>3280363</name><styleUrl>#styleDaimonCIRCUITO173TRECHO</styleUrl><LineString><coordinates>-49.409545,-11.935391,0 -49.410049,-11.935436,0</coordinates></LineString></Placemark>
<Placemark><name>2539277</name><styleUrl>#styleDaimonCIRCUITO173TRECHO</styleUrl><LineString><coordinates>-49.407589,-11.945195,0 -49.406884,-11.946113,0</coordinates></LineString></Placemark>
<Placemark><name>2540003</name><styleUrl>#styleDaimonCIRCUITO173TRECHO</styleUrl><LineString><coordinates>-49.404776,-11.914263,0 -49.404602,-11.914081,0</coordinates></LineString></Placemark>
<Placemark><name>2539407</name><styleUrl>#styleDaimonCIRCUITO173TRECHO</styleUrl><LineString><coordinates>-49.432939,-11.892702,0 -49.433751,-11.892529,0</coordinates></LineString></Placemark>
<Placemark><name>2544657</name><styleUrl>#styleDaimonCIRCUITO173TRECHO</styleUrl><LineString><coordinates>-49.435610,-11.886431,0 -49.436528,-11.885199,0</coordinates></LineString></Placemark>
<Placemark><name>Suporte Chave DJ_AL01036052_FICT</name><styleUrl>#styleDaimonCIRCUITO173TRECHO</styleUrl><LineString><coordinates>-49.564409,-11.803593,0 -49.564025,-11.803497,0</coordinates></LineString></Placemark>
<Placemark><name>Suporte Chave 8800001052</name><styleUrl>#styleDaimonCIRCUITO173TRECHO</styleUrl><LineString><coordinates>-49.563867,-11.803268,0 -49.563819,-11.803303,0</coordinates></LineString></Placemark>
<Placemark><name>Suporte Chave 8800119052</name><styleUrl>#styleDaimonCIRCUITO173TRECHO</styleUrl><LineString><coordinates>-49.554541,-11.804376,0 -49.554462,-11.804375,0</coordinates></LineString></Placemark>
<Placemark><name>Suporte Chave 0200121052</name><styleUrl>#styleDaimonCIRCUITO173TRECHO</styleUrl><LineString><coordinates>-49.556262,-11.804417,0 -49.556265,-11.804379,0</coordinates></LineString></Placemark>
<Placemark><name>Suporte Chave 0300120052</name><styleUrl>#styleDaimonCIRCUITO173TRECHO</styleUrl><LineString><coordinates>-49.555832,-11.804405,0 -49.555839,-11.804429,0</coordinates></LineString></Placemark>
<Placemark><name>Suporte Chave 3360771052</name><styleUrl>#styleDaimonCIRCUITO173TRECHO</styleUrl><LineString><coordinates>-49.538893,-11.806658,0 -49.538906,-11.806686,0</coordinates></LineString></Placemark>
<Placemark><name>Suporte Chave 0300005052</name><styleUrl>#styleDaimonCIRCUITO173TRECHO</styleUrl><LineString><coordinates>-49.536505,-11.807745,0 -49.536519,-11.807733,0</coordinates></LineString></Placemark>
<Placemark><name>Suporte Chave 0300007052</name><styleUrl>#styleDaimonCIRCUITO173TRECHO</styleUrl><LineString><coordinates>-49.534843,-11.808599,0 -49.534858,-11.808749,0</coordinates></LineString></Placemark>
<Placemark><name>Suporte Chave 8800013052</name><styleUrl>#styleDaimonCIRCUITO173TRECHO</styleUrl><LineString><coordinates>-49.534029,-11.809013,0 -49.533975,-11.809020,0</coordinates></LineString></Placemark>
<Placemark><name>Suporte Chave 0300122052</name><styleUrl>#styleDaimonCIRCUITO173TRECHO</styleUrl><LineString><coordinates>-49.556725,-11.808042,0 -49.556623,-11.808044,0</coordinates></LineString></Placemark>
<Placemark><name>Suporte Chave 0200143052</name><styleUrl>#styleDaimonCIRCUITO173TRECHO</styleUrl><LineString><coordinates>-49.557972,-11.812261,0 -49.557981,-11.812310,0</coordinates></LineString></Placemark>
<Placemark><name>Suporte Chave 0346340052</name><styleUrl>#styleDaimonCIRCUITO173TRECHO</styleUrl><LineString><coordinates>-49.556341,-11.805926,0 -49.556356,-11.805920,0</coordinates></LineString></Placemark>
<Placemark><name>Suporte Chave 7901279052</name><styleUrl>#styleDaimonCIRCUITO173TRECHO</styleUrl><LineString><coordinates>-49.539283,-11.807737,0 -49.539299,-11.807789,0</coordinates></LineString></Placemark>
<Placemark><name>Suporte Chave 0355718052</name><styleUrl>#styleDaimonCIRCUITO173TRECHO</styleUrl><LineString><coordinates>-49.536522,-11.806964,0 -49.536535,-11.806961,0</coordinates></LineString></Placemark>
<Placemark><name>Suporte Chave 0300166052</name><styleUrl>#styleDaimonCIRCUITO173TRECHO</styleUrl><LineString><coordinates>-49.538053,-11.816142,0 -49.538086,-11.816124,0</coordinates></LineString></Placemark>
<Placemark><name>Suporte Chave 0201496052</name><styleUrl>#styleDaimonCIRCUITO173TRECHO</styleUrl><LineString><coordinates>-49.537926,-11.815939,0 -49.537966,-11.815920,0</coordinates></LineString></Placemark>
<Placemark><name>Suporte Chave 0300009052</name><styleUrl>#styleDaimonCIRCUITO173TRECHO</styleUrl><LineString><coordinates>-49.534694,-11.813831,0 -49.534625,-11.813849,0</coordinates></LineString></Placemark>
<Placemark><name>Suporte Chave 0200011052</name><styleUrl>#styleDaimonCIRCUITO173TRECHO</styleUrl><LineString><coordinates>-49.537594,-11.815406,0 -49.537580,-11.815425,0</coordinates></LineString></Placemark>
<Placemark><name>Suporte Chave 0301647052</name><styleUrl>#styleDaimonCIRCUITO173TRECHO</styleUrl><LineString><coordinates>-49.538123,-11.816187,0 -49.538184,-11.816271,0</coordinates></LineString></Placemark>
<Placemark><name>Suporte Chave 0300017052</name><styleUrl>#styleDaimonCIRCUITO173TRECHO</styleUrl><LineString><coordinates>-49.530980,-11.806049,0 -49.530956,-11.806067,0</coordinates></LineString></Placemark>
<Placemark><name>Suporte Chave 0300089052</name><styleUrl>#styleDaimonCIRCUITO173TRECHO</styleUrl><LineString><coordinates>-49.528194,-11.809949,0 -49.528201,-11.809922,0</coordinates></LineString></Placemark>
<Placemark><name>Suporte Chave 0300015052</name><styleUrl>#styleDaimonCIRCUITO173TRECHO</styleUrl><LineString><coordinates>-49.531268,-11.805831,0 -49.531293,-11.805813,0</coordinates></LineString></Placemark>
<Placemark><name>Suporte Chave 9025077052</name><styleUrl>#styleDaimonCIRCUITO173TRECHO</styleUrl><LineString><coordinates>-49.526025,-11.809431,0 -49.526024,-11.809433,0</coordinates></LineString></Placemark>
<Placemark><name>Suporte Chave 0300129052</name><styleUrl>#styleDaimonCIRCUITO173TRECHO</styleUrl><LineString><coordinates>-49.532051,-11.807296,0 -49.532054,-11.807296,0</coordinates></LineString></Placemark>
<Placemark><name>Suporte Chave 0300123052</name><styleUrl>#styleDaimonCIRCUITO173TRECHO</styleUrl><LineString><coordinates>-49.555703,-11.808053,0 -49.555706,-11.808031,0</coordinates></LineString></Placemark>
<Placemark><name>Suporte Chave 0364491052</name><styleUrl>#styleDaimonCIRCUITO173TRECHO</styleUrl><LineString><coordinates>-49.544082,-11.817450,0 -49.544029,-11.817485,0</coordinates></LineString></Placemark>
<Placemark><name>Suporte Chave 0364496052</name><styleUrl>#styleDaimonCIRCUITO173TRECHO</styleUrl><LineString><coordinates>-49.559423,-11.864901,0 -49.559431,-11.864897,0</coordinates></LineString></Placemark>
<Placemark><name>Suporte Chave 0364497052</name><styleUrl>#styleDaimonCIRCUITO173TRECHO</styleUrl><LineString><coordinates>-49.559014,-11.864407,0 -49.559023,-11.864403,0</coordinates></LineString></Placemark>
<Placemark><name>Suporte Chave 0364490052</name><styleUrl>#styleDaimonCIRCUITO173TRECHO</styleUrl><LineString><coordinates>-49.539781,-11.809509,0 -49.539742,-11.809524,0</coordinates></LineString></Placemark>
<Placemark><name>Suporte Chave 0364489052</name><styleUrl>#styleDaimonCIRCUITO173TRECHO</styleUrl><LineString><coordinates>-49.547078,-11.832564,0 -49.547033,-11.832580,0</coordinates></LineString></Placemark>
<Placemark><name>Suporte Chave 0364494052</name><styleUrl>#styleDaimonCIRCUITO173TRECHO</styleUrl><LineString><coordinates>-49.549914,-11.843581,0 -49.549934,-11.843566,0</coordinates></LineString></Placemark>
<Placemark><name>Suporte Chave 0361598052</name><styleUrl>#styleDaimonCIRCUITO173TRECHO</styleUrl><LineString><coordinates>-49.543035,-11.816654,0 -49.542962,-11.816762,0</coordinates></LineString></Placemark>
<Placemark><name>Suporte Chave 0364487052</name><styleUrl>#styleDaimonCIRCUITO173TRECHO</styleUrl><LineString><coordinates>-49.560064,-11.865664,0 -49.560073,-11.865660,0</coordinates></LineString></Placemark>
<Placemark><name>Suporte Chave 0364493052</name><styleUrl>#styleDaimonCIRCUITO173TRECHO</styleUrl><LineString><coordinates>-49.549932,-11.843649,0 -49.549891,-11.843696,0</coordinates></LineString></Placemark>
<Placemark><name>Suporte Chave 0200829052</name><styleUrl>#styleDaimonCIRCUITO173TRECHO</styleUrl><LineString><coordinates>-49.537447,-11.815594,0 -49.537443,-11.815599,0</coordinates></LineString></Placemark>
<Placemark><name>Suporte Chave 8862171052</name><styleUrl>#styleDaimonCIRCUITO173TRECHO</styleUrl><LineString><coordinates>-49.527400,-11.806269,0 -49.527381,-11.806245,0</coordinates></LineString></Placemark>
<Placemark><name>Suporte Chave 7925077052</name><styleUrl>#styleDaimonCIRCUITO173TRECHO</styleUrl><LineString><coordinates>-49.526000,-11.809441,0 -49.525999,-11.809441,0</coordinates></LineString></Placemark>
<Placemark><name>Suporte Chave 0300124052</name><styleUrl>#styleDaimonCIRCUITO173TRECHO</styleUrl><LineString><coordinates>-49.555710,-11.806964,0 -49.555675,-11.806969,0</coordinates></LineString></Placemark>
<Placemark><name>Suporte Chave 0310332052</name><styleUrl>#styleDaimonCIRCUITO173TRECHO</styleUrl><LineString><coordinates>-49.510980,-11.845671,0 -49.510860,-11.845700,0</coordinates></LineString></Placemark>
<Placemark><name>Suporte Chave 0302273052</name><styleUrl>#styleDaimonCIRCUITO173TRECHO</styleUrl><LineString><coordinates>-49.506982,-11.880922,0 -49.506953,-11.881053,0</coordinates></LineString></Placemark>
<Placemark><name>Suporte Chave 0310153052</name><styleUrl>#styleDaimonCIRCUITO173TRECHO</styleUrl><LineString><coordinates>-49.527096,-11.835933,0 -49.527061,-11.835846,0</coordinates></LineString></Placemark>
<Placemark><name>Suporte Chave 0300806052</name><styleUrl>#styleDaimonCIRCUITO173TRECHO</styleUrl><LineString><coordinates>-49.543059,-11.833627,0 -49.543051,-11.833587,0</coordinates></LineString></Placemark>
<Placemark><name>Suporte Chave 0301192052</name><styleUrl>#styleDaimonCIRCUITO173TRECHO</styleUrl><LineString><coordinates>-49.529785,-11.835269,0 -49.529744,-11.835184,0</coordinates></LineString></Placemark>
<Placemark><name>Suporte Chave 0310155052</name><styleUrl>#styleDaimonCIRCUITO173TRECHO</styleUrl><LineString><coordinates>-49.511394,-11.840115,0 -49.511398,-11.840051,0</coordinates></LineString></Placemark>
<Placemark><name>Suporte Chave 0310337052</name><styleUrl>#styleDaimonCIRCUITO173TRECHO</styleUrl><LineString><coordinates>-49.509343,-11.880008,0 -49.509396,-11.880132,0</coordinates></LineString></Placemark>
<Placemark><name>Suporte Chave 0300807052</name><styleUrl>#styleDaimonCIRCUITO173TRECHO</styleUrl><LineString><coordinates>-49.535329,-11.840896,0 -49.535396,-11.840968,0</coordinates></LineString></Placemark>
<Placemark><name>Suporte Chave 0300805052</name><styleUrl>#styleDaimonCIRCUITO173TRECHO</styleUrl><LineString><coordinates>-49.545569,-11.833108,0 -49.545560,-11.833066,0</coordinates></LineString></Placemark>
<Placemark><name>Suporte Chave 0300809052</name><styleUrl>#styleDaimonCIRCUITO173TRECHO</styleUrl><LineString><coordinates>-49.507778,-11.880613,0 -49.507745,-11.880506,0</coordinates></LineString></Placemark>
<Placemark><name>Suporte Chave 0301470052</name><styleUrl>#styleDaimonCIRCUITO173TRECHO</styleUrl><LineString><coordinates>-49.547905,-11.827501,0 -49.548027,-11.827492,0</coordinates></LineString></Placemark>
<Placemark><name>Suporte Chave 0300884052</name><styleUrl>#styleDaimonCIRCUITO173TRECHO</styleUrl><LineString><coordinates>-49.556477,-11.850669,0 -49.556535,-11.850636,0</coordinates></LineString></Placemark>
<Placemark><name>Suporte Chave 0302142052</name><styleUrl>#styleDaimonCIRCUITO173TRECHO</styleUrl><LineString><coordinates>-49.556026,-11.849509,0 -49.555975,-11.849537,0</coordinates></LineString></Placemark>
<Placemark><name>Suporte Chave 0300885052</name><styleUrl>#styleDaimonCIRCUITO173TRECHO</styleUrl><LineString><coordinates>-49.558868,-11.854719,0 -49.558907,-11.854842,0</coordinates></LineString></Placemark>
<Placemark><name>Suporte Chave 0310160052</name><styleUrl>#styleDaimonCIRCUITO173TRECHO</styleUrl><LineString><coordinates>-49.551886,-11.840055,0 -49.551970,-11.840028,0</coordinates></LineString></Placemark>
<Placemark><name>Suporte Chave 0300380052</name><styleUrl>#styleDaimonCIRCUITO173TRECHO</styleUrl><LineString><coordinates>-49.550713,-11.831164,0 -49.550772,-11.831082,0</coordinates></LineString></Placemark>
<Placemark><name>Suporte Chave 0310161052</name><styleUrl>#styleDaimonCIRCUITO173TRECHO</styleUrl><LineString><coordinates>-49.550675,-11.842728,0 -49.550716,-11.842748,0</coordinates></LineString></Placemark>
<Placemark><name>Suporte Chave 0300747052</name><styleUrl>#styleDaimonCIRCUITO173TRECHO</styleUrl><LineString><coordinates>-49.548207,-11.828713,0 -49.548179,-11.828739,0</coordinates></LineString></Placemark>
<Placemark><name>Suporte Chave 0361599052</name><styleUrl>#styleDaimonCIRCUITO173TRECHO</styleUrl><LineString><coordinates>-49.541988,-11.818529,0 -49.542005,-11.818564,0</coordinates></LineString></Placemark>
<Placemark><name>Suporte Chave 0310162052</name><styleUrl>#styleDaimonCIRCUITO173TRECHO</styleUrl><LineString><coordinates>-49.546881,-11.847207,0 -49.546770,-11.847321,0</coordinates></LineString></Placemark>
<Placemark><name>Suporte Chave 3326474052</name><styleUrl>#styleDaimonCIRCUITO173TRECHO</styleUrl><LineString><coordinates>-49.548637,-11.845151,0 -49.548695,-11.845223,0</coordinates></LineString></Placemark>
<Placemark><name>Suporte Chave 0200830052</name><styleUrl>#styleDaimonCIRCUITO173TRECHO</styleUrl><LineString><coordinates>-49.536408,-11.815969,0 -49.536428,-11.816013,0</coordinates></LineString></Placemark>
<Placemark><name>Suporte Chave 0200139052</name><styleUrl>#styleDaimonCIRCUITO173TRECHO</styleUrl><LineString><coordinates>-49.535458,-11.816409,0 -49.535445,-11.816453,0</coordinates></LineString></Placemark>
<Placemark><name>Suporte Chave 9001638052</name><styleUrl>#styleDaimonCIRCUITO173TRECHO</styleUrl><LineString><coordinates>-49.525982,-11.809435,0 -49.525980,-11.809433,0</coordinates></LineString></Placemark>
<Placemark><name>Suporte Chave 0310333052</name><styleUrl>#styleDaimonCIRCUITO173TRECHO</styleUrl><LineString><coordinates>-49.492848,-11.850014,0 -49.492718,-11.850080,0</coordinates></LineString></Placemark>
<Placemark><name>Suporte Chave 7961301052</name><styleUrl>#styleDaimonCIRCUITO173TRECHO</styleUrl><LineString><coordinates>-49.503124,-11.892760,0 -49.503213,-11.892789,0</coordinates></LineString></Placemark>
<Placemark><name>Suporte Chave 0300811052</name><styleUrl>#styleDaimonCIRCUITO173TRECHO</styleUrl><LineString><coordinates>-49.504116,-11.893081,0 -49.504117,-11.893083,0</coordinates></LineString></Placemark>
<Placemark><name>Suporte Chave 0301471052</name><styleUrl>#styleDaimonCIRCUITO173TRECHO</styleUrl><LineString><coordinates>-49.559300,-11.827158,0 -49.559441,-11.827203,0</coordinates></LineString></Placemark>
<Placemark><name>Suporte Chave 0332224052</name><styleUrl>#styleDaimonCIRCUITO173TRECHO</styleUrl><LineString><coordinates>-49.560279,-11.859307,0 -49.560233,-11.859332,0</coordinates></LineString></Placemark>
<Placemark><name>Suporte Chave 8848896052</name><styleUrl>#styleDaimonCIRCUITO173TRECHO</styleUrl><LineString><coordinates>-49.524839,-11.808442,0 -49.524815,-11.808436,0</coordinates></LineString></Placemark>
<Placemark><name>Suporte Chave 0300093052</name><styleUrl>#styleDaimonCIRCUITO173TRECHO</styleUrl><LineString><coordinates>-49.524024,-11.812080,0 -49.523990,-11.812070,0</coordinates></LineString></Placemark>
<Placemark><name>Suporte Chave 0300101052</name><styleUrl>#styleDaimonCIRCUITO173TRECHO</styleUrl><LineString><coordinates>-49.523722,-11.812826,0 -49.523752,-11.812835,0</coordinates></LineString></Placemark>
<Placemark><name>Suporte Chave 0300086052</name><styleUrl>#styleDaimonCIRCUITO173TRECHO</styleUrl><LineString><coordinates>-49.524716,-11.809053,0 -49.524671,-11.809040,0</coordinates></LineString></Placemark>
<Placemark><name>Suporte Chave 0310156052</name><styleUrl>#styleDaimonCIRCUITO173TRECHO</styleUrl><LineString><coordinates>-49.480242,-11.918567,0 -49.480254,-11.918593,0</coordinates></LineString></Placemark>
<Placemark><name>Suporte Chave 0310321052</name><styleUrl>#styleDaimonCIRCUITO173TRECHO</styleUrl><LineString><coordinates>-49.488931,-11.901335,0 -49.488808,-11.901356,0</coordinates></LineString></Placemark>
<Placemark><name>Suporte Chave 8801509052</name><styleUrl>#styleDaimonCIRCUITO173TRECHO</styleUrl><LineString><coordinates>-49.478945,-11.919070,0 -49.478871,-11.919187,0</coordinates></LineString></Placemark>
<Placemark><name>Suporte Chave 0302275052</name><styleUrl>#styleDaimonCIRCUITO173TRECHO</styleUrl><LineString><coordinates>-49.489801,-11.901089,0 -49.489799,-11.901064,0</coordinates></LineString></Placemark>
<Placemark><name>Suporte Chave 0310335052</name><styleUrl>#styleDaimonCIRCUITO173TRECHO</styleUrl><LineString><coordinates>-49.504083,-11.905637,0 -49.504148,-11.905644,0</coordinates></LineString></Placemark>
<Placemark><name>Suporte Chave 0310334052</name><styleUrl>#styleDaimonCIRCUITO173TRECHO</styleUrl><LineString><coordinates>-49.524006,-11.929437,0 -49.524049,-11.929445,0</coordinates></LineString></Placemark>
<Placemark><name>Suporte Chave 0310336052</name><styleUrl>#styleDaimonCIRCUITO173TRECHO</styleUrl><LineString><coordinates>-49.514103,-11.927084,0 -49.514013,-11.927123,0</coordinates></LineString></Placemark>
<Placemark><name>Suporte Chave 0300097052</name><styleUrl>#styleDaimonCIRCUITO173TRECHO</styleUrl><LineString><coordinates>-49.515818,-11.809970,0 -49.515823,-11.810000,0</coordinates></LineString></Placemark>
<Placemark><name>Suporte Chave 0300095052</name><styleUrl>#styleDaimonCIRCUITO173TRECHO</styleUrl><LineString><coordinates>-49.518862,-11.810520,0 -49.518879,-11.810492,0</coordinates></LineString></Placemark>
<Placemark><name>Suporte Chave 0300107052</name><styleUrl>#styleDaimonCIRCUITO173TRECHO</styleUrl><LineString><coordinates>-49.518436,-11.819223,0 -49.518444,-11.819257,0</coordinates></LineString></Placemark>
<Placemark><name>Suporte Chave 8861467052</name><styleUrl>#styleDaimonCIRCUITO173TRECHO</styleUrl><LineString><coordinates>-49.525874,-11.816112,0 -49.525891,-11.816145,0</coordinates></LineString></Placemark>
<Placemark><name>Suporte Chave 0300109052</name><styleUrl>#styleDaimonCIRCUITO173TRECHO</styleUrl><LineString><coordinates>-49.516990,-11.819100,0 -49.516985,-11.819063,0</coordinates></LineString></Placemark>
<Placemark><name>Suporte Chave 0300104052</name><styleUrl>#styleDaimonCIRCUITO173TRECHO</styleUrl><LineString><coordinates>-49.522187,-11.817990,0 -49.522196,-11.818007,0</coordinates></LineString></Placemark>
<Placemark><name>Suporte Chave 8861507052</name><styleUrl>#styleDaimonCIRCUITO173TRECHO</styleUrl><LineString><coordinates>-49.523874,-11.816677,0 -49.523858,-11.816645,0</coordinates></LineString></Placemark>
<Placemark><name>Suporte Chave 0300088052</name><styleUrl>#styleDaimonCIRCUITO173TRECHO</styleUrl><LineString><coordinates>-49.523020,-11.808567,0 -49.523014,-11.808579,0</coordinates></LineString></Placemark>
<Placemark><name>Suporte Chave 0300812052</name><styleUrl>#styleDaimonCIRCUITO173TRECHO</styleUrl><LineString><coordinates>-49.470320,-11.925581,0 -49.470381,-11.925651,0</coordinates></LineString></Placemark>
<Placemark><name>Suporte Chave 0310158052</name><styleUrl>#styleDaimonCIRCUITO173TRECHO</styleUrl><LineString><coordinates>-49.463663,-11.926513,0 -49.463671,-11.926480,0</coordinates></LineString></Placemark>
<Placemark><name>Suporte Chave 3301910052</name><styleUrl>#styleDaimonCIRCUITO173TRECHO</styleUrl><LineString><coordinates>-49.465272,-11.926824,0 -49.465227,-11.926934,0</coordinates></LineString></Placemark>
<Placemark><name>Suporte Chave 0310157052</name><styleUrl>#styleDaimonCIRCUITO173TRECHO</styleUrl><LineString><coordinates>-49.468130,-11.926999,0 -49.468162,-11.927040,0</coordinates></LineString></Placemark>
<Placemark><name>Suporte Chave 8846962052</name><styleUrl>#styleDaimonCIRCUITO173TRECHO</styleUrl><LineString><coordinates>-49.462169,-11.926241,0 -49.462050,-11.926215,0</coordinates></LineString></Placemark>
<Placemark><name>Suporte Chave 0301869052</name><styleUrl>#styleDaimonCIRCUITO173TRECHO</styleUrl><LineString><coordinates>-49.469350,-11.905969,0 -49.469340,-11.905948,0</coordinates></LineString></Placemark>
<Placemark><name>Suporte Chave 0358247052</name><styleUrl>#styleDaimonCIRCUITO173TRECHO</styleUrl><LineString><coordinates>-49.516108,-11.811362,0 -49.516108,-11.811363,0</coordinates></LineString></Placemark>
<Placemark><name>Suporte Chave 0300821052</name><styleUrl>#styleDaimonCIRCUITO173TRECHO</styleUrl><LineString><coordinates>-49.474828,-11.930743,0 -49.474925,-11.930678,0</coordinates></LineString></Placemark>
<Placemark><name>Suporte Chave 0300813052</name><styleUrl>#styleDaimonCIRCUITO173TRECHO</styleUrl><LineString><coordinates>-49.486310,-11.944438,0 -49.486376,-11.944521,0</coordinates></LineString></Placemark>
<Placemark><name>Suporte Chave 0302027052</name><styleUrl>#styleDaimonCIRCUITO173TRECHO</styleUrl><LineString><coordinates>-49.481714,-11.939327,0 -49.481735,-11.939321,0</coordinates></LineString></Placemark>
<Placemark><name>Suporte Chave 0301919052</name><styleUrl>#styleDaimonCIRCUITO173TRECHO</styleUrl><LineString><coordinates>-49.454479,-11.956532,0 -49.454541,-11.956527,0</coordinates></LineString></Placemark>
<Placemark><name>Suporte Chave 0348622052</name><styleUrl>#styleDaimonCIRCUITO173TRECHO</styleUrl><LineString><coordinates>-49.453521,-11.963708,0 -49.453604,-11.963728,0</coordinates></LineString></Placemark>
<Placemark><name>Suporte Chave 0301914052</name><styleUrl>#styleDaimonCIRCUITO173TRECHO</styleUrl><LineString><coordinates>-49.452828,-11.959831,0 -49.452981,-11.959844,0</coordinates></LineString></Placemark>
<Placemark><name>Suporte Chave 0302148052</name><styleUrl>#styleDaimonCIRCUITO173TRECHO</styleUrl><LineString><coordinates>-49.452959,-11.960820,0 -49.452835,-11.960791,0</coordinates></LineString></Placemark>
<Placemark><name>Suporte Chave 0302147052</name><styleUrl>#styleDaimonCIRCUITO173TRECHO</styleUrl><LineString><coordinates>-49.456501,-11.942646,0 -49.456392,-11.942619,0</coordinates></LineString></Placemark>
<Placemark><name>Suporte Chave 0301912052</name><styleUrl>#styleDaimonCIRCUITO173TRECHO</styleUrl><LineString><coordinates>-49.456826,-11.952190,0 -49.456929,-11.952198,0</coordinates></LineString></Placemark>
<Placemark><name>Suporte Chave 0338907052</name><styleUrl>#styleDaimonCIRCUITO173TRECHO</styleUrl><LineString><coordinates>-49.456871,-11.948643,0 -49.456730,-11.948652,0</coordinates></LineString></Placemark>
<Placemark><name>Suporte Chave 0301911052</name><styleUrl>#styleDaimonCIRCUITO173TRECHO</styleUrl><LineString><coordinates>-49.456178,-11.944734,0 -49.456244,-11.944705,0</coordinates></LineString></Placemark>
<Placemark><name>Suporte Chave 0300814052</name><styleUrl>#styleDaimonCIRCUITO173TRECHO</styleUrl><LineString><coordinates>-49.452924,-11.924341,0 -49.452952,-11.924273,0</coordinates></LineString></Placemark>
<Placemark><name>Suporte Chave 8846953052</name><styleUrl>#styleDaimonCIRCUITO173TRECHO</styleUrl><LineString><coordinates>-49.424405,-11.916386,0 -49.424312,-11.916361,0</coordinates></LineString></Placemark>
<Placemark><name>Suporte Chave 0350492052</name><styleUrl>#styleDaimonCIRCUITO173TRECHO</styleUrl><LineString><coordinates>-49.429779,-11.917753,0 -49.429773,-11.917776,0</coordinates></LineString></Placemark>
<Placemark><name>Suporte Chave 0331884052</name><styleUrl>#styleDaimonCIRCUITO173TRECHO</styleUrl><LineString><coordinates>-49.486979,-11.959230,0 -49.487074,-11.959191,0</coordinates></LineString></Placemark>
<Placemark><name>Suporte Chave 0301922052</name><styleUrl>#styleDaimonCIRCUITO173TRECHO</styleUrl><LineString><coordinates>-49.484767,-11.962454,0 -49.484729,-11.962577,0</coordinates></LineString></Placemark>
<Placemark><name>Suporte Chave 0314108052</name><styleUrl>#styleDaimonCIRCUITO173TRECHO</styleUrl><LineString><coordinates>-49.471555,-11.961028,0 -49.471552,-11.961048,0</coordinates></LineString></Placemark>
<Placemark><name>Suporte Chave 0302055052</name><styleUrl>#styleDaimonCIRCUITO173TRECHO</styleUrl><LineString><coordinates>-49.480569,-11.961269,0 -49.480543,-11.961188,0</coordinates></LineString></Placemark>
<Placemark><name>Suporte Chave 0364477052</name><styleUrl>#styleDaimonCIRCUITO173TRECHO</styleUrl><LineString><coordinates>-49.442660,-11.945181,0 -49.442610,-11.945147,0</coordinates></LineString></Placemark>
<Placemark><name>Suporte Chave 0300873052</name><styleUrl>#styleDaimonCIRCUITO173TRECHO</styleUrl><LineString><coordinates>-49.412509,-11.910473,0 -49.412400,-11.910529,0</coordinates></LineString></Placemark>
<Placemark><name>Suporte Chave 0310341052</name><styleUrl>#styleDaimonCIRCUITO173TRECHO</styleUrl><LineString><coordinates>-49.410810,-11.899708,0 -49.410761,-11.899690,0</coordinates></LineString></Placemark>
<Placemark><name>Suporte Chave 0300816052</name><styleUrl>#styleDaimonCIRCUITO173TRECHO</styleUrl><LineString><coordinates>-49.412073,-11.909165,0 -49.412113,-11.909131,0</coordinates></LineString></Placemark>
<Placemark><name>Suporte Chave 38463810</name><styleUrl>#styleDaimonCIRCUITO173TRECHO</styleUrl><LineString><coordinates>-49.414678,-11.892227,0 -49.414708,-11.892233,0</coordinates></LineString></Placemark>
<Placemark><name>Suporte Chave 0310340052</name><styleUrl>#styleDaimonCIRCUITO173TRECHO</styleUrl><LineString><coordinates>-49.415418,-11.891207,0 -49.415450,-11.891165,0</coordinates></LineString></Placemark>
<Placemark><name>Suporte Chave 0331885052</name><styleUrl>#styleDaimonCIRCUITO173TRECHO</styleUrl><LineString><coordinates>-49.487924,-11.958833,0 -49.487923,-11.958832,0</coordinates></LineString></Placemark>
<Placemark><name>Suporte Chave 0300665052</name><styleUrl>#styleDaimonCIRCUITO173TRECHO</styleUrl><LineString><coordinates>-49.407147,-11.925399,0 -49.407190,-11.925350,0</coordinates></LineString></Placemark>
<Placemark><name>Suporte Chave 0310347052</name><styleUrl>#styleDaimonCIRCUITO173TRECHO</styleUrl><LineString><coordinates>-49.393042,-11.920069,0 -49.393026,-11.920031,0</coordinates></LineString></Placemark>
<Placemark><name>Suporte Chave 0302050052</name><styleUrl>#styleDaimonCIRCUITO173TRECHO</styleUrl><LineString><coordinates>-49.409488,-11.935385,0 -49.409545,-11.935391,0</coordinates></LineString></Placemark>
<Placemark><name>Suporte Chave 0310345052</name><styleUrl>#styleDaimonCIRCUITO173TRECHO</styleUrl><LineString><coordinates>-49.407667,-11.945093,0 -49.407589,-11.945195,0</coordinates></LineString></Placemark>
<Placemark><name>Suporte Chave 0310346052</name><styleUrl>#styleDaimonCIRCUITO173TRECHO</styleUrl><LineString><coordinates>-49.404795,-11.914283,0 -49.404776,-11.914263,0</coordinates></LineString></Placemark>
<Placemark><name>Suporte Chave 0310339052</name><styleUrl>#styleDaimonCIRCUITO173TRECHO</styleUrl><LineString><coordinates>-49.432848,-11.892721,0 -49.432939,-11.892702,0</coordinates></LineString></Placemark>
<Placemark><name>Suporte Chave 0300881052</name><styleUrl>#styleDaimonCIRCUITO173TRECHO</styleUrl><LineString><coordinates>-49.435508,-11.886568,0 -49.435610,-11.886431,0</coordinates></LineString></Placemark>
<Placemark><name>Suporte Chave 0300140052</name><styleUrl>#styleDaimonCIRCUITO173TRECHO</styleUrl><LineString><coordinates>-49.529513,-11.807418,0 -49.529502,-11.807405,0</coordinates></LineString></Placemark>
<Placemark><name>Suporte Chave 8800129052</name><styleUrl>#styleDaimonCIRCUITO173TRECHO</styleUrl><LineString><coordinates>-49.532073,-11.807274,0 -49.532071,-11.807274,0</coordinates></LineString></Placemark>
<Placemark><name>Suporte Chave 8025077052</name><styleUrl>#styleDaimonCIRCUITO173TRECHO</styleUrl><LineString><coordinates>-49.526006,-11.809389,0 -49.526003,-11.809392,0</coordinates></LineString></Placemark>
</Folder>
<Folder>
<name>RedeBT</name>
</Folder>
</Folder>
</Document>
</kml>