<?xml version="1.0" encoding="UTF-8"?>
<kml xmlns="http://www.opengis.net/kml/2.2" xmlns:gx="http://www.google.com/kml/ext/2.2" xmlns:kml="http://www.opengis.net/kml/2.2" xmlns:atom="http://www.w3.org/2005/Atom">
<Document>
<open>1</open>
<Style id="styleDaimonBarra0"><IconStyle><scale>1.00</scale><Icon><href>http://maps.google.com/mapfiles/kml/paddle/wht-blank.png</href></Icon><hotSpot x="32" y="1" xunits="pixels" yunits="pixels"/></IconStyle><LabelStyle><color>ffffffff</color><colorMode>normal</colorMode><scale>1.00</scale></LabelStyle><ListStyle><ItemIcon><href>http://maps.google.com/mapfiles/kml/paddle/wht-blank.png</href></ItemIcon></ListStyle></Style>
<Style id="styleDaimonBarra1"><IconStyle><scale>1.00</scale><Icon><href>http://maps.google.com/mapfiles/kml/paddle/wht-blank.png</href></Icon><hotSpot x="32" y="1" xunits="pixels" yunits="pixels"/></IconStyle><LabelStyle><color>ffffffff</color><colorMode>normal</colorMode><scale>1.00</scale></LabelStyle><ListStyle><ItemIcon><href>http://maps.google.com/mapfiles/kml/paddle/wht-blank.png</href></ItemIcon></ListStyle></Style>
<StyleMap id="mapDaimonBarra"><Pair><key>normal</key><styleUrl>#styleDaimonBarra0</styleUrl></Pair><Pair><key>highlight</key><styleUrl>#styleDaimonBarra1</styleUrl></Pair></StyleMap>
<Style id="styleDaimonBarraBT0"><IconStyle><scale>1.00</scale><Icon><href>http://maps.google.com/mapfiles/kml/paddle/wht-blank.png</href></Icon><hotSpot x="32" y="1" xunits="pixels" yunits="pixels"/></IconStyle><LabelStyle><color>ffffffff</color><colorMode>normal</colorMode><scale>1.00</scale></LabelStyle><ListStyle><ItemIcon><href>http://maps.google.com/mapfiles/kml/paddle/wht-blank.png</href></ItemIcon></ListStyle></Style>
<Style id="styleDaimonBarraBT1"><IconStyle><scale>1.00</scale><Icon><href>http://maps.google.com/mapfiles/kml/paddle/wht-blank.png</href></Icon><hotSpot x="32" y="1" xunits="pixels" yunits="pixels"/></IconStyle><LabelStyle><color>ffffffff</color><colorMode>normal</colorMode><scale>1.00</scale></LabelStyle><ListStyle><ItemIcon><href>http://maps.google.com/mapfiles/kml/paddle/wht-blank.png</href></ItemIcon></ListStyle></Style>
<StyleMap id="mapDaimonBarraBT"><Pair><key>normal</key><styleUrl>#styleDaimonBarraBT0</styleUrl></Pair><Pair><key>highlight</key><styleUrl>#styleDaimonBarraBT1</styleUrl></Pair></StyleMap>
<Style id="styleDaimonCapacitor0"><IconStyle><scale>1.00</scale><Icon><href>http://maps.google.com/mapfiles/kml/paddle/purple-blank.png</href></Icon><hotSpot x="32" y="1" xunits="pixels" yunits="pixels"/></IconStyle><LabelStyle><color>ffffffff</color><colorMode>normal</colorMode><scale>1.00</scale></LabelStyle><ListStyle><ItemIcon><href>http://maps.google.com/mapfiles/kml/paddle/purple-blank.png</href></ItemIcon></ListStyle></Style>
<Style id="styleDaimonCapacitor1"><IconStyle><scale>1.00</scale><Icon><href>http://maps.google.com/mapfiles/kml/paddle/purple-blank.png</href></Icon><hotSpot x="32" y="1" xunits="pixels" yunits="pixels"/></IconStyle><LabelStyle><color>ffffffff</color><colorMode>normal</colorMode><scale>1.00</scale></LabelStyle><ListStyle><ItemIcon><href>http://maps.google.com/mapfiles/kml/paddle/purple-blank.png</href></ItemIcon></ListStyle></Style>
<StyleMap id="mapDaimonCapacitor"><Pair><key>normal</key><styleUrl>#styleDaimonCapacitor0</styleUrl></Pair><Pair><key>highlight</key><styleUrl>#styleDaimonCapacitor1</styleUrl></Pair></StyleMap>
<Style id="styleDaimonCapacitorBT0"><IconStyle><scale>1.00</scale><Icon><href>http://maps.google.com/mapfiles/kml/paddle/purple-blank.png</href></Icon><hotSpot x="32" y="1" xunits="pixels" yunits="pixels"/></IconStyle><LabelStyle><color>ffffffff</color><colorMode>normal</colorMode><scale>1.00</scale></LabelStyle><ListStyle><ItemIcon><href>http://maps.google.com/mapfiles/kml/paddle/purple-blank.png</href></ItemIcon></ListStyle></Style>
<Style id="styleDaimonCapacitorBT1"><IconStyle><scale>1.00</scale><Icon><href>http://maps.google.com/mapfiles/kml/paddle/purple-blank.png</href></Icon><hotSpot x="32" y="1" xunits="pixels" yunits="pixels"/></IconStyle><LabelStyle><color>ffffffff</color><colorMode>normal</colorMode><scale>1.00</scale></LabelStyle><ListStyle><ItemIcon><href>http://maps.google.com/mapfiles/kml/paddle/purple-blank.png</href></ItemIcon></ListStyle></Style>
<StyleMap id="mapDaimonCapacitorBT"><Pair><key>normal</key><styleUrl>#styleDaimonCapacitorBT0</styleUrl></Pair><Pair><key>highlight</key><styleUrl>#styleDaimonCapacitorBT1</styleUrl></Pair></StyleMap>
<Style id="styleDaimonCapacitorSerie0"><IconStyle><scale>0.60</scale><Icon><href>http://maps.google.com/mapfiles/kml/paddle/purple-blank.png</href></Icon><hotSpot x="32" y="1" xunits="pixels" yunits="pixels"/></IconStyle><LabelStyle><color>ff00ffff</color><colorMode>normal</colorMode><scale>0.60</scale></LabelStyle><ListStyle><ItemIcon><href>http://maps.google.com/mapfiles/kml/paddle/purple-blank.png</href></ItemIcon></ListStyle></Style>
<Style id="styleDaimonCapacitorSerie1"><IconStyle><scale>0.60</scale><Icon><href>http://maps.google.com/mapfiles/kml/paddle/purple-blank.png</href></Icon><hotSpot x="32" y="1" xunits="pixels" yunits="pixels"/></IconStyle><LabelStyle><color>ff00ffff</color><colorMode>normal</colorMode><scale>0.60</scale></LabelStyle><ListStyle><ItemIcon><href>http://maps.google.com/mapfiles/kml/paddle/purple-blank.png</href></ItemIcon></ListStyle></Style>
<StyleMap id="mapDaimonCapacitorSerie"><Pair><key>normal</key><styleUrl>#styleDaimonCapacitorSerie0</styleUrl></Pair><Pair><key>highlight</key><styleUrl>#styleDaimonCapacitorSerie1</styleUrl></Pair></StyleMap>
<Style id="styleDaimonChave0"><IconStyle><scale>0.60</scale><Icon><href>http://maps.google.com/mapfiles/kml/paddle/red-circle.png</href></Icon><hotSpot x="32" y="1" xunits="pixels" yunits="pixels"/></IconStyle><LabelStyle><color>ff0000ff</color><colorMode>normal</colorMode><scale>0.60</scale></LabelStyle><ListStyle><ItemIcon><href>http://maps.google.com/mapfiles/kml/paddle/red-circle.png</href></ItemIcon></ListStyle></Style>
<Style id="styleDaimonChave1"><IconStyle><scale>0.60</scale><Icon><href>http://maps.google.com/mapfiles/kml/paddle/red-circle.png</href></Icon><hotSpot x="32" y="1" xunits="pixels" yunits="pixels"/></IconStyle><LabelStyle><color>ff0000ff</color><colorMode>normal</colorMode><scale>0.60</scale></LabelStyle><ListStyle><ItemIcon><href>http://maps.google.com/mapfiles/kml/paddle/red-circle.png</href></ItemIcon></ListStyle></Style>
<StyleMap id="mapDaimonChave"><Pair><key>normal</key><styleUrl>#styleDaimonChave0</styleUrl></Pair><Pair><key>highlight</key><styleUrl>#styleDaimonChave1</styleUrl></Pair></StyleMap>
<Style id="styleDaimonEP0"><IconStyle><scale>0.80</scale><Icon><href>http://maps.google.com/mapfiles/kml/paddle/ylw-circle.png</href></Icon><hotSpot x="32" y="1" xunits="pixels" yunits="pixels"/></IconStyle><LabelStyle><color>ff00ffff</color><colorMode>normal</colorMode><scale>0.80</scale></LabelStyle><ListStyle><ItemIcon><href>http://maps.google.com/mapfiles/kml/paddle/ylw-circle.png</href></ItemIcon></ListStyle></Style>
<Style id="styleDaimonEP1"><IconStyle><scale>0.80</scale><Icon><href>http://maps.google.com/mapfiles/kml/paddle/ylw-circle.png</href></Icon><hotSpot x="32" y="1" xunits="pixels" yunits="pixels"/></IconStyle><LabelStyle><color>ff00ffff</color><colorMode>normal</colorMode><scale>0.80</scale></LabelStyle><ListStyle><ItemIcon><href>http://maps.google.com/mapfiles/kml/paddle/ylw-circle.png</href></ItemIcon></ListStyle></Style>
<StyleMap id="mapDaimonEP"><Pair><key>normal</key><styleUrl>#styleDaimonEP0</styleUrl></Pair><Pair><key>highlight</key><styleUrl>#styleDaimonEP1</styleUrl></Pair></StyleMap>
<Style id="styleDaimonET0"><IconStyle><scale>0.80</scale><Icon><href>http://maps.google.com/mapfiles/kml/paddle/blu-blank.png</href></Icon><hotSpot x="32" y="1" xunits="pixels" yunits="pixels"/></IconStyle><LabelStyle><color>ffffff00</color><colorMode>normal</colorMode><scale>0.80</scale></LabelStyle><ListStyle><ItemIcon><href>http://maps.google.com/mapfiles/kml/paddle/blu-blank.png</href></ItemIcon></ListStyle></Style>
<Style id="styleDaimonET1"><IconStyle><scale>0.80</scale><Icon><href>http://maps.google.com/mapfiles/kml/paddle/blu-blank.png</href></Icon><hotSpot x="32" y="1" xunits="pixels" yunits="pixels"/></IconStyle><LabelStyle><color>ffffff00</color><colorMode>normal</colorMode><scale>0.80</scale></LabelStyle><ListStyle><ItemIcon><href>http://maps.google.com/mapfiles/kml/paddle/blu-blank.png</href></ItemIcon></ListStyle></Style>
<StyleMap id="mapDaimonET"><Pair><key>normal</key><styleUrl>#styleDaimonET0</styleUrl></Pair><Pair><key>highlight</key><styleUrl>#styleDaimonET1</styleUrl></Pair></StyleMap>
<Style id="styleDaimonGerador0"><IconStyle><scale>1.00</scale><Icon><href>http://maps.google.com/mapfiles/kml/paddle/orange-diamond.png</href></Icon><hotSpot x="32" y="1" xunits="pixels" yunits="pixels"/></IconStyle><LabelStyle><color>ffffffff</color><colorMode>normal</colorMode><scale>1.00</scale></LabelStyle><ListStyle><ItemIcon><href>http://maps.google.com/mapfiles/kml/paddle/orange-diamond.png</href></ItemIcon></ListStyle></Style>
<Style id="styleDaimonGerador1"><IconStyle><scale>1.00</scale><Icon><href>http://maps.google.com/mapfiles/kml/paddle/orange-diamond.png</href></Icon><hotSpot x="32" y="1" xunits="pixels" yunits="pixels"/></IconStyle><LabelStyle><color>ffffffff</color><colorMode>normal</colorMode><scale>1.00</scale></LabelStyle><ListStyle><ItemIcon><href>http://maps.google.com/mapfiles/kml/paddle/orange-diamond.png</href></ItemIcon></ListStyle></Style>
<StyleMap id="mapDaimonGerador"><Pair><key>normal</key><styleUrl>#styleDaimonGerador0</styleUrl></Pair><Pair><key>highlight</key><styleUrl>#styleDaimonGerador1</styleUrl></Pair></StyleMap>
<Style id="styleDaimonReator0"><IconStyle><scale>1.00</scale><Icon><href>http://maps.google.com/mapfiles/kml/paddle/wht-square.png</href></Icon><hotSpot x="32" y="1" xunits="pixels" yunits="pixels"/></IconStyle><LabelStyle><color>ff00ffff</color><colorMode>normal</colorMode><scale>1.00</scale></LabelStyle><ListStyle><ItemIcon><href>http://maps.google.com/mapfiles/kml/paddle/wht-square.png</href></ItemIcon></ListStyle></Style>
<Style id="styleDaimonReator1"><IconStyle><scale>1.00</scale><Icon><href>http://maps.google.com/mapfiles/kml/paddle/wht-square.png</href></Icon><hotSpot x="32" y="1" xunits="pixels" yunits="pixels"/></IconStyle><LabelStyle><color>ff00ffff</color><colorMode>normal</colorMode><scale>1.00</scale></LabelStyle><ListStyle><ItemIcon><href>http://maps.google.com/mapfiles/kml/paddle/wht-square.png</href></ItemIcon></ListStyle></Style>
<StyleMap id="mapDaimonReator"><Pair><key>normal</key><styleUrl>#styleDaimonReator0</styleUrl></Pair><Pair><key>highlight</key><styleUrl>#styleDaimonReator1</styleUrl></Pair></StyleMap>
<Style id="styleDaimonRegulador0"><IconStyle><scale>1.00</scale><Icon><href>http://maps.google.com/mapfiles/kml/paddle/orange-diamond.png</href></Icon><hotSpot x="32" y="1" xunits="pixels" yunits="pixels"/></IconStyle><LabelStyle><color>ff00a5ff</color><colorMode>normal</colorMode><scale>1.00</scale></LabelStyle><ListStyle><ItemIcon><href>http://maps.google.com/mapfiles/kml/paddle/orange-diamond.png</href></ItemIcon></ListStyle></Style>
<Style id="styleDaimonRegulador1"><IconStyle><scale>1.00</scale><Icon><href>http://maps.google.com/mapfiles/kml/paddle/orange-diamond.png</href></Icon><hotSpot x="32" y="1" xunits="pixels" yunits="pixels"/></IconStyle><LabelStyle><color>ff00a5ff</color><colorMode>normal</colorMode><scale>1.00</scale></LabelStyle><ListStyle><ItemIcon><href>http://maps.google.com/mapfiles/kml/paddle/orange-diamond.png</href></ItemIcon></ListStyle></Style>
<StyleMap id="mapDaimonRegulador"><Pair><key>normal</key><styleUrl>#styleDaimonRegulador0</styleUrl></Pair><Pair><key>highlight</key><styleUrl>#styleDaimonRegulador1</styleUrl></Pair></StyleMap>
<Style id="styleDaimonTransformador0"><IconStyle><scale>1.00</scale><Icon><href>http://maps.google.com/mapfiles/kml/paddle/pink-circle.png</href></Icon><hotSpot x="32" y="1" xunits="pixels" yunits="pixels"/></IconStyle><LabelStyle><color>ffff00ff</color><colorMode>normal</colorMode><scale>1.00</scale></LabelStyle><ListStyle><ItemIcon><href>http://maps.google.com/mapfiles/kml/paddle/pink-circle.png</href></ItemIcon></ListStyle></Style>
<Style id="styleDaimonTransformador1"><IconStyle><scale>1.00</scale><Icon><href>http://maps.google.com/mapfiles/kml/paddle/pink-circle.png</href></Icon><hotSpot x="32" y="1" xunits="pixels" yunits="pixels"/></IconStyle><LabelStyle><color>ffff00ff</color><colorMode>normal</colorMode><scale>1.00</scale></LabelStyle><ListStyle><ItemIcon><href>http://maps.google.com/mapfiles/kml/paddle/pink-circle.png</href></ItemIcon></ListStyle></Style>
<StyleMap id="mapDaimonTransformador"><Pair><key>normal</key><styleUrl>#styleDaimonTransformador0</styleUrl></Pair><Pair><key>highlight</key><styleUrl>#styleDaimonTransformador1</styleUrl></Pair></StyleMap>
<Style id="styleDaimonTrecho"><LineStyle><color>ffffffff</color><width>1.00</width></LineStyle></Style>
<Style id="styleDaimonTrechoBT"><LineStyle><color>ffff0000</color><width>1.00</width></LineStyle></Style>
<Style id="styleDaimonChaveNA0"><IconStyle><scale>0.60</scale><Icon><href>http://maps.google.com/mapfiles/kml/paddle/grn-blank.png</href></Icon><hotSpot x="32" y="1" xunits="pixels" yunits="pixels"/></IconStyle><LabelStyle><color>ff00ff00</color><colorMode>normal</colorMode><scale>0.60</scale></LabelStyle><ListStyle><ItemIcon><href>http://maps.google.com/mapfiles/kml/paddle/grn-blank.png</href></ItemIcon></ListStyle></Style>
<Style id="styleDaimonChaveNA1"><IconStyle><scale>0.60</scale><Icon><href>http://maps.google.com/mapfiles/kml/paddle/grn-blank.png</href></Icon><hotSpot x="32" y="1" xunits="pixels" yunits="pixels"/></IconStyle><LabelStyle><color>ff00ff00</color><colorMode>normal</colorMode><scale>0.60</scale></LabelStyle><ListStyle><ItemIcon><href>http://maps.google.com/mapfiles/kml/paddle/grn-blank.png</href></ItemIcon></ListStyle></Style>
<StyleMap id="mapDaimonChaveNA"><Pair><key>normal</key><styleUrl>#styleDaimonChaveNA0</styleUrl></Pair><Pair><key>highlight</key><styleUrl>#styleDaimonChaveNA1</styleUrl></Pair></StyleMap>
<Style id="styleDaimonChaveSoco0"><IconStyle><scale>0.60</scale><Icon><href>http://maps.google.com/mapfiles/kml/paddle/grn-blank.png</href></Icon><hotSpot x="32" y="1" xunits="pixels" yunits="pixels"/></IconStyle><LabelStyle><color>ff00ff00</color><colorMode>normal</colorMode><scale>0.60</scale></LabelStyle><ListStyle><ItemIcon><href>http://maps.google.com/mapfiles/kml/paddle/grn-blank.png</href></ItemIcon></ListStyle></Style>
<Style id="styleDaimonChaveSoco1"><IconStyle><scale>0.60</scale><Icon><href>http://maps.google.com/mapfiles/kml/paddle/grn-blank.png</href></Icon><hotSpot x="32" y="1" xunits="pixels" yunits="pixels"/></IconStyle><LabelStyle><color>ff00ff00</color><colorMode>normal</colorMode><scale>0.60</scale></LabelStyle><ListStyle><ItemIcon><href>http://maps.google.com/mapfiles/kml/paddle/grn-blank.png</href></ItemIcon></ListStyle></Style>
<StyleMap id="mapDaimonChaveSoco"><Pair><key>normal</key><styleUrl>#styleDaimonChaveSoco0</styleUrl></Pair><Pair><key>highlight</key><styleUrl>#styleDaimonChaveSoco1</styleUrl></Pair></StyleMap>
<Style id="styleDaimonSE0"><IconStyle><scale>1.20</scale><Icon><href>http://maps.google.com/mapfiles/kml/paddle/wht-circle.png</href></Icon><hotSpot x="32" y="1" xunits="pixels" yunits="pixels"/></IconStyle><LabelStyle><color>ffffffff</color><colorMode>normal</colorMode><scale>1.20</scale></LabelStyle><ListStyle><ItemIcon><href>http://maps.google.com/mapfiles/kml/paddle/wht-circle.png</href></ItemIcon></ListStyle></Style>
<Style id="styleDaimonSE1"><IconStyle><scale>1.20</scale><Icon><href>http://maps.google.com/mapfiles/kml/paddle/wht-circle.png</href></Icon><hotSpot x="32" y="1" xunits="pixels" yunits="pixels"/></IconStyle><LabelStyle><color>ffffffff</color><colorMode>normal</colorMode><scale>1.20</scale></LabelStyle><ListStyle><ItemIcon><href>http://maps.google.com/mapfiles/kml/paddle/wht-circle.png</href></ItemIcon></ListStyle></Style>
<StyleMap id="mapDaimonSE"><Pair><key>normal</key><styleUrl>#styleDaimonSE0</styleUrl></Pair><Pair><key>highlight</key><styleUrl>#styleDaimonSE1</styleUrl></Pair></StyleMap>
<Style id="styleDaimonDiag_BOM"><LineStyle><color>ff80ff80</color><width>3.20</width></LineStyle></Style>
<Style id="styleDaimonDiag_REGULAR"><LineStyle><color>ff00ffff</color><width>3.20</width></LineStyle></Style>
<Style id="styleDaimonDiag_RUIM"><LineStyle><color>ff0000ff</color><width>3.20</width></LineStyle></Style>
<Style id="styleDaimonDiag_INDEF"><LineStyle><color>ff808080</color><width>3.20</width></LineStyle></Style>
<Style id="styleDaimonDiag_BARRA_BOM0"><IconStyle><scale>0.60</scale><Icon><href>http://maps.google.com/mapfiles/kml/paddle/grn-blank.png</href></Icon><hotSpot x="32" y="1" xunits="pixels" yunits="pixels"/></IconStyle><LabelStyle><color>ffffffff</color><colorMode>normal</colorMode><scale>0.60</scale></LabelStyle><ListStyle><ItemIcon><href>http://maps.google.com/mapfiles/kml/paddle/grn-blank.png</href></ItemIcon></ListStyle></Style>
<Style id="styleDaimonDiag_BARRA_BOM1"><IconStyle><scale>0.60</scale><Icon><href>http://maps.google.com/mapfiles/kml/paddle/grn-blank.png</href></Icon><hotSpot x="32" y="1" xunits="pixels" yunits="pixels"/></IconStyle><LabelStyle><color>ffffffff</color><colorMode>normal</colorMode><scale>0.60</scale></LabelStyle><ListStyle><ItemIcon><href>http://maps.google.com/mapfiles/kml/paddle/grn-blank.png</href></ItemIcon></ListStyle></Style>
<StyleMap id="mapDaimonDiag_BARRA_BOM"><Pair><key>normal</key><styleUrl>#styleDaimonDiag_BARRA_BOM0</styleUrl></Pair><Pair><key>highlight</key><styleUrl>#styleDaimonDiag_BARRA_BOM1</styleUrl></Pair></StyleMap>
<Style id="styleDaimonDiag_BARRA_REGULAR0"><IconStyle><scale>0.60</scale><Icon><href>http://maps.google.com/mapfiles/kml/paddle/ylw-blank.png</href></Icon><hotSpot x="32" y="1" xunits="pixels" yunits="pixels"/></IconStyle><LabelStyle><color>ffffffff</color><colorMode>normal</colorMode><scale>0.60</scale></LabelStyle><ListStyle><ItemIcon><href>http://maps.google.com/mapfiles/kml/paddle/ylw-blank.png</href></ItemIcon></ListStyle></Style>
<Style id="styleDaimonDiag_BARRA_REGULAR1"><IconStyle><scale>0.60</scale><Icon><href>http://maps.google.com/mapfiles/kml/paddle/ylw-blank.png</href></Icon><hotSpot x="32" y="1" xunits="pixels" yunits="pixels"/></IconStyle><LabelStyle><color>ffffffff</color><colorMode>normal</colorMode><scale>0.60</scale></LabelStyle><ListStyle><ItemIcon><href>http://maps.google.com/mapfiles/kml/paddle/ylw-blank.png</href></ItemIcon></ListStyle></Style>
<StyleMap id="mapDaimonDiag_BARRA_REGULAR"><Pair><key>normal</key><styleUrl>#styleDaimonDiag_BARRA_REGULAR0</styleUrl></Pair><Pair><key>highlight</key><styleUrl>#styleDaimonDiag_BARRA_REGULAR1</styleUrl></Pair></StyleMap>
<Style id="styleDaimonDiag_BARRA_RUIM0"><IconStyle><scale>0.60</scale><Icon><href>http://maps.google.com/mapfiles/kml/paddle/red-blank.png</href></Icon><hotSpot x="32" y="1" xunits="pixels" yunits="pixels"/></IconStyle><LabelStyle><color>ffffffff</color><colorMode>normal</colorMode><scale>0.60</scale></LabelStyle><ListStyle><ItemIcon><href>http://maps.google.com/mapfiles/kml/paddle/red-blank.png</href></ItemIcon></ListStyle></Style>
<Style id="styleDaimonDiag_BARRA_RUIM1"><IconStyle><scale>0.60</scale><Icon><href>http://maps.google.com/mapfiles/kml/paddle/red-blank.png</href></Icon><hotSpot x="32" y="1" xunits="pixels" yunits="pixels"/></IconStyle><LabelStyle><color>ffffffff</color><colorMode>normal</colorMode><scale>0.60</scale></LabelStyle><ListStyle><ItemIcon><href>http://maps.google.com/mapfiles/kml/paddle/red-blank.png</href></ItemIcon></ListStyle></Style>
<StyleMap id="mapDaimonDiag_BARRA_RUIM"><Pair><key>normal</key><styleUrl>#styleDaimonDiag_BARRA_RUIM0</styleUrl></Pair><Pair><key>highlight</key><styleUrl>#styleDaimonDiag_BARRA_RUIM1</styleUrl></Pair></StyleMap>
<Style id="styleDaimonDiag_BARRA_INDEF0"><IconStyle><scale>0.60</scale><Icon><href>http://maps.google.com/mapfiles/kml/paddle/wht-blank.png</href></Icon><hotSpot x="32" y="1" xunits="pixels" yunits="pixels"/></IconStyle><LabelStyle><color>ffffffff</color><colorMode>normal</colorMode><scale>0.60</scale></LabelStyle><ListStyle><ItemIcon><href>http://maps.google.com/mapfiles/kml/paddle/wht-blank.png</href></ItemIcon></ListStyle></Style>
<Style id="styleDaimonDiag_BARRA_INDEF1"><IconStyle><scale>0.60</scale><Icon><href>http://maps.google.com/mapfiles/kml/paddle/wht-blank.png</href></Icon><hotSpot x="32" y="1" xunits="pixels" yunits="pixels"/></IconStyle><LabelStyle><color>ffffffff</color><colorMode>normal</colorMode><scale>0.60</scale></LabelStyle><ListStyle><ItemIcon><href>http://maps.google.com/mapfiles/kml/paddle/wht-blank.png</href></ItemIcon></ListStyle></Style>
<StyleMap id="mapDaimonDiag_BARRA_INDEF"><Pair><key>normal</key><styleUrl>#styleDaimonDiag_BARRA_INDEF0</styleUrl></Pair><Pair><key>highlight</key><styleUrl>#styleDaimonDiag_BARRA_INDEF1</styleUrl></Pair></StyleMap>
<Style id="styleDaimonMONO"><LineStyle><color>ff0000ff</color><width>2.00</width></LineStyle></Style>
<Style id="styleDaimonBI"><LineStyle><color>ff00ff00</color><width>2.00</width></LineStyle></Style>
<Style id="styleDaimonTRI"><LineStyle><color>ffff0000</color><width>2.00</width></LineStyle></Style>
<Style id="styleDaimonMONO_BT"><LineStyle><color>ffffff00</color><width>1.00</width></LineStyle></Style>
<Style id="styleDaimonBI_BT"><LineStyle><color>ffff00ff</color><width>1.00</width></LineStyle></Style>
<Style id="styleDaimonTRI_BT"><LineStyle><color>ff00ffff</color><width>1.00</width></LineStyle></Style>
<Style id="styleDaimonCIRCUITO377TRECHO"><LineStyle><color>ff8000ff</color><width>2.00</width></LineStyle></Style>
<Style id="styleDaimonFolderCirc_AL01010021"><ListStyle><bgColor>ff8000ff</bgColor></ListStyle></Style>
<Folder>
<name>Circ_AL01010021</name>
<styleUrl>#styleDaimonFolderCirc_AL01010021</styleUrl><Folder>
<name>Capacitor</name>
<visibility>0</visibility>
</Folder>
<Folder>
<name>CapacitorSerie</name>
<visibility>0</visibility>
</Folder>
<Folder>
<name>Chave</name>
<visibility>0</visibility>
<Placemark><name>DJ_AL01010021_FICT</name><visibility>0</visibility><LookAt><longitude>-47.858896</longitude><latitude>-12.609339</latitude><altitude>1200.0</altitude><altitudeMode>absolute</altitudeMode></LookAt><styleUrl>#mapDaimonChave</styleUrl><Point><coordinates>-47.858896,-12.609339,0</coordinates></Point></Placemark>
<Placemark><name>8834045021</name><visibility>0</visibility><LookAt><longitude>-47.859090</longitude><latitude>-12.609412</latitude><altitude>1200.0</altitude><altitudeMode>absolute</altitudeMode></LookAt><styleUrl>#mapDaimonChave</styleUrl><Point><coordinates>-47.859090,-12.609412,0</coordinates></Point></Placemark>
<Placemark><name>8800510021</name><visibility>0</visibility><LookAt><longitude>-47.864098</longitude><latitude>-12.614385</latitude><altitude>1200.0</altitude><altitudeMode>absolute</altitudeMode></LookAt><styleUrl>#mapDaimonChave</styleUrl><Point><coordinates>-47.864098,-12.614385,0</coordinates></Point></Placemark>
<Placemark><name>8800501021</name><visibility>0</visibility><LookAt><longitude>-47.867540</longitude><latitude>-12.618759</latitude><altitude>1200.0</altitude><altitudeMode>absolute</altitudeMode></LookAt><styleUrl>#mapDaimonChave</styleUrl><Point><coordinates>-47.867540,-12.618759,0</coordinates></Point></Placemark>
<Placemark><name>8800548021</name><visibility>0</visibility><LookAt><longitude>-47.868200</longitude><latitude>-12.619551</latitude><altitude>1200.0</altitude><altitudeMode>absolute</altitudeMode></LookAt><styleUrl>#mapDaimonChave</styleUrl><Point><coordinates>-47.868200,-12.619551,0</coordinates></Point></Placemark>
<Placemark><name>8800503021</name><visibility>0</visibility><LookAt><longitude>-47.868160</longitude><latitude>-12.619436</latitude><altitude>1200.0</altitude><altitudeMode>absolute</altitudeMode></LookAt><styleUrl>#mapDaimonChave</styleUrl><Point><coordinates>-47.868160,-12.619436,0</coordinates></Point></Placemark>
<Placemark><name>9043905021</name><visibility>0</visibility><LookAt><longitude>-47.874315</longitude><latitude>-12.616349</latitude><altitude>1200.0</altitude><altitudeMode>absolute</altitudeMode></LookAt><styleUrl>#mapDaimonChave</styleUrl><Point><coordinates>-47.874315,-12.616349,0</coordinates></Point></Placemark>
<Placemark><name>0300023021</name><visibility>0</visibility><LookAt><longitude>-47.870415</longitude><latitude>-12.618027</latitude><altitude>1200.0</altitude><altitudeMode>absolute</altitudeMode></LookAt><styleUrl>#mapDaimonChave</styleUrl><Point><coordinates>-47.870415,-12.618027,0</coordinates></Point></Placemark>
<Placemark><name>3329887021</name><visibility>0</visibility><LookAt><longitude>-47.869492</longitude><latitude>-12.621302</latitude><altitude>1200.0</altitude><altitudeMode>absolute</altitudeMode></LookAt><styleUrl>#mapDaimonChave</styleUrl><Point><coordinates>-47.869492,-12.621302,0</coordinates></Point></Placemark>
<Placemark><name>7943905021</name><visibility>0</visibility><LookAt><longitude>-47.874305</longitude><latitude>-12.616373</latitude><altitude>1200.0</altitude><altitudeMode>absolute</altitudeMode></LookAt><styleUrl>#mapDaimonChave</styleUrl><Point><coordinates>-47.874305,-12.616373,0</coordinates></Point></Placemark>
<Placemark><name>8856764021</name><visibility>0</visibility><LookAt><longitude>-47.868588</longitude><latitude>-12.614947</latitude><altitude>1200.0</altitude><altitudeMode>absolute</altitudeMode></LookAt><styleUrl>#mapDaimonChave</styleUrl><Point><coordinates>-47.868588,-12.614947,0</coordinates></Point></Placemark>
<Placemark><name>9000556021</name><visibility>0</visibility><LookAt><longitude>-47.874315</longitude><latitude>-12.616393</latitude><altitude>1200.0</altitude><altitudeMode>absolute</altitudeMode></LookAt><styleUrl>#mapDaimonChave</styleUrl><Point><coordinates>-47.874315,-12.616393,0</coordinates></Point></Placemark>
<Placemark><name>8800013021</name><visibility>0</visibility><LookAt><longitude>-47.881726</longitude><latitude>-12.618557</latitude><altitude>1200.0</altitude><altitudeMode>absolute</altitudeMode></LookAt><styleUrl>#mapDaimonChave</styleUrl><Point><coordinates>-47.881726,-12.618557,0</coordinates></Point></Placemark>
<Placemark><name>8836573021</name><visibility>0</visibility><LookAt><longitude>-47.875971</longitude><latitude>-12.617126</latitude><altitude>1200.0</altitude><altitudeMode>absolute</altitudeMode></LookAt><styleUrl>#mapDaimonChave</styleUrl><Point><coordinates>-47.875971,-12.617126,0</coordinates></Point></Placemark>
<Placemark><name>0300505021</name><visibility>0</visibility><LookAt><longitude>-47.877908</longitude><latitude>-12.618256</latitude><altitude>1200.0</altitude><altitudeMode>absolute</altitudeMode></LookAt><styleUrl>#mapDaimonChave</styleUrl><Point><coordinates>-47.877908,-12.618256,0</coordinates></Point></Placemark>
<Placemark><name>0300016021</name><visibility>0</visibility><LookAt><longitude>-47.881231</longitude><latitude>-12.616038</latitude><altitude>1200.0</altitude><altitudeMode>absolute</altitudeMode></LookAt><styleUrl>#mapDaimonChave</styleUrl><Point><coordinates>-47.881231,-12.616038,0</coordinates></Point></Placemark>
<Placemark><name>0300014021</name><visibility>0</visibility><LookAt><longitude>-47.880453</longitude><latitude>-12.615887</latitude><altitude>1200.0</altitude><altitudeMode>absolute</altitudeMode></LookAt><styleUrl>#mapDaimonChave</styleUrl><Point><coordinates>-47.880453,-12.615887,0</coordinates></Point></Placemark>
<Placemark><name>0300115021</name><visibility>0</visibility><LookAt><longitude>-47.882658</longitude><latitude>-12.624739</latitude><altitude>1200.0</altitude><altitudeMode>absolute</altitudeMode></LookAt><styleUrl>#mapDaimonChave</styleUrl><Point><coordinates>-47.882658,-12.624739,0</coordinates></Point></Placemark>
<Placemark><name>0300005021</name><visibility>0</visibility><LookAt><longitude>-47.873942</longitude><latitude>-12.615010</latitude><altitude>1200.0</altitude><altitudeMode>absolute</altitudeMode></LookAt><styleUrl>#mapDaimonChave</styleUrl><Point><coordinates>-47.873942,-12.615010,0</coordinates></Point></Placemark>
<Placemark><name>0300007021</name><visibility>0</visibility><LookAt><longitude>-47.874894</longitude><latitude>-12.616970</latitude><altitude>1200.0</altitude><altitudeMode>absolute</altitudeMode></LookAt><styleUrl>#mapDaimonChave</styleUrl><Point><coordinates>-47.874894,-12.616970,0</coordinates></Point></Placemark>
<Placemark><name>0300448021</name><visibility>0</visibility><LookAt><longitude>-47.879002</longitude><latitude>-12.612015</latitude><altitude>1200.0</altitude><altitudeMode>absolute</altitudeMode></LookAt><styleUrl>#mapDaimonChave</styleUrl><Point><coordinates>-47.879002,-12.612015,0</coordinates></Point></Placemark>
<Placemark><name>0300449021</name><visibility>0</visibility><LookAt><longitude>-47.883047</longitude><latitude>-12.609358</latitude><altitude>1200.0</altitude><altitudeMode>absolute</altitudeMode></LookAt><styleUrl>#mapDaimonChave</styleUrl><Point><coordinates>-47.883047,-12.609358,0</coordinates></Point></Placemark>
<Placemark><name>334207021</name><visibility>0</visibility><LookAt><longitude>-47.882207</longitude><latitude>-12.610068</latitude><altitude>1200.0</altitude><altitudeMode>absolute</altitudeMode></LookAt><styleUrl>#mapDaimonChave</styleUrl><Point><coordinates>-47.882207,-12.610068,0</coordinates></Point></Placemark>
<Placemark><name>8043905021</name><visibility>0</visibility><LookAt><longitude>-47.874359</longitude><latitude>-12.616363</latitude><altitude>1200.0</altitude><altitudeMode>absolute</altitudeMode></LookAt><styleUrl>#mapDaimonChaveNA</styleUrl><Point><coordinates>-47.874359,-12.616363,0</coordinates></Point></Placemark>
<Placemark><name>8856763021</name><visibility>0</visibility><LookAt><longitude>-47.878919</longitude><latitude>-12.614593</latitude><altitude>1200.0</altitude><altitudeMode>absolute</altitudeMode></LookAt><styleUrl>#mapDaimonChaveNA</styleUrl><Point><coordinates>-47.878919,-12.614593,0</coordinates></Point></Placemark>
<Placemark><name>8800451021</name><visibility>0</visibility><LookAt><longitude>-47.873994</longitude><latitude>-12.616017</latitude><altitude>1200.0</altitude><altitudeMode>absolute</altitudeMode></LookAt><styleUrl>#mapDaimonChaveNA</styleUrl><Point><coordinates>-47.873994,-12.616017,0</coordinates></Point></Placemark>
</Folder>
<Folder>
<name>EP</name>
<visibility>0</visibility>
<Placemark><name>5700449021</name><visibility>0</visibility><LookAt><longitude>-47.884043</longitude><latitude>-12.608705</latitude><altitude>1200.0</altitude><altitudeMode>absolute</altitudeMode></LookAt><styleUrl>#mapDaimonEP</styleUrl><Point><coordinates>-47.884043,-12.608705,0</coordinates></Point></Placemark>
</Folder>
<Folder>
<name>ET</name>
<visibility>0</visibility>
<Placemark><name>5700026021</name><visibility>0</visibility><LookAt><longitude>-47.863827</longitude><latitude>-12.618716</latitude><altitude>1200.0</altitude><altitudeMode>absolute</altitudeMode></LookAt><styleUrl>#mapDaimonET</styleUrl><Point><coordinates>-47.863827,-12.618716,0</coordinates></Point></Placemark>
<Placemark><name>5700027021</name><visibility>0</visibility><LookAt><longitude>-47.864881</longitude><latitude>-12.616610</latitude><altitude>1200.0</altitude><altitudeMode>absolute</altitudeMode></LookAt><styleUrl>#mapDaimonET</styleUrl><Point><coordinates>-47.864881,-12.616610,0</coordinates></Point></Placemark>
<Placemark><name>5700489021</name><visibility>0</visibility><LookAt><longitude>-47.865202</longitude><latitude>-12.621222</latitude><altitude>1200.0</altitude><altitudeMode>absolute</altitudeMode></LookAt><styleUrl>#mapDaimonET</styleUrl><Point><coordinates>-47.865202,-12.621222,0</coordinates></Point></Placemark>
<Placemark><name>5700106021</name><visibility>0</visibility><LookAt><longitude>-47.866509</longitude><latitude>-12.621920</latitude><altitude>1200.0</altitude><altitudeMode>absolute</altitudeMode></LookAt><styleUrl>#mapDaimonET</styleUrl><Point><coordinates>-47.866509,-12.621920,0</coordinates></Point></Placemark>
<Placemark><name>5732712021</name><visibility>0</visibility><LookAt><longitude>-47.869868</longitude><latitude>-12.618430</latitude><altitude>1200.0</altitude><altitudeMode>absolute</altitudeMode></LookAt><styleUrl>#mapDaimonET</styleUrl><Point><coordinates>-47.869868,-12.618430,0</coordinates></Point></Placemark>
<Placemark><name>5745109021</name><visibility>0</visibility><LookAt><longitude>-47.869963</longitude><latitude>-12.619259</latitude><altitude>1200.0</altitude><altitudeMode>absolute</altitudeMode></LookAt><styleUrl>#mapDaimonET</styleUrl><Point><coordinates>-47.869963,-12.619259,0</coordinates></Point></Placemark>
<Placemark><name>5700003021</name><visibility>0</visibility><LookAt><longitude>-47.868586</longitude><latitude>-12.619189</latitude><altitude>1200.0</altitude><altitudeMode>absolute</altitudeMode></LookAt><styleUrl>#mapDaimonET</styleUrl><Point><coordinates>-47.868586,-12.619189,0</coordinates></Point></Placemark>
<Placemark><name>5700500021</name><visibility>0</visibility><LookAt><longitude>-47.871455</longitude><latitude>-12.615585</latitude><altitude>1200.0</altitude><altitudeMode>absolute</altitudeMode></LookAt><styleUrl>#mapDaimonET</styleUrl><Point><coordinates>-47.871455,-12.615585,0</coordinates></Point></Placemark>
<Placemark><name>5732711021</name><visibility>0</visibility><LookAt><longitude>-47.869539</longitude><latitude>-12.620900</latitude><altitude>1200.0</altitude><altitudeMode>absolute</altitudeMode></LookAt><styleUrl>#mapDaimonET</styleUrl><Point><coordinates>-47.869539,-12.620900,0</coordinates></Point></Placemark>
<Placemark><name>5756620021</name><visibility>0</visibility><LookAt><longitude>-47.872147</longitude><latitude>-12.614510</latitude><altitude>1200.0</altitude><altitudeMode>absolute</altitudeMode></LookAt><styleUrl>#mapDaimonET</styleUrl><Point><coordinates>-47.872147,-12.614510,0</coordinates></Point></Placemark>
<Placemark><name>5700024021</name><visibility>0</visibility><LookAt><longitude>-47.868422</longitude><latitude>-12.614341</latitude><altitude>1200.0</altitude><altitudeMode>absolute</altitudeMode></LookAt><styleUrl>#mapDaimonET</styleUrl><Point><coordinates>-47.868422,-12.614341,0</coordinates></Point></Placemark>
<Placemark><name>5708558021</name><visibility>0</visibility><LookAt><longitude>-47.869470</longitude><latitude>-12.616317</latitude><altitude>1200.0</altitude><altitudeMode>absolute</altitudeMode></LookAt><styleUrl>#mapDaimonET</styleUrl><Point><coordinates>-47.869470,-12.616317,0</coordinates></Point></Placemark>
<Placemark><name>5729884021</name><visibility>0</visibility><LookAt><longitude>-47.870024</longitude><latitude>-12.622825</latitude><altitude>1200.0</altitude><altitudeMode>absolute</altitudeMode></LookAt><styleUrl>#mapDaimonET</styleUrl><Point><coordinates>-47.870024,-12.622825,0</coordinates></Point></Placemark>
<Placemark><name>5700470021</name><visibility>0</visibility><LookAt><longitude>-47.876728</longitude><latitude>-12.618395</latitude><altitude>1200.0</altitude><altitudeMode>absolute</altitudeMode></LookAt><styleUrl>#mapDaimonET</styleUrl><Point><coordinates>-47.876728,-12.618395,0</coordinates></Point></Placemark>
<Placemark><name>5700506021</name><visibility>0</visibility><LookAt><longitude>-47.874842</longitude><latitude>-12.617881</latitude><altitude>1200.0</altitude><altitudeMode>absolute</altitudeMode></LookAt><styleUrl>#mapDaimonET</styleUrl><Point><coordinates>-47.874842,-12.617881,0</coordinates></Point></Placemark>
<Placemark><name>5700471021</name><visibility>0</visibility><LookAt><longitude>-47.880156</longitude><latitude>-12.616650</latitude><altitude>1200.0</altitude><altitudeMode>absolute</altitudeMode></LookAt><styleUrl>#mapDaimonET</styleUrl><Point><coordinates>-47.880156,-12.616650,0</coordinates></Point></Placemark>
<Placemark><name>5762232021</name><visibility>0</visibility><LookAt><longitude>-47.879577</longitude><latitude>-12.616291</latitude><altitude>1200.0</altitude><altitudeMode>absolute</altitudeMode></LookAt><styleUrl>#mapDaimonET</styleUrl><Point><coordinates>-47.879577,-12.616291,0</coordinates></Point></Placemark>
<Placemark><name>5765222021</name><visibility>0</visibility><LookAt><longitude>-47.879196</longitude><latitude>-12.616176</latitude><altitude>1200.0</altitude><altitudeMode>absolute</altitudeMode></LookAt><styleUrl>#mapDaimonET</styleUrl><Point><coordinates>-47.879196,-12.616176,0</coordinates></Point></Placemark>
<Placemark><name>5700115021</name><visibility>0</visibility><LookAt><longitude>-47.882307</longitude><latitude>-12.623459</latitude><altitude>1200.0</altitude><altitudeMode>absolute</altitudeMode></LookAt><styleUrl>#mapDaimonET</styleUrl><Point><coordinates>-47.882307,-12.623459,0</coordinates></Point></Placemark>
<Placemark><name>5700430021</name><visibility>0</visibility><LookAt><longitude>-47.877039</longitude><latitude>-12.616481</latitude><altitude>1200.0</altitude><altitudeMode>absolute</altitudeMode></LookAt><styleUrl>#mapDaimonET</styleUrl><Point><coordinates>-47.877039,-12.616481,0</coordinates></Point></Placemark>
<Placemark><name>5700105021</name><visibility>0</visibility><LookAt><longitude>-47.872754</longitude><latitude>-12.618262</latitude><altitude>1200.0</altitude><altitudeMode>absolute</altitudeMode></LookAt><styleUrl>#mapDaimonET</styleUrl><Point><coordinates>-47.872754,-12.618262,0</coordinates></Point></Placemark>
<Placemark><name>5700004021</name><visibility>0</visibility><LookAt><longitude>-47.873538</longitude><latitude>-12.614807</latitude><altitude>1200.0</altitude><altitudeMode>absolute</altitudeMode></LookAt><styleUrl>#mapDaimonET</styleUrl><Point><coordinates>-47.873538,-12.614807,0</coordinates></Point></Placemark>
<Placemark><name>5700505021</name><visibility>0</visibility><LookAt><longitude>-47.877726</longitude><latitude>-12.617987</latitude><altitude>1200.0</altitude><altitudeMode>absolute</altitudeMode></LookAt><styleUrl>#mapDaimonET</styleUrl><Point><coordinates>-47.877726,-12.617987,0</coordinates></Point></Placemark>
<Placemark><name>5700017021</name><visibility>0</visibility><LookAt><longitude>-47.882391</longitude><latitude>-12.615780</latitude><altitude>1200.0</altitude><altitudeMode>absolute</altitudeMode></LookAt><styleUrl>#mapDaimonET</styleUrl><Point><coordinates>-47.882391,-12.615780,0</coordinates></Point></Placemark>
<Placemark><name>5700466021</name><visibility>0</visibility><LookAt><longitude>-47.882242</longitude><latitude>-12.617391</latitude><altitude>1200.0</altitude><altitudeMode>absolute</altitudeMode></LookAt><styleUrl>#mapDaimonET</styleUrl><Point><coordinates>-47.882242,-12.617391,0</coordinates></Point></Placemark>
<Placemark><name>5700015021</name><visibility>0</visibility><LookAt><longitude>-47.880337</longitude><latitude>-12.615400</latitude><altitude>1200.0</altitude><altitudeMode>absolute</altitudeMode></LookAt><styleUrl>#mapDaimonET</styleUrl><Point><coordinates>-47.880337,-12.615400,0</coordinates></Point></Placemark>
<Placemark><name>5700021021</name><visibility>0</visibility><LookAt><longitude>-47.882969</longitude><latitude>-12.624853</latitude><altitude>1200.0</altitude><altitudeMode>absolute</altitudeMode></LookAt><styleUrl>#mapDaimonET</styleUrl><Point><coordinates>-47.882969,-12.624853,0</coordinates></Point></Placemark>
<Placemark><name>5700493021</name><visibility>0</visibility><LookAt><longitude>-47.878569</longitude><latitude>-12.613949</latitude><altitude>1200.0</altitude><altitudeMode>absolute</altitudeMode></LookAt><styleUrl>#mapDaimonET</styleUrl><Point><coordinates>-47.878569,-12.613949,0</coordinates></Point></Placemark>
<Placemark><name>5700006021</name><visibility>0</visibility><LookAt><longitude>-47.876874</longitude><latitude>-12.613286</latitude><altitude>1200.0</altitude><altitudeMode>absolute</altitudeMode></LookAt><styleUrl>#mapDaimonET</styleUrl><Point><coordinates>-47.876874,-12.613286,0</coordinates></Point></Placemark>
<Placemark><name>5754830021</name><visibility>0</visibility><LookAt><longitude>-47.873507</longitude><latitude>-12.612595</latitude><altitude>1200.0</altitude><altitudeMode>absolute</altitudeMode></LookAt><styleUrl>#mapDaimonET</styleUrl><Point><coordinates>-47.873507,-12.612595,0</coordinates></Point></Placemark>
<Placemark><name>5700008021</name><visibility>0</visibility><LookAt><longitude>-47.876127</longitude><latitude>-12.616239</latitude><altitude>1200.0</altitude><altitudeMode>absolute</altitudeMode></LookAt><styleUrl>#mapDaimonET</styleUrl><Point><coordinates>-47.876127,-12.616239,0</coordinates></Point></Placemark>
<Placemark><name>5756681021</name><visibility>0</visibility><LookAt><longitude>-47.875170</longitude><latitude>-12.616801</latitude><altitude>1200.0</altitude><altitudeMode>absolute</altitudeMode></LookAt><styleUrl>#mapDaimonET</styleUrl><Point><coordinates>-47.875170,-12.616801,0</coordinates></Point></Placemark>
<Placemark><name>5734206021</name><visibility>0</visibility><LookAt><longitude>-47.883096</longitude><latitude>-12.610700</latitude><altitude>1200.0</altitude><altitudeMode>absolute</altitudeMode></LookAt><styleUrl>#mapDaimonET</styleUrl><Point><coordinates>-47.883096,-12.610700,0</coordinates></Point></Placemark>
</Folder>
<Folder>
<name>Gerador</name>
<visibility>0</visibility>
</Folder>
<Folder>
<name>Reator</name>
<visibility>0</visibility>
</Folder>
<Folder>
<name>Regulador</name>
<visibility>0</visibility>
</Folder>
<Folder>
<name>Transformador</name>
<visibility>0</visibility>
</Folder>
<Folder>
<name>Trecho</name>
<Placemark><name>3616379</name><styleUrl>#styleDaimonCIRCUITO377TRECHO</styleUrl><LineString><coordinates>-47.859029,-12.609304,0 -47.859087,-12.609407,0</coordinates></LineString></Placemark>
<Placemark><name>3618667</name><styleUrl>#styleDaimonCIRCUITO377TRECHO</styleUrl><LineString><coordinates>-47.863157,-12.614002,0 -47.863774,-12.614914,0</coordinates></LineString></Placemark>
<Placemark><name>3614693</name><styleUrl>#styleDaimonCIRCUITO377TRECHO</styleUrl><LineString><coordinates>-47.863774,-12.614914,0 -47.864084,-12.614365,0</coordinates></LineString></Placemark>
<Placemark><name>3618673</name><styleUrl>#styleDaimonCIRCUITO377TRECHO</styleUrl><LineString><coordinates>-47.862564,-12.613131,0 -47.863157,-12.614002,0</coordinates></LineString></Placemark>
<Placemark><name>3618680</name><styleUrl>#styleDaimonCIRCUITO377TRECHO</styleUrl><LineString><coordinates>-47.861945,-12.612220,0 -47.862564,-12.613131,0</coordinates></LineString></Placemark>
<Placemark><name>3618677</name><styleUrl>#styleDaimonCIRCUITO377TRECHO</styleUrl><LineString><coordinates>-47.861327,-12.611370,0 -47.861945,-12.612220,0</coordinates></LineString></Placemark>
<Placemark><name>3618671</name><styleUrl>#styleDaimonCIRCUITO377TRECHO</styleUrl><LineString><coordinates>-47.860739,-12.610515,0 -47.861327,-12.611370,0</coordinates></LineString></Placemark>
<Placemark><name>3618669</name><styleUrl>#styleDaimonCIRCUITO377TRECHO</styleUrl><LineString><coordinates>-47.859975,-12.609471,0 -47.860739,-12.610515,0</coordinates></LineString></Placemark>
<Placemark><name>12083929</name><styleUrl>#styleDaimonCIRCUITO377TRECHO</styleUrl><LineString><coordinates>-47.859942,-12.609464,0 -47.859975,-12.609471,0</coordinates></LineString></Placemark>
<Placemark><name>3618668</name><styleUrl>#styleDaimonCIRCUITO377TRECHO</styleUrl><LineString><coordinates>-47.859715,-12.609489,0 -47.859942,-12.609464,0</coordinates></LineString></Placemark>
<Placemark><name>12083927</name><styleUrl>#styleDaimonCIRCUITO377TRECHO</styleUrl><LineString><coordinates>-47.859681,-12.609488,0 -47.859715,-12.609489,0</coordinates></LineString></Placemark>
<Placemark><name>3618681</name><styleUrl>#styleDaimonCIRCUITO377TRECHO</styleUrl><LineString><coordinates>-47.859396,-12.609511,0 -47.859681,-12.609488,0</coordinates></LineString></Placemark>
<Placemark><name>3618674</name><styleUrl>#styleDaimonCIRCUITO377TRECHO</styleUrl><LineString><coordinates>-47.859153,-12.609532,0 -47.859396,-12.609511,0</coordinates></LineString></Placemark>
<Placemark><name>12083928</name><styleUrl>#styleDaimonCIRCUITO377TRECHO</styleUrl><LineString><coordinates>-47.859138,-12.609501,0 -47.859153,-12.609532,0</coordinates></LineString></Placemark>
<Placemark><name>3618678</name><styleUrl>#styleDaimonCIRCUITO377TRECHO</styleUrl><LineString><coordinates>-47.859092,-12.609417,0 -47.859138,-12.609501,0</coordinates></LineString></Placemark>
<Placemark><name>2951226</name><styleUrl>#styleDaimonCIRCUITO377TRECHO</styleUrl><LineString><coordinates>-47.863572,-12.618869,0 -47.863246,-12.619037,0</coordinates></LineString></Placemark>
<Placemark><name>3361834</name><styleUrl>#styleDaimonCIRCUITO377TRECHO</styleUrl><LineString><coordinates>-47.863246,-12.619037,0 -47.862910,-12.619215,0</coordinates></LineString></Placemark>
<Placemark><name>12124811</name><styleUrl>#styleDaimonCIRCUITO377TRECHO</styleUrl><LineString><coordinates>-47.863596,-12.618851,0 -47.863572,-12.618869,0</coordinates></LineString></Placemark>
<Placemark><name>2506021</name><styleUrl>#styleDaimonCIRCUITO377TRECHO</styleUrl><LineString><coordinates>-47.863827,-12.618716,0 -47.863596,-12.618851,0</coordinates></LineString></Placemark>
<Placemark><name>2506030</name><styleUrl>#styleDaimonCIRCUITO377TRECHO</styleUrl><LineString><coordinates>-47.864037,-12.618592,0 -47.863827,-12.618716,0</coordinates></LineString></Placemark>
<Placemark><name>2505790</name><styleUrl>#styleDaimonCIRCUITO377TRECHO</styleUrl><LineString><coordinates>-47.864461,-12.618344,0 -47.864037,-12.618592,0</coordinates></LineString></Placemark>
<Placemark><name>2505792</name><styleUrl>#styleDaimonCIRCUITO377TRECHO</styleUrl><LineString><coordinates>-47.864756,-12.618170,0 -47.864461,-12.618344,0</coordinates></LineString></Placemark>
<Placemark><name>2506029</name><styleUrl>#styleDaimonCIRCUITO377TRECHO</styleUrl><LineString><coordinates>-47.865133,-12.617952,0 -47.864756,-12.618170,0</coordinates></LineString></Placemark>
<Placemark><name>2505789</name><styleUrl>#styleDaimonCIRCUITO377TRECHO</styleUrl><LineString><coordinates>-47.865480,-12.617749,0 -47.865133,-12.617952,0</coordinates></LineString></Placemark>
<Placemark><name>2505791</name><styleUrl>#styleDaimonCIRCUITO377TRECHO</styleUrl><LineString><coordinates>-47.865849,-12.617536,0 -47.865480,-12.617749,0</coordinates></LineString></Placemark>
<Placemark><name>3670691</name><styleUrl>#styleDaimonCIRCUITO377TRECHO</styleUrl><LineString><coordinates>-47.866236,-12.617315,0 -47.865849,-12.617536,0</coordinates></LineString></Placemark>
<Placemark><name>3362036</name><styleUrl>#styleDaimonCIRCUITO377TRECHO</styleUrl><LineString><coordinates>-47.866361,-12.617225,0 -47.866236,-12.617315,0</coordinates></LineString></Placemark>
<Placemark><name>3362038</name><styleUrl>#styleDaimonCIRCUITO377TRECHO</styleUrl><LineString><coordinates>-47.866361,-12.617225,0 -47.866603,-12.617534,0</coordinates></LineString></Placemark>
<Placemark><name>3582750</name><styleUrl>#styleDaimonCIRCUITO377TRECHO</styleUrl><LineString><coordinates>-47.866299,-12.617146,0 -47.866361,-12.617225,0</coordinates></LineString></Placemark>
<Placemark><name>3362037</name><styleUrl>#styleDaimonCIRCUITO377TRECHO</styleUrl><LineString><coordinates>-47.866361,-12.617225,0 -47.866685,-12.617051,0</coordinates></LineString></Placemark>
<Placemark><name>3402132</name><styleUrl>#styleDaimonCIRCUITO377TRECHO</styleUrl><LineString><coordinates>-47.866603,-12.617534,0 -47.866894,-12.617919,0</coordinates></LineString></Placemark>
<Placemark><name>2707659</name><styleUrl>#styleDaimonCIRCUITO377TRECHO</styleUrl><LineString><coordinates>-47.866173,-12.616991,0 -47.866299,-12.617146,0</coordinates></LineString></Placemark>
<Placemark><name>3576347</name><styleUrl>#styleDaimonCIRCUITO377TRECHO</styleUrl><LineString><coordinates>-47.866894,-12.617919,0 -47.867142,-12.618242,0</coordinates></LineString></Placemark>
<Placemark><name>2707660</name><styleUrl>#styleDaimonCIRCUITO377TRECHO</styleUrl><LineString><coordinates>-47.865902,-12.616658,0 -47.866173,-12.616991,0</coordinates></LineString></Placemark>
<Placemark><name>3576346</name><styleUrl>#styleDaimonCIRCUITO377TRECHO</styleUrl><LineString><coordinates>-47.867142,-12.618242,0 -47.867464,-12.618656,0</coordinates></LineString></Placemark>
<Placemark><name>2605050</name><styleUrl>#styleDaimonCIRCUITO377TRECHO</styleUrl><LineString><coordinates>-47.865799,-12.616528,0 -47.865902,-12.616658,0</coordinates></LineString></Placemark>
<Placemark><name>2820536</name><styleUrl>#styleDaimonCIRCUITO377TRECHO</styleUrl><LineString><coordinates>-47.867464,-12.618656,0 -47.867534,-12.618752,0</coordinates></LineString></Placemark>
<Placemark><name>42176745</name><styleUrl>#styleDaimonCIRCUITO377TRECHO</styleUrl><LineString><coordinates>-47.865799,-12.616528,0 -47.865918,-12.616438,0</coordinates></LineString></Placemark>
<Placemark><name>42177059</name><styleUrl>#styleDaimonCIRCUITO377TRECHO</styleUrl><LineString><coordinates>-47.865610,-12.616290,0 -47.865799,-12.616528,0</coordinates></LineString></Placemark>
<Placemark><name>42176734</name><styleUrl>#styleDaimonCIRCUITO377TRECHO</styleUrl><LineString><coordinates>-47.865799,-12.616528,0 -47.865628,-12.616643,0</coordinates></LineString></Placemark>
<Placemark><name>42176903</name><styleUrl>#styleDaimonCIRCUITO377TRECHO</styleUrl><LineString><coordinates>-47.865918,-12.616438,0 -47.865947,-12.616419,0</coordinates></LineString></Placemark>
<Placemark><name>2912522</name><styleUrl>#styleDaimonCIRCUITO377TRECHO</styleUrl><LineString><coordinates>-47.865527,-12.616191,0 -47.865610,-12.616290,0</coordinates></LineString></Placemark>
<Placemark><name>42176754</name><styleUrl>#styleDaimonCIRCUITO377TRECHO</styleUrl><LineString><coordinates>-47.865947,-12.616419,0 -47.866208,-12.616277,0</coordinates></LineString></Placemark>
<Placemark><name>2912520</name><styleUrl>#styleDaimonCIRCUITO377TRECHO</styleUrl><LineString><coordinates>-47.865527,-12.616191,0 -47.865254,-12.616371,0</coordinates></LineString></Placemark>
<Placemark><name>2912521</name><styleUrl>#styleDaimonCIRCUITO377TRECHO</styleUrl><LineString><coordinates>-47.865527,-12.616191,0 -47.865581,-12.616160,0</coordinates></LineString></Placemark>
<Placemark><name>3113488</name><styleUrl>#styleDaimonCIRCUITO377TRECHO</styleUrl><LineString><coordinates>-47.865355,-12.615986,0 -47.865527,-12.616191,0</coordinates></LineString></Placemark>
<Placemark><name>42176770</name><styleUrl>#styleDaimonCIRCUITO377TRECHO</styleUrl><LineString><coordinates>-47.866208,-12.616277,0 -47.866471,-12.616140,0</coordinates></LineString></Placemark>
<Placemark><name>2605052</name><styleUrl>#styleDaimonCIRCUITO377TRECHO</styleUrl><LineString><coordinates>-47.865254,-12.616371,0 -47.864881,-12.616610,0</coordinates></LineString></Placemark>
<Placemark><name>12075381</name><styleUrl>#styleDaimonCIRCUITO377TRECHO</styleUrl><LineString><coordinates>-47.865340,-12.615961,0 -47.865355,-12.615986,0</coordinates></LineString></Placemark>
<Placemark><name>42176769</name><styleUrl>#styleDaimonCIRCUITO377TRECHO</styleUrl><LineString><coordinates>-47.866471,-12.616140,0 -47.866707,-12.615983,0</coordinates></LineString></Placemark>
<Placemark><name>2605051</name><styleUrl>#styleDaimonCIRCUITO377TRECHO</styleUrl><LineString><coordinates>-47.864881,-12.616610,0 -47.864545,-12.616814,0</coordinates></LineString></Placemark>
<Placemark><name>3387047</name><styleUrl>#styleDaimonCIRCUITO377TRECHO</styleUrl><LineString><coordinates>-47.865052,-12.615606,0 -47.865340,-12.615961,0</coordinates></LineString></Placemark>
<Placemark><name>42176768</name><styleUrl>#styleDaimonCIRCUITO377TRECHO</styleUrl><LineString><coordinates>-47.866707,-12.615983,0 -47.866917,-12.615840,0</coordinates></LineString></Placemark>
<Placemark><name>12075552</name><styleUrl>#styleDaimonCIRCUITO377TRECHO</styleUrl><LineString><coordinates>-47.865031,-12.615580,0 -47.865052,-12.615606,0</coordinates></LineString></Placemark>
<Placemark><name>42176895</name><styleUrl>#styleDaimonCIRCUITO377TRECHO</styleUrl><LineString><coordinates>-47.866917,-12.615840,0 -47.866955,-12.615819,0</coordinates></LineString></Placemark>
<Placemark><name>3050014</name><styleUrl>#styleDaimonCIRCUITO377TRECHO</styleUrl><LineString><coordinates>-47.864739,-12.615253,0 -47.865031,-12.615580,0</coordinates></LineString></Placemark>
<Placemark><name>42176798</name><styleUrl>#styleDaimonCIRCUITO377TRECHO</styleUrl><LineString><coordinates>-47.866955,-12.615819,0 -47.867139,-12.615709,0</coordinates></LineString></Placemark>
<Placemark><name>12077229</name><styleUrl>#styleDaimonCIRCUITO377TRECHO</styleUrl><LineString><coordinates>-47.864721,-12.615232,0 -47.864739,-12.615253,0</coordinates></LineString></Placemark>
<Placemark><name>3050013</name><styleUrl>#styleDaimonCIRCUITO377TRECHO</styleUrl><LineString><coordinates>-47.864348,-12.614755,0 -47.864721,-12.615232,0</coordinates></LineString></Placemark>
<Placemark><name>3387046</name><styleUrl>#styleDaimonCIRCUITO377TRECHO</styleUrl><LineString><coordinates>-47.864112,-12.614404,0 -47.864348,-12.614755,0</coordinates></LineString></Placemark>
<Placemark><name>3488818</name><styleUrl>#styleDaimonCIRCUITO377TRECHO</styleUrl><LineString><coordinates>-47.866410,-12.620513,0 -47.866124,-12.620694,0</coordinates></LineString></Placemark>
<Placemark><name>3620159</name><styleUrl>#styleDaimonCIRCUITO377TRECHO</styleUrl><LineString><coordinates>-47.866124,-12.620694,0 -47.865988,-12.620775,0</coordinates></LineString></Placemark>
<Placemark><name>3488821</name><styleUrl>#styleDaimonCIRCUITO377TRECHO</styleUrl><LineString><coordinates>-47.866691,-12.620334,0 -47.866410,-12.620513,0</coordinates></LineString></Placemark>
<Placemark><name>12085058</name><styleUrl>#styleDaimonCIRCUITO377TRECHO</styleUrl><LineString><coordinates>-47.865988,-12.620775,0 -47.866006,-12.620803,0</coordinates></LineString></Placemark>
<Placemark><name>3619889</name><styleUrl>#styleDaimonCIRCUITO377TRECHO</styleUrl><LineString><coordinates>-47.865988,-12.620775,0 -47.865835,-12.620872,0</coordinates></LineString></Placemark>
<Placemark><name>3488819</name><styleUrl>#styleDaimonCIRCUITO377TRECHO</styleUrl><LineString><coordinates>-47.867043,-12.620117,0 -47.866691,-12.620334,0</coordinates></LineString></Placemark>
<Placemark><name>3610933</name><styleUrl>#styleDaimonCIRCUITO377TRECHO</styleUrl><LineString><coordinates>-47.866006,-12.620803,0 -47.866182,-12.621084,0</coordinates></LineString></Placemark>
<Placemark><name>3402721</name><styleUrl>#styleDaimonCIRCUITO377TRECHO</styleUrl><LineString><coordinates>-47.865835,-12.620872,0 -47.865478,-12.621070,0</coordinates></LineString></Placemark>
<Placemark><name>3488820</name><styleUrl>#styleDaimonCIRCUITO377TRECHO</styleUrl><LineString><coordinates>-47.867236,-12.619995,0 -47.867043,-12.620117,0</coordinates></LineString></Placemark>
<Placemark><name>3610934</name><styleUrl>#styleDaimonCIRCUITO377TRECHO</styleUrl><LineString><coordinates>-47.866182,-12.621084,0 -47.866344,-12.621326,0</coordinates></LineString></Placemark>
<Placemark><name>3402722</name><styleUrl>#styleDaimonCIRCUITO377TRECHO</styleUrl><LineString><coordinates>-47.865478,-12.621070,0 -47.865202,-12.621222,0</coordinates></LineString></Placemark>
<Placemark><name>2914586</name><styleUrl>#styleDaimonCIRCUITO377TRECHO</styleUrl><LineString><coordinates>-47.867835,-12.619634,0 -47.867236,-12.619995,0</coordinates></LineString></Placemark>
<Placemark><name>3620138</name><styleUrl>#styleDaimonCIRCUITO377TRECHO</styleUrl><LineString><coordinates>-47.866344,-12.621326,0 -47.866509,-12.621574,0</coordinates></LineString></Placemark>
<Placemark><name>3402719</name><styleUrl>#styleDaimonCIRCUITO377TRECHO</styleUrl><LineString><coordinates>-47.865202,-12.621222,0 -47.864884,-12.621390,0</coordinates></LineString></Placemark>
<Placemark><name>3582289</name><styleUrl>#styleDaimonCIRCUITO377TRECHO</styleUrl><LineString><coordinates>-47.868121,-12.619463,0 -47.867835,-12.619634,0</coordinates></LineString></Placemark>
<Placemark><name>3620139</name><styleUrl>#styleDaimonCIRCUITO377TRECHO</styleUrl><LineString><coordinates>-47.866509,-12.621574,0 -47.866661,-12.621800,0</coordinates></LineString></Placemark>
<Placemark><name>3402720</name><styleUrl>#styleDaimonCIRCUITO377TRECHO</styleUrl><LineString><coordinates>-47.864884,-12.621390,0 -47.864568,-12.621568,0</coordinates></LineString></Placemark>
<Placemark><name>3582288</name><styleUrl>#styleDaimonCIRCUITO377TRECHO</styleUrl><LineString><coordinates>-47.868026,-12.619348,0 -47.868121,-12.619463,0</coordinates></LineString></Placemark>
<Placemark><name>2527120</name><styleUrl>#styleDaimonCIRCUITO377TRECHO</styleUrl><LineString><coordinates>-47.868121,-12.619463,0 -47.868154,-12.619439,0</coordinates></LineString></Placemark>
<Placemark><name>3622850</name><styleUrl>#styleDaimonCIRCUITO377TRECHO</styleUrl><LineString><coordinates>-47.868121,-12.619463,0 -47.868191,-12.619555,0</coordinates></LineString></Placemark>
<Placemark><name>12084422</name><styleUrl>#styleDaimonCIRCUITO377TRECHO</styleUrl><LineString><coordinates>-47.866661,-12.621800,0 -47.866677,-12.621822,0</coordinates></LineString></Placemark>
<Placemark><name>3403867</name><styleUrl>#styleDaimonCIRCUITO377TRECHO</styleUrl><LineString><coordinates>-47.864568,-12.621568,0 -47.864260,-12.621734,0</coordinates></LineString></Placemark>
<Placemark><name>2914587</name><styleUrl>#styleDaimonCIRCUITO377TRECHO</styleUrl><LineString><coordinates>-47.867804,-12.619075,0 -47.868026,-12.619348,0</coordinates></LineString></Placemark>
<Placemark><name>3610932</name><styleUrl>#styleDaimonCIRCUITO377TRECHO</styleUrl><LineString><coordinates>-47.866677,-12.621822,0 -47.866892,-12.621703,0</coordinates></LineString></Placemark>
<Placemark><name>3610931</name><styleUrl>#styleDaimonCIRCUITO377TRECHO</styleUrl><LineString><coordinates>-47.866677,-12.621822,0 -47.866509,-12.621920,0</coordinates></LineString></Placemark>
<Placemark><name>2595158</name><styleUrl>#styleDaimonCIRCUITO377TRECHO</styleUrl><LineString><coordinates>-47.867639,-12.618874,0 -47.867804,-12.619075,0</coordinates></LineString></Placemark>
<Placemark><name>3403871</name><styleUrl>#styleDaimonCIRCUITO377TRECHO</styleUrl><LineString><coordinates>-47.866509,-12.621920,0 -47.866105,-12.622149,0</coordinates></LineString></Placemark>
<Placemark><name>2816715</name><styleUrl>#styleDaimonCIRCUITO377TRECHO</styleUrl><LineString><coordinates>-47.867545,-12.618765,0 -47.867639,-12.618874,0</coordinates></LineString></Placemark>
<Placemark><name>3403870</name><styleUrl>#styleDaimonCIRCUITO377TRECHO</styleUrl><LineString><coordinates>-47.866105,-12.622149,0 -47.865761,-12.622345,0</coordinates></LineString></Placemark>
<Placemark><name>3403869</name><styleUrl>#styleDaimonCIRCUITO377TRECHO</styleUrl><LineString><coordinates>-47.865761,-12.622345,0 -47.865344,-12.622581,0</coordinates></LineString></Placemark>
<Placemark><name>3602233</name><styleUrl>#styleDaimonCIRCUITO377TRECHO</styleUrl><LineString><coordinates>-47.865344,-12.622581,0 -47.865142,-12.622698,0</coordinates></LineString></Placemark>
<Placemark><name>3602230</name><styleUrl>#styleDaimonCIRCUITO377TRECHO</styleUrl><LineString><coordinates>-47.865142,-12.622698,0 -47.864945,-12.622809,0</coordinates></LineString></Placemark>
<Placemark><name>2567196</name><styleUrl>#styleDaimonCIRCUITO377TRECHO</styleUrl><LineString><coordinates>-47.874204,-12.616156,0 -47.874316,-12.616347,0</coordinates></LineString></Placemark>
<Placemark><name>3659431</name><styleUrl>#styleDaimonCIRCUITO377TRECHO</styleUrl><LineString><coordinates>-47.874316,-12.616347,0 -47.874360,-12.616360,0</coordinates></LineString></Placemark>
<Placemark><name>2567204</name><styleUrl>#styleDaimonCIRCUITO377TRECHO</styleUrl><LineString><coordinates>-47.874164,-12.616057,0 -47.874204,-12.616156,0</coordinates></LineString></Placemark>
<Placemark><name>3554872</name><styleUrl>#styleDaimonCIRCUITO377TRECHO</styleUrl><LineString><coordinates>-47.874164,-12.616057,0 -47.874052,-12.615885,0</coordinates></LineString></Placemark>
<Placemark><name>2567142</name><styleUrl>#styleDaimonCIRCUITO377TRECHO</styleUrl><LineString><coordinates>-47.874020,-12.616142,0 -47.874164,-12.616057,0</coordinates></LineString></Placemark>
<Placemark><name>3554874</name><styleUrl>#styleDaimonCIRCUITO377TRECHO</styleUrl><LineString><coordinates>-47.874164,-12.616057,0 -47.874285,-12.615988,0</coordinates></LineString></Placemark>
<Placemark><name>12072634</name><styleUrl>#styleDaimonCIRCUITO377TRECHO</styleUrl><LineString><coordinates>-47.873993,-12.616164,0 -47.874020,-12.616142,0</coordinates></LineString></Placemark>
<Placemark><name>2567201</name><styleUrl>#styleDaimonCIRCUITO377TRECHO</styleUrl><LineString><coordinates>-47.873721,-12.616319,0 -47.873993,-12.616164,0</coordinates></LineString></Placemark>
<Placemark><name>3556043</name><styleUrl>#styleDaimonCIRCUITO377TRECHO</styleUrl><LineString><coordinates>-47.873328,-12.616549,0 -47.873721,-12.616319,0</coordinates></LineString></Placemark>
<Placemark><name>3556044</name><styleUrl>#styleDaimonCIRCUITO377TRECHO</styleUrl><LineString><coordinates>-47.873160,-12.616647,0 -47.873328,-12.616549,0</coordinates></LineString></Placemark>
<Placemark><name>2567198</name><styleUrl>#styleDaimonCIRCUITO377TRECHO</styleUrl><LineString><coordinates>-47.872769,-12.616878,0 -47.873160,-12.616647,0</coordinates></LineString></Placemark>
<Placemark><name>2567205</name><styleUrl>#styleDaimonCIRCUITO377TRECHO</styleUrl><LineString><coordinates>-47.872412,-12.617088,0 -47.872769,-12.616878,0</coordinates></LineString></Placemark>
<Placemark><name>3554869</name><styleUrl>#styleDaimonCIRCUITO377TRECHO</styleUrl><LineString><coordinates>-47.872139,-12.617251,0 -47.872412,-12.617088,0</coordinates></LineString></Placemark>
<Placemark><name>2567202</name><styleUrl>#styleDaimonCIRCUITO377TRECHO</styleUrl><LineString><coordinates>-47.871855,-12.617415,0 -47.872139,-12.617251,0</coordinates></LineString></Placemark>
<Placemark><name>2567206</name><styleUrl>#styleDaimonCIRCUITO377TRECHO</styleUrl><LineString><coordinates>-47.871612,-12.617560,0 -47.871855,-12.617415,0</coordinates></LineString></Placemark>
<Placemark><name>2567195</name><styleUrl>#styleDaimonCIRCUITO377TRECHO</styleUrl><LineString><coordinates>-47.871167,-12.617820,0 -47.871612,-12.617560,0</coordinates></LineString></Placemark>
<Placemark><name>2567199</name><styleUrl>#styleDaimonCIRCUITO377TRECHO</styleUrl><LineString><coordinates>-47.870945,-12.617948,0 -47.871167,-12.617820,0</coordinates></LineString></Placemark>
<Placemark><name>12072635</name><styleUrl>#styleDaimonCIRCUITO377TRECHO</styleUrl><LineString><coordinates>-47.870917,-12.617968,0 -47.870945,-12.617948,0</coordinates></LineString></Placemark>
<Placemark><name>2567141</name><styleUrl>#styleDaimonCIRCUITO377TRECHO</styleUrl><LineString><coordinates>-47.870597,-12.618154,0 -47.870917,-12.617968,0</coordinates></LineString></Placemark>
<Placemark><name>3554579</name><styleUrl>#styleDaimonCIRCUITO377TRECHO</styleUrl><LineString><coordinates>-47.870232,-12.618372,0 -47.870597,-12.618154,0</coordinates></LineString></Placemark>
<Placemark><name>2567197</name><styleUrl>#styleDaimonCIRCUITO377TRECHO</styleUrl><LineString><coordinates>-47.869763,-12.618647,0 -47.870232,-12.618372,0</coordinates></LineString></Placemark>
<Placemark><name>2567203</name><styleUrl>#styleDaimonCIRCUITO377TRECHO</styleUrl><LineString><coordinates>-47.869569,-12.618762,0 -47.869763,-12.618647,0</coordinates></LineString></Placemark>
<Placemark><name>2567207</name><styleUrl>#styleDaimonCIRCUITO377TRECHO</styleUrl><LineString><coordinates>-47.869149,-12.619009,0 -47.869569,-12.618762,0</coordinates></LineString></Placemark>
<Placemark><name>2567200</name><styleUrl>#styleDaimonCIRCUITO377TRECHO</styleUrl><LineString><coordinates>-47.868924,-12.619142,0 -47.869149,-12.619009,0</coordinates></LineString></Placemark>
<Placemark><name>2566328</name><styleUrl>#styleDaimonCIRCUITO377TRECHO</styleUrl><LineString><coordinates>-47.868749,-12.619247,0 -47.868924,-12.619142,0</coordinates></LineString></Placemark>
<Placemark><name>2566329</name><styleUrl>#styleDaimonCIRCUITO377TRECHO</styleUrl><LineString><coordinates>-47.868561,-12.619356,0 -47.868749,-12.619247,0</coordinates></LineString></Placemark>
<Placemark><name>3622849</name><styleUrl>#styleDaimonCIRCUITO377TRECHO</styleUrl><LineString><coordinates>-47.868362,-12.619475,0 -47.868561,-12.619356,0</coordinates></LineString></Placemark>
<Placemark><name>3598674</name><styleUrl>#styleDaimonCIRCUITO377TRECHO</styleUrl><LineString><coordinates>-47.868209,-12.619547,0 -47.868362,-12.619475,0</coordinates></LineString></Placemark>
<Placemark><name>3554580</name><styleUrl>#styleDaimonCIRCUITO377TRECHO</styleUrl><LineString><coordinates>-47.870457,-12.618091,0 -47.870571,-12.618257,0</coordinates></LineString></Placemark>
<Placemark><name>2527394</name><styleUrl>#styleDaimonCIRCUITO377TRECHO</styleUrl><LineString><coordinates>-47.870228,-12.618223,0 -47.870457,-12.618091,0</coordinates></LineString></Placemark>
<Placemark><name>2527395</name><styleUrl>#styleDaimonCIRCUITO377TRECHO</styleUrl><LineString><coordinates>-47.870457,-12.618091,0 -47.870862,-12.617850,0</coordinates></LineString></Placemark>
<Placemark><name>2527396</name><styleUrl>#styleDaimonCIRCUITO377TRECHO</styleUrl><LineString><coordinates>-47.870457,-12.618091,0 -47.870430,-12.618052,0</coordinates></LineString></Placemark>
<Placemark><name>2914584</name><styleUrl>#styleDaimonCIRCUITO377TRECHO</styleUrl><LineString><coordinates>-47.869868,-12.618430,0 -47.870228,-12.618223,0</coordinates></LineString></Placemark>
<Placemark><name>2914585</name><styleUrl>#styleDaimonCIRCUITO377TRECHO</styleUrl><LineString><coordinates>-47.870862,-12.617850,0 -47.871103,-12.617708,0</coordinates></LineString></Placemark>
<Placemark><name>3637306</name><styleUrl>#styleDaimonCIRCUITO377TRECHO</styleUrl><LineString><coordinates>-47.869582,-12.618604,0 -47.869868,-12.618430,0</coordinates></LineString></Placemark>
<Placemark><name>2737637</name><styleUrl>#styleDaimonCIRCUITO377TRECHO</styleUrl><LineString><coordinates>-47.871103,-12.617708,0 -47.871259,-12.617610,0</coordinates></LineString></Placemark>
<Placemark><name>3637454</name><styleUrl>#styleDaimonCIRCUITO377TRECHO</styleUrl><LineString><coordinates>-47.869582,-12.618604,0 -47.869491,-12.618483,0</coordinates></LineString></Placemark>
<Placemark><name>3637449</name><styleUrl>#styleDaimonCIRCUITO377TRECHO</styleUrl><LineString><coordinates>-47.869473,-12.618670,0 -47.869582,-12.618604,0</coordinates></LineString></Placemark>
<Placemark><name>3637309</name><styleUrl>#styleDaimonCIRCUITO377TRECHO</styleUrl><LineString><coordinates>-47.869582,-12.618604,0 -47.869658,-12.618751,0</coordinates></LineString></Placemark>
<Placemark><name>2737638</name><styleUrl>#styleDaimonCIRCUITO377TRECHO</styleUrl><LineString><coordinates>-47.871259,-12.617610,0 -47.871397,-12.617532,0</coordinates></LineString></Placemark>
<Placemark><name>3630309</name><styleUrl>#styleDaimonCIRCUITO377TRECHO</styleUrl><LineString><coordinates>-47.869220,-12.618814,0 -47.869473,-12.618670,0</coordinates></LineString></Placemark>
<Placemark><name>3637452</name><styleUrl>#styleDaimonCIRCUITO377TRECHO</styleUrl><LineString><coordinates>-47.869658,-12.618751,0 -47.869804,-12.618996,0</coordinates></LineString></Placemark>
<Placemark><name>2596841</name><styleUrl>#styleDaimonCIRCUITO377TRECHO</styleUrl><LineString><coordinates>-47.871397,-12.617532,0 -47.871748,-12.617324,0</coordinates></LineString></Placemark>
<Placemark><name>3630310</name><styleUrl>#styleDaimonCIRCUITO377TRECHO</styleUrl><LineString><coordinates>-47.868910,-12.618999,0 -47.869220,-12.618814,0</coordinates></LineString></Placemark>
<Placemark><name>3637307</name><styleUrl>#styleDaimonCIRCUITO377TRECHO</styleUrl><LineString><coordinates>-47.869804,-12.618996,0 -47.869963,-12.619259,0</coordinates></LineString></Placemark>
<Placemark><name>2596840</name><styleUrl>#styleDaimonCIRCUITO377TRECHO</styleUrl><LineString><coordinates>-47.871748,-12.617324,0 -47.872065,-12.617136,0</coordinates></LineString></Placemark>
<Placemark><name>2595159</name><styleUrl>#styleDaimonCIRCUITO377TRECHO</styleUrl><LineString><coordinates>-47.868586,-12.619189,0 -47.868910,-12.618999,0</coordinates></LineString></Placemark>
<Placemark><name>48058609</name><styleUrl>#styleDaimonCIRCUITO377TRECHO</styleUrl><LineString><coordinates>-47.869963,-12.619259,0 -47.870094,-12.619473,0</coordinates></LineString></Placemark>
<Placemark><name>3078814</name><styleUrl>#styleDaimonCIRCUITO377TRECHO</styleUrl><LineString><coordinates>-47.872065,-12.617136,0 -47.872171,-12.617076,0</coordinates></LineString></Placemark>
<Placemark><name>2595156</name><styleUrl>#styleDaimonCIRCUITO377TRECHO</styleUrl><LineString><coordinates>-47.868409,-12.619296,0 -47.868586,-12.619189,0</coordinates></LineString></Placemark>
<Placemark><name>3637455</name><styleUrl>#styleDaimonCIRCUITO377TRECHO</styleUrl><LineString><coordinates>-47.870094,-12.619473,0 -47.870296,-12.619800,0</coordinates></LineString></Placemark>
<Placemark><name>3554870</name><styleUrl>#styleDaimonCIRCUITO377TRECHO</styleUrl><LineString><coordinates>-47.872171,-12.617076,0 -47.872353,-12.617392,0</coordinates></LineString></Placemark>
<Placemark><name>3078816</name><styleUrl>#styleDaimonCIRCUITO377TRECHO</styleUrl><LineString><coordinates>-47.872171,-12.617076,0 -47.872119,-12.616975,0</coordinates></LineString></Placemark>
<Placemark><name>3078815</name><styleUrl>#styleDaimonCIRCUITO377TRECHO</styleUrl><LineString><coordinates>-47.872171,-12.617076,0 -47.872436,-12.616923,0</coordinates></LineString></Placemark>
<Placemark><name>2595157</name><styleUrl>#styleDaimonCIRCUITO377TRECHO</styleUrl><LineString><coordinates>-47.868264,-12.619386,0 -47.868409,-12.619296,0</coordinates></LineString></Placemark>
<Placemark><name>3637450</name><styleUrl>#styleDaimonCIRCUITO377TRECHO</styleUrl><LineString><coordinates>-47.870296,-12.619800,0 -47.870464,-12.620081,0</coordinates></LineString></Placemark>
<Placemark><name>3078817</name><styleUrl>#styleDaimonCIRCUITO377TRECHO</styleUrl><LineString><coordinates>-47.872119,-12.616975,0 -47.871455,-12.615585,0</coordinates></LineString></Placemark>
<Placemark><name>2596839</name><styleUrl>#styleDaimonCIRCUITO377TRECHO</styleUrl><LineString><coordinates>-47.872436,-12.616923,0 -47.872760,-12.616730,0</coordinates></LineString></Placemark>
<Placemark><name>3287023</name><styleUrl>#styleDaimonCIRCUITO377TRECHO</styleUrl><LineString><coordinates>-47.868165,-12.619433,0 -47.868264,-12.619386,0</coordinates></LineString></Placemark>
<Placemark><name>3637456</name><styleUrl>#styleDaimonCIRCUITO377TRECHO</styleUrl><LineString><coordinates>-47.870464,-12.620081,0 -47.870565,-12.620247,0</coordinates></LineString></Placemark>
<Placemark><name>56492185</name><styleUrl>#styleDaimonCIRCUITO377TRECHO</styleUrl><LineString><coordinates>-47.871455,-12.615585,0 -47.871396,-12.615475,0</coordinates></LineString></Placemark>
<Placemark><name>2822170</name><styleUrl>#styleDaimonCIRCUITO377TRECHO</styleUrl><LineString><coordinates>-47.872760,-12.616730,0 -47.873069,-12.616549,0</coordinates></LineString></Placemark>
<Placemark><name>3637310</name><styleUrl>#styleDaimonCIRCUITO377TRECHO</styleUrl><LineString><coordinates>-47.870565,-12.620247,0 -47.870628,-12.620348,0</coordinates></LineString></Placemark>
<Placemark><name>3637457</name><styleUrl>#styleDaimonCIRCUITO377TRECHO</styleUrl><LineString><coordinates>-47.870565,-12.620247,0 -47.870624,-12.620232,0</coordinates></LineString></Placemark>
<Placemark><name>3637451</name><styleUrl>#styleDaimonCIRCUITO377TRECHO</styleUrl><LineString><coordinates>-47.870565,-12.620247,0 -47.870511,-12.620291,0</coordinates></LineString></Placemark>
<Placemark><name>56492204</name><styleUrl>#styleDaimonCIRCUITO377TRECHO</styleUrl><LineString><coordinates>-47.871396,-12.615475,0 -47.871569,-12.615393,0</coordinates></LineString></Placemark>
<Placemark><name>56492194</name><styleUrl>#styleDaimonCIRCUITO377TRECHO</styleUrl><LineString><coordinates>-47.871396,-12.615475,0 -47.871257,-12.615545,0</coordinates></LineString></Placemark>
<Placemark><name>3078818</name><styleUrl>#styleDaimonCIRCUITO377TRECHO</styleUrl><LineString><coordinates>-47.871396,-12.615475,0 -47.871271,-12.615244,0</coordinates></LineString></Placemark>
<Placemark><name>2596838</name><styleUrl>#styleDaimonCIRCUITO377TRECHO</styleUrl><LineString><coordinates>-47.873069,-12.616549,0 -47.873372,-12.616373,0</coordinates></LineString></Placemark>
<Placemark><name>3637308</name><styleUrl>#styleDaimonCIRCUITO377TRECHO</styleUrl><LineString><coordinates>-47.870511,-12.620291,0 -47.870220,-12.620478,0</coordinates></LineString></Placemark>
<Placemark><name>56492309</name><styleUrl>#styleDaimonCIRCUITO377TRECHO</styleUrl><LineString><coordinates>-47.871569,-12.615393,0 -47.871599,-12.615371,0</coordinates></LineString></Placemark>
<Placemark><name>2596837</name><styleUrl>#styleDaimonCIRCUITO377TRECHO</styleUrl><LineString><coordinates>-47.873372,-12.616373,0 -47.873667,-12.616200,0</coordinates></LineString></Placemark>
<Placemark><name>3637453</name><styleUrl>#styleDaimonCIRCUITO377TRECHO</styleUrl><LineString><coordinates>-47.870220,-12.620478,0 -47.869878,-12.620688,0</coordinates></LineString></Placemark>
<Placemark><name>56492226</name><styleUrl>#styleDaimonCIRCUITO377TRECHO</styleUrl><LineString><coordinates>-47.871599,-12.615371,0 -47.871893,-12.615221,0</coordinates></LineString></Placemark>
<Placemark><name>2596836</name><styleUrl>#styleDaimonCIRCUITO377TRECHO</styleUrl><LineString><coordinates>-47.873667,-12.616200,0 -47.873986,-12.616021,0</coordinates></LineString></Placemark>
<Placemark><name>3637458</name><styleUrl>#styleDaimonCIRCUITO377TRECHO</styleUrl><LineString><coordinates>-47.869878,-12.620688,0 -47.869539,-12.620900,0</coordinates></LineString></Placemark>
<Placemark><name>56492227</name><styleUrl>#styleDaimonCIRCUITO377TRECHO</styleUrl><LineString><coordinates>-47.871893,-12.615221,0 -47.872217,-12.615046,0</coordinates></LineString></Placemark>
<Placemark><name>3637311</name><styleUrl>#styleDaimonCIRCUITO377TRECHO</styleUrl><LineString><coordinates>-47.869539,-12.620900,0 -47.869336,-12.621026,0</coordinates></LineString></Placemark>
<Placemark><name>56492214</name><styleUrl>#styleDaimonCIRCUITO377TRECHO</styleUrl><LineString><coordinates>-47.872217,-12.615046,0 -47.872404,-12.614945,0</coordinates></LineString></Placemark>
<Placemark><name>12032419</name><styleUrl>#styleDaimonCIRCUITO377TRECHO</styleUrl><LineString><coordinates>-47.869336,-12.621026,0 -47.869337,-12.621058,0</coordinates></LineString></Placemark>
<Placemark><name>56492256</name><styleUrl>#styleDaimonCIRCUITO377TRECHO</styleUrl><LineString><coordinates>-47.872404,-12.614945,0 -47.872523,-12.614868,0</coordinates></LineString></Placemark>
<Placemark><name>56492288</name><styleUrl>#styleDaimonCIRCUITO377TRECHO</styleUrl><LineString><coordinates>-47.872404,-12.614945,0 -47.872299,-12.614782,0</coordinates></LineString></Placemark>
<Placemark><name>56492266</name><styleUrl>#styleDaimonCIRCUITO377TRECHO</styleUrl><LineString><coordinates>-47.872404,-12.614945,0 -47.872490,-12.615124,0</coordinates></LineString></Placemark>
<Placemark><name>3630639</name><styleUrl>#styleDaimonCIRCUITO377TRECHO</styleUrl><LineString><coordinates>-47.869337,-12.621058,0 -47.869484,-12.621282,0</coordinates></LineString></Placemark>
<Placemark><name>56492289</name><styleUrl>#styleDaimonCIRCUITO377TRECHO</styleUrl><LineString><coordinates>-47.872299,-12.614782,0 -47.872147,-12.614510,0</coordinates></LineString></Placemark>
<Placemark><name>56492276</name><styleUrl>#styleDaimonCIRCUITO377TRECHO</styleUrl><LineString><coordinates>-47.872147,-12.614510,0 -47.872083,-12.614395,0</coordinates></LineString></Placemark>
<Placemark><name>3660556</name><styleUrl>#styleDaimonCIRCUITO377TRECHO</styleUrl><LineString><coordinates>-47.874315,-12.616350,0 -47.874304,-12.616372,0</coordinates></LineString></Placemark>
<Placemark><name>3003120</name><styleUrl>#styleDaimonCIRCUITO377TRECHO</styleUrl><LineString><coordinates>-47.868606,-12.614681,0 -47.868422,-12.614341,0</coordinates></LineString></Placemark>
<Placemark><name>3003118</name><styleUrl>#styleDaimonCIRCUITO377TRECHO</styleUrl><LineString><coordinates>-47.868422,-12.614341,0 -47.868289,-12.614096,0</coordinates></LineString></Placemark>
<Placemark><name>3003119</name><styleUrl>#styleDaimonCIRCUITO377TRECHO</styleUrl><LineString><coordinates>-47.868731,-12.614882,0 -47.868606,-12.614681,0</coordinates></LineString></Placemark>
<Placemark><name>3003117</name><styleUrl>#styleDaimonCIRCUITO377TRECHO</styleUrl><LineString><coordinates>-47.868289,-12.614096,0 -47.868179,-12.613887,0</coordinates></LineString></Placemark>
<Placemark><name>42176827</name><styleUrl>#styleDaimonCIRCUITO377TRECHO</styleUrl><LineString><coordinates>-47.868731,-12.614882,0 -47.868601,-12.614940,0</coordinates></LineString></Placemark>
<Placemark><name>42176826</name><styleUrl>#styleDaimonCIRCUITO377TRECHO</styleUrl><LineString><coordinates>-47.868731,-12.614882,0 -47.868923,-12.614780,0</coordinates></LineString></Placemark>
<Placemark><name>42177050</name><styleUrl>#styleDaimonCIRCUITO377TRECHO</styleUrl><LineString><coordinates>-47.868834,-12.615110,0 -47.868731,-12.614882,0</coordinates></LineString></Placemark>
<Placemark><name>2593009</name><styleUrl>#styleDaimonCIRCUITO377TRECHO</styleUrl><LineString><coordinates>-47.869023,-12.615475,0 -47.868834,-12.615110,0</coordinates></LineString></Placemark>
<Placemark><name>2593008</name><styleUrl>#styleDaimonCIRCUITO377TRECHO</styleUrl><LineString><coordinates>-47.869277,-12.615944,0 -47.869023,-12.615475,0</coordinates></LineString></Placemark>
<Placemark><name>2593007</name><styleUrl>#styleDaimonCIRCUITO377TRECHO</styleUrl><LineString><coordinates>-47.869470,-12.616317,0 -47.869277,-12.615944,0</coordinates></LineString></Placemark>
<Placemark><name>2593006</name><styleUrl>#styleDaimonCIRCUITO377TRECHO</styleUrl><LineString><coordinates>-47.869679,-12.616716,0 -47.869470,-12.616317,0</coordinates></LineString></Placemark>
<Placemark><name>2593005</name><styleUrl>#styleDaimonCIRCUITO377TRECHO</styleUrl><LineString><coordinates>-47.869885,-12.617164,0 -47.869679,-12.616716,0</coordinates></LineString></Placemark>
<Placemark><name>2748058</name><styleUrl>#styleDaimonCIRCUITO377TRECHO</styleUrl><LineString><coordinates>-47.870122,-12.617543,0 -47.869885,-12.617164,0</coordinates></LineString></Placemark>
<Placemark><name>2771929</name><styleUrl>#styleDaimonCIRCUITO377TRECHO</styleUrl><LineString><coordinates>-47.870400,-12.618002,0 -47.870122,-12.617543,0</coordinates></LineString></Placemark>
<Placemark><name>3636240</name><styleUrl>#styleDaimonCIRCUITO377TRECHO</styleUrl><LineString><coordinates>-47.869627,-12.621682,0 -47.869765,-12.622064,0</coordinates></LineString></Placemark>
<Placemark><name>3636241</name><styleUrl>#styleDaimonCIRCUITO377TRECHO</styleUrl><LineString><coordinates>-47.869765,-12.622064,0 -47.869899,-12.622442,0</coordinates></LineString></Placemark>
<Placemark><name>3636243</name><styleUrl>#styleDaimonCIRCUITO377TRECHO</styleUrl><LineString><coordinates>-47.869499,-12.621323,0 -47.869627,-12.621682,0</coordinates></LineString></Placemark>
<Placemark><name>3636242</name><styleUrl>#styleDaimonCIRCUITO377TRECHO</styleUrl><LineString><coordinates>-47.869899,-12.622442,0 -47.870024,-12.622825,0</coordinates></LineString></Placemark>
<Placemark><name>3636244</name><styleUrl>#styleDaimonCIRCUITO377TRECHO</styleUrl><LineString><coordinates>-47.870024,-12.622825,0 -47.870161,-12.623203,0</coordinates></LineString></Placemark>
<Placemark><name>3660558</name><styleUrl>#styleDaimonCIRCUITO377TRECHO</styleUrl><LineString><coordinates>-47.874305,-12.616374,0 -47.874313,-12.616392,0</coordinates></LineString></Placemark>
<Placemark><name>42176829</name><styleUrl>#styleDaimonCIRCUITO377TRECHO</styleUrl><LineString><coordinates>-47.868359,-12.615075,0 -47.868123,-12.615206,0</coordinates></LineString></Placemark>
<Placemark><name>42176828</name><styleUrl>#styleDaimonCIRCUITO377TRECHO</styleUrl><LineString><coordinates>-47.868576,-12.614954,0 -47.868359,-12.615075,0</coordinates></LineString></Placemark>
<Placemark><name>42176830</name><styleUrl>#styleDaimonCIRCUITO377TRECHO</styleUrl><LineString><coordinates>-47.868123,-12.615206,0 -47.867899,-12.615332,0</coordinates></LineString></Placemark>
<Placemark><name>42176831</name><styleUrl>#styleDaimonCIRCUITO377TRECHO</styleUrl><LineString><coordinates>-47.867899,-12.615332,0 -47.867664,-12.615466,0</coordinates></LineString></Placemark>
<Placemark><name>42176832</name><styleUrl>#styleDaimonCIRCUITO377TRECHO</styleUrl><LineString><coordinates>-47.867664,-12.615466,0 -47.867356,-12.615585,0</coordinates></LineString></Placemark>
<Placemark><name>42176809</name><styleUrl>#styleDaimonCIRCUITO377TRECHO</styleUrl><LineString><coordinates>-47.867356,-12.615585,0 -47.867165,-12.615691,0</coordinates></LineString></Placemark>
<Placemark><name>3638609</name><styleUrl>#styleDaimonCIRCUITO377TRECHO</styleUrl><LineString><coordinates>-47.876019,-12.617204,0 -47.875972,-12.617126,0</coordinates></LineString></Placemark>
<Placemark><name>3638608</name><styleUrl>#styleDaimonCIRCUITO377TRECHO</styleUrl><LineString><coordinates>-47.876019,-12.617204,0 -47.876084,-12.617313,0</coordinates></LineString></Placemark>
<Placemark><name>3638606</name><styleUrl>#styleDaimonCIRCUITO377TRECHO</styleUrl><LineString><coordinates>-47.875820,-12.617338,0 -47.876019,-12.617204,0</coordinates></LineString></Placemark>
<Placemark><name>3638607</name><styleUrl>#styleDaimonCIRCUITO377TRECHO</styleUrl><LineString><coordinates>-47.876019,-12.617204,0 -47.876153,-12.617113,0</coordinates></LineString></Placemark>
<Placemark><name>2913971</name><styleUrl>#styleDaimonCIRCUITO377TRECHO</styleUrl><LineString><coordinates>-47.876084,-12.617313,0 -47.876252,-12.617600,0</coordinates></LineString></Placemark>
<Placemark><name>2533148</name><styleUrl>#styleDaimonCIRCUITO377TRECHO</styleUrl><LineString><coordinates>-47.875601,-12.617456,0 -47.875820,-12.617338,0</coordinates></LineString></Placemark>
<Placemark><name>2913972</name><styleUrl>#styleDaimonCIRCUITO377TRECHO</styleUrl><LineString><coordinates>-47.876252,-12.617600,0 -47.876382,-12.617857,0</coordinates></LineString></Placemark>
<Placemark><name>2533146</name><styleUrl>#styleDaimonCIRCUITO377TRECHO</styleUrl><LineString><coordinates>-47.875335,-12.617603,0 -47.875601,-12.617456,0</coordinates></LineString></Placemark>
<Placemark><name>2913973</name><styleUrl>#styleDaimonCIRCUITO377TRECHO</styleUrl><LineString><coordinates>-47.876382,-12.617857,0 -47.876583,-12.618169,0</coordinates></LineString></Placemark>
<Placemark><name>3549908</name><styleUrl>#styleDaimonCIRCUITO377TRECHO</styleUrl><LineString><coordinates>-47.875141,-12.617725,0 -47.875335,-12.617603,0</coordinates></LineString></Placemark>
<Placemark><name>2913974</name><styleUrl>#styleDaimonCIRCUITO377TRECHO</styleUrl><LineString><coordinates>-47.876583,-12.618169,0 -47.876728,-12.618395,0</coordinates></LineString></Placemark>
<Placemark><name>2533138</name><styleUrl>#styleDaimonCIRCUITO377TRECHO</styleUrl><LineString><coordinates>-47.875141,-12.617725,0 -47.875150,-12.617744,0</coordinates></LineString></Placemark>
<Placemark><name>2533143</name><styleUrl>#styleDaimonCIRCUITO377TRECHO</styleUrl><LineString><coordinates>-47.875141,-12.617725,0 -47.875116,-12.617724,0</coordinates></LineString></Placemark>
<Placemark><name>3549910</name><styleUrl>#styleDaimonCIRCUITO377TRECHO</styleUrl><LineString><coordinates>-47.874982,-12.617466,0 -47.875141,-12.617725,0</coordinates></LineString></Placemark>
<Placemark><name>2943496</name><styleUrl>#styleDaimonCIRCUITO377TRECHO</styleUrl><LineString><coordinates>-47.876728,-12.618395,0 -47.876874,-12.618623,0</coordinates></LineString></Placemark>
<Placemark><name>12073983</name><styleUrl>#styleDaimonCIRCUITO377TRECHO</styleUrl><LineString><coordinates>-47.875116,-12.617724,0 -47.875087,-12.617743,0</coordinates></LineString></Placemark>
<Placemark><name>2533149</name><styleUrl>#styleDaimonCIRCUITO377TRECHO</styleUrl><LineString><coordinates>-47.874751,-12.617088,0 -47.874982,-12.617466,0</coordinates></LineString></Placemark>
<Placemark><name>2913969</name><styleUrl>#styleDaimonCIRCUITO377TRECHO</styleUrl><LineString><coordinates>-47.876874,-12.618623,0 -47.877028,-12.618867,0</coordinates></LineString></Placemark>
<Placemark><name>2533142</name><styleUrl>#styleDaimonCIRCUITO377TRECHO</styleUrl><LineString><coordinates>-47.875087,-12.617743,0 -47.874842,-12.617881,0</coordinates></LineString></Placemark>
<Placemark><name>3549912</name><styleUrl>#styleDaimonCIRCUITO377TRECHO</styleUrl><LineString><coordinates>-47.874577,-12.616806,0 -47.874751,-12.617088,0</coordinates></LineString></Placemark>
<Placemark><name>2913970</name><styleUrl>#styleDaimonCIRCUITO377TRECHO</styleUrl><LineString><coordinates>-47.877028,-12.618867,0 -47.877209,-12.619149,0</coordinates></LineString></Placemark>
<Placemark><name>3252601</name><styleUrl>#styleDaimonCIRCUITO377TRECHO</styleUrl><LineString><coordinates>-47.874842,-12.617881,0 -47.874608,-12.618004,0</coordinates></LineString></Placemark>
<Placemark><name>2533140</name><styleUrl>#styleDaimonCIRCUITO377TRECHO</styleUrl><LineString><coordinates>-47.874395,-12.616486,0 -47.874577,-12.616806,0</coordinates></LineString></Placemark>
<Placemark><name>2977486</name><styleUrl>#styleDaimonCIRCUITO377TRECHO</styleUrl><LineString><coordinates>-47.877209,-12.619149,0 -47.877377,-12.619451,0</coordinates></LineString></Placemark>
<Placemark><name>3644577</name><styleUrl>#styleDaimonCIRCUITO377TRECHO</styleUrl><LineString><coordinates>-47.874345,-12.616402,0 -47.874395,-12.616486,0</coordinates></LineString></Placemark>
<Placemark><name>12075395</name><styleUrl>#styleDaimonCIRCUITO377TRECHO</styleUrl><LineString><coordinates>-47.877377,-12.619451,0 -47.877412,-12.619450,0</coordinates></LineString></Placemark>
<Placemark><name>3660557</name><styleUrl>#styleDaimonCIRCUITO377TRECHO</styleUrl><LineString><coordinates>-47.874317,-12.616393,0 -47.874345,-12.616402,0</coordinates></LineString></Placemark>
<Placemark><name>3659430</name><styleUrl>#styleDaimonCIRCUITO377TRECHO</styleUrl><LineString><coordinates>-47.874345,-12.616402,0 -47.874359,-12.616365,0</coordinates></LineString></Placemark>
<Placemark><name>2913968</name><styleUrl>#styleDaimonCIRCUITO377TRECHO</styleUrl><LineString><coordinates>-47.877412,-12.619450,0 -47.877676,-12.619278,0</coordinates></LineString></Placemark>
<Placemark><name>2943315</name><styleUrl>#styleDaimonCIRCUITO377TRECHO</styleUrl><LineString><coordinates>-47.877676,-12.619278,0 -47.877898,-12.619127,0</coordinates></LineString></Placemark>
<Placemark><name>2943316</name><styleUrl>#styleDaimonCIRCUITO377TRECHO</styleUrl><LineString><coordinates>-47.877898,-12.619127,0 -47.878125,-12.618981,0</coordinates></LineString></Placemark>
<Placemark><name>2943490</name><styleUrl>#styleDaimonCIRCUITO377TRECHO</styleUrl><LineString><coordinates>-47.878125,-12.618981,0 -47.878309,-12.618859,0</coordinates></LineString></Placemark>
<Placemark><name>12074695</name><styleUrl>#styleDaimonCIRCUITO377TRECHO</styleUrl><LineString><coordinates>-47.878309,-12.618859,0 -47.878286,-12.618835,0</coordinates></LineString></Placemark>
<Placemark><name>2943491</name><styleUrl>#styleDaimonCIRCUITO377TRECHO</styleUrl><LineString><coordinates>-47.878309,-12.618859,0 -47.878568,-12.618688,0</coordinates></LineString></Placemark>
<Placemark><name>2929252</name><styleUrl>#styleDaimonCIRCUITO377TRECHO</styleUrl><LineString><coordinates>-47.878286,-12.618835,0 -47.878112,-12.618565,0</coordinates></LineString></Placemark>
<Placemark><name>2943492</name><styleUrl>#styleDaimonCIRCUITO377TRECHO</styleUrl><LineString><coordinates>-47.878568,-12.618688,0 -47.878803,-12.618533,0</coordinates></LineString></Placemark>
<Placemark><name>2929253</name><styleUrl>#styleDaimonCIRCUITO377TRECHO</styleUrl><LineString><coordinates>-47.878112,-12.618565,0 -47.877917,-12.618270,0</coordinates></LineString></Placemark>
<Placemark><name>2915353</name><styleUrl>#styleDaimonCIRCUITO377TRECHO</styleUrl><LineString><coordinates>-47.878803,-12.618533,0 -47.879006,-12.618394,0</coordinates></LineString></Placemark>
<Placemark><name>2943495</name><styleUrl>#styleDaimonCIRCUITO377TRECHO</styleUrl><LineString><coordinates>-47.879006,-12.618394,0 -47.879247,-12.618238,0</coordinates></LineString></Placemark>
<Placemark><name>2943494</name><styleUrl>#styleDaimonCIRCUITO377TRECHO</styleUrl><LineString><coordinates>-47.879247,-12.618238,0 -47.879559,-12.618034,0</coordinates></LineString></Placemark>
<Placemark><name>2943493</name><styleUrl>#styleDaimonCIRCUITO377TRECHO</styleUrl><LineString><coordinates>-47.879559,-12.618034,0 -47.879889,-12.617814,0</coordinates></LineString></Placemark>
<Placemark><name>2747820</name><styleUrl>#styleDaimonCIRCUITO377TRECHO</styleUrl><LineString><coordinates>-47.879889,-12.617814,0 -47.880141,-12.617646,0</coordinates></LineString></Placemark>
<Placemark><name>2530093</name><styleUrl>#styleDaimonCIRCUITO377TRECHO</styleUrl><LineString><coordinates>-47.880141,-12.617646,0 -47.880378,-12.617470,0</coordinates></LineString></Placemark>
<Placemark><name>12072438</name><styleUrl>#styleDaimonCIRCUITO377TRECHO</styleUrl><LineString><coordinates>-47.880378,-12.617470,0 -47.880388,-12.617436,0</coordinates></LineString></Placemark>
<Placemark><name>12072437</name><styleUrl>#styleDaimonCIRCUITO377TRECHO</styleUrl><LineString><coordinates>-47.880388,-12.617436,0 -47.880367,-12.617447,0</coordinates></LineString></Placemark>
<Placemark><name>3003870</name><styleUrl>#styleDaimonCIRCUITO377TRECHO</styleUrl><LineString><coordinates>-47.880388,-12.617436,0 -47.880631,-12.617294,0</coordinates></LineString></Placemark>
<Placemark><name>2530094</name><styleUrl>#styleDaimonCIRCUITO377TRECHO</styleUrl><LineString><coordinates>-47.880367,-12.617447,0 -47.880320,-12.617239,0</coordinates></LineString></Placemark>
<Placemark><name>2914415</name><styleUrl>#styleDaimonCIRCUITO377TRECHO</styleUrl><LineString><coordinates>-47.880631,-12.617294,0 -47.880919,-12.617177,0</coordinates></LineString></Placemark>
<Placemark><name>3395423</name><styleUrl>#styleDaimonCIRCUITO377TRECHO</styleUrl><LineString><coordinates>-47.880320,-12.617239,0 -47.880245,-12.616970,0</coordinates></LineString></Placemark>
<Placemark><name>3556045</name><styleUrl>#styleDaimonCIRCUITO377TRECHO</styleUrl><LineString><coordinates>-47.880919,-12.617177,0 -47.881304,-12.617084,0</coordinates></LineString></Placemark>
<Placemark><name>3395422</name><styleUrl>#styleDaimonCIRCUITO377TRECHO</styleUrl><LineString><coordinates>-47.880245,-12.616970,0 -47.880156,-12.616650,0</coordinates></LineString></Placemark>
<Placemark><name>2914417</name><styleUrl>#styleDaimonCIRCUITO377TRECHO</styleUrl><LineString><coordinates>-47.881304,-12.617084,0 -47.881333,-12.617184,0</coordinates></LineString></Placemark>
<Placemark><name>2914416</name><styleUrl>#styleDaimonCIRCUITO377TRECHO</styleUrl><LineString><coordinates>-47.881304,-12.617084,0 -47.881515,-12.617032,0</coordinates></LineString></Placemark>
<Placemark><name>2921284</name><styleUrl>#styleDaimonCIRCUITO377TRECHO</styleUrl><LineString><coordinates>-47.881304,-12.617084,0 -47.881273,-12.616928,0</coordinates></LineString></Placemark>
<Placemark><name>3401669</name><styleUrl>#styleDaimonCIRCUITO377TRECHO</styleUrl><LineString><coordinates>-47.880156,-12.616650,0 -47.880100,-12.616401,0</coordinates></LineString></Placemark>
<Placemark><name>2747822</name><styleUrl>#styleDaimonCIRCUITO377TRECHO</styleUrl><LineString><coordinates>-47.881333,-12.617184,0 -47.881395,-12.617415,0</coordinates></LineString></Placemark>
<Placemark><name>12073981</name><styleUrl>#styleDaimonCIRCUITO377TRECHO</styleUrl><LineString><coordinates>-47.881273,-12.616928,0 -47.881260,-12.616896,0</coordinates></LineString></Placemark>
<Placemark><name>2914414</name><styleUrl>#styleDaimonCIRCUITO377TRECHO</styleUrl><LineString><coordinates>-47.881395,-12.617415,0 -47.881450,-12.617636,0</coordinates></LineString></Placemark>
<Placemark><name>2533139</name><styleUrl>#styleDaimonCIRCUITO377TRECHO</styleUrl><LineString><coordinates>-47.881260,-12.616896,0 -47.881196,-12.616663,0</coordinates></LineString></Placemark>
<Placemark><name>2914413</name><styleUrl>#styleDaimonCIRCUITO377TRECHO</styleUrl><LineString><coordinates>-47.881450,-12.617636,0 -47.881491,-12.617789,0</coordinates></LineString></Placemark>
<Placemark><name>2921283</name><styleUrl>#styleDaimonCIRCUITO377TRECHO</styleUrl><LineString><coordinates>-47.881196,-12.616663,0 -47.881109,-12.616337,0</coordinates></LineString></Placemark>
<Placemark><name>2533147</name><styleUrl>#styleDaimonCIRCUITO377TRECHO</styleUrl><LineString><coordinates>-47.881491,-12.617789,0 -47.881619,-12.618188,0</coordinates></LineString></Placemark>
<Placemark><name>2921223</name><styleUrl>#styleDaimonCIRCUITO377TRECHO</styleUrl><LineString><coordinates>-47.881109,-12.616337,0 -47.881036,-12.616085,0</coordinates></LineString></Placemark>
<Placemark><name>2533137</name><styleUrl>#styleDaimonCIRCUITO377TRECHO</styleUrl><LineString><coordinates>-47.881619,-12.618188,0 -47.881716,-12.618507,0</coordinates></LineString></Placemark>
<Placemark><name>12074074</name><styleUrl>#styleDaimonCIRCUITO377TRECHO</styleUrl><LineString><coordinates>-47.881036,-12.616085,0 -47.881003,-12.616070,0</coordinates></LineString></Placemark>
<Placemark><name>12070783</name><styleUrl>#styleDaimonCIRCUITO377TRECHO</styleUrl><LineString><coordinates>-47.881003,-12.616070,0 -47.881027,-12.616075,0</coordinates></LineString></Placemark>
<Placemark><name>2659409</name><styleUrl>#styleDaimonCIRCUITO377TRECHO</styleUrl><LineString><coordinates>-47.881003,-12.616070,0 -47.880509,-12.615916,0</coordinates></LineString></Placemark>
<Placemark><name>2659410</name><styleUrl>#styleDaimonCIRCUITO377TRECHO</styleUrl><LineString><coordinates>-47.881027,-12.616075,0 -47.881216,-12.616041,0</coordinates></LineString></Placemark>
<Placemark><name>53173133</name><styleUrl>#styleDaimonCIRCUITO377TRECHO</styleUrl><LineString><coordinates>-47.880509,-12.615916,0 -47.880454,-12.615894,0</coordinates></LineString></Placemark>
<Placemark><name>53173123</name><styleUrl>#styleDaimonCIRCUITO377TRECHO</styleUrl><LineString><coordinates>-47.880454,-12.615894,0 -47.880178,-12.615822,0</coordinates></LineString></Placemark>
<Placemark><name>53173228</name><styleUrl>#styleDaimonCIRCUITO377TRECHO</styleUrl><LineString><coordinates>-47.880178,-12.615822,0 -47.880153,-12.615844,0</coordinates></LineString></Placemark>
<Placemark><name>53173198</name><styleUrl>#styleDaimonCIRCUITO377TRECHO</styleUrl><LineString><coordinates>-47.880153,-12.615844,0 -47.879992,-12.615942,0</coordinates></LineString></Placemark>
<Placemark><name>53173199</name><styleUrl>#styleDaimonCIRCUITO377TRECHO</styleUrl><LineString><coordinates>-47.879992,-12.615942,0 -47.879787,-12.616118,0</coordinates></LineString></Placemark>
<Placemark><name>53173200</name><styleUrl>#styleDaimonCIRCUITO377TRECHO</styleUrl><LineString><coordinates>-47.879787,-12.616118,0 -47.879577,-12.616291,0</coordinates></LineString></Placemark>
<Placemark><name>53173184</name><styleUrl>#styleDaimonCIRCUITO377TRECHO</styleUrl><LineString><coordinates>-47.879577,-12.616291,0 -47.879448,-12.616403,0</coordinates></LineString></Placemark>
<Placemark><name>47590849</name><styleUrl>#styleDaimonCIRCUITO377TRECHO</styleUrl><LineString><coordinates>-47.879448,-12.616403,0 -47.879421,-12.616424,0</coordinates></LineString></Placemark>
<Placemark><name>47590869</name><styleUrl>#styleDaimonCIRCUITO377TRECHO</styleUrl><LineString><coordinates>-47.879421,-12.616424,0 -47.879345,-12.616469,0</coordinates></LineString></Placemark>
<Placemark><name>47590860</name><styleUrl>#styleDaimonCIRCUITO377TRECHO</styleUrl><LineString><coordinates>-47.879345,-12.616469,0 -47.879323,-12.616484,0</coordinates></LineString></Placemark>
<Placemark><name>47590880</name><styleUrl>#styleDaimonCIRCUITO377TRECHO</styleUrl><LineString><coordinates>-47.879323,-12.616484,0 -47.879433,-12.616602,0</coordinates></LineString></Placemark>
<Placemark><name>47590890</name><styleUrl>#styleDaimonCIRCUITO377TRECHO</styleUrl><LineString><coordinates>-47.879323,-12.616484,0 -47.879196,-12.616176,0</coordinates></LineString></Placemark>
<Placemark><name>47590900</name><styleUrl>#styleDaimonCIRCUITO377TRECHO</styleUrl><LineString><coordinates>-47.879196,-12.616176,0 -47.879101,-12.615945,0</coordinates></LineString></Placemark>
<Placemark><name>12084520</name><styleUrl>#styleDaimonCIRCUITO377TRECHO</styleUrl><LineString><coordinates>-47.882372,-12.621401,0 -47.882403,-12.621401,0</coordinates></LineString></Placemark>
<Placemark><name>3003866</name><styleUrl>#styleDaimonCIRCUITO377TRECHO</styleUrl><LineString><coordinates>-47.882253,-12.620806,0 -47.882372,-12.621401,0</coordinates></LineString></Placemark>
<Placemark><name>2533141</name><styleUrl>#styleDaimonCIRCUITO377TRECHO</styleUrl><LineString><coordinates>-47.882372,-12.621401,0 -47.882423,-12.621948,0</coordinates></LineString></Placemark>
<Placemark><name>3646031</name><styleUrl>#styleDaimonCIRCUITO377TRECHO</styleUrl><LineString><coordinates>-47.882403,-12.621401,0 -47.882544,-12.621426,0</coordinates></LineString></Placemark>
<Placemark><name>3003867</name><styleUrl>#styleDaimonCIRCUITO377TRECHO</styleUrl><LineString><coordinates>-47.882141,-12.620406,0 -47.882253,-12.620806,0</coordinates></LineString></Placemark>
<Placemark><name>12073982</name><styleUrl>#styleDaimonCIRCUITO377TRECHO</styleUrl><LineString><coordinates>-47.882423,-12.621948,0 -47.882425,-12.621984,0</coordinates></LineString></Placemark>
<Placemark><name>3003868</name><styleUrl>#styleDaimonCIRCUITO377TRECHO</styleUrl><LineString><coordinates>-47.881920,-12.619500,0 -47.882141,-12.620406,0</coordinates></LineString></Placemark>
<Placemark><name>2533144</name><styleUrl>#styleDaimonCIRCUITO377TRECHO</styleUrl><LineString><coordinates>-47.882425,-12.621984,0 -47.882409,-12.622549,0</coordinates></LineString></Placemark>
<Placemark><name>3003869</name><styleUrl>#styleDaimonCIRCUITO377TRECHO</styleUrl><LineString><coordinates>-47.881736,-12.618607,0 -47.881920,-12.619500,0</coordinates></LineString></Placemark>
<Placemark><name>12074073</name><styleUrl>#styleDaimonCIRCUITO377TRECHO</styleUrl><LineString><coordinates>-47.882409,-12.622549,0 -47.882382,-12.622540,0</coordinates></LineString></Placemark>
<Placemark><name>3402836</name><styleUrl>#styleDaimonCIRCUITO377TRECHO</styleUrl><LineString><coordinates>-47.882409,-12.622549,0 -47.882307,-12.623459,0</coordinates></LineString></Placemark>
<Placemark><name>2659408</name><styleUrl>#styleDaimonCIRCUITO377TRECHO</styleUrl><LineString><coordinates>-47.882382,-12.622540,0 -47.882191,-12.622501,0</coordinates></LineString></Placemark>
<Placemark><name>3395806</name><styleUrl>#styleDaimonCIRCUITO377TRECHO</styleUrl><LineString><coordinates>-47.882307,-12.623459,0 -47.882214,-12.624235,0</coordinates></LineString></Placemark>
<Placemark><name>2748049</name><styleUrl>#styleDaimonCIRCUITO377TRECHO</styleUrl><LineString><coordinates>-47.882214,-12.624235,0 -47.882132,-12.624734,0</coordinates></LineString></Placemark>
<Placemark><name>12079370</name><styleUrl>#styleDaimonCIRCUITO377TRECHO</styleUrl><LineString><coordinates>-47.882132,-12.624734,0 -47.882143,-12.624761,0</coordinates></LineString></Placemark>
<Placemark><name>2748050</name><styleUrl>#styleDaimonCIRCUITO377TRECHO</styleUrl><LineString><coordinates>-47.882143,-12.624761,0 -47.882641,-12.624733,0</coordinates></LineString></Placemark>
<Placemark><name>12075743</name><styleUrl>#styleDaimonCIRCUITO377TRECHO</styleUrl><LineString><coordinates>-47.875945,-12.617117,0 -47.875976,-12.617095,0</coordinates></LineString></Placemark>
<Placemark><name>3003871</name><styleUrl>#styleDaimonCIRCUITO377TRECHO</styleUrl><LineString><coordinates>-47.875945,-12.617117,0 -47.875711,-12.617262,0</coordinates></LineString></Placemark>
<Placemark><name>3669296</name><styleUrl>#styleDaimonCIRCUITO377TRECHO</styleUrl><LineString><coordinates>-47.875970,-12.617125,0 -47.875945,-12.617117,0</coordinates></LineString></Placemark>
<Placemark><name>3004039</name><styleUrl>#styleDaimonCIRCUITO377TRECHO</styleUrl><LineString><coordinates>-47.875976,-12.617095,0 -47.876386,-12.616865,0</coordinates></LineString></Placemark>
<Placemark><name>3617745</name><styleUrl>#styleDaimonCIRCUITO377TRECHO</styleUrl><LineString><coordinates>-47.875711,-12.617262,0 -47.875517,-12.617376,0</coordinates></LineString></Placemark>
<Placemark><name>12072539</name><styleUrl>#styleDaimonCIRCUITO377TRECHO</styleUrl><LineString><coordinates>-47.876386,-12.616865,0 -47.876421,-12.616842,0</coordinates></LineString></Placemark>
<Placemark><name>3162760</name><styleUrl>#styleDaimonCIRCUITO377TRECHO</styleUrl><LineString><coordinates>-47.875517,-12.617376,0 -47.875233,-12.617540,0</coordinates></LineString></Placemark>
<Placemark><name>2533145</name><styleUrl>#styleDaimonCIRCUITO377TRECHO</styleUrl><LineString><coordinates>-47.876421,-12.616842,0 -47.876679,-12.616688,0</coordinates></LineString></Placemark>
<Placemark><name>3304269</name><styleUrl>#styleDaimonCIRCUITO377TRECHO</styleUrl><LineString><coordinates>-47.875233,-12.617540,0 -47.875126,-12.617605,0</coordinates></LineString></Placemark>
<Placemark><name>2911483</name><styleUrl>#styleDaimonCIRCUITO377TRECHO</styleUrl><LineString><coordinates>-47.876679,-12.616688,0 -47.877039,-12.616481,0</coordinates></LineString></Placemark>
<Placemark><name>2931339</name><styleUrl>#styleDaimonCIRCUITO377TRECHO</styleUrl><LineString><coordinates>-47.875126,-12.617605,0 -47.875024,-12.617435,0</coordinates></LineString></Placemark>
<Placemark><name>3549909</name><styleUrl>#styleDaimonCIRCUITO377TRECHO</styleUrl><LineString><coordinates>-47.875126,-12.617605,0 -47.874995,-12.617679,0</coordinates></LineString></Placemark>
<Placemark><name>3549907</name><styleUrl>#styleDaimonCIRCUITO377TRECHO</styleUrl><LineString><coordinates>-47.875126,-12.617605,0 -47.875189,-12.617712,0</coordinates></LineString></Placemark>
<Placemark><name>2911484</name><styleUrl>#styleDaimonCIRCUITO377TRECHO</styleUrl><LineString><coordinates>-47.877039,-12.616481,0 -47.877338,-12.616317,0</coordinates></LineString></Placemark>
<Placemark><name>2593466</name><styleUrl>#styleDaimonCIRCUITO377TRECHO</styleUrl><LineString><coordinates>-47.875024,-12.617435,0 -47.874835,-12.617122,0</coordinates></LineString></Placemark>
<Placemark><name>2943314</name><styleUrl>#styleDaimonCIRCUITO377TRECHO</styleUrl><LineString><coordinates>-47.874835,-12.617122,0 -47.874782,-12.617035,0</coordinates></LineString></Placemark>
<Placemark><name>2943863</name><styleUrl>#styleDaimonCIRCUITO377TRECHO</styleUrl><LineString><coordinates>-47.874782,-12.617035,0 -47.874640,-12.616802,0</coordinates></LineString></Placemark>
<Placemark><name>3549911</name><styleUrl>#styleDaimonCIRCUITO377TRECHO</styleUrl><LineString><coordinates>-47.874782,-12.617035,0 -47.874547,-12.617183,0</coordinates></LineString></Placemark>
<Placemark><name>2943313</name><styleUrl>#styleDaimonCIRCUITO377TRECHO</styleUrl><LineString><coordinates>-47.874782,-12.617035,0 -47.874879,-12.616979,0</coordinates></LineString></Placemark>
<Placemark><name>2943862</name><styleUrl>#styleDaimonCIRCUITO377TRECHO</styleUrl><LineString><coordinates>-47.874640,-12.616802,0 -47.874467,-12.616501,0</coordinates></LineString></Placemark>
<Placemark><name>12074811</name><styleUrl>#styleDaimonCIRCUITO377TRECHO</styleUrl><LineString><coordinates>-47.874547,-12.617183,0 -47.874519,-12.617206,0</coordinates></LineString></Placemark>
<Placemark><name>2822171</name><styleUrl>#styleDaimonCIRCUITO377TRECHO</styleUrl><LineString><coordinates>-47.874467,-12.616501,0 -47.874264,-12.616157,0</coordinates></LineString></Placemark>
<Placemark><name>2923950</name><styleUrl>#styleDaimonCIRCUITO377TRECHO</styleUrl><LineString><coordinates>-47.874519,-12.617206,0 -47.874251,-12.617377,0</coordinates></LineString></Placemark>
<Placemark><name>3554873</name><styleUrl>#styleDaimonCIRCUITO377TRECHO</styleUrl><LineString><coordinates>-47.874264,-12.616157,0 -47.874138,-12.615932,0</coordinates></LineString></Placemark>
<Placemark><name>2559399</name><styleUrl>#styleDaimonCIRCUITO377TRECHO</styleUrl><LineString><coordinates>-47.874251,-12.617377,0 -47.873850,-12.617609,0</coordinates></LineString></Placemark>
<Placemark><name>3554871</name><styleUrl>#styleDaimonCIRCUITO377TRECHO</styleUrl><LineString><coordinates>-47.874138,-12.615932,0 -47.874002,-12.616012,0</coordinates></LineString></Placemark>
<Placemark><name>2559462</name><styleUrl>#styleDaimonCIRCUITO377TRECHO</styleUrl><LineString><coordinates>-47.874138,-12.615932,0 -47.874074,-12.615819,0</coordinates></LineString></Placemark>
<Placemark><name>2559463</name><styleUrl>#styleDaimonCIRCUITO377TRECHO</styleUrl><LineString><coordinates>-47.874138,-12.615932,0 -47.874265,-12.615852,0</coordinates></LineString></Placemark>
<Placemark><name>2932638</name><styleUrl>#styleDaimonCIRCUITO377TRECHO</styleUrl><LineString><coordinates>-47.873850,-12.617609,0 -47.873515,-12.617804,0</coordinates></LineString></Placemark>
<Placemark><name>2596842</name><styleUrl>#styleDaimonCIRCUITO377TRECHO</styleUrl><LineString><coordinates>-47.874074,-12.615819,0 -47.873961,-12.615608,0</coordinates></LineString></Placemark>
<Placemark><name>2932639</name><styleUrl>#styleDaimonCIRCUITO377TRECHO</styleUrl><LineString><coordinates>-47.873515,-12.617804,0 -47.873096,-12.618058,0</coordinates></LineString></Placemark>
<Placemark><name>2596843</name><styleUrl>#styleDaimonCIRCUITO377TRECHO</styleUrl><LineString><coordinates>-47.873961,-12.615608,0 -47.873809,-12.615326,0</coordinates></LineString></Placemark>
<Placemark><name>2932640</name><styleUrl>#styleDaimonCIRCUITO377TRECHO</styleUrl><LineString><coordinates>-47.873096,-12.618058,0 -47.872754,-12.618262,0</coordinates></LineString></Placemark>
<Placemark><name>2559397</name><styleUrl>#styleDaimonCIRCUITO377TRECHO</styleUrl><LineString><coordinates>-47.873809,-12.615326,0 -47.873711,-12.615137,0</coordinates></LineString></Placemark>
<Placemark><name>2923949</name><styleUrl>#styleDaimonCIRCUITO377TRECHO</styleUrl><LineString><coordinates>-47.872754,-12.618262,0 -47.872376,-12.618482,0</coordinates></LineString></Placemark>
<Placemark><name>2559464</name><styleUrl>#styleDaimonCIRCUITO377TRECHO</styleUrl><LineString><coordinates>-47.873711,-12.615137,0 -47.873641,-12.615181,0</coordinates></LineString></Placemark>
<Placemark><name>2559398</name><styleUrl>#styleDaimonCIRCUITO377TRECHO</styleUrl><LineString><coordinates>-47.873711,-12.615137,0 -47.873670,-12.615057,0</coordinates></LineString></Placemark>
<Placemark><name>2559393</name><styleUrl>#styleDaimonCIRCUITO377TRECHO</styleUrl><LineString><coordinates>-47.873711,-12.615137,0 -47.873925,-12.615019,0</coordinates></LineString></Placemark>
<Placemark><name>2596708</name><styleUrl>#styleDaimonCIRCUITO377TRECHO</styleUrl><LineString><coordinates>-47.873670,-12.615057,0 -47.873538,-12.614807,0</coordinates></LineString></Placemark>
<Placemark><name>2903483</name><styleUrl>#styleDaimonCIRCUITO377TRECHO</styleUrl><LineString><coordinates>-47.873538,-12.614807,0 -47.873398,-12.614549,0</coordinates></LineString></Placemark>
<Placemark><name>2496762</name><styleUrl>#styleDaimonCIRCUITO377TRECHO</styleUrl><LineString><coordinates>-47.877898,-12.618241,0 -47.877726,-12.617987,0</coordinates></LineString></Placemark>
<Placemark><name>3360747</name><styleUrl>#styleDaimonCIRCUITO377TRECHO</styleUrl><LineString><coordinates>-47.881897,-12.615895,0 -47.881930,-12.616035,0</coordinates></LineString></Placemark>
<Placemark><name>3360745</name><styleUrl>#styleDaimonCIRCUITO377TRECHO</styleUrl><LineString><coordinates>-47.881806,-12.615911,0 -47.881897,-12.615895,0</coordinates></LineString></Placemark>
<Placemark><name>3360746</name><styleUrl>#styleDaimonCIRCUITO377TRECHO</styleUrl><LineString><coordinates>-47.881897,-12.615895,0 -47.881871,-12.615797,0</coordinates></LineString></Placemark>
<Placemark><name>2747821</name><styleUrl>#styleDaimonCIRCUITO377TRECHO</styleUrl><LineString><coordinates>-47.881897,-12.615895,0 -47.882098,-12.615850,0</coordinates></LineString></Placemark>
<Placemark><name>3360748</name><styleUrl>#styleDaimonCIRCUITO377TRECHO</styleUrl><LineString><coordinates>-47.881930,-12.616035,0 -47.881999,-12.616342,0</coordinates></LineString></Placemark>
<Placemark><name>2921225</name><styleUrl>#styleDaimonCIRCUITO377TRECHO</styleUrl><LineString><coordinates>-47.881505,-12.615983,0 -47.881806,-12.615911,0</coordinates></LineString></Placemark>
<Placemark><name>2915351</name><styleUrl>#styleDaimonCIRCUITO377TRECHO</styleUrl><LineString><coordinates>-47.882098,-12.615850,0 -47.882391,-12.615780,0</coordinates></LineString></Placemark>
<Placemark><name>3360749</name><styleUrl>#styleDaimonCIRCUITO377TRECHO</styleUrl><LineString><coordinates>-47.881999,-12.616342,0 -47.882051,-12.616572,0</coordinates></LineString></Placemark>
<Placemark><name>2921224</name><styleUrl>#styleDaimonCIRCUITO377TRECHO</styleUrl><LineString><coordinates>-47.881245,-12.616036,0 -47.881505,-12.615983,0</coordinates></LineString></Placemark>
<Placemark><name>3360750</name><styleUrl>#styleDaimonCIRCUITO377TRECHO</styleUrl><LineString><coordinates>-47.882051,-12.616572,0 -47.882113,-12.616840,0</coordinates></LineString></Placemark>
<Placemark><name>3360751</name><styleUrl>#styleDaimonCIRCUITO377TRECHO</styleUrl><LineString><coordinates>-47.882113,-12.616840,0 -47.882181,-12.617131,0</coordinates></LineString></Placemark>
<Placemark><name>3360752</name><styleUrl>#styleDaimonCIRCUITO377TRECHO</styleUrl><LineString><coordinates>-47.882181,-12.617131,0 -47.882242,-12.617391,0</coordinates></LineString></Placemark>
<Placemark><name>3360753</name><styleUrl>#styleDaimonCIRCUITO377TRECHO</styleUrl><LineString><coordinates>-47.882242,-12.617391,0 -47.882296,-12.617625,0</coordinates></LineString></Placemark>
<Placemark><name>2915352</name><styleUrl>#styleDaimonCIRCUITO377TRECHO</styleUrl><LineString><coordinates>-47.880414,-12.615739,0 -47.880337,-12.615400,0</coordinates></LineString></Placemark>
<Placemark><name>42176302</name><styleUrl>#styleDaimonCIRCUITO377TRECHO</styleUrl><LineString><coordinates>-47.880337,-12.615400,0 -47.880263,-12.615221,0</coordinates></LineString></Placemark>
<Placemark><name>2913975</name><styleUrl>#styleDaimonCIRCUITO377TRECHO</styleUrl><LineString><coordinates>-47.880451,-12.615879,0 -47.880414,-12.615739,0</coordinates></LineString></Placemark>
<Placemark><name>42176417</name><styleUrl>#styleDaimonCIRCUITO377TRECHO</styleUrl><LineString><coordinates>-47.880263,-12.615221,0 -47.880243,-12.615233,0</coordinates></LineString></Placemark>
<Placemark><name>42176293</name><styleUrl>#styleDaimonCIRCUITO377TRECHO</styleUrl><LineString><coordinates>-47.880263,-12.615221,0 -47.880221,-12.615060,0</coordinates></LineString></Placemark>
<Placemark><name>42176331</name><styleUrl>#styleDaimonCIRCUITO377TRECHO</styleUrl><LineString><coordinates>-47.880243,-12.615233,0 -47.880104,-12.615354,0</coordinates></LineString></Placemark>
<Placemark><name>42176332</name><styleUrl>#styleDaimonCIRCUITO377TRECHO</styleUrl><LineString><coordinates>-47.880104,-12.615354,0 -47.879746,-12.615424,0</coordinates></LineString></Placemark>
<Placemark><name>42176318</name><styleUrl>#styleDaimonCIRCUITO377TRECHO</styleUrl><LineString><coordinates>-47.879746,-12.615424,0 -47.879440,-12.615436,0</coordinates></LineString></Placemark>
<Placemark><name>42176425</name><styleUrl>#styleDaimonCIRCUITO377TRECHO</styleUrl><LineString><coordinates>-47.879440,-12.615436,0 -47.879403,-12.615432,0</coordinates></LineString></Placemark>
<Placemark><name>42176406</name><styleUrl>#styleDaimonCIRCUITO377TRECHO</styleUrl><LineString><coordinates>-47.879403,-12.615432,0 -47.879358,-12.615414,0</coordinates></LineString></Placemark>
<Placemark><name>42176433</name><styleUrl>#styleDaimonCIRCUITO377TRECHO</styleUrl><LineString><coordinates>-47.879358,-12.615414,0 -47.879329,-12.615391,0</coordinates></LineString></Placemark>
<Placemark><name>42176386</name><styleUrl>#styleDaimonCIRCUITO377TRECHO</styleUrl><LineString><coordinates>-47.879329,-12.615391,0 -47.879279,-12.615260,0</coordinates></LineString></Placemark>
<Placemark><name>42176387</name><styleUrl>#styleDaimonCIRCUITO377TRECHO</styleUrl><LineString><coordinates>-47.879279,-12.615260,0 -47.879158,-12.615016,0</coordinates></LineString></Placemark>
<Placemark><name>42176373</name><styleUrl>#styleDaimonCIRCUITO377TRECHO</styleUrl><LineString><coordinates>-47.879158,-12.615016,0 -47.879039,-12.614802,0</coordinates></LineString></Placemark>
<Placemark><name>42176441</name><styleUrl>#styleDaimonCIRCUITO377TRECHO</styleUrl><LineString><coordinates>-47.879039,-12.614802,0 -47.879022,-12.614769,0</coordinates></LineString></Placemark>
<Placemark><name>42176362</name><styleUrl>#styleDaimonCIRCUITO377TRECHO</styleUrl><LineString><coordinates>-47.879022,-12.614769,0 -47.878924,-12.614602,0</coordinates></LineString></Placemark>
<Placemark><name>3402837</name><styleUrl>#styleDaimonCIRCUITO377TRECHO</styleUrl><LineString><coordinates>-47.882674,-12.624745,0 -47.882969,-12.624853,0</coordinates></LineString></Placemark>
<Placemark><name>2746717</name><styleUrl>#styleDaimonCIRCUITO377TRECHO</styleUrl><LineString><coordinates>-47.878162,-12.613654,0 -47.878226,-12.613617,0</coordinates></LineString></Placemark>
<Placemark><name>2746718</name><styleUrl>#styleDaimonCIRCUITO377TRECHO</styleUrl><LineString><coordinates>-47.878226,-12.613617,0 -47.878312,-12.613569,0</coordinates></LineString></Placemark>
<Placemark><name>2746716</name><styleUrl>#styleDaimonCIRCUITO377TRECHO</styleUrl><LineString><coordinates>-47.878162,-12.613654,0 -47.877966,-12.613757,0</coordinates></LineString></Placemark>
<Placemark><name>2746713</name><styleUrl>#styleDaimonCIRCUITO377TRECHO</styleUrl><LineString><coordinates>-47.877928,-12.613275,0 -47.878162,-12.613654,0</coordinates></LineString></Placemark>
<Placemark><name>2746715</name><styleUrl>#styleDaimonCIRCUITO377TRECHO</styleUrl><LineString><coordinates>-47.878162,-12.613654,0 -47.878185,-12.613692,0</coordinates></LineString></Placemark>
<Placemark><name>12070773</name><styleUrl>#styleDaimonCIRCUITO377TRECHO</styleUrl><LineString><coordinates>-47.878312,-12.613569,0 -47.878330,-12.613595,0</coordinates></LineString></Placemark>
<Placemark><name>2744143</name><styleUrl>#styleDaimonCIRCUITO377TRECHO</styleUrl><LineString><coordinates>-47.878312,-12.613569,0 -47.878430,-12.613507,0</coordinates></LineString></Placemark>
<Placemark><name>2746712</name><styleUrl>#styleDaimonCIRCUITO377TRECHO</styleUrl><LineString><coordinates>-47.877688,-12.612868,0 -47.877928,-12.613275,0</coordinates></LineString></Placemark>
<Placemark><name>2744144</name><styleUrl>#styleDaimonCIRCUITO377TRECHO</styleUrl><LineString><coordinates>-47.878330,-12.613595,0 -47.878569,-12.613949,0</coordinates></LineString></Placemark>
<Placemark><name>12070685</name><styleUrl>#styleDaimonCIRCUITO377TRECHO</styleUrl><LineString><coordinates>-47.877668,-12.612842,0 -47.877688,-12.612868,0</coordinates></LineString></Placemark>
<Placemark><name>2744145</name><styleUrl>#styleDaimonCIRCUITO377TRECHO</styleUrl><LineString><coordinates>-47.878569,-12.613949,0 -47.878759,-12.614389,0</coordinates></LineString></Placemark>
<Placemark><name>2746711</name><styleUrl>#styleDaimonCIRCUITO377TRECHO</styleUrl><LineString><coordinates>-47.877668,-12.612842,0 -47.877826,-12.612756,0</coordinates></LineString></Placemark>
<Placemark><name>2746710</name><styleUrl>#styleDaimonCIRCUITO377TRECHO</styleUrl><LineString><coordinates>-47.877637,-12.612859,0 -47.877668,-12.612842,0</coordinates></LineString></Placemark>
<Placemark><name>42176351</name><styleUrl>#styleDaimonCIRCUITO377TRECHO</styleUrl><LineString><coordinates>-47.878759,-12.614389,0 -47.878913,-12.614583,0</coordinates></LineString></Placemark>
<Placemark><name>2526480</name><styleUrl>#styleDaimonCIRCUITO377TRECHO</styleUrl><LineString><coordinates>-47.877826,-12.612756,0 -47.878089,-12.612607,0</coordinates></LineString></Placemark>
<Placemark><name>2526478</name><styleUrl>#styleDaimonCIRCUITO377TRECHO</styleUrl><LineString><coordinates>-47.877346,-12.613021,0 -47.877637,-12.612859,0</coordinates></LineString></Placemark>
<Placemark><name>2526479</name><styleUrl>#styleDaimonCIRCUITO377TRECHO</styleUrl><LineString><coordinates>-47.878089,-12.612607,0 -47.878333,-12.612454,0</coordinates></LineString></Placemark>
<Placemark><name>2526477</name><styleUrl>#styleDaimonCIRCUITO377TRECHO</styleUrl><LineString><coordinates>-47.877119,-12.613149,0 -47.877346,-12.613021,0</coordinates></LineString></Placemark>
<Placemark><name>2526476</name><styleUrl>#styleDaimonCIRCUITO377TRECHO</styleUrl><LineString><coordinates>-47.878333,-12.612454,0 -47.879034,-12.611995,0</coordinates></LineString></Placemark>
<Placemark><name>12074049</name><styleUrl>#styleDaimonCIRCUITO377TRECHO</styleUrl><LineString><coordinates>-47.877089,-12.613171,0 -47.877119,-12.613149,0</coordinates></LineString></Placemark>
<Placemark><name>3370007</name><styleUrl>#styleDaimonCIRCUITO377TRECHO</styleUrl><LineString><coordinates>-47.876874,-12.613286,0 -47.877089,-12.613171,0</coordinates></LineString></Placemark>
<Placemark><name>2596709</name><styleUrl>#styleDaimonCIRCUITO377TRECHO</styleUrl><LineString><coordinates>-47.876595,-12.613439,0 -47.876874,-12.613286,0</coordinates></LineString></Placemark>
<Placemark><name>2596710</name><styleUrl>#styleDaimonCIRCUITO377TRECHO</styleUrl><LineString><coordinates>-47.876336,-12.613593,0 -47.876595,-12.613439,0</coordinates></LineString></Placemark>
<Placemark><name>2596711</name><styleUrl>#styleDaimonCIRCUITO377TRECHO</styleUrl><LineString><coordinates>-47.876004,-12.613785,0 -47.876336,-12.613593,0</coordinates></LineString></Placemark>
<Placemark><name>2596712</name><styleUrl>#styleDaimonCIRCUITO377TRECHO</styleUrl><LineString><coordinates>-47.875681,-12.613982,0 -47.876004,-12.613785,0</coordinates></LineString></Placemark>
<Placemark><name>2822169</name><styleUrl>#styleDaimonCIRCUITO377TRECHO</styleUrl><LineString><coordinates>-47.875410,-12.614148,0 -47.875681,-12.613982,0</coordinates></LineString></Placemark>
<Placemark><name>2596713</name><styleUrl>#styleDaimonCIRCUITO377TRECHO</styleUrl><LineString><coordinates>-47.875138,-12.614312,0 -47.875410,-12.614148,0</coordinates></LineString></Placemark>
<Placemark><name>2748056</name><styleUrl>#styleDaimonCIRCUITO377TRECHO</styleUrl><LineString><coordinates>-47.874840,-12.614494,0 -47.875138,-12.614312,0</coordinates></LineString></Placemark>
<Placemark><name>2596833</name><styleUrl>#styleDaimonCIRCUITO377TRECHO</styleUrl><LineString><coordinates>-47.874688,-12.614579,0 -47.874840,-12.614494,0</coordinates></LineString></Placemark>
<Placemark><name>24283075</name><styleUrl>#styleDaimonCIRCUITO377TRECHO</styleUrl><LineString><coordinates>-47.874688,-12.614579,0 -47.874570,-12.614389,0</coordinates></LineString></Placemark>
<Placemark><name>24283084</name><styleUrl>#styleDaimonCIRCUITO377TRECHO</styleUrl><LineString><coordinates>-47.874688,-12.614579,0 -47.874741,-12.614664,0</coordinates></LineString></Placemark>
<Placemark><name>24283097</name><styleUrl>#styleDaimonCIRCUITO377TRECHO</styleUrl><LineString><coordinates>-47.874558,-12.614651,0 -47.874688,-12.614579,0</coordinates></LineString></Placemark>
<Placemark><name>24283057</name><styleUrl>#styleDaimonCIRCUITO377TRECHO</styleUrl><LineString><coordinates>-47.874570,-12.614389,0 -47.874378,-12.614078,0</coordinates></LineString></Placemark>
<Placemark><name>2596834</name><styleUrl>#styleDaimonCIRCUITO377TRECHO</styleUrl><LineString><coordinates>-47.874248,-12.614828,0 -47.874558,-12.614651,0</coordinates></LineString></Placemark>
<Placemark><name>24283025</name><styleUrl>#styleDaimonCIRCUITO377TRECHO</styleUrl><LineString><coordinates>-47.874378,-12.614078,0 -47.874279,-12.613926,0</coordinates></LineString></Placemark>
<Placemark><name>2596835</name><styleUrl>#styleDaimonCIRCUITO377TRECHO</styleUrl><LineString><coordinates>-47.873958,-12.615000,0 -47.874248,-12.614828,0</coordinates></LineString></Placemark>
<Placemark><name>24283002</name><styleUrl>#styleDaimonCIRCUITO377TRECHO</styleUrl><LineString><coordinates>-47.874279,-12.613926,0 -47.874165,-12.613733,0</coordinates></LineString></Placemark>
<Placemark><name>24282953</name><styleUrl>#styleDaimonCIRCUITO377TRECHO</styleUrl><LineString><coordinates>-47.874165,-12.613733,0 -47.874038,-12.613519,0</coordinates></LineString></Placemark>
<Placemark><name>24282885</name><styleUrl>#styleDaimonCIRCUITO377TRECHO</styleUrl><LineString><coordinates>-47.874038,-12.613519,0 -47.873884,-12.613270,0</coordinates></LineString></Placemark>
<Placemark><name>24282860</name><styleUrl>#styleDaimonCIRCUITO377TRECHO</styleUrl><LineString><coordinates>-47.873884,-12.613270,0 -47.873678,-12.612903,0</coordinates></LineString></Placemark>
<Placemark><name>24282804</name><styleUrl>#styleDaimonCIRCUITO377TRECHO</styleUrl><LineString><coordinates>-47.873678,-12.612903,0 -47.873507,-12.612595,0</coordinates></LineString></Placemark>
<Placemark><name>24282756</name><styleUrl>#styleDaimonCIRCUITO377TRECHO</styleUrl><LineString><coordinates>-47.873507,-12.612595,0 -47.873371,-12.612356,0</coordinates></LineString></Placemark>
<Placemark><name>2593464</name><styleUrl>#styleDaimonCIRCUITO377TRECHO</styleUrl><LineString><coordinates>-47.875533,-12.616597,0 -47.875829,-12.616419,0</coordinates></LineString></Placemark>
<Placemark><name>2593465</name><styleUrl>#styleDaimonCIRCUITO377TRECHO</styleUrl><LineString><coordinates>-47.875829,-12.616419,0 -47.876127,-12.616239,0</coordinates></LineString></Placemark>
<Placemark><name>2593326</name><styleUrl>#styleDaimonCIRCUITO377TRECHO</styleUrl><LineString><coordinates>-47.875170,-12.616801,0 -47.875533,-12.616597,0</coordinates></LineString></Placemark>
<Placemark><name>2943312</name><styleUrl>#styleDaimonCIRCUITO377TRECHO</styleUrl><LineString><coordinates>-47.876127,-12.616239,0 -47.876460,-12.616081,0</coordinates></LineString></Placemark>
<Placemark><name>2593325</name><styleUrl>#styleDaimonCIRCUITO377TRECHO</styleUrl><LineString><coordinates>-47.874909,-12.616961,0 -47.875170,-12.616801,0</coordinates></LineString></Placemark>
<Placemark><name>2748057</name><styleUrl>#styleDaimonCIRCUITO377TRECHO</styleUrl><LineString><coordinates>-47.879955,-12.611388,0 -47.880995,-12.610706,0</coordinates></LineString></Placemark>
<Placemark><name>2526483</name><styleUrl>#styleDaimonCIRCUITO377TRECHO</styleUrl><LineString><coordinates>-47.880995,-12.610706,0 -47.882096,-12.609984,0</coordinates></LineString></Placemark>
<Placemark><name>2526482</name><styleUrl>#styleDaimonCIRCUITO377TRECHO</styleUrl><LineString><coordinates>-47.878970,-12.612036,0 -47.879955,-12.611388,0</coordinates></LineString></Placemark>
<Placemark><name>12159103</name><styleUrl>#styleDaimonCIRCUITO377TRECHO</styleUrl><LineString><coordinates>-47.882096,-12.609984,0 -47.882119,-12.610001,0</coordinates></LineString></Placemark>
<Placemark><name>2526484</name><styleUrl>#styleDaimonCIRCUITO377TRECHO</styleUrl><LineString><coordinates>-47.882096,-12.609984,0 -47.882995,-12.609392,0</coordinates></LineString></Placemark>
<Placemark><name>3618082</name><styleUrl>#styleDaimonCIRCUITO377TRECHO</styleUrl><LineString><coordinates>-47.882119,-12.610001,0 -47.882160,-12.610034,0</coordinates></LineString></Placemark>
<Placemark><name>2526481</name><styleUrl>#styleDaimonCIRCUITO377TRECHO</styleUrl><LineString><coordinates>-47.883100,-12.609324,0 -47.884043,-12.608705,0</coordinates></LineString></Placemark>
<Placemark><name>29382290</name><styleUrl>#styleDaimonCIRCUITO377TRECHO</styleUrl><LineString><coordinates>-47.884043,-12.608705,0 -47.883865,-12.608635,0</coordinates></LineString></Placemark>
<Placemark><name>3618081</name><styleUrl>#styleDaimonCIRCUITO377TRECHO</styleUrl><LineString><coordinates>-47.882254,-12.610101,0 -47.883096,-12.610700,0</coordinates></LineString></Placemark>
<Placemark><name>Suporte Chave DJ_AL01010021_FICT</name><styleUrl>#styleDaimonCIRCUITO377TRECHO</styleUrl><LineString><coordinates>-47.858763,-12.609375,0 -47.859029,-12.609304,0</coordinates></LineString></Placemark>
<Placemark><name>Suporte Chave 8834045021</name><styleUrl>#styleDaimonCIRCUITO377TRECHO</styleUrl><LineString><coordinates>-47.859087,-12.609407,0 -47.859092,-12.609417,0</coordinates></LineString></Placemark>
<Placemark><name>Suporte Chave 8800510021</name><styleUrl>#styleDaimonCIRCUITO377TRECHO</styleUrl><LineString><coordinates>-47.864084,-12.614365,0 -47.864112,-12.614404,0</coordinates></LineString></Placemark>
<Placemark><name>Suporte Chave 8800501021</name><styleUrl>#styleDaimonCIRCUITO377TRECHO</styleUrl><LineString><coordinates>-47.867534,-12.618752,0 -47.867545,-12.618765,0</coordinates></LineString></Placemark>
<Placemark><name>Suporte Chave 8800548021</name><styleUrl>#styleDaimonCIRCUITO377TRECHO</styleUrl><LineString><coordinates>-47.868191,-12.619555,0 -47.868209,-12.619547,0</coordinates></LineString></Placemark>
<Placemark><name>Suporte Chave 8800503021</name><styleUrl>#styleDaimonCIRCUITO377TRECHO</styleUrl><LineString><coordinates>-47.868154,-12.619439,0 -47.868165,-12.619433,0</coordinates></LineString></Placemark>
<Placemark><name>Suporte Chave 9043905021</name><styleUrl>#styleDaimonCIRCUITO377TRECHO</styleUrl><LineString><coordinates>-47.874316,-12.616347,0 -47.874315,-12.616350,0</coordinates></LineString></Placemark>
<Placemark><name>Suporte Chave 0300023021</name><styleUrl>#styleDaimonCIRCUITO377TRECHO</styleUrl><LineString><coordinates>-47.870430,-12.618052,0 -47.870400,-12.618002,0</coordinates></LineString></Placemark>
<Placemark><name>Suporte Chave 3329887021</name><styleUrl>#styleDaimonCIRCUITO377TRECHO</styleUrl><LineString><coordinates>-47.869484,-12.621282,0 -47.869499,-12.621323,0</coordinates></LineString></Placemark>
<Placemark><name>Suporte Chave 7943905021</name><styleUrl>#styleDaimonCIRCUITO377TRECHO</styleUrl><LineString><coordinates>-47.874304,-12.616372,0 -47.874305,-12.616374,0</coordinates></LineString></Placemark>
<Placemark><name>Suporte Chave 8856764021</name><styleUrl>#styleDaimonCIRCUITO377TRECHO</styleUrl><LineString><coordinates>-47.868601,-12.614940,0 -47.868576,-12.614954,0</coordinates></LineString></Placemark>
<Placemark><name>Suporte Chave 9000556021</name><styleUrl>#styleDaimonCIRCUITO377TRECHO</styleUrl><LineString><coordinates>-47.874313,-12.616392,0 -47.874317,-12.616393,0</coordinates></LineString></Placemark>
<Placemark><name>Suporte Chave 8800013021</name><styleUrl>#styleDaimonCIRCUITO377TRECHO</styleUrl><LineString><coordinates>-47.881716,-12.618507,0 -47.881736,-12.618607,0</coordinates></LineString></Placemark>
<Placemark><name>Suporte Chave 8836573021</name><styleUrl>#styleDaimonCIRCUITO377TRECHO</styleUrl><LineString><coordinates>-47.875972,-12.617126,0 -47.875970,-12.617125,0</coordinates></LineString></Placemark>
<Placemark><name>Suporte Chave 0300505021</name><styleUrl>#styleDaimonCIRCUITO377TRECHO</styleUrl><LineString><coordinates>-47.877917,-12.618270,0 -47.877898,-12.618241,0</coordinates></LineString></Placemark>
<Placemark><name>Suporte Chave 0300016021</name><styleUrl>#styleDaimonCIRCUITO377TRECHO</styleUrl><LineString><coordinates>-47.881216,-12.616041,0 -47.881245,-12.616036,0</coordinates></LineString></Placemark>
<Placemark><name>Suporte Chave 0300014021</name><styleUrl>#styleDaimonCIRCUITO377TRECHO</styleUrl><LineString><coordinates>-47.880454,-12.615894,0 -47.880451,-12.615879,0</coordinates></LineString></Placemark>
<Placemark><name>Suporte Chave 0300115021</name><styleUrl>#styleDaimonCIRCUITO377TRECHO</styleUrl><LineString><coordinates>-47.882641,-12.624733,0 -47.882674,-12.624745,0</coordinates></LineString></Placemark>
<Placemark><name>Suporte Chave 0300005021</name><styleUrl>#styleDaimonCIRCUITO377TRECHO</styleUrl><LineString><coordinates>-47.873925,-12.615019,0 -47.873958,-12.615000,0</coordinates></LineString></Placemark>
<Placemark><name>Suporte Chave 0300007021</name><styleUrl>#styleDaimonCIRCUITO377TRECHO</styleUrl><LineString><coordinates>-47.874879,-12.616979,0 -47.874909,-12.616961,0</coordinates></LineString></Placemark>
<Placemark><name>Suporte Chave 0300448021</name><styleUrl>#styleDaimonCIRCUITO377TRECHO</styleUrl><LineString><coordinates>-47.879034,-12.611995,0 -47.878970,-12.612036,0</coordinates></LineString></Placemark>
<Placemark><name>Suporte Chave 0300449021</name><styleUrl>#styleDaimonCIRCUITO377TRECHO</styleUrl><LineString><coordinates>-47.882995,-12.609392,0 -47.883100,-12.609324,0</coordinates></LineString></Placemark>
<Placemark><name>Suporte Chave 334207021</name><styleUrl>#styleDaimonCIRCUITO377TRECHO</styleUrl><LineString><coordinates>-47.882160,-12.610034,0 -47.882254,-12.610101,0</coordinates></LineString></Placemark>
<Placemark><name>Suporte Chave 8043905021</name><styleUrl>#styleDaimonCIRCUITO377TRECHO</styleUrl><LineString><coordinates>-47.874360,-12.616360,0 -47.874359,-12.616365,0</coordinates></LineString></Placemark>
<Placemark><name>Suporte Chave 8856763021</name><styleUrl>#styleDaimonCIRCUITO377TRECHO</styleUrl><LineString><coordinates>-47.878913,-12.614583,0 -47.878924,-12.614602,0</coordinates></LineString></Placemark>
<Placemark><name>Suporte Chave 8800451021</name><styleUrl>#styleDaimonCIRCUITO377TRECHO</styleUrl><LineString><coordinates>-47.873986,-12.616021,0 -47.874002,-12.616012,0</coordinates></LineString></Placemark>
</Folder>
<Folder>
<name>RedeBT</name>
</Folder>
</Folder>
</Document>
</kml>