<?xml version="1.0" encoding="UTF-8"?>
<kml xmlns="http://www.opengis.net/kml/2.2" xmlns:gx="http://www.google.com/kml/ext/2.2" xmlns:kml="http://www.opengis.net/kml/2.2" xmlns:atom="http://www.w3.org/2005/Atom">
<Document>
<open>1</open>
<Style id="styleDaimonBarra0"><IconStyle><scale>1.00</scale><Icon><href>http://maps.google.com/mapfiles/kml/paddle/wht-blank.png</href></Icon><hotSpot x="32" y="1" xunits="pixels" yunits="pixels"/></IconStyle><LabelStyle><color>ffffffff</color><colorMode>normal</colorMode><scale>1.00</scale></LabelStyle><ListStyle><ItemIcon><href>http://maps.google.com/mapfiles/kml/paddle/wht-blank.png</href></ItemIcon></ListStyle></Style>
<Style id="styleDaimonBarra1"><IconStyle><scale>1.00</scale><Icon><href>http://maps.google.com/mapfiles/kml/paddle/wht-blank.png</href></Icon><hotSpot x="32" y="1" xunits="pixels" yunits="pixels"/></IconStyle><LabelStyle><color>ffffffff</color><colorMode>normal</colorMode><scale>1.00</scale></LabelStyle><ListStyle><ItemIcon><href>http://maps.google.com/mapfiles/kml/paddle/wht-blank.png</href></ItemIcon></ListStyle></Style>
<StyleMap id="mapDaimonBarra"><Pair><key>normal</key><styleUrl>#styleDaimonBarra0</styleUrl></Pair><Pair><key>highlight</key><styleUrl>#styleDaimonBarra1</styleUrl></Pair></StyleMap>
<Style id="styleDaimonBarraBT0"><IconStyle><scale>1.00</scale><Icon><href>http://maps.google.com/mapfiles/kml/paddle/wht-blank.png</href></Icon><hotSpot x="32" y="1" xunits="pixels" yunits="pixels"/></IconStyle><LabelStyle><color>ffffffff</color><colorMode>normal</colorMode><scale>1.00</scale></LabelStyle><ListStyle><ItemIcon><href>http://maps.google.com/mapfiles/kml/paddle/wht-blank.png</href></ItemIcon></ListStyle></Style>
<Style id="styleDaimonBarraBT1"><IconStyle><scale>1.00</scale><Icon><href>http://maps.google.com/mapfiles/kml/paddle/wht-blank.png</href></Icon><hotSpot x="32" y="1" xunits="pixels" yunits="pixels"/></IconStyle><LabelStyle><color>ffffffff</color><colorMode>normal</colorMode><scale>1.00</scale></LabelStyle><ListStyle><ItemIcon><href>http://maps.google.com/mapfiles/kml/paddle/wht-blank.png</href></ItemIcon></ListStyle></Style>
<StyleMap id="mapDaimonBarraBT"><Pair><key>normal</key><styleUrl>#styleDaimonBarraBT0</styleUrl></Pair><Pair><key>highlight</key><styleUrl>#styleDaimonBarraBT1</styleUrl></Pair></StyleMap>
<Style id="styleDaimonCapacitor0"><IconStyle><scale>1.00</scale><Icon><href>http://maps.google.com/mapfiles/kml/paddle/purple-blank.png</href></Icon><hotSpot x="32" y="1" xunits="pixels" yunits="pixels"/></IconStyle><LabelStyle><color>ffffffff</color><colorMode>normal</colorMode><scale>1.00</scale></LabelStyle><ListStyle><ItemIcon><href>http://maps.google.com/mapfiles/kml/paddle/purple-blank.png</href></ItemIcon></ListStyle></Style>
<Style id="styleDaimonCapacitor1"><IconStyle><scale>1.00</scale><Icon><href>http://maps.google.com/mapfiles/kml/paddle/purple-blank.png</href></Icon><hotSpot x="32" y="1" xunits="pixels" yunits="pixels"/></IconStyle><LabelStyle><color>ffffffff</color><colorMode>normal</colorMode><scale>1.00</scale></LabelStyle><ListStyle><ItemIcon><href>http://maps.google.com/mapfiles/kml/paddle/purple-blank.png</href></ItemIcon></ListStyle></Style>
<StyleMap id="mapDaimonCapacitor"><Pair><key>normal</key><styleUrl>#styleDaimonCapacitor0</styleUrl></Pair><Pair><key>highlight</key><styleUrl>#styleDaimonCapacitor1</styleUrl></Pair></StyleMap>
<Style id="styleDaimonCapacitorBT0"><IconStyle><scale>1.00</scale><Icon><href>http://maps.google.com/mapfiles/kml/paddle/purple-blank.png</href></Icon><hotSpot x="32" y="1" xunits="pixels" yunits="pixels"/></IconStyle><LabelStyle><color>ffffffff</color><colorMode>normal</colorMode><scale>1.00</scale></LabelStyle><ListStyle><ItemIcon><href>http://maps.google.com/mapfiles/kml/paddle/purple-blank.png</href></ItemIcon></ListStyle></Style>
<Style id="styleDaimonCapacitorBT1"><IconStyle><scale>1.00</scale><Icon><href>http://maps.google.com/mapfiles/kml/paddle/purple-blank.png</href></Icon><hotSpot x="32" y="1" xunits="pixels" yunits="pixels"/></IconStyle><LabelStyle><color>ffffffff</color><colorMode>normal</colorMode><scale>1.00</scale></LabelStyle><ListStyle><ItemIcon><href>http://maps.google.com/mapfiles/kml/paddle/purple-blank.png</href></ItemIcon></ListStyle></Style>
<StyleMap id="mapDaimonCapacitorBT"><Pair><key>normal</key><styleUrl>#styleDaimonCapacitorBT0</styleUrl></Pair><Pair><key>highlight</key><styleUrl>#styleDaimonCapacitorBT1</styleUrl></Pair></StyleMap>
<Style id="styleDaimonCapacitorSerie0"><IconStyle><scale>0.60</scale><Icon><href>http://maps.google.com/mapfiles/kml/paddle/purple-blank.png</href></Icon><hotSpot x="32" y="1" xunits="pixels" yunits="pixels"/></IconStyle><LabelStyle><color>ff00ffff</color><colorMode>normal</colorMode><scale>0.60</scale></LabelStyle><ListStyle><ItemIcon><href>http://maps.google.com/mapfiles/kml/paddle/purple-blank.png</href></ItemIcon></ListStyle></Style>
<Style id="styleDaimonCapacitorSerie1"><IconStyle><scale>0.60</scale><Icon><href>http://maps.google.com/mapfiles/kml/paddle/purple-blank.png</href></Icon><hotSpot x="32" y="1" xunits="pixels" yunits="pixels"/></IconStyle><LabelStyle><color>ff00ffff</color><colorMode>normal</colorMode><scale>0.60</scale></LabelStyle><ListStyle><ItemIcon><href>http://maps.google.com/mapfiles/kml/paddle/purple-blank.png</href></ItemIcon></ListStyle></Style>
<StyleMap id="mapDaimonCapacitorSerie"><Pair><key>normal</key><styleUrl>#styleDaimonCapacitorSerie0</styleUrl></Pair><Pair><key>highlight</key><styleUrl>#styleDaimonCapacitorSerie1</styleUrl></Pair></StyleMap>
<Style id="styleDaimonChave0"><IconStyle><scale>0.60</scale><Icon><href>http://maps.google.com/mapfiles/kml/paddle/red-circle.png</href></Icon><hotSpot x="32" y="1" xunits="pixels" yunits="pixels"/></IconStyle><LabelStyle><color>ff0000ff</color><colorMode>normal</colorMode><scale>0.60</scale></LabelStyle><ListStyle><ItemIcon><href>http://maps.google.com/mapfiles/kml/paddle/red-circle.png</href></ItemIcon></ListStyle></Style>
<Style id="styleDaimonChave1"><IconStyle><scale>0.60</scale><Icon><href>http://maps.google.com/mapfiles/kml/paddle/red-circle.png</href></Icon><hotSpot x="32" y="1" xunits="pixels" yunits="pixels"/></IconStyle><LabelStyle><color>ff0000ff</color><colorMode>normal</colorMode><scale>0.60</scale></LabelStyle><ListStyle><ItemIcon><href>http://maps.google.com/mapfiles/kml/paddle/red-circle.png</href></ItemIcon></ListStyle></Style>
<StyleMap id="mapDaimonChave"><Pair><key>normal</key><styleUrl>#styleDaimonChave0</styleUrl></Pair><Pair><key>highlight</key><styleUrl>#styleDaimonChave1</styleUrl></Pair></StyleMap>
<Style id="styleDaimonEP0"><IconStyle><scale>0.80</scale><Icon><href>http://maps.google.com/mapfiles/kml/paddle/ylw-circle.png</href></Icon><hotSpot x="32" y="1" xunits="pixels" yunits="pixels"/></IconStyle><LabelStyle><color>ff00ffff</color><colorMode>normal</colorMode><scale>0.80</scale></LabelStyle><ListStyle><ItemIcon><href>http://maps.google.com/mapfiles/kml/paddle/ylw-circle.png</href></ItemIcon></ListStyle></Style>
<Style id="styleDaimonEP1"><IconStyle><scale>0.80</scale><Icon><href>http://maps.google.com/mapfiles/kml/paddle/ylw-circle.png</href></Icon><hotSpot x="32" y="1" xunits="pixels" yunits="pixels"/></IconStyle><LabelStyle><color>ff00ffff</color><colorMode>normal</colorMode><scale>0.80</scale></LabelStyle><ListStyle><ItemIcon><href>http://maps.google.com/mapfiles/kml/paddle/ylw-circle.png</href></ItemIcon></ListStyle></Style>
<StyleMap id="mapDaimonEP"><Pair><key>normal</key><styleUrl>#styleDaimonEP0</styleUrl></Pair><Pair><key>highlight</key><styleUrl>#styleDaimonEP1</styleUrl></Pair></StyleMap>
<Style id="styleDaimonET0"><IconStyle><scale>0.80</scale><Icon><href>http://maps.google.com/mapfiles/kml/paddle/blu-blank.png</href></Icon><hotSpot x="32" y="1" xunits="pixels" yunits="pixels"/></IconStyle><LabelStyle><color>ffffff00</color><colorMode>normal</colorMode><scale>0.80</scale></LabelStyle><ListStyle><ItemIcon><href>http://maps.google.com/mapfiles/kml/paddle/blu-blank.png</href></ItemIcon></ListStyle></Style>
<Style id="styleDaimonET1"><IconStyle><scale>0.80</scale><Icon><href>http://maps.google.com/mapfiles/kml/paddle/blu-blank.png</href></Icon><hotSpot x="32" y="1" xunits="pixels" yunits="pixels"/></IconStyle><LabelStyle><color>ffffff00</color><colorMode>normal</colorMode><scale>0.80</scale></LabelStyle><ListStyle><ItemIcon><href>http://maps.google.com/mapfiles/kml/paddle/blu-blank.png</href></ItemIcon></ListStyle></Style>
<StyleMap id="mapDaimonET"><Pair><key>normal</key><styleUrl>#styleDaimonET0</styleUrl></Pair><Pair><key>highlight</key><styleUrl>#styleDaimonET1</styleUrl></Pair></StyleMap>
<Style id="styleDaimonGerador0"><IconStyle><scale>1.00</scale><Icon><href>http://maps.google.com/mapfiles/kml/paddle/orange-diamond.png</href></Icon><hotSpot x="32" y="1" xunits="pixels" yunits="pixels"/></IconStyle><LabelStyle><color>ffffffff</color><colorMode>normal</colorMode><scale>1.00</scale></LabelStyle><ListStyle><ItemIcon><href>http://maps.google.com/mapfiles/kml/paddle/orange-diamond.png</href></ItemIcon></ListStyle></Style>
<Style id="styleDaimonGerador1"><IconStyle><scale>1.00</scale><Icon><href>http://maps.google.com/mapfiles/kml/paddle/orange-diamond.png</href></Icon><hotSpot x="32" y="1" xunits="pixels" yunits="pixels"/></IconStyle><LabelStyle><color>ffffffff</color><colorMode>normal</colorMode><scale>1.00</scale></LabelStyle><ListStyle><ItemIcon><href>http://maps.google.com/mapfiles/kml/paddle/orange-diamond.png</href></ItemIcon></ListStyle></Style>
<StyleMap id="mapDaimonGerador"><Pair><key>normal</key><styleUrl>#styleDaimonGerador0</styleUrl></Pair><Pair><key>highlight</key><styleUrl>#styleDaimonGerador1</styleUrl></Pair></StyleMap>
<Style id="styleDaimonReator0"><IconStyle><scale>1.00</scale><Icon><href>http://maps.google.com/mapfiles/kml/paddle/wht-square.png</href></Icon><hotSpot x="32" y="1" xunits="pixels" yunits="pixels"/></IconStyle><LabelStyle><color>ff00ffff</color><colorMode>normal</colorMode><scale>1.00</scale></LabelStyle><ListStyle><ItemIcon><href>http://maps.google.com/mapfiles/kml/paddle/wht-square.png</href></ItemIcon></ListStyle></Style>
<Style id="styleDaimonReator1"><IconStyle><scale>1.00</scale><Icon><href>http://maps.google.com/mapfiles/kml/paddle/wht-square.png</href></Icon><hotSpot x="32" y="1" xunits="pixels" yunits="pixels"/></IconStyle><LabelStyle><color>ff00ffff</color><colorMode>normal</colorMode><scale>1.00</scale></LabelStyle><ListStyle><ItemIcon><href>http://maps.google.com/mapfiles/kml/paddle/wht-square.png</href></ItemIcon></ListStyle></Style>
<StyleMap id="mapDaimonReator"><Pair><key>normal</key><styleUrl>#styleDaimonReator0</styleUrl></Pair><Pair><key>highlight</key><styleUrl>#styleDaimonReator1</styleUrl></Pair></StyleMap>
<Style id="styleDaimonRegulador0"><IconStyle><scale>1.00</scale><Icon><href>http://maps.google.com/mapfiles/kml/paddle/orange-diamond.png</href></Icon><hotSpot x="32" y="1" xunits="pixels" yunits="pixels"/></IconStyle><LabelStyle><color>ff00a5ff</color><colorMode>normal</colorMode><scale>1.00</scale></LabelStyle><ListStyle><ItemIcon><href>http://maps.google.com/mapfiles/kml/paddle/orange-diamond.png</href></ItemIcon></ListStyle></Style>
<Style id="styleDaimonRegulador1"><IconStyle><scale>1.00</scale><Icon><href>http://maps.google.com/mapfiles/kml/paddle/orange-diamond.png</href></Icon><hotSpot x="32" y="1" xunits="pixels" yunits="pixels"/></IconStyle><LabelStyle><color>ff00a5ff</color><colorMode>normal</colorMode><scale>1.00</scale></LabelStyle><ListStyle><ItemIcon><href>http://maps.google.com/mapfiles/kml/paddle/orange-diamond.png</href></ItemIcon></ListStyle></Style>
<StyleMap id="mapDaimonRegulador"><Pair><key>normal</key><styleUrl>#styleDaimonRegulador0</styleUrl></Pair><Pair><key>highlight</key><styleUrl>#styleDaimonRegulador1</styleUrl></Pair></StyleMap>
<Style id="styleDaimonTransformador0"><IconStyle><scale>1.00</scale><Icon><href>http://maps.google.com/mapfiles/kml/paddle/pink-circle.png</href></Icon><hotSpot x="32" y="1" xunits="pixels" yunits="pixels"/></IconStyle><LabelStyle><color>ffff00ff</color><colorMode>normal</colorMode><scale>1.00</scale></LabelStyle><ListStyle><ItemIcon><href>http://maps.google.com/mapfiles/kml/paddle/pink-circle.png</href></ItemIcon></ListStyle></Style>
<Style id="styleDaimonTransformador1"><IconStyle><scale>1.00</scale><Icon><href>http://maps.google.com/mapfiles/kml/paddle/pink-circle.png</href></Icon><hotSpot x="32" y="1" xunits="pixels" yunits="pixels"/></IconStyle><LabelStyle><color>ffff00ff</color><colorMode>normal</colorMode><scale>1.00</scale></LabelStyle><ListStyle><ItemIcon><href>http://maps.google.com/mapfiles/kml/paddle/pink-circle.png</href></ItemIcon></ListStyle></Style>
<StyleMap id="mapDaimonTransformador"><Pair><key>normal</key><styleUrl>#styleDaimonTransformador0</styleUrl></Pair><Pair><key>highlight</key><styleUrl>#styleDaimonTransformador1</styleUrl></Pair></StyleMap>
<Style id="styleDaimonTrecho"><LineStyle><color>ffffffff</color><width>1.00</width></LineStyle></Style>
<Style id="styleDaimonTrechoBT"><LineStyle><color>ffff0000</color><width>1.00</width></LineStyle></Style>
<Style id="styleDaimonChaveNA0"><IconStyle><scale>0.60</scale><Icon><href>http://maps.google.com/mapfiles/kml/paddle/grn-blank.png</href></Icon><hotSpot x="32" y="1" xunits="pixels" yunits="pixels"/></IconStyle><LabelStyle><color>ff00ff00</color><colorMode>normal</colorMode><scale>0.60</scale></LabelStyle><ListStyle><ItemIcon><href>http://maps.google.com/mapfiles/kml/paddle/grn-blank.png</href></ItemIcon></ListStyle></Style>
<Style id="styleDaimonChaveNA1"><IconStyle><scale>0.60</scale><Icon><href>http://maps.google.com/mapfiles/kml/paddle/grn-blank.png</href></Icon><hotSpot x="32" y="1" xunits="pixels" yunits="pixels"/></IconStyle><LabelStyle><color>ff00ff00</color><colorMode>normal</colorMode><scale>0.60</scale></LabelStyle><ListStyle><ItemIcon><href>http://maps.google.com/mapfiles/kml/paddle/grn-blank.png</href></ItemIcon></ListStyle></Style>
<StyleMap id="mapDaimonChaveNA"><Pair><key>normal</key><styleUrl>#styleDaimonChaveNA0</styleUrl></Pair><Pair><key>highlight</key><styleUrl>#styleDaimonChaveNA1</styleUrl></Pair></StyleMap>
<Style id="styleDaimonChaveSoco0"><IconStyle><scale>0.60</scale><Icon><href>http://maps.google.com/mapfiles/kml/paddle/grn-blank.png</href></Icon><hotSpot x="32" y="1" xunits="pixels" yunits="pixels"/></IconStyle><LabelStyle><color>ff00ff00</color><colorMode>normal</colorMode><scale>0.60</scale></LabelStyle><ListStyle><ItemIcon><href>http://maps.google.com/mapfiles/kml/paddle/grn-blank.png</href></ItemIcon></ListStyle></Style>
<Style id="styleDaimonChaveSoco1"><IconStyle><scale>0.60</scale><Icon><href>http://maps.google.com/mapfiles/kml/paddle/grn-blank.png</href></Icon><hotSpot x="32" y="1" xunits="pixels" yunits="pixels"/></IconStyle><LabelStyle><color>ff00ff00</color><colorMode>normal</colorMode><scale>0.60</scale></LabelStyle><ListStyle><ItemIcon><href>http://maps.google.com/mapfiles/kml/paddle/grn-blank.png</href></ItemIcon></ListStyle></Style>
<StyleMap id="mapDaimonChaveSoco"><Pair><key>normal</key><styleUrl>#styleDaimonChaveSoco0</styleUrl></Pair><Pair><key>highlight</key><styleUrl>#styleDaimonChaveSoco1</styleUrl></Pair></StyleMap>
<Style id="styleDaimonSE0"><IconStyle><scale>1.20</scale><Icon><href>http://maps.google.com/mapfiles/kml/paddle/wht-circle.png</href></Icon><hotSpot x="32" y="1" xunits="pixels" yunits="pixels"/></IconStyle><LabelStyle><color>ffffffff</color><colorMode>normal</colorMode><scale>1.20</scale></LabelStyle><ListStyle><ItemIcon><href>http://maps.google.com/mapfiles/kml/paddle/wht-circle.png</href></ItemIcon></ListStyle></Style>
<Style id="styleDaimonSE1"><IconStyle><scale>1.20</scale><Icon><href>http://maps.google.com/mapfiles/kml/paddle/wht-circle.png</href></Icon><hotSpot x="32" y="1" xunits="pixels" yunits="pixels"/></IconStyle><LabelStyle><color>ffffffff</color><colorMode>normal</colorMode><scale>1.20</scale></LabelStyle><ListStyle><ItemIcon><href>http://maps.google.com/mapfiles/kml/paddle/wht-circle.png</href></ItemIcon></ListStyle></Style>
<StyleMap id="mapDaimonSE"><Pair><key>normal</key><styleUrl>#styleDaimonSE0</styleUrl></Pair><Pair><key>highlight</key><styleUrl>#styleDaimonSE1</styleUrl></Pair></StyleMap>
<Style id="styleDaimonDiag_BOM"><LineStyle><color>ff80ff80</color><width>3.20</width></LineStyle></Style>
<Style id="styleDaimonDiag_REGULAR"><LineStyle><color>ff00ffff</color><width>3.20</width></LineStyle></Style>
<Style id="styleDaimonDiag_RUIM"><LineStyle><color>ff0000ff</color><width>3.20</width></LineStyle></Style>
<Style id="styleDaimonDiag_INDEF"><LineStyle><color>ff808080</color><width>3.20</width></LineStyle></Style>
<Style id="styleDaimonDiag_BARRA_BOM0"><IconStyle><scale>0.60</scale><Icon><href>http://maps.google.com/mapfiles/kml/paddle/grn-blank.png</href></Icon><hotSpot x="32" y="1" xunits="pixels" yunits="pixels"/></IconStyle><LabelStyle><color>ffffffff</color><colorMode>normal</colorMode><scale>0.60</scale></LabelStyle><ListStyle><ItemIcon><href>http://maps.google.com/mapfiles/kml/paddle/grn-blank.png</href></ItemIcon></ListStyle></Style>
<Style id="styleDaimonDiag_BARRA_BOM1"><IconStyle><scale>0.60</scale><Icon><href>http://maps.google.com/mapfiles/kml/paddle/grn-blank.png</href></Icon><hotSpot x="32" y="1" xunits="pixels" yunits="pixels"/></IconStyle><LabelStyle><color>ffffffff</color><colorMode>normal</colorMode><scale>0.60</scale></LabelStyle><ListStyle><ItemIcon><href>http://maps.google.com/mapfiles/kml/paddle/grn-blank.png</href></ItemIcon></ListStyle></Style>
<StyleMap id="mapDaimonDiag_BARRA_BOM"><Pair><key>normal</key><styleUrl>#styleDaimonDiag_BARRA_BOM0</styleUrl></Pair><Pair><key>highlight</key><styleUrl>#styleDaimonDiag_BARRA_BOM1</styleUrl></Pair></StyleMap>
<Style id="styleDaimonDiag_BARRA_REGULAR0"><IconStyle><scale>0.60</scale><Icon><href>http://maps.google.com/mapfiles/kml/paddle/ylw-blank.png</href></Icon><hotSpot x="32" y="1" xunits="pixels" yunits="pixels"/></IconStyle><LabelStyle><color>ffffffff</color><colorMode>normal</colorMode><scale>0.60</scale></LabelStyle><ListStyle><ItemIcon><href>http://maps.google.com/mapfiles/kml/paddle/ylw-blank.png</href></ItemIcon></ListStyle></Style>
<Style id="styleDaimonDiag_BARRA_REGULAR1"><IconStyle><scale>0.60</scale><Icon><href>http://maps.google.com/mapfiles/kml/paddle/ylw-blank.png</href></Icon><hotSpot x="32" y="1" xunits="pixels" yunits="pixels"/></IconStyle><LabelStyle><color>ffffffff</color><colorMode>normal</colorMode><scale>0.60</scale></LabelStyle><ListStyle><ItemIcon><href>http://maps.google.com/mapfiles/kml/paddle/ylw-blank.png</href></ItemIcon></ListStyle></Style>
<StyleMap id="mapDaimonDiag_BARRA_REGULAR"><Pair><key>normal</key><styleUrl>#styleDaimonDiag_BARRA_REGULAR0</styleUrl></Pair><Pair><key>highlight</key><styleUrl>#styleDaimonDiag_BARRA_REGULAR1</styleUrl></Pair></StyleMap>
<Style id="styleDaimonDiag_BARRA_RUIM0"><IconStyle><scale>0.60</scale><Icon><href>http://maps.google.com/mapfiles/kml/paddle/red-blank.png</href></Icon><hotSpot x="32" y="1" xunits="pixels" yunits="pixels"/></IconStyle><LabelStyle><color>ffffffff</color><colorMode>normal</colorMode><scale>0.60</scale></LabelStyle><ListStyle><ItemIcon><href>http://maps.google.com/mapfiles/kml/paddle/red-blank.png</href></ItemIcon></ListStyle></Style>
<Style id="styleDaimonDiag_BARRA_RUIM1"><IconStyle><scale>0.60</scale><Icon><href>http://maps.google.com/mapfiles/kml/paddle/red-blank.png</href></Icon><hotSpot x="32" y="1" xunits="pixels" yunits="pixels"/></IconStyle><LabelStyle><color>ffffffff</color><colorMode>normal</colorMode><scale>0.60</scale></LabelStyle><ListStyle><ItemIcon><href>http://maps.google.com/mapfiles/kml/paddle/red-blank.png</href></ItemIcon></ListStyle></Style>
<StyleMap id="mapDaimonDiag_BARRA_RUIM"><Pair><key>normal</key><styleUrl>#styleDaimonDiag_BARRA_RUIM0</styleUrl></Pair><Pair><key>highlight</key><styleUrl>#styleDaimonDiag_BARRA_RUIM1</styleUrl></Pair></StyleMap>
<Style id="styleDaimonDiag_BARRA_INDEF0"><IconStyle><scale>0.60</scale><Icon><href>http://maps.google.com/mapfiles/kml/paddle/wht-blank.png</href></Icon><hotSpot x="32" y="1" xunits="pixels" yunits="pixels"/></IconStyle><LabelStyle><color>ffffffff</color><colorMode>normal</colorMode><scale>0.60</scale></LabelStyle><ListStyle><ItemIcon><href>http://maps.google.com/mapfiles/kml/paddle/wht-blank.png</href></ItemIcon></ListStyle></Style>
<Style id="styleDaimonDiag_BARRA_INDEF1"><IconStyle><scale>0.60</scale><Icon><href>http://maps.google.com/mapfiles/kml/paddle/wht-blank.png</href></Icon><hotSpot x="32" y="1" xunits="pixels" yunits="pixels"/></IconStyle><LabelStyle><color>ffffffff</color><colorMode>normal</colorMode><scale>0.60</scale></LabelStyle><ListStyle><ItemIcon><href>http://maps.google.com/mapfiles/kml/paddle/wht-blank.png</href></ItemIcon></ListStyle></Style>
<StyleMap id="mapDaimonDiag_BARRA_INDEF"><Pair><key>normal</key><styleUrl>#styleDaimonDiag_BARRA_INDEF0</styleUrl></Pair><Pair><key>highlight</key><styleUrl>#styleDaimonDiag_BARRA_INDEF1</styleUrl></Pair></StyleMap>
<Style id="styleDaimonMONO"><LineStyle><color>ff0000ff</color><width>2.00</width></LineStyle></Style>
<Style id="styleDaimonBI"><LineStyle><color>ff00ff00</color><width>2.00</width></LineStyle></Style>
<Style id="styleDaimonTRI"><LineStyle><color>ffff0000</color><width>2.00</width></LineStyle></Style>
<Style id="styleDaimonMONO_BT"><LineStyle><color>ffffff00</color><width>1.00</width></LineStyle></Style>
<Style id="styleDaimonBI_BT"><LineStyle><color>ffff00ff</color><width>1.00</width></LineStyle></Style>
<Style id="styleDaimonTRI_BT"><LineStyle><color>ff00ffff</color><width>1.00</width></LineStyle></Style>
<Style id="styleDaimonCIRCUITO384TRECHO"><LineStyle><color>ffff8000</color><width>2.00</width></LineStyle></Style>
<Style id="styleDaimonFolderCirc_AL01081100"><ListStyle><bgColor>ffff8000</bgColor></ListStyle></Style>
<Folder>
<name>Circ_AL01081100</name>
<styleUrl>#styleDaimonFolderCirc_AL01081100</styleUrl><Folder>
<name>Capacitor</name>
<visibility>0</visibility>
<Placemark><name>5905232100</name><visibility>0</visibility><LookAt><longitude>-48.156982</longitude><latitude>-10.314912</latitude><altitude>1200.0</altitude><altitudeMode>absolute</altitudeMode></LookAt><styleUrl>#mapDaimonCapacitor</styleUrl><Point><coordinates>-48.156982,-10.314912,0</coordinates></Point></Placemark>
</Folder>
<Folder>
<name>CapacitorSerie</name>
<visibility>0</visibility>
</Folder>
<Folder>
<name>Chave</name>
<visibility>0</visibility>
<Placemark><name>DJ_AL01081100_FICT</name><visibility>0</visibility><LookAt><longitude>-48.162785</longitude><latitude>-10.311008</latitude><altitude>1200.0</altitude><altitudeMode>absolute</altitudeMode></LookAt><styleUrl>#mapDaimonChave</styleUrl><Point><coordinates>-48.162785,-10.311008,0</coordinates></Point></Placemark>
<Placemark><name>9007598100</name><visibility>0</visibility><LookAt><longitude>-48.162776</longitude><latitude>-10.311083</latitude><altitude>1200.0</altitude><altitudeMode>absolute</altitudeMode></LookAt><styleUrl>#mapDaimonChave</styleUrl><Point><coordinates>-48.162776,-10.311083,0</coordinates></Point></Placemark>
<Placemark><name>7913655100</name><visibility>0</visibility><LookAt><longitude>-48.162792</longitude><latitude>-10.311104</latitude><altitude>1200.0</altitude><altitudeMode>absolute</altitudeMode></LookAt><styleUrl>#mapDaimonChave</styleUrl><Point><coordinates>-48.162792,-10.311104,0</coordinates></Point></Placemark>
<Placemark><name>9013655100</name><visibility>0</visibility><LookAt><longitude>-48.162814</longitude><latitude>-10.311106</latitude><altitude>1200.0</altitude><altitudeMode>absolute</altitudeMode></LookAt><styleUrl>#mapDaimonChave</styleUrl><Point><coordinates>-48.162814,-10.311106,0</coordinates></Point></Placemark>
<Placemark><name>8861672100</name><visibility>0</visibility><LookAt><longitude>-48.162517</longitude><latitude>-10.312770</latitude><altitude>1200.0</altitude><altitudeMode>absolute</altitudeMode></LookAt><styleUrl>#mapDaimonChave</styleUrl><Point><coordinates>-48.162517,-10.312770,0</coordinates></Point></Placemark>
<Placemark><name>8832512122</name><visibility>0</visibility><LookAt><longitude>-48.160978</longitude><latitude>-10.312584</latitude><altitude>1200.0</altitude><altitudeMode>absolute</altitudeMode></LookAt><styleUrl>#mapDaimonChave</styleUrl><Point><coordinates>-48.160978,-10.312584,0</coordinates></Point></Placemark>
<Placemark><name>8800005100</name><visibility>0</visibility><LookAt><longitude>-48.158301</longitude><latitude>-10.314712</latitude><altitude>1200.0</altitude><altitudeMode>absolute</altitudeMode></LookAt><styleUrl>#mapDaimonChave</styleUrl><Point><coordinates>-48.158301,-10.314712,0</coordinates></Point></Placemark>
<Placemark><name>0305232100</name><visibility>0</visibility><LookAt><longitude>-48.156968</longitude><latitude>-10.314891</latitude><altitude>1200.0</altitude><altitudeMode>absolute</altitudeMode></LookAt><styleUrl>#mapDaimonChave</styleUrl><Point><coordinates>-48.156968,-10.314891,0</coordinates></Point></Placemark>
<Placemark><name>0304248100</name><visibility>0</visibility><LookAt><longitude>-48.156157</longitude><latitude>-10.312822</latitude><altitude>1200.0</altitude><altitudeMode>absolute</altitudeMode></LookAt><styleUrl>#mapDaimonChave</styleUrl><Point><coordinates>-48.156157,-10.312822,0</coordinates></Point></Placemark>
<Placemark><name>0306179100</name><visibility>0</visibility><LookAt><longitude>-48.157333</longitude><latitude>-10.315674</latitude><altitude>1200.0</altitude><altitudeMode>absolute</altitudeMode></LookAt><styleUrl>#mapDaimonChave</styleUrl><Point><coordinates>-48.157333,-10.315674,0</coordinates></Point></Placemark>
<Placemark><name>0300006100</name><visibility>0</visibility><LookAt><longitude>-48.155662</longitude><latitude>-10.315096</latitude><altitude>1200.0</altitude><altitudeMode>absolute</altitudeMode></LookAt><styleUrl>#mapDaimonChave</styleUrl><Point><coordinates>-48.155662,-10.315096,0</coordinates></Point></Placemark>
<Placemark><name>8800014100</name><visibility>0</visibility><LookAt><longitude>-48.155554</longitude><latitude>-10.315074</latitude><altitude>1200.0</altitude><altitudeMode>absolute</altitudeMode></LookAt><styleUrl>#mapDaimonChave</styleUrl><Point><coordinates>-48.155554,-10.315074,0</coordinates></Point></Placemark>
<Placemark><name>0307292100</name><visibility>0</visibility><LookAt><longitude>-48.157815</longitude><latitude>-10.322926</latitude><altitude>1200.0</altitude><altitudeMode>absolute</altitudeMode></LookAt><styleUrl>#mapDaimonChave</styleUrl><Point><coordinates>-48.157815,-10.322926,0</coordinates></Point></Placemark>
<Placemark><name>0348006100</name><visibility>0</visibility><LookAt><longitude>-48.154856</longitude><latitude>-10.316635</latitude><altitude>1200.0</altitude><altitudeMode>absolute</altitudeMode></LookAt><styleUrl>#mapDaimonChave</styleUrl><Point><coordinates>-48.154856,-10.316635,0</coordinates></Point></Placemark>
<Placemark><name>0328832100</name><visibility>0</visibility><LookAt><longitude>-48.153444</longitude><latitude>-10.320761</latitude><altitude>1200.0</altitude><altitudeMode>absolute</altitudeMode></LookAt><styleUrl>#mapDaimonChave</styleUrl><Point><coordinates>-48.153444,-10.320761,0</coordinates></Point></Placemark>
<Placemark><name>8832514100</name><visibility>0</visibility><LookAt><longitude>-48.151780</longitude><latitude>-10.318032</latitude><altitude>1200.0</altitude><altitudeMode>absolute</altitudeMode></LookAt><styleUrl>#mapDaimonChave</styleUrl><Point><coordinates>-48.151780,-10.318032,0</coordinates></Point></Placemark>
<Placemark><name>0329513122</name><visibility>0</visibility><LookAt><longitude>-48.157981</longitude><latitude>-10.323085</latitude><altitude>1200.0</altitude><altitudeMode>absolute</altitudeMode></LookAt><styleUrl>#mapDaimonChave</styleUrl><Point><coordinates>-48.157981,-10.323085,0</coordinates></Point></Placemark>
<Placemark><name>0206060100</name><visibility>0</visibility><LookAt><longitude>-48.152964</longitude><latitude>-10.319233</latitude><altitude>1200.0</altitude><altitudeMode>absolute</altitudeMode></LookAt><styleUrl>#mapDaimonChave</styleUrl><Point><coordinates>-48.152964,-10.319233,0</coordinates></Point></Placemark>
<Placemark><name>0352150100</name><visibility>0</visibility><LookAt><longitude>-48.153702</longitude><latitude>-10.320268</latitude><altitude>1200.0</altitude><altitudeMode>absolute</altitudeMode></LookAt><styleUrl>#mapDaimonChave</styleUrl><Point><coordinates>-48.153702,-10.320268,0</coordinates></Point></Placemark>
<Placemark><name>0300015100</name><visibility>0</visibility><LookAt><longitude>-48.153139</longitude><latitude>-10.314748</latitude><altitude>1200.0</altitude><altitudeMode>absolute</altitudeMode></LookAt><styleUrl>#mapDaimonChave</styleUrl><Point><coordinates>-48.153139,-10.314748,0</coordinates></Point></Placemark>
<Placemark><name>0331680100</name><visibility>0</visibility><LookAt><longitude>-48.160481</longitude><latitude>-10.321156</latitude><altitude>1200.0</altitude><altitudeMode>absolute</altitudeMode></LookAt><styleUrl>#mapDaimonChave</styleUrl><Point><coordinates>-48.160481,-10.321156,0</coordinates></Point></Placemark>
<Placemark><name>0307802100</name><visibility>0</visibility><LookAt><longitude>-48.160349</longitude><latitude>-10.321207</latitude><altitude>1200.0</altitude><altitudeMode>absolute</altitudeMode></LookAt><styleUrl>#mapDaimonChave</styleUrl><Point><coordinates>-48.160349,-10.321207,0</coordinates></Point></Placemark>
<Placemark><name>0331683100</name><visibility>0</visibility><LookAt><longitude>-48.160728</longitude><latitude>-10.320998</latitude><altitude>1200.0</altitude><altitudeMode>absolute</altitudeMode></LookAt><styleUrl>#mapDaimonChave</styleUrl><Point><coordinates>-48.160728,-10.320998,0</coordinates></Point></Placemark>
<Placemark><name>0349949100</name><visibility>0</visibility><LookAt><longitude>-48.151194</longitude><latitude>-10.319142</latitude><altitude>1200.0</altitude><altitudeMode>absolute</altitudeMode></LookAt><styleUrl>#mapDaimonChave</styleUrl><Point><coordinates>-48.151194,-10.319142,0</coordinates></Point></Placemark>
<Placemark><name>8806406122</name><visibility>0</visibility><LookAt><longitude>-48.151118</longitude><latitude>-10.319280</latitude><altitude>1200.0</altitude><altitudeMode>absolute</altitudeMode></LookAt><styleUrl>#mapDaimonChave</styleUrl><Point><coordinates>-48.151118,-10.319280,0</coordinates></Point></Placemark>
<Placemark><name>0329513100</name><visibility>0</visibility><LookAt><longitude>-48.158530</longitude><latitude>-10.324421</latitude><altitude>1200.0</altitude><altitudeMode>absolute</altitudeMode></LookAt><styleUrl>#mapDaimonChave</styleUrl><Point><coordinates>-48.158530,-10.324421,0</coordinates></Point></Placemark>
<Placemark><name>0312482122</name><visibility>0</visibility><LookAt><longitude>-48.152261</longitude><latitude>-10.313987</latitude><altitude>1200.0</altitude><altitudeMode>absolute</altitudeMode></LookAt><styleUrl>#mapDaimonChave</styleUrl><Point><coordinates>-48.152261,-10.313987,0</coordinates></Point></Placemark>
<Placemark><name>0305943100</name><visibility>0</visibility><LookAt><longitude>-48.160205</longitude><latitude>-10.320859</latitude><altitude>1200.0</altitude><altitudeMode>absolute</altitudeMode></LookAt><styleUrl>#mapDaimonChave</styleUrl><Point><coordinates>-48.160205,-10.320859,0</coordinates></Point></Placemark>
<Placemark><name>0303496100</name><visibility>0</visibility><LookAt><longitude>-48.162432</longitude><latitude>-10.319987</latitude><altitude>1200.0</altitude><altitudeMode>absolute</altitudeMode></LookAt><styleUrl>#mapDaimonChave</styleUrl><Point><coordinates>-48.162432,-10.319987,0</coordinates></Point></Placemark>
<Placemark><name>9007791122</name><visibility>0</visibility><LookAt><longitude>-48.150925</longitude><latitude>-10.319633</latitude><altitude>1200.0</altitude><altitudeMode>absolute</altitudeMode></LookAt><styleUrl>#mapDaimonChave</styleUrl><Point><coordinates>-48.150925,-10.319633,0</coordinates></Point></Placemark>
<Placemark><name>0320995100</name><visibility>0</visibility><LookAt><longitude>-48.161554</longitude><latitude>-10.325805</latitude><altitude>1200.0</altitude><altitudeMode>absolute</altitudeMode></LookAt><styleUrl>#mapDaimonChave</styleUrl><Point><coordinates>-48.161554,-10.325805,0</coordinates></Point></Placemark>
<Placemark><name>0320066100</name><visibility>0</visibility><LookAt><longitude>-48.163254</longitude><latitude>-10.326576</latitude><altitude>1200.0</altitude><altitudeMode>absolute</altitudeMode></LookAt><styleUrl>#mapDaimonChave</styleUrl><Point><coordinates>-48.163254,-10.326576,0</coordinates></Point></Placemark>
<Placemark><name>0319041100</name><visibility>0</visibility><LookAt><longitude>-48.160926</longitude><latitude>-10.325496</latitude><altitude>1200.0</altitude><altitudeMode>absolute</altitudeMode></LookAt><styleUrl>#mapDaimonChave</styleUrl><Point><coordinates>-48.160926,-10.325496,0</coordinates></Point></Placemark>
<Placemark><name>0302909122</name><visibility>0</visibility><LookAt><longitude>-48.147967</longitude><latitude>-10.307840</latitude><altitude>1200.0</altitude><altitudeMode>absolute</altitudeMode></LookAt><styleUrl>#mapDaimonChave</styleUrl><Point><coordinates>-48.147967,-10.307840,0</coordinates></Point></Placemark>
<Placemark><name>0302910122</name><visibility>0</visibility><LookAt><longitude>-48.147309</longitude><latitude>-10.307205</latitude><altitude>1200.0</altitude><altitudeMode>absolute</altitudeMode></LookAt><styleUrl>#mapDaimonChave</styleUrl><Point><coordinates>-48.147309,-10.307205,0</coordinates></Point></Placemark>
<Placemark><name>7933796122</name><visibility>0</visibility><LookAt><longitude>-48.150925</longitude><latitude>-10.319632</latitude><altitude>1200.0</altitude><altitudeMode>absolute</altitudeMode></LookAt><styleUrl>#mapDaimonChave</styleUrl><Point><coordinates>-48.150925,-10.319632,0</coordinates></Point></Placemark>
<Placemark><name>0305947122</name><visibility>0</visibility><LookAt><longitude>-48.139947</longitude><latitude>-10.303945</latitude><altitude>1200.0</altitude><altitudeMode>absolute</altitudeMode></LookAt><styleUrl>#mapDaimonChave</styleUrl><Point><coordinates>-48.139947,-10.303945,0</coordinates></Point></Placemark>
<Placemark><name>9033796122</name><visibility>0</visibility><LookAt><longitude>-48.150909</longitude><latitude>-10.319666</latitude><altitude>1200.0</altitude><altitudeMode>absolute</altitudeMode></LookAt><styleUrl>#mapDaimonChave</styleUrl><Point><coordinates>-48.150909,-10.319666,0</coordinates></Point></Placemark>
<Placemark><name>0305231100</name><visibility>0</visibility><LookAt><longitude>-48.148473</longitude><latitude>-10.319984</latitude><altitude>1200.0</altitude><altitudeMode>absolute</altitudeMode></LookAt><styleUrl>#mapDaimonChave</styleUrl><Point><coordinates>-48.148473,-10.319984,0</coordinates></Point></Placemark>
<Placemark><name>0305230100</name><visibility>0</visibility><LookAt><longitude>-48.148542</longitude><latitude>-10.319939</latitude><altitude>1200.0</altitude><altitudeMode>absolute</altitudeMode></LookAt><styleUrl>#mapDaimonChave</styleUrl><Point><coordinates>-48.148542,-10.319939,0</coordinates></Point></Placemark>
<Placemark><name>0311843122</name><visibility>0</visibility><LookAt><longitude>-48.140869</longitude><latitude>-10.322287</latitude><altitude>1200.0</altitude><altitudeMode>absolute</altitudeMode></LookAt><styleUrl>#mapDaimonChave</styleUrl><Point><coordinates>-48.140869,-10.322287,0</coordinates></Point></Placemark>
<Placemark><name>0301557122</name><visibility>0</visibility><LookAt><longitude>-48.136605</longitude><latitude>-10.328902</latitude><altitude>1200.0</altitude><altitudeMode>absolute</altitudeMode></LookAt><styleUrl>#mapDaimonChave</styleUrl><Point><coordinates>-48.136605,-10.328902,0</coordinates></Point></Placemark>
<Placemark><name>0333707122</name><visibility>0</visibility><LookAt><longitude>-48.138171</longitude><latitude>-10.324518</latitude><altitude>1200.0</altitude><altitudeMode>absolute</altitudeMode></LookAt><styleUrl>#mapDaimonChave</styleUrl><Point><coordinates>-48.138171,-10.324518,0</coordinates></Point></Placemark>
<Placemark><name>0307800122</name><visibility>0</visibility><LookAt><longitude>-48.134931</longitude><latitude>-10.334748</latitude><altitude>1200.0</altitude><altitudeMode>absolute</altitudeMode></LookAt><styleUrl>#mapDaimonChave</styleUrl><Point><coordinates>-48.134931,-10.334748,0</coordinates></Point></Placemark>
<Placemark><name>0312183122</name><visibility>0</visibility><LookAt><longitude>-48.142108</longitude><latitude>-10.321334</latitude><altitude>1200.0</altitude><altitudeMode>absolute</altitudeMode></LookAt><styleUrl>#mapDaimonChave</styleUrl><Point><coordinates>-48.142108,-10.321334,0</coordinates></Point></Placemark>
<Placemark><name>0305308122</name><visibility>0</visibility><LookAt><longitude>-48.144302</longitude><latitude>-10.320684</latitude><altitude>1200.0</altitude><altitudeMode>absolute</altitudeMode></LookAt><styleUrl>#mapDaimonChave</styleUrl><Point><coordinates>-48.144302,-10.320684,0</coordinates></Point></Placemark>
<Placemark><name>8865340122</name><visibility>0</visibility><LookAt><longitude>-48.142086</longitude><latitude>-10.320889</latitude><altitude>1200.0</altitude><altitudeMode>absolute</altitudeMode></LookAt><styleUrl>#mapDaimonChave</styleUrl><Point><coordinates>-48.142086,-10.320889,0</coordinates></Point></Placemark>
<Placemark><name>0311765122</name><visibility>0</visibility><LookAt><longitude>-48.139446</longitude><latitude>-10.323573</latitude><altitude>1200.0</altitude><altitudeMode>absolute</altitudeMode></LookAt><styleUrl>#mapDaimonChave</styleUrl><Point><coordinates>-48.139446,-10.323573,0</coordinates></Point></Placemark>
<Placemark><name>0320107122</name><visibility>0</visibility><LookAt><longitude>-48.142377</longitude><latitude>-10.320914</latitude><altitude>1200.0</altitude><altitudeMode>absolute</altitudeMode></LookAt><styleUrl>#mapDaimonChave</styleUrl><Point><coordinates>-48.142377,-10.320914,0</coordinates></Point></Placemark>
<Placemark><name>0312204122</name><visibility>0</visibility><LookAt><longitude>-48.138876</longitude><latitude>-10.323803</latitude><altitude>1200.0</altitude><altitudeMode>absolute</altitudeMode></LookAt><styleUrl>#mapDaimonChave</styleUrl><Point><coordinates>-48.138876,-10.323803,0</coordinates></Point></Placemark>
<Placemark><name>0311848122</name><visibility>0</visibility><LookAt><longitude>-48.136204</longitude><latitude>-10.330631</latitude><altitude>1200.0</altitude><altitudeMode>absolute</altitudeMode></LookAt><styleUrl>#mapDaimonChave</styleUrl><Point><coordinates>-48.136204,-10.330631,0</coordinates></Point></Placemark>
<Placemark><name>0312722122</name><visibility>0</visibility><LookAt><longitude>-48.136988</longitude><latitude>-10.326057</latitude><altitude>1200.0</altitude><altitudeMode>absolute</altitudeMode></LookAt><styleUrl>#mapDaimonChave</styleUrl><Point><coordinates>-48.136988,-10.326057,0</coordinates></Point></Placemark>
<Placemark><name>0301558122</name><visibility>0</visibility><LookAt><longitude>-48.135146</longitude><latitude>-10.334214</latitude><altitude>1200.0</altitude><altitudeMode>absolute</altitudeMode></LookAt><styleUrl>#mapDaimonChave</styleUrl><Point><coordinates>-48.135146,-10.334214,0</coordinates></Point></Placemark>
<Placemark><name>3300156122</name><visibility>0</visibility><LookAt><longitude>-48.136715</longitude><latitude>-10.327656</latitude><altitude>1200.0</altitude><altitudeMode>absolute</altitudeMode></LookAt><styleUrl>#mapDaimonChave</styleUrl><Point><coordinates>-48.136715,-10.327656,0</coordinates></Point></Placemark>
<Placemark><name>0311839122</name><visibility>0</visibility><LookAt><longitude>-48.135620</longitude><latitude>-10.332905</latitude><altitude>1200.0</altitude><altitudeMode>absolute</altitudeMode></LookAt><styleUrl>#mapDaimonChave</styleUrl><Point><coordinates>-48.135620,-10.332905,0</coordinates></Point></Placemark>
<Placemark><name>0320067100</name><visibility>0</visibility><LookAt><longitude>-48.143151</longitude><latitude>-10.334357</latitude><altitude>1200.0</altitude><altitudeMode>absolute</altitudeMode></LookAt><styleUrl>#mapDaimonChave</styleUrl><Point><coordinates>-48.143151,-10.334357,0</coordinates></Point></Placemark>
<Placemark><name>0312546122</name><visibility>0</visibility><LookAt><longitude>-48.138875</longitude><latitude>-10.330461</latitude><altitude>1200.0</altitude><altitudeMode>absolute</altitudeMode></LookAt><styleUrl>#mapDaimonChave</styleUrl><Point><coordinates>-48.138875,-10.330461,0</coordinates></Point></Placemark>
<Placemark><name>0321333122</name><visibility>0</visibility><LookAt><longitude>-48.143550</longitude><latitude>-10.335470</latitude><altitude>1200.0</altitude><altitudeMode>absolute</altitudeMode></LookAt><styleUrl>#mapDaimonChave</styleUrl><Point><coordinates>-48.143550,-10.335470,0</coordinates></Point></Placemark>
<Placemark><name>0335809122</name><visibility>0</visibility><LookAt><longitude>-48.144868</longitude><latitude>-10.337680</latitude><altitude>1200.0</altitude><altitudeMode>absolute</altitudeMode></LookAt><styleUrl>#mapDaimonChave</styleUrl><Point><coordinates>-48.144868,-10.337680,0</coordinates></Point></Placemark>
<Placemark><name>0312185122</name><visibility>0</visibility><LookAt><longitude>-48.141310</longitude><latitude>-10.332498</latitude><altitude>1200.0</altitude><altitudeMode>absolute</altitudeMode></LookAt><styleUrl>#mapDaimonChave</styleUrl><Point><coordinates>-48.141310,-10.332498,0</coordinates></Point></Placemark>
<Placemark><name>0303019122</name><visibility>0</visibility><LookAt><longitude>-48.119899</longitude><latitude>-10.344451</latitude><altitude>1200.0</altitude><altitudeMode>absolute</altitudeMode></LookAt><styleUrl>#mapDaimonChave</styleUrl><Point><coordinates>-48.119899,-10.344451,0</coordinates></Point></Placemark>
<Placemark><name>3312176122</name><visibility>0</visibility><LookAt><longitude>-48.118319</longitude><latitude>-10.346386</latitude><altitude>1200.0</altitude><altitudeMode>absolute</altitudeMode></LookAt><styleUrl>#mapDaimonChave</styleUrl><Point><coordinates>-48.118319,-10.346386,0</coordinates></Point></Placemark>
<Placemark><name>0312175122</name><visibility>0</visibility><LookAt><longitude>-48.133637</longitude><latitude>-10.335441</latitude><altitude>1200.0</altitude><altitudeMode>absolute</altitudeMode></LookAt><styleUrl>#mapDaimonChave</styleUrl><Point><coordinates>-48.133637,-10.335441,0</coordinates></Point></Placemark>
<Placemark><name>0321325122</name><visibility>0</visibility><LookAt><longitude>-48.122182</longitude><latitude>-10.342796</latitude><altitude>1200.0</altitude><altitudeMode>absolute</altitudeMode></LookAt><styleUrl>#mapDaimonChave</styleUrl><Point><coordinates>-48.122182,-10.342796,0</coordinates></Point></Placemark>
<Placemark><name>0300108100</name><visibility>0</visibility><LookAt><longitude>-48.130599</longitude><latitude>-10.335672</latitude><altitude>1200.0</altitude><altitudeMode>absolute</altitudeMode></LookAt><styleUrl>#mapDaimonChave</styleUrl><Point><coordinates>-48.130599,-10.335672,0</coordinates></Point></Placemark>
<Placemark><name>0311835122</name><visibility>0</visibility><LookAt><longitude>-48.126732</longitude><latitude>-10.338104</latitude><altitude>1200.0</altitude><altitudeMode>absolute</altitudeMode></LookAt><styleUrl>#mapDaimonChave</styleUrl><Point><coordinates>-48.126732,-10.338104,0</coordinates></Point></Placemark>
<Placemark><name>0312174122</name><visibility>0</visibility><LookAt><longitude>-48.128394</longitude><latitude>-10.336950</latitude><altitude>1200.0</altitude><altitudeMode>absolute</altitudeMode></LookAt><styleUrl>#mapDaimonChave</styleUrl><Point><coordinates>-48.128394,-10.336950,0</coordinates></Point></Placemark>
<Placemark><name>0306868122</name><visibility>0</visibility><LookAt><longitude>-48.123366</longitude><latitude>-10.341947</latitude><altitude>1200.0</altitude><altitudeMode>absolute</altitudeMode></LookAt><styleUrl>#mapDaimonChave</styleUrl><Point><coordinates>-48.123366,-10.341947,0</coordinates></Point></Placemark>
<Placemark><name>0308505122</name><visibility>0</visibility><LookAt><longitude>-48.119125</longitude><latitude>-10.345723</latitude><altitude>1200.0</altitude><altitudeMode>absolute</altitudeMode></LookAt><styleUrl>#mapDaimonChave</styleUrl><Point><coordinates>-48.119125,-10.345723,0</coordinates></Point></Placemark>
<Placemark><name>3357666122</name><visibility>0</visibility><LookAt><longitude>-48.144411</longitude><latitude>-10.323911</latitude><altitude>1200.0</altitude><altitudeMode>absolute</altitudeMode></LookAt><styleUrl>#mapDaimonChave</styleUrl><Point><coordinates>-48.144411,-10.323911,0</coordinates></Point></Placemark>
<Placemark><name>0312298122</name><visibility>0</visibility><LookAt><longitude>-48.144818</longitude><latitude>-10.324371</latitude><altitude>1200.0</altitude><altitudeMode>absolute</altitudeMode></LookAt><styleUrl>#mapDaimonChave</styleUrl><Point><coordinates>-48.144818,-10.324371,0</coordinates></Point></Placemark>
<Placemark><name>0321332122</name><visibility>0</visibility><LookAt><longitude>-48.144397</longitude><latitude>-10.323844</latitude><altitude>1200.0</altitude><altitudeMode>absolute</altitudeMode></LookAt><styleUrl>#mapDaimonChave</styleUrl><Point><coordinates>-48.144397,-10.323844,0</coordinates></Point></Placemark>
<Placemark><name>0312188122</name><visibility>0</visibility><LookAt><longitude>-48.132124</longitude><latitude>-10.332784</latitude><altitude>1200.0</altitude><altitudeMode>absolute</altitudeMode></LookAt><styleUrl>#mapDaimonChave</styleUrl><Point><coordinates>-48.132124,-10.332784,0</coordinates></Point></Placemark>
<Placemark><name>0320077100</name><visibility>0</visibility><LookAt><longitude>-48.132122</longitude><latitude>-10.332839</latitude><altitude>1200.0</altitude><altitudeMode>absolute</altitudeMode></LookAt><styleUrl>#mapDaimonChave</styleUrl><Point><coordinates>-48.132122,-10.332839,0</coordinates></Point></Placemark>
<Placemark><name>0321331122</name><visibility>0</visibility><LookAt><longitude>-48.134905</longitude><latitude>-10.327942</latitude><altitude>1200.0</altitude><altitudeMode>absolute</altitudeMode></LookAt><styleUrl>#mapDaimonChave</styleUrl><Point><coordinates>-48.134905,-10.327942,0</coordinates></Point></Placemark>
<Placemark><name>0307804122</name><visibility>0</visibility><LookAt><longitude>-48.130051</longitude><latitude>-10.323767</latitude><altitude>1200.0</altitude><altitudeMode>absolute</altitudeMode></LookAt><styleUrl>#mapDaimonChave</styleUrl><Point><coordinates>-48.130051,-10.323767,0</coordinates></Point></Placemark>
<Placemark><name>0312177122</name><visibility>0</visibility><LookAt><longitude>-48.117617</longitude><latitude>-10.347181</latitude><altitude>1200.0</altitude><altitudeMode>absolute</altitudeMode></LookAt><styleUrl>#mapDaimonChave</styleUrl><Point><coordinates>-48.117617,-10.347181,0</coordinates></Point></Placemark>
<Placemark><name>3312178122</name><visibility>0</visibility><LookAt><longitude>-48.115587</longitude><latitude>-10.350243</latitude><altitude>1200.0</altitude><altitudeMode>absolute</altitudeMode></LookAt><styleUrl>#mapDaimonChave</styleUrl><Point><coordinates>-48.115587,-10.350243,0</coordinates></Point></Placemark>
<Placemark><name>0312179122</name><visibility>0</visibility><LookAt><longitude>-48.114910</longitude><latitude>-10.351100</latitude><altitude>1200.0</altitude><altitudeMode>absolute</altitudeMode></LookAt><styleUrl>#mapDaimonChave</styleUrl><Point><coordinates>-48.114910,-10.351100,0</coordinates></Point></Placemark>
<Placemark><name>0312182122</name><visibility>0</visibility><LookAt><longitude>-48.102816</longitude><latitude>-10.362236</latitude><altitude>1200.0</altitude><altitudeMode>absolute</altitudeMode></LookAt><styleUrl>#mapDaimonChave</styleUrl><Point><coordinates>-48.102816,-10.362236,0</coordinates></Point></Placemark>
<Placemark><name>0303024122</name><visibility>0</visibility><LookAt><longitude>-48.104707</longitude><latitude>-10.360271</latitude><altitude>1200.0</altitude><altitudeMode>absolute</altitudeMode></LookAt><styleUrl>#mapDaimonChave</styleUrl><Point><coordinates>-48.104707,-10.360271,0</coordinates></Point></Placemark>
<Placemark><name>0321374122</name><visibility>0</visibility><LookAt><longitude>-48.116459</longitude><latitude>-10.349047</latitude><altitude>1200.0</altitude><altitudeMode>absolute</altitudeMode></LookAt><styleUrl>#mapDaimonChave</styleUrl><Point><coordinates>-48.116459,-10.349047,0</coordinates></Point></Placemark>
<Placemark><name>0311669122</name><visibility>0</visibility><LookAt><longitude>-48.130153</longitude><latitude>-10.334993</latitude><altitude>1200.0</altitude><altitudeMode>absolute</altitudeMode></LookAt><styleUrl>#mapDaimonChave</styleUrl><Point><coordinates>-48.130153,-10.334993,0</coordinates></Point></Placemark>
<Placemark><name>0311371122</name><visibility>0</visibility><LookAt><longitude>-48.129663</longitude><latitude>-10.334367</latitude><altitude>1200.0</altitude><altitudeMode>absolute</altitudeMode></LookAt><styleUrl>#mapDaimonChave</styleUrl><Point><coordinates>-48.129663,-10.334367,0</coordinates></Point></Placemark>
<Placemark><name>8833796122</name><visibility>0</visibility><LookAt><longitude>-48.150939</longitude><latitude>-10.319630</latitude><altitude>1200.0</altitude><altitudeMode>absolute</altitudeMode></LookAt><styleUrl>#mapDaimonChaveNA</styleUrl><Point><coordinates>-48.150939,-10.319630,0</coordinates></Point></Placemark>
<Placemark><name>8805232100</name><visibility>0</visibility><LookAt><longitude>-48.156964</longitude><latitude>-10.314910</latitude><altitude>1200.0</altitude><altitudeMode>absolute</altitudeMode></LookAt><styleUrl>#mapDaimonChaveNA</styleUrl><Point><coordinates>-48.156964,-10.314910,0</coordinates></Point></Placemark>
<Placemark><name>3113655100</name><visibility>0</visibility><LookAt><longitude>-48.162818</longitude><latitude>-10.311062</latitude><altitude>1200.0</altitude><altitudeMode>absolute</altitudeMode></LookAt><styleUrl>#mapDaimonChaveNA</styleUrl><Point><coordinates>-48.162818,-10.311062,0</coordinates></Point></Placemark>
<Placemark><name>8827326100</name><visibility>0</visibility><LookAt><longitude>-48.162237</longitude><latitude>-10.313094</latitude><altitude>1200.0</altitude><altitudeMode>absolute</altitudeMode></LookAt><styleUrl>#mapDaimonChaveNA</styleUrl><Point><coordinates>-48.162237,-10.313094,0</coordinates></Point></Placemark>
<Placemark><name>8829535122</name><visibility>0</visibility><LookAt><longitude>-48.151576</longitude><latitude>-10.318576</latitude><altitude>1200.0</altitude><altitudeMode>absolute</altitudeMode></LookAt><styleUrl>#mapDaimonChaveNA</styleUrl><Point><coordinates>-48.151576,-10.318576,0</coordinates></Point></Placemark>
<Placemark><name>8826661100</name><visibility>0</visibility><LookAt><longitude>-48.156425</longitude><latitude>-10.312867</latitude><altitude>1200.0</altitude><altitudeMode>absolute</altitudeMode></LookAt><styleUrl>#mapDaimonChaveNA</styleUrl><Point><coordinates>-48.156425,-10.312867,0</coordinates></Point></Placemark>
<Placemark><name>8829530100</name><visibility>0</visibility><LookAt><longitude>-48.153294</longitude><latitude>-10.316644</latitude><altitude>1200.0</altitude><altitudeMode>absolute</altitudeMode></LookAt><styleUrl>#mapDaimonChaveNA</styleUrl><Point><coordinates>-48.153294,-10.316644,0</coordinates></Point></Placemark>
</Folder>
<Folder>
<name>EP</name>
<visibility>0</visibility>
<Placemark><name>5606060100</name><visibility>0</visibility><LookAt><longitude>-48.152915</longitude><latitude>-10.319296</latitude><altitude>1200.0</altitude><altitudeMode>absolute</altitudeMode></LookAt><styleUrl>#mapDaimonEP</styleUrl><Point><coordinates>-48.152915,-10.319296,0</coordinates></Point></Placemark>
<Placemark><name>5633919122</name><visibility>0</visibility><LookAt><longitude>-48.160546</longitude><latitude>-10.321243</latitude><altitude>1200.0</altitude><altitudeMode>absolute</altitudeMode></LookAt><styleUrl>#mapDaimonEP</styleUrl><Point><coordinates>-48.160546,-10.321243,0</coordinates></Point></Placemark>
<Placemark><name>5700099100</name><visibility>0</visibility><LookAt><longitude>-48.148487</longitude><latitude>-10.319850</latitude><altitude>1200.0</altitude><altitudeMode>absolute</altitudeMode></LookAt><styleUrl>#mapDaimonEP</styleUrl><Point><coordinates>-48.148487,-10.319850,0</coordinates></Point></Placemark>
</Folder>
<Folder>
<name>ET</name>
<visibility>0</visibility>
<Placemark><name>5700002100</name><visibility>0</visibility><LookAt><longitude>-48.162247</longitude><latitude>-10.312532</latitude><altitude>1200.0</altitude><altitudeMode>absolute</altitudeMode></LookAt><styleUrl>#mapDaimonET</styleUrl><Point><coordinates>-48.162247,-10.312532,0</coordinates></Point></Placemark>
<Placemark><name>5700021100</name><visibility>0</visibility><LookAt><longitude>-48.159536</longitude><latitude>-10.314722</latitude><altitude>1200.0</altitude><altitudeMode>absolute</altitudeMode></LookAt><styleUrl>#mapDaimonET</styleUrl><Point><coordinates>-48.159536,-10.314722,0</coordinates></Point></Placemark>
<Placemark><name>5700004100</name><visibility>0</visibility><LookAt><longitude>-48.159597</longitude><latitude>-10.313765</latitude><altitude>1200.0</altitude><altitudeMode>absolute</altitudeMode></LookAt><styleUrl>#mapDaimonET</styleUrl><Point><coordinates>-48.159597,-10.313765,0</coordinates></Point></Placemark>
<Placemark><name>5700003100</name><visibility>0</visibility><LookAt><longitude>-48.159369</longitude><latitude>-10.312371</latitude><altitude>1200.0</altitude><altitudeMode>absolute</altitudeMode></LookAt><styleUrl>#mapDaimonET</styleUrl><Point><coordinates>-48.159369,-10.312371,0</coordinates></Point></Placemark>
<Placemark><name>5703411100</name><visibility>0</visibility><LookAt><longitude>-48.156060</longitude><latitude>-10.313580</latitude><altitude>1200.0</altitude><altitudeMode>absolute</altitudeMode></LookAt><styleUrl>#mapDaimonET</styleUrl><Point><coordinates>-48.156060,-10.313580,0</coordinates></Point></Placemark>
<Placemark><name>5703468100</name><visibility>0</visibility><LookAt><longitude>-48.155842</longitude><latitude>-10.310158</latitude><altitude>1200.0</altitude><altitudeMode>absolute</altitudeMode></LookAt><styleUrl>#mapDaimonET</styleUrl><Point><coordinates>-48.155842,-10.310158,0</coordinates></Point></Placemark>
<Placemark><name>5703469100</name><visibility>0</visibility><LookAt><longitude>-48.156023</longitude><latitude>-10.311780</latitude><altitude>1200.0</altitude><altitudeMode>absolute</altitudeMode></LookAt><styleUrl>#mapDaimonET</styleUrl><Point><coordinates>-48.156023,-10.311780,0</coordinates></Point></Placemark>
<Placemark><name>5753144100</name><visibility>0</visibility><LookAt><longitude>-48.156720</longitude><latitude>-10.309347</latitude><altitude>1200.0</altitude><altitudeMode>absolute</altitudeMode></LookAt><styleUrl>#mapDaimonET</styleUrl><Point><coordinates>-48.156720,-10.309347,0</coordinates></Point></Placemark>
<Placemark><name>5706149100</name><visibility>0</visibility><LookAt><longitude>-48.157559</longitude><latitude>-10.317024</latitude><altitude>1200.0</altitude><altitudeMode>absolute</altitudeMode></LookAt><styleUrl>#mapDaimonET</styleUrl><Point><coordinates>-48.157559,-10.317024,0</coordinates></Point></Placemark>
<Placemark><name>5700020100</name><visibility>0</visibility><LookAt><longitude>-48.157927</longitude><latitude>-10.315988</latitude><altitude>1200.0</altitude><altitudeMode>absolute</altitudeMode></LookAt><styleUrl>#mapDaimonET</styleUrl><Point><coordinates>-48.157927,-10.315988,0</coordinates></Point></Placemark>
<Placemark><name>5711404100</name><visibility>0</visibility><LookAt><longitude>-48.158883</longitude><latitude>-10.318716</latitude><altitude>1200.0</altitude><altitudeMode>absolute</altitudeMode></LookAt><styleUrl>#mapDaimonET</styleUrl><Point><coordinates>-48.158883,-10.318716,0</coordinates></Point></Placemark>
<Placemark><name>5700011100</name><visibility>0</visibility><LookAt><longitude>-48.154398</longitude><latitude>-10.319984</latitude><altitude>1200.0</altitude><altitudeMode>absolute</altitudeMode></LookAt><styleUrl>#mapDaimonET</styleUrl><Point><coordinates>-48.154398,-10.319984,0</coordinates></Point></Placemark>
<Placemark><name>5700018100</name><visibility>0</visibility><LookAt><longitude>-48.154213</longitude><latitude>-10.319289</latitude><altitude>1200.0</altitude><altitudeMode>absolute</altitudeMode></LookAt><styleUrl>#mapDaimonET</styleUrl><Point><coordinates>-48.154213,-10.319289,0</coordinates></Point></Placemark>
<Placemark><name>5700019100</name><visibility>0</visibility><LookAt><longitude>-48.153598</longitude><latitude>-10.320459</latitude><altitude>1200.0</altitude><altitudeMode>absolute</altitudeMode></LookAt><styleUrl>#mapDaimonET</styleUrl><Point><coordinates>-48.153598,-10.320459,0</coordinates></Point></Placemark>
<Placemark><name>5700012100</name><visibility>0</visibility><LookAt><longitude>-48.152605</longitude><latitude>-10.319045</latitude><altitude>1200.0</altitude><altitudeMode>absolute</altitudeMode></LookAt><styleUrl>#mapDaimonET</styleUrl><Point><coordinates>-48.152605,-10.319045,0</coordinates></Point></Placemark>
<Placemark><name>5700010100</name><visibility>0</visibility><LookAt><longitude>-48.154277</longitude><latitude>-10.317722</latitude><altitude>1200.0</altitude><altitudeMode>absolute</altitudeMode></LookAt><styleUrl>#mapDaimonET</styleUrl><Point><coordinates>-48.154277,-10.317722,0</coordinates></Point></Placemark>
<Placemark><name>5700087100</name><visibility>0</visibility><LookAt><longitude>-48.157389</longitude><latitude>-10.322655</latitude><altitude>1200.0</altitude><altitudeMode>absolute</altitudeMode></LookAt><styleUrl>#mapDaimonET</styleUrl><Point><coordinates>-48.157389,-10.322655,0</coordinates></Point></Placemark>
<Placemark><name>5703410100</name><visibility>0</visibility><LookAt><longitude>-48.155140</longitude><latitude>-10.316096</latitude><altitude>1200.0</altitude><altitudeMode>absolute</altitudeMode></LookAt><styleUrl>#mapDaimonET</styleUrl><Point><coordinates>-48.155140,-10.316096,0</coordinates></Point></Placemark>
<Placemark><name>5700009100</name><visibility>0</visibility><LookAt><longitude>-48.152754</longitude><latitude>-10.316462</latitude><altitude>1200.0</altitude><altitudeMode>absolute</altitudeMode></LookAt><styleUrl>#mapDaimonET</styleUrl><Point><coordinates>-48.152754,-10.316462,0</coordinates></Point></Placemark>
<Placemark><name>5700017100</name><visibility>0</visibility><LookAt><longitude>-48.151909</longitude><latitude>-10.317803</latitude><altitude>1200.0</altitude><altitudeMode>absolute</altitudeMode></LookAt><styleUrl>#mapDaimonET</styleUrl><Point><coordinates>-48.151909,-10.317803,0</coordinates></Point></Placemark>
<Placemark><name>5700008100</name><visibility>0</visibility><LookAt><longitude>-48.153488</longitude><latitude>-10.315288</latitude><altitude>1200.0</altitude><altitudeMode>absolute</altitudeMode></LookAt><styleUrl>#mapDaimonET</styleUrl><Point><coordinates>-48.153488,-10.315288,0</coordinates></Point></Placemark>
<Placemark><name>5755469100</name><visibility>0</visibility><LookAt><longitude>-48.154421</longitude><latitude>-10.315206</latitude><altitude>1200.0</altitude><altitudeMode>absolute</altitudeMode></LookAt><styleUrl>#mapDaimonET</styleUrl><Point><coordinates>-48.154421,-10.315206,0</coordinates></Point></Placemark>
<Placemark><name>5745469100</name><visibility>0</visibility><LookAt><longitude>-48.154757</longitude><latitude>-10.315172</latitude><altitude>1200.0</altitude><altitudeMode>absolute</altitudeMode></LookAt><styleUrl>#mapDaimonET</styleUrl><Point><coordinates>-48.154757,-10.315172,0</coordinates></Point></Placemark>
<Placemark><name>5651015100</name><visibility>0</visibility><LookAt><longitude>-48.154766</longitude><latitude>-10.316619</latitude><altitude>1200.0</altitude><altitudeMode>absolute</altitudeMode></LookAt><styleUrl>#mapDaimonET</styleUrl><Point><coordinates>-48.154766,-10.316619,0</coordinates></Point></Placemark>
<Placemark><name>5737704100</name><visibility>0</visibility><LookAt><longitude>-48.151214</longitude><latitude>-10.319102</latitude><altitude>1200.0</altitude><altitudeMode>absolute</altitudeMode></LookAt><styleUrl>#mapDaimonET</styleUrl><Point><coordinates>-48.151214,-10.319102,0</coordinates></Point></Placemark>
<Placemark><name>5650527100</name><visibility>0</visibility><LookAt><longitude>-48.153775</longitude><latitude>-10.320261</latitude><altitude>1200.0</altitude><altitudeMode>absolute</altitudeMode></LookAt><styleUrl>#mapDaimonET</styleUrl><Point><coordinates>-48.153775,-10.320261,0</coordinates></Point></Placemark>
<Placemark><name>5700016100</name><visibility>0</visibility><LookAt><longitude>-48.152516</longitude><latitude>-10.313962</latitude><altitude>1200.0</altitude><altitudeMode>absolute</altitudeMode></LookAt><styleUrl>#mapDaimonET</styleUrl><Point><coordinates>-48.152516,-10.313962,0</coordinates></Point></Placemark>
<Placemark><name>5704242100</name><visibility>0</visibility><LookAt><longitude>-48.160085</longitude><latitude>-10.320242</latitude><altitude>1200.0</altitude><altitudeMode>absolute</altitudeMode></LookAt><styleUrl>#mapDaimonET</styleUrl><Point><coordinates>-48.160085,-10.320242,0</coordinates></Point></Placemark>
<Placemark><name>5647887100</name><visibility>0</visibility><LookAt><longitude>-48.151221</longitude><latitude>-10.319154</latitude><altitude>1200.0</altitude><altitudeMode>absolute</altitudeMode></LookAt><styleUrl>#mapDaimonET</styleUrl><Point><coordinates>-48.151221,-10.319154,0</coordinates></Point></Placemark>
<Placemark><name>5712481100</name><visibility>0</visibility><LookAt><longitude>-48.150968</longitude><latitude>-10.311927</latitude><altitude>1200.0</altitude><altitudeMode>absolute</altitudeMode></LookAt><styleUrl>#mapDaimonET</styleUrl><Point><coordinates>-48.150968,-10.311927,0</coordinates></Point></Placemark>
<Placemark><name>5721637122</name><visibility>0</visibility><LookAt><longitude>-48.146772</longitude><latitude>-10.310422</latitude><altitude>1200.0</altitude><altitudeMode>absolute</altitudeMode></LookAt><styleUrl>#mapDaimonET</styleUrl><Point><coordinates>-48.146772,-10.310422,0</coordinates></Point></Placemark>
<Placemark><name>5705943100</name><visibility>0</visibility><LookAt><longitude>-48.159328</longitude><latitude>-10.321105</latitude><altitude>1200.0</altitude><altitudeMode>absolute</altitudeMode></LookAt><styleUrl>#mapDaimonET</styleUrl><Point><coordinates>-48.159328,-10.321105,0</coordinates></Point></Placemark>
<Placemark><name>5703496100</name><visibility>0</visibility><LookAt><longitude>-48.163172</longitude><latitude>-10.320461</latitude><altitude>1200.0</altitude><altitudeMode>absolute</altitudeMode></LookAt><styleUrl>#mapDaimonET</styleUrl><Point><coordinates>-48.163172,-10.320461,0</coordinates></Point></Placemark>
<Placemark><name>5720996100</name><visibility>0</visibility><LookAt><longitude>-48.162202</longitude><latitude>-10.325386</latitude><altitude>1200.0</altitude><altitudeMode>absolute</altitudeMode></LookAt><styleUrl>#mapDaimonET</styleUrl><Point><coordinates>-48.162202,-10.325386,0</coordinates></Point></Placemark>
<Placemark><name>5711602100</name><visibility>0</visibility><LookAt><longitude>-48.163450</longitude><latitude>-10.326643</latitude><altitude>1200.0</altitude><altitudeMode>absolute</altitudeMode></LookAt><styleUrl>#mapDaimonET</styleUrl><Point><coordinates>-48.163450,-10.326643,0</coordinates></Point></Placemark>
<Placemark><name>5719041100</name><visibility>0</visibility><LookAt><longitude>-48.160962</longitude><latitude>-10.325406</latitude><altitude>1200.0</altitude><altitudeMode>absolute</altitudeMode></LookAt><styleUrl>#mapDaimonET</styleUrl><Point><coordinates>-48.160962,-10.325406,0</coordinates></Point></Placemark>
<Placemark><name>5702909122</name><visibility>0</visibility><LookAt><longitude>-48.148605</longitude><latitude>-10.307524</latitude><altitude>1200.0</altitude><altitudeMode>absolute</altitudeMode></LookAt><styleUrl>#mapDaimonET</styleUrl><Point><coordinates>-48.148605,-10.307524,0</coordinates></Point></Placemark>
<Placemark><name>5741125122</name><visibility>0</visibility><LookAt><longitude>-48.146763</longitude><latitude>-10.306678</latitude><altitude>1200.0</altitude><altitudeMode>absolute</altitudeMode></LookAt><styleUrl>#mapDaimonET</styleUrl><Point><coordinates>-48.146763,-10.306678,0</coordinates></Point></Placemark>
<Placemark><name>5705947122</name><visibility>0</visibility><LookAt><longitude>-48.139545</longitude><latitude>-10.303828</latitude><altitude>1200.0</altitude><altitudeMode>absolute</altitudeMode></LookAt><styleUrl>#mapDaimonET</styleUrl><Point><coordinates>-48.139545,-10.303828,0</coordinates></Point></Placemark>
<Placemark><name>5701557122</name><visibility>0</visibility><LookAt><longitude>-48.136422</longitude><latitude>-10.329048</latitude><altitude>1200.0</altitude><altitudeMode>absolute</altitudeMode></LookAt><styleUrl>#mapDaimonET</styleUrl><Point><coordinates>-48.136422,-10.329048,0</coordinates></Point></Placemark>
<Placemark><name>5722701122</name><visibility>0</visibility><LookAt><longitude>-48.141625</longitude><latitude>-10.321408</latitude><altitude>1200.0</altitude><altitudeMode>absolute</altitudeMode></LookAt><styleUrl>#mapDaimonET</styleUrl><Point><coordinates>-48.141625,-10.321408,0</coordinates></Point></Placemark>
<Placemark><name>5704134122</name><visibility>0</visibility><LookAt><longitude>-48.141433</longitude><latitude>-10.323357</latitude><altitude>1200.0</altitude><altitudeMode>absolute</altitudeMode></LookAt><styleUrl>#mapDaimonET</styleUrl><Point><coordinates>-48.141433,-10.323357,0</coordinates></Point></Placemark>
<Placemark><name>5711843122</name><visibility>0</visibility><LookAt><longitude>-48.140478</longitude><latitude>-10.322175</latitude><altitude>1200.0</altitude><altitudeMode>absolute</altitudeMode></LookAt><styleUrl>#mapDaimonET</styleUrl><Point><coordinates>-48.140478,-10.322175,0</coordinates></Point></Placemark>
<Placemark><name>5712173122</name><visibility>0</visibility><LookAt><longitude>-48.143908</longitude><latitude>-10.335852</latitude><altitude>1200.0</altitude><altitudeMode>absolute</altitudeMode></LookAt><styleUrl>#mapDaimonET</styleUrl><Point><coordinates>-48.143908,-10.335852,0</coordinates></Point></Placemark>
<Placemark><name>5740412100</name><visibility>0</visibility><LookAt><longitude>-48.140353</longitude><latitude>-10.331624</latitude><altitude>1200.0</altitude><altitudeMode>absolute</altitudeMode></LookAt><styleUrl>#mapDaimonET</styleUrl><Point><coordinates>-48.140353,-10.331624,0</coordinates></Point></Placemark>
<Placemark><name>5721368122</name><visibility>0</visibility><LookAt><longitude>-48.145284</longitude><latitude>-10.337999</latitude><altitude>1200.0</altitude><altitudeMode>absolute</altitudeMode></LookAt><styleUrl>#mapDaimonET</styleUrl><Point><coordinates>-48.145284,-10.337999,0</coordinates></Point></Placemark>
<Placemark><name>5733708122</name><visibility>0</visibility><LookAt><longitude>-48.138744</longitude><latitude>-10.324504</latitude><altitude>1200.0</altitude><altitudeMode>absolute</altitudeMode></LookAt><styleUrl>#mapDaimonET</styleUrl><Point><coordinates>-48.138744,-10.324504,0</coordinates></Point></Placemark>
<Placemark><name>5719344122</name><visibility>0</visibility><LookAt><longitude>-48.124334</longitude><latitude>-10.339595</latitude><altitude>1200.0</altitude><altitudeMode>absolute</altitudeMode></LookAt><styleUrl>#mapDaimonET</styleUrl><Point><coordinates>-48.124334,-10.339595,0</coordinates></Point></Placemark>
<Placemark><name>5721373122</name><visibility>0</visibility><LookAt><longitude>-48.143462</longitude><latitude>-10.322937</latitude><altitude>1200.0</altitude><altitudeMode>absolute</altitudeMode></LookAt><styleUrl>#mapDaimonET</styleUrl><Point><coordinates>-48.143462,-10.322937,0</coordinates></Point></Placemark>
<Placemark><name>5701297122</name><visibility>0</visibility><LookAt><longitude>-48.143449</longitude><latitude>-10.323133</latitude><altitude>1200.0</altitude><altitudeMode>absolute</altitudeMode></LookAt><styleUrl>#mapDaimonET</styleUrl><Point><coordinates>-48.143449,-10.323133,0</coordinates></Point></Placemark>
<Placemark><name>5712297122</name><visibility>0</visibility><LookAt><longitude>-48.142627</longitude><latitude>-10.322064</latitude><altitude>1200.0</altitude><altitudeMode>absolute</altitudeMode></LookAt><styleUrl>#mapDaimonET</styleUrl><Point><coordinates>-48.142627,-10.322064,0</coordinates></Point></Placemark>
<Placemark><name>5712184122</name><visibility>0</visibility><LookAt><longitude>-48.146264</longitude><latitude>-10.325694</latitude><altitude>1200.0</altitude><altitudeMode>absolute</altitudeMode></LookAt><styleUrl>#mapDaimonET</styleUrl><Point><coordinates>-48.146264,-10.325694,0</coordinates></Point></Placemark>
<Placemark><name>5705308122</name><visibility>0</visibility><LookAt><longitude>-48.144399</longitude><latitude>-10.320330</latitude><altitude>1200.0</altitude><altitudeMode>absolute</altitudeMode></LookAt><styleUrl>#mapDaimonET</styleUrl><Point><coordinates>-48.144399,-10.320330,0</coordinates></Point></Placemark>
<Placemark><name>5761895122</name><visibility>0</visibility><LookAt><longitude>-48.143162</longitude><latitude>-10.320338</latitude><altitude>1200.0</altitude><altitudeMode>absolute</altitudeMode></LookAt><styleUrl>#mapDaimonET</styleUrl><Point><coordinates>-48.143162,-10.320338,0</coordinates></Point></Placemark>
<Placemark><name>5711765122</name><visibility>0</visibility><LookAt><longitude>-48.139594</longitude><latitude>-10.323618</latitude><altitude>1200.0</altitude><altitudeMode>absolute</altitudeMode></LookAt><styleUrl>#mapDaimonET</styleUrl><Point><coordinates>-48.139594,-10.323618,0</coordinates></Point></Placemark>
<Placemark><name>5720107122</name><visibility>0</visibility><LookAt><longitude>-48.142321</longitude><latitude>-10.320842</latitude><altitude>1200.0</altitude><altitudeMode>absolute</altitudeMode></LookAt><styleUrl>#mapDaimonET</styleUrl><Point><coordinates>-48.142321,-10.320842,0</coordinates></Point></Placemark>
<Placemark><name>5712205122</name><visibility>0</visibility><LookAt><longitude>-48.137532</longitude><latitude>-10.321915</latitude><altitude>1200.0</altitude><altitudeMode>absolute</altitudeMode></LookAt><styleUrl>#mapDaimonET</styleUrl><Point><coordinates>-48.137532,-10.321915,0</coordinates></Point></Placemark>
<Placemark><name>5711848122</name><visibility>0</visibility><LookAt><longitude>-48.135996</longitude><latitude>-10.330649</latitude><altitude>1200.0</altitude><altitudeMode>absolute</altitudeMode></LookAt><styleUrl>#mapDaimonET</styleUrl><Point><coordinates>-48.135996,-10.330649,0</coordinates></Point></Placemark>
<Placemark><name>5712722122</name><visibility>0</visibility><LookAt><longitude>-48.136459</longitude><latitude>-10.326342</latitude><altitude>1200.0</altitude><altitudeMode>absolute</altitudeMode></LookAt><styleUrl>#mapDaimonET</styleUrl><Point><coordinates>-48.136459,-10.326342,0</coordinates></Point></Placemark>
<Placemark><name>5752196122</name><visibility>0</visibility><LookAt><longitude>-48.130798</longitude><latitude>-10.323800</latitude><altitude>1200.0</altitude><altitudeMode>absolute</altitudeMode></LookAt><styleUrl>#mapDaimonET</styleUrl><Point><coordinates>-48.130798,-10.323800,0</coordinates></Point></Placemark>
<Placemark><name>5710072122</name><visibility>0</visibility><LookAt><longitude>-48.131505</longitude><latitude>-10.326442</latitude><altitude>1200.0</altitude><altitudeMode>absolute</altitudeMode></LookAt><styleUrl>#mapDaimonET</styleUrl><Point><coordinates>-48.131505,-10.326442,0</coordinates></Point></Placemark>
<Placemark><name>5705620122</name><visibility>0</visibility><LookAt><longitude>-48.135859</longitude><latitude>-10.327616</latitude><altitude>1200.0</altitude><altitudeMode>absolute</altitudeMode></LookAt><styleUrl>#mapDaimonET</styleUrl><Point><coordinates>-48.135859,-10.327616,0</coordinates></Point></Placemark>
<Placemark><name>5723381122</name><visibility>0</visibility><LookAt><longitude>-48.128244</longitude><latitude>-10.326656</latitude><altitude>1200.0</altitude><altitudeMode>absolute</altitudeMode></LookAt><styleUrl>#mapDaimonET</styleUrl><Point><coordinates>-48.128244,-10.326656,0</coordinates></Point></Placemark>
<Placemark><name>5711839122</name><visibility>0</visibility><LookAt><longitude>-48.135170</longitude><latitude>-10.332589</latitude><altitude>1200.0</altitude><altitudeMode>absolute</altitudeMode></LookAt><styleUrl>#mapDaimonET</styleUrl><Point><coordinates>-48.135170,-10.332589,0</coordinates></Point></Placemark>
<Placemark><name>5700067100</name><visibility>0</visibility><LookAt><longitude>-48.142885</longitude><latitude>-10.334423</latitude><altitude>1200.0</altitude><altitudeMode>absolute</altitudeMode></LookAt><styleUrl>#mapDaimonET</styleUrl><Point><coordinates>-48.142885,-10.334423,0</coordinates></Point></Placemark>
<Placemark><name>5712546122</name><visibility>0</visibility><LookAt><longitude>-48.138799</longitude><latitude>-10.330597</latitude><altitude>1200.0</altitude><altitudeMode>absolute</altitudeMode></LookAt><styleUrl>#mapDaimonET</styleUrl><Point><coordinates>-48.138799,-10.330597,0</coordinates></Point></Placemark>
<Placemark><name>5721333122</name><visibility>0</visibility><LookAt><longitude>-48.142738</longitude><latitude>-10.335677</latitude><altitude>1200.0</altitude><altitudeMode>absolute</altitudeMode></LookAt><styleUrl>#mapDaimonET</styleUrl><Point><coordinates>-48.142738,-10.335677,0</coordinates></Point></Placemark>
<Placemark><name>5735807122</name><visibility>0</visibility><LookAt><longitude>-48.143820</longitude><latitude>-10.339959</latitude><altitude>1200.0</altitude><altitudeMode>absolute</altitudeMode></LookAt><styleUrl>#mapDaimonET</styleUrl><Point><coordinates>-48.143820,-10.339959,0</coordinates></Point></Placemark>
<Placemark><name>5712185122</name><visibility>0</visibility><LookAt><longitude>-48.141207</longitude><latitude>-10.332965</latitude><altitude>1200.0</altitude><altitudeMode>absolute</altitudeMode></LookAt><styleUrl>#mapDaimonET</styleUrl><Point><coordinates>-48.141207,-10.332965,0</coordinates></Point></Placemark>
<Placemark><name>5703019122</name><visibility>0</visibility><LookAt><longitude>-48.119855</longitude><latitude>-10.344194</latitude><altitude>1200.0</altitude><altitudeMode>absolute</altitudeMode></LookAt><styleUrl>#mapDaimonET</styleUrl><Point><coordinates>-48.119855,-10.344194,0</coordinates></Point></Placemark>
<Placemark><name>5756958122</name><visibility>0</visibility><LookAt><longitude>-48.108390</longitude><latitude>-10.357752</latitude><altitude>1200.0</altitude><altitudeMode>absolute</altitudeMode></LookAt><styleUrl>#mapDaimonET</styleUrl><Point><coordinates>-48.108390,-10.357752,0</coordinates></Point></Placemark>
<Placemark><name>5723374122</name><visibility>0</visibility><LookAt><longitude>-48.112283</longitude><latitude>-10.353942</latitude><altitude>1200.0</altitude><altitudeMode>absolute</altitudeMode></LookAt><styleUrl>#mapDaimonET</styleUrl><Point><coordinates>-48.112283,-10.353942,0</coordinates></Point></Placemark>
<Placemark><name>5712175122</name><visibility>0</visibility><LookAt><longitude>-48.133810</longitude><latitude>-10.336218</latitude><altitude>1200.0</altitude><altitudeMode>absolute</altitudeMode></LookAt><styleUrl>#mapDaimonET</styleUrl><Point><coordinates>-48.133810,-10.336218,0</coordinates></Point></Placemark>
<Placemark><name>5721325122</name><visibility>0</visibility><LookAt><longitude>-48.122224</longitude><latitude>-10.342858</latitude><altitude>1200.0</altitude><altitudeMode>absolute</altitudeMode></LookAt><styleUrl>#mapDaimonET</styleUrl><Point><coordinates>-48.122224,-10.342858,0</coordinates></Point></Placemark>
<Placemark><name>5741512122</name><visibility>0</visibility><LookAt><longitude>-48.130354</longitude><latitude>-10.335322</latitude><altitude>1200.0</altitude><altitudeMode>absolute</altitudeMode></LookAt><styleUrl>#mapDaimonET</styleUrl><Point><coordinates>-48.130354,-10.335322,0</coordinates></Point></Placemark>
<Placemark><name>5711835122</name><visibility>0</visibility><LookAt><longitude>-48.125495</longitude><latitude>-10.337402</latitude><altitude>1200.0</altitude><altitudeMode>absolute</altitudeMode></LookAt><styleUrl>#mapDaimonET</styleUrl><Point><coordinates>-48.125495,-10.337402,0</coordinates></Point></Placemark>
<Placemark><name>5712174122</name><visibility>0</visibility><LookAt><longitude>-48.128338</longitude><latitude>-10.336453</latitude><altitude>1200.0</altitude><altitudeMode>absolute</altitudeMode></LookAt><styleUrl>#mapDaimonET</styleUrl><Point><coordinates>-48.128338,-10.336453,0</coordinates></Point></Placemark>
<Placemark><name>5706868122</name><visibility>0</visibility><LookAt><longitude>-48.122876</longitude><latitude>-10.341614</latitude><altitude>1200.0</altitude><altitudeMode>absolute</altitudeMode></LookAt><styleUrl>#mapDaimonET</styleUrl><Point><coordinates>-48.122876,-10.341614,0</coordinates></Point></Placemark>
<Placemark><name>5708505122</name><visibility>0</visibility><LookAt><longitude>-48.119226</longitude><latitude>-10.345802</latitude><altitude>1200.0</altitude><altitudeMode>absolute</altitudeMode></LookAt><styleUrl>#mapDaimonET</styleUrl><Point><coordinates>-48.119226,-10.345802,0</coordinates></Point></Placemark>
<Placemark><name>5757671122</name><visibility>0</visibility><LookAt><longitude>-48.144182</longitude><latitude>-10.323987</latitude><altitude>1200.0</altitude><altitudeMode>absolute</altitudeMode></LookAt><styleUrl>#mapDaimonET</styleUrl><Point><coordinates>-48.144182,-10.323987,0</coordinates></Point></Placemark>
<Placemark><name>5712298122</name><visibility>0</visibility><LookAt><longitude>-48.144269</longitude><latitude>-10.324893</latitude><altitude>1200.0</altitude><altitudeMode>absolute</altitudeMode></LookAt><styleUrl>#mapDaimonET</styleUrl><Point><coordinates>-48.144269,-10.324893,0</coordinates></Point></Placemark>
<Placemark><name>5721332122</name><visibility>0</visibility><LookAt><longitude>-48.144863</longitude><latitude>-10.323636</latitude><altitude>1200.0</altitude><altitudeMode>absolute</altitudeMode></LookAt><styleUrl>#mapDaimonET</styleUrl><Point><coordinates>-48.144863,-10.323636,0</coordinates></Point></Placemark>
<Placemark><name>5712188122</name><visibility>0</visibility><LookAt><longitude>-48.131807</longitude><latitude>-10.332697</latitude><altitude>1200.0</altitude><altitudeMode>absolute</altitudeMode></LookAt><styleUrl>#mapDaimonET</styleUrl><Point><coordinates>-48.131807,-10.332697,0</coordinates></Point></Placemark>
<Placemark><name>5700077122</name><visibility>0</visibility><LookAt><longitude>-48.131705</longitude><latitude>-10.333248</latitude><altitude>1200.0</altitude><altitudeMode>absolute</altitudeMode></LookAt><styleUrl>#mapDaimonET</styleUrl><Point><coordinates>-48.131705,-10.333248,0</coordinates></Point></Placemark>
<Placemark><name>5721331122</name><visibility>0</visibility><LookAt><longitude>-48.134839</longitude><latitude>-10.328321</latitude><altitude>1200.0</altitude><altitudeMode>absolute</altitudeMode></LookAt><styleUrl>#mapDaimonET</styleUrl><Point><coordinates>-48.134839,-10.328321,0</coordinates></Point></Placemark>
<Placemark><name>5710074122</name><visibility>0</visibility><LookAt><longitude>-48.126398</longitude><latitude>-10.323604</latitude><altitude>1200.0</altitude><altitudeMode>absolute</altitudeMode></LookAt><styleUrl>#mapDaimonET</styleUrl><Point><coordinates>-48.126398,-10.323604,0</coordinates></Point></Placemark>
<Placemark><name>5710075122</name><visibility>0</visibility><LookAt><longitude>-48.119842</longitude><latitude>-10.322067</latitude><altitude>1200.0</altitude><altitudeMode>absolute</altitudeMode></LookAt><styleUrl>#mapDaimonET</styleUrl><Point><coordinates>-48.119842,-10.322067,0</coordinates></Point></Placemark>
<Placemark><name>5710076122</name><visibility>0</visibility><LookAt><longitude>-48.113450</longitude><latitude>-10.322557</latitude><altitude>1200.0</altitude><altitudeMode>absolute</altitudeMode></LookAt><styleUrl>#mapDaimonET</styleUrl><Point><coordinates>-48.113450,-10.322557,0</coordinates></Point></Placemark>
<Placemark><name>5712177122</name><visibility>0</visibility><LookAt><longitude>-48.118044</longitude><latitude>-10.347267</latitude><altitude>1200.0</altitude><altitudeMode>absolute</altitudeMode></LookAt><styleUrl>#mapDaimonET</styleUrl><Point><coordinates>-48.118044,-10.347267,0</coordinates></Point></Placemark>
<Placemark><name>5312178122</name><visibility>0</visibility><LookAt><longitude>-48.116766</longitude><latitude>-10.351262</latitude><altitude>1200.0</altitude><altitudeMode>absolute</altitudeMode></LookAt><styleUrl>#mapDaimonET</styleUrl><Point><coordinates>-48.116766,-10.351262,0</coordinates></Point></Placemark>
<Placemark><name>5712179122</name><visibility>0</visibility><LookAt><longitude>-48.114712</longitude><latitude>-10.350905</latitude><altitude>1200.0</altitude><altitudeMode>absolute</altitudeMode></LookAt><styleUrl>#mapDaimonET</styleUrl><Point><coordinates>-48.114712,-10.350905,0</coordinates></Point></Placemark>
<Placemark><name>5712182122</name><visibility>0</visibility><LookAt><longitude>-48.102347</longitude><latitude>-10.362938</latitude><altitude>1200.0</altitude><altitudeMode>absolute</altitudeMode></LookAt><styleUrl>#mapDaimonET</styleUrl><Point><coordinates>-48.102347,-10.362938,0</coordinates></Point></Placemark>
<Placemark><name>5703024122</name><visibility>0</visibility><LookAt><longitude>-48.104481</longitude><latitude>-10.360618</latitude><altitude>1200.0</altitude><altitudeMode>absolute</altitudeMode></LookAt><styleUrl>#mapDaimonET</styleUrl><Point><coordinates>-48.104481,-10.360618,0</coordinates></Point></Placemark>
<Placemark><name>5721374122</name><visibility>0</visibility><LookAt><longitude>-48.116520</longitude><latitude>-10.349185</latitude><altitude>1200.0</altitude><altitudeMode>absolute</altitudeMode></LookAt><styleUrl>#mapDaimonET</styleUrl><Point><coordinates>-48.116520,-10.349185,0</coordinates></Point></Placemark>
<Placemark><name>5711669122</name><visibility>0</visibility><LookAt><longitude>-48.130255</longitude><latitude>-10.334405</latitude><altitude>1200.0</altitude><altitudeMode>absolute</altitudeMode></LookAt><styleUrl>#mapDaimonET</styleUrl><Point><coordinates>-48.130255,-10.334405,0</coordinates></Point></Placemark>
<Placemark><name>5711371122</name><visibility>0</visibility><LookAt><longitude>-48.129635</longitude><latitude>-10.333774</latitude><altitude>1200.0</altitude><altitudeMode>absolute</altitudeMode></LookAt><styleUrl>#mapDaimonET</styleUrl><Point><coordinates>-48.129635,-10.333774,0</coordinates></Point></Placemark>
</Folder>
<Folder>
<name>Gerador</name>
<visibility>0</visibility>
</Folder>
<Folder>
<name>Reator</name>
<visibility>0</visibility>
</Folder>
<Folder>
<name>Regulador</name>
<visibility>0</visibility>
</Folder>
<Folder>
<name>Transformador</name>
<visibility>0</visibility>
</Folder>
<Folder>
<name>Trecho</name>
<Placemark><name>2617031</name><styleUrl>#styleDaimonCIRCUITO384TRECHO</styleUrl><LineString><coordinates>-48.162656,-10.311045,0 -48.162545,-10.310995,0</coordinates></LineString></Placemark>
<Placemark><name>12072131</name><styleUrl>#styleDaimonCIRCUITO384TRECHO</styleUrl><LineString><coordinates>-48.162674,-10.311049,0 -48.162656,-10.311045,0</coordinates></LineString></Placemark>
<Placemark><name>2819223</name><styleUrl>#styleDaimonCIRCUITO384TRECHO</styleUrl><LineString><coordinates>-48.162775,-10.311082,0 -48.162674,-10.311049,0</coordinates></LineString></Placemark>
<Placemark><name>3664177</name><styleUrl>#styleDaimonCIRCUITO384TRECHO</styleUrl><LineString><coordinates>-48.162816,-10.311061,0 -48.162775,-10.311082,0</coordinates></LineString></Placemark>
<Placemark><name>3656663</name><styleUrl>#styleDaimonCIRCUITO384TRECHO</styleUrl><LineString><coordinates>-48.162777,-10.311085,0 -48.162790,-10.311104,0</coordinates></LineString></Placemark>
<Placemark><name>3656665</name><styleUrl>#styleDaimonCIRCUITO384TRECHO</styleUrl><LineString><coordinates>-48.162793,-10.311105,0 -48.162813,-10.311107,0</coordinates></LineString></Placemark>
<Placemark><name>3051075</name><styleUrl>#styleDaimonCIRCUITO384TRECHO</styleUrl><LineString><coordinates>-48.162065,-10.312304,0 -48.162247,-10.312532,0</coordinates></LineString></Placemark>
<Placemark><name>3051074</name><styleUrl>#styleDaimonCIRCUITO384TRECHO</styleUrl><LineString><coordinates>-48.162065,-10.312304,0 -48.162018,-10.312366,0</coordinates></LineString></Placemark>
<Placemark><name>3051073</name><styleUrl>#styleDaimonCIRCUITO384TRECHO</styleUrl><LineString><coordinates>-48.162215,-10.312075,0 -48.162065,-10.312304,0</coordinates></LineString></Placemark>
<Placemark><name>3050124</name><styleUrl>#styleDaimonCIRCUITO384TRECHO</styleUrl><LineString><coordinates>-48.162065,-10.312304,0 -48.162062,-10.312275,0</coordinates></LineString></Placemark>
<Placemark><name>2785148</name><styleUrl>#styleDaimonCIRCUITO384TRECHO</styleUrl><LineString><coordinates>-48.162247,-10.312532,0 -48.162441,-10.312797,0</coordinates></LineString></Placemark>
<Placemark><name>2787402</name><styleUrl>#styleDaimonCIRCUITO384TRECHO</styleUrl><LineString><coordinates>-48.162018,-10.312366,0 -48.161757,-10.312377,0</coordinates></LineString></Placemark>
<Placemark><name>2819224</name><styleUrl>#styleDaimonCIRCUITO384TRECHO</styleUrl><LineString><coordinates>-48.162391,-10.311817,0 -48.162215,-10.312075,0</coordinates></LineString></Placemark>
<Placemark><name>12078789</name><styleUrl>#styleDaimonCIRCUITO384TRECHO</styleUrl><LineString><coordinates>-48.162441,-10.312797,0 -48.162462,-10.312827,0</coordinates></LineString></Placemark>
<Placemark><name>2787401</name><styleUrl>#styleDaimonCIRCUITO384TRECHO</styleUrl><LineString><coordinates>-48.161757,-10.312377,0 -48.161518,-10.312442,0</coordinates></LineString></Placemark>
<Placemark><name>2819225</name><styleUrl>#styleDaimonCIRCUITO384TRECHO</styleUrl><LineString><coordinates>-48.162578,-10.311583,0 -48.162391,-10.311817,0</coordinates></LineString></Placemark>
<Placemark><name>3550297</name><styleUrl>#styleDaimonCIRCUITO384TRECHO</styleUrl><LineString><coordinates>-48.162462,-10.312827,0 -48.162490,-10.313020,0</coordinates></LineString></Placemark>
<Placemark><name>2784896</name><styleUrl>#styleDaimonCIRCUITO384TRECHO</styleUrl><LineString><coordinates>-48.161518,-10.312442,0 -48.161209,-10.312522,0</coordinates></LineString></Placemark>
<Placemark><name>2770980</name><styleUrl>#styleDaimonCIRCUITO384TRECHO</styleUrl><LineString><coordinates>-48.162766,-10.311309,0 -48.162578,-10.311583,0</coordinates></LineString></Placemark>
<Placemark><name>3550294</name><styleUrl>#styleDaimonCIRCUITO384TRECHO</styleUrl><LineString><coordinates>-48.162490,-10.313020,0 -48.162256,-10.313087,0</coordinates></LineString></Placemark>
<Placemark><name>3550287</name><styleUrl>#styleDaimonCIRCUITO384TRECHO</styleUrl><LineString><coordinates>-48.162490,-10.313020,0 -48.162609,-10.312965,0</coordinates></LineString></Placemark>
<Placemark><name>3550283</name><styleUrl>#styleDaimonCIRCUITO384TRECHO</styleUrl><LineString><coordinates>-48.162490,-10.313020,0 -48.162499,-10.313080,0</coordinates></LineString></Placemark>
<Placemark><name>2784895</name><styleUrl>#styleDaimonCIRCUITO384TRECHO</styleUrl><LineString><coordinates>-48.161209,-10.312522,0 -48.160994,-10.312579,0</coordinates></LineString></Placemark>
<Placemark><name>2785149</name><styleUrl>#styleDaimonCIRCUITO384TRECHO</styleUrl><LineString><coordinates>-48.162888,-10.311132,0 -48.162766,-10.311309,0</coordinates></LineString></Placemark>
<Placemark><name>35838989</name><styleUrl>#styleDaimonCIRCUITO384TRECHO</styleUrl><LineString><coordinates>-48.162609,-10.312965,0 -48.162617,-10.312938,0</coordinates></LineString></Placemark>
<Placemark><name>12078445</name><styleUrl>#styleDaimonCIRCUITO384TRECHO</styleUrl><LineString><coordinates>-48.162881,-10.311105,0 -48.162888,-10.311132,0</coordinates></LineString></Placemark>
<Placemark><name>35838980</name><styleUrl>#styleDaimonCIRCUITO384TRECHO</styleUrl><LineString><coordinates>-48.162617,-10.312938,0 -48.162529,-10.312786,0</coordinates></LineString></Placemark>
<Placemark><name>2524312</name><styleUrl>#styleDaimonCIRCUITO384TRECHO</styleUrl><LineString><coordinates>-48.162840,-10.311096,0 -48.162881,-10.311105,0</coordinates></LineString></Placemark>
<Placemark><name>3656664</name><styleUrl>#styleDaimonCIRCUITO384TRECHO</styleUrl><LineString><coordinates>-48.162816,-10.311106,0 -48.162840,-10.311096,0</coordinates></LineString></Placemark>
<Placemark><name>3664178</name><styleUrl>#styleDaimonCIRCUITO384TRECHO</styleUrl><LineString><coordinates>-48.162840,-10.311096,0 -48.162819,-10.311064,0</coordinates></LineString></Placemark>
<Placemark><name>35839006</name><styleUrl>#styleDaimonCIRCUITO384TRECHO</styleUrl><LineString><coordinates>-48.162505,-10.312754,0 -48.162295,-10.312463,0</coordinates></LineString></Placemark>
<Placemark><name>35838997</name><styleUrl>#styleDaimonCIRCUITO384TRECHO</styleUrl><LineString><coordinates>-48.162295,-10.312463,0 -48.162080,-10.312201,0</coordinates></LineString></Placemark>
<Placemark><name>3303702</name><styleUrl>#styleDaimonCIRCUITO384TRECHO</styleUrl><LineString><coordinates>-48.159114,-10.314718,0 -48.158915,-10.314718,0</coordinates></LineString></Placemark>
<Placemark><name>3532987</name><styleUrl>#styleDaimonCIRCUITO384TRECHO</styleUrl><LineString><coordinates>-48.158915,-10.314718,0 -48.158606,-10.314714,0</coordinates></LineString></Placemark>
<Placemark><name>3302762</name><styleUrl>#styleDaimonCIRCUITO384TRECHO</styleUrl><LineString><coordinates>-48.159114,-10.314718,0 -48.159216,-10.314718,0</coordinates></LineString></Placemark>
<Placemark><name>3302760</name><styleUrl>#styleDaimonCIRCUITO384TRECHO</styleUrl><LineString><coordinates>-48.159173,-10.314540,0 -48.159114,-10.314718,0</coordinates></LineString></Placemark>
<Placemark><name>3302761</name><styleUrl>#styleDaimonCIRCUITO384TRECHO</styleUrl><LineString><coordinates>-48.159114,-10.314718,0 -48.159097,-10.314772,0</coordinates></LineString></Placemark>
<Placemark><name>3532988</name><styleUrl>#styleDaimonCIRCUITO384TRECHO</styleUrl><LineString><coordinates>-48.158606,-10.314714,0 -48.158324,-10.314708,0</coordinates></LineString></Placemark>
<Placemark><name>12079012</name><styleUrl>#styleDaimonCIRCUITO384TRECHO</styleUrl><LineString><coordinates>-48.159216,-10.314718,0 -48.159253,-10.314719,0</coordinates></LineString></Placemark>
<Placemark><name>2783774</name><styleUrl>#styleDaimonCIRCUITO384TRECHO</styleUrl><LineString><coordinates>-48.159326,-10.314256,0 -48.159173,-10.314540,0</coordinates></LineString></Placemark>
<Placemark><name>3302488</name><styleUrl>#styleDaimonCIRCUITO384TRECHO</styleUrl><LineString><coordinates>-48.159253,-10.314719,0 -48.159536,-10.314722,0</coordinates></LineString></Placemark>
<Placemark><name>2770122</name><styleUrl>#styleDaimonCIRCUITO384TRECHO</styleUrl><LineString><coordinates>-48.159447,-10.314068,0 -48.159326,-10.314256,0</coordinates></LineString></Placemark>
<Placemark><name>3295717</name><styleUrl>#styleDaimonCIRCUITO384TRECHO</styleUrl><LineString><coordinates>-48.159536,-10.314722,0 -48.159728,-10.314720,0</coordinates></LineString></Placemark>
<Placemark><name>52305777</name><styleUrl>#styleDaimonCIRCUITO384TRECHO</styleUrl><LineString><coordinates>-48.159536,-10.314722,0 -48.159483,-10.314647,0</coordinates></LineString></Placemark>
<Placemark><name>53816740</name><styleUrl>#styleDaimonCIRCUITO384TRECHO</styleUrl><LineString><coordinates>-48.159536,-10.314722,0 -48.159552,-10.314713,0</coordinates></LineString></Placemark>
<Placemark><name>2821426</name><styleUrl>#styleDaimonCIRCUITO384TRECHO</styleUrl><LineString><coordinates>-48.159597,-10.313765,0 -48.159447,-10.314068,0</coordinates></LineString></Placemark>
<Placemark><name>12078554</name><styleUrl>#styleDaimonCIRCUITO384TRECHO</styleUrl><LineString><coordinates>-48.159728,-10.314720,0 -48.159765,-10.314720,0</coordinates></LineString></Placemark>
<Placemark><name>2821427</name><styleUrl>#styleDaimonCIRCUITO384TRECHO</styleUrl><LineString><coordinates>-48.159776,-10.313448,0 -48.159597,-10.313765,0</coordinates></LineString></Placemark>
<Placemark><name>3583613</name><styleUrl>#styleDaimonCIRCUITO384TRECHO</styleUrl><LineString><coordinates>-48.159765,-10.314720,0 -48.159868,-10.314721,0</coordinates></LineString></Placemark>
<Placemark><name>2821710</name><styleUrl>#styleDaimonCIRCUITO384TRECHO</styleUrl><LineString><coordinates>-48.159932,-10.313145,0 -48.159776,-10.313448,0</coordinates></LineString></Placemark>
<Placemark><name>12078516</name><styleUrl>#styleDaimonCIRCUITO384TRECHO</styleUrl><LineString><coordinates>-48.159868,-10.314721,0 -48.159867,-10.314703,0</coordinates></LineString></Placemark>
<Placemark><name>3550291</name><styleUrl>#styleDaimonCIRCUITO384TRECHO</styleUrl><LineString><coordinates>-48.159868,-10.314721,0 -48.159890,-10.315008,0</coordinates></LineString></Placemark>
<Placemark><name>2768744</name><styleUrl>#styleDaimonCIRCUITO384TRECHO</styleUrl><LineString><coordinates>-48.160045,-10.312859,0 -48.159932,-10.313145,0</coordinates></LineString></Placemark>
<Placemark><name>3550284</name><styleUrl>#styleDaimonCIRCUITO384TRECHO</styleUrl><LineString><coordinates>-48.159867,-10.314703,0 -48.159874,-10.314428,0</coordinates></LineString></Placemark>
<Placemark><name>12078440</name><styleUrl>#styleDaimonCIRCUITO384TRECHO</styleUrl><LineString><coordinates>-48.160061,-10.312858,0 -48.160045,-10.312859,0</coordinates></LineString></Placemark>
<Placemark><name>2554429</name><styleUrl>#styleDaimonCIRCUITO384TRECHO</styleUrl><LineString><coordinates>-48.160045,-10.312859,0 -48.160129,-10.312659,0</coordinates></LineString></Placemark>
<Placemark><name>3550288</name><styleUrl>#styleDaimonCIRCUITO384TRECHO</styleUrl><LineString><coordinates>-48.159874,-10.314428,0 -48.159884,-10.314166,0</coordinates></LineString></Placemark>
<Placemark><name>2791366</name><styleUrl>#styleDaimonCIRCUITO384TRECHO</styleUrl><LineString><coordinates>-48.160394,-10.312775,0 -48.160061,-10.312858,0</coordinates></LineString></Placemark>
<Placemark><name>2560543</name><styleUrl>#styleDaimonCIRCUITO384TRECHO</styleUrl><LineString><coordinates>-48.160129,-10.312659,0 -48.160165,-10.312572,0</coordinates></LineString></Placemark>
<Placemark><name>2560544</name><styleUrl>#styleDaimonCIRCUITO384TRECHO</styleUrl><LineString><coordinates>-48.160129,-10.312659,0 -48.160229,-10.312702,0</coordinates></LineString></Placemark>
<Placemark><name>2560545</name><styleUrl>#styleDaimonCIRCUITO384TRECHO</styleUrl><LineString><coordinates>-48.160129,-10.312659,0 -48.159925,-10.312588,0</coordinates></LineString></Placemark>
<Placemark><name>3550281</name><styleUrl>#styleDaimonCIRCUITO384TRECHO</styleUrl><LineString><coordinates>-48.159884,-10.314166,0 -48.159882,-10.314002,0</coordinates></LineString></Placemark>
<Placemark><name>2780858</name><styleUrl>#styleDaimonCIRCUITO384TRECHO</styleUrl><LineString><coordinates>-48.160669,-10.312667,0 -48.160394,-10.312775,0</coordinates></LineString></Placemark>
<Placemark><name>2791367</name><styleUrl>#styleDaimonCIRCUITO384TRECHO</styleUrl><LineString><coordinates>-48.159925,-10.312588,0 -48.159612,-10.312470,0</coordinates></LineString></Placemark>
<Placemark><name>12078519</name><styleUrl>#styleDaimonCIRCUITO384TRECHO</styleUrl><LineString><coordinates>-48.159882,-10.314002,0 -48.159907,-10.313983,0</coordinates></LineString></Placemark>
<Placemark><name>3546222</name><styleUrl>#styleDaimonCIRCUITO384TRECHO</styleUrl><LineString><coordinates>-48.160962,-10.312588,0 -48.160669,-10.312667,0</coordinates></LineString></Placemark>
<Placemark><name>2780856</name><styleUrl>#styleDaimonCIRCUITO384TRECHO</styleUrl><LineString><coordinates>-48.159612,-10.312470,0 -48.159369,-10.312371,0</coordinates></LineString></Placemark>
<Placemark><name>3550298</name><styleUrl>#styleDaimonCIRCUITO384TRECHO</styleUrl><LineString><coordinates>-48.159907,-10.313983,0 -48.159997,-10.313973,0</coordinates></LineString></Placemark>
<Placemark><name>2780857</name><styleUrl>#styleDaimonCIRCUITO384TRECHO</styleUrl><LineString><coordinates>-48.159369,-10.312371,0 -48.159078,-10.312248,0</coordinates></LineString></Placemark>
<Placemark><name>3550292</name><styleUrl>#styleDaimonCIRCUITO384TRECHO</styleUrl><LineString><coordinates>-48.159997,-10.313973,0 -48.160349,-10.314011,0</coordinates></LineString></Placemark>
<Placemark><name>12078790</name><styleUrl>#styleDaimonCIRCUITO384TRECHO</styleUrl><LineString><coordinates>-48.159078,-10.312248,0 -48.159049,-10.312236,0</coordinates></LineString></Placemark>
<Placemark><name>12078518</name><styleUrl>#styleDaimonCIRCUITO384TRECHO</styleUrl><LineString><coordinates>-48.160349,-10.314011,0 -48.160346,-10.313993,0</coordinates></LineString></Placemark>
<Placemark><name>3550295</name><styleUrl>#styleDaimonCIRCUITO384TRECHO</styleUrl><LineString><coordinates>-48.160349,-10.314011,0 -48.160425,-10.314319,0</coordinates></LineString></Placemark>
<Placemark><name>3569870</name><styleUrl>#styleDaimonCIRCUITO384TRECHO</styleUrl><LineString><coordinates>-48.159049,-10.312236,0 -48.158739,-10.312120,0</coordinates></LineString></Placemark>
<Placemark><name>3550285</name><styleUrl>#styleDaimonCIRCUITO384TRECHO</styleUrl><LineString><coordinates>-48.160346,-10.313993,0 -48.160330,-10.313914,0</coordinates></LineString></Placemark>
<Placemark><name>3569874</name><styleUrl>#styleDaimonCIRCUITO384TRECHO</styleUrl><LineString><coordinates>-48.158739,-10.312120,0 -48.158423,-10.312004,0</coordinates></LineString></Placemark>
<Placemark><name>12078428</name><styleUrl>#styleDaimonCIRCUITO384TRECHO</styleUrl><LineString><coordinates>-48.160330,-10.313914,0 -48.160325,-10.313882,0</coordinates></LineString></Placemark>
<Placemark><name>12084990</name><styleUrl>#styleDaimonCIRCUITO384TRECHO</styleUrl><LineString><coordinates>-48.158423,-10.312004,0 -48.158410,-10.312026,0</coordinates></LineString></Placemark>
<Placemark><name>3593339</name><styleUrl>#styleDaimonCIRCUITO384TRECHO</styleUrl><LineString><coordinates>-48.158423,-10.312004,0 -48.158162,-10.311913,0</coordinates></LineString></Placemark>
<Placemark><name>3550296</name><styleUrl>#styleDaimonCIRCUITO384TRECHO</styleUrl><LineString><coordinates>-48.160325,-10.313882,0 -48.160324,-10.313813,0</coordinates></LineString></Placemark>
<Placemark><name>3593338</name><styleUrl>#styleDaimonCIRCUITO384TRECHO</styleUrl><LineString><coordinates>-48.158410,-10.312026,0 -48.158268,-10.312290,0</coordinates></LineString></Placemark>
<Placemark><name>12078517</name><styleUrl>#styleDaimonCIRCUITO384TRECHO</styleUrl><LineString><coordinates>-48.160324,-10.313813,0 -48.160354,-10.313801,0</coordinates></LineString></Placemark>
<Placemark><name>3569879</name><styleUrl>#styleDaimonCIRCUITO384TRECHO</styleUrl><LineString><coordinates>-48.158268,-10.312290,0 -48.158108,-10.312576,0</coordinates></LineString></Placemark>
<Placemark><name>3550290</name><styleUrl>#styleDaimonCIRCUITO384TRECHO</styleUrl><LineString><coordinates>-48.160354,-10.313801,0 -48.160544,-10.313731,0</coordinates></LineString></Placemark>
<Placemark><name>3569873</name><styleUrl>#styleDaimonCIRCUITO384TRECHO</styleUrl><LineString><coordinates>-48.158108,-10.312576,0 -48.157939,-10.312876,0</coordinates></LineString></Placemark>
<Placemark><name>3550289</name><styleUrl>#styleDaimonCIRCUITO384TRECHO</styleUrl><LineString><coordinates>-48.160544,-10.313731,0 -48.160851,-10.313620,0</coordinates></LineString></Placemark>
<Placemark><name>3569869</name><styleUrl>#styleDaimonCIRCUITO384TRECHO</styleUrl><LineString><coordinates>-48.157939,-10.312876,0 -48.157811,-10.313103,0</coordinates></LineString></Placemark>
<Placemark><name>3550293</name><styleUrl>#styleDaimonCIRCUITO384TRECHO</styleUrl><LineString><coordinates>-48.160851,-10.313620,0 -48.161178,-10.313500,0</coordinates></LineString></Placemark>
<Placemark><name>3569866</name><styleUrl>#styleDaimonCIRCUITO384TRECHO</styleUrl><LineString><coordinates>-48.157811,-10.313103,0 -48.157781,-10.313157,0</coordinates></LineString></Placemark>
<Placemark><name>3569876</name><styleUrl>#styleDaimonCIRCUITO384TRECHO</styleUrl><LineString><coordinates>-48.157811,-10.313103,0 -48.158023,-10.313217,0</coordinates></LineString></Placemark>
<Placemark><name>3569878</name><styleUrl>#styleDaimonCIRCUITO384TRECHO</styleUrl><LineString><coordinates>-48.157811,-10.313103,0 -48.157772,-10.313062,0</coordinates></LineString></Placemark>
<Placemark><name>3550282</name><styleUrl>#styleDaimonCIRCUITO384TRECHO</styleUrl><LineString><coordinates>-48.161178,-10.313500,0 -48.161475,-10.313385,0</coordinates></LineString></Placemark>
<Placemark><name>3569865</name><styleUrl>#styleDaimonCIRCUITO384TRECHO</styleUrl><LineString><coordinates>-48.157772,-10.313062,0 -48.157384,-10.312931,0</coordinates></LineString></Placemark>
<Placemark><name>3550286</name><styleUrl>#styleDaimonCIRCUITO384TRECHO</styleUrl><LineString><coordinates>-48.161475,-10.313385,0 -48.161861,-10.313239,0</coordinates></LineString></Placemark>
<Placemark><name>3569868</name><styleUrl>#styleDaimonCIRCUITO384TRECHO</styleUrl><LineString><coordinates>-48.157384,-10.312931,0 -48.156833,-10.312851,0</coordinates></LineString></Placemark>
<Placemark><name>3550299</name><styleUrl>#styleDaimonCIRCUITO384TRECHO</styleUrl><LineString><coordinates>-48.161861,-10.313239,0 -48.162217,-10.313102,0</coordinates></LineString></Placemark>
<Placemark><name>3569875</name><styleUrl>#styleDaimonCIRCUITO384TRECHO</styleUrl><LineString><coordinates>-48.156833,-10.312851,0 -48.156438,-10.312864,0</coordinates></LineString></Placemark>
<Placemark><name>3295716</name><styleUrl>#styleDaimonCIRCUITO384TRECHO</styleUrl><LineString><coordinates>-48.157267,-10.315071,0 -48.157291,-10.315340,0</coordinates></LineString></Placemark>
<Placemark><name>3295715</name><styleUrl>#styleDaimonCIRCUITO384TRECHO</styleUrl><LineString><coordinates>-48.157291,-10.315340,0 -48.157331,-10.315661,0</coordinates></LineString></Placemark>
<Placemark><name>2537120</name><styleUrl>#styleDaimonCIRCUITO384TRECHO</styleUrl><LineString><coordinates>-48.157264,-10.314860,0 -48.157267,-10.315071,0</coordinates></LineString></Placemark>
<Placemark><name>2537119</name><styleUrl>#styleDaimonCIRCUITO384TRECHO</styleUrl><LineString><coordinates>-48.157264,-10.314860,0 -48.157244,-10.314680,0</coordinates></LineString></Placemark>
<Placemark><name>2537121</name><styleUrl>#styleDaimonCIRCUITO384TRECHO</styleUrl><LineString><coordinates>-48.157536,-10.314817,0 -48.157264,-10.314860,0</coordinates></LineString></Placemark>
<Placemark><name>2537122</name><styleUrl>#styleDaimonCIRCUITO384TRECHO</styleUrl><LineString><coordinates>-48.157264,-10.314860,0 -48.157174,-10.314860,0</coordinates></LineString></Placemark>
<Placemark><name>2831562</name><styleUrl>#styleDaimonCIRCUITO384TRECHO</styleUrl><LineString><coordinates>-48.157850,-10.314787,0 -48.157536,-10.314817,0</coordinates></LineString></Placemark>
<Placemark><name>3526088</name><styleUrl>#styleDaimonCIRCUITO384TRECHO</styleUrl><LineString><coordinates>-48.157174,-10.314860,0 -48.156967,-10.314889,0</coordinates></LineString></Placemark>
<Placemark><name>2831563</name><styleUrl>#styleDaimonCIRCUITO384TRECHO</styleUrl><LineString><coordinates>-48.158278,-10.314716,0 -48.157850,-10.314787,0</coordinates></LineString></Placemark>
<Placemark><name>3526089</name><styleUrl>#styleDaimonCIRCUITO384TRECHO</styleUrl><LineString><coordinates>-48.156967,-10.314889,0 -48.156486,-10.314958,0</coordinates></LineString></Placemark>
<Placemark><name>3529652</name><styleUrl>#styleDaimonCIRCUITO384TRECHO</styleUrl><LineString><coordinates>-48.156486,-10.314958,0 -48.156234,-10.314990,0</coordinates></LineString></Placemark>
<Placemark><name>3529653</name><styleUrl>#styleDaimonCIRCUITO384TRECHO</styleUrl><LineString><coordinates>-48.156234,-10.314990,0 -48.155883,-10.315034,0</coordinates></LineString></Placemark>
<Placemark><name>2537174</name><styleUrl>#styleDaimonCIRCUITO384TRECHO</styleUrl><LineString><coordinates>-48.155883,-10.315034,0 -48.155693,-10.315053,0</coordinates></LineString></Placemark>
<Placemark><name>2537175</name><styleUrl>#styleDaimonCIRCUITO384TRECHO</styleUrl><LineString><coordinates>-48.155693,-10.315053,0 -48.155576,-10.315071,0</coordinates></LineString></Placemark>
<Placemark><name>2537173</name><styleUrl>#styleDaimonCIRCUITO384TRECHO</styleUrl><LineString><coordinates>-48.155693,-10.315053,0 -48.155727,-10.314887,0</coordinates></LineString></Placemark>
<Placemark><name>2537172</name><styleUrl>#styleDaimonCIRCUITO384TRECHO</styleUrl><LineString><coordinates>-48.155693,-10.315053,0 -48.155670,-10.315081,0</coordinates></LineString></Placemark>
<Placemark><name>3254140</name><styleUrl>#styleDaimonCIRCUITO384TRECHO</styleUrl><LineString><coordinates>-48.155727,-10.314887,0 -48.155828,-10.314519,0</coordinates></LineString></Placemark>
<Placemark><name>3254139</name><styleUrl>#styleDaimonCIRCUITO384TRECHO</styleUrl><LineString><coordinates>-48.155828,-10.314519,0 -48.155905,-10.314225,0</coordinates></LineString></Placemark>
<Placemark><name>3254114</name><styleUrl>#styleDaimonCIRCUITO384TRECHO</styleUrl><LineString><coordinates>-48.155905,-10.314225,0 -48.155981,-10.313909,0</coordinates></LineString></Placemark>
<Placemark><name>12072250</name><styleUrl>#styleDaimonCIRCUITO384TRECHO</styleUrl><LineString><coordinates>-48.155981,-10.313909,0 -48.155987,-10.313876,0</coordinates></LineString></Placemark>
<Placemark><name>3254113</name><styleUrl>#styleDaimonCIRCUITO384TRECHO</styleUrl><LineString><coordinates>-48.155987,-10.313876,0 -48.156060,-10.313580,0</coordinates></LineString></Placemark>
<Placemark><name>3526119</name><styleUrl>#styleDaimonCIRCUITO384TRECHO</styleUrl><LineString><coordinates>-48.156060,-10.313580,0 -48.156110,-10.313271,0</coordinates></LineString></Placemark>
<Placemark><name>12077859</name><styleUrl>#styleDaimonCIRCUITO384TRECHO</styleUrl><LineString><coordinates>-48.156110,-10.313271,0 -48.156115,-10.313239,0</coordinates></LineString></Placemark>
<Placemark><name>3250708</name><styleUrl>#styleDaimonCIRCUITO384TRECHO</styleUrl><LineString><coordinates>-48.156115,-10.313239,0 -48.156171,-10.312992,0</coordinates></LineString></Placemark>
<Placemark><name>3569867</name><styleUrl>#styleDaimonCIRCUITO384TRECHO</styleUrl><LineString><coordinates>-48.156171,-10.312992,0 -48.156165,-10.312924,0</coordinates></LineString></Placemark>
<Placemark><name>3569649</name><styleUrl>#styleDaimonCIRCUITO384TRECHO</styleUrl><LineString><coordinates>-48.156165,-10.312924,0 -48.156161,-10.312843,0</coordinates></LineString></Placemark>
<Placemark><name>3569871</name><styleUrl>#styleDaimonCIRCUITO384TRECHO</styleUrl><LineString><coordinates>-48.156165,-10.312924,0 -48.156034,-10.312934,0</coordinates></LineString></Placemark>
<Placemark><name>3569877</name><styleUrl>#styleDaimonCIRCUITO384TRECHO</styleUrl><LineString><coordinates>-48.156165,-10.312924,0 -48.156411,-10.312870,0</coordinates></LineString></Placemark>
<Placemark><name>66037443</name><styleUrl>#styleDaimonCIRCUITO384TRECHO</styleUrl><LineString><coordinates>-48.156982,-10.314912,0 -48.156951,-10.314923,0</coordinates></LineString></Placemark>
<Placemark><name>66037426</name><styleUrl>#styleDaimonCIRCUITO384TRECHO</styleUrl><LineString><coordinates>-48.156982,-10.314912,0 -48.156964,-10.314909,0</coordinates></LineString></Placemark>
<Placemark><name>3664176</name><styleUrl>#styleDaimonCIRCUITO384TRECHO</styleUrl><LineString><coordinates>-48.156969,-10.314892,0 -48.156982,-10.314912,0</coordinates></LineString></Placemark>
<Placemark><name>66037434</name><styleUrl>#styleDaimonCIRCUITO384TRECHO</styleUrl><LineString><coordinates>-48.156951,-10.314923,0 -48.156963,-10.314911,0</coordinates></LineString></Placemark>
<Placemark><name>41510131</name><styleUrl>#styleDaimonCIRCUITO384TRECHO</styleUrl><LineString><coordinates>-48.155987,-10.311468,0 -48.155984,-10.311435,0</coordinates></LineString></Placemark>
<Placemark><name>41510126</name><styleUrl>#styleDaimonCIRCUITO384TRECHO</styleUrl><LineString><coordinates>-48.155984,-10.311435,0 -48.155842,-10.310158,0</coordinates></LineString></Placemark>
<Placemark><name>3254111</name><styleUrl>#styleDaimonCIRCUITO384TRECHO</styleUrl><LineString><coordinates>-48.156023,-10.311780,0 -48.155987,-10.311468,0</coordinates></LineString></Placemark>
<Placemark><name>41510161</name><styleUrl>#styleDaimonCIRCUITO384TRECHO</styleUrl><LineString><coordinates>-48.155842,-10.310158,0 -48.155843,-10.309633,0</coordinates></LineString></Placemark>
<Placemark><name>3569872</name><styleUrl>#styleDaimonCIRCUITO384TRECHO</styleUrl><LineString><coordinates>-48.156050,-10.312185,0 -48.156023,-10.311780,0</coordinates></LineString></Placemark>
<Placemark><name>41510169</name><styleUrl>#styleDaimonCIRCUITO384TRECHO</styleUrl><LineString><coordinates>-48.155843,-10.309633,0 -48.155857,-10.309616,0</coordinates></LineString></Placemark>
<Placemark><name>12027938</name><styleUrl>#styleDaimonCIRCUITO384TRECHO</styleUrl><LineString><coordinates>-48.156053,-10.312220,0 -48.156050,-10.312185,0</coordinates></LineString></Placemark>
<Placemark><name>41510165</name><styleUrl>#styleDaimonCIRCUITO384TRECHO</styleUrl><LineString><coordinates>-48.155857,-10.309616,0 -48.156720,-10.309347,0</coordinates></LineString></Placemark>
<Placemark><name>2773000</name><styleUrl>#styleDaimonCIRCUITO384TRECHO</styleUrl><LineString><coordinates>-48.156074,-10.312418,0 -48.156053,-10.312220,0</coordinates></LineString></Placemark>
<Placemark><name>3553107</name><styleUrl>#styleDaimonCIRCUITO384TRECHO</styleUrl><LineString><coordinates>-48.156153,-10.312801,0 -48.156074,-10.312418,0</coordinates></LineString></Placemark>
<Placemark><name>12071770</name><styleUrl>#styleDaimonCIRCUITO384TRECHO</styleUrl><LineString><coordinates>-48.157445,-10.316359,0 -48.157445,-10.316389,0</coordinates></LineString></Placemark>
<Placemark><name>2720215</name><styleUrl>#styleDaimonCIRCUITO384TRECHO</styleUrl><LineString><coordinates>-48.157445,-10.316389,0 -48.157173,-10.316691,0</coordinates></LineString></Placemark>
<Placemark><name>2720214</name><styleUrl>#styleDaimonCIRCUITO384TRECHO</styleUrl><LineString><coordinates>-48.157423,-10.316258,0 -48.157445,-10.316359,0</coordinates></LineString></Placemark>
<Placemark><name>12071771</name><styleUrl>#styleDaimonCIRCUITO384TRECHO</styleUrl><LineString><coordinates>-48.157173,-10.316691,0 -48.157188,-10.316704,0</coordinates></LineString></Placemark>
<Placemark><name>2720213</name><styleUrl>#styleDaimonCIRCUITO384TRECHO</styleUrl><LineString><coordinates>-48.157173,-10.316691,0 -48.157051,-10.316829,0</coordinates></LineString></Placemark>
<Placemark><name>3294444</name><styleUrl>#styleDaimonCIRCUITO384TRECHO</styleUrl><LineString><coordinates>-48.157378,-10.316072,0 -48.157423,-10.316258,0</coordinates></LineString></Placemark>
<Placemark><name>2720390</name><styleUrl>#styleDaimonCIRCUITO384TRECHO</styleUrl><LineString><coordinates>-48.157188,-10.316704,0 -48.157345,-10.316836,0</coordinates></LineString></Placemark>
<Placemark><name>3294443</name><styleUrl>#styleDaimonCIRCUITO384TRECHO</styleUrl><LineString><coordinates>-48.157348,-10.315917,0 -48.157378,-10.316072,0</coordinates></LineString></Placemark>
<Placemark><name>3294442</name><styleUrl>#styleDaimonCIRCUITO384TRECHO</styleUrl><LineString><coordinates>-48.157378,-10.316072,0 -48.157338,-10.316067,0</coordinates></LineString></Placemark>
<Placemark><name>3294441</name><styleUrl>#styleDaimonCIRCUITO384TRECHO</styleUrl><LineString><coordinates>-48.157378,-10.316072,0 -48.157650,-10.316025,0</coordinates></LineString></Placemark>
<Placemark><name>2720389</name><styleUrl>#styleDaimonCIRCUITO384TRECHO</styleUrl><LineString><coordinates>-48.157345,-10.316836,0 -48.157559,-10.317024,0</coordinates></LineString></Placemark>
<Placemark><name>2494684</name><styleUrl>#styleDaimonCIRCUITO384TRECHO</styleUrl><LineString><coordinates>-48.157334,-10.315687,0 -48.157348,-10.315917,0</coordinates></LineString></Placemark>
<Placemark><name>3312992</name><styleUrl>#styleDaimonCIRCUITO384TRECHO</styleUrl><LineString><coordinates>-48.157650,-10.316025,0 -48.157927,-10.315988,0</coordinates></LineString></Placemark>
<Placemark><name>2720388</name><styleUrl>#styleDaimonCIRCUITO384TRECHO</styleUrl><LineString><coordinates>-48.157559,-10.317024,0 -48.157870,-10.317296,0</coordinates></LineString></Placemark>
<Placemark><name>3302182</name><styleUrl>#styleDaimonCIRCUITO384TRECHO</styleUrl><LineString><coordinates>-48.157927,-10.315988,0 -48.158220,-10.315950,0</coordinates></LineString></Placemark>
<Placemark><name>12074029</name><styleUrl>#styleDaimonCIRCUITO384TRECHO</styleUrl><LineString><coordinates>-48.157870,-10.317296,0 -48.157894,-10.317318,0</coordinates></LineString></Placemark>
<Placemark><name>2525703</name><styleUrl>#styleDaimonCIRCUITO384TRECHO</styleUrl><LineString><coordinates>-48.157894,-10.317318,0 -48.158174,-10.317578,0</coordinates></LineString></Placemark>
<Placemark><name>2524878</name><styleUrl>#styleDaimonCIRCUITO384TRECHO</styleUrl><LineString><coordinates>-48.158174,-10.317578,0 -48.158437,-10.317824,0</coordinates></LineString></Placemark>
<Placemark><name>2524876</name><styleUrl>#styleDaimonCIRCUITO384TRECHO</styleUrl><LineString><coordinates>-48.158437,-10.317824,0 -48.158697,-10.318062,0</coordinates></LineString></Placemark>
<Placemark><name>2525702</name><styleUrl>#styleDaimonCIRCUITO384TRECHO</styleUrl><LineString><coordinates>-48.158697,-10.318062,0 -48.158920,-10.318270,0</coordinates></LineString></Placemark>
<Placemark><name>2525030</name><styleUrl>#styleDaimonCIRCUITO384TRECHO</styleUrl><LineString><coordinates>-48.158920,-10.318270,0 -48.159130,-10.318458,0</coordinates></LineString></Placemark>
<Placemark><name>12074028</name><styleUrl>#styleDaimonCIRCUITO384TRECHO</styleUrl><LineString><coordinates>-48.159130,-10.318458,0 -48.159126,-10.318478,0</coordinates></LineString></Placemark>
<Placemark><name>2524877</name><styleUrl>#styleDaimonCIRCUITO384TRECHO</styleUrl><LineString><coordinates>-48.159126,-10.318478,0 -48.158883,-10.318716,0</coordinates></LineString></Placemark>
<Placemark><name>2525031</name><styleUrl>#styleDaimonCIRCUITO384TRECHO</styleUrl><LineString><coordinates>-48.158883,-10.318716,0 -48.158643,-10.318958,0</coordinates></LineString></Placemark>
<Placemark><name>3050899</name><styleUrl>#styleDaimonCIRCUITO384TRECHO</styleUrl><LineString><coordinates>-48.153958,-10.319746,0 -48.153890,-10.319904,0</coordinates></LineString></Placemark>
<Placemark><name>2627173</name><styleUrl>#styleDaimonCIRCUITO384TRECHO</styleUrl><LineString><coordinates>-48.153890,-10.319904,0 -48.153734,-10.320201,0</coordinates></LineString></Placemark>
<Placemark><name>3050898</name><styleUrl>#styleDaimonCIRCUITO384TRECHO</styleUrl><LineString><coordinates>-48.153958,-10.319746,0 -48.154126,-10.319834,0</coordinates></LineString></Placemark>
<Placemark><name>3049775</name><styleUrl>#styleDaimonCIRCUITO384TRECHO</styleUrl><LineString><coordinates>-48.153958,-10.319746,0 -48.154052,-10.319596,0</coordinates></LineString></Placemark>
<Placemark><name>3050897</name><styleUrl>#styleDaimonCIRCUITO384TRECHO</styleUrl><LineString><coordinates>-48.153816,-10.319677,0 -48.153958,-10.319746,0</coordinates></LineString></Placemark>
<Placemark><name>30393129</name><styleUrl>#styleDaimonCIRCUITO384TRECHO</styleUrl><LineString><coordinates>-48.153734,-10.320201,0 -48.153698,-10.320268,0</coordinates></LineString></Placemark>
<Placemark><name>2553784</name><styleUrl>#styleDaimonCIRCUITO384TRECHO</styleUrl><LineString><coordinates>-48.154126,-10.319834,0 -48.154398,-10.319984,0</coordinates></LineString></Placemark>
<Placemark><name>2561738</name><styleUrl>#styleDaimonCIRCUITO384TRECHO</styleUrl><LineString><coordinates>-48.154052,-10.319596,0 -48.154213,-10.319289,0</coordinates></LineString></Placemark>
<Placemark><name>2627171</name><styleUrl>#styleDaimonCIRCUITO384TRECHO</styleUrl><LineString><coordinates>-48.153515,-10.319505,0 -48.153816,-10.319677,0</coordinates></LineString></Placemark>
<Placemark><name>2627172</name><styleUrl>#styleDaimonCIRCUITO384TRECHO</styleUrl><LineString><coordinates>-48.153698,-10.320268,0 -48.153598,-10.320459,0</coordinates></LineString></Placemark>
<Placemark><name>2553783</name><styleUrl>#styleDaimonCIRCUITO384TRECHO</styleUrl><LineString><coordinates>-48.154398,-10.319984,0 -48.154695,-10.320155,0</coordinates></LineString></Placemark>
<Placemark><name>2561737</name><styleUrl>#styleDaimonCIRCUITO384TRECHO</styleUrl><LineString><coordinates>-48.154213,-10.319289,0 -48.154398,-10.318938,0</coordinates></LineString></Placemark>
<Placemark><name>12072126</name><styleUrl>#styleDaimonCIRCUITO384TRECHO</styleUrl><LineString><coordinates>-48.153491,-10.319493,0 -48.153515,-10.319505,0</coordinates></LineString></Placemark>
<Placemark><name>2551545</name><styleUrl>#styleDaimonCIRCUITO384TRECHO</styleUrl><LineString><coordinates>-48.153598,-10.320459,0 -48.153465,-10.320711,0</coordinates></LineString></Placemark>
<Placemark><name>12085050</name><styleUrl>#styleDaimonCIRCUITO384TRECHO</styleUrl><LineString><coordinates>-48.154695,-10.320155,0 -48.154717,-10.320184,0</coordinates></LineString></Placemark>
<Placemark><name>3049593</name><styleUrl>#styleDaimonCIRCUITO384TRECHO</styleUrl><LineString><coordinates>-48.153396,-10.319438,0 -48.153491,-10.319493,0</coordinates></LineString></Placemark>
<Placemark><name>3567647</name><styleUrl>#styleDaimonCIRCUITO384TRECHO</styleUrl><LineString><coordinates>-48.153465,-10.320711,0 -48.153444,-10.320760,0</coordinates></LineString></Placemark>
<Placemark><name>2627174</name><styleUrl>#styleDaimonCIRCUITO384TRECHO</styleUrl><LineString><coordinates>-48.154717,-10.320184,0 -48.154869,-10.320387,0</coordinates></LineString></Placemark>
<Placemark><name>3049592</name><styleUrl>#styleDaimonCIRCUITO384TRECHO</styleUrl><LineString><coordinates>-48.153396,-10.319438,0 -48.153286,-10.319392,0</coordinates></LineString></Placemark>
<Placemark><name>2559395</name><styleUrl>#styleDaimonCIRCUITO384TRECHO</styleUrl><LineString><coordinates>-48.153510,-10.319218,0 -48.153396,-10.319438,0</coordinates></LineString></Placemark>
<Placemark><name>2559396</name><styleUrl>#styleDaimonCIRCUITO384TRECHO</styleUrl><LineString><coordinates>-48.153396,-10.319438,0 -48.153321,-10.319577,0</coordinates></LineString></Placemark>
<Placemark><name>3567648</name><styleUrl>#styleDaimonCIRCUITO384TRECHO</styleUrl><LineString><coordinates>-48.153444,-10.320760,0 -48.153288,-10.321055,0</coordinates></LineString></Placemark>
<Placemark><name>2627175</name><styleUrl>#styleDaimonCIRCUITO384TRECHO</styleUrl><LineString><coordinates>-48.154869,-10.320387,0 -48.155047,-10.320631,0</coordinates></LineString></Placemark>
<Placemark><name>2551546</name><styleUrl>#styleDaimonCIRCUITO384TRECHO</styleUrl><LineString><coordinates>-48.153286,-10.319392,0 -48.152966,-10.319229,0</coordinates></LineString></Placemark>
<Placemark><name>2561734</name><styleUrl>#styleDaimonCIRCUITO384TRECHO</styleUrl><LineString><coordinates>-48.153688,-10.318876,0 -48.153510,-10.319218,0</coordinates></LineString></Placemark>
<Placemark><name>2557217</name><styleUrl>#styleDaimonCIRCUITO384TRECHO</styleUrl><LineString><coordinates>-48.155047,-10.320631,0 -48.155222,-10.320868,0</coordinates></LineString></Placemark>
<Placemark><name>3260964</name><styleUrl>#styleDaimonCIRCUITO384TRECHO</styleUrl><LineString><coordinates>-48.152966,-10.319229,0 -48.152605,-10.319045,0</coordinates></LineString></Placemark>
<Placemark><name>3260966</name><styleUrl>#styleDaimonCIRCUITO384TRECHO</styleUrl><LineString><coordinates>-48.153806,-10.318636,0 -48.153688,-10.318876,0</coordinates></LineString></Placemark>
<Placemark><name>2557218</name><styleUrl>#styleDaimonCIRCUITO384TRECHO</styleUrl><LineString><coordinates>-48.155222,-10.320868,0 -48.155463,-10.321146,0</coordinates></LineString></Placemark>
<Placemark><name>3260963</name><styleUrl>#styleDaimonCIRCUITO384TRECHO</styleUrl><LineString><coordinates>-48.152605,-10.319045,0 -48.152229,-10.318919,0</coordinates></LineString></Placemark>
<Placemark><name>3260965</name><styleUrl>#styleDaimonCIRCUITO384TRECHO</styleUrl><LineString><coordinates>-48.153990,-10.318284,0 -48.153806,-10.318636,0</coordinates></LineString></Placemark>
<Placemark><name>2557219</name><styleUrl>#styleDaimonCIRCUITO384TRECHO</styleUrl><LineString><coordinates>-48.155463,-10.321146,0 -48.155671,-10.321355,0</coordinates></LineString></Placemark>
<Placemark><name>12079113</name><styleUrl>#styleDaimonCIRCUITO384TRECHO</styleUrl><LineString><coordinates>-48.152229,-10.318919,0 -48.152200,-10.318904,0</coordinates></LineString></Placemark>
<Placemark><name>2561736</name><styleUrl>#styleDaimonCIRCUITO384TRECHO</styleUrl><LineString><coordinates>-48.154137,-10.317993,0 -48.153990,-10.318284,0</coordinates></LineString></Placemark>
<Placemark><name>12072121</name><styleUrl>#styleDaimonCIRCUITO384TRECHO</styleUrl><LineString><coordinates>-48.155671,-10.321355,0 -48.155693,-10.321375,0</coordinates></LineString></Placemark>
<Placemark><name>3558280</name><styleUrl>#styleDaimonCIRCUITO384TRECHO</styleUrl><LineString><coordinates>-48.152200,-10.318904,0 -48.151887,-10.318732,0</coordinates></LineString></Placemark>
<Placemark><name>12078437</name><styleUrl>#styleDaimonCIRCUITO384TRECHO</styleUrl><LineString><coordinates>-48.154148,-10.317972,0 -48.154137,-10.317993,0</coordinates></LineString></Placemark>
<Placemark><name>2627176</name><styleUrl>#styleDaimonCIRCUITO384TRECHO</styleUrl><LineString><coordinates>-48.155693,-10.321375,0 -48.155935,-10.321592,0</coordinates></LineString></Placemark>
<Placemark><name>3558277</name><styleUrl>#styleDaimonCIRCUITO384TRECHO</styleUrl><LineString><coordinates>-48.151887,-10.318732,0 -48.151579,-10.318577,0</coordinates></LineString></Placemark>
<Placemark><name>2561735</name><styleUrl>#styleDaimonCIRCUITO384TRECHO</styleUrl><LineString><coordinates>-48.154277,-10.317722,0 -48.154148,-10.317972,0</coordinates></LineString></Placemark>
<Placemark><name>2557220</name><styleUrl>#styleDaimonCIRCUITO384TRECHO</styleUrl><LineString><coordinates>-48.155935,-10.321592,0 -48.156171,-10.321755,0</coordinates></LineString></Placemark>
<Placemark><name>2564526</name><styleUrl>#styleDaimonCIRCUITO384TRECHO</styleUrl><LineString><coordinates>-48.154398,-10.317489,0 -48.154277,-10.317722,0</coordinates></LineString></Placemark>
<Placemark><name>2557150</name><styleUrl>#styleDaimonCIRCUITO384TRECHO</styleUrl><LineString><coordinates>-48.156171,-10.321755,0 -48.156493,-10.321997,0</coordinates></LineString></Placemark>
<Placemark><name>3401282</name><styleUrl>#styleDaimonCIRCUITO384TRECHO</styleUrl><LineString><coordinates>-48.154478,-10.317357,0 -48.154398,-10.317489,0</coordinates></LineString></Placemark>
<Placemark><name>3599066</name><styleUrl>#styleDaimonCIRCUITO384TRECHO</styleUrl><LineString><coordinates>-48.156493,-10.321997,0 -48.156792,-10.322214,0</coordinates></LineString></Placemark>
<Placemark><name>3402957</name><styleUrl>#styleDaimonCIRCUITO384TRECHO</styleUrl><LineString><coordinates>-48.154556,-10.317238,0 -48.154478,-10.317357,0</coordinates></LineString></Placemark>
<Placemark><name>3402955</name><styleUrl>#styleDaimonCIRCUITO384TRECHO</styleUrl><LineString><coordinates>-48.154478,-10.317357,0 -48.154591,-10.317399,0</coordinates></LineString></Placemark>
<Placemark><name>3402956</name><styleUrl>#styleDaimonCIRCUITO384TRECHO</styleUrl><LineString><coordinates>-48.154478,-10.317357,0 -48.154246,-10.317222,0</coordinates></LineString></Placemark>
<Placemark><name>3599067</name><styleUrl>#styleDaimonCIRCUITO384TRECHO</styleUrl><LineString><coordinates>-48.156792,-10.322214,0 -48.157090,-10.322434,0</coordinates></LineString></Placemark>
<Placemark><name>2564525</name><styleUrl>#styleDaimonCIRCUITO384TRECHO</styleUrl><LineString><coordinates>-48.154711,-10.316935,0 -48.154556,-10.317238,0</coordinates></LineString></Placemark>
<Placemark><name>3260634</name><styleUrl>#styleDaimonCIRCUITO384TRECHO</styleUrl><LineString><coordinates>-48.154246,-10.317222,0 -48.153970,-10.317081,0</coordinates></LineString></Placemark>
<Placemark><name>2557151</name><styleUrl>#styleDaimonCIRCUITO384TRECHO</styleUrl><LineString><coordinates>-48.157090,-10.322434,0 -48.157389,-10.322655,0</coordinates></LineString></Placemark>
<Placemark><name>2564524</name><styleUrl>#styleDaimonCIRCUITO384TRECHO</styleUrl><LineString><coordinates>-48.154860,-10.316636,0 -48.154711,-10.316935,0</coordinates></LineString></Placemark>
<Placemark><name>3569642</name><styleUrl>#styleDaimonCIRCUITO384TRECHO</styleUrl><LineString><coordinates>-48.153970,-10.317081,0 -48.153879,-10.317036,0</coordinates></LineString></Placemark>
<Placemark><name>2563047</name><styleUrl>#styleDaimonCIRCUITO384TRECHO</styleUrl><LineString><coordinates>-48.157389,-10.322655,0 -48.157786,-10.322943,0</coordinates></LineString></Placemark>
<Placemark><name>2564382</name><styleUrl>#styleDaimonCIRCUITO384TRECHO</styleUrl><LineString><coordinates>-48.155047,-10.316283,0 -48.154860,-10.316636,0</coordinates></LineString></Placemark>
<Placemark><name>3569646</name><styleUrl>#styleDaimonCIRCUITO384TRECHO</styleUrl><LineString><coordinates>-48.153879,-10.317036,0 -48.153970,-10.316830,0</coordinates></LineString></Placemark>
<Placemark><name>3569647</name><styleUrl>#styleDaimonCIRCUITO384TRECHO</styleUrl><LineString><coordinates>-48.153879,-10.317036,0 -48.153835,-10.317089,0</coordinates></LineString></Placemark>
<Placemark><name>3569648</name><styleUrl>#styleDaimonCIRCUITO384TRECHO</styleUrl><LineString><coordinates>-48.153879,-10.317036,0 -48.153701,-10.316945,0</coordinates></LineString></Placemark>
<Placemark><name>3599130</name><styleUrl>#styleDaimonCIRCUITO384TRECHO</styleUrl><LineString><coordinates>-48.157786,-10.322943,0 -48.157975,-10.323080,0</coordinates></LineString></Placemark>
<Placemark><name>2564381</name><styleUrl>#styleDaimonCIRCUITO384TRECHO</styleUrl><LineString><coordinates>-48.155140,-10.316096,0 -48.155047,-10.316283,0</coordinates></LineString></Placemark>
<Placemark><name>3569645</name><styleUrl>#styleDaimonCIRCUITO384TRECHO</styleUrl><LineString><coordinates>-48.153970,-10.316830,0 -48.154105,-10.316591,0</coordinates></LineString></Placemark>
<Placemark><name>3242538</name><styleUrl>#styleDaimonCIRCUITO384TRECHO</styleUrl><LineString><coordinates>-48.153701,-10.316945,0 -48.153395,-10.316788,0</coordinates></LineString></Placemark>
<Placemark><name>2564383</name><styleUrl>#styleDaimonCIRCUITO384TRECHO</styleUrl><LineString><coordinates>-48.155256,-10.315880,0 -48.155140,-10.316096,0</coordinates></LineString></Placemark>
<Placemark><name>3569644</name><styleUrl>#styleDaimonCIRCUITO384TRECHO</styleUrl><LineString><coordinates>-48.154105,-10.316591,0 -48.154232,-10.316342,0</coordinates></LineString></Placemark>
<Placemark><name>3585782</name><styleUrl>#styleDaimonCIRCUITO384TRECHO</styleUrl><LineString><coordinates>-48.153395,-10.316788,0 -48.153252,-10.316715,0</coordinates></LineString></Placemark>
<Placemark><name>2564384</name><styleUrl>#styleDaimonCIRCUITO384TRECHO</styleUrl><LineString><coordinates>-48.155388,-10.315629,0 -48.155256,-10.315880,0</coordinates></LineString></Placemark>
<Placemark><name>3569643</name><styleUrl>#styleDaimonCIRCUITO384TRECHO</styleUrl><LineString><coordinates>-48.154232,-10.316342,0 -48.154339,-10.316130,0</coordinates></LineString></Placemark>
<Placemark><name>3585783</name><styleUrl>#styleDaimonCIRCUITO384TRECHO</styleUrl><LineString><coordinates>-48.153252,-10.316715,0 -48.152996,-10.316585,0</coordinates></LineString></Placemark>
<Placemark><name>3585785</name><styleUrl>#styleDaimonCIRCUITO384TRECHO</styleUrl><LineString><coordinates>-48.153252,-10.316715,0 -48.153146,-10.316914,0</coordinates></LineString></Placemark>
<Placemark><name>3585784</name><styleUrl>#styleDaimonCIRCUITO384TRECHO</styleUrl><LineString><coordinates>-48.153252,-10.316715,0 -48.153292,-10.316648,0</coordinates></LineString></Placemark>
<Placemark><name>2562027</name><styleUrl>#styleDaimonCIRCUITO384TRECHO</styleUrl><LineString><coordinates>-48.155519,-10.315372,0 -48.155388,-10.315629,0</coordinates></LineString></Placemark>
<Placemark><name>2617032</name><styleUrl>#styleDaimonCIRCUITO384TRECHO</styleUrl><LineString><coordinates>-48.152996,-10.316585,0 -48.152754,-10.316462,0</coordinates></LineString></Placemark>
<Placemark><name>2562028</name><styleUrl>#styleDaimonCIRCUITO384TRECHO</styleUrl><LineString><coordinates>-48.155655,-10.315111,0 -48.155519,-10.315372,0</coordinates></LineString></Placemark>
<Placemark><name>3049631</name><styleUrl>#styleDaimonCIRCUITO384TRECHO</styleUrl><LineString><coordinates>-48.152754,-10.316462,0 -48.152652,-10.316406,0</coordinates></LineString></Placemark>
<Placemark><name>2559205</name><styleUrl>#styleDaimonCIRCUITO384TRECHO</styleUrl><LineString><coordinates>-48.152652,-10.316406,0 -48.152395,-10.316279,0</coordinates></LineString></Placemark>
<Placemark><name>2559207</name><styleUrl>#styleDaimonCIRCUITO384TRECHO</styleUrl><LineString><coordinates>-48.152652,-10.316406,0 -48.152695,-10.316347,0</coordinates></LineString></Placemark>
<Placemark><name>2559206</name><styleUrl>#styleDaimonCIRCUITO384TRECHO</styleUrl><LineString><coordinates>-48.152652,-10.316406,0 -48.152559,-10.316621,0</coordinates></LineString></Placemark>
<Placemark><name>3303447</name><styleUrl>#styleDaimonCIRCUITO384TRECHO</styleUrl><LineString><coordinates>-48.152559,-10.316621,0 -48.152380,-10.316944,0</coordinates></LineString></Placemark>
<Placemark><name>3303448</name><styleUrl>#styleDaimonCIRCUITO384TRECHO</styleUrl><LineString><coordinates>-48.152380,-10.316944,0 -48.152221,-10.317231,0</coordinates></LineString></Placemark>
<Placemark><name>3296647</name><styleUrl>#styleDaimonCIRCUITO384TRECHO</styleUrl><LineString><coordinates>-48.152221,-10.317231,0 -48.152042,-10.317561,0</coordinates></LineString></Placemark>
<Placemark><name>3296646</name><styleUrl>#styleDaimonCIRCUITO384TRECHO</styleUrl><LineString><coordinates>-48.152042,-10.317561,0 -48.151909,-10.317803,0</coordinates></LineString></Placemark>
<Placemark><name>8213342</name><styleUrl>#styleDaimonCIRCUITO384TRECHO</styleUrl><LineString><coordinates>-48.151909,-10.317803,0 -48.152018,-10.317838,0</coordinates></LineString></Placemark>
<Placemark><name>3296645</name><styleUrl>#styleDaimonCIRCUITO384TRECHO</styleUrl><LineString><coordinates>-48.151909,-10.317803,0 -48.151791,-10.318012,0</coordinates></LineString></Placemark>
<Placemark><name>2831182</name><styleUrl>#styleDaimonCIRCUITO384TRECHO</styleUrl><LineString><coordinates>-48.154117,-10.315233,0 -48.153865,-10.315258,0</coordinates></LineString></Placemark>
<Placemark><name>3534632</name><styleUrl>#styleDaimonCIRCUITO384TRECHO</styleUrl><LineString><coordinates>-48.153865,-10.315258,0 -48.153488,-10.315288,0</coordinates></LineString></Placemark>
<Placemark><name>3532990</name><styleUrl>#styleDaimonCIRCUITO384TRECHO</styleUrl><LineString><coordinates>-48.154421,-10.315206,0 -48.154117,-10.315233,0</coordinates></LineString></Placemark>
<Placemark><name>2831183</name><styleUrl>#styleDaimonCIRCUITO384TRECHO</styleUrl><LineString><coordinates>-48.153488,-10.315288,0 -48.153249,-10.315302,0</coordinates></LineString></Placemark>
<Placemark><name>3534631</name><styleUrl>#styleDaimonCIRCUITO384TRECHO</styleUrl><LineString><coordinates>-48.154757,-10.315172,0 -48.154421,-10.315206,0</coordinates></LineString></Placemark>
<Placemark><name>2537078</name><styleUrl>#styleDaimonCIRCUITO384TRECHO</styleUrl><LineString><coordinates>-48.153249,-10.315302,0 -48.153202,-10.315308,0</coordinates></LineString></Placemark>
<Placemark><name>3526118</name><styleUrl>#styleDaimonCIRCUITO384TRECHO</styleUrl><LineString><coordinates>-48.155135,-10.315125,0 -48.154757,-10.315172,0</coordinates></LineString></Placemark>
<Placemark><name>2537077</name><styleUrl>#styleDaimonCIRCUITO384TRECHO</styleUrl><LineString><coordinates>-48.153202,-10.315308,0 -48.153120,-10.315146,0</coordinates></LineString></Placemark>
<Placemark><name>2537076</name><styleUrl>#styleDaimonCIRCUITO384TRECHO</styleUrl><LineString><coordinates>-48.153202,-10.315308,0 -48.153141,-10.315376,0</coordinates></LineString></Placemark>
<Placemark><name>2537079</name><styleUrl>#styleDaimonCIRCUITO384TRECHO</styleUrl><LineString><coordinates>-48.153202,-10.315308,0 -48.152960,-10.315330,0</coordinates></LineString></Placemark>
<Placemark><name>3529654</name><styleUrl>#styleDaimonCIRCUITO384TRECHO</styleUrl><LineString><coordinates>-48.155532,-10.315077,0 -48.155135,-10.315125,0</coordinates></LineString></Placemark>
<Placemark><name>2820775</name><styleUrl>#styleDaimonCIRCUITO384TRECHO</styleUrl><LineString><coordinates>-48.153120,-10.315146,0 -48.153139,-10.314762,0</coordinates></LineString></Placemark>
<Placemark><name>12079114</name><styleUrl>#styleDaimonCIRCUITO384TRECHO</styleUrl><LineString><coordinates>-48.153141,-10.315376,0 -48.153143,-10.315407,0</coordinates></LineString></Placemark>
<Placemark><name>3558279</name><styleUrl>#styleDaimonCIRCUITO384TRECHO</styleUrl><LineString><coordinates>-48.153143,-10.315407,0 -48.153180,-10.315760,0</coordinates></LineString></Placemark>
<Placemark><name>3558282</name><styleUrl>#styleDaimonCIRCUITO384TRECHO</styleUrl><LineString><coordinates>-48.153180,-10.315760,0 -48.153211,-10.316108,0</coordinates></LineString></Placemark>
<Placemark><name>3558278</name><styleUrl>#styleDaimonCIRCUITO384TRECHO</styleUrl><LineString><coordinates>-48.153211,-10.316108,0 -48.153247,-10.316469,0</coordinates></LineString></Placemark>
<Placemark><name>3558281</name><styleUrl>#styleDaimonCIRCUITO384TRECHO</styleUrl><LineString><coordinates>-48.153247,-10.316469,0 -48.153296,-10.316640,0</coordinates></LineString></Placemark>
<Placemark><name>3591337</name><styleUrl>#styleDaimonCIRCUITO384TRECHO</styleUrl><LineString><coordinates>-48.160115,-10.321375,0 -48.160354,-10.321226,0</coordinates></LineString></Placemark>
<Placemark><name>3633438</name><styleUrl>#styleDaimonCIRCUITO384TRECHO</styleUrl><LineString><coordinates>-48.160354,-10.321226,0 -48.160477,-10.321151,0</coordinates></LineString></Placemark>
<Placemark><name>57827303</name><styleUrl>#styleDaimonCIRCUITO384TRECHO</styleUrl><LineString><coordinates>-48.159742,-10.321609,0 -48.160115,-10.321375,0</coordinates></LineString></Placemark>
<Placemark><name>3633437</name><styleUrl>#styleDaimonCIRCUITO384TRECHO</styleUrl><LineString><coordinates>-48.160477,-10.321151,0 -48.160679,-10.321024,0</coordinates></LineString></Placemark>
<Placemark><name>3591338</name><styleUrl>#styleDaimonCIRCUITO384TRECHO</styleUrl><LineString><coordinates>-48.159157,-10.321972,0 -48.159742,-10.321609,0</coordinates></LineString></Placemark>
<Placemark><name>3599129</name><styleUrl>#styleDaimonCIRCUITO384TRECHO</styleUrl><LineString><coordinates>-48.158667,-10.322272,0 -48.159157,-10.321972,0</coordinates></LineString></Placemark>
<Placemark><name>12083288</name><styleUrl>#styleDaimonCIRCUITO384TRECHO</styleUrl><LineString><coordinates>-48.158638,-10.322291,0 -48.158667,-10.322272,0</coordinates></LineString></Placemark>
<Placemark><name>3599133</name><styleUrl>#styleDaimonCIRCUITO384TRECHO</styleUrl><LineString><coordinates>-48.158397,-10.322563,0 -48.158638,-10.322291,0</coordinates></LineString></Placemark>
<Placemark><name>12083289</name><styleUrl>#styleDaimonCIRCUITO384TRECHO</styleUrl><LineString><coordinates>-48.158358,-10.322595,0 -48.158397,-10.322563,0</coordinates></LineString></Placemark>
<Placemark><name>3599131</name><styleUrl>#styleDaimonCIRCUITO384TRECHO</styleUrl><LineString><coordinates>-48.157844,-10.322908,0 -48.158358,-10.322595,0</coordinates></LineString></Placemark>
<Placemark><name>4210150</name><styleUrl>#styleDaimonCIRCUITO384TRECHO</styleUrl><LineString><coordinates>-48.154766,-10.316619,0 -48.154789,-10.316558,0</coordinates></LineString></Placemark>
<Placemark><name>28481957</name><styleUrl>#styleDaimonCIRCUITO384TRECHO</styleUrl><LineString><coordinates>-48.154766,-10.316619,0 -48.154612,-10.316429,0</coordinates></LineString></Placemark>
<Placemark><name>29272251</name><styleUrl>#styleDaimonCIRCUITO384TRECHO</styleUrl><LineString><coordinates>-48.154851,-10.316635,0 -48.154766,-10.316619,0</coordinates></LineString></Placemark>
<Placemark><name>3664179</name><styleUrl>#styleDaimonCIRCUITO384TRECHO</styleUrl><LineString><coordinates>-48.153445,-10.320762,0 -48.153451,-10.320776,0</coordinates></LineString></Placemark>
<Placemark><name>29654397</name><styleUrl>#styleDaimonCIRCUITO384TRECHO</styleUrl><LineString><coordinates>-48.151214,-10.319102,0 -48.151192,-10.319141,0</coordinates></LineString></Placemark>
<Placemark><name>3585743</name><styleUrl>#styleDaimonCIRCUITO384TRECHO</styleUrl><LineString><coordinates>-48.151192,-10.319141,0 -48.151114,-10.319287,0</coordinates></LineString></Placemark>
<Placemark><name>3585742</name><styleUrl>#styleDaimonCIRCUITO384TRECHO</styleUrl><LineString><coordinates>-48.151306,-10.318936,0 -48.151214,-10.319102,0</coordinates></LineString></Placemark>
<Placemark><name>2560005</name><styleUrl>#styleDaimonCIRCUITO384TRECHO</styleUrl><LineString><coordinates>-48.151458,-10.318638,0 -48.151306,-10.318936,0</coordinates></LineString></Placemark>
<Placemark><name>3585789</name><styleUrl>#styleDaimonCIRCUITO384TRECHO</styleUrl><LineString><coordinates>-48.151511,-10.318542,0 -48.151458,-10.318638,0</coordinates></LineString></Placemark>
<Placemark><name>3585788</name><styleUrl>#styleDaimonCIRCUITO384TRECHO</styleUrl><LineString><coordinates>-48.151573,-10.318423,0 -48.151511,-10.318542,0</coordinates></LineString></Placemark>
<Placemark><name>3585786</name><styleUrl>#styleDaimonCIRCUITO384TRECHO</styleUrl><LineString><coordinates>-48.151511,-10.318542,0 -48.151572,-10.318574,0</coordinates></LineString></Placemark>
<Placemark><name>3585787</name><styleUrl>#styleDaimonCIRCUITO384TRECHO</styleUrl><LineString><coordinates>-48.151511,-10.318542,0 -48.151263,-10.318411,0</coordinates></LineString></Placemark>
<Placemark><name>3622111</name><styleUrl>#styleDaimonCIRCUITO384TRECHO</styleUrl><LineString><coordinates>-48.151770,-10.318053,0 -48.151573,-10.318423,0</coordinates></LineString></Placemark>
<Placemark><name>2563048</name><styleUrl>#styleDaimonCIRCUITO384TRECHO</styleUrl><LineString><coordinates>-48.158256,-10.323647,0 -48.158478,-10.324398,0</coordinates></LineString></Placemark>
<Placemark><name>3599132</name><styleUrl>#styleDaimonCIRCUITO384TRECHO</styleUrl><LineString><coordinates>-48.158108,-10.323201,0 -48.158256,-10.323647,0</coordinates></LineString></Placemark>
<Placemark><name>12122933</name><styleUrl>#styleDaimonCIRCUITO384TRECHO</styleUrl><LineString><coordinates>-48.158091,-10.323171,0 -48.158108,-10.323201,0</coordinates></LineString></Placemark>
<Placemark><name>3553903</name><styleUrl>#styleDaimonCIRCUITO384TRECHO</styleUrl><LineString><coordinates>-48.157987,-10.323089,0 -48.158091,-10.323171,0</coordinates></LineString></Placemark>
<Placemark><name>2526703</name><styleUrl>#styleDaimonCIRCUITO384TRECHO</styleUrl><LineString><coordinates>-48.152961,-10.319236,0 -48.152915,-10.319296,0</coordinates></LineString></Placemark>
<Placemark><name>3673106</name><styleUrl>#styleDaimonCIRCUITO384TRECHO</styleUrl><LineString><coordinates>-48.152915,-10.319296,0 -48.152855,-10.319294,0</coordinates></LineString></Placemark>
<Placemark><name>30393141</name><styleUrl>#styleDaimonCIRCUITO384TRECHO</styleUrl><LineString><coordinates>-48.153707,-10.320268,0 -48.153775,-10.320261,0</coordinates></LineString></Placemark>
<Placemark><name>43767845</name><styleUrl>#styleDaimonCIRCUITO384TRECHO</styleUrl><LineString><coordinates>-48.153775,-10.320261,0 -48.153730,-10.320082,0</coordinates></LineString></Placemark>
<Placemark><name>3050330</name><styleUrl>#styleDaimonCIRCUITO384TRECHO</styleUrl><LineString><coordinates>-48.153058,-10.313894,0 -48.152842,-10.313903,0</coordinates></LineString></Placemark>
<Placemark><name>3049630</name><styleUrl>#styleDaimonCIRCUITO384TRECHO</styleUrl><LineString><coordinates>-48.153058,-10.313894,0 -48.153043,-10.313820,0</coordinates></LineString></Placemark>
<Placemark><name>3049629</name><styleUrl>#styleDaimonCIRCUITO384TRECHO</styleUrl><LineString><coordinates>-48.153089,-10.314265,0 -48.153058,-10.313894,0</coordinates></LineString></Placemark>
<Placemark><name>3050331</name><styleUrl>#styleDaimonCIRCUITO384TRECHO</styleUrl><LineString><coordinates>-48.153058,-10.313894,0 -48.153146,-10.313875,0</coordinates></LineString></Placemark>
<Placemark><name>2831262</name><styleUrl>#styleDaimonCIRCUITO384TRECHO</styleUrl><LineString><coordinates>-48.152842,-10.313903,0 -48.152516,-10.313962,0</coordinates></LineString></Placemark>
<Placemark><name>2823177</name><styleUrl>#styleDaimonCIRCUITO384TRECHO</styleUrl><LineString><coordinates>-48.153118,-10.314489,0 -48.153089,-10.314265,0</coordinates></LineString></Placemark>
<Placemark><name>2831261</name><styleUrl>#styleDaimonCIRCUITO384TRECHO</styleUrl><LineString><coordinates>-48.152516,-10.313962,0 -48.152276,-10.313985,0</coordinates></LineString></Placemark>
<Placemark><name>2820776</name><styleUrl>#styleDaimonCIRCUITO384TRECHO</styleUrl><LineString><coordinates>-48.153138,-10.314734,0 -48.153118,-10.314489,0</coordinates></LineString></Placemark>
<Placemark><name>45217353</name><styleUrl>#styleDaimonCIRCUITO384TRECHO</styleUrl><LineString><coordinates>-48.160546,-10.321243,0 -48.160675,-10.321195,0</coordinates></LineString></Placemark>
<Placemark><name>3587343</name><styleUrl>#styleDaimonCIRCUITO384TRECHO</styleUrl><LineString><coordinates>-48.160484,-10.321161,0 -48.160546,-10.321243,0</coordinates></LineString></Placemark>
<Placemark><name>2504837</name><styleUrl>#styleDaimonCIRCUITO384TRECHO</styleUrl><LineString><coordinates>-48.160251,-10.320846,0 -48.160085,-10.320242,0</coordinates></LineString></Placemark>
<Placemark><name>2504835</name><styleUrl>#styleDaimonCIRCUITO384TRECHO</styleUrl><LineString><coordinates>-48.160344,-10.321189,0 -48.160251,-10.320846,0</coordinates></LineString></Placemark>
<Placemark><name>2559505</name><styleUrl>#styleDaimonCIRCUITO384TRECHO</styleUrl><LineString><coordinates>-48.161654,-10.320493,0 -48.162393,-10.319962,0</coordinates></LineString></Placemark>
<Placemark><name>3553904</name><styleUrl>#styleDaimonCIRCUITO384TRECHO</styleUrl><LineString><coordinates>-48.160777,-10.320972,0 -48.161654,-10.320493,0</coordinates></LineString></Placemark>
<Placemark><name>29654437</name><styleUrl>#styleDaimonCIRCUITO384TRECHO</styleUrl><LineString><coordinates>-48.151196,-10.319143,0 -48.151221,-10.319154,0</coordinates></LineString></Placemark>
<Placemark><name>2504793</name><styleUrl>#styleDaimonCIRCUITO384TRECHO</styleUrl><LineString><coordinates>-48.151121,-10.319273,0 -48.150916,-10.319651,0</coordinates></LineString></Placemark>
<Placemark><name>3624677</name><styleUrl>#styleDaimonCIRCUITO384TRECHO</styleUrl><LineString><coordinates>-48.158583,-10.324444,0 -48.159521,-10.324852,0</coordinates></LineString></Placemark>
<Placemark><name>2563049</name><styleUrl>#styleDaimonCIRCUITO384TRECHO</styleUrl><LineString><coordinates>-48.159521,-10.324852,0 -48.160923,-10.325500,0</coordinates></LineString></Placemark>
<Placemark><name>2627874</name><styleUrl>#styleDaimonCIRCUITO384TRECHO</styleUrl><LineString><coordinates>-48.160923,-10.325500,0 -48.161554,-10.325806,0</coordinates></LineString></Placemark>
<Placemark><name>2627875</name><styleUrl>#styleDaimonCIRCUITO384TRECHO</styleUrl><LineString><coordinates>-48.161554,-10.325806,0 -48.162627,-10.326306,0</coordinates></LineString></Placemark>
<Placemark><name>2627876</name><styleUrl>#styleDaimonCIRCUITO384TRECHO</styleUrl><LineString><coordinates>-48.162627,-10.326306,0 -48.163244,-10.326572,0</coordinates></LineString></Placemark>
<Placemark><name>2827683</name><styleUrl>#styleDaimonCIRCUITO384TRECHO</styleUrl><LineString><coordinates>-48.147933,-10.307856,0 -48.147338,-10.307232,0</coordinates></LineString></Placemark>
<Placemark><name>2831560</name><styleUrl>#styleDaimonCIRCUITO384TRECHO</styleUrl><LineString><coordinates>-48.148865,-10.308739,0 -48.147933,-10.307856,0</coordinates></LineString></Placemark>
<Placemark><name>12118391</name><styleUrl>#styleDaimonCIRCUITO384TRECHO</styleUrl><LineString><coordinates>-48.148890,-10.308759,0 -48.148865,-10.308739,0</coordinates></LineString></Placemark>
<Placemark><name>12124637</name><styleUrl>#styleDaimonCIRCUITO384TRECHO</styleUrl><LineString><coordinates>-48.148890,-10.308759,0 -48.148859,-10.308772,0</coordinates></LineString></Placemark>
<Placemark><name>2831561</name><styleUrl>#styleDaimonCIRCUITO384TRECHO</styleUrl><LineString><coordinates>-48.149243,-10.309014,0 -48.148890,-10.308759,0</coordinates></LineString></Placemark>
<Placemark><name>3162935</name><styleUrl>#styleDaimonCIRCUITO384TRECHO</styleUrl><LineString><coordinates>-48.148859,-10.308772,0 -48.148490,-10.309219,0</coordinates></LineString></Placemark>
<Placemark><name>2827681</name><styleUrl>#styleDaimonCIRCUITO384TRECHO</styleUrl><LineString><coordinates>-48.150005,-10.309601,0 -48.149243,-10.309014,0</coordinates></LineString></Placemark>
<Placemark><name>12124638</name><styleUrl>#styleDaimonCIRCUITO384TRECHO</styleUrl><LineString><coordinates>-48.148490,-10.309219,0 -48.148457,-10.309225,0</coordinates></LineString></Placemark>
<Placemark><name>2827680</name><styleUrl>#styleDaimonCIRCUITO384TRECHO</styleUrl><LineString><coordinates>-48.150714,-10.310219,0 -48.150005,-10.309601,0</coordinates></LineString></Placemark>
<Placemark><name>3162936</name><styleUrl>#styleDaimonCIRCUITO384TRECHO</styleUrl><LineString><coordinates>-48.148457,-10.309225,0 -48.147951,-10.309181,0</coordinates></LineString></Placemark>
<Placemark><name>2827524</name><styleUrl>#styleDaimonCIRCUITO384TRECHO</styleUrl><LineString><coordinates>-48.150873,-10.311543,0 -48.150714,-10.310219,0</coordinates></LineString></Placemark>
<Placemark><name>12118778</name><styleUrl>#styleDaimonCIRCUITO384TRECHO</styleUrl><LineString><coordinates>-48.147951,-10.309181,0 -48.147918,-10.309185,0</coordinates></LineString></Placemark>
<Placemark><name>12118390</name><styleUrl>#styleDaimonCIRCUITO384TRECHO</styleUrl><LineString><coordinates>-48.150877,-10.311576,0 -48.150873,-10.311543,0</coordinates></LineString></Placemark>
<Placemark><name>2808915</name><styleUrl>#styleDaimonCIRCUITO384TRECHO</styleUrl><LineString><coordinates>-48.147918,-10.309185,0 -48.147397,-10.309352,0</coordinates></LineString></Placemark>
<Placemark><name>2827523</name><styleUrl>#styleDaimonCIRCUITO384TRECHO</styleUrl><LineString><coordinates>-48.150968,-10.311927,0 -48.150877,-10.311576,0</coordinates></LineString></Placemark>
<Placemark><name>12118779</name><styleUrl>#styleDaimonCIRCUITO384TRECHO</styleUrl><LineString><coordinates>-48.147397,-10.309352,0 -48.147372,-10.309377,0</coordinates></LineString></Placemark>
<Placemark><name>2827522</name><styleUrl>#styleDaimonCIRCUITO384TRECHO</styleUrl><LineString><coordinates>-48.151084,-10.312382,0 -48.150968,-10.311927,0</coordinates></LineString></Placemark>
<Placemark><name>2808916</name><styleUrl>#styleDaimonCIRCUITO384TRECHO</styleUrl><LineString><coordinates>-48.147372,-10.309377,0 -48.146772,-10.310422,0</coordinates></LineString></Placemark>
<Placemark><name>2827521</name><styleUrl>#styleDaimonCIRCUITO384TRECHO</styleUrl><LineString><coordinates>-48.151198,-10.312837,0 -48.151084,-10.312382,0</coordinates></LineString></Placemark>
<Placemark><name>2827520</name><styleUrl>#styleDaimonCIRCUITO384TRECHO</styleUrl><LineString><coordinates>-48.151304,-10.313255,0 -48.151198,-10.312837,0</coordinates></LineString></Placemark>
<Placemark><name>3532989</name><styleUrl>#styleDaimonCIRCUITO384TRECHO</styleUrl><LineString><coordinates>-48.151501,-10.313798,0 -48.151304,-10.313255,0</coordinates></LineString></Placemark>
<Placemark><name>2537075</name><styleUrl>#styleDaimonCIRCUITO384TRECHO</styleUrl><LineString><coordinates>-48.151574,-10.314066,0 -48.151501,-10.313798,0</coordinates></LineString></Placemark>
<Placemark><name>2537073</name><styleUrl>#styleDaimonCIRCUITO384TRECHO</styleUrl><LineString><coordinates>-48.151574,-10.314066,0 -48.151502,-10.314084,0</coordinates></LineString></Placemark>
<Placemark><name>2537072</name><styleUrl>#styleDaimonCIRCUITO384TRECHO</styleUrl><LineString><coordinates>-48.151668,-10.314064,0 -48.151574,-10.314066,0</coordinates></LineString></Placemark>
<Placemark><name>2537074</name><styleUrl>#styleDaimonCIRCUITO384TRECHO</styleUrl><LineString><coordinates>-48.151574,-10.314066,0 -48.151637,-10.314260,0</coordinates></LineString></Placemark>
<Placemark><name>2831259</name><styleUrl>#styleDaimonCIRCUITO384TRECHO</styleUrl><LineString><coordinates>-48.151975,-10.314027,0 -48.151668,-10.314064,0</coordinates></LineString></Placemark>
<Placemark><name>2831260</name><styleUrl>#styleDaimonCIRCUITO384TRECHO</styleUrl><LineString><coordinates>-48.152246,-10.313989,0 -48.151975,-10.314027,0</coordinates></LineString></Placemark>
<Placemark><name>2504836</name><styleUrl>#styleDaimonCIRCUITO384TRECHO</styleUrl><LineString><coordinates>-48.160159,-10.320873,0 -48.159328,-10.321105,0</coordinates></LineString></Placemark>
<Placemark><name>2559506</name><styleUrl>#styleDaimonCIRCUITO384TRECHO</styleUrl><LineString><coordinates>-48.162471,-10.320012,0 -48.163172,-10.320461,0</coordinates></LineString></Placemark>
<Placemark><name>3656666</name><styleUrl>#styleDaimonCIRCUITO384TRECHO</styleUrl><LineString><coordinates>-48.150934,-10.319616,0 -48.150939,-10.319629,0</coordinates></LineString></Placemark>
<Placemark><name>3664181</name><styleUrl>#styleDaimonCIRCUITO384TRECHO</styleUrl><LineString><coordinates>-48.150934,-10.319616,0 -48.150925,-10.319631,0</coordinates></LineString></Placemark>
<Placemark><name>12122721</name><styleUrl>#styleDaimonCIRCUITO384TRECHO</styleUrl><LineString><coordinates>-48.161553,-10.325769,0 -48.161573,-10.325737,0</coordinates></LineString></Placemark>
<Placemark><name>3597140</name><styleUrl>#styleDaimonCIRCUITO384TRECHO</styleUrl><LineString><coordinates>-48.161573,-10.325737,0 -48.162202,-10.325386,0</coordinates></LineString></Placemark>
<Placemark><name>3597139</name><styleUrl>#styleDaimonCIRCUITO384TRECHO</styleUrl><LineString><coordinates>-48.161554,-10.325803,0 -48.161553,-10.325769,0</coordinates></LineString></Placemark>
<Placemark><name>2627877</name><styleUrl>#styleDaimonCIRCUITO384TRECHO</styleUrl><LineString><coordinates>-48.163265,-10.326579,0 -48.163450,-10.326643,0</coordinates></LineString></Placemark>
<Placemark><name>2996752</name><styleUrl>#styleDaimonCIRCUITO384TRECHO</styleUrl><LineString><coordinates>-48.160928,-10.325491,0 -48.160962,-10.325406,0</coordinates></LineString></Placemark>
<Placemark><name>2827682</name><styleUrl>#styleDaimonCIRCUITO384TRECHO</styleUrl><LineString><coordinates>-48.148001,-10.307823,0 -48.148605,-10.307524,0</coordinates></LineString></Placemark>
<Placemark><name>3361500</name><styleUrl>#styleDaimonCIRCUITO384TRECHO</styleUrl><LineString><coordinates>-48.146763,-10.306678,0 -48.145914,-10.305821,0</coordinates></LineString></Placemark>
<Placemark><name>2827684</name><styleUrl>#styleDaimonCIRCUITO384TRECHO</styleUrl><LineString><coordinates>-48.147281,-10.307177,0 -48.146763,-10.306678,0</coordinates></LineString></Placemark>
<Placemark><name>12124315</name><styleUrl>#styleDaimonCIRCUITO384TRECHO</styleUrl><LineString><coordinates>-48.145914,-10.305821,0 -48.145887,-10.305801,0</coordinates></LineString></Placemark>
<Placemark><name>3361504</name><styleUrl>#styleDaimonCIRCUITO384TRECHO</styleUrl><LineString><coordinates>-48.145887,-10.305801,0 -48.141998,-10.304420,0</coordinates></LineString></Placemark>
<Placemark><name>12124314</name><styleUrl>#styleDaimonCIRCUITO384TRECHO</styleUrl><LineString><coordinates>-48.141998,-10.304420,0 -48.141965,-10.304409,0</coordinates></LineString></Placemark>
<Placemark><name>3361503</name><styleUrl>#styleDaimonCIRCUITO384TRECHO</styleUrl><LineString><coordinates>-48.141965,-10.304409,0 -48.141598,-10.304477,0</coordinates></LineString></Placemark>
<Placemark><name>12124313</name><styleUrl>#styleDaimonCIRCUITO384TRECHO</styleUrl><LineString><coordinates>-48.141598,-10.304477,0 -48.141569,-10.304485,0</coordinates></LineString></Placemark>
<Placemark><name>3361501</name><styleUrl>#styleDaimonCIRCUITO384TRECHO</styleUrl><LineString><coordinates>-48.141569,-10.304485,0 -48.139968,-10.303951,0</coordinates></LineString></Placemark>
<Placemark><name>3664180</name><styleUrl>#styleDaimonCIRCUITO384TRECHO</styleUrl><LineString><coordinates>-48.150925,-10.319633,0 -48.150918,-10.319647,0</coordinates></LineString></Placemark>
<Placemark><name>3656667</name><styleUrl>#styleDaimonCIRCUITO384TRECHO</styleUrl><LineString><coordinates>-48.150918,-10.319647,0 -48.150931,-10.319645,0</coordinates></LineString></Placemark>
<Placemark><name>3656668</name><styleUrl>#styleDaimonCIRCUITO384TRECHO</styleUrl><LineString><coordinates>-48.150931,-10.319645,0 -48.150939,-10.319631,0</coordinates></LineString></Placemark>
<Placemark><name>3361502</name><styleUrl>#styleDaimonCIRCUITO384TRECHO</styleUrl><LineString><coordinates>-48.139926,-10.303939,0 -48.139545,-10.303828,0</coordinates></LineString></Placemark>
<Placemark><name>3236114</name><styleUrl>#styleDaimonCIRCUITO384TRECHO</styleUrl><LineString><coordinates>-48.150709,-10.320017,0 -48.150036,-10.319588,0</coordinates></LineString></Placemark>
<Placemark><name>3655844</name><styleUrl>#styleDaimonCIRCUITO384TRECHO</styleUrl><LineString><coordinates>-48.150036,-10.319588,0 -48.149870,-10.319483,0</coordinates></LineString></Placemark>
<Placemark><name>12079013</name><styleUrl>#styleDaimonCIRCUITO384TRECHO</styleUrl><LineString><coordinates>-48.150738,-10.320012,0 -48.150709,-10.320017,0</coordinates></LineString></Placemark>
<Placemark><name>12079014</name><styleUrl>#styleDaimonCIRCUITO384TRECHO</styleUrl><LineString><coordinates>-48.149870,-10.319483,0 -48.149839,-10.319479,0</coordinates></LineString></Placemark>
<Placemark><name>3612354</name><styleUrl>#styleDaimonCIRCUITO384TRECHO</styleUrl><LineString><coordinates>-48.150900,-10.319684,0 -48.150738,-10.320012,0</coordinates></LineString></Placemark>
<Placemark><name>3236115</name><styleUrl>#styleDaimonCIRCUITO384TRECHO</styleUrl><LineString><coordinates>-48.149839,-10.319479,0 -48.149530,-10.319593,0</coordinates></LineString></Placemark>
<Placemark><name>3645292</name><styleUrl>#styleDaimonCIRCUITO384TRECHO</styleUrl><LineString><coordinates>-48.149530,-10.319593,0 -48.149207,-10.319719,0</coordinates></LineString></Placemark>
<Placemark><name>3236116</name><styleUrl>#styleDaimonCIRCUITO384TRECHO</styleUrl><LineString><coordinates>-48.149207,-10.319719,0 -48.148882,-10.319829,0</coordinates></LineString></Placemark>
<Placemark><name>3236117</name><styleUrl>#styleDaimonCIRCUITO384TRECHO</styleUrl><LineString><coordinates>-48.148882,-10.319829,0 -48.148545,-10.319943,0</coordinates></LineString></Placemark>
<Placemark><name>3242289</name><styleUrl>#styleDaimonCIRCUITO384TRECHO</styleUrl><LineString><coordinates>-48.148545,-10.319943,0 -48.148478,-10.319990,0</coordinates></LineString></Placemark>
<Placemark><name>2833035</name><styleUrl>#styleDaimonCIRCUITO384TRECHO</styleUrl><LineString><coordinates>-48.137147,-10.325154,0 -48.137016,-10.326042,0</coordinates></LineString></Placemark>
<Placemark><name>3032017</name><styleUrl>#styleDaimonCIRCUITO384TRECHO</styleUrl><LineString><coordinates>-48.137016,-10.326042,0 -48.136724,-10.327661,0</coordinates></LineString></Placemark>
<Placemark><name>12072127</name><styleUrl>#styleDaimonCIRCUITO384TRECHO</styleUrl><LineString><coordinates>-48.137167,-10.325135,0 -48.137147,-10.325154,0</coordinates></LineString></Placemark>
<Placemark><name>3311891</name><styleUrl>#styleDaimonCIRCUITO384TRECHO</styleUrl><LineString><coordinates>-48.136724,-10.327661,0 -48.136610,-10.327995,0</coordinates></LineString></Placemark>
<Placemark><name>2833034</name><styleUrl>#styleDaimonCIRCUITO384TRECHO</styleUrl><LineString><coordinates>-48.137965,-10.324406,0 -48.137167,-10.325135,0</coordinates></LineString></Placemark>
<Placemark><name>3017775</name><styleUrl>#styleDaimonCIRCUITO384TRECHO</styleUrl><LineString><coordinates>-48.136610,-10.327995,0 -48.136541,-10.328888,0</coordinates></LineString></Placemark>
<Placemark><name>12033612</name><styleUrl>#styleDaimonCIRCUITO384TRECHO</styleUrl><LineString><coordinates>-48.137965,-10.324406,0 -48.137980,-10.324420,0</coordinates></LineString></Placemark>
<Placemark><name>3035242</name><styleUrl>#styleDaimonCIRCUITO384TRECHO</styleUrl><LineString><coordinates>-48.138894,-10.323822,0 -48.137965,-10.324406,0</coordinates></LineString></Placemark>
<Placemark><name>12032432</name><styleUrl>#styleDaimonCIRCUITO384TRECHO</styleUrl><LineString><coordinates>-48.136541,-10.328888,0 -48.136522,-10.328915,0</coordinates></LineString></Placemark>
<Placemark><name>3664893</name><styleUrl>#styleDaimonCIRCUITO384TRECHO</styleUrl><LineString><coordinates>-48.136541,-10.328888,0 -48.136551,-10.328878,0</coordinates></LineString></Placemark>
<Placemark><name>3026534</name><styleUrl>#styleDaimonCIRCUITO384TRECHO</styleUrl><LineString><coordinates>-48.136541,-10.328888,0 -48.136215,-10.330630,0</coordinates></LineString></Placemark>
<Placemark><name>3599737</name><styleUrl>#styleDaimonCIRCUITO384TRECHO</styleUrl><LineString><coordinates>-48.137980,-10.324420,0 -48.138140,-10.324518,0</coordinates></LineString></Placemark>
<Placemark><name>3035241</name><styleUrl>#styleDaimonCIRCUITO384TRECHO</styleUrl><LineString><coordinates>-48.139438,-10.323570,0 -48.138894,-10.323822,0</coordinates></LineString></Placemark>
<Placemark><name>3630095</name><styleUrl>#styleDaimonCIRCUITO384TRECHO</styleUrl><LineString><coordinates>-48.136522,-10.328915,0 -48.136422,-10.329048,0</coordinates></LineString></Placemark>
<Placemark><name>3023144</name><styleUrl>#styleDaimonCIRCUITO384TRECHO</styleUrl><LineString><coordinates>-48.136215,-10.330630,0 -48.136198,-10.331594,0</coordinates></LineString></Placemark>
<Placemark><name>2837813</name><styleUrl>#styleDaimonCIRCUITO384TRECHO</styleUrl><LineString><coordinates>-48.140106,-10.323254,0 -48.139438,-10.323570,0</coordinates></LineString></Placemark>
<Placemark><name>3023145</name><styleUrl>#styleDaimonCIRCUITO384TRECHO</styleUrl><LineString><coordinates>-48.136198,-10.331594,0 -48.135644,-10.332922,0</coordinates></LineString></Placemark>
<Placemark><name>12118272</name><styleUrl>#styleDaimonCIRCUITO384TRECHO</styleUrl><LineString><coordinates>-48.140106,-10.323254,0 -48.140124,-10.323257,0</coordinates></LineString></Placemark>
<Placemark><name>2837811</name><styleUrl>#styleDaimonCIRCUITO384TRECHO</styleUrl><LineString><coordinates>-48.140890,-10.322292,0 -48.140106,-10.323254,0</coordinates></LineString></Placemark>
<Placemark><name>3023146</name><styleUrl>#styleDaimonCIRCUITO384TRECHO</styleUrl><LineString><coordinates>-48.135644,-10.332922,0 -48.135189,-10.334227,0</coordinates></LineString></Placemark>
<Placemark><name>2837812</name><styleUrl>#styleDaimonCIRCUITO384TRECHO</styleUrl><LineString><coordinates>-48.140124,-10.323257,0 -48.140374,-10.323289,0</coordinates></LineString></Placemark>
<Placemark><name>3564468</name><styleUrl>#styleDaimonCIRCUITO384TRECHO</styleUrl><LineString><coordinates>-48.141625,-10.321408,0 -48.140890,-10.322292,0</coordinates></LineString></Placemark>
<Placemark><name>3032200</name><styleUrl>#styleDaimonCIRCUITO384TRECHO</styleUrl><LineString><coordinates>-48.135189,-10.334227,0 -48.134999,-10.334715,0</coordinates></LineString></Placemark>
<Placemark><name>2833036</name><styleUrl>#styleDaimonCIRCUITO384TRECHO</styleUrl><LineString><coordinates>-48.140374,-10.323289,0 -48.141433,-10.323357,0</coordinates></LineString></Placemark>
<Placemark><name>3564469</name><styleUrl>#styleDaimonCIRCUITO384TRECHO</styleUrl><LineString><coordinates>-48.141904,-10.321069,0 -48.141625,-10.321408,0</coordinates></LineString></Placemark>
<Placemark><name>12072120</name><styleUrl>#styleDaimonCIRCUITO384TRECHO</styleUrl><LineString><coordinates>-48.141930,-10.321057,0 -48.141904,-10.321069,0</coordinates></LineString></Placemark>
<Placemark><name>12160713</name><styleUrl>#styleDaimonCIRCUITO384TRECHO</styleUrl><LineString><coordinates>-48.141930,-10.321057,0 -48.141934,-10.321087,0</coordinates></LineString></Placemark>
<Placemark><name>2844567</name><styleUrl>#styleDaimonCIRCUITO384TRECHO</styleUrl><LineString><coordinates>-48.142100,-10.321004,0 -48.141930,-10.321057,0</coordinates></LineString></Placemark>
<Placemark><name>2931525</name><styleUrl>#styleDaimonCIRCUITO384TRECHO</styleUrl><LineString><coordinates>-48.141934,-10.321087,0 -48.142116,-10.321346,0</coordinates></LineString></Placemark>
<Placemark><name>58566015</name><styleUrl>#styleDaimonCIRCUITO384TRECHO</styleUrl><LineString><coordinates>-48.142100,-10.321004,0 -48.142093,-10.320977,0</coordinates></LineString></Placemark>
<Placemark><name>58565991</name><styleUrl>#styleDaimonCIRCUITO384TRECHO</styleUrl><LineString><coordinates>-48.142380,-10.320918,0 -48.142100,-10.321004,0</coordinates></LineString></Placemark>
<Placemark><name>58566044</name><styleUrl>#styleDaimonCIRCUITO384TRECHO</styleUrl><LineString><coordinates>-48.142093,-10.320977,0 -48.142074,-10.320902,0</coordinates></LineString></Placemark>
<Placemark><name>2837985</name><styleUrl>#styleDaimonCIRCUITO384TRECHO</styleUrl><LineString><coordinates>-48.143117,-10.320763,0 -48.142380,-10.320918,0</coordinates></LineString></Placemark>
<Placemark><name>2837983</name><styleUrl>#styleDaimonCIRCUITO384TRECHO</styleUrl><LineString><coordinates>-48.144297,-10.320703,0 -48.143117,-10.320763,0</coordinates></LineString></Placemark>
<Placemark><name>2837981</name><styleUrl>#styleDaimonCIRCUITO384TRECHO</styleUrl><LineString><coordinates>-48.145522,-10.320610,0 -48.144297,-10.320703,0</coordinates></LineString></Placemark>
<Placemark><name>2832628</name><styleUrl>#styleDaimonCIRCUITO384TRECHO</styleUrl><LineString><coordinates>-48.147065,-10.320384,0 -48.145522,-10.320610,0</coordinates></LineString></Placemark>
<Placemark><name>2842918</name><styleUrl>#styleDaimonCIRCUITO384TRECHO</styleUrl><LineString><coordinates>-48.148355,-10.319859,0 -48.147065,-10.320384,0</coordinates></LineString></Placemark>
<Placemark><name>12078436</name><styleUrl>#styleDaimonCIRCUITO384TRECHO</styleUrl><LineString><coordinates>-48.148371,-10.319861,0 -48.148355,-10.319859,0</coordinates></LineString></Placemark>
<Placemark><name>3242290</name><styleUrl>#styleDaimonCIRCUITO384TRECHO</styleUrl><LineString><coordinates>-48.148468,-10.319977,0 -48.148371,-10.319861,0</coordinates></LineString></Placemark>
<Placemark><name>3641795</name><styleUrl>#styleDaimonCIRCUITO384TRECHO</styleUrl><LineString><coordinates>-48.148487,-10.319850,0 -48.148384,-10.319588,0</coordinates></LineString></Placemark>
<Placemark><name>45217335</name><styleUrl>#styleDaimonCIRCUITO384TRECHO</styleUrl><LineString><coordinates>-48.148487,-10.319850,0 -48.148381,-10.319895,0</coordinates></LineString></Placemark>
<Placemark><name>3641796</name><styleUrl>#styleDaimonCIRCUITO384TRECHO</styleUrl><LineString><coordinates>-48.148540,-10.319934,0 -48.148487,-10.319850,0</coordinates></LineString></Placemark>
<Placemark><name>2837683</name><styleUrl>#styleDaimonCIRCUITO384TRECHO</styleUrl><LineString><coordinates>-48.140849,-10.322281,0 -48.140478,-10.322175,0</coordinates></LineString></Placemark>
<Placemark><name>12072128</name><styleUrl>#styleDaimonCIRCUITO384TRECHO</styleUrl><LineString><coordinates>-48.142739,-10.333452,0 -48.142754,-10.333478,0</coordinates></LineString></Placemark>
<Placemark><name>3031873</name><styleUrl>#styleDaimonCIRCUITO384TRECHO</styleUrl><LineString><coordinates>-48.142754,-10.333478,0 -48.143165,-10.334354,0</coordinates></LineString></Placemark>
<Placemark><name>3017701</name><styleUrl>#styleDaimonCIRCUITO384TRECHO</styleUrl><LineString><coordinates>-48.142047,-10.332978,0 -48.142739,-10.333452,0</coordinates></LineString></Placemark>
<Placemark><name>3031872</name><styleUrl>#styleDaimonCIRCUITO384TRECHO</styleUrl><LineString><coordinates>-48.143165,-10.334354,0 -48.143700,-10.335478,0</coordinates></LineString></Placemark>
<Placemark><name>3017702</name><styleUrl>#styleDaimonCIRCUITO384TRECHO</styleUrl><LineString><coordinates>-48.141315,-10.332474,0 -48.142047,-10.332978,0</coordinates></LineString></Placemark>
<Placemark><name>12160789</name><styleUrl>#styleDaimonCIRCUITO384TRECHO</styleUrl><LineString><coordinates>-48.143700,-10.335478,0 -48.143668,-10.335482,0</coordinates></LineString></Placemark>
<Placemark><name>3031871</name><styleUrl>#styleDaimonCIRCUITO384TRECHO</styleUrl><LineString><coordinates>-48.143700,-10.335478,0 -48.143908,-10.335852,0</coordinates></LineString></Placemark>
<Placemark><name>3025865</name><styleUrl>#styleDaimonCIRCUITO384TRECHO</styleUrl><LineString><coordinates>-48.140601,-10.331846,0 -48.141315,-10.332474,0</coordinates></LineString></Placemark>
<Placemark><name>2560459</name><styleUrl>#styleDaimonCIRCUITO384TRECHO</styleUrl><LineString><coordinates>-48.143668,-10.335482,0 -48.143593,-10.335460,0</coordinates></LineString></Placemark>
<Placemark><name>3031870</name><styleUrl>#styleDaimonCIRCUITO384TRECHO</styleUrl><LineString><coordinates>-48.143908,-10.335852,0 -48.144230,-10.336420,0</coordinates></LineString></Placemark>
<Placemark><name>3623023</name><styleUrl>#styleDaimonCIRCUITO384TRECHO</styleUrl><LineString><coordinates>-48.140353,-10.331624,0 -48.140601,-10.331846,0</coordinates></LineString></Placemark>
<Placemark><name>3031869</name><styleUrl>#styleDaimonCIRCUITO384TRECHO</styleUrl><LineString><coordinates>-48.144230,-10.336420,0 -48.144457,-10.336821,0</coordinates></LineString></Placemark>
<Placemark><name>3623024</name><styleUrl>#styleDaimonCIRCUITO384TRECHO</styleUrl><LineString><coordinates>-48.140149,-10.331442,0 -48.140353,-10.331624,0</coordinates></LineString></Placemark>
<Placemark><name>2528309</name><styleUrl>#styleDaimonCIRCUITO384TRECHO</styleUrl><LineString><coordinates>-48.144457,-10.336821,0 -48.144692,-10.337310,0</coordinates></LineString></Placemark>
<Placemark><name>3025866</name><styleUrl>#styleDaimonCIRCUITO384TRECHO</styleUrl><LineString><coordinates>-48.139201,-10.330711,0 -48.140149,-10.331442,0</coordinates></LineString></Placemark>
<Placemark><name>2528310</name><styleUrl>#styleDaimonCIRCUITO384TRECHO</styleUrl><LineString><coordinates>-48.144692,-10.337310,0 -48.144855,-10.337618,0</coordinates></LineString></Placemark>
<Placemark><name>3026376</name><styleUrl>#styleDaimonCIRCUITO384TRECHO</styleUrl><LineString><coordinates>-48.138878,-10.330454,0 -48.139201,-10.330711,0</coordinates></LineString></Placemark>
<Placemark><name>12159803</name><styleUrl>#styleDaimonCIRCUITO384TRECHO</styleUrl><LineString><coordinates>-48.144855,-10.337618,0 -48.144887,-10.337619,0</coordinates></LineString></Placemark>
<Placemark><name>12033371</name><styleUrl>#styleDaimonCIRCUITO384TRECHO</styleUrl><LineString><coordinates>-48.144855,-10.337618,0 -48.144871,-10.337648,0</coordinates></LineString></Placemark>
<Placemark><name>3026378</name><styleUrl>#styleDaimonCIRCUITO384TRECHO</styleUrl><LineString><coordinates>-48.138224,-10.329905,0 -48.138878,-10.330454,0</coordinates></LineString></Placemark>
<Placemark><name>2531960</name><styleUrl>#styleDaimonCIRCUITO384TRECHO</styleUrl><LineString><coordinates>-48.144887,-10.337619,0 -48.144975,-10.337583,0</coordinates></LineString></Placemark>
<Placemark><name>3653656</name><styleUrl>#styleDaimonCIRCUITO384TRECHO</styleUrl><LineString><coordinates>-48.144871,-10.337648,0 -48.144878,-10.337665,0</coordinates></LineString></Placemark>
<Placemark><name>3026379</name><styleUrl>#styleDaimonCIRCUITO384TRECHO</styleUrl><LineString><coordinates>-48.137607,-10.329340,0 -48.138224,-10.329905,0</coordinates></LineString></Placemark>
<Placemark><name>12156293</name><styleUrl>#styleDaimonCIRCUITO384TRECHO</styleUrl><LineString><coordinates>-48.144975,-10.337583,0 -48.145006,-10.337596,0</coordinates></LineString></Placemark>
<Placemark><name>3017776</name><styleUrl>#styleDaimonCIRCUITO384TRECHO</styleUrl><LineString><coordinates>-48.136658,-10.328925,0 -48.137607,-10.329340,0</coordinates></LineString></Placemark>
<Placemark><name>2531911</name><styleUrl>#styleDaimonCIRCUITO384TRECHO</styleUrl><LineString><coordinates>-48.145006,-10.337596,0 -48.145284,-10.337999,0</coordinates></LineString></Placemark>
<Placemark><name>3599738</name><styleUrl>#styleDaimonCIRCUITO384TRECHO</styleUrl><LineString><coordinates>-48.138201,-10.324517,0 -48.138744,-10.324504,0</coordinates></LineString></Placemark>
<Placemark><name>2791206</name><styleUrl>#styleDaimonCIRCUITO384TRECHO</styleUrl><LineString><coordinates>-48.127138,-10.337847,0 -48.126760,-10.338127,0</coordinates></LineString></Placemark>
<Placemark><name>2791207</name><styleUrl>#styleDaimonCIRCUITO384TRECHO</styleUrl><LineString><coordinates>-48.126760,-10.338127,0 -48.125971,-10.338922,0</coordinates></LineString></Placemark>
<Placemark><name>2837816</name><styleUrl>#styleDaimonCIRCUITO384TRECHO</styleUrl><LineString><coordinates>-48.128402,-10.336989,0 -48.127138,-10.337847,0</coordinates></LineString></Placemark>
<Placemark><name>12072118</name><styleUrl>#styleDaimonCIRCUITO384TRECHO</styleUrl><LineString><coordinates>-48.125971,-10.338922,0 -48.125950,-10.338945,0</coordinates></LineString></Placemark>
<Placemark><name>12072130</name><styleUrl>#styleDaimonCIRCUITO384TRECHO</styleUrl><LineString><coordinates>-48.128427,-10.336971,0 -48.128402,-10.336989,0</coordinates></LineString></Placemark>
<Placemark><name>3664891</name><styleUrl>#styleDaimonCIRCUITO384TRECHO</styleUrl><LineString><coordinates>-48.128402,-10.336989,0 -48.128397,-10.336976,0</coordinates></LineString></Placemark>
<Placemark><name>2791208</name><styleUrl>#styleDaimonCIRCUITO384TRECHO</styleUrl><LineString><coordinates>-48.125950,-10.338945,0 -48.124859,-10.340267,0</coordinates></LineString></Placemark>
<Placemark><name>2711097</name><styleUrl>#styleDaimonCIRCUITO384TRECHO</styleUrl><LineString><coordinates>-48.129650,-10.336302,0 -48.128427,-10.336971,0</coordinates></LineString></Placemark>
<Placemark><name>12072117</name><styleUrl>#styleDaimonCIRCUITO384TRECHO</styleUrl><LineString><coordinates>-48.124859,-10.340267,0 -48.124838,-10.340290,0</coordinates></LineString></Placemark>
<Placemark><name>3646272</name><styleUrl>#styleDaimonCIRCUITO384TRECHO</styleUrl><LineString><coordinates>-48.130131,-10.335996,0 -48.129650,-10.336302,0</coordinates></LineString></Placemark>
<Placemark><name>12029078</name><styleUrl>#styleDaimonCIRCUITO384TRECHO</styleUrl><LineString><coordinates>-48.124838,-10.340290,0 -48.124820,-10.340268,0</coordinates></LineString></Placemark>
<Placemark><name>2787883</name><styleUrl>#styleDaimonCIRCUITO384TRECHO</styleUrl><LineString><coordinates>-48.124838,-10.340290,0 -48.123781,-10.341495,0</coordinates></LineString></Placemark>
<Placemark><name>3646273</name><styleUrl>#styleDaimonCIRCUITO384TRECHO</styleUrl><LineString><coordinates>-48.130612,-10.335690,0 -48.130131,-10.335996,0</coordinates></LineString></Placemark>
<Placemark><name>2892910</name><styleUrl>#styleDaimonCIRCUITO384TRECHO</styleUrl><LineString><coordinates>-48.124820,-10.340268,0 -48.124334,-10.339595,0</coordinates></LineString></Placemark>
<Placemark><name>2787884</name><styleUrl>#styleDaimonCIRCUITO384TRECHO</styleUrl><LineString><coordinates>-48.123781,-10.341495,0 -48.123391,-10.341965,0</coordinates></LineString></Placemark>
<Placemark><name>2708118</name><styleUrl>#styleDaimonCIRCUITO384TRECHO</styleUrl><LineString><coordinates>-48.131785,-10.335719,0 -48.130612,-10.335690,0</coordinates></LineString></Placemark>
<Placemark><name>2788070</name><styleUrl>#styleDaimonCIRCUITO384TRECHO</styleUrl><LineString><coordinates>-48.123391,-10.341965,0 -48.122194,-10.342787,0</coordinates></LineString></Placemark>
<Placemark><name>2708117</name><styleUrl>#styleDaimonCIRCUITO384TRECHO</styleUrl><LineString><coordinates>-48.132784,-10.335682,0 -48.131785,-10.335719,0</coordinates></LineString></Placemark>
<Placemark><name>12072116</name><styleUrl>#styleDaimonCIRCUITO384TRECHO</styleUrl><LineString><coordinates>-48.122194,-10.342787,0 -48.122169,-10.342805,0</coordinates></LineString></Placemark>
<Placemark><name>3664896</name><styleUrl>#styleDaimonCIRCUITO384TRECHO</styleUrl><LineString><coordinates>-48.122194,-10.342787,0 -48.122180,-10.342792,0</coordinates></LineString></Placemark>
<Placemark><name>3032202</name><styleUrl>#styleDaimonCIRCUITO384TRECHO</styleUrl><LineString><coordinates>-48.133619,-10.335389,0 -48.132784,-10.335682,0</coordinates></LineString></Placemark>
<Placemark><name>2838305</name><styleUrl>#styleDaimonCIRCUITO384TRECHO</styleUrl><LineString><coordinates>-48.122169,-10.342805,0 -48.119932,-10.344456,0</coordinates></LineString></Placemark>
<Placemark><name>12072129</name><styleUrl>#styleDaimonCIRCUITO384TRECHO</styleUrl><LineString><coordinates>-48.133649,-10.335375,0 -48.133619,-10.335389,0</coordinates></LineString></Placemark>
<Placemark><name>3664892</name><styleUrl>#styleDaimonCIRCUITO384TRECHO</styleUrl><LineString><coordinates>-48.133619,-10.335389,0 -48.133628,-10.335400,0</coordinates></LineString></Placemark>
<Placemark><name>12072115</name><styleUrl>#styleDaimonCIRCUITO384TRECHO</styleUrl><LineString><coordinates>-48.119932,-10.344456,0 -48.119905,-10.344477,0</coordinates></LineString></Placemark>
<Placemark><name>3640474</name><styleUrl>#styleDaimonCIRCUITO384TRECHO</styleUrl><LineString><coordinates>-48.134864,-10.334781,0 -48.133649,-10.335375,0</coordinates></LineString></Placemark>
<Placemark><name>3664895</name><styleUrl>#styleDaimonCIRCUITO384TRECHO</styleUrl><LineString><coordinates>-48.119905,-10.344477,0 -48.119901,-10.344464,0</coordinates></LineString></Placemark>
<Placemark><name>2843542</name><styleUrl>#styleDaimonCIRCUITO384TRECHO</styleUrl><LineString><coordinates>-48.119905,-10.344477,0 -48.119655,-10.344773,0</coordinates></LineString></Placemark>
<Placemark><name>2830303</name><styleUrl>#styleDaimonCIRCUITO384TRECHO</styleUrl><LineString><coordinates>-48.119655,-10.344773,0 -48.119120,-10.345718,0</coordinates></LineString></Placemark>
<Placemark><name>2830570</name><styleUrl>#styleDaimonCIRCUITO384TRECHO</styleUrl><LineString><coordinates>-48.119120,-10.345718,0 -48.118747,-10.346143,0</coordinates></LineString></Placemark>
<Placemark><name>12078446</name><styleUrl>#styleDaimonCIRCUITO384TRECHO</styleUrl><LineString><coordinates>-48.118747,-10.346143,0 -48.118724,-10.346167,0</coordinates></LineString></Placemark>
<Placemark><name>2843541</name><styleUrl>#styleDaimonCIRCUITO384TRECHO</styleUrl><LineString><coordinates>-48.118724,-10.346167,0 -48.118345,-10.346384,0</coordinates></LineString></Placemark>
<Placemark><name>3612910</name><styleUrl>#styleDaimonCIRCUITO384TRECHO</styleUrl><LineString><coordinates>-48.143828,-10.323297,0 -48.144372,-10.323854,0</coordinates></LineString></Placemark>
<Placemark><name>54911720</name><styleUrl>#styleDaimonCIRCUITO384TRECHO</styleUrl><LineString><coordinates>-48.144372,-10.323854,0 -48.144423,-10.323906,0</coordinates></LineString></Placemark>
<Placemark><name>3612909</name><styleUrl>#styleDaimonCIRCUITO384TRECHO</styleUrl><LineString><coordinates>-48.143637,-10.323103,0 -48.143828,-10.323297,0</coordinates></LineString></Placemark>
<Placemark><name>2802555</name><styleUrl>#styleDaimonCIRCUITO384TRECHO</styleUrl><LineString><coordinates>-48.144423,-10.323906,0 -48.144847,-10.324343,0</coordinates></LineString></Placemark>
<Placemark><name>12158423</name><styleUrl>#styleDaimonCIRCUITO384TRECHO</styleUrl><LineString><coordinates>-48.143637,-10.323103,0 -48.143607,-10.323127,0</coordinates></LineString></Placemark>
<Placemark><name>3614463</name><styleUrl>#styleDaimonCIRCUITO384TRECHO</styleUrl><LineString><coordinates>-48.143462,-10.322937,0 -48.143637,-10.323103,0</coordinates></LineString></Placemark>
<Placemark><name>55453080</name><styleUrl>#styleDaimonCIRCUITO384TRECHO</styleUrl><LineString><coordinates>-48.144847,-10.324343,0 -48.145475,-10.324108,0</coordinates></LineString></Placemark>
<Placemark><name>3564290</name><styleUrl>#styleDaimonCIRCUITO384TRECHO</styleUrl><LineString><coordinates>-48.143607,-10.323127,0 -48.143449,-10.323133,0</coordinates></LineString></Placemark>
<Placemark><name>3614462</name><styleUrl>#styleDaimonCIRCUITO384TRECHO</styleUrl><LineString><coordinates>-48.142627,-10.322064,0 -48.143462,-10.322937,0</coordinates></LineString></Placemark>
<Placemark><name>55453059</name><styleUrl>#styleDaimonCIRCUITO384TRECHO</styleUrl><LineString><coordinates>-48.145475,-10.324108,0 -48.145481,-10.324135,0</coordinates></LineString></Placemark>
<Placemark><name>2844568</name><styleUrl>#styleDaimonCIRCUITO384TRECHO</styleUrl><LineString><coordinates>-48.142099,-10.321322,0 -48.142627,-10.322064,0</coordinates></LineString></Placemark>
<Placemark><name>55453071</name><styleUrl>#styleDaimonCIRCUITO384TRECHO</styleUrl><LineString><coordinates>-48.145481,-10.324135,0 -48.145510,-10.324226,0</coordinates></LineString></Placemark>
<Placemark><name>55453072</name><styleUrl>#styleDaimonCIRCUITO384TRECHO</styleUrl><LineString><coordinates>-48.145510,-10.324226,0 -48.145627,-10.324471,0</coordinates></LineString></Placemark>
<Placemark><name>55453073</name><styleUrl>#styleDaimonCIRCUITO384TRECHO</styleUrl><LineString><coordinates>-48.145627,-10.324471,0 -48.145770,-10.324725,0</coordinates></LineString></Placemark>
<Placemark><name>55453064</name><styleUrl>#styleDaimonCIRCUITO384TRECHO</styleUrl><LineString><coordinates>-48.145770,-10.324725,0 -48.145906,-10.324954,0</coordinates></LineString></Placemark>
<Placemark><name>55453083</name><styleUrl>#styleDaimonCIRCUITO384TRECHO</styleUrl><LineString><coordinates>-48.145906,-10.324954,0 -48.145924,-10.324984,0</coordinates></LineString></Placemark>
<Placemark><name>55453094</name><styleUrl>#styleDaimonCIRCUITO384TRECHO</styleUrl><LineString><coordinates>-48.145924,-10.324984,0 -48.146049,-10.325215,0</coordinates></LineString></Placemark>
<Placemark><name>55453088</name><styleUrl>#styleDaimonCIRCUITO384TRECHO</styleUrl><LineString><coordinates>-48.146049,-10.325215,0 -48.146154,-10.325439,0</coordinates></LineString></Placemark>
<Placemark><name>55453097</name><styleUrl>#styleDaimonCIRCUITO384TRECHO</styleUrl><LineString><coordinates>-48.146154,-10.325439,0 -48.146165,-10.325463,0</coordinates></LineString></Placemark>
<Placemark><name>55453101</name><styleUrl>#styleDaimonCIRCUITO384TRECHO</styleUrl><LineString><coordinates>-48.146165,-10.325463,0 -48.146264,-10.325694,0</coordinates></LineString></Placemark>
<Placemark><name>2837982</name><styleUrl>#styleDaimonCIRCUITO384TRECHO</styleUrl><LineString><coordinates>-48.144307,-10.320666,0 -48.144399,-10.320330,0</coordinates></LineString></Placemark>
<Placemark><name>58566075</name><styleUrl>#styleDaimonCIRCUITO384TRECHO</styleUrl><LineString><coordinates>-48.142658,-10.320383,0 -48.142993,-10.320387,0</coordinates></LineString></Placemark>
<Placemark><name>58566076</name><styleUrl>#styleDaimonCIRCUITO384TRECHO</styleUrl><LineString><coordinates>-48.142993,-10.320387,0 -48.143162,-10.320338,0</coordinates></LineString></Placemark>
<Placemark><name>58566023</name><styleUrl>#styleDaimonCIRCUITO384TRECHO</styleUrl><LineString><coordinates>-48.142626,-10.320393,0 -48.142658,-10.320383,0</coordinates></LineString></Placemark>
<Placemark><name>58566062</name><styleUrl>#styleDaimonCIRCUITO384TRECHO</styleUrl><LineString><coordinates>-48.143162,-10.320338,0 -48.143343,-10.320290,0</coordinates></LineString></Placemark>
<Placemark><name>58566031</name><styleUrl>#styleDaimonCIRCUITO384TRECHO</styleUrl><LineString><coordinates>-48.142309,-10.320638,0 -48.142626,-10.320393,0</coordinates></LineString></Placemark>
<Placemark><name>58566045</name><styleUrl>#styleDaimonCIRCUITO384TRECHO</styleUrl><LineString><coordinates>-48.142098,-10.320876,0 -48.142309,-10.320638,0</coordinates></LineString></Placemark>
<Placemark><name>2833037</name><styleUrl>#styleDaimonCIRCUITO384TRECHO</styleUrl><LineString><coordinates>-48.139454,-10.323576,0 -48.139594,-10.323618,0</coordinates></LineString></Placemark>
<Placemark><name>2837986</name><styleUrl>#styleDaimonCIRCUITO384TRECHO</styleUrl><LineString><coordinates>-48.142375,-10.320911,0 -48.142321,-10.320842,0</coordinates></LineString></Placemark>
<Placemark><name>2832627</name><styleUrl>#styleDaimonCIRCUITO384TRECHO</styleUrl><LineString><coordinates>-48.138858,-10.323785,0 -48.138533,-10.323440,0</coordinates></LineString></Placemark>
<Placemark><name>2835851</name><styleUrl>#styleDaimonCIRCUITO384TRECHO</styleUrl><LineString><coordinates>-48.138533,-10.323440,0 -48.138290,-10.323123,0</coordinates></LineString></Placemark>
<Placemark><name>2835852</name><styleUrl>#styleDaimonCIRCUITO384TRECHO</styleUrl><LineString><coordinates>-48.138290,-10.323123,0 -48.138006,-10.322694,0</coordinates></LineString></Placemark>
<Placemark><name>3032194</name><styleUrl>#styleDaimonCIRCUITO384TRECHO</styleUrl><LineString><coordinates>-48.138006,-10.322694,0 -48.137714,-10.322294,0</coordinates></LineString></Placemark>
<Placemark><name>3015427</name><styleUrl>#styleDaimonCIRCUITO384TRECHO</styleUrl><LineString><coordinates>-48.137714,-10.322294,0 -48.137532,-10.321915,0</coordinates></LineString></Placemark>
<Placemark><name>3017777</name><styleUrl>#styleDaimonCIRCUITO384TRECHO</styleUrl><LineString><coordinates>-48.136193,-10.330632,0 -48.135996,-10.330649,0</coordinates></LineString></Placemark>
<Placemark><name>3032193</name><styleUrl>#styleDaimonCIRCUITO384TRECHO</styleUrl><LineString><coordinates>-48.136961,-10.326072,0 -48.136459,-10.326342,0</coordinates></LineString></Placemark>
<Placemark><name>2711100</name><styleUrl>#styleDaimonCIRCUITO384TRECHO</styleUrl><LineString><coordinates>-48.133101,-10.333315,0 -48.132142,-10.332802,0</coordinates></LineString></Placemark>
<Placemark><name>3664890</name><styleUrl>#styleDaimonCIRCUITO384TRECHO</styleUrl><LineString><coordinates>-48.132142,-10.332802,0 -48.132144,-10.332817,0</coordinates></LineString></Placemark>
<Placemark><name>3664894</name><styleUrl>#styleDaimonCIRCUITO384TRECHO</styleUrl><LineString><coordinates>-48.132142,-10.332802,0 -48.132141,-10.332788,0</coordinates></LineString></Placemark>
<Placemark><name>2711099</name><styleUrl>#styleDaimonCIRCUITO384TRECHO</styleUrl><LineString><coordinates>-48.134310,-10.333959,0 -48.133101,-10.333315,0</coordinates></LineString></Placemark>
<Placemark><name>3032201</name><styleUrl>#styleDaimonCIRCUITO384TRECHO</styleUrl><LineString><coordinates>-48.135102,-10.334201,0 -48.134310,-10.333959,0</coordinates></LineString></Placemark>
<Placemark><name>3303443</name><styleUrl>#styleDaimonCIRCUITO384TRECHO</styleUrl><LineString><coordinates>-48.131922,-10.323851,0 -48.131615,-10.323837,0</coordinates></LineString></Placemark>
<Placemark><name>3303444</name><styleUrl>#styleDaimonCIRCUITO384TRECHO</styleUrl><LineString><coordinates>-48.131615,-10.323837,0 -48.130897,-10.323803,0</coordinates></LineString></Placemark>
<Placemark><name>3313034</name><styleUrl>#styleDaimonCIRCUITO384TRECHO</styleUrl><LineString><coordinates>-48.132356,-10.323868,0 -48.131922,-10.323851,0</coordinates></LineString></Placemark>
<Placemark><name>32901241</name><styleUrl>#styleDaimonCIRCUITO384TRECHO</styleUrl><LineString><coordinates>-48.130897,-10.323803,0 -48.130798,-10.323800,0</coordinates></LineString></Placemark>
<Placemark><name>12078439</name><styleUrl>#styleDaimonCIRCUITO384TRECHO</styleUrl><LineString><coordinates>-48.132369,-10.323886,0 -48.132356,-10.323868,0</coordinates></LineString></Placemark>
<Placemark><name>3303445</name><styleUrl>#styleDaimonCIRCUITO384TRECHO</styleUrl><LineString><coordinates>-48.130798,-10.323800,0 -48.130452,-10.323784,0</coordinates></LineString></Placemark>
<Placemark><name>3313033</name><styleUrl>#styleDaimonCIRCUITO384TRECHO</styleUrl><LineString><coordinates>-48.132269,-10.324235,0 -48.132369,-10.323886,0</coordinates></LineString></Placemark>
<Placemark><name>3303446</name><styleUrl>#styleDaimonCIRCUITO384TRECHO</styleUrl><LineString><coordinates>-48.130452,-10.323784,0 -48.130076,-10.323768,0</coordinates></LineString></Placemark>
<Placemark><name>3313032</name><styleUrl>#styleDaimonCIRCUITO384TRECHO</styleUrl><LineString><coordinates>-48.131709,-10.326274,0 -48.132269,-10.324235,0</coordinates></LineString></Placemark>
<Placemark><name>3313031</name><styleUrl>#styleDaimonCIRCUITO384TRECHO</styleUrl><LineString><coordinates>-48.131505,-10.326442,0 -48.131709,-10.326274,0</coordinates></LineString></Placemark>
<Placemark><name>3304863</name><styleUrl>#styleDaimonCIRCUITO384TRECHO</styleUrl><LineString><coordinates>-48.131468,-10.327161,0 -48.131505,-10.326442,0</coordinates></LineString></Placemark>
<Placemark><name>12084090</name><styleUrl>#styleDaimonCIRCUITO384TRECHO</styleUrl><LineString><coordinates>-48.131464,-10.327176,0 -48.131468,-10.327161,0</coordinates></LineString></Placemark>
<Placemark><name>12123390</name><styleUrl>#styleDaimonCIRCUITO384TRECHO</styleUrl><LineString><coordinates>-48.131464,-10.327176,0 -48.131438,-10.327195,0</coordinates></LineString></Placemark>
<Placemark><name>3304862</name><styleUrl>#styleDaimonCIRCUITO384TRECHO</styleUrl><LineString><coordinates>-48.131872,-10.327281,0 -48.131464,-10.327176,0</coordinates></LineString></Placemark>
<Placemark><name>3565644</name><styleUrl>#styleDaimonCIRCUITO384TRECHO</styleUrl><LineString><coordinates>-48.131438,-10.327195,0 -48.131169,-10.327278,0</coordinates></LineString></Placemark>
<Placemark><name>12078438</name><styleUrl>#styleDaimonCIRCUITO384TRECHO</styleUrl><LineString><coordinates>-48.131903,-10.327290,0 -48.131872,-10.327281,0</coordinates></LineString></Placemark>
<Placemark><name>12123391</name><styleUrl>#styleDaimonCIRCUITO384TRECHO</styleUrl><LineString><coordinates>-48.131169,-10.327278,0 -48.131136,-10.327290,0</coordinates></LineString></Placemark>
<Placemark><name>3304861</name><styleUrl>#styleDaimonCIRCUITO384TRECHO</styleUrl><LineString><coordinates>-48.133144,-10.327615,0 -48.131903,-10.327290,0</coordinates></LineString></Placemark>
<Placemark><name>3565645</name><styleUrl>#styleDaimonCIRCUITO384TRECHO</styleUrl><LineString><coordinates>-48.131136,-10.327290,0 -48.130699,-10.327191,0</coordinates></LineString></Placemark>
<Placemark><name>2799024</name><styleUrl>#styleDaimonCIRCUITO384TRECHO</styleUrl><LineString><coordinates>-48.134002,-10.327714,0 -48.133144,-10.327615,0</coordinates></LineString></Placemark>
<Placemark><name>3565646</name><styleUrl>#styleDaimonCIRCUITO384TRECHO</styleUrl><LineString><coordinates>-48.130699,-10.327191,0 -48.130165,-10.327064,0</coordinates></LineString></Placemark>
<Placemark><name>2799023</name><styleUrl>#styleDaimonCIRCUITO384TRECHO</styleUrl><LineString><coordinates>-48.134979,-10.327827,0 -48.134002,-10.327714,0</coordinates></LineString></Placemark>
<Placemark><name>3565647</name><styleUrl>#styleDaimonCIRCUITO384TRECHO</styleUrl><LineString><coordinates>-48.130165,-10.327064,0 -48.129677,-10.326817,0</coordinates></LineString></Placemark>
<Placemark><name>2802527</name><styleUrl>#styleDaimonCIRCUITO384TRECHO</styleUrl><LineString><coordinates>-48.134979,-10.327827,0 -48.134908,-10.327921,0</coordinates></LineString></Placemark>
<Placemark><name>50476131</name><styleUrl>#styleDaimonCIRCUITO384TRECHO</styleUrl><LineString><coordinates>-48.135387,-10.327663,0 -48.134979,-10.327827,0</coordinates></LineString></Placemark>
<Placemark><name>3565648</name><styleUrl>#styleDaimonCIRCUITO384TRECHO</styleUrl><LineString><coordinates>-48.129677,-10.326817,0 -48.128951,-10.326737,0</coordinates></LineString></Placemark>
<Placemark><name>50476037</name><styleUrl>#styleDaimonCIRCUITO384TRECHO</styleUrl><LineString><coordinates>-48.135859,-10.327616,0 -48.135387,-10.327663,0</coordinates></LineString></Placemark>
<Placemark><name>3565649</name><styleUrl>#styleDaimonCIRCUITO384TRECHO</styleUrl><LineString><coordinates>-48.128951,-10.326737,0 -48.128244,-10.326656,0</coordinates></LineString></Placemark>
<Placemark><name>50476051</name><styleUrl>#styleDaimonCIRCUITO384TRECHO</styleUrl><LineString><coordinates>-48.136176,-10.327586,0 -48.135859,-10.327616,0</coordinates></LineString></Placemark>
<Placemark><name>50476050</name><styleUrl>#styleDaimonCIRCUITO384TRECHO</styleUrl><LineString><coordinates>-48.136540,-10.327552,0 -48.136176,-10.327586,0</coordinates></LineString></Placemark>
<Placemark><name>50476049</name><styleUrl>#styleDaimonCIRCUITO384TRECHO</styleUrl><LineString><coordinates>-48.136706,-10.327651,0 -48.136540,-10.327552,0</coordinates></LineString></Placemark>
<Placemark><name>3023147</name><styleUrl>#styleDaimonCIRCUITO384TRECHO</styleUrl><LineString><coordinates>-48.135596,-10.332889,0 -48.135170,-10.332589,0</coordinates></LineString></Placemark>
<Placemark><name>3017700</name><styleUrl>#styleDaimonCIRCUITO384TRECHO</styleUrl><LineString><coordinates>-48.143137,-10.334361,0 -48.142885,-10.334423,0</coordinates></LineString></Placemark>
<Placemark><name>3026377</name><styleUrl>#styleDaimonCIRCUITO384TRECHO</styleUrl><LineString><coordinates>-48.138871,-10.330468,0 -48.138799,-10.330597,0</coordinates></LineString></Placemark>
<Placemark><name>2560460</name><styleUrl>#styleDaimonCIRCUITO384TRECHO</styleUrl><LineString><coordinates>-48.143507,-10.335481,0 -48.142738,-10.335677,0</coordinates></LineString></Placemark>
<Placemark><name>12033368</name><styleUrl>#styleDaimonCIRCUITO384TRECHO</styleUrl><LineString><coordinates>-48.143734,-10.338704,0 -48.143700,-10.338731,0</coordinates></LineString></Placemark>
<Placemark><name>3653655</name><styleUrl>#styleDaimonCIRCUITO384TRECHO</styleUrl><LineString><coordinates>-48.143700,-10.338731,0 -48.143532,-10.339161,0</coordinates></LineString></Placemark>
<Placemark><name>3653653</name><styleUrl>#styleDaimonCIRCUITO384TRECHO</styleUrl><LineString><coordinates>-48.144329,-10.338473,0 -48.143734,-10.338704,0</coordinates></LineString></Placemark>
<Placemark><name>12033372</name><styleUrl>#styleDaimonCIRCUITO384TRECHO</styleUrl><LineString><coordinates>-48.143532,-10.339161,0 -48.143529,-10.339200,0</coordinates></LineString></Placemark>
<Placemark><name>12033367</name><styleUrl>#styleDaimonCIRCUITO384TRECHO</styleUrl><LineString><coordinates>-48.144362,-10.338450,0 -48.144329,-10.338473,0</coordinates></LineString></Placemark>
<Placemark><name>3653650</name><styleUrl>#styleDaimonCIRCUITO384TRECHO</styleUrl><LineString><coordinates>-48.143529,-10.339200,0 -48.143820,-10.339959,0</coordinates></LineString></Placemark>
<Placemark><name>3653654</name><styleUrl>#styleDaimonCIRCUITO384TRECHO</styleUrl><LineString><coordinates>-48.144568,-10.338336,0 -48.144362,-10.338450,0</coordinates></LineString></Placemark>
<Placemark><name>12033369</name><styleUrl>#styleDaimonCIRCUITO384TRECHO</styleUrl><LineString><coordinates>-48.144599,-10.338301,0 -48.144568,-10.338336,0</coordinates></LineString></Placemark>
<Placemark><name>3653651</name><styleUrl>#styleDaimonCIRCUITO384TRECHO</styleUrl><LineString><coordinates>-48.144649,-10.337979,0 -48.144599,-10.338301,0</coordinates></LineString></Placemark>
<Placemark><name>12033370</name><styleUrl>#styleDaimonCIRCUITO384TRECHO</styleUrl><LineString><coordinates>-48.144675,-10.337945,0 -48.144649,-10.337979,0</coordinates></LineString></Placemark>
<Placemark><name>3653652</name><styleUrl>#styleDaimonCIRCUITO384TRECHO</styleUrl><LineString><coordinates>-48.144858,-10.337694,0 -48.144675,-10.337945,0</coordinates></LineString></Placemark>
<Placemark><name>3025864</name><styleUrl>#styleDaimonCIRCUITO384TRECHO</styleUrl><LineString><coordinates>-48.141305,-10.332523,0 -48.141207,-10.332965,0</coordinates></LineString></Placemark>
<Placemark><name>2838306</name><styleUrl>#styleDaimonCIRCUITO384TRECHO</styleUrl><LineString><coordinates>-48.119897,-10.344438,0 -48.119855,-10.344194,0</coordinates></LineString></Placemark>
<Placemark><name>12118275</name><styleUrl>#styleDaimonCIRCUITO384TRECHO</styleUrl><LineString><coordinates>-48.108300,-10.358465,0 -48.108274,-10.358484,0</coordinates></LineString></Placemark>
<Placemark><name>2706707</name><styleUrl>#styleDaimonCIRCUITO384TRECHO</styleUrl><LineString><coordinates>-48.108274,-10.358484,0 -48.107353,-10.358543,0</coordinates></LineString></Placemark>
<Placemark><name>2706706</name><styleUrl>#styleDaimonCIRCUITO384TRECHO</styleUrl><LineString><coordinates>-48.108596,-10.357936,0 -48.108300,-10.358465,0</coordinates></LineString></Placemark>
<Placemark><name>2706705</name><styleUrl>#styleDaimonCIRCUITO384TRECHO</styleUrl><LineString><coordinates>-48.107353,-10.358543,0 -48.106616,-10.358473,0</coordinates></LineString></Placemark>
<Placemark><name>53816735</name><styleUrl>#styleDaimonCIRCUITO384TRECHO</styleUrl><LineString><coordinates>-48.108596,-10.357936,0 -48.108584,-10.357925,0</coordinates></LineString></Placemark>
<Placemark><name>2706459</name><styleUrl>#styleDaimonCIRCUITO384TRECHO</styleUrl><LineString><coordinates>-48.108791,-10.357401,0 -48.108596,-10.357936,0</coordinates></LineString></Placemark>
<Placemark><name>2706704</name><styleUrl>#styleDaimonCIRCUITO384TRECHO</styleUrl><LineString><coordinates>-48.106616,-10.358473,0 -48.106112,-10.358459,0</coordinates></LineString></Placemark>
<Placemark><name>53816717</name><styleUrl>#styleDaimonCIRCUITO384TRECHO</styleUrl><LineString><coordinates>-48.108584,-10.357925,0 -48.108390,-10.357752,0</coordinates></LineString></Placemark>
<Placemark><name>12118276</name><styleUrl>#styleDaimonCIRCUITO384TRECHO</styleUrl><LineString><coordinates>-48.108814,-10.357388,0 -48.108791,-10.357401,0</coordinates></LineString></Placemark>
<Placemark><name>12118274</name><styleUrl>#styleDaimonCIRCUITO384TRECHO</styleUrl><LineString><coordinates>-48.106112,-10.358459,0 -48.106078,-10.358460,0</coordinates></LineString></Placemark>
<Placemark><name>2706460</name><styleUrl>#styleDaimonCIRCUITO384TRECHO</styleUrl><LineString><coordinates>-48.109301,-10.357056,0 -48.108814,-10.357388,0</coordinates></LineString></Placemark>
<Placemark><name>2706703</name><styleUrl>#styleDaimonCIRCUITO384TRECHO</styleUrl><LineString><coordinates>-48.106078,-10.358460,0 -48.105806,-10.358775,0</coordinates></LineString></Placemark>
<Placemark><name>2706184</name><styleUrl>#styleDaimonCIRCUITO384TRECHO</styleUrl><LineString><coordinates>-48.110457,-10.356450,0 -48.109301,-10.357056,0</coordinates></LineString></Placemark>
<Placemark><name>12118273</name><styleUrl>#styleDaimonCIRCUITO384TRECHO</styleUrl><LineString><coordinates>-48.105806,-10.358775,0 -48.105783,-10.358795,0</coordinates></LineString></Placemark>
<Placemark><name>12118277</name><styleUrl>#styleDaimonCIRCUITO384TRECHO</styleUrl><LineString><coordinates>-48.110480,-10.356430,0 -48.110457,-10.356450,0</coordinates></LineString></Placemark>
<Placemark><name>2707407</name><styleUrl>#styleDaimonCIRCUITO384TRECHO</styleUrl><LineString><coordinates>-48.105783,-10.358795,0 -48.104635,-10.360119,0</coordinates></LineString></Placemark>
<Placemark><name>2706185</name><styleUrl>#styleDaimonCIRCUITO384TRECHO</styleUrl><LineString><coordinates>-48.110972,-10.355416,0 -48.110480,-10.356430,0</coordinates></LineString></Placemark>
<Placemark><name>12118278</name><styleUrl>#styleDaimonCIRCUITO384TRECHO</styleUrl><LineString><coordinates>-48.104635,-10.360119,0 -48.104643,-10.360133,0</coordinates></LineString></Placemark>
<Placemark><name>2707405</name><styleUrl>#styleDaimonCIRCUITO384TRECHO</styleUrl><LineString><coordinates>-48.104635,-10.360119,0 -48.103335,-10.361067,0</coordinates></LineString></Placemark>
<Placemark><name>2615966</name><styleUrl>#styleDaimonCIRCUITO384TRECHO</styleUrl><LineString><coordinates>-48.111348,-10.354866,0 -48.110972,-10.355416,0</coordinates></LineString></Placemark>
<Placemark><name>2614282</name><styleUrl>#styleDaimonCIRCUITO384TRECHO</styleUrl><LineString><coordinates>-48.104643,-10.360133,0 -48.104718,-10.360253,0</coordinates></LineString></Placemark>
<Placemark><name>2708951</name><styleUrl>#styleDaimonCIRCUITO384TRECHO</styleUrl><LineString><coordinates>-48.103335,-10.361067,0 -48.102840,-10.362199,0</coordinates></LineString></Placemark>
<Placemark><name>2615967</name><styleUrl>#styleDaimonCIRCUITO384TRECHO</styleUrl><LineString><coordinates>-48.111995,-10.354241,0 -48.111348,-10.354866,0</coordinates></LineString></Placemark>
<Placemark><name>2941517</name><styleUrl>#styleDaimonCIRCUITO384TRECHO</styleUrl><LineString><coordinates>-48.112283,-10.353942,0 -48.111995,-10.354241,0</coordinates></LineString></Placemark>
<Placemark><name>2941516</name><styleUrl>#styleDaimonCIRCUITO384TRECHO</styleUrl><LineString><coordinates>-48.112571,-10.353644,0 -48.112283,-10.353942,0</coordinates></LineString></Placemark>
<Placemark><name>2614278</name><styleUrl>#styleDaimonCIRCUITO384TRECHO</styleUrl><LineString><coordinates>-48.113285,-10.352988,0 -48.112571,-10.353644,0</coordinates></LineString></Placemark>
<Placemark><name>2614279</name><styleUrl>#styleDaimonCIRCUITO384TRECHO</styleUrl><LineString><coordinates>-48.114098,-10.352090,0 -48.113285,-10.352988,0</coordinates></LineString></Placemark>
<Placemark><name>2614280</name><styleUrl>#styleDaimonCIRCUITO384TRECHO</styleUrl><LineString><coordinates>-48.114920,-10.351110,0 -48.114098,-10.352090,0</coordinates></LineString></Placemark>
<Placemark><name>2837815</name><styleUrl>#styleDaimonCIRCUITO384TRECHO</styleUrl><LineString><coordinates>-48.115525,-10.350189,0 -48.114920,-10.351110,0</coordinates></LineString></Placemark>
<Placemark><name>2830572</name><styleUrl>#styleDaimonCIRCUITO384TRECHO</styleUrl><LineString><coordinates>-48.116456,-10.349040,0 -48.115525,-10.350189,0</coordinates></LineString></Placemark>
<Placemark><name>2832625</name><styleUrl>#styleDaimonCIRCUITO384TRECHO</styleUrl><LineString><coordinates>-48.117495,-10.347596,0 -48.116456,-10.349040,0</coordinates></LineString></Placemark>
<Placemark><name>2832626</name><styleUrl>#styleDaimonCIRCUITO384TRECHO</styleUrl><LineString><coordinates>-48.117594,-10.347176,0 -48.117495,-10.347596,0</coordinates></LineString></Placemark>
<Placemark><name>2835850</name><styleUrl>#styleDaimonCIRCUITO384TRECHO</styleUrl><LineString><coordinates>-48.117785,-10.346419,0 -48.117594,-10.347176,0</coordinates></LineString></Placemark>
<Placemark><name>12121905</name><styleUrl>#styleDaimonCIRCUITO384TRECHO</styleUrl><LineString><coordinates>-48.117817,-10.346409,0 -48.117785,-10.346419,0</coordinates></LineString></Placemark>
<Placemark><name>2817937</name><styleUrl>#styleDaimonCIRCUITO384TRECHO</styleUrl><LineString><coordinates>-48.118293,-10.346387,0 -48.117817,-10.346409,0</coordinates></LineString></Placemark>
<Placemark><name>2540336</name><styleUrl>#styleDaimonCIRCUITO384TRECHO</styleUrl><LineString><coordinates>-48.133646,-10.335482,0 -48.133810,-10.336218,0</coordinates></LineString></Placemark>
<Placemark><name>2588730</name><styleUrl>#styleDaimonCIRCUITO384TRECHO</styleUrl><LineString><coordinates>-48.122185,-10.342800,0 -48.122224,-10.342858,0</coordinates></LineString></Placemark>
<Placemark><name>2704365</name><styleUrl>#styleDaimonCIRCUITO384TRECHO</styleUrl><LineString><coordinates>-48.130147,-10.335024,0 -48.129664,-10.334398,0</coordinates></LineString></Placemark>
<Placemark><name>3646226</name><styleUrl>#styleDaimonCIRCUITO384TRECHO</styleUrl><LineString><coordinates>-48.130354,-10.335322,0 -48.130147,-10.335024,0</coordinates></LineString></Placemark>
<Placemark><name>2704364</name><styleUrl>#styleDaimonCIRCUITO384TRECHO</styleUrl><LineString><coordinates>-48.130586,-10.335654,0 -48.130354,-10.335322,0</coordinates></LineString></Placemark>
<Placemark><name>12072119</name><styleUrl>#styleDaimonCIRCUITO384TRECHO</styleUrl><LineString><coordinates>-48.126208,-10.337662,0 -48.126183,-10.337649,0</coordinates></LineString></Placemark>
<Placemark><name>2791205</name><styleUrl>#styleDaimonCIRCUITO384TRECHO</styleUrl><LineString><coordinates>-48.126705,-10.338081,0 -48.126208,-10.337662,0</coordinates></LineString></Placemark>
<Placemark><name>2770981</name><styleUrl>#styleDaimonCIRCUITO384TRECHO</styleUrl><LineString><coordinates>-48.126183,-10.337649,0 -48.125495,-10.337402,0</coordinates></LineString></Placemark>
<Placemark><name>2711098</name><styleUrl>#styleDaimonCIRCUITO384TRECHO</styleUrl><LineString><coordinates>-48.128391,-10.336924,0 -48.128338,-10.336453,0</coordinates></LineString></Placemark>
<Placemark><name>3160443</name><styleUrl>#styleDaimonCIRCUITO384TRECHO</styleUrl><LineString><coordinates>-48.123340,-10.341930,0 -48.122876,-10.341614,0</coordinates></LineString></Placemark>
<Placemark><name>3509200</name><styleUrl>#styleDaimonCIRCUITO384TRECHO</styleUrl><LineString><coordinates>-48.119131,-10.345727,0 -48.119226,-10.345802,0</coordinates></LineString></Placemark>
<Placemark><name>54911730</name><styleUrl>#styleDaimonCIRCUITO384TRECHO</styleUrl><LineString><coordinates>-48.144399,-10.323915,0 -48.144182,-10.323987,0</coordinates></LineString></Placemark>
<Placemark><name>3236994</name><styleUrl>#styleDaimonCIRCUITO384TRECHO</styleUrl><LineString><coordinates>-48.144790,-10.324398,0 -48.144269,-10.324893,0</coordinates></LineString></Placemark>
<Placemark><name>2802556</name><styleUrl>#styleDaimonCIRCUITO384TRECHO</styleUrl><LineString><coordinates>-48.144422,-10.323833,0 -48.144863,-10.323636,0</coordinates></LineString></Placemark>
<Placemark><name>2708948</name><styleUrl>#styleDaimonCIRCUITO384TRECHO</styleUrl><LineString><coordinates>-48.132108,-10.332779,0 -48.131807,-10.332697,0</coordinates></LineString></Placemark>
<Placemark><name>2708949</name><styleUrl>#styleDaimonCIRCUITO384TRECHO</styleUrl><LineString><coordinates>-48.132101,-10.332861,0 -48.131705,-10.333248,0</coordinates></LineString></Placemark>
<Placemark><name>2802528</name><styleUrl>#styleDaimonCIRCUITO384TRECHO</styleUrl><LineString><coordinates>-48.134901,-10.327962,0 -48.134839,-10.328321,0</coordinates></LineString></Placemark>
<Placemark><name>2616705</name><styleUrl>#styleDaimonCIRCUITO384TRECHO</styleUrl><LineString><coordinates>-48.125485,-10.323576,0 -48.125015,-10.323561,0</coordinates></LineString></Placemark>
<Placemark><name>2616706</name><styleUrl>#styleDaimonCIRCUITO384TRECHO</styleUrl><LineString><coordinates>-48.125015,-10.323561,0 -48.124615,-10.323350,0</coordinates></LineString></Placemark>
<Placemark><name>2616704</name><styleUrl>#styleDaimonCIRCUITO384TRECHO</styleUrl><LineString><coordinates>-48.125952,-10.323589,0 -48.125485,-10.323576,0</coordinates></LineString></Placemark>
<Placemark><name>2552498</name><styleUrl>#styleDaimonCIRCUITO384TRECHO</styleUrl><LineString><coordinates>-48.124615,-10.323350,0 -48.124205,-10.323112,0</coordinates></LineString></Placemark>
<Placemark><name>2617625</name><styleUrl>#styleDaimonCIRCUITO384TRECHO</styleUrl><LineString><coordinates>-48.126398,-10.323604,0 -48.125952,-10.323589,0</coordinates></LineString></Placemark>
<Placemark><name>3254141</name><styleUrl>#styleDaimonCIRCUITO384TRECHO</styleUrl><LineString><coordinates>-48.124205,-10.323112,0 -48.123890,-10.322926,0</coordinates></LineString></Placemark>
<Placemark><name>2617624</name><styleUrl>#styleDaimonCIRCUITO384TRECHO</styleUrl><LineString><coordinates>-48.126849,-10.323617,0 -48.126398,-10.323604,0</coordinates></LineString></Placemark>
<Placemark><name>3498966</name><styleUrl>#styleDaimonCIRCUITO384TRECHO</styleUrl><LineString><coordinates>-48.123890,-10.322926,0 -48.123555,-10.322725,0</coordinates></LineString></Placemark>
<Placemark><name>2617623</name><styleUrl>#styleDaimonCIRCUITO384TRECHO</styleUrl><LineString><coordinates>-48.127313,-10.323632,0 -48.126849,-10.323617,0</coordinates></LineString></Placemark>
<Placemark><name>3302183</name><styleUrl>#styleDaimonCIRCUITO384TRECHO</styleUrl><LineString><coordinates>-48.123555,-10.322725,0 -48.122175,-10.322472,0</coordinates></LineString></Placemark>
<Placemark><name>2617622</name><styleUrl>#styleDaimonCIRCUITO384TRECHO</styleUrl><LineString><coordinates>-48.127772,-10.323646,0 -48.127313,-10.323632,0</coordinates></LineString></Placemark>
<Placemark><name>12121887</name><styleUrl>#styleDaimonCIRCUITO384TRECHO</styleUrl><LineString><coordinates>-48.122175,-10.322472,0 -48.122143,-10.322463,0</coordinates></LineString></Placemark>
<Placemark><name>2617621</name><styleUrl>#styleDaimonCIRCUITO384TRECHO</styleUrl><LineString><coordinates>-48.128233,-10.323659,0 -48.127772,-10.323646,0</coordinates></LineString></Placemark>
<Placemark><name>3311889</name><styleUrl>#styleDaimonCIRCUITO384TRECHO</styleUrl><LineString><coordinates>-48.122143,-10.322463,0 -48.120301,-10.322081,0</coordinates></LineString></Placemark>
<Placemark><name>2617033</name><styleUrl>#styleDaimonCIRCUITO384TRECHO</styleUrl><LineString><coordinates>-48.129125,-10.323705,0 -48.128233,-10.323659,0</coordinates></LineString></Placemark>
<Placemark><name>3311890</name><styleUrl>#styleDaimonCIRCUITO384TRECHO</styleUrl><LineString><coordinates>-48.120301,-10.322081,0 -48.119842,-10.322067,0</coordinates></LineString></Placemark>
<Placemark><name>3312991</name><styleUrl>#styleDaimonCIRCUITO384TRECHO</styleUrl><LineString><coordinates>-48.129574,-10.323733,0 -48.129125,-10.323705,0</coordinates></LineString></Placemark>
<Placemark><name>3254142</name><styleUrl>#styleDaimonCIRCUITO384TRECHO</styleUrl><LineString><coordinates>-48.119842,-10.322067,0 -48.119408,-10.322069,0</coordinates></LineString></Placemark>
<Placemark><name>3312990</name><styleUrl>#styleDaimonCIRCUITO384TRECHO</styleUrl><LineString><coordinates>-48.130026,-10.323765,0 -48.129574,-10.323733,0</coordinates></LineString></Placemark>
<Placemark><name>3303698</name><styleUrl>#styleDaimonCIRCUITO384TRECHO</styleUrl><LineString><coordinates>-48.119408,-10.322069,0 -48.118287,-10.322049,0</coordinates></LineString></Placemark>
<Placemark><name>3303699</name><styleUrl>#styleDaimonCIRCUITO384TRECHO</styleUrl><LineString><coordinates>-48.118287,-10.322049,0 -48.117075,-10.321999,0</coordinates></LineString></Placemark>
<Placemark><name>3303700</name><styleUrl>#styleDaimonCIRCUITO384TRECHO</styleUrl><LineString><coordinates>-48.117075,-10.321999,0 -48.116659,-10.321928,0</coordinates></LineString></Placemark>
<Placemark><name>3303701</name><styleUrl>#styleDaimonCIRCUITO384TRECHO</styleUrl><LineString><coordinates>-48.116659,-10.321928,0 -48.116188,-10.321798,0</coordinates></LineString></Placemark>
<Placemark><name>3498964</name><styleUrl>#styleDaimonCIRCUITO384TRECHO</styleUrl><LineString><coordinates>-48.116188,-10.321798,0 -48.115760,-10.321665,0</coordinates></LineString></Placemark>
<Placemark><name>3498965</name><styleUrl>#styleDaimonCIRCUITO384TRECHO</styleUrl><LineString><coordinates>-48.115760,-10.321665,0 -48.115317,-10.321570,0</coordinates></LineString></Placemark>
<Placemark><name>2551544</name><styleUrl>#styleDaimonCIRCUITO384TRECHO</styleUrl><LineString><coordinates>-48.115317,-10.321570,0 -48.114922,-10.321423,0</coordinates></LineString></Placemark>
<Placemark><name>12121888</name><styleUrl>#styleDaimonCIRCUITO384TRECHO</styleUrl><LineString><coordinates>-48.114922,-10.321423,0 -48.114892,-10.321424,0</coordinates></LineString></Placemark>
<Placemark><name>2551543</name><styleUrl>#styleDaimonCIRCUITO384TRECHO</styleUrl><LineString><coordinates>-48.114892,-10.321424,0 -48.114490,-10.321739,0</coordinates></LineString></Placemark>
<Placemark><name>2552502</name><styleUrl>#styleDaimonCIRCUITO384TRECHO</styleUrl><LineString><coordinates>-48.114490,-10.321739,0 -48.114175,-10.322016,0</coordinates></LineString></Placemark>
<Placemark><name>2552501</name><styleUrl>#styleDaimonCIRCUITO384TRECHO</styleUrl><LineString><coordinates>-48.114175,-10.322016,0 -48.113823,-10.322280,0</coordinates></LineString></Placemark>
<Placemark><name>2552500</name><styleUrl>#styleDaimonCIRCUITO384TRECHO</styleUrl><LineString><coordinates>-48.113823,-10.322280,0 -48.113450,-10.322557,0</coordinates></LineString></Placemark>
<Placemark><name>2552499</name><styleUrl>#styleDaimonCIRCUITO384TRECHO</styleUrl><LineString><coordinates>-48.113450,-10.322557,0 -48.113116,-10.322770,0</coordinates></LineString></Placemark>
<Placemark><name>2829251</name><styleUrl>#styleDaimonCIRCUITO384TRECHO</styleUrl><LineString><coordinates>-48.117639,-10.347185,0 -48.118044,-10.347267,0</coordinates></LineString></Placemark>
<Placemark><name>2830571</name><styleUrl>#styleDaimonCIRCUITO384TRECHO</styleUrl><LineString><coordinates>-48.115649,-10.350297,0 -48.116766,-10.351262,0</coordinates></LineString></Placemark>
<Placemark><name>2614281</name><styleUrl>#styleDaimonCIRCUITO384TRECHO</styleUrl><LineString><coordinates>-48.114900,-10.351090,0 -48.114712,-10.350905,0</coordinates></LineString></Placemark>
<Placemark><name>2708950</name><styleUrl>#styleDaimonCIRCUITO384TRECHO</styleUrl><LineString><coordinates>-48.102791,-10.362273,0 -48.102347,-10.362938,0</coordinates></LineString></Placemark>
<Placemark><name>2707406</name><styleUrl>#styleDaimonCIRCUITO384TRECHO</styleUrl><LineString><coordinates>-48.104695,-10.360290,0 -48.104481,-10.360618,0</coordinates></LineString></Placemark>
<Placemark><name>3551255</name><styleUrl>#styleDaimonCIRCUITO384TRECHO</styleUrl><LineString><coordinates>-48.116463,-10.349055,0 -48.116520,-10.349185,0</coordinates></LineString></Placemark>
<Placemark><name>2704366</name><styleUrl>#styleDaimonCIRCUITO384TRECHO</styleUrl><LineString><coordinates>-48.130158,-10.334963,0 -48.130255,-10.334405,0</coordinates></LineString></Placemark>
<Placemark><name>2707941</name><styleUrl>#styleDaimonCIRCUITO384TRECHO</styleUrl><LineString><coordinates>-48.129661,-10.334336,0 -48.129635,-10.333774,0</coordinates></LineString></Placemark>
<Placemark><name>Suporte Chave DJ_AL01081100_FICT</name><styleUrl>#styleDaimonCIRCUITO384TRECHO</styleUrl><LineString><coordinates>-48.162754,-10.310955,0 -48.162816,-10.311061,0</coordinates></LineString></Placemark>
<Placemark><name>Suporte Chave 9007598100</name><styleUrl>#styleDaimonCIRCUITO384TRECHO</styleUrl><LineString><coordinates>-48.162775,-10.311082,0 -48.162777,-10.311085,0</coordinates></LineString></Placemark>
<Placemark><name>Suporte Chave 7913655100</name><styleUrl>#styleDaimonCIRCUITO384TRECHO</styleUrl><LineString><coordinates>-48.162790,-10.311104,0 -48.162793,-10.311105,0</coordinates></LineString></Placemark>
<Placemark><name>Suporte Chave 9013655100</name><styleUrl>#styleDaimonCIRCUITO384TRECHO</styleUrl><LineString><coordinates>-48.162813,-10.311107,0 -48.162816,-10.311106,0</coordinates></LineString></Placemark>
<Placemark><name>Suporte Chave 8861672100</name><styleUrl>#styleDaimonCIRCUITO384TRECHO</styleUrl><LineString><coordinates>-48.162529,-10.312786,0 -48.162505,-10.312754,0</coordinates></LineString></Placemark>
<Placemark><name>Suporte Chave 8832512122</name><styleUrl>#styleDaimonCIRCUITO384TRECHO</styleUrl><LineString><coordinates>-48.160994,-10.312579,0 -48.160962,-10.312588,0</coordinates></LineString></Placemark>
<Placemark><name>Suporte Chave 8800005100</name><styleUrl>#styleDaimonCIRCUITO384TRECHO</styleUrl><LineString><coordinates>-48.158324,-10.314708,0 -48.158278,-10.314716,0</coordinates></LineString></Placemark>
<Placemark><name>Suporte Chave 0305232100</name><styleUrl>#styleDaimonCIRCUITO384TRECHO</styleUrl><LineString><coordinates>-48.156967,-10.314889,0 -48.156969,-10.314892,0</coordinates></LineString></Placemark>
<Placemark><name>Suporte Chave 0304248100</name><styleUrl>#styleDaimonCIRCUITO384TRECHO</styleUrl><LineString><coordinates>-48.156161,-10.312843,0 -48.156153,-10.312801,0</coordinates></LineString></Placemark>
<Placemark><name>Suporte Chave 0306179100</name><styleUrl>#styleDaimonCIRCUITO384TRECHO</styleUrl><LineString><coordinates>-48.157331,-10.315661,0 -48.157334,-10.315687,0</coordinates></LineString></Placemark>
<Placemark><name>Suporte Chave 0300006100</name><styleUrl>#styleDaimonCIRCUITO384TRECHO</styleUrl><LineString><coordinates>-48.155670,-10.315081,0 -48.155655,-10.315111,0</coordinates></LineString></Placemark>
<Placemark><name>Suporte Chave 8800014100</name><styleUrl>#styleDaimonCIRCUITO384TRECHO</styleUrl><LineString><coordinates>-48.155576,-10.315071,0 -48.155532,-10.315077,0</coordinates></LineString></Placemark>
<Placemark><name>Suporte Chave 0307292100</name><styleUrl>#styleDaimonCIRCUITO384TRECHO</styleUrl><LineString><coordinates>-48.157786,-10.322943,0 -48.157844,-10.322908,0</coordinates></LineString></Placemark>
<Placemark><name>Suporte Chave 0348006100</name><styleUrl>#styleDaimonCIRCUITO384TRECHO</styleUrl><LineString><coordinates>-48.154860,-10.316636,0 -48.154851,-10.316635,0</coordinates></LineString></Placemark>
<Placemark><name>Suporte Chave 0328832100</name><styleUrl>#styleDaimonCIRCUITO384TRECHO</styleUrl><LineString><coordinates>-48.153444,-10.320760,0 -48.153445,-10.320762,0</coordinates></LineString></Placemark>
<Placemark><name>Suporte Chave 8832514100</name><styleUrl>#styleDaimonCIRCUITO384TRECHO</styleUrl><LineString><coordinates>-48.151791,-10.318012,0 -48.151770,-10.318053,0</coordinates></LineString></Placemark>
<Placemark><name>Suporte Chave 0329513122</name><styleUrl>#styleDaimonCIRCUITO384TRECHO</styleUrl><LineString><coordinates>-48.157975,-10.323080,0 -48.157987,-10.323089,0</coordinates></LineString></Placemark>
<Placemark><name>Suporte Chave 0206060100</name><styleUrl>#styleDaimonCIRCUITO384TRECHO</styleUrl><LineString><coordinates>-48.152966,-10.319229,0 -48.152961,-10.319236,0</coordinates></LineString></Placemark>
<Placemark><name>Suporte Chave 0352150100</name><styleUrl>#styleDaimonCIRCUITO384TRECHO</styleUrl><LineString><coordinates>-48.153698,-10.320268,0 -48.153707,-10.320268,0</coordinates></LineString></Placemark>
<Placemark><name>Suporte Chave 0300015100</name><styleUrl>#styleDaimonCIRCUITO384TRECHO</styleUrl><LineString><coordinates>-48.153139,-10.314762,0 -48.153138,-10.314734,0</coordinates></LineString></Placemark>
<Placemark><name>Suporte Chave 0331680100</name><styleUrl>#styleDaimonCIRCUITO384TRECHO</styleUrl><LineString><coordinates>-48.160477,-10.321151,0 -48.160484,-10.321161,0</coordinates></LineString></Placemark>
<Placemark><name>Suporte Chave 0307802100</name><styleUrl>#styleDaimonCIRCUITO384TRECHO</styleUrl><LineString><coordinates>-48.160354,-10.321226,0 -48.160344,-10.321189,0</coordinates></LineString></Placemark>
<Placemark><name>Suporte Chave 0331683100</name><styleUrl>#styleDaimonCIRCUITO384TRECHO</styleUrl><LineString><coordinates>-48.160679,-10.321024,0 -48.160777,-10.320972,0</coordinates></LineString></Placemark>
<Placemark><name>Suporte Chave 0349949100</name><styleUrl>#styleDaimonCIRCUITO384TRECHO</styleUrl><LineString><coordinates>-48.151192,-10.319141,0 -48.151196,-10.319143,0</coordinates></LineString></Placemark>
<Placemark><name>Suporte Chave 8806406122</name><styleUrl>#styleDaimonCIRCUITO384TRECHO</styleUrl><LineString><coordinates>-48.151114,-10.319287,0 -48.151121,-10.319273,0</coordinates></LineString></Placemark>
<Placemark><name>Suporte Chave 0329513100</name><styleUrl>#styleDaimonCIRCUITO384TRECHO</styleUrl><LineString><coordinates>-48.158478,-10.324398,0 -48.158583,-10.324444,0</coordinates></LineString></Placemark>
<Placemark><name>Suporte Chave 0312482122</name><styleUrl>#styleDaimonCIRCUITO384TRECHO</styleUrl><LineString><coordinates>-48.152276,-10.313985,0 -48.152246,-10.313989,0</coordinates></LineString></Placemark>
<Placemark><name>Suporte Chave 0305943100</name><styleUrl>#styleDaimonCIRCUITO384TRECHO</styleUrl><LineString><coordinates>-48.160251,-10.320846,0 -48.160159,-10.320873,0</coordinates></LineString></Placemark>
<Placemark><name>Suporte Chave 0303496100</name><styleUrl>#styleDaimonCIRCUITO384TRECHO</styleUrl><LineString><coordinates>-48.162393,-10.319962,0 -48.162471,-10.320012,0</coordinates></LineString></Placemark>
<Placemark><name>Suporte Chave 9007791122</name><styleUrl>#styleDaimonCIRCUITO384TRECHO</styleUrl><LineString><coordinates>-48.150916,-10.319651,0 -48.150934,-10.319616,0</coordinates></LineString></Placemark>
<Placemark><name>Suporte Chave 0320995100</name><styleUrl>#styleDaimonCIRCUITO384TRECHO</styleUrl><LineString><coordinates>-48.161554,-10.325806,0 -48.161554,-10.325803,0</coordinates></LineString></Placemark>
<Placemark><name>Suporte Chave 0320066100</name><styleUrl>#styleDaimonCIRCUITO384TRECHO</styleUrl><LineString><coordinates>-48.163244,-10.326572,0 -48.163265,-10.326579,0</coordinates></LineString></Placemark>
<Placemark><name>Suporte Chave 0319041100</name><styleUrl>#styleDaimonCIRCUITO384TRECHO</styleUrl><LineString><coordinates>-48.160923,-10.325500,0 -48.160928,-10.325491,0</coordinates></LineString></Placemark>
<Placemark><name>Suporte Chave 0302909122</name><styleUrl>#styleDaimonCIRCUITO384TRECHO</styleUrl><LineString><coordinates>-48.147933,-10.307856,0 -48.148001,-10.307823,0</coordinates></LineString></Placemark>
<Placemark><name>Suporte Chave 0302910122</name><styleUrl>#styleDaimonCIRCUITO384TRECHO</styleUrl><LineString><coordinates>-48.147338,-10.307232,0 -48.147281,-10.307177,0</coordinates></LineString></Placemark>
<Placemark><name>Suporte Chave 7933796122</name><styleUrl>#styleDaimonCIRCUITO384TRECHO</styleUrl><LineString><coordinates>-48.150925,-10.319631,0 -48.150925,-10.319633,0</coordinates></LineString></Placemark>
<Placemark><name>Suporte Chave 0305947122</name><styleUrl>#styleDaimonCIRCUITO384TRECHO</styleUrl><LineString><coordinates>-48.139968,-10.303951,0 -48.139926,-10.303939,0</coordinates></LineString></Placemark>
<Placemark><name>Suporte Chave 9033796122</name><styleUrl>#styleDaimonCIRCUITO384TRECHO</styleUrl><LineString><coordinates>-48.150918,-10.319647,0 -48.150900,-10.319684,0</coordinates></LineString></Placemark>
<Placemark><name>Suporte Chave 0305231100</name><styleUrl>#styleDaimonCIRCUITO384TRECHO</styleUrl><LineString><coordinates>-48.148478,-10.319990,0 -48.148468,-10.319977,0</coordinates></LineString></Placemark>
<Placemark><name>Suporte Chave 0305230100</name><styleUrl>#styleDaimonCIRCUITO384TRECHO</styleUrl><LineString><coordinates>-48.148545,-10.319943,0 -48.148540,-10.319934,0</coordinates></LineString></Placemark>
<Placemark><name>Suporte Chave 0311843122</name><styleUrl>#styleDaimonCIRCUITO384TRECHO</styleUrl><LineString><coordinates>-48.140890,-10.322292,0 -48.140849,-10.322281,0</coordinates></LineString></Placemark>
<Placemark><name>Suporte Chave 0301557122</name><styleUrl>#styleDaimonCIRCUITO384TRECHO</styleUrl><LineString><coordinates>-48.136551,-10.328878,0 -48.136658,-10.328925,0</coordinates></LineString></Placemark>
<Placemark><name>Suporte Chave 0333707122</name><styleUrl>#styleDaimonCIRCUITO384TRECHO</styleUrl><LineString><coordinates>-48.138140,-10.324518,0 -48.138201,-10.324517,0</coordinates></LineString></Placemark>
<Placemark><name>Suporte Chave 0307800122</name><styleUrl>#styleDaimonCIRCUITO384TRECHO</styleUrl><LineString><coordinates>-48.134999,-10.334715,0 -48.134864,-10.334781,0</coordinates></LineString></Placemark>
<Placemark><name>Suporte Chave 0312183122</name><styleUrl>#styleDaimonCIRCUITO384TRECHO</styleUrl><LineString><coordinates>-48.142116,-10.321346,0 -48.142099,-10.321322,0</coordinates></LineString></Placemark>
<Placemark><name>Suporte Chave 0305308122</name><styleUrl>#styleDaimonCIRCUITO384TRECHO</styleUrl><LineString><coordinates>-48.144297,-10.320703,0 -48.144307,-10.320666,0</coordinates></LineString></Placemark>
<Placemark><name>Suporte Chave 8865340122</name><styleUrl>#styleDaimonCIRCUITO384TRECHO</styleUrl><LineString><coordinates>-48.142074,-10.320902,0 -48.142098,-10.320876,0</coordinates></LineString></Placemark>
<Placemark><name>Suporte Chave 0311765122</name><styleUrl>#styleDaimonCIRCUITO384TRECHO</styleUrl><LineString><coordinates>-48.139438,-10.323570,0 -48.139454,-10.323576,0</coordinates></LineString></Placemark>
<Placemark><name>Suporte Chave 0320107122</name><styleUrl>#styleDaimonCIRCUITO384TRECHO</styleUrl><LineString><coordinates>-48.142380,-10.320918,0 -48.142375,-10.320911,0</coordinates></LineString></Placemark>
<Placemark><name>Suporte Chave 0312204122</name><styleUrl>#styleDaimonCIRCUITO384TRECHO</styleUrl><LineString><coordinates>-48.138894,-10.323822,0 -48.138858,-10.323785,0</coordinates></LineString></Placemark>
<Placemark><name>Suporte Chave 0311848122</name><styleUrl>#styleDaimonCIRCUITO384TRECHO</styleUrl><LineString><coordinates>-48.136215,-10.330630,0 -48.136193,-10.330632,0</coordinates></LineString></Placemark>
<Placemark><name>Suporte Chave 0312722122</name><styleUrl>#styleDaimonCIRCUITO384TRECHO</styleUrl><LineString><coordinates>-48.137016,-10.326042,0 -48.136961,-10.326072,0</coordinates></LineString></Placemark>
<Placemark><name>Suporte Chave 0301558122</name><styleUrl>#styleDaimonCIRCUITO384TRECHO</styleUrl><LineString><coordinates>-48.135189,-10.334227,0 -48.135102,-10.334201,0</coordinates></LineString></Placemark>
<Placemark><name>Suporte Chave 3300156122</name><styleUrl>#styleDaimonCIRCUITO384TRECHO</styleUrl><LineString><coordinates>-48.136724,-10.327661,0 -48.136706,-10.327651,0</coordinates></LineString></Placemark>
<Placemark><name>Suporte Chave 0311839122</name><styleUrl>#styleDaimonCIRCUITO384TRECHO</styleUrl><LineString><coordinates>-48.135644,-10.332922,0 -48.135596,-10.332889,0</coordinates></LineString></Placemark>
<Placemark><name>Suporte Chave 0320067100</name><styleUrl>#styleDaimonCIRCUITO384TRECHO</styleUrl><LineString><coordinates>-48.143165,-10.334354,0 -48.143137,-10.334361,0</coordinates></LineString></Placemark>
<Placemark><name>Suporte Chave 0312546122</name><styleUrl>#styleDaimonCIRCUITO384TRECHO</styleUrl><LineString><coordinates>-48.138878,-10.330454,0 -48.138871,-10.330468,0</coordinates></LineString></Placemark>
<Placemark><name>Suporte Chave 0321333122</name><styleUrl>#styleDaimonCIRCUITO384TRECHO</styleUrl><LineString><coordinates>-48.143593,-10.335460,0 -48.143507,-10.335481,0</coordinates></LineString></Placemark>
<Placemark><name>Suporte Chave 0335809122</name><styleUrl>#styleDaimonCIRCUITO384TRECHO</styleUrl><LineString><coordinates>-48.144878,-10.337665,0 -48.144858,-10.337694,0</coordinates></LineString></Placemark>
<Placemark><name>Suporte Chave 0312185122</name><styleUrl>#styleDaimonCIRCUITO384TRECHO</styleUrl><LineString><coordinates>-48.141315,-10.332474,0 -48.141305,-10.332523,0</coordinates></LineString></Placemark>
<Placemark><name>Suporte Chave 0303019122</name><styleUrl>#styleDaimonCIRCUITO384TRECHO</styleUrl><LineString><coordinates>-48.119901,-10.344464,0 -48.119897,-10.344438,0</coordinates></LineString></Placemark>
<Placemark><name>Suporte Chave 3312176122</name><styleUrl>#styleDaimonCIRCUITO384TRECHO</styleUrl><LineString><coordinates>-48.118345,-10.346384,0 -48.118293,-10.346387,0</coordinates></LineString></Placemark>
<Placemark><name>Suporte Chave 0312175122</name><styleUrl>#styleDaimonCIRCUITO384TRECHO</styleUrl><LineString><coordinates>-48.133628,-10.335400,0 -48.133646,-10.335482,0</coordinates></LineString></Placemark>
<Placemark><name>Suporte Chave 0321325122</name><styleUrl>#styleDaimonCIRCUITO384TRECHO</styleUrl><LineString><coordinates>-48.122180,-10.342792,0 -48.122185,-10.342800,0</coordinates></LineString></Placemark>
<Placemark><name>Suporte Chave 0300108100</name><styleUrl>#styleDaimonCIRCUITO384TRECHO</styleUrl><LineString><coordinates>-48.130612,-10.335690,0 -48.130586,-10.335654,0</coordinates></LineString></Placemark>
<Placemark><name>Suporte Chave 0311835122</name><styleUrl>#styleDaimonCIRCUITO384TRECHO</styleUrl><LineString><coordinates>-48.126760,-10.338127,0 -48.126705,-10.338081,0</coordinates></LineString></Placemark>
<Placemark><name>Suporte Chave 0312174122</name><styleUrl>#styleDaimonCIRCUITO384TRECHO</styleUrl><LineString><coordinates>-48.128397,-10.336976,0 -48.128391,-10.336924,0</coordinates></LineString></Placemark>
<Placemark><name>Suporte Chave 0306868122</name><styleUrl>#styleDaimonCIRCUITO384TRECHO</styleUrl><LineString><coordinates>-48.123391,-10.341965,0 -48.123340,-10.341930,0</coordinates></LineString></Placemark>
<Placemark><name>Suporte Chave 0308505122</name><styleUrl>#styleDaimonCIRCUITO384TRECHO</styleUrl><LineString><coordinates>-48.119120,-10.345718,0 -48.119131,-10.345727,0</coordinates></LineString></Placemark>
<Placemark><name>Suporte Chave 3357666122</name><styleUrl>#styleDaimonCIRCUITO384TRECHO</styleUrl><LineString><coordinates>-48.144423,-10.323906,0 -48.144399,-10.323915,0</coordinates></LineString></Placemark>
<Placemark><name>Suporte Chave 0312298122</name><styleUrl>#styleDaimonCIRCUITO384TRECHO</styleUrl><LineString><coordinates>-48.144847,-10.324343,0 -48.144790,-10.324398,0</coordinates></LineString></Placemark>
<Placemark><name>Suporte Chave 0321332122</name><styleUrl>#styleDaimonCIRCUITO384TRECHO</styleUrl><LineString><coordinates>-48.144372,-10.323854,0 -48.144422,-10.323833,0</coordinates></LineString></Placemark>
<Placemark><name>Suporte Chave 0312188122</name><styleUrl>#styleDaimonCIRCUITO384TRECHO</styleUrl><LineString><coordinates>-48.132141,-10.332788,0 -48.132108,-10.332779,0</coordinates></LineString></Placemark>
<Placemark><name>Suporte Chave 0320077100</name><styleUrl>#styleDaimonCIRCUITO384TRECHO</styleUrl><LineString><coordinates>-48.132144,-10.332817,0 -48.132101,-10.332861,0</coordinates></LineString></Placemark>
<Placemark><name>Suporte Chave 0321331122</name><styleUrl>#styleDaimonCIRCUITO384TRECHO</styleUrl><LineString><coordinates>-48.134908,-10.327921,0 -48.134901,-10.327962,0</coordinates></LineString></Placemark>
<Placemark><name>Suporte Chave 0307804122</name><styleUrl>#styleDaimonCIRCUITO384TRECHO</styleUrl><LineString><coordinates>-48.130076,-10.323768,0 -48.130026,-10.323765,0</coordinates></LineString></Placemark>
<Placemark><name>Suporte Chave 0312177122</name><styleUrl>#styleDaimonCIRCUITO384TRECHO</styleUrl><LineString><coordinates>-48.117594,-10.347176,0 -48.117639,-10.347185,0</coordinates></LineString></Placemark>
<Placemark><name>Suporte Chave 3312178122</name><styleUrl>#styleDaimonCIRCUITO384TRECHO</styleUrl><LineString><coordinates>-48.115525,-10.350189,0 -48.115649,-10.350297,0</coordinates></LineString></Placemark>
<Placemark><name>Suporte Chave 0312179122</name><styleUrl>#styleDaimonCIRCUITO384TRECHO</styleUrl><LineString><coordinates>-48.114920,-10.351110,0 -48.114900,-10.351090,0</coordinates></LineString></Placemark>
<Placemark><name>Suporte Chave 0312182122</name><styleUrl>#styleDaimonCIRCUITO384TRECHO</styleUrl><LineString><coordinates>-48.102840,-10.362199,0 -48.102791,-10.362273,0</coordinates></LineString></Placemark>
<Placemark><name>Suporte Chave 0303024122</name><styleUrl>#styleDaimonCIRCUITO384TRECHO</styleUrl><LineString><coordinates>-48.104718,-10.360253,0 -48.104695,-10.360290,0</coordinates></LineString></Placemark>
<Placemark><name>Suporte Chave 0321374122</name><styleUrl>#styleDaimonCIRCUITO384TRECHO</styleUrl><LineString><coordinates>-48.116456,-10.349040,0 -48.116463,-10.349055,0</coordinates></LineString></Placemark>
<Placemark><name>Suporte Chave 0311669122</name><styleUrl>#styleDaimonCIRCUITO384TRECHO</styleUrl><LineString><coordinates>-48.130147,-10.335024,0 -48.130158,-10.334963,0</coordinates></LineString></Placemark>
<Placemark><name>Suporte Chave 0311371122</name><styleUrl>#styleDaimonCIRCUITO384TRECHO</styleUrl><LineString><coordinates>-48.129664,-10.334398,0 -48.129661,-10.334336,0</coordinates></LineString></Placemark>
<Placemark><name>Suporte Chave 8833796122</name><styleUrl>#styleDaimonCIRCUITO384TRECHO</styleUrl><LineString><coordinates>-48.150939,-10.319629,0 -48.150939,-10.319631,0</coordinates></LineString></Placemark>
<Placemark><name>Suporte Chave 8805232100</name><styleUrl>#styleDaimonCIRCUITO384TRECHO</styleUrl><LineString><coordinates>-48.156964,-10.314909,0 -48.156963,-10.314911,0</coordinates></LineString></Placemark>
<Placemark><name>Suporte Chave 3113655100</name><styleUrl>#styleDaimonCIRCUITO384TRECHO</styleUrl><LineString><coordinates>-48.162816,-10.311061,0 -48.162819,-10.311064,0</coordinates></LineString></Placemark>
<Placemark><name>Suporte Chave 8827326100</name><styleUrl>#styleDaimonCIRCUITO384TRECHO</styleUrl><LineString><coordinates>-48.162256,-10.313087,0 -48.162217,-10.313102,0</coordinates></LineString></Placemark>
<Placemark><name>Suporte Chave 8829535122</name><styleUrl>#styleDaimonCIRCUITO384TRECHO</styleUrl><LineString><coordinates>-48.151579,-10.318577,0 -48.151572,-10.318574,0</coordinates></LineString></Placemark>
<Placemark><name>Suporte Chave 8826661100</name><styleUrl>#styleDaimonCIRCUITO384TRECHO</styleUrl><LineString><coordinates>-48.156438,-10.312864,0 -48.156411,-10.312870,0</coordinates></LineString></Placemark>
<Placemark><name>Suporte Chave 8829530100</name><styleUrl>#styleDaimonCIRCUITO384TRECHO</styleUrl><LineString><coordinates>-48.153296,-10.316640,0 -48.153292,-10.316648,0</coordinates></LineString></Placemark>
</Folder>
<Folder>
<name>RedeBT</name>
</Folder>
</Folder>
</Document>
</kml>