<?xml version="1.0" encoding="UTF-8"?>
<kml xmlns="http://www.opengis.net/kml/2.2" xmlns:gx="http://www.google.com/kml/ext/2.2" xmlns:kml="http://www.opengis.net/kml/2.2" xmlns:atom="http://www.w3.org/2005/Atom">
<Document>
<open>1</open>
<Style id="styleDaimonBarra0"><IconStyle><scale>1.00</scale><Icon><href>http://maps.google.com/mapfiles/kml/paddle/wht-blank.png</href></Icon><hotSpot x="32" y="1" xunits="pixels" yunits="pixels"/></IconStyle><LabelStyle><color>ffffffff</color><colorMode>normal</colorMode><scale>1.00</scale></LabelStyle><ListStyle><ItemIcon><href>http://maps.google.com/mapfiles/kml/paddle/wht-blank.png</href></ItemIcon></ListStyle></Style>
<Style id="styleDaimonBarra1"><IconStyle><scale>1.00</scale><Icon><href>http://maps.google.com/mapfiles/kml/paddle/wht-blank.png</href></Icon><hotSpot x="32" y="1" xunits="pixels" yunits="pixels"/></IconStyle><LabelStyle><color>ffffffff</color><colorMode>normal</colorMode><scale>1.00</scale></LabelStyle><ListStyle><ItemIcon><href>http://maps.google.com/mapfiles/kml/paddle/wht-blank.png</href></ItemIcon></ListStyle></Style>
<StyleMap id="mapDaimonBarra"><Pair><key>normal</key><styleUrl>#styleDaimonBarra0</styleUrl></Pair><Pair><key>highlight</key><styleUrl>#styleDaimonBarra1</styleUrl></Pair></StyleMap>
<Style id="styleDaimonBarraBT0"><IconStyle><scale>1.00</scale><Icon><href>http://maps.google.com/mapfiles/kml/paddle/wht-blank.png</href></Icon><hotSpot x="32" y="1" xunits="pixels" yunits="pixels"/></IconStyle><LabelStyle><color>ffffffff</color><colorMode>normal</colorMode><scale>1.00</scale></LabelStyle><ListStyle><ItemIcon><href>http://maps.google.com/mapfiles/kml/paddle/wht-blank.png</href></ItemIcon></ListStyle></Style>
<Style id="styleDaimonBarraBT1"><IconStyle><scale>1.00</scale><Icon><href>http://maps.google.com/mapfiles/kml/paddle/wht-blank.png</href></Icon><hotSpot x="32" y="1" xunits="pixels" yunits="pixels"/></IconStyle><LabelStyle><color>ffffffff</color><colorMode>normal</colorMode><scale>1.00</scale></LabelStyle><ListStyle><ItemIcon><href>http://maps.google.com/mapfiles/kml/paddle/wht-blank.png</href></ItemIcon></ListStyle></Style>
<StyleMap id="mapDaimonBarraBT"><Pair><key>normal</key><styleUrl>#styleDaimonBarraBT0</styleUrl></Pair><Pair><key>highlight</key><styleUrl>#styleDaimonBarraBT1</styleUrl></Pair></StyleMap>
<Style id="styleDaimonCapacitor0"><IconStyle><scale>1.00</scale><Icon><href>http://maps.google.com/mapfiles/kml/paddle/purple-blank.png</href></Icon><hotSpot x="32" y="1" xunits="pixels" yunits="pixels"/></IconStyle><LabelStyle><color>ffffffff</color><colorMode>normal</colorMode><scale>1.00</scale></LabelStyle><ListStyle><ItemIcon><href>http://maps.google.com/mapfiles/kml/paddle/purple-blank.png</href></ItemIcon></ListStyle></Style>
<Style id="styleDaimonCapacitor1"><IconStyle><scale>1.00</scale><Icon><href>http://maps.google.com/mapfiles/kml/paddle/purple-blank.png</href></Icon><hotSpot x="32" y="1" xunits="pixels" yunits="pixels"/></IconStyle><LabelStyle><color>ffffffff</color><colorMode>normal</colorMode><scale>1.00</scale></LabelStyle><ListStyle><ItemIcon><href>http://maps.google.com/mapfiles/kml/paddle/purple-blank.png</href></ItemIcon></ListStyle></Style>
<StyleMap id="mapDaimonCapacitor"><Pair><key>normal</key><styleUrl>#styleDaimonCapacitor0</styleUrl></Pair><Pair><key>highlight</key><styleUrl>#styleDaimonCapacitor1</styleUrl></Pair></StyleMap>
<Style id="styleDaimonCapacitorBT0"><IconStyle><scale>1.00</scale><Icon><href>http://maps.google.com/mapfiles/kml/paddle/purple-blank.png</href></Icon><hotSpot x="32" y="1" xunits="pixels" yunits="pixels"/></IconStyle><LabelStyle><color>ffffffff</color><colorMode>normal</colorMode><scale>1.00</scale></LabelStyle><ListStyle><ItemIcon><href>http://maps.google.com/mapfiles/kml/paddle/purple-blank.png</href></ItemIcon></ListStyle></Style>
<Style id="styleDaimonCapacitorBT1"><IconStyle><scale>1.00</scale><Icon><href>http://maps.google.com/mapfiles/kml/paddle/purple-blank.png</href></Icon><hotSpot x="32" y="1" xunits="pixels" yunits="pixels"/></IconStyle><LabelStyle><color>ffffffff</color><colorMode>normal</colorMode><scale>1.00</scale></LabelStyle><ListStyle><ItemIcon><href>http://maps.google.com/mapfiles/kml/paddle/purple-blank.png</href></ItemIcon></ListStyle></Style>
<StyleMap id="mapDaimonCapacitorBT"><Pair><key>normal</key><styleUrl>#styleDaimonCapacitorBT0</styleUrl></Pair><Pair><key>highlight</key><styleUrl>#styleDaimonCapacitorBT1</styleUrl></Pair></StyleMap>
<Style id="styleDaimonCapacitorSerie0"><IconStyle><scale>0.60</scale><Icon><href>http://maps.google.com/mapfiles/kml/paddle/purple-blank.png</href></Icon><hotSpot x="32" y="1" xunits="pixels" yunits="pixels"/></IconStyle><LabelStyle><color>ff00ffff</color><colorMode>normal</colorMode><scale>0.60</scale></LabelStyle><ListStyle><ItemIcon><href>http://maps.google.com/mapfiles/kml/paddle/purple-blank.png</href></ItemIcon></ListStyle></Style>
<Style id="styleDaimonCapacitorSerie1"><IconStyle><scale>0.60</scale><Icon><href>http://maps.google.com/mapfiles/kml/paddle/purple-blank.png</href></Icon><hotSpot x="32" y="1" xunits="pixels" yunits="pixels"/></IconStyle><LabelStyle><color>ff00ffff</color><colorMode>normal</colorMode><scale>0.60</scale></LabelStyle><ListStyle><ItemIcon><href>http://maps.google.com/mapfiles/kml/paddle/purple-blank.png</href></ItemIcon></ListStyle></Style>
<StyleMap id="mapDaimonCapacitorSerie"><Pair><key>normal</key><styleUrl>#styleDaimonCapacitorSerie0</styleUrl></Pair><Pair><key>highlight</key><styleUrl>#styleDaimonCapacitorSerie1</styleUrl></Pair></StyleMap>
<Style id="styleDaimonChave0"><IconStyle><scale>0.60</scale><Icon><href>http://maps.google.com/mapfiles/kml/paddle/red-circle.png</href></Icon><hotSpot x="32" y="1" xunits="pixels" yunits="pixels"/></IconStyle><LabelStyle><color>ff0000ff</color><colorMode>normal</colorMode><scale>0.60</scale></LabelStyle><ListStyle><ItemIcon><href>http://maps.google.com/mapfiles/kml/paddle/red-circle.png</href></ItemIcon></ListStyle></Style>
<Style id="styleDaimonChave1"><IconStyle><scale>0.60</scale><Icon><href>http://maps.google.com/mapfiles/kml/paddle/red-circle.png</href></Icon><hotSpot x="32" y="1" xunits="pixels" yunits="pixels"/></IconStyle><LabelStyle><color>ff0000ff</color><colorMode>normal</colorMode><scale>0.60</scale></LabelStyle><ListStyle><ItemIcon><href>http://maps.google.com/mapfiles/kml/paddle/red-circle.png</href></ItemIcon></ListStyle></Style>
<StyleMap id="mapDaimonChave"><Pair><key>normal</key><styleUrl>#styleDaimonChave0</styleUrl></Pair><Pair><key>highlight</key><styleUrl>#styleDaimonChave1</styleUrl></Pair></StyleMap>
<Style id="styleDaimonEP0"><IconStyle><scale>0.80</scale><Icon><href>http://maps.google.com/mapfiles/kml/paddle/ylw-circle.png</href></Icon><hotSpot x="32" y="1" xunits="pixels" yunits="pixels"/></IconStyle><LabelStyle><color>ff00ffff</color><colorMode>normal</colorMode><scale>0.80</scale></LabelStyle><ListStyle><ItemIcon><href>http://maps.google.com/mapfiles/kml/paddle/ylw-circle.png</href></ItemIcon></ListStyle></Style>
<Style id="styleDaimonEP1"><IconStyle><scale>0.80</scale><Icon><href>http://maps.google.com/mapfiles/kml/paddle/ylw-circle.png</href></Icon><hotSpot x="32" y="1" xunits="pixels" yunits="pixels"/></IconStyle><LabelStyle><color>ff00ffff</color><colorMode>normal</colorMode><scale>0.80</scale></LabelStyle><ListStyle><ItemIcon><href>http://maps.google.com/mapfiles/kml/paddle/ylw-circle.png</href></ItemIcon></ListStyle></Style>
<StyleMap id="mapDaimonEP"><Pair><key>normal</key><styleUrl>#styleDaimonEP0</styleUrl></Pair><Pair><key>highlight</key><styleUrl>#styleDaimonEP1</styleUrl></Pair></StyleMap>
<Style id="styleDaimonET0"><IconStyle><scale>0.80</scale><Icon><href>http://maps.google.com/mapfiles/kml/paddle/blu-blank.png</href></Icon><hotSpot x="32" y="1" xunits="pixels" yunits="pixels"/></IconStyle><LabelStyle><color>ffffff00</color><colorMode>normal</colorMode><scale>0.80</scale></LabelStyle><ListStyle><ItemIcon><href>http://maps.google.com/mapfiles/kml/paddle/blu-blank.png</href></ItemIcon></ListStyle></Style>
<Style id="styleDaimonET1"><IconStyle><scale>0.80</scale><Icon><href>http://maps.google.com/mapfiles/kml/paddle/blu-blank.png</href></Icon><hotSpot x="32" y="1" xunits="pixels" yunits="pixels"/></IconStyle><LabelStyle><color>ffffff00</color><colorMode>normal</colorMode><scale>0.80</scale></LabelStyle><ListStyle><ItemIcon><href>http://maps.google.com/mapfiles/kml/paddle/blu-blank.png</href></ItemIcon></ListStyle></Style>
<StyleMap id="mapDaimonET"><Pair><key>normal</key><styleUrl>#styleDaimonET0</styleUrl></Pair><Pair><key>highlight</key><styleUrl>#styleDaimonET1</styleUrl></Pair></StyleMap>
<Style id="styleDaimonGerador0"><IconStyle><scale>1.00</scale><Icon><href>http://maps.google.com/mapfiles/kml/paddle/orange-diamond.png</href></Icon><hotSpot x="32" y="1" xunits="pixels" yunits="pixels"/></IconStyle><LabelStyle><color>ffffffff</color><colorMode>normal</colorMode><scale>1.00</scale></LabelStyle><ListStyle><ItemIcon><href>http://maps.google.com/mapfiles/kml/paddle/orange-diamond.png</href></ItemIcon></ListStyle></Style>
<Style id="styleDaimonGerador1"><IconStyle><scale>1.00</scale><Icon><href>http://maps.google.com/mapfiles/kml/paddle/orange-diamond.png</href></Icon><hotSpot x="32" y="1" xunits="pixels" yunits="pixels"/></IconStyle><LabelStyle><color>ffffffff</color><colorMode>normal</colorMode><scale>1.00</scale></LabelStyle><ListStyle><ItemIcon><href>http://maps.google.com/mapfiles/kml/paddle/orange-diamond.png</href></ItemIcon></ListStyle></Style>
<StyleMap id="mapDaimonGerador"><Pair><key>normal</key><styleUrl>#styleDaimonGerador0</styleUrl></Pair><Pair><key>highlight</key><styleUrl>#styleDaimonGerador1</styleUrl></Pair></StyleMap>
<Style id="styleDaimonReator0"><IconStyle><scale>1.00</scale><Icon><href>http://maps.google.com/mapfiles/kml/paddle/wht-square.png</href></Icon><hotSpot x="32" y="1" xunits="pixels" yunits="pixels"/></IconStyle><LabelStyle><color>ff00ffff</color><colorMode>normal</colorMode><scale>1.00</scale></LabelStyle><ListStyle><ItemIcon><href>http://maps.google.com/mapfiles/kml/paddle/wht-square.png</href></ItemIcon></ListStyle></Style>
<Style id="styleDaimonReator1"><IconStyle><scale>1.00</scale><Icon><href>http://maps.google.com/mapfiles/kml/paddle/wht-square.png</href></Icon><hotSpot x="32" y="1" xunits="pixels" yunits="pixels"/></IconStyle><LabelStyle><color>ff00ffff</color><colorMode>normal</colorMode><scale>1.00</scale></LabelStyle><ListStyle><ItemIcon><href>http://maps.google.com/mapfiles/kml/paddle/wht-square.png</href></ItemIcon></ListStyle></Style>
<StyleMap id="mapDaimonReator"><Pair><key>normal</key><styleUrl>#styleDaimonReator0</styleUrl></Pair><Pair><key>highlight</key><styleUrl>#styleDaimonReator1</styleUrl></Pair></StyleMap>
<Style id="styleDaimonRegulador0"><IconStyle><scale>1.00</scale><Icon><href>http://maps.google.com/mapfiles/kml/paddle/orange-diamond.png</href></Icon><hotSpot x="32" y="1" xunits="pixels" yunits="pixels"/></IconStyle><LabelStyle><color>ff00a5ff</color><colorMode>normal</colorMode><scale>1.00</scale></LabelStyle><ListStyle><ItemIcon><href>http://maps.google.com/mapfiles/kml/paddle/orange-diamond.png</href></ItemIcon></ListStyle></Style>
<Style id="styleDaimonRegulador1"><IconStyle><scale>1.00</scale><Icon><href>http://maps.google.com/mapfiles/kml/paddle/orange-diamond.png</href></Icon><hotSpot x="32" y="1" xunits="pixels" yunits="pixels"/></IconStyle><LabelStyle><color>ff00a5ff</color><colorMode>normal</colorMode><scale>1.00</scale></LabelStyle><ListStyle><ItemIcon><href>http://maps.google.com/mapfiles/kml/paddle/orange-diamond.png</href></ItemIcon></ListStyle></Style>
<StyleMap id="mapDaimonRegulador"><Pair><key>normal</key><styleUrl>#styleDaimonRegulador0</styleUrl></Pair><Pair><key>highlight</key><styleUrl>#styleDaimonRegulador1</styleUrl></Pair></StyleMap>
<Style id="styleDaimonTransformador0"><IconStyle><scale>1.00</scale><Icon><href>http://maps.google.com/mapfiles/kml/paddle/pink-circle.png</href></Icon><hotSpot x="32" y="1" xunits="pixels" yunits="pixels"/></IconStyle><LabelStyle><color>ffff00ff</color><colorMode>normal</colorMode><scale>1.00</scale></LabelStyle><ListStyle><ItemIcon><href>http://maps.google.com/mapfiles/kml/paddle/pink-circle.png</href></ItemIcon></ListStyle></Style>
<Style id="styleDaimonTransformador1"><IconStyle><scale>1.00</scale><Icon><href>http://maps.google.com/mapfiles/kml/paddle/pink-circle.png</href></Icon><hotSpot x="32" y="1" xunits="pixels" yunits="pixels"/></IconStyle><LabelStyle><color>ffff00ff</color><colorMode>normal</colorMode><scale>1.00</scale></LabelStyle><ListStyle><ItemIcon><href>http://maps.google.com/mapfiles/kml/paddle/pink-circle.png</href></ItemIcon></ListStyle></Style>
<StyleMap id="mapDaimonTransformador"><Pair><key>normal</key><styleUrl>#styleDaimonTransformador0</styleUrl></Pair><Pair><key>highlight</key><styleUrl>#styleDaimonTransformador1</styleUrl></Pair></StyleMap>
<Style id="styleDaimonTrecho"><LineStyle><color>ffffffff</color><width>1.00</width></LineStyle></Style>
<Style id="styleDaimonTrechoBT"><LineStyle><color>ffff0000</color><width>1.00</width></LineStyle></Style>
<Style id="styleDaimonChaveNA0"><IconStyle><scale>0.60</scale><Icon><href>http://maps.google.com/mapfiles/kml/paddle/grn-blank.png</href></Icon><hotSpot x="32" y="1" xunits="pixels" yunits="pixels"/></IconStyle><LabelStyle><color>ff00ff00</color><colorMode>normal</colorMode><scale>0.60</scale></LabelStyle><ListStyle><ItemIcon><href>http://maps.google.com/mapfiles/kml/paddle/grn-blank.png</href></ItemIcon></ListStyle></Style>
<Style id="styleDaimonChaveNA1"><IconStyle><scale>0.60</scale><Icon><href>http://maps.google.com/mapfiles/kml/paddle/grn-blank.png</href></Icon><hotSpot x="32" y="1" xunits="pixels" yunits="pixels"/></IconStyle><LabelStyle><color>ff00ff00</color><colorMode>normal</colorMode><scale>0.60</scale></LabelStyle><ListStyle><ItemIcon><href>http://maps.google.com/mapfiles/kml/paddle/grn-blank.png</href></ItemIcon></ListStyle></Style>
<StyleMap id="mapDaimonChaveNA"><Pair><key>normal</key><styleUrl>#styleDaimonChaveNA0</styleUrl></Pair><Pair><key>highlight</key><styleUrl>#styleDaimonChaveNA1</styleUrl></Pair></StyleMap>
<Style id="styleDaimonChaveSoco0"><IconStyle><scale>0.60</scale><Icon><href>http://maps.google.com/mapfiles/kml/paddle/grn-blank.png</href></Icon><hotSpot x="32" y="1" xunits="pixels" yunits="pixels"/></IconStyle><LabelStyle><color>ff00ff00</color><colorMode>normal</colorMode><scale>0.60</scale></LabelStyle><ListStyle><ItemIcon><href>http://maps.google.com/mapfiles/kml/paddle/grn-blank.png</href></ItemIcon></ListStyle></Style>
<Style id="styleDaimonChaveSoco1"><IconStyle><scale>0.60</scale><Icon><href>http://maps.google.com/mapfiles/kml/paddle/grn-blank.png</href></Icon><hotSpot x="32" y="1" xunits="pixels" yunits="pixels"/></IconStyle><LabelStyle><color>ff00ff00</color><colorMode>normal</colorMode><scale>0.60</scale></LabelStyle><ListStyle><ItemIcon><href>http://maps.google.com/mapfiles/kml/paddle/grn-blank.png</href></ItemIcon></ListStyle></Style>
<StyleMap id="mapDaimonChaveSoco"><Pair><key>normal</key><styleUrl>#styleDaimonChaveSoco0</styleUrl></Pair><Pair><key>highlight</key><styleUrl>#styleDaimonChaveSoco1</styleUrl></Pair></StyleMap>
<Style id="styleDaimonSE0"><IconStyle><scale>1.20</scale><Icon><href>http://maps.google.com/mapfiles/kml/paddle/wht-circle.png</href></Icon><hotSpot x="32" y="1" xunits="pixels" yunits="pixels"/></IconStyle><LabelStyle><color>ffffffff</color><colorMode>normal</colorMode><scale>1.20</scale></LabelStyle><ListStyle><ItemIcon><href>http://maps.google.com/mapfiles/kml/paddle/wht-circle.png</href></ItemIcon></ListStyle></Style>
<Style id="styleDaimonSE1"><IconStyle><scale>1.20</scale><Icon><href>http://maps.google.com/mapfiles/kml/paddle/wht-circle.png</href></Icon><hotSpot x="32" y="1" xunits="pixels" yunits="pixels"/></IconStyle><LabelStyle><color>ffffffff</color><colorMode>normal</colorMode><scale>1.20</scale></LabelStyle><ListStyle><ItemIcon><href>http://maps.google.com/mapfiles/kml/paddle/wht-circle.png</href></ItemIcon></ListStyle></Style>
<StyleMap id="mapDaimonSE"><Pair><key>normal</key><styleUrl>#styleDaimonSE0</styleUrl></Pair><Pair><key>highlight</key><styleUrl>#styleDaimonSE1</styleUrl></Pair></StyleMap>
<Style id="styleDaimonDiag_BOM"><LineStyle><color>ff80ff80</color><width>3.20</width></LineStyle></Style>
<Style id="styleDaimonDiag_REGULAR"><LineStyle><color>ff00ffff</color><width>3.20</width></LineStyle></Style>
<Style id="styleDaimonDiag_RUIM"><LineStyle><color>ff0000ff</color><width>3.20</width></LineStyle></Style>
<Style id="styleDaimonDiag_INDEF"><LineStyle><color>ff808080</color><width>3.20</width></LineStyle></Style>
<Style id="styleDaimonDiag_BARRA_BOM0"><IconStyle><scale>0.60</scale><Icon><href>http://maps.google.com/mapfiles/kml/paddle/grn-blank.png</href></Icon><hotSpot x="32" y="1" xunits="pixels" yunits="pixels"/></IconStyle><LabelStyle><color>ffffffff</color><colorMode>normal</colorMode><scale>0.60</scale></LabelStyle><ListStyle><ItemIcon><href>http://maps.google.com/mapfiles/kml/paddle/grn-blank.png</href></ItemIcon></ListStyle></Style>
<Style id="styleDaimonDiag_BARRA_BOM1"><IconStyle><scale>0.60</scale><Icon><href>http://maps.google.com/mapfiles/kml/paddle/grn-blank.png</href></Icon><hotSpot x="32" y="1" xunits="pixels" yunits="pixels"/></IconStyle><LabelStyle><color>ffffffff</color><colorMode>normal</colorMode><scale>0.60</scale></LabelStyle><ListStyle><ItemIcon><href>http://maps.google.com/mapfiles/kml/paddle/grn-blank.png</href></ItemIcon></ListStyle></Style>
<StyleMap id="mapDaimonDiag_BARRA_BOM"><Pair><key>normal</key><styleUrl>#styleDaimonDiag_BARRA_BOM0</styleUrl></Pair><Pair><key>highlight</key><styleUrl>#styleDaimonDiag_BARRA_BOM1</styleUrl></Pair></StyleMap>
<Style id="styleDaimonDiag_BARRA_REGULAR0"><IconStyle><scale>0.60</scale><Icon><href>http://maps.google.com/mapfiles/kml/paddle/ylw-blank.png</href></Icon><hotSpot x="32" y="1" xunits="pixels" yunits="pixels"/></IconStyle><LabelStyle><color>ffffffff</color><colorMode>normal</colorMode><scale>0.60</scale></LabelStyle><ListStyle><ItemIcon><href>http://maps.google.com/mapfiles/kml/paddle/ylw-blank.png</href></ItemIcon></ListStyle></Style>
<Style id="styleDaimonDiag_BARRA_REGULAR1"><IconStyle><scale>0.60</scale><Icon><href>http://maps.google.com/mapfiles/kml/paddle/ylw-blank.png</href></Icon><hotSpot x="32" y="1" xunits="pixels" yunits="pixels"/></IconStyle><LabelStyle><color>ffffffff</color><colorMode>normal</colorMode><scale>0.60</scale></LabelStyle><ListStyle><ItemIcon><href>http://maps.google.com/mapfiles/kml/paddle/ylw-blank.png</href></ItemIcon></ListStyle></Style>
<StyleMap id="mapDaimonDiag_BARRA_REGULAR"><Pair><key>normal</key><styleUrl>#styleDaimonDiag_BARRA_REGULAR0</styleUrl></Pair><Pair><key>highlight</key><styleUrl>#styleDaimonDiag_BARRA_REGULAR1</styleUrl></Pair></StyleMap>
<Style id="styleDaimonDiag_BARRA_RUIM0"><IconStyle><scale>0.60</scale><Icon><href>http://maps.google.com/mapfiles/kml/paddle/red-blank.png</href></Icon><hotSpot x="32" y="1" xunits="pixels" yunits="pixels"/></IconStyle><LabelStyle><color>ffffffff</color><colorMode>normal</colorMode><scale>0.60</scale></LabelStyle><ListStyle><ItemIcon><href>http://maps.google.com/mapfiles/kml/paddle/red-blank.png</href></ItemIcon></ListStyle></Style>
<Style id="styleDaimonDiag_BARRA_RUIM1"><IconStyle><scale>0.60</scale><Icon><href>http://maps.google.com/mapfiles/kml/paddle/red-blank.png</href></Icon><hotSpot x="32" y="1" xunits="pixels" yunits="pixels"/></IconStyle><LabelStyle><color>ffffffff</color><colorMode>normal</colorMode><scale>0.60</scale></LabelStyle><ListStyle><ItemIcon><href>http://maps.google.com/mapfiles/kml/paddle/red-blank.png</href></ItemIcon></ListStyle></Style>
<StyleMap id="mapDaimonDiag_BARRA_RUIM"><Pair><key>normal</key><styleUrl>#styleDaimonDiag_BARRA_RUIM0</styleUrl></Pair><Pair><key>highlight</key><styleUrl>#styleDaimonDiag_BARRA_RUIM1</styleUrl></Pair></StyleMap>
<Style id="styleDaimonDiag_BARRA_INDEF0"><IconStyle><scale>0.60</scale><Icon><href>http://maps.google.com/mapfiles/kml/paddle/wht-blank.png</href></Icon><hotSpot x="32" y="1" xunits="pixels" yunits="pixels"/></IconStyle><LabelStyle><color>ffffffff</color><colorMode>normal</colorMode><scale>0.60</scale></LabelStyle><ListStyle><ItemIcon><href>http://maps.google.com/mapfiles/kml/paddle/wht-blank.png</href></ItemIcon></ListStyle></Style>
<Style id="styleDaimonDiag_BARRA_INDEF1"><IconStyle><scale>0.60</scale><Icon><href>http://maps.google.com/mapfiles/kml/paddle/wht-blank.png</href></Icon><hotSpot x="32" y="1" xunits="pixels" yunits="pixels"/></IconStyle><LabelStyle><color>ffffffff</color><colorMode>normal</colorMode><scale>0.60</scale></LabelStyle><ListStyle><ItemIcon><href>http://maps.google.com/mapfiles/kml/paddle/wht-blank.png</href></ItemIcon></ListStyle></Style>
<StyleMap id="mapDaimonDiag_BARRA_INDEF"><Pair><key>normal</key><styleUrl>#styleDaimonDiag_BARRA_INDEF0</styleUrl></Pair><Pair><key>highlight</key><styleUrl>#styleDaimonDiag_BARRA_INDEF1</styleUrl></Pair></StyleMap>
<Style id="styleDaimonMONO"><LineStyle><color>ff0000ff</color><width>2.00</width></LineStyle></Style>
<Style id="styleDaimonBI"><LineStyle><color>ff00ff00</color><width>2.00</width></LineStyle></Style>
<Style id="styleDaimonTRI"><LineStyle><color>ffff0000</color><width>2.00</width></LineStyle></Style>
<Style id="styleDaimonMONO_BT"><LineStyle><color>ffffff00</color><width>1.00</width></LineStyle></Style>
<Style id="styleDaimonBI_BT"><LineStyle><color>ffff00ff</color><width>1.00</width></LineStyle></Style>
<Style id="styleDaimonTRI_BT"><LineStyle><color>ff00ffff</color><width>1.00</width></LineStyle></Style>
<Style id="styleDaimonCIRCUITO341TRECHO"><LineStyle><color>ff8000ff</color><width>2.00</width></LineStyle></Style>
<Style id="styleDaimonFolderCirc_AL01062013"><ListStyle><bgColor>ff8000ff</bgColor></ListStyle></Style>
<Folder>
<name>Circ_AL01062013</name>
<styleUrl>#styleDaimonFolderCirc_AL01062013</styleUrl><Folder>
<name>Capacitor</name>
<visibility>0</visibility>
<Placemark><name>5962091013</name><visibility>0</visibility><LookAt><longitude>-48.897082</longitude><latitude>-10.178529</latitude><altitude>1200.0</altitude><altitudeMode>absolute</altitudeMode></LookAt><styleUrl>#mapDaimonCapacitor</styleUrl><Point><coordinates>-48.897082,-10.178529,0</coordinates></Point></Placemark>
<Placemark><name>5900119013</name><visibility>0</visibility><LookAt><longitude>-48.888995</longitude><latitude>-10.166061</latitude><altitude>1200.0</altitude><altitudeMode>absolute</altitudeMode></LookAt><styleUrl>#mapDaimonCapacitor</styleUrl><Point><coordinates>-48.888995,-10.166061,0</coordinates></Point></Placemark>
<Placemark><name>5936329013</name><visibility>0</visibility><LookAt><longitude>-48.884438</longitude><latitude>-10.155797</latitude><altitude>1200.0</altitude><altitudeMode>absolute</altitudeMode></LookAt><styleUrl>#mapDaimonCapacitor</styleUrl><Point><coordinates>-48.884438,-10.155797,0</coordinates></Point></Placemark>
<Placemark><name>5962029013</name><visibility>0</visibility><LookAt><longitude>-48.889887</longitude><latitude>-10.152501</latitude><altitude>1200.0</altitude><altitudeMode>absolute</altitudeMode></LookAt><styleUrl>#mapDaimonCapacitor</styleUrl><Point><coordinates>-48.889887,-10.152501,0</coordinates></Point></Placemark>
<Placemark><name>5962031013</name><visibility>0</visibility><LookAt><longitude>-48.876177</longitude><latitude>-10.165794</latitude><altitude>1200.0</altitude><altitudeMode>absolute</altitudeMode></LookAt><styleUrl>#mapDaimonCapacitor</styleUrl><Point><coordinates>-48.876177,-10.165794,0</coordinates></Point></Placemark>
<Placemark><name>5962028013</name><visibility>0</visibility><LookAt><longitude>-48.874664</longitude><latitude>-10.160763</latitude><altitude>1200.0</altitude><altitudeMode>absolute</altitudeMode></LookAt><styleUrl>#mapDaimonCapacitor</styleUrl><Point><coordinates>-48.874664,-10.160763,0</coordinates></Point></Placemark>
</Folder>
<Folder>
<name>CapacitorSerie</name>
<visibility>0</visibility>
</Folder>
<Folder>
<name>Chave</name>
<visibility>0</visibility>
<Placemark><name>DJ_AL01062013_FICT</name><visibility>0</visibility><LookAt><longitude>-48.897275</longitude><latitude>-10.180248</latitude><altitude>1200.0</altitude><altitudeMode>absolute</altitudeMode></LookAt><styleUrl>#mapDaimonChave</styleUrl><Point><coordinates>-48.897275,-10.180248,0</coordinates></Point></Placemark>
<Placemark><name>8800001013</name><visibility>0</visibility><LookAt><longitude>-48.897122</longitude><latitude>-10.179976</latitude><altitude>1200.0</altitude><altitudeMode>absolute</altitudeMode></LookAt><styleUrl>#mapDaimonChave</styleUrl><Point><coordinates>-48.897122,-10.179976,0</coordinates></Point></Placemark>
<Placemark><name>8802191013</name><visibility>0</visibility><LookAt><longitude>-48.897318</longitude><latitude>-10.179630</latitude><altitude>1200.0</altitude><altitudeMode>absolute</altitudeMode></LookAt><styleUrl>#mapDaimonChave</styleUrl><Point><coordinates>-48.897318,-10.179630,0</coordinates></Point></Placemark>
<Placemark><name>8856350013</name><visibility>0</visibility><LookAt><longitude>-48.893617</longitude><latitude>-10.176709</latitude><altitude>1200.0</altitude><altitudeMode>absolute</altitudeMode></LookAt><styleUrl>#mapDaimonChave</styleUrl><Point><coordinates>-48.893617,-10.176709,0</coordinates></Point></Placemark>
<Placemark><name>0362091013</name><visibility>0</visibility><LookAt><longitude>-48.897082</longitude><latitude>-10.178531</latitude><altitude>1200.0</altitude><altitudeMode>absolute</altitudeMode></LookAt><styleUrl>#mapDaimonChave</styleUrl><Point><coordinates>-48.897082,-10.178531,0</coordinates></Point></Placemark>
<Placemark><name>8855938013</name><visibility>0</visibility><LookAt><longitude>-48.893171</longitude><latitude>-10.176222</latitude><altitude>1200.0</altitude><altitudeMode>absolute</altitudeMode></LookAt><styleUrl>#mapDaimonChave</styleUrl><Point><coordinates>-48.893171,-10.176222,0</coordinates></Point></Placemark>
<Placemark><name>8831540013</name><visibility>0</visibility><LookAt><longitude>-48.895631</longitude><latitude>-10.173795</latitude><altitude>1200.0</altitude><altitudeMode>absolute</altitudeMode></LookAt><styleUrl>#mapDaimonChave</styleUrl><Point><coordinates>-48.895631,-10.173795,0</coordinates></Point></Placemark>
<Placemark><name>8841998013</name><visibility>0</visibility><LookAt><longitude>-48.894639</longitude><latitude>-10.172367</latitude><altitude>1200.0</altitude><altitudeMode>absolute</altitudeMode></LookAt><styleUrl>#mapDaimonChave</styleUrl><Point><coordinates>-48.894639,-10.172367,0</coordinates></Point></Placemark>
<Placemark><name>0200061013</name><visibility>0</visibility><LookAt><longitude>-48.893458</longitude><latitude>-10.171495</latitude><altitude>1200.0</altitude><altitudeMode>absolute</altitudeMode></LookAt><styleUrl>#mapDaimonChave</styleUrl><Point><coordinates>-48.893458,-10.171495,0</coordinates></Point></Placemark>
<Placemark><name>8800859013</name><visibility>0</visibility><LookAt><longitude>-48.893268</longitude><latitude>-10.171302</latitude><altitude>1200.0</altitude><altitudeMode>absolute</altitudeMode></LookAt><styleUrl>#mapDaimonChave</styleUrl><Point><coordinates>-48.893268,-10.171302,0</coordinates></Point></Placemark>
<Placemark><name>0241999013</name><visibility>0</visibility><LookAt><longitude>-48.895663</longitude><latitude>-10.171604</latitude><altitude>1200.0</altitude><altitudeMode>absolute</altitudeMode></LookAt><styleUrl>#mapDaimonChave</styleUrl><Point><coordinates>-48.895663,-10.171604,0</coordinates></Point></Placemark>
<Placemark><name>0341687013</name><visibility>0</visibility><LookAt><longitude>-48.889396</longitude><latitude>-10.165899</latitude><altitude>1200.0</altitude><altitudeMode>absolute</altitudeMode></LookAt><styleUrl>#mapDaimonChave</styleUrl><Point><coordinates>-48.889396,-10.165899,0</coordinates></Point></Placemark>
<Placemark><name>0300062013</name><visibility>0</visibility><LookAt><longitude>-48.891643</longitude><latitude>-10.168028</latitude><altitude>1200.0</altitude><altitudeMode>absolute</altitudeMode></LookAt><styleUrl>#mapDaimonChave</styleUrl><Point><coordinates>-48.891643,-10.168028,0</coordinates></Point></Placemark>
<Placemark><name>9000118013</name><visibility>0</visibility><LookAt><longitude>-48.889140</longitude><latitude>-10.166398</latitude><altitude>1200.0</altitude><altitudeMode>absolute</altitudeMode></LookAt><styleUrl>#mapDaimonChave</styleUrl><Point><coordinates>-48.889140,-10.166398,0</coordinates></Point></Placemark>
<Placemark><name>7900117013</name><visibility>0</visibility><LookAt><longitude>-48.889113</longitude><latitude>-10.166404</latitude><altitude>1200.0</altitude><altitudeMode>absolute</altitudeMode></LookAt><styleUrl>#mapDaimonChave</styleUrl><Point><coordinates>-48.889113,-10.166404,0</coordinates></Point></Placemark>
<Placemark><name>9000117013</name><visibility>0</visibility><LookAt><longitude>-48.889092</longitude><latitude>-10.166397</latitude><altitude>1200.0</altitude><altitudeMode>absolute</altitudeMode></LookAt><styleUrl>#mapDaimonChave</styleUrl><Point><coordinates>-48.889092,-10.166397,0</coordinates></Point></Placemark>
<Placemark><name>8800120013</name><visibility>0</visibility><LookAt><longitude>-48.888985</longitude><latitude>-10.165855</latitude><altitude>1200.0</altitude><altitudeMode>absolute</altitudeMode></LookAt><styleUrl>#mapDaimonChave</styleUrl><Point><coordinates>-48.888985,-10.165855,0</coordinates></Point></Placemark>
<Placemark><name>0300119013</name><visibility>0</visibility><LookAt><longitude>-48.889029</longitude><latitude>-10.166069</latitude><altitude>1200.0</altitude><altitudeMode>absolute</altitudeMode></LookAt><styleUrl>#mapDaimonChave</styleUrl><Point><coordinates>-48.889029,-10.166069,0</coordinates></Point></Placemark>
<Placemark><name>0202201013</name><visibility>0</visibility><LookAt><longitude>-48.888248</longitude><latitude>-10.167811</latitude><altitude>1200.0</altitude><altitudeMode>absolute</altitudeMode></LookAt><styleUrl>#mapDaimonChave</styleUrl><Point><coordinates>-48.888248,-10.167811,0</coordinates></Point></Placemark>
<Placemark><name>0300121013</name><visibility>0</visibility><LookAt><longitude>-48.890168</longitude><latitude>-10.164018</latitude><altitude>1200.0</altitude><altitudeMode>absolute</altitudeMode></LookAt><styleUrl>#mapDaimonChave</styleUrl><Point><coordinates>-48.890168,-10.164018,0</coordinates></Point></Placemark>
<Placemark><name>9008198013</name><visibility>0</visibility><LookAt><longitude>-48.887776</longitude><latitude>-10.168272</latitude><altitude>1200.0</altitude><altitudeMode>absolute</altitudeMode></LookAt><styleUrl>#mapDaimonChave</styleUrl><Point><coordinates>-48.887776,-10.168272,0</coordinates></Point></Placemark>
<Placemark><name>8854540013</name><visibility>0</visibility><LookAt><longitude>-48.886681</longitude><latitude>-10.159500</latitude><altitude>1200.0</altitude><altitudeMode>absolute</altitudeMode></LookAt><styleUrl>#mapDaimonChave</styleUrl><Point><coordinates>-48.886681,-10.159500,0</coordinates></Point></Placemark>
<Placemark><name>8855401013</name><visibility>0</visibility><LookAt><longitude>-48.887706</longitude><latitude>-10.161835</latitude><altitude>1200.0</altitude><altitudeMode>absolute</altitudeMode></LookAt><styleUrl>#mapDaimonChave</styleUrl><Point><coordinates>-48.887706,-10.161835,0</coordinates></Point></Placemark>
<Placemark><name>0359326013</name><visibility>0</visibility><LookAt><longitude>-48.890334</longitude><latitude>-10.163646</latitude><altitude>1200.0</altitude><altitudeMode>absolute</altitudeMode></LookAt><styleUrl>#mapDaimonChave</styleUrl><Point><coordinates>-48.890334,-10.163646,0</coordinates></Point></Placemark>
<Placemark><name>8855387013</name><visibility>0</visibility><LookAt><longitude>-48.885028</longitude><latitude>-10.156124</latitude><altitude>1200.0</altitude><altitudeMode>absolute</altitudeMode></LookAt><styleUrl>#mapDaimonChave</styleUrl><Point><coordinates>-48.885028,-10.156124,0</coordinates></Point></Placemark>
<Placemark><name>0201093013</name><visibility>0</visibility><LookAt><longitude>-48.886285</longitude><latitude>-10.158705</latitude><altitude>1200.0</altitude><altitudeMode>absolute</altitudeMode></LookAt><styleUrl>#mapDaimonChave</styleUrl><Point><coordinates>-48.886285,-10.158705,0</coordinates></Point></Placemark>
<Placemark><name>8802288013</name><visibility>0</visibility><LookAt><longitude>-48.886882</longitude><latitude>-10.159755</latitude><altitude>1200.0</altitude><altitudeMode>absolute</altitudeMode></LookAt><styleUrl>#mapDaimonChave</styleUrl><Point><coordinates>-48.886882,-10.159755,0</coordinates></Point></Placemark>
<Placemark><name>0336329013</name><visibility>0</visibility><LookAt><longitude>-48.884457</longitude><latitude>-10.155786</latitude><altitude>1200.0</altitude><altitudeMode>absolute</altitudeMode></LookAt><styleUrl>#mapDaimonChave</styleUrl><Point><coordinates>-48.884457,-10.155786,0</coordinates></Point></Placemark>
<Placemark><name>8835680013</name><visibility>0</visibility><LookAt><longitude>-48.883549</longitude><latitude>-10.155516</latitude><altitude>1200.0</altitude><altitudeMode>absolute</altitudeMode></LookAt><styleUrl>#mapDaimonChave</styleUrl><Point><coordinates>-48.883549,-10.155516,0</coordinates></Point></Placemark>
<Placemark><name>0300126013</name><visibility>0</visibility><LookAt><longitude>-48.886509</longitude><latitude>-10.158502</latitude><altitude>1200.0</altitude><altitudeMode>absolute</altitudeMode></LookAt><styleUrl>#mapDaimonChave</styleUrl><Point><coordinates>-48.886509,-10.158502,0</coordinates></Point></Placemark>
<Placemark><name>0302264013</name><visibility>0</visibility><LookAt><longitude>-48.886166</longitude><latitude>-10.158650</latitude><altitude>1200.0</altitude><altitudeMode>absolute</altitudeMode></LookAt><styleUrl>#mapDaimonChave</styleUrl><Point><coordinates>-48.886166,-10.158650,0</coordinates></Point></Placemark>
<Placemark><name>0200129013</name><visibility>0</visibility><LookAt><longitude>-48.883692</longitude><latitude>-10.154663</latitude><altitude>1200.0</altitude><altitudeMode>absolute</altitudeMode></LookAt><styleUrl>#mapDaimonChave</styleUrl><Point><coordinates>-48.883692,-10.154663,0</coordinates></Point></Placemark>
<Placemark><name>8855408013</name><visibility>0</visibility><LookAt><longitude>-48.883315</longitude><latitude>-10.155872</latitude><altitude>1200.0</altitude><altitudeMode>absolute</altitudeMode></LookAt><styleUrl>#mapDaimonChave</styleUrl><Point><coordinates>-48.883315,-10.155872,0</coordinates></Point></Placemark>
<Placemark><name>0300130013</name><visibility>0</visibility><LookAt><longitude>-48.883777</longitude><latitude>-10.154376</latitude><altitude>1200.0</altitude><altitudeMode>absolute</altitudeMode></LookAt><styleUrl>#mapDaimonChave</styleUrl><Point><coordinates>-48.883777,-10.154376,0</coordinates></Point></Placemark>
<Placemark><name>8801899013</name><visibility>0</visibility><LookAt><longitude>-48.882715</longitude><latitude>-10.155169</latitude><altitude>1200.0</altitude><altitudeMode>absolute</altitudeMode></LookAt><styleUrl>#mapDaimonChave</styleUrl><Point><coordinates>-48.882715,-10.155169,0</coordinates></Point></Placemark>
<Placemark><name>8802289013</name><visibility>0</visibility><LookAt><longitude>-48.888566</longitude><latitude>-10.157815</latitude><altitude>1200.0</altitude><altitudeMode>absolute</altitudeMode></LookAt><styleUrl>#mapDaimonChave</styleUrl><Point><coordinates>-48.888566,-10.157815,0</coordinates></Point></Placemark>
<Placemark><name>8855400013</name><visibility>0</visibility><LookAt><longitude>-48.882980</longitude><latitude>-10.156958</latitude><altitude>1200.0</altitude><altitudeMode>absolute</altitudeMode></LookAt><styleUrl>#mapDaimonChave</styleUrl><Point><coordinates>-48.882980,-10.156958,0</coordinates></Point></Placemark>
<Placemark><name>0200137013</name><visibility>0</visibility><LookAt><longitude>-48.883068</longitude><latitude>-10.156674</latitude><altitude>1200.0</altitude><altitudeMode>absolute</altitudeMode></LookAt><styleUrl>#mapDaimonChave</styleUrl><Point><coordinates>-48.883068,-10.156674,0</coordinates></Point></Placemark>
<Placemark><name>0302108013</name><visibility>0</visibility><LookAt><longitude>-48.884586</longitude><latitude>-10.148195</latitude><altitude>1200.0</altitude><altitudeMode>absolute</altitudeMode></LookAt><styleUrl>#mapDaimonChave</styleUrl><Point><coordinates>-48.884586,-10.148195,0</coordinates></Point></Placemark>
<Placemark><name>0202109013</name><visibility>0</visibility><LookAt><longitude>-48.881368</longitude><latitude>-10.148122</latitude><altitude>1200.0</altitude><altitudeMode>absolute</altitudeMode></LookAt><styleUrl>#mapDaimonChave</styleUrl><Point><coordinates>-48.881368,-10.148122,0</coordinates></Point></Placemark>
<Placemark><name>0300131013</name><visibility>0</visibility><LookAt><longitude>-48.884568</longitude><latitude>-10.151774</latitude><altitude>1200.0</altitude><altitudeMode>absolute</altitudeMode></LookAt><styleUrl>#mapDaimonChave</styleUrl><Point><coordinates>-48.884568,-10.151774,0</coordinates></Point></Placemark>
<Placemark><name>0300134013</name><visibility>0</visibility><LookAt><longitude>-48.885726</longitude><latitude>-10.147945</latitude><altitude>1200.0</altitude><altitudeMode>absolute</altitudeMode></LookAt><styleUrl>#mapDaimonChave</styleUrl><Point><coordinates>-48.885726,-10.147945,0</coordinates></Point></Placemark>
<Placemark><name>0340333013</name><visibility>0</visibility><LookAt><longitude>-48.882400</longitude><latitude>-10.155295</latitude><altitude>1200.0</altitude><altitudeMode>absolute</altitudeMode></LookAt><styleUrl>#mapDaimonChave</styleUrl><Point><coordinates>-48.882400,-10.155295,0</coordinates></Point></Placemark>
<Placemark><name>0301834013</name><visibility>0</visibility><LookAt><longitude>-48.890460</longitude><latitude>-10.157638</latitude><altitude>1200.0</altitude><altitudeMode>absolute</altitudeMode></LookAt><styleUrl>#mapDaimonChave</styleUrl><Point><coordinates>-48.890460,-10.157638,0</coordinates></Point></Placemark>
<Placemark><name>8854876013</name><visibility>0</visibility><LookAt><longitude>-48.889810</longitude><latitude>-10.155215</latitude><altitude>1200.0</altitude><altitudeMode>absolute</altitudeMode></LookAt><styleUrl>#mapDaimonChave</styleUrl><Point><coordinates>-48.889810,-10.155215,0</coordinates></Point></Placemark>
<Placemark><name>8800738013</name><visibility>0</visibility><LookAt><longitude>-48.881385</longitude><latitude>-10.163940</latitude><altitude>1200.0</altitude><altitudeMode>absolute</altitudeMode></LookAt><styleUrl>#mapDaimonChave</styleUrl><Point><coordinates>-48.881385,-10.163940,0</coordinates></Point></Placemark>
<Placemark><name>0302358013</name><visibility>0</visibility><LookAt><longitude>-48.882561</longitude><latitude>-10.159692</latitude><altitude>1200.0</altitude><altitudeMode>absolute</altitudeMode></LookAt><styleUrl>#mapDaimonChave</styleUrl><Point><coordinates>-48.882561,-10.159692,0</coordinates></Point></Placemark>
<Placemark><name>0329539013</name><visibility>0</visibility><LookAt><longitude>-48.886498</longitude><latitude>-10.145360</latitude><altitude>1200.0</altitude><altitudeMode>absolute</altitudeMode></LookAt><styleUrl>#mapDaimonChave</styleUrl><Point><coordinates>-48.886498,-10.145360,0</coordinates></Point></Placemark>
<Placemark><name>0336206013</name><visibility>0</visibility><LookAt><longitude>-48.887330</longitude><latitude>-10.140392</latitude><altitude>1200.0</altitude><altitudeMode>absolute</altitudeMode></LookAt><styleUrl>#mapDaimonChave</styleUrl><Point><coordinates>-48.887330,-10.140392,0</coordinates></Point></Placemark>
<Placemark><name>0201257013</name><visibility>0</visibility><LookAt><longitude>-48.886079</longitude><latitude>-10.146828</latitude><altitude>1200.0</altitude><altitudeMode>absolute</altitudeMode></LookAt><styleUrl>#mapDaimonChave</styleUrl><Point><coordinates>-48.886079,-10.146828,0</coordinates></Point></Placemark>
<Placemark><name>0340336013</name><visibility>0</visibility><LookAt><longitude>-48.882437</longitude><latitude>-10.155001</latitude><altitude>1200.0</altitude><altitudeMode>absolute</altitudeMode></LookAt><styleUrl>#mapDaimonChave</styleUrl><Point><coordinates>-48.882437,-10.155001,0</coordinates></Point></Placemark>
<Placemark><name>0340338013</name><visibility>0</visibility><LookAt><longitude>-48.879790</longitude><latitude>-10.154526</latitude><altitude>1200.0</altitude><altitudeMode>absolute</altitudeMode></LookAt><styleUrl>#mapDaimonChave</styleUrl><Point><coordinates>-48.879790,-10.154526,0</coordinates></Point></Placemark>
<Placemark><name>0300185013</name><visibility>0</visibility><LookAt><longitude>-48.882326</longitude><latitude>-10.155353</latitude><altitude>1200.0</altitude><altitudeMode>absolute</altitudeMode></LookAt><styleUrl>#mapDaimonChave</styleUrl><Point><coordinates>-48.882326,-10.155353,0</coordinates></Point></Placemark>
<Placemark><name>8802241013</name><visibility>0</visibility><LookAt><longitude>-48.889486</longitude><latitude>-10.153995</latitude><altitude>1200.0</altitude><altitudeMode>absolute</altitudeMode></LookAt><styleUrl>#mapDaimonChave</styleUrl><Point><coordinates>-48.889486,-10.153995,0</coordinates></Point></Placemark>
<Placemark><name>0319229013</name><visibility>0</visibility><LookAt><longitude>-48.888071</longitude><latitude>-10.152059</latitude><altitude>1200.0</altitude><altitudeMode>absolute</altitudeMode></LookAt><styleUrl>#mapDaimonChave</styleUrl><Point><coordinates>-48.888071,-10.152059,0</coordinates></Point></Placemark>
<Placemark><name>0300808013</name><visibility>0</visibility><LookAt><longitude>-48.889578</longitude><latitude>-10.154341</latitude><altitude>1200.0</altitude><altitudeMode>absolute</altitudeMode></LookAt><styleUrl>#mapDaimonChave</styleUrl><Point><coordinates>-48.889578,-10.154341,0</coordinates></Point></Placemark>
<Placemark><name>0300917013</name><visibility>0</visibility><LookAt><longitude>-48.880462</longitude><latitude>-10.165924</latitude><altitude>1200.0</altitude><altitudeMode>absolute</altitudeMode></LookAt><styleUrl>#mapDaimonChave</styleUrl><Point><coordinates>-48.880462,-10.165924,0</coordinates></Point></Placemark>
<Placemark><name>0300138013</name><visibility>0</visibility><LookAt><longitude>-48.881345</longitude><latitude>-10.165107</latitude><altitude>1200.0</altitude><altitudeMode>absolute</altitudeMode></LookAt><styleUrl>#mapDaimonChave</styleUrl><Point><coordinates>-48.881345,-10.165107,0</coordinates></Point></Placemark>
<Placemark><name>8863653013</name><visibility>0</visibility><LookAt><longitude>-48.881323</longitude><latitude>-10.164622</latitude><altitude>1200.0</altitude><altitudeMode>absolute</altitudeMode></LookAt><styleUrl>#mapDaimonChave</styleUrl><Point><coordinates>-48.881323,-10.164622,0</coordinates></Point></Placemark>
<Placemark><name>0300180013</name><visibility>0</visibility><LookAt><longitude>-48.880590</longitude><latitude>-10.165857</latitude><altitude>1200.0</altitude><altitudeMode>absolute</altitudeMode></LookAt><styleUrl>#mapDaimonChave</styleUrl><Point><coordinates>-48.880590,-10.165857,0</coordinates></Point></Placemark>
<Placemark><name>0202357013</name><visibility>0</visibility><LookAt><longitude>-48.883863</longitude><latitude>-10.160932</latitude><altitude>1200.0</altitude><altitudeMode>absolute</altitudeMode></LookAt><styleUrl>#mapDaimonChave</styleUrl><Point><coordinates>-48.883863,-10.160932,0</coordinates></Point></Placemark>
<Placemark><name>0201258013</name><visibility>0</visibility><LookAt><longitude>-48.882271</longitude><latitude>-10.155576</latitude><altitude>1200.0</altitude><altitudeMode>absolute</altitudeMode></LookAt><styleUrl>#mapDaimonChave</styleUrl><Point><coordinates>-48.882271,-10.155576,0</coordinates></Point></Placemark>
<Placemark><name>0301258013</name><visibility>0</visibility><LookAt><longitude>-48.882121</longitude><latitude>-10.156055</latitude><altitude>1200.0</altitude><altitudeMode>absolute</altitudeMode></LookAt><styleUrl>#mapDaimonChave</styleUrl><Point><coordinates>-48.882121,-10.156055,0</coordinates></Point></Placemark>
<Placemark><name>0302240013</name><visibility>0</visibility><LookAt><longitude>-48.889163</longitude><latitude>-10.152911</latitude><altitude>1200.0</altitude><altitudeMode>absolute</altitudeMode></LookAt><styleUrl>#mapDaimonChave</styleUrl><Point><coordinates>-48.889163,-10.152911,0</coordinates></Point></Placemark>
<Placemark><name>0302343013</name><visibility>0</visibility><LookAt><longitude>-48.889523</longitude><latitude>-10.152710</latitude><altitude>1200.0</altitude><altitudeMode>absolute</altitudeMode></LookAt><styleUrl>#mapDaimonChave</styleUrl><Point><coordinates>-48.889523,-10.152710,0</coordinates></Point></Placemark>
<Placemark><name>0200840013</name><visibility>0</visibility><LookAt><longitude>-48.880213</longitude><latitude>-10.165919</latitude><altitude>1200.0</altitude><altitudeMode>absolute</altitudeMode></LookAt><styleUrl>#mapDaimonChave</styleUrl><Point><coordinates>-48.880213,-10.165919,0</coordinates></Point></Placemark>
<Placemark><name>0301905013</name><visibility>0</visibility><LookAt><longitude>-48.880144</longitude><latitude>-10.165735</latitude><altitude>1200.0</altitude><altitudeMode>absolute</altitudeMode></LookAt><styleUrl>#mapDaimonChave</styleUrl><Point><coordinates>-48.880144,-10.165735,0</coordinates></Point></Placemark>
<Placemark><name>8802306013</name><visibility>0</visibility><LookAt><longitude>-48.879151</longitude><latitude>-10.165885</latitude><altitude>1200.0</altitude><altitudeMode>absolute</altitudeMode></LookAt><styleUrl>#mapDaimonChave</styleUrl><Point><coordinates>-48.879151,-10.165885,0</coordinates></Point></Placemark>
<Placemark><name>0302146013</name><visibility>0</visibility><LookAt><longitude>-48.880004</longitude><latitude>-10.168908</latitude><altitude>1200.0</altitude><altitudeMode>absolute</altitudeMode></LookAt><styleUrl>#mapDaimonChave</styleUrl><Point><coordinates>-48.880004,-10.168908,0</coordinates></Point></Placemark>
<Placemark><name>0300182013</name><visibility>0</visibility><LookAt><longitude>-48.879248</longitude><latitude>-10.165810</latitude><altitude>1200.0</altitude><altitudeMode>absolute</altitudeMode></LookAt><styleUrl>#mapDaimonChave</styleUrl><Point><coordinates>-48.879248,-10.165810,0</coordinates></Point></Placemark>
<Placemark><name>8863662013</name><visibility>0</visibility><LookAt><longitude>-48.876238</longitude><latitude>-10.164511</latitude><altitude>1200.0</altitude><altitudeMode>absolute</altitudeMode></LookAt><styleUrl>#mapDaimonChave</styleUrl><Point><coordinates>-48.876238,-10.164511,0</coordinates></Point></Placemark>
<Placemark><name>0344806013</name><visibility>0</visibility><LookAt><longitude>-48.880790</longitude><latitude>-10.161829</latitude><altitude>1200.0</altitude><altitudeMode>absolute</altitudeMode></LookAt><styleUrl>#mapDaimonChave</styleUrl><Point><coordinates>-48.880790,-10.161829,0</coordinates></Point></Placemark>
<Placemark><name>0302093013</name><visibility>0</visibility><LookAt><longitude>-48.880762</longitude><latitude>-10.162028</latitude><altitude>1200.0</altitude><altitudeMode>absolute</altitudeMode></LookAt><styleUrl>#mapDaimonChave</styleUrl><Point><coordinates>-48.880762,-10.162028,0</coordinates></Point></Placemark>
<Placemark><name>0300666013</name><visibility>0</visibility><LookAt><longitude>-48.882050</longitude><latitude>-10.156291</latitude><altitude>1200.0</altitude><altitudeMode>absolute</altitudeMode></LookAt><styleUrl>#mapDaimonChave</styleUrl><Point><coordinates>-48.882050,-10.156291,0</coordinates></Point></Placemark>
<Placemark><name>0362029013</name><visibility>0</visibility><LookAt><longitude>-48.889886</longitude><latitude>-10.152501</latitude><altitude>1200.0</altitude><altitudeMode>absolute</altitudeMode></LookAt><styleUrl>#mapDaimonChave</styleUrl><Point><coordinates>-48.889886,-10.152501,0</coordinates></Point></Placemark>
<Placemark><name>8800016013</name><visibility>0</visibility><LookAt><longitude>-48.898442</longitude><latitude>-10.149941</latitude><altitude>1200.0</altitude><altitudeMode>absolute</altitudeMode></LookAt><styleUrl>#mapDaimonChave</styleUrl><Point><coordinates>-48.898442,-10.149941,0</coordinates></Point></Placemark>
<Placemark><name>8802307013</name><visibility>0</visibility><LookAt><longitude>-48.877334</longitude><latitude>-10.165830</latitude><altitude>1200.0</altitude><altitudeMode>absolute</altitudeMode></LookAt><styleUrl>#mapDaimonChave</styleUrl><Point><coordinates>-48.877334,-10.165830,0</coordinates></Point></Placemark>
<Placemark><name>7962821013</name><visibility>0</visibility><LookAt><longitude>-48.875886</longitude><latitude>-10.164088</latitude><altitude>1200.0</altitude><altitudeMode>absolute</altitudeMode></LookAt><styleUrl>#mapDaimonChave</styleUrl><Point><coordinates>-48.875886,-10.164088,0</coordinates></Point></Placemark>
<Placemark><name>SS3762021</name><visibility>0</visibility><LookAt><longitude>-48.902187</longitude><latitude>-10.151192</latitude><altitude>1200.0</altitude><altitudeMode>absolute</altitudeMode></LookAt><styleUrl>#mapDaimonChave</styleUrl><Point><coordinates>-48.902187,-10.151192,0</coordinates></Point></Placemark>
<Placemark><name>0302726013</name><visibility>0</visibility><LookAt><longitude>-48.899783</longitude><latitude>-10.150079</latitude><altitude>1200.0</altitude><altitudeMode>absolute</altitudeMode></LookAt><styleUrl>#mapDaimonChave</styleUrl><Point><coordinates>-48.899783,-10.150079,0</coordinates></Point></Placemark>
<Placemark><name>8800194013</name><visibility>0</visibility><LookAt><longitude>-48.876471</longitude><latitude>-10.165802</latitude><altitude>1200.0</altitude><altitudeMode>absolute</altitudeMode></LookAt><styleUrl>#mapDaimonChave</styleUrl><Point><coordinates>-48.876471,-10.165802,0</coordinates></Point></Placemark>
<Placemark><name>0300192013</name><visibility>0</visibility><LookAt><longitude>-48.877245</longitude><latitude>-10.165584</latitude><altitude>1200.0</altitude><altitudeMode>absolute</altitudeMode></LookAt><styleUrl>#mapDaimonChave</styleUrl><Point><coordinates>-48.877245,-10.165584,0</coordinates></Point></Placemark>
<Placemark><name>0300839013</name><visibility>0</visibility><LookAt><longitude>-48.876419</longitude><latitude>-10.165655</latitude><altitude>1200.0</altitude><altitudeMode>absolute</altitudeMode></LookAt><styleUrl>#mapDaimonChave</styleUrl><Point><coordinates>-48.876419,-10.165655,0</coordinates></Point></Placemark>
<Placemark><name>8864637013</name><visibility>0</visibility><LookAt><longitude>-48.854669</longitude><latitude>-10.136265</latitude><altitude>1200.0</altitude><altitudeMode>absolute</altitudeMode></LookAt><styleUrl>#mapDaimonChave</styleUrl><Point><coordinates>-48.854669,-10.136265,0</coordinates></Point></Placemark>
<Placemark><name>0302454013</name><visibility>0</visibility><LookAt><longitude>-48.905254</longitude><latitude>-10.152162</latitude><altitude>1200.0</altitude><altitudeMode>absolute</altitudeMode></LookAt><styleUrl>#mapDaimonChave</styleUrl><Point><coordinates>-48.905254,-10.152162,0</coordinates></Point></Placemark>
<Placemark><name>8802007013</name><visibility>0</visibility><LookAt><longitude>-48.873769</longitude><latitude>-10.167054</latitude><altitude>1200.0</altitude><altitudeMode>absolute</altitudeMode></LookAt><styleUrl>#mapDaimonChave</styleUrl><Point><coordinates>-48.873769,-10.167054,0</coordinates></Point></Placemark>
<Placemark><name>0227263013</name><visibility>0</visibility><LookAt><longitude>-48.874547</longitude><latitude>-10.167100</latitude><altitude>1200.0</altitude><altitudeMode>absolute</altitudeMode></LookAt><styleUrl>#mapDaimonChave</styleUrl><Point><coordinates>-48.874547,-10.167100,0</coordinates></Point></Placemark>
<Placemark><name>0362031013</name><visibility>0</visibility><LookAt><longitude>-48.876178</longitude><latitude>-10.165796</latitude><altitude>1200.0</altitude><altitudeMode>absolute</altitudeMode></LookAt><styleUrl>#mapDaimonChave</styleUrl><Point><coordinates>-48.876178,-10.165796,0</coordinates></Point></Placemark>
<Placemark><name>0300804013</name><visibility>0</visibility><LookAt><longitude>-48.873384</longitude><latitude>-10.160790</latitude><altitude>1200.0</altitude><altitudeMode>absolute</altitudeMode></LookAt><styleUrl>#mapDaimonChave</styleUrl><Point><coordinates>-48.873384,-10.160790,0</coordinates></Point></Placemark>
<Placemark><name>8802705013</name><visibility>0</visibility><LookAt><longitude>-48.874691</longitude><latitude>-10.160655</latitude><altitude>1200.0</altitude><altitudeMode>absolute</altitudeMode></LookAt><styleUrl>#mapDaimonChave</styleUrl><Point><coordinates>-48.874691,-10.160655,0</coordinates></Point></Placemark>
<Placemark><name>0362028013</name><visibility>0</visibility><LookAt><longitude>-48.874663</longitude><latitude>-10.160763</latitude><altitude>1200.0</altitude><altitudeMode>absolute</altitudeMode></LookAt><styleUrl>#mapDaimonChave</styleUrl><Point><coordinates>-48.874663,-10.160763,0</coordinates></Point></Placemark>
<Placemark><name>0300661013</name><visibility>0</visibility><LookAt><longitude>-48.875309</longitude><latitude>-10.160371</latitude><altitude>1200.0</altitude><altitudeMode>absolute</altitudeMode></LookAt><styleUrl>#mapDaimonChave</styleUrl><Point><coordinates>-48.875309,-10.160371,0</coordinates></Point></Placemark>
<Placemark><name>0300270013</name><visibility>0</visibility><LookAt><longitude>-48.875188</longitude><latitude>-10.160405</latitude><altitude>1200.0</altitude><altitudeMode>absolute</altitudeMode></LookAt><styleUrl>#mapDaimonChave</styleUrl><Point><coordinates>-48.875188,-10.160405,0</coordinates></Point></Placemark>
<Placemark><name>0302293013</name><visibility>0</visibility><LookAt><longitude>-48.849146</longitude><latitude>-10.133240</latitude><altitude>1200.0</altitude><altitudeMode>absolute</altitudeMode></LookAt><styleUrl>#mapDaimonChave</styleUrl><Point><coordinates>-48.849146,-10.133240,0</coordinates></Point></Placemark>
<Placemark><name>0339207013</name><visibility>0</visibility><LookAt><longitude>-48.849166</longitude><latitude>-10.133796</latitude><altitude>1200.0</altitude><altitudeMode>absolute</altitudeMode></LookAt><styleUrl>#mapDaimonChave</styleUrl><Point><coordinates>-48.849166,-10.133796,0</coordinates></Point></Placemark>
<Placemark><name>031875013</name><visibility>0</visibility><LookAt><longitude>-48.849205</longitude><latitude>-10.133766</latitude><altitude>1200.0</altitude><altitudeMode>absolute</altitudeMode></LookAt><styleUrl>#mapDaimonChave</styleUrl><Point><coordinates>-48.849205,-10.133766,0</coordinates></Point></Placemark>
<Placemark><name>3301452013</name><visibility>0</visibility><LookAt><longitude>-48.849193</longitude><latitude>-10.131247</latitude><altitude>1200.0</altitude><altitudeMode>absolute</altitudeMode></LookAt><styleUrl>#mapDaimonChave</styleUrl><Point><coordinates>-48.849193,-10.131247,0</coordinates></Point></Placemark>
<Placemark><name>0364638013</name><visibility>0</visibility><LookAt><longitude>-48.846911</longitude><latitude>-10.131297</latitude><altitude>1200.0</altitude><altitudeMode>absolute</altitudeMode></LookAt><styleUrl>#mapDaimonChave</styleUrl><Point><coordinates>-48.846911,-10.131297,0</coordinates></Point></Placemark>
<Placemark><name>0202205013</name><visibility>0</visibility><LookAt><longitude>-48.849199</longitude><latitude>-10.131489</latitude><altitude>1200.0</altitude><altitudeMode>absolute</altitudeMode></LookAt><styleUrl>#mapDaimonChave</styleUrl><Point><coordinates>-48.849199,-10.131489,0</coordinates></Point></Placemark>
<Placemark><name>8856530013</name><visibility>0</visibility><LookAt><longitude>-48.872349</longitude><latitude>-10.166975</latitude><altitude>1200.0</altitude><altitudeMode>absolute</altitudeMode></LookAt><styleUrl>#mapDaimonChave</styleUrl><Point><coordinates>-48.872349,-10.166975,0</coordinates></Point></Placemark>
<Placemark><name>3300203013</name><visibility>0</visibility><LookAt><longitude>-48.871364</longitude><latitude>-10.168865</latitude><altitude>1200.0</altitude><altitudeMode>absolute</altitudeMode></LookAt><styleUrl>#mapDaimonChave</styleUrl><Point><coordinates>-48.871364,-10.168865,0</coordinates></Point></Placemark>
<Placemark><name>0311042013</name><visibility>0</visibility><LookAt><longitude>-48.868785</longitude><latitude>-10.162720</latitude><altitude>1200.0</altitude><altitudeMode>absolute</altitudeMode></LookAt><styleUrl>#mapDaimonChave</styleUrl><Point><coordinates>-48.868785,-10.162720,0</coordinates></Point></Placemark>
<Placemark><name>0300805013</name><visibility>0</visibility><LookAt><longitude>-48.873411</longitude><latitude>-10.160982</latitude><altitude>1200.0</altitude><altitudeMode>absolute</altitudeMode></LookAt><styleUrl>#mapDaimonChave</styleUrl><Point><coordinates>-48.873411,-10.160982,0</coordinates></Point></Placemark>
<Placemark><name>0300664013</name><visibility>0</visibility><LookAt><longitude>-48.870933</longitude><latitude>-10.153149</latitude><altitude>1200.0</altitude><altitudeMode>absolute</altitudeMode></LookAt><styleUrl>#mapDaimonChave</styleUrl><Point><coordinates>-48.870933,-10.153149,0</coordinates></Point></Placemark>
<Placemark><name>0304524013</name><visibility>0</visibility><LookAt><longitude>-48.870783</longitude><latitude>-10.153549</latitude><altitude>1200.0</altitude><altitudeMode>absolute</altitudeMode></LookAt><styleUrl>#mapDaimonChave</styleUrl><Point><coordinates>-48.870783,-10.153549,0</coordinates></Point></Placemark>
<Placemark><name>0335064013</name><visibility>0</visibility><LookAt><longitude>-48.871864</longitude><latitude>-10.154333</latitude><altitude>1200.0</altitude><altitudeMode>absolute</altitudeMode></LookAt><styleUrl>#mapDaimonChave</styleUrl><Point><coordinates>-48.871864,-10.154333,0</coordinates></Point></Placemark>
<Placemark><name>0220661013</name><visibility>0</visibility><LookAt><longitude>-48.876017</longitude><latitude>-10.159908</latitude><altitude>1200.0</altitude><altitudeMode>absolute</altitudeMode></LookAt><styleUrl>#mapDaimonChave</styleUrl><Point><coordinates>-48.876017,-10.159908,0</coordinates></Point></Placemark>
<Placemark><name>0359296013</name><visibility>0</visibility><LookAt><longitude>-48.838248</longitude><latitude>-10.131987</latitude><altitude>1200.0</altitude><altitudeMode>absolute</altitudeMode></LookAt><styleUrl>#mapDaimonChave</styleUrl><Point><coordinates>-48.838248,-10.131987,0</coordinates></Point></Placemark>
<Placemark><name>0354376013</name><visibility>0</visibility><LookAt><longitude>-48.837350</longitude><latitude>-10.132068</latitude><altitude>1200.0</altitude><altitudeMode>absolute</altitudeMode></LookAt><styleUrl>#mapDaimonChave</styleUrl><Point><coordinates>-48.837350,-10.132068,0</coordinates></Point></Placemark>
<Placemark><name>0359298013</name><visibility>0</visibility><LookAt><longitude>-48.846104</longitude><latitude>-10.131808</latitude><altitude>1200.0</altitude><altitudeMode>absolute</altitudeMode></LookAt><styleUrl>#mapDaimonChave</styleUrl><Point><coordinates>-48.846104,-10.131808,0</coordinates></Point></Placemark>
<Placemark><name>0301837013</name><visibility>0</visibility><LookAt><longitude>-48.868511</longitude><latitude>-10.168769</latitude><altitude>1200.0</altitude><altitudeMode>absolute</altitudeMode></LookAt><styleUrl>#mapDaimonChave</styleUrl><Point><coordinates>-48.868511,-10.168769,0</coordinates></Point></Placemark>
<Placemark><name>0301952013</name><visibility>0</visibility><LookAt><longitude>-48.863468</longitude><latitude>-10.170697</latitude><altitude>1200.0</altitude><altitudeMode>absolute</altitudeMode></LookAt><styleUrl>#mapDaimonChave</styleUrl><Point><coordinates>-48.863468,-10.170697,0</coordinates></Point></Placemark>
<Placemark><name>0302260013</name><visibility>0</visibility><LookAt><longitude>-48.857017</longitude><latitude>-10.173765</latitude><altitude>1200.0</altitude><altitudeMode>absolute</altitudeMode></LookAt><styleUrl>#mapDaimonChave</styleUrl><Point><coordinates>-48.857017,-10.173765,0</coordinates></Point></Placemark>
<Placemark><name>0301708013</name><visibility>0</visibility><LookAt><longitude>-48.863949</longitude><latitude>-10.170419</latitude><altitude>1200.0</altitude><altitudeMode>absolute</altitudeMode></LookAt><styleUrl>#mapDaimonChave</styleUrl><Point><coordinates>-48.863949,-10.170419,0</coordinates></Point></Placemark>
<Placemark><name>8800673013</name><visibility>0</visibility><LookAt><longitude>-48.869654</longitude><latitude>-10.153743</latitude><altitude>1200.0</altitude><altitudeMode>absolute</altitudeMode></LookAt><styleUrl>#mapDaimonChave</styleUrl><Point><coordinates>-48.869654,-10.153743,0</coordinates></Point></Placemark>
<Placemark><name>0359297013</name><visibility>0</visibility><LookAt><longitude>-48.830588</longitude><latitude>-10.134479</latitude><altitude>1200.0</altitude><altitudeMode>absolute</altitudeMode></LookAt><styleUrl>#mapDaimonChave</styleUrl><Point><coordinates>-48.830588,-10.134479,0</coordinates></Point></Placemark>
<Placemark><name>0301959013</name><visibility>0</visibility><LookAt><longitude>-48.863669</longitude><latitude>-10.171351</latitude><altitude>1200.0</altitude><altitudeMode>absolute</altitudeMode></LookAt><styleUrl>#mapDaimonChave</styleUrl><Point><coordinates>-48.863669,-10.171351,0</coordinates></Point></Placemark>
<Placemark><name>0302185013</name><visibility>0</visibility><LookAt><longitude>-48.863571</longitude><latitude>-10.170962</latitude><altitude>1200.0</altitude><altitudeMode>absolute</altitudeMode></LookAt><styleUrl>#mapDaimonChave</styleUrl><Point><coordinates>-48.863571,-10.170962,0</coordinates></Point></Placemark>
<Placemark><name>0351770013</name><visibility>0</visibility><LookAt><longitude>-48.849469</longitude><latitude>-10.173636</latitude><altitude>1200.0</altitude><altitudeMode>absolute</altitudeMode></LookAt><styleUrl>#mapDaimonChave</styleUrl><Point><coordinates>-48.849469,-10.173636,0</coordinates></Point></Placemark>
<Placemark><name>0301711013</name><visibility>0</visibility><LookAt><longitude>-48.834944</longitude><latitude>-10.168200</latitude><altitude>1200.0</altitude><altitudeMode>absolute</altitudeMode></LookAt><styleUrl>#mapDaimonChave</styleUrl><Point><coordinates>-48.834944,-10.168200,0</coordinates></Point></Placemark>
<Placemark><name>3301709013</name><visibility>0</visibility><LookAt><longitude>-48.853781</longitude><latitude>-10.176132</latitude><altitude>1200.0</altitude><altitudeMode>absolute</altitudeMode></LookAt><styleUrl>#mapDaimonChave</styleUrl><Point><coordinates>-48.853781,-10.176132,0</coordinates></Point></Placemark>
<Placemark><name>0351775013</name><visibility>0</visibility><LookAt><longitude>-48.836505</longitude><latitude>-10.168320</latitude><altitude>1200.0</altitude><altitudeMode>absolute</altitudeMode></LookAt><styleUrl>#mapDaimonChave</styleUrl><Point><coordinates>-48.836505,-10.168320,0</coordinates></Point></Placemark>
<Placemark><name>0301608013</name><visibility>0</visibility><LookAt><longitude>-48.838794</longitude><latitude>-10.168603</latitude><altitude>1200.0</altitude><altitudeMode>absolute</altitudeMode></LookAt><styleUrl>#mapDaimonChave</styleUrl><Point><coordinates>-48.838794,-10.168603,0</coordinates></Point></Placemark>
<Placemark><name>3301710013</name><visibility>0</visibility><LookAt><longitude>-48.840043</longitude><latitude>-10.168792</latitude><altitude>1200.0</altitude><altitudeMode>absolute</altitudeMode></LookAt><styleUrl>#mapDaimonChave</styleUrl><Point><coordinates>-48.840043,-10.168792,0</coordinates></Point></Placemark>
<Placemark><name>4001713013</name><visibility>0</visibility><LookAt><longitude>-48.829307</longitude><latitude>-10.158028</latitude><altitude>1200.0</altitude><altitudeMode>absolute</altitudeMode></LookAt><styleUrl>#mapDaimonChave</styleUrl><Point><coordinates>-48.829307,-10.158028,0</coordinates></Point></Placemark>
<Placemark><name>0362089013</name><visibility>0</visibility><LookAt><longitude>-48.854641</longitude><latitude>-10.175527</latitude><altitude>1200.0</altitude><altitudeMode>absolute</altitudeMode></LookAt><styleUrl>#mapDaimonChave</styleUrl><Point><coordinates>-48.854641,-10.175527,0</coordinates></Point></Placemark>
<Placemark><name>0351776013</name><visibility>0</visibility><LookAt><longitude>-48.845662</longitude><latitude>-10.172072</latitude><altitude>1200.0</altitude><altitudeMode>absolute</altitudeMode></LookAt><styleUrl>#mapDaimonChave</styleUrl><Point><coordinates>-48.845662,-10.172072,0</coordinates></Point></Placemark>
<Placemark><name>0301712013</name><visibility>0</visibility><LookAt><longitude>-48.826970</longitude><latitude>-10.145785</latitude><altitude>1200.0</altitude><altitudeMode>absolute</altitudeMode></LookAt><styleUrl>#mapDaimonChave</styleUrl><Point><coordinates>-48.826970,-10.145785,0</coordinates></Point></Placemark>
<Placemark><name>0302162013</name><visibility>0</visibility><LookAt><longitude>-48.827267</longitude><latitude>-10.147082</latitude><altitude>1200.0</altitude><altitudeMode>absolute</altitudeMode></LookAt><styleUrl>#mapDaimonChave</styleUrl><Point><coordinates>-48.827267,-10.147082,0</coordinates></Point></Placemark>
<Placemark><name>0332857013</name><visibility>0</visibility><LookAt><longitude>-48.839264</longitude><latitude>-10.140466</latitude><altitude>1200.0</altitude><altitudeMode>absolute</altitudeMode></LookAt><styleUrl>#mapDaimonChave</styleUrl><Point><coordinates>-48.839264,-10.140466,0</coordinates></Point></Placemark>
<Placemark><name>3300671013</name><visibility>0</visibility><LookAt><longitude>-48.845103</longitude><latitude>-10.137499</latitude><altitude>1200.0</altitude><altitudeMode>absolute</altitudeMode></LookAt><styleUrl>#mapDaimonChave</styleUrl><Point><coordinates>-48.845103,-10.137499,0</coordinates></Point></Placemark>
<Placemark><name>3300677013</name><visibility>0</visibility><LookAt><longitude>-48.857435</longitude><latitude>-10.145529</latitude><altitude>1200.0</altitude><altitudeMode>absolute</altitudeMode></LookAt><styleUrl>#mapDaimonChave</styleUrl><Point><coordinates>-48.857435,-10.145529,0</coordinates></Point></Placemark>
<Placemark><name>0300674013</name><visibility>0</visibility><LookAt><longitude>-48.862265</longitude><latitude>-10.147731</latitude><altitude>1200.0</altitude><altitudeMode>absolute</altitudeMode></LookAt><styleUrl>#mapDaimonChave</styleUrl><Point><coordinates>-48.862265,-10.147731,0</coordinates></Point></Placemark>
<Placemark><name>0302255013</name><visibility>0</visibility><LookAt><longitude>-48.837000</longitude><latitude>-10.141289</latitude><altitude>1200.0</altitude><altitudeMode>absolute</altitudeMode></LookAt><styleUrl>#mapDaimonChave</styleUrl><Point><coordinates>-48.837000,-10.141289,0</coordinates></Point></Placemark>
<Placemark><name>0300670013</name><visibility>0</visibility><LookAt><longitude>-48.848316</longitude><latitude>-10.138362</latitude><altitude>1200.0</altitude><altitudeMode>absolute</altitudeMode></LookAt><styleUrl>#mapDaimonChave</styleUrl><Point><coordinates>-48.848316,-10.138362,0</coordinates></Point></Placemark>
<Placemark><name>0301610013</name><visibility>0</visibility><LookAt><longitude>-48.842524</longitude><latitude>-10.177244</latitude><altitude>1200.0</altitude><altitudeMode>absolute</altitudeMode></LookAt><styleUrl>#mapDaimonChave</styleUrl><Point><coordinates>-48.842524,-10.177244,0</coordinates></Point></Placemark>
<Placemark><name>3301718013</name><visibility>0</visibility><LookAt><longitude>-48.813483</longitude><latitude>-10.149254</latitude><altitude>1200.0</altitude><altitudeMode>absolute</altitudeMode></LookAt><styleUrl>#mapDaimonChave</styleUrl><Point><coordinates>-48.813483,-10.149254,0</coordinates></Point></Placemark>
<Placemark><name>0301714013</name><visibility>0</visibility><LookAt><longitude>-48.814643</longitude><latitude>-10.150628</latitude><altitude>1200.0</altitude><altitudeMode>absolute</altitudeMode></LookAt><styleUrl>#mapDaimonChave</styleUrl><Point><coordinates>-48.814643,-10.150628,0</coordinates></Point></Placemark>
<Placemark><name>0301717013</name><visibility>0</visibility><LookAt><longitude>-48.813245</longitude><latitude>-10.149402</latitude><altitude>1200.0</altitude><altitudeMode>absolute</altitudeMode></LookAt><styleUrl>#mapDaimonChave</styleUrl><Point><coordinates>-48.813245,-10.149402,0</coordinates></Point></Placemark>
<Placemark><name>4002254013</name><visibility>0</visibility><LookAt><longitude>-48.814296</longitude><latitude>-10.150939</latitude><altitude>1200.0</altitude><altitudeMode>absolute</altitudeMode></LookAt><styleUrl>#mapDaimonChave</styleUrl><Point><coordinates>-48.814296,-10.150939,0</coordinates></Point></Placemark>
<Placemark><name>0300669013</name><visibility>0</visibility><LookAt><longitude>-48.853144</longitude><latitude>-10.150197</latitude><altitude>1200.0</altitude><altitudeMode>absolute</altitudeMode></LookAt><styleUrl>#mapDaimonChave</styleUrl><Point><coordinates>-48.853144,-10.150197,0</coordinates></Point></Placemark>
<Placemark><name>3301576013</name><visibility>0</visibility><LookAt><longitude>-48.869799</longitude><latitude>-10.115048</latitude><altitude>1200.0</altitude><altitudeMode>absolute</altitudeMode></LookAt><styleUrl>#mapDaimonChave</styleUrl><Point><coordinates>-48.869799,-10.115048,0</coordinates></Point></Placemark>
<Placemark><name>3311034013</name><visibility>0</visibility><LookAt><longitude>-48.867671</longitude><latitude>-10.137164</latitude><altitude>1200.0</altitude><altitudeMode>absolute</altitudeMode></LookAt><styleUrl>#mapDaimonChave</styleUrl><Point><coordinates>-48.867671,-10.137164,0</coordinates></Point></Placemark>
<Placemark><name>3300676013</name><visibility>0</visibility><LookAt><longitude>-48.864854</longitude><latitude>-10.132237</latitude><altitude>1200.0</altitude><altitudeMode>absolute</altitudeMode></LookAt><styleUrl>#mapDaimonChave</styleUrl><Point><coordinates>-48.864854,-10.132237,0</coordinates></Point></Placemark>
<Placemark><name>0301719013</name><visibility>0</visibility><LookAt><longitude>-48.807016</longitude><latitude>-10.132765</latitude><altitude>1200.0</altitude><altitudeMode>absolute</altitudeMode></LookAt><styleUrl>#mapDaimonChave</styleUrl><Point><coordinates>-48.807016,-10.132765,0</coordinates></Point></Placemark>
<Placemark><name>0302145013</name><visibility>0</visibility><LookAt><longitude>-48.808970</longitude><latitude>-10.139464</latitude><altitude>1200.0</altitude><altitudeMode>absolute</altitudeMode></LookAt><styleUrl>#mapDaimonChave</styleUrl><Point><coordinates>-48.808970,-10.139464,0</coordinates></Point></Placemark>
<Placemark><name>0342974013</name><visibility>0</visibility><LookAt><longitude>-48.807302</longitude><latitude>-10.111728</latitude><altitude>1200.0</altitude><altitudeMode>absolute</altitudeMode></LookAt><styleUrl>#mapDaimonChave</styleUrl><Point><coordinates>-48.807302,-10.111728,0</coordinates></Point></Placemark>
<Placemark><name>0301720013</name><visibility>0</visibility><LookAt><longitude>-48.807938</longitude><latitude>-10.115323</latitude><altitude>1200.0</altitude><altitudeMode>absolute</altitudeMode></LookAt><styleUrl>#mapDaimonChave</styleUrl><Point><coordinates>-48.807938,-10.115323,0</coordinates></Point></Placemark>
<Placemark><name>0301722013</name><visibility>0</visibility><LookAt><longitude>-48.804617</longitude><latitude>-10.104974</latitude><altitude>1200.0</altitude><altitudeMode>absolute</altitudeMode></LookAt><styleUrl>#mapDaimonChave</styleUrl><Point><coordinates>-48.804617,-10.104974,0</coordinates></Point></Placemark>
<Placemark><name>0301715013</name><visibility>0</visibility><LookAt><longitude>-48.816619</longitude><latitude>-10.149059</latitude><altitude>1200.0</altitude><altitudeMode>absolute</altitudeMode></LookAt><styleUrl>#mapDaimonChave</styleUrl><Point><coordinates>-48.816619,-10.149059,0</coordinates></Point></Placemark>
<Placemark><name>0301716013</name><visibility>0</visibility><LookAt><longitude>-48.811194</longitude><latitude>-10.161103</latitude><altitude>1200.0</altitude><altitudeMode>absolute</altitudeMode></LookAt><styleUrl>#mapDaimonChave</styleUrl><Point><coordinates>-48.811194,-10.161103,0</coordinates></Point></Placemark>
<Placemark><name>3356490013</name><visibility>0</visibility><LookAt><longitude>-48.812089</longitude><latitude>-10.159814</latitude><altitude>1200.0</altitude><altitudeMode>absolute</altitudeMode></LookAt><styleUrl>#mapDaimonChave</styleUrl><Point><coordinates>-48.812089,-10.159814,0</coordinates></Point></Placemark>
<Placemark><name>0302127013</name><visibility>0</visibility><LookAt><longitude>-48.796746</longitude><latitude>-10.140668</latitude><altitude>1200.0</altitude><altitudeMode>absolute</altitudeMode></LookAt><styleUrl>#mapDaimonChave</styleUrl><Point><coordinates>-48.796746,-10.140668,0</coordinates></Point></Placemark>
<Placemark><name>0301721013</name><visibility>0</visibility><LookAt><longitude>-48.793715</longitude><latitude>-10.116779</latitude><altitude>1200.0</altitude><altitudeMode>absolute</altitudeMode></LookAt><styleUrl>#mapDaimonChave</styleUrl><Point><coordinates>-48.793715,-10.116779,0</coordinates></Point></Placemark>
<Placemark><name>0354863013</name><visibility>0</visibility><LookAt><longitude>-48.810536</longitude><latitude>-10.166010</latitude><altitude>1200.0</altitude><altitudeMode>absolute</altitudeMode></LookAt><styleUrl>#mapDaimonChave</styleUrl><Point><coordinates>-48.810536,-10.166010,0</coordinates></Point></Placemark>
<Placemark><name>3356488013</name><visibility>0</visibility><LookAt><longitude>-48.812582</longitude><latitude>-10.169085</latitude><altitude>1200.0</altitude><altitudeMode>absolute</altitudeMode></LookAt><styleUrl>#mapDaimonChave</styleUrl><Point><coordinates>-48.812582,-10.169085,0</coordinates></Point></Placemark>
<Placemark><name>0315122013</name><visibility>0</visibility><LookAt><longitude>-48.812609</longitude><latitude>-10.168841</latitude><altitude>1200.0</altitude><altitudeMode>absolute</altitudeMode></LookAt><styleUrl>#mapDaimonChave</styleUrl><Point><coordinates>-48.812609,-10.168841,0</coordinates></Point></Placemark>
<Placemark><name>0323505013</name><visibility>0</visibility><LookAt><longitude>-48.812176</longitude><latitude>-10.167470</latitude><altitude>1200.0</altitude><altitudeMode>absolute</altitudeMode></LookAt><styleUrl>#mapDaimonChave</styleUrl><Point><coordinates>-48.812176,-10.167470,0</coordinates></Point></Placemark>
<Placemark><name>0302204013</name><visibility>0</visibility><LookAt><longitude>-48.849205</longitude><latitude>-10.138562</latitude><altitude>1200.0</altitude><altitudeMode>absolute</altitudeMode></LookAt><styleUrl>#mapDaimonChaveNA</styleUrl><Point><coordinates>-48.849205,-10.138562,0</coordinates></Point></Placemark>
<Placemark><name>0302254013</name><visibility>0</visibility><LookAt><longitude>-48.814257</longitude><latitude>-10.150936</latitude><altitude>1200.0</altitude><altitudeMode>absolute</altitudeMode></LookAt><styleUrl>#mapDaimonChaveNA</styleUrl><Point><coordinates>-48.814257,-10.150936,0</coordinates></Point></Placemark>
<Placemark><name>8800119013</name><visibility>0</visibility><LookAt><longitude>-48.888997</longitude><latitude>-10.166080</latitude><altitude>1200.0</altitude><altitudeMode>absolute</altitudeMode></LookAt><styleUrl>#mapDaimonChaveNA</styleUrl><Point><coordinates>-48.888997,-10.166080,0</coordinates></Point></Placemark>
<Placemark><name>8801909013</name><visibility>0</visibility><LookAt><longitude>-48.885036</longitude><latitude>-10.155978</latitude><altitude>1200.0</altitude><altitudeMode>absolute</altitudeMode></LookAt><styleUrl>#mapDaimonChaveNA</styleUrl><Point><coordinates>-48.885036,-10.155978,0</coordinates></Point></Placemark>
<Placemark><name>8000117013</name><visibility>0</visibility><LookAt><longitude>-48.889110</longitude><latitude>-10.166362</latitude><altitude>1200.0</altitude><altitudeMode>absolute</altitudeMode></LookAt><styleUrl>#mapDaimonChaveNA</styleUrl><Point><coordinates>-48.889110,-10.166362,0</coordinates></Point></Placemark>
<Placemark><name>8802125013</name><visibility>0</visibility><LookAt><longitude>-48.889667</longitude><latitude>-10.163803</latitude><altitude>1200.0</altitude><altitudeMode>absolute</altitudeMode></LookAt><styleUrl>#mapDaimonChaveNA</styleUrl><Point><coordinates>-48.889667,-10.163803,0</coordinates></Point></Placemark>
<Placemark><name>8836329013</name><visibility>0</visibility><LookAt><longitude>-48.884448</longitude><latitude>-10.155806</latitude><altitude>1200.0</altitude><altitudeMode>absolute</altitudeMode></LookAt><styleUrl>#mapDaimonChaveNA</styleUrl><Point><coordinates>-48.884448,-10.155806,0</coordinates></Point></Placemark>
<Placemark><name>8862028013</name><visibility>0</visibility><LookAt><longitude>-48.874662</longitude><latitude>-10.160741</latitude><altitude>1200.0</altitude><altitudeMode>absolute</altitudeMode></LookAt><styleUrl>#mapDaimonChaveNA</styleUrl><Point><coordinates>-48.874662,-10.160741,0</coordinates></Point></Placemark>
<Placemark><name>8862029013</name><visibility>0</visibility><LookAt><longitude>-48.889855</longitude><latitude>-10.152484</latitude><altitude>1200.0</altitude><altitudeMode>absolute</altitudeMode></LookAt><styleUrl>#mapDaimonChaveNA</styleUrl><Point><coordinates>-48.889855,-10.152484,0</coordinates></Point></Placemark>
<Placemark><name>8802013013</name><visibility>0</visibility><LookAt><longitude>-48.886968</longitude><latitude>-10.153163</latitude><altitude>1200.0</altitude><altitudeMode>absolute</altitudeMode></LookAt><styleUrl>#mapDaimonChaveNA</styleUrl><Point><coordinates>-48.886968,-10.153163,0</coordinates></Point></Placemark>
<Placemark><name>8862031013</name><visibility>0</visibility><LookAt><longitude>-48.876164</longitude><latitude>-10.165820</latitude><altitude>1200.0</altitude><altitudeMode>absolute</altitudeMode></LookAt><styleUrl>#mapDaimonChaveNA</styleUrl><Point><coordinates>-48.876164,-10.165820,0</coordinates></Point></Placemark>
<Placemark><name>8862091013</name><visibility>0</visibility><LookAt><longitude>-48.897055</longitude><latitude>-10.178541</latitude><altitude>1200.0</altitude><altitudeMode>absolute</altitudeMode></LookAt><styleUrl>#mapDaimonChaveNA</styleUrl><Point><coordinates>-48.897055,-10.178541,0</coordinates></Point></Placemark>
<Placemark><name>8845817013</name><visibility>0</visibility><LookAt><longitude>-48.888726</longitude><latitude>-10.161712</latitude><altitude>1200.0</altitude><altitudeMode>absolute</altitudeMode></LookAt><styleUrl>#mapDaimonChaveNA</styleUrl><Point><coordinates>-48.888726,-10.161712,0</coordinates></Point></Placemark>
<Placemark><name>0301713013</name><visibility>0</visibility><LookAt><longitude>-48.829302</longitude><latitude>-10.158004</latitude><altitude>1200.0</altitude><altitudeMode>absolute</altitudeMode></LookAt><styleUrl>#mapDaimonChaveNA</styleUrl><Point><coordinates>-48.829302,-10.158004,0</coordinates></Point></Placemark>
</Folder>
<Folder>
<name>EP</name>
<visibility>0</visibility>
<Placemark><name>5628990013</name><visibility>0</visibility><LookAt><longitude>-48.889435</longitude><latitude>-10.165907</latitude><altitude>1200.0</altitude><altitudeMode>absolute</altitudeMode></LookAt><styleUrl>#mapDaimonEP</styleUrl><Point><coordinates>-48.889435,-10.165907,0</coordinates></Point></Placemark>
<Placemark><name>5659326013</name><visibility>0</visibility><LookAt><longitude>-48.890340</longitude><latitude>-10.163630</latitude><altitude>1200.0</altitude><altitudeMode>absolute</altitudeMode></LookAt><styleUrl>#mapDaimonEP</styleUrl><Point><coordinates>-48.890340,-10.163630,0</coordinates></Point></Placemark>
<Placemark><name>5602109013</name><visibility>0</visibility><LookAt><longitude>-48.880471</longitude><latitude>-10.148100</latitude><altitude>1200.0</altitude><altitudeMode>absolute</altitudeMode></LookAt><styleUrl>#mapDaimonEP</styleUrl><Point><coordinates>-48.880471,-10.148100,0</coordinates></Point></Placemark>
<Placemark><name>5651180013</name><visibility>0</visibility><LookAt><longitude>-48.889620</longitude><latitude>-10.154339</latitude><altitude>1200.0</altitude><altitudeMode>absolute</altitudeMode></LookAt><styleUrl>#mapDaimonEP</styleUrl><Point><coordinates>-48.889620,-10.154339,0</coordinates></Point></Placemark>
<Placemark><name>5664638013</name><visibility>0</visibility><LookAt><longitude>-48.846912</longitude><latitude>-10.130789</latitude><altitude>1200.0</altitude><altitudeMode>absolute</altitudeMode></LookAt><styleUrl>#mapDaimonEP</styleUrl><Point><coordinates>-48.846912,-10.130789,0</coordinates></Point></Placemark>
<Placemark><name>5600661013</name><visibility>0</visibility><LookAt><longitude>-48.876184</longitude><latitude>-10.159330</latitude><altitude>1200.0</altitude><altitudeMode>absolute</altitudeMode></LookAt><styleUrl>#mapDaimonEP</styleUrl><Point><coordinates>-48.876184,-10.159330,0</coordinates></Point></Placemark>
<Placemark><name>5653728013</name><visibility>0</visibility><LookAt><longitude>-48.836909</longitude><latitude>-10.171014</latitude><altitude>1200.0</altitude><altitudeMode>absolute</altitudeMode></LookAt><styleUrl>#mapDaimonEP</styleUrl><Point><coordinates>-48.836909,-10.171014,0</coordinates></Point></Placemark>
<Placemark><name>5653727013</name><visibility>0</visibility><LookAt><longitude>-48.844737</longitude><latitude>-10.172373</latitude><altitude>1200.0</altitude><altitudeMode>absolute</altitudeMode></LookAt><styleUrl>#mapDaimonEP</styleUrl><Point><coordinates>-48.844737,-10.172373,0</coordinates></Point></Placemark>
</Folder>
<Folder>
<name>ET</name>
<visibility>0</visibility>
<Placemark><name>5700005013</name><visibility>0</visibility><LookAt><longitude>-48.898355</longitude><latitude>-10.177758</latitude><altitude>1200.0</altitude><altitudeMode>absolute</altitudeMode></LookAt><styleUrl>#mapDaimonET</styleUrl><Point><coordinates>-48.898355,-10.177758,0</coordinates></Point></Placemark>
<Placemark><name>5700002013</name><visibility>0</visibility><LookAt><longitude>-48.897674</longitude><latitude>-10.178995</latitude><altitude>1200.0</altitude><altitudeMode>absolute</altitudeMode></LookAt><styleUrl>#mapDaimonET</styleUrl><Point><coordinates>-48.897674,-10.178995,0</coordinates></Point></Placemark>
<Placemark><name>5742161013</name><visibility>0</visibility><LookAt><longitude>-48.892987</longitude><latitude>-10.176539</latitude><altitude>1200.0</altitude><altitudeMode>absolute</altitudeMode></LookAt><styleUrl>#mapDaimonET</styleUrl><Point><coordinates>-48.892987,-10.176539,0</coordinates></Point></Placemark>
<Placemark><name>5758733013</name><visibility>0</visibility><LookAt><longitude>-48.893906</longitude><latitude>-10.171888</latitude><altitude>1200.0</altitude><altitudeMode>absolute</altitudeMode></LookAt><styleUrl>#mapDaimonET</styleUrl><Point><coordinates>-48.893906,-10.171888,0</coordinates></Point></Placemark>
<Placemark><name>5762011013</name><visibility>0</visibility><LookAt><longitude>-48.893786</longitude><latitude>-10.171783</latitude><altitude>1200.0</altitude><altitudeMode>absolute</altitudeMode></LookAt><styleUrl>#mapDaimonET</styleUrl><Point><coordinates>-48.893786,-10.171783,0</coordinates></Point></Placemark>
<Placemark><name>5700060013</name><visibility>0</visibility><LookAt><longitude>-48.895188</longitude><latitude>-10.173300</latitude><altitude>1200.0</altitude><altitudeMode>absolute</altitudeMode></LookAt><styleUrl>#mapDaimonET</styleUrl><Point><coordinates>-48.895188,-10.173300,0</coordinates></Point></Placemark>
<Placemark><name>5749348013</name><visibility>0</visibility><LookAt><longitude>-48.896432</longitude><latitude>-10.171000</latitude><altitude>1200.0</altitude><altitudeMode>absolute</altitudeMode></LookAt><styleUrl>#mapDaimonET</styleUrl><Point><coordinates>-48.896432,-10.171000,0</coordinates></Point></Placemark>
<Placemark><name>5600061013</name><visibility>0</visibility><LookAt><longitude>-48.892316</longitude><latitude>-10.172875</latitude><altitude>1200.0</altitude><altitudeMode>absolute</altitudeMode></LookAt><styleUrl>#mapDaimonET</styleUrl><Point><coordinates>-48.892316,-10.172875,0</coordinates></Point></Placemark>
<Placemark><name>5700264013</name><visibility>0</visibility><LookAt><longitude>-48.892317</longitude><latitude>-10.169610</latitude><altitude>1200.0</altitude><altitudeMode>absolute</altitudeMode></LookAt><styleUrl>#mapDaimonET</styleUrl><Point><coordinates>-48.892317,-10.169610,0</coordinates></Point></Placemark>
<Placemark><name>5361087013</name><visibility>0</visibility><LookAt><longitude>-48.891958</longitude><latitude>-10.167398</latitude><altitude>1200.0</altitude><altitudeMode>absolute</altitudeMode></LookAt><styleUrl>#mapDaimonET</styleUrl><Point><coordinates>-48.891958,-10.167398,0</coordinates></Point></Placemark>
<Placemark><name>5700065013</name><visibility>0</visibility><LookAt><longitude>-48.892980</longitude><latitude>-10.166008</latitude><altitude>1200.0</altitude><altitudeMode>absolute</altitudeMode></LookAt><styleUrl>#mapDaimonET</styleUrl><Point><coordinates>-48.892980,-10.166008,0</coordinates></Point></Placemark>
<Placemark><name>5700116013</name><visibility>0</visibility><LookAt><longitude>-48.890123</longitude><latitude>-10.166811</latitude><altitude>1200.0</altitude><altitudeMode>absolute</altitudeMode></LookAt><styleUrl>#mapDaimonET</styleUrl><Point><coordinates>-48.890123,-10.166811,0</coordinates></Point></Placemark>
<Placemark><name>5708479013</name><visibility>0</visibility><LookAt><longitude>-48.889981</longitude><latitude>-10.167694</latitude><altitude>1200.0</altitude><altitudeMode>absolute</altitudeMode></LookAt><styleUrl>#mapDaimonET</styleUrl><Point><coordinates>-48.889981,-10.167694,0</coordinates></Point></Placemark>
<Placemark><name>5645352013</name><visibility>0</visibility><LookAt><longitude>-48.895675</longitude><latitude>-10.171651</latitude><altitude>1200.0</altitude><altitudeMode>absolute</altitudeMode></LookAt><styleUrl>#mapDaimonET</styleUrl><Point><coordinates>-48.895675,-10.171651,0</coordinates></Point></Placemark>
<Placemark><name>5700063013</name><visibility>0</visibility><LookAt><longitude>-48.893570</longitude><latitude>-10.168313</latitude><altitude>1200.0</altitude><altitudeMode>absolute</altitudeMode></LookAt><styleUrl>#mapDaimonET</styleUrl><Point><coordinates>-48.893570,-10.168313,0</coordinates></Point></Placemark>
<Placemark><name>5700064013</name><visibility>0</visibility><LookAt><longitude>-48.894901</longitude><latitude>-10.168508</latitude><altitude>1200.0</altitude><altitudeMode>absolute</altitudeMode></LookAt><styleUrl>#mapDaimonET</styleUrl><Point><coordinates>-48.894901,-10.168508,0</coordinates></Point></Placemark>
<Placemark><name>5754891013</name><visibility>0</visibility><LookAt><longitude>-48.897238</longitude><latitude>-10.168851</latitude><altitude>1200.0</altitude><altitudeMode>absolute</altitudeMode></LookAt><styleUrl>#mapDaimonET</styleUrl><Point><coordinates>-48.897238,-10.168851,0</coordinates></Point></Placemark>
<Placemark><name>5700123013</name><visibility>0</visibility><LookAt><longitude>-48.888275</longitude><latitude>-10.164316</latitude><altitude>1200.0</altitude><altitudeMode>absolute</altitudeMode></LookAt><styleUrl>#mapDaimonET</styleUrl><Point><coordinates>-48.888275,-10.164316,0</coordinates></Point></Placemark>
<Placemark><name>5602201013</name><visibility>0</visibility><LookAt><longitude>-48.888332</longitude><latitude>-10.167866</latitude><altitude>1200.0</altitude><altitudeMode>absolute</altitudeMode></LookAt><styleUrl>#mapDaimonET</styleUrl><Point><coordinates>-48.888332,-10.167866,0</coordinates></Point></Placemark>
<Placemark><name>5753066013</name><visibility>0</visibility><LookAt><longitude>-48.889506</longitude><latitude>-10.160678</latitude><altitude>1200.0</altitude><altitudeMode>absolute</altitudeMode></LookAt><styleUrl>#mapDaimonET</styleUrl><Point><coordinates>-48.889506,-10.160678,0</coordinates></Point></Placemark>
<Placemark><name>5700124013</name><visibility>0</visibility><LookAt><longitude>-48.888284</longitude><latitude>-10.162617</latitude><altitude>1200.0</altitude><altitudeMode>absolute</altitudeMode></LookAt><styleUrl>#mapDaimonET</styleUrl><Point><coordinates>-48.888284,-10.162617,0</coordinates></Point></Placemark>
<Placemark><name>5701185013</name><visibility>0</visibility><LookAt><longitude>-48.889546</longitude><latitude>-10.163408</latitude><altitude>1200.0</altitude><altitudeMode>absolute</altitudeMode></LookAt><styleUrl>#mapDaimonET</styleUrl><Point><coordinates>-48.889546,-10.163408,0</coordinates></Point></Placemark>
<Placemark><name>5702083013</name><visibility>0</visibility><LookAt><longitude>-48.888893</longitude><latitude>-10.162063</latitude><altitude>1200.0</altitude><altitudeMode>absolute</altitudeMode></LookAt><styleUrl>#mapDaimonET</styleUrl><Point><coordinates>-48.888893,-10.162063,0</coordinates></Point></Placemark>
<Placemark><name>5754542013</name><visibility>0</visibility><LookAt><longitude>-48.890393</longitude><latitude>-10.163478</latitude><altitude>1200.0</altitude><altitudeMode>absolute</altitudeMode></LookAt><styleUrl>#mapDaimonET</styleUrl><Point><coordinates>-48.890393,-10.163478,0</coordinates></Point></Placemark>
<Placemark><name>5702210013</name><visibility>0</visibility><LookAt><longitude>-48.891319</longitude><latitude>-10.163528</latitude><altitude>1200.0</altitude><altitudeMode>absolute</altitudeMode></LookAt><styleUrl>#mapDaimonET</styleUrl><Point><coordinates>-48.891319,-10.163528,0</coordinates></Point></Placemark>
<Placemark><name>5702211013</name><visibility>0</visibility><LookAt><longitude>-48.891660</longitude><latitude>-10.162224</latitude><altitude>1200.0</altitude><altitudeMode>absolute</altitudeMode></LookAt><styleUrl>#mapDaimonET</styleUrl><Point><coordinates>-48.891660,-10.162224,0</coordinates></Point></Placemark>
<Placemark><name>5702136013</name><visibility>0</visibility><LookAt><longitude>-48.884597</longitude><latitude>-10.155659</latitude><altitude>1200.0</altitude><altitudeMode>absolute</altitudeMode></LookAt><styleUrl>#mapDaimonET</styleUrl><Point><coordinates>-48.884597,-10.155659,0</coordinates></Point></Placemark>
<Placemark><name>5702324013</name><visibility>0</visibility><LookAt><longitude>-48.884137</longitude><latitude>-10.155693</latitude><altitude>1200.0</altitude><altitudeMode>absolute</altitudeMode></LookAt><styleUrl>#mapDaimonET</styleUrl><Point><coordinates>-48.884137,-10.155693,0</coordinates></Point></Placemark>
<Placemark><name>5736330013</name><visibility>0</visibility><LookAt><longitude>-48.884698</longitude><latitude>-10.155331</latitude><altitude>1200.0</altitude><altitudeMode>absolute</altitudeMode></LookAt><styleUrl>#mapDaimonET</styleUrl><Point><coordinates>-48.884698,-10.155331,0</coordinates></Point></Placemark>
<Placemark><name>5753100013</name><visibility>0</visibility><LookAt><longitude>-48.886601</longitude><latitude>-10.153280</latitude><altitude>1200.0</altitude><altitudeMode>absolute</altitudeMode></LookAt><styleUrl>#mapDaimonET</styleUrl><Point><coordinates>-48.886601,-10.153280,0</coordinates></Point></Placemark>
<Placemark><name>5601093013</name><visibility>0</visibility><LookAt><longitude>-48.886245</longitude><latitude>-10.158723</latitude><altitude>1200.0</altitude><altitudeMode>absolute</altitudeMode></LookAt><styleUrl>#mapDaimonET</styleUrl><Point><coordinates>-48.886245,-10.158723,0</coordinates></Point></Placemark>
<Placemark><name>5700128013</name><visibility>0</visibility><LookAt><longitude>-48.885938</longitude><latitude>-10.157828</latitude><altitude>1200.0</altitude><altitudeMode>absolute</altitudeMode></LookAt><styleUrl>#mapDaimonET</styleUrl><Point><coordinates>-48.885938,-10.157828,0</coordinates></Point></Placemark>
<Placemark><name>5700127013</name><visibility>0</visibility><LookAt><longitude>-48.888242</longitude><latitude>-10.157909</latitude><altitude>1200.0</altitude><altitudeMode>absolute</altitudeMode></LookAt><styleUrl>#mapDaimonET</styleUrl><Point><coordinates>-48.888242,-10.157909,0</coordinates></Point></Placemark>
<Placemark><name>5702203013</name><visibility>0</visibility><LookAt><longitude>-48.887566</longitude><latitude>-10.157056</latitude><altitude>1200.0</altitude><altitudeMode>absolute</altitudeMode></LookAt><styleUrl>#mapDaimonET</styleUrl><Point><coordinates>-48.887566,-10.157056,0</coordinates></Point></Placemark>
<Placemark><name>5702096013</name><visibility>0</visibility><LookAt><longitude>-48.888919</longitude><latitude>-10.158393</latitude><altitude>1200.0</altitude><altitudeMode>absolute</altitudeMode></LookAt><styleUrl>#mapDaimonET</styleUrl><Point><coordinates>-48.888919,-10.158393,0</coordinates></Point></Placemark>
<Placemark><name>5730365013</name><visibility>0</visibility><LookAt><longitude>-48.885717</longitude><latitude>-10.159185</latitude><altitude>1200.0</altitude><altitudeMode>absolute</altitudeMode></LookAt><styleUrl>#mapDaimonET</styleUrl><Point><coordinates>-48.885717,-10.159185,0</coordinates></Point></Placemark>
<Placemark><name>5600129013</name><visibility>0</visibility><LookAt><longitude>-48.883778</longitude><latitude>-10.154744</latitude><altitude>1200.0</altitude><altitudeMode>absolute</altitudeMode></LookAt><styleUrl>#mapDaimonET</styleUrl><Point><coordinates>-48.883778,-10.154744,0</coordinates></Point></Placemark>
<Placemark><name>5600132013</name><visibility>0</visibility><LookAt><longitude>-48.885736</longitude><latitude>-10.148114</latitude><altitude>1200.0</altitude><altitudeMode>absolute</altitudeMode></LookAt><styleUrl>#mapDaimonET</styleUrl><Point><coordinates>-48.885736,-10.148114,0</coordinates></Point></Placemark>
<Placemark><name>5719227013</name><visibility>0</visibility><LookAt><longitude>-48.884892</longitude><latitude>-10.150688</latitude><altitude>1200.0</altitude><altitudeMode>absolute</altitudeMode></LookAt><styleUrl>#mapDaimonET</styleUrl><Point><coordinates>-48.884892,-10.150688,0</coordinates></Point></Placemark>
<Placemark><name>5702105013</name><visibility>0</visibility><LookAt><longitude>-48.884064</longitude><latitude>-10.153420</latitude><altitude>1200.0</altitude><altitudeMode>absolute</altitudeMode></LookAt><styleUrl>#mapDaimonET</styleUrl><Point><coordinates>-48.884064,-10.153420,0</coordinates></Point></Placemark>
<Placemark><name>5701181013</name><visibility>0</visibility><LookAt><longitude>-48.882749</longitude><latitude>-10.157706</latitude><altitude>1200.0</altitude><altitudeMode>absolute</altitudeMode></LookAt><styleUrl>#mapDaimonET</styleUrl><Point><coordinates>-48.882749,-10.157706,0</coordinates></Point></Placemark>
<Placemark><name>5600137013</name><visibility>0</visibility><LookAt><longitude>-48.883078</longitude><latitude>-10.156787</latitude><altitude>1200.0</altitude><altitudeMode>absolute</altitudeMode></LookAt><styleUrl>#mapDaimonET</styleUrl><Point><coordinates>-48.883078,-10.156787,0</coordinates></Point></Placemark>
<Placemark><name>5700133013</name><visibility>0</visibility><LookAt><longitude>-48.884588</longitude><latitude>-10.148161</latitude><altitude>1200.0</altitude><altitudeMode>absolute</altitudeMode></LookAt><styleUrl>#mapDaimonET</styleUrl><Point><coordinates>-48.884588,-10.148161,0</coordinates></Point></Placemark>
<Placemark><name>5700131013</name><visibility>0</visibility><LookAt><longitude>-48.884656</longitude><latitude>-10.151826</latitude><altitude>1200.0</altitude><altitudeMode>absolute</altitudeMode></LookAt><styleUrl>#mapDaimonET</styleUrl><Point><coordinates>-48.884656,-10.151826,0</coordinates></Point></Placemark>
<Placemark><name>5700255013</name><visibility>0</visibility><LookAt><longitude>-48.886330</longitude><latitude>-10.146020</latitude><altitude>1200.0</altitude><altitudeMode>absolute</altitudeMode></LookAt><styleUrl>#mapDaimonET</styleUrl><Point><coordinates>-48.886330,-10.146020,0</coordinates></Point></Placemark>
<Placemark><name>5700279013</name><visibility>0</visibility><LookAt><longitude>-48.887340</longitude><latitude>-10.146315</latitude><altitude>1200.0</altitude><altitudeMode>absolute</altitudeMode></LookAt><styleUrl>#mapDaimonET</styleUrl><Point><coordinates>-48.887340,-10.146315,0</coordinates></Point></Placemark>
<Placemark><name>5740337013</name><visibility>0</visibility><LookAt><longitude>-48.882102</longitude><latitude>-10.155214</latitude><altitude>1200.0</altitude><altitudeMode>absolute</altitudeMode></LookAt><styleUrl>#mapDaimonET</styleUrl><Point><coordinates>-48.882102,-10.155214,0</coordinates></Point></Placemark>
<Placemark><name>5701777013</name><visibility>0</visibility><LookAt><longitude>-48.891398</longitude><latitude>-10.157597</latitude><altitude>1200.0</altitude><altitudeMode>absolute</altitudeMode></LookAt><styleUrl>#mapDaimonET</styleUrl><Point><coordinates>-48.891398,-10.157597,0</coordinates></Point></Placemark>
<Placemark><name>5702103013</name><visibility>0</visibility><LookAt><longitude>-48.890430</longitude><latitude>-10.154702</latitude><altitude>1200.0</altitude><altitudeMode>absolute</altitudeMode></LookAt><styleUrl>#mapDaimonET</styleUrl><Point><coordinates>-48.890430,-10.154702,0</coordinates></Point></Placemark>
<Placemark><name>5713644013</name><visibility>0</visibility><LookAt><longitude>-48.892364</longitude><latitude>-10.159465</latitude><altitude>1200.0</altitude><altitudeMode>absolute</altitudeMode></LookAt><styleUrl>#mapDaimonET</styleUrl><Point><coordinates>-48.892364,-10.159465,0</coordinates></Point></Placemark>
<Placemark><name>5753080013</name><visibility>0</visibility><LookAt><longitude>-48.892819</longitude><latitude>-10.161205</latitude><altitude>1200.0</altitude><altitudeMode>absolute</altitudeMode></LookAt><styleUrl>#mapDaimonET</styleUrl><Point><coordinates>-48.892819,-10.161205,0</coordinates></Point></Placemark>
<Placemark><name>5701094013</name><visibility>0</visibility><LookAt><longitude>-48.887799</longitude><latitude>-10.155755</latitude><altitude>1200.0</altitude><altitudeMode>absolute</altitudeMode></LookAt><styleUrl>#mapDaimonET</styleUrl><Point><coordinates>-48.887799,-10.155755,0</coordinates></Point></Placemark>
<Placemark><name>5753071013</name><visibility>0</visibility><LookAt><longitude>-48.888843</longitude><latitude>-10.154664</latitude><altitude>1200.0</altitude><altitudeMode>absolute</altitudeMode></LookAt><styleUrl>#mapDaimonET</styleUrl><Point><coordinates>-48.888843,-10.154664,0</coordinates></Point></Placemark>
<Placemark><name>5720699013</name><visibility>0</visibility><LookAt><longitude>-48.888213</longitude><latitude>-10.152442</latitude><altitude>1200.0</altitude><altitudeMode>absolute</altitudeMode></LookAt><styleUrl>#mapDaimonET</styleUrl><Point><coordinates>-48.888213,-10.152442,0</coordinates></Point></Placemark>
<Placemark><name>5701770013</name><visibility>0</visibility><LookAt><longitude>-48.887451</longitude><latitude>-10.153011</latitude><altitude>1200.0</altitude><altitudeMode>absolute</altitudeMode></LookAt><styleUrl>#mapDaimonET</styleUrl><Point><coordinates>-48.887451,-10.153011,0</coordinates></Point></Placemark>
<Placemark><name>5700140013</name><visibility>0</visibility><LookAt><longitude>-48.881318</longitude><latitude>-10.165664</latitude><altitude>1200.0</altitude><altitudeMode>absolute</altitudeMode></LookAt><styleUrl>#mapDaimonET</styleUrl><Point><coordinates>-48.881318,-10.165664,0</coordinates></Point></Placemark>
<Placemark><name>5731388013</name><visibility>0</visibility><LookAt><longitude>-48.884439</longitude><latitude>-10.161568</latitude><altitude>1200.0</altitude><altitudeMode>absolute</altitudeMode></LookAt><styleUrl>#mapDaimonET</styleUrl><Point><coordinates>-48.884439,-10.161568,0</coordinates></Point></Placemark>
<Placemark><name>5727821013</name><visibility>0</visibility><LookAt><longitude>-48.885905</longitude><latitude>-10.144896</latitude><altitude>1200.0</altitude><altitudeMode>absolute</altitudeMode></LookAt><styleUrl>#mapDaimonET</styleUrl><Point><coordinates>-48.885905,-10.144896,0</coordinates></Point></Placemark>
<Placemark><name>5754660013</name><visibility>0</visibility><LookAt><longitude>-48.886140</longitude><latitude>-10.144084</latitude><altitude>1200.0</altitude><altitudeMode>absolute</altitudeMode></LookAt><styleUrl>#mapDaimonET</styleUrl><Point><coordinates>-48.886140,-10.144084,0</coordinates></Point></Placemark>
<Placemark><name>5736207013</name><visibility>0</visibility><LookAt><longitude>-48.887557</longitude><latitude>-10.139652</latitude><altitude>1200.0</altitude><altitudeMode>absolute</altitudeMode></LookAt><styleUrl>#mapDaimonET</styleUrl><Point><coordinates>-48.887557,-10.139652,0</coordinates></Point></Placemark>
<Placemark><name>5601257013</name><visibility>0</visibility><LookAt><longitude>-48.886115</longitude><latitude>-10.146840</latitude><altitude>1200.0</altitude><altitudeMode>absolute</altitudeMode></LookAt><styleUrl>#mapDaimonET</styleUrl><Point><coordinates>-48.886115,-10.146840,0</coordinates></Point></Placemark>
<Placemark><name>5751406013</name><visibility>0</visibility><LookAt><longitude>-48.883269</longitude><latitude>-10.152276</latitude><altitude>1200.0</altitude><altitudeMode>absolute</altitudeMode></LookAt><styleUrl>#mapDaimonET</styleUrl><Point><coordinates>-48.883269,-10.152276,0</coordinates></Point></Placemark>
<Placemark><name>5751407013</name><visibility>0</visibility><LookAt><longitude>-48.881582</longitude><latitude>-10.151276</latitude><altitude>1200.0</altitude><altitudeMode>absolute</altitudeMode></LookAt><styleUrl>#mapDaimonET</styleUrl><Point><coordinates>-48.881582,-10.151276,0</coordinates></Point></Placemark>
<Placemark><name>5751408013</name><visibility>0</visibility><LookAt><longitude>-48.879636</longitude><latitude>-10.150693</latitude><altitude>1200.0</altitude><altitudeMode>absolute</altitudeMode></LookAt><styleUrl>#mapDaimonET</styleUrl><Point><coordinates>-48.879636,-10.150693,0</coordinates></Point></Placemark>
<Placemark><name>5751403013</name><visibility>0</visibility><LookAt><longitude>-48.877625</longitude><latitude>-10.154875</latitude><altitude>1200.0</altitude><altitudeMode>absolute</altitudeMode></LookAt><styleUrl>#mapDaimonET</styleUrl><Point><coordinates>-48.877625,-10.154875,0</coordinates></Point></Placemark>
<Placemark><name>5740339013</name><visibility>0</visibility><LookAt><longitude>-48.879850</longitude><latitude>-10.153644</latitude><altitude>1200.0</altitude><altitudeMode>absolute</altitudeMode></LookAt><styleUrl>#mapDaimonET</styleUrl><Point><coordinates>-48.879850,-10.153644,0</coordinates></Point></Placemark>
<Placemark><name>5740334013</name><visibility>0</visibility><LookAt><longitude>-48.879208</longitude><latitude>-10.155754</latitude><altitude>1200.0</altitude><altitudeMode>absolute</altitudeMode></LookAt><styleUrl>#mapDaimonET</styleUrl><Point><coordinates>-48.879208,-10.155754,0</coordinates></Point></Placemark>
<Placemark><name>5751404013</name><visibility>0</visibility><LookAt><longitude>-48.878820</longitude><latitude>-10.157021</latitude><altitude>1200.0</altitude><altitudeMode>absolute</altitudeMode></LookAt><styleUrl>#mapDaimonET</styleUrl><Point><coordinates>-48.878820,-10.157021,0</coordinates></Point></Placemark>
<Placemark><name>5700666013</name><visibility>0</visibility><LookAt><longitude>-48.882215</longitude><latitude>-10.155749</latitude><altitude>1200.0</altitude><altitudeMode>absolute</altitudeMode></LookAt><styleUrl>#mapDaimonET</styleUrl><Point><coordinates>-48.882215,-10.155749,0</coordinates></Point></Placemark>
<Placemark><name>5719228013</name><visibility>0</visibility><LookAt><longitude>-48.887658</longitude><latitude>-10.151694</latitude><altitude>1200.0</altitude><altitudeMode>absolute</altitudeMode></LookAt><styleUrl>#mapDaimonET</styleUrl><Point><coordinates>-48.887658,-10.151694,0</coordinates></Point></Placemark>
<Placemark><name>5702080013</name><visibility>0</visibility><LookAt><longitude>-48.880036</longitude><latitude>-10.168098</latitude><altitude>1200.0</altitude><altitudeMode>absolute</altitudeMode></LookAt><styleUrl>#mapDaimonET</styleUrl><Point><coordinates>-48.880036,-10.168098,0</coordinates></Point></Placemark>
<Placemark><name>5702081013</name><visibility>0</visibility><LookAt><longitude>-48.880090</longitude><latitude>-10.166917</latitude><altitude>1200.0</altitude><altitudeMode>absolute</altitudeMode></LookAt><styleUrl>#mapDaimonET</styleUrl><Point><coordinates>-48.880090,-10.166917,0</coordinates></Point></Placemark>
<Placemark><name>5763682013</name><visibility>0</visibility><LookAt><longitude>-48.879197</longitude><latitude>-10.167224</latitude><altitude>1200.0</altitude><altitudeMode>absolute</altitudeMode></LookAt><styleUrl>#mapDaimonET</styleUrl><Point><coordinates>-48.879197,-10.167224,0</coordinates></Point></Placemark>
<Placemark><name>5701250013</name><visibility>0</visibility><LookAt><longitude>-48.884386</longitude><latitude>-10.165095</latitude><altitude>1200.0</altitude><altitudeMode>absolute</altitudeMode></LookAt><styleUrl>#mapDaimonET</styleUrl><Point><coordinates>-48.884386,-10.165095,0</coordinates></Point></Placemark>
<Placemark><name>5700139013</name><visibility>0</visibility><LookAt><longitude>-48.882862</longitude><latitude>-10.165820</latitude><altitude>1200.0</altitude><altitudeMode>absolute</altitudeMode></LookAt><styleUrl>#mapDaimonET</styleUrl><Point><coordinates>-48.882862,-10.165820,0</coordinates></Point></Placemark>
<Placemark><name>5714704013</name><visibility>0</visibility><LookAt><longitude>-48.881763</longitude><latitude>-10.164955</latitude><altitude>1200.0</altitude><altitudeMode>absolute</altitudeMode></LookAt><styleUrl>#mapDaimonET</styleUrl><Point><coordinates>-48.881763,-10.164955,0</coordinates></Point></Placemark>
<Placemark><name>5701013013</name><visibility>0</visibility><LookAt><longitude>-48.882165</longitude><latitude>-10.165504</latitude><altitude>1200.0</altitude><altitudeMode>absolute</altitudeMode></LookAt><styleUrl>#mapDaimonET</styleUrl><Point><coordinates>-48.882165,-10.165504,0</coordinates></Point></Placemark>
<Placemark><name>5602357013</name><visibility>0</visibility><LookAt><longitude>-48.883911</longitude><latitude>-10.160889</latitude><altitude>1200.0</altitude><altitudeMode>absolute</altitudeMode></LookAt><styleUrl>#mapDaimonET</styleUrl><Point><coordinates>-48.883911,-10.160889,0</coordinates></Point></Placemark>
<Placemark><name>5601258013</name><visibility>0</visibility><LookAt><longitude>-48.882349</longitude><latitude>-10.155585</latitude><altitude>1200.0</altitude><altitudeMode>absolute</altitudeMode></LookAt><styleUrl>#mapDaimonET</styleUrl><Point><coordinates>-48.882349,-10.155585,0</coordinates></Point></Placemark>
<Placemark><name>5702199013</name><visibility>0</visibility><LookAt><longitude>-48.889834</longitude><latitude>-10.150610</latitude><altitude>1200.0</altitude><altitudeMode>absolute</altitudeMode></LookAt><styleUrl>#mapDaimonET</styleUrl><Point><coordinates>-48.889834,-10.150610,0</coordinates></Point></Placemark>
<Placemark><name>5702198013</name><visibility>0</visibility><LookAt><longitude>-48.889035</longitude><latitude>-10.150830</latitude><altitude>1200.0</altitude><altitudeMode>absolute</altitudeMode></LookAt><styleUrl>#mapDaimonET</styleUrl><Point><coordinates>-48.889035,-10.150830,0</coordinates></Point></Placemark>
<Placemark><name>5702200013</name><visibility>0</visibility><LookAt><longitude>-48.891157</longitude><latitude>-10.150235</latitude><altitude>1200.0</altitude><altitudeMode>absolute</altitudeMode></LookAt><styleUrl>#mapDaimonET</styleUrl><Point><coordinates>-48.891157,-10.150235,0</coordinates></Point></Placemark>
<Placemark><name>5702344013</name><visibility>0</visibility><LookAt><longitude>-48.895125</longitude><latitude>-10.149898</latitude><altitude>1200.0</altitude><altitudeMode>absolute</altitudeMode></LookAt><styleUrl>#mapDaimonET</styleUrl><Point><coordinates>-48.895125,-10.149898,0</coordinates></Point></Placemark>
<Placemark><name>5600840013</name><visibility>0</visibility><LookAt><longitude>-48.880211</longitude><latitude>-10.165970</latitude><altitude>1200.0</altitude><altitudeMode>absolute</altitudeMode></LookAt><styleUrl>#mapDaimonET</styleUrl><Point><coordinates>-48.880211,-10.165970,0</coordinates></Point></Placemark>
<Placemark><name>5701906013</name><visibility>0</visibility><LookAt><longitude>-48.880222</longitude><latitude>-10.164026</latitude><altitude>1200.0</altitude><altitudeMode>absolute</altitudeMode></LookAt><styleUrl>#mapDaimonET</styleUrl><Point><coordinates>-48.880222,-10.164026,0</coordinates></Point></Placemark>
<Placemark><name>5700181013</name><visibility>0</visibility><LookAt><longitude>-48.878865</longitude><latitude>-10.165876</latitude><altitude>1200.0</altitude><altitudeMode>absolute</altitudeMode></LookAt><styleUrl>#mapDaimonET</styleUrl><Point><coordinates>-48.878865,-10.165876,0</coordinates></Point></Placemark>
<Placemark><name>5702146013</name><visibility>0</visibility><LookAt><longitude>-48.880062</longitude><latitude>-10.168909</latitude><altitude>1200.0</altitude><altitudeMode>absolute</altitudeMode></LookAt><styleUrl>#mapDaimonET</styleUrl><Point><coordinates>-48.880062,-10.168909,0</coordinates></Point></Placemark>
<Placemark><name>5700183013</name><visibility>0</visibility><LookAt><longitude>-48.879298</longitude><latitude>-10.164384</latitude><altitude>1200.0</altitude><altitudeMode>absolute</altitudeMode></LookAt><styleUrl>#mapDaimonET</styleUrl><Point><coordinates>-48.879298,-10.164384,0</coordinates></Point></Placemark>
<Placemark><name>5162821013</name><visibility>0</visibility><LookAt><longitude>-48.875891</longitude><latitude>-10.164101</latitude><altitude>1200.0</altitude><altitudeMode>absolute</altitudeMode></LookAt><styleUrl>#mapDaimonET</styleUrl><Point><coordinates>-48.875891,-10.164101,0</coordinates></Point></Placemark>
<Placemark><name>5744807013</name><visibility>0</visibility><LookAt><longitude>-48.880025</longitude><latitude>-10.161688</latitude><altitude>1200.0</altitude><altitudeMode>absolute</altitudeMode></LookAt><styleUrl>#mapDaimonET</styleUrl><Point><coordinates>-48.880025,-10.161688,0</coordinates></Point></Placemark>
<Placemark><name>5744808013</name><visibility>0</visibility><LookAt><longitude>-48.878036</longitude><latitude>-10.160155</latitude><altitude>1200.0</altitude><altitudeMode>absolute</altitudeMode></LookAt><styleUrl>#mapDaimonET</styleUrl><Point><coordinates>-48.878036,-10.160155,0</coordinates></Point></Placemark>
<Placemark><name>5735067013</name><visibility>0</visibility><LookAt><longitude>-48.879876</longitude><latitude>-10.161211</latitude><altitude>1200.0</altitude><altitudeMode>absolute</altitudeMode></LookAt><styleUrl>#mapDaimonET</styleUrl><Point><coordinates>-48.879876,-10.161211,0</coordinates></Point></Placemark>
<Placemark><name>5751405013</name><visibility>0</visibility><LookAt><longitude>-48.881499</longitude><latitude>-10.158115</latitude><altitude>1200.0</altitude><altitudeMode>absolute</altitudeMode></LookAt><styleUrl>#mapDaimonET</styleUrl><Point><coordinates>-48.881499,-10.158115,0</coordinates></Point></Placemark>
<Placemark><name>5702346013</name><visibility>0</visibility><LookAt><longitude>-48.899190</longitude><latitude>-10.150168</latitude><altitude>1200.0</altitude><altitudeMode>absolute</altitudeMode></LookAt><styleUrl>#mapDaimonET</styleUrl><Point><coordinates>-48.899190,-10.150168,0</coordinates></Point></Placemark>
<Placemark><name>5702347013</name><visibility>0</visibility><LookAt><longitude>-48.899333</longitude><latitude>-10.151321</latitude><altitude>1200.0</altitude><altitudeMode>absolute</altitudeMode></LookAt><styleUrl>#mapDaimonET</styleUrl><Point><coordinates>-48.899333,-10.151321,0</coordinates></Point></Placemark>
<Placemark><name>5700191013</name><visibility>0</visibility><LookAt><longitude>-48.877878</longitude><latitude>-10.167962</latitude><altitude>1200.0</altitude><altitudeMode>absolute</altitudeMode></LookAt><styleUrl>#mapDaimonET</styleUrl><Point><coordinates>-48.877878,-10.167962,0</coordinates></Point></Placemark>
<Placemark><name>5704395013</name><visibility>0</visibility><LookAt><longitude>-48.868826</longitude><latitude>-10.154657</latitude><altitude>1200.0</altitude><altitudeMode>absolute</altitudeMode></LookAt><styleUrl>#mapDaimonET</styleUrl><Point><coordinates>-48.868826,-10.154657,0</coordinates></Point></Placemark>
<Placemark><name>5702355013</name><visibility>0</visibility><LookAt><longitude>-48.903316</longitude><latitude>-10.150487</latitude><altitude>1200.0</altitude><altitudeMode>absolute</altitudeMode></LookAt><styleUrl>#mapDaimonET</styleUrl><Point><coordinates>-48.903316,-10.150487,0</coordinates></Point></Placemark>
<Placemark><name>5702351013</name><visibility>0</visibility><LookAt><longitude>-48.905330</longitude><latitude>-10.152487</latitude><altitude>1200.0</altitude><altitudeMode>absolute</altitudeMode></LookAt><styleUrl>#mapDaimonET</styleUrl><Point><coordinates>-48.905330,-10.152487,0</coordinates></Point></Placemark>
<Placemark><name>5702353013</name><visibility>0</visibility><LookAt><longitude>-48.903869</longitude><latitude>-10.152270</latitude><altitude>1200.0</altitude><altitudeMode>absolute</altitudeMode></LookAt><styleUrl>#mapDaimonET</styleUrl><Point><coordinates>-48.903869,-10.152270,0</coordinates></Point></Placemark>
<Placemark><name>5702708013</name><visibility>0</visibility><LookAt><longitude>-48.907694</longitude><latitude>-10.155077</latitude><altitude>1200.0</altitude><altitudeMode>absolute</altitudeMode></LookAt><styleUrl>#mapDaimonET</styleUrl><Point><coordinates>-48.907694,-10.155077,0</coordinates></Point></Placemark>
<Placemark><name>5702348013</name><visibility>0</visibility><LookAt><longitude>-48.900298</longitude><latitude>-10.149895</latitude><altitude>1200.0</altitude><altitudeMode>absolute</altitudeMode></LookAt><styleUrl>#mapDaimonET</styleUrl><Point><coordinates>-48.900298,-10.149895,0</coordinates></Point></Placemark>
<Placemark><name>5702345013</name><visibility>0</visibility><LookAt><longitude>-48.898370</longitude><latitude>-10.149289</latitude><altitude>1200.0</altitude><altitudeMode>absolute</altitudeMode></LookAt><styleUrl>#mapDaimonET</styleUrl><Point><coordinates>-48.898370,-10.149289,0</coordinates></Point></Placemark>
<Placemark><name>5702349013</name><visibility>0</visibility><LookAt><longitude>-48.900903</longitude><latitude>-10.148456</latitude><altitude>1200.0</altitude><altitudeMode>absolute</altitudeMode></LookAt><styleUrl>#mapDaimonET</styleUrl><Point><coordinates>-48.900903,-10.148456,0</coordinates></Point></Placemark>
<Placemark><name>5700195013</name><visibility>0</visibility><LookAt><longitude>-48.874013</longitude><latitude>-10.167072</latitude><altitude>1200.0</altitude><altitudeMode>absolute</altitudeMode></LookAt><styleUrl>#mapDaimonET</styleUrl><Point><coordinates>-48.874013,-10.167072,0</coordinates></Point></Placemark>
<Placemark><name>5700193013</name><visibility>0</visibility><LookAt><longitude>-48.877272</longitude><latitude>-10.164955</latitude><altitude>1200.0</altitude><altitudeMode>absolute</altitudeMode></LookAt><styleUrl>#mapDaimonET</styleUrl><Point><coordinates>-48.877272,-10.164955,0</coordinates></Point></Placemark>
<Placemark><name>5729924013</name><visibility>0</visibility><LookAt><longitude>-48.875707</longitude><latitude>-10.164506</latitude><altitude>1200.0</altitude><altitudeMode>absolute</altitudeMode></LookAt><styleUrl>#mapDaimonET</styleUrl><Point><coordinates>-48.875707,-10.164506,0</coordinates></Point></Placemark>
<Placemark><name>5604530013</name><visibility>0</visibility><LookAt><longitude>-48.874748</longitude><latitude>-10.162613</latitude><altitude>1200.0</altitude><altitudeMode>absolute</altitudeMode></LookAt><styleUrl>#mapDaimonET</styleUrl><Point><coordinates>-48.874748,-10.162613,0</coordinates></Point></Placemark>
<Placemark><name>5702287013</name><visibility>0</visibility><LookAt><longitude>-48.874063</longitude><latitude>-10.160748</latitude><altitude>1200.0</altitude><altitudeMode>absolute</altitudeMode></LookAt><styleUrl>#mapDaimonET</styleUrl><Point><coordinates>-48.874063,-10.160748,0</coordinates></Point></Placemark>
<Placemark><name>5702352013</name><visibility>0</visibility><LookAt><longitude>-48.904908</longitude><latitude>-10.151465</latitude><altitude>1200.0</altitude><altitudeMode>absolute</altitudeMode></LookAt><styleUrl>#mapDaimonET</styleUrl><Point><coordinates>-48.904908,-10.151465,0</coordinates></Point></Placemark>
<Placemark><name>5702350013</name><visibility>0</visibility><LookAt><longitude>-48.906230</longitude><latitude>-10.152811</latitude><altitude>1200.0</altitude><altitudeMode>absolute</altitudeMode></LookAt><styleUrl>#mapDaimonET</styleUrl><Point><coordinates>-48.906230,-10.152811,0</coordinates></Point></Placemark>
<Placemark><name>5700201013</name><visibility>0</visibility><LookAt><longitude>-48.871626</longitude><latitude>-10.168874</latitude><altitude>1200.0</altitude><altitudeMode>absolute</altitudeMode></LookAt><styleUrl>#mapDaimonET</styleUrl><Point><coordinates>-48.871626,-10.168874,0</coordinates></Point></Placemark>
<Placemark><name>5701852013</name><visibility>0</visibility><LookAt><longitude>-48.873111</longitude><latitude>-10.168685</latitude><altitude>1200.0</altitude><altitudeMode>absolute</altitudeMode></LookAt><styleUrl>#mapDaimonET</styleUrl><Point><coordinates>-48.873111,-10.168685,0</coordinates></Point></Placemark>
<Placemark><name>5729978013</name><visibility>0</visibility><LookAt><longitude>-48.872307</longitude><latitude>-10.167746</latitude><altitude>1200.0</altitude><altitudeMode>absolute</altitudeMode></LookAt><styleUrl>#mapDaimonET</styleUrl><Point><coordinates>-48.872307,-10.167746,0</coordinates></Point></Placemark>
<Placemark><name>5627263013</name><visibility>0</visibility><LookAt><longitude>-48.874550</longitude><latitude>-10.167073</latitude><altitude>1200.0</altitude><altitudeMode>absolute</altitudeMode></LookAt><styleUrl>#mapDaimonET</styleUrl><Point><coordinates>-48.874550,-10.167073,0</coordinates></Point></Placemark>
<Placemark><name>5700807013</name><visibility>0</visibility><LookAt><longitude>-48.871979</longitude><latitude>-10.161513</latitude><altitude>1200.0</altitude><altitudeMode>absolute</altitudeMode></LookAt><styleUrl>#mapDaimonET</styleUrl><Point><coordinates>-48.871979,-10.161513,0</coordinates></Point></Placemark>
<Placemark><name>5604461013</name><visibility>0</visibility><LookAt><longitude>-48.876581</longitude><latitude>-10.159327</latitude><altitude>1200.0</altitude><altitudeMode>absolute</altitudeMode></LookAt><styleUrl>#mapDaimonET</styleUrl><Point><coordinates>-48.876581,-10.159327,0</coordinates></Point></Placemark>
<Placemark><name>5700270013</name><visibility>0</visibility><LookAt><longitude>-48.875050</longitude><latitude>-10.158923</latitude><altitude>1200.0</altitude><altitudeMode>absolute</altitudeMode></LookAt><styleUrl>#mapDaimonET</styleUrl><Point><coordinates>-48.875050,-10.158923,0</coordinates></Point></Placemark>
<Placemark><name>5702295013</name><visibility>0</visibility><LookAt><longitude>-48.837256</longitude><latitude>-10.132070</latitude><altitude>1200.0</altitude><altitudeMode>absolute</altitudeMode></LookAt><styleUrl>#mapDaimonET</styleUrl><Point><coordinates>-48.837256,-10.132070,0</coordinates></Point></Placemark>
<Placemark><name>5739208013</name><visibility>0</visibility><LookAt><longitude>-48.848292</longitude><latitude>-10.134127</latitude><altitude>1200.0</altitude><altitudeMode>absolute</altitudeMode></LookAt><styleUrl>#mapDaimonET</styleUrl><Point><coordinates>-48.848292,-10.134127,0</coordinates></Point></Placemark>
<Placemark><name>561837013</name><visibility>0</visibility><LookAt><longitude>-48.849292</longitude><latitude>-10.133768</latitude><altitude>1200.0</altitude><altitudeMode>absolute</altitudeMode></LookAt><styleUrl>#mapDaimonET</styleUrl><Point><coordinates>-48.849292,-10.133768,0</coordinates></Point></Placemark>
<Placemark><name>5730029013</name><visibility>0</visibility><LookAt><longitude>-48.853716</longitude><latitude>-10.117489</latitude><altitude>1200.0</altitude><altitudeMode>absolute</altitudeMode></LookAt><styleUrl>#mapDaimonET</styleUrl><Point><coordinates>-48.853716,-10.117489,0</coordinates></Point></Placemark>
<Placemark><name>5602205013</name><visibility>0</visibility><LookAt><longitude>-48.849092</longitude><latitude>-10.131490</latitude><altitude>1200.0</altitude><altitudeMode>absolute</altitudeMode></LookAt><styleUrl>#mapDaimonET</styleUrl><Point><coordinates>-48.849092,-10.131490,0</coordinates></Point></Placemark>
<Placemark><name>5756530013</name><visibility>0</visibility><LookAt><longitude>-48.872166</longitude><latitude>-10.165915</latitude><altitude>1200.0</altitude><altitudeMode>absolute</altitudeMode></LookAt><styleUrl>#mapDaimonET</styleUrl><Point><coordinates>-48.872166,-10.165915,0</coordinates></Point></Placemark>
<Placemark><name>5711042013</name><visibility>0</visibility><LookAt><longitude>-48.868313</longitude><latitude>-10.164325</latitude><altitude>1200.0</altitude><altitudeMode>absolute</altitudeMode></LookAt><styleUrl>#mapDaimonET</styleUrl><Point><coordinates>-48.868313,-10.164325,0</coordinates></Point></Placemark>
<Placemark><name>5700806013</name><visibility>0</visibility><LookAt><longitude>-48.873733</longitude><latitude>-10.161435</latitude><altitude>1200.0</altitude><altitudeMode>absolute</altitudeMode></LookAt><styleUrl>#mapDaimonET</styleUrl><Point><coordinates>-48.873733,-10.161435,0</coordinates></Point></Placemark>
<Placemark><name>5700664013</name><visibility>0</visibility><LookAt><longitude>-48.870633</longitude><latitude>-10.152574</latitude><altitude>1200.0</altitude><altitudeMode>absolute</altitudeMode></LookAt><styleUrl>#mapDaimonET</styleUrl><Point><coordinates>-48.870633,-10.152574,0</coordinates></Point></Placemark>
<Placemark><name>5735065013</name><visibility>0</visibility><LookAt><longitude>-48.872254</longitude><latitude>-10.153833</latitude><altitude>1200.0</altitude><altitudeMode>absolute</altitudeMode></LookAt><styleUrl>#mapDaimonET</styleUrl><Point><coordinates>-48.872254,-10.153833,0</coordinates></Point></Placemark>
<Placemark><name>5654377013</name><visibility>0</visibility><LookAt><longitude>-48.837348</longitude><latitude>-10.132127</latitude><altitude>1200.0</altitude><altitudeMode>absolute</altitudeMode></LookAt><styleUrl>#mapDaimonET</styleUrl><Point><coordinates>-48.837348,-10.132127,0</coordinates></Point></Placemark>
<Placemark><name>5759283013</name><visibility>0</visibility><LookAt><longitude>-48.846165</longitude><latitude>-10.131037</latitude><altitude>1200.0</altitude><altitudeMode>absolute</altitudeMode></LookAt><styleUrl>#mapDaimonET</styleUrl><Point><coordinates>-48.846165,-10.131037,0</coordinates></Point></Placemark>
<Placemark><name>5701837013</name><visibility>0</visibility><LookAt><longitude>-48.868657</longitude><latitude>-10.166781</latitude><altitude>1200.0</altitude><altitudeMode>absolute</altitudeMode></LookAt><styleUrl>#mapDaimonET</styleUrl><Point><coordinates>-48.868657,-10.166781,0</coordinates></Point></Placemark>
<Placemark><name>5701708013</name><visibility>0</visibility><LookAt><longitude>-48.863979</longitude><latitude>-10.170494</latitude><altitude>1200.0</altitude><altitudeMode>absolute</altitudeMode></LookAt><styleUrl>#mapDaimonET</styleUrl><Point><coordinates>-48.863979,-10.170494,0</coordinates></Point></Placemark>
<Placemark><name>5710672013</name><visibility>0</visibility><LookAt><longitude>-48.836308</longitude><latitude>-10.141940</latitude><altitude>1200.0</altitude><altitudeMode>absolute</altitudeMode></LookAt><styleUrl>#mapDaimonET</styleUrl><Point><coordinates>-48.836308,-10.141940,0</coordinates></Point></Placemark>
<Placemark><name>5758710013</name><visibility>0</visibility><LookAt><longitude>-48.829995</longitude><latitude>-10.134802</latitude><altitude>1200.0</altitude><altitudeMode>absolute</altitudeMode></LookAt><styleUrl>#mapDaimonET</styleUrl><Point><coordinates>-48.829995,-10.134802,0</coordinates></Point></Placemark>
<Placemark><name>5701959013</name><visibility>0</visibility><LookAt><longitude>-48.863747</longitude><latitude>-10.171565</latitude><altitude>1200.0</altitude><altitudeMode>absolute</altitudeMode></LookAt><styleUrl>#mapDaimonET</styleUrl><Point><coordinates>-48.863747,-10.171565,0</coordinates></Point></Placemark>
<Placemark><name>5702185013</name><visibility>0</visibility><LookAt><longitude>-48.863947</longitude><latitude>-10.171198</latitude><altitude>1200.0</altitude><altitudeMode>absolute</altitudeMode></LookAt><styleUrl>#mapDaimonET</styleUrl><Point><coordinates>-48.863947,-10.171198,0</coordinates></Point></Placemark>
<Placemark><name>5653726013</name><visibility>0</visibility><LookAt><longitude>-48.849341</longitude><latitude>-10.173784</latitude><altitude>1200.0</altitude><altitudeMode>absolute</altitudeMode></LookAt><styleUrl>#mapDaimonET</styleUrl><Point><coordinates>-48.849341,-10.173784,0</coordinates></Point></Placemark>
<Placemark><name>5701711013</name><visibility>0</visibility><LookAt><longitude>-48.834714</longitude><latitude>-10.168352</latitude><altitude>1200.0</altitude><altitudeMode>absolute</altitudeMode></LookAt><styleUrl>#mapDaimonET</styleUrl><Point><coordinates>-48.834714,-10.168352,0</coordinates></Point></Placemark>
<Placemark><name>5701709013</name><visibility>0</visibility><LookAt><longitude>-48.853482</longitude><latitude>-10.176354</latitude><altitude>1200.0</altitude><altitudeMode>absolute</altitudeMode></LookAt><styleUrl>#mapDaimonET</styleUrl><Point><coordinates>-48.853482,-10.176354,0</coordinates></Point></Placemark>
<Placemark><name>5701609013</name><visibility>0</visibility><LookAt><longitude>-48.842385</longitude><latitude>-10.176568</latitude><altitude>1200.0</altitude><altitudeMode>absolute</altitudeMode></LookAt><styleUrl>#mapDaimonET</styleUrl><Point><coordinates>-48.842385,-10.176568,0</coordinates></Point></Placemark>
<Placemark><name>5701710013</name><visibility>0</visibility><LookAt><longitude>-48.839973</longitude><latitude>-10.168922</latitude><altitude>1200.0</altitude><altitudeMode>absolute</altitudeMode></LookAt><styleUrl>#mapDaimonET</styleUrl><Point><coordinates>-48.839973,-10.168922,0</coordinates></Point></Placemark>
<Placemark><name>5762090013</name><visibility>0</visibility><LookAt><longitude>-48.854748</longitude><latitude>-10.176408</latitude><altitude>1200.0</altitude><altitudeMode>absolute</altitudeMode></LookAt><styleUrl>#mapDaimonET</styleUrl><Point><coordinates>-48.854748,-10.176408,0</coordinates></Point></Placemark>
<Placemark><name>5701712013</name><visibility>0</visibility><LookAt><longitude>-48.826827</longitude><latitude>-10.145292</latitude><altitude>1200.0</altitude><altitudeMode>absolute</altitudeMode></LookAt><styleUrl>#mapDaimonET</styleUrl><Point><coordinates>-48.826827,-10.145292,0</coordinates></Point></Placemark>
<Placemark><name>5702162013</name><visibility>0</visibility><LookAt><longitude>-48.826130</longitude><latitude>-10.146243</latitude><altitude>1200.0</altitude><altitudeMode>absolute</altitudeMode></LookAt><styleUrl>#mapDaimonET</styleUrl><Point><coordinates>-48.826130,-10.146243,0</coordinates></Point></Placemark>
<Placemark><name>5732858013</name><visibility>0</visibility><LookAt><longitude>-48.839035</longitude><latitude>-10.140016</latitude><altitude>1200.0</altitude><altitudeMode>absolute</altitudeMode></LookAt><styleUrl>#mapDaimonET</styleUrl><Point><coordinates>-48.839035,-10.140016,0</coordinates></Point></Placemark>
<Placemark><name>5700671013</name><visibility>0</visibility><LookAt><longitude>-48.845755</longitude><latitude>-10.136299</latitude><altitude>1200.0</altitude><altitudeMode>absolute</altitudeMode></LookAt><styleUrl>#mapDaimonET</styleUrl><Point><coordinates>-48.845755,-10.136299,0</coordinates></Point></Placemark>
<Placemark><name>5702509013</name><visibility>0</visibility><LookAt><longitude>-48.865544</longitude><latitude>-10.134538</latitude><altitude>1200.0</altitude><altitudeMode>absolute</altitudeMode></LookAt><styleUrl>#mapDaimonET</styleUrl><Point><coordinates>-48.865544,-10.134538,0</coordinates></Point></Placemark>
<Placemark><name>5700678013</name><visibility>0</visibility><LookAt><longitude>-48.831422</longitude><latitude>-10.135655</latitude><altitude>1200.0</altitude><altitudeMode>absolute</altitudeMode></LookAt><styleUrl>#mapDaimonET</styleUrl><Point><coordinates>-48.831422,-10.135655,0</coordinates></Point></Placemark>
<Placemark><name>5700670013</name><visibility>0</visibility><LookAt><longitude>-48.848272</longitude><latitude>-10.138520</latitude><altitude>1200.0</altitude><altitudeMode>absolute</altitudeMode></LookAt><styleUrl>#mapDaimonET</styleUrl><Point><coordinates>-48.848272,-10.138520,0</coordinates></Point></Placemark>
<Placemark><name>5701610013</name><visibility>0</visibility><LookAt><longitude>-48.842620</longitude><latitude>-10.177698</latitude><altitude>1200.0</altitude><altitudeMode>absolute</altitudeMode></LookAt><styleUrl>#mapDaimonET</styleUrl><Point><coordinates>-48.842620,-10.177698,0</coordinates></Point></Placemark>
<Placemark><name>5701717013</name><visibility>0</visibility><LookAt><longitude>-48.813069</longitude><latitude>-10.149195</latitude><altitude>1200.0</altitude><altitudeMode>absolute</altitudeMode></LookAt><styleUrl>#mapDaimonET</styleUrl><Point><coordinates>-48.813069,-10.149195,0</coordinates></Point></Placemark>
<Placemark><name>5702304013</name><visibility>0</visibility><LookAt><longitude>-48.813862</longitude><latitude>-10.160191</latitude><altitude>1200.0</altitude><altitudeMode>absolute</altitudeMode></LookAt><styleUrl>#mapDaimonET</styleUrl><Point><coordinates>-48.813862,-10.160191,0</coordinates></Point></Placemark>
<Placemark><name>5702392013</name><visibility>0</visibility><LookAt><longitude>-48.809499</longitude><latitude>-10.158529</latitude><altitude>1200.0</altitude><altitudeMode>absolute</altitudeMode></LookAt><styleUrl>#mapDaimonET</styleUrl><Point><coordinates>-48.809499,-10.158529,0</coordinates></Point></Placemark>
<Placemark><name>5700669013</name><visibility>0</visibility><LookAt><longitude>-48.852944</longitude><latitude>-10.150419</latitude><altitude>1200.0</altitude><altitudeMode>absolute</altitudeMode></LookAt><styleUrl>#mapDaimonET</styleUrl><Point><coordinates>-48.852944,-10.150419,0</coordinates></Point></Placemark>
<Placemark><name>5701576013</name><visibility>0</visibility><LookAt><longitude>-48.870735</longitude><latitude>-10.113828</latitude><altitude>1200.0</altitude><altitudeMode>absolute</altitudeMode></LookAt><styleUrl>#mapDaimonET</styleUrl><Point><coordinates>-48.870735,-10.113828,0</coordinates></Point></Placemark>
<Placemark><name>5711034013</name><visibility>0</visibility><LookAt><longitude>-48.868610</longitude><latitude>-10.137102</latitude><altitude>1200.0</altitude><altitudeMode>absolute</altitudeMode></LookAt><styleUrl>#mapDaimonET</styleUrl><Point><coordinates>-48.868610,-10.137102,0</coordinates></Point></Placemark>
<Placemark><name>5700676013</name><visibility>0</visibility><LookAt><longitude>-48.864511</longitude><latitude>-10.131155</latitude><altitude>1200.0</altitude><altitudeMode>absolute</altitudeMode></LookAt><styleUrl>#mapDaimonET</styleUrl><Point><coordinates>-48.864511,-10.131155,0</coordinates></Point></Placemark>
<Placemark><name>5701719013</name><visibility>0</visibility><LookAt><longitude>-48.806756</longitude><latitude>-10.132727</latitude><altitude>1200.0</altitude><altitudeMode>absolute</altitudeMode></LookAt><styleUrl>#mapDaimonET</styleUrl><Point><coordinates>-48.806756,-10.132727,0</coordinates></Point></Placemark>
<Placemark><name>5742975013</name><visibility>0</visibility><LookAt><longitude>-48.808272</longitude><latitude>-10.112025</latitude><altitude>1200.0</altitude><altitudeMode>absolute</altitudeMode></LookAt><styleUrl>#mapDaimonET</styleUrl><Point><coordinates>-48.808272,-10.112025,0</coordinates></Point></Placemark>
<Placemark><name>5701722013</name><visibility>0</visibility><LookAt><longitude>-48.803799</longitude><latitude>-10.102846</latitude><altitude>1200.0</altitude><altitudeMode>absolute</altitudeMode></LookAt><styleUrl>#mapDaimonET</styleUrl><Point><coordinates>-48.803799,-10.102846,0</coordinates></Point></Placemark>
<Placemark><name>5701715013</name><visibility>0</visibility><LookAt><longitude>-48.817749</longitude><latitude>-10.148122</latitude><altitude>1200.0</altitude><altitudeMode>absolute</altitudeMode></LookAt><styleUrl>#mapDaimonET</styleUrl><Point><coordinates>-48.817749,-10.148122,0</coordinates></Point></Placemark>
<Placemark><name>5702391013</name><visibility>0</visibility><LookAt><longitude>-48.812889</longitude><latitude>-10.170939</latitude><altitude>1200.0</altitude><altitudeMode>absolute</altitudeMode></LookAt><styleUrl>#mapDaimonET</styleUrl><Point><coordinates>-48.812889,-10.170939,0</coordinates></Point></Placemark>
<Placemark><name>5702390013</name><visibility>0</visibility><LookAt><longitude>-48.811067</longitude><latitude>-10.162730</latitude><altitude>1200.0</altitude><altitudeMode>absolute</altitudeMode></LookAt><styleUrl>#mapDaimonET</styleUrl><Point><coordinates>-48.811067,-10.162730,0</coordinates></Point></Placemark>
<Placemark><name>5701716013</name><visibility>0</visibility><LookAt><longitude>-48.811171</longitude><latitude>-10.161553</latitude><altitude>1200.0</altitude><altitudeMode>absolute</altitudeMode></LookAt><styleUrl>#mapDaimonET</styleUrl><Point><coordinates>-48.811171,-10.161553,0</coordinates></Point></Placemark>
<Placemark><name>5702178013</name><visibility>0</visibility><LookAt><longitude>-48.805210</longitude><latitude>-10.170097</latitude><altitude>1200.0</altitude><altitudeMode>absolute</altitudeMode></LookAt><styleUrl>#mapDaimonET</styleUrl><Point><coordinates>-48.805210,-10.170097,0</coordinates></Point></Placemark>
<Placemark><name>5756491013</name><visibility>0</visibility><LookAt><longitude>-48.811630</longitude><latitude>-10.160252</latitude><altitude>1200.0</altitude><altitudeMode>absolute</altitudeMode></LookAt><styleUrl>#mapDaimonET</styleUrl><Point><coordinates>-48.811630,-10.160252,0</coordinates></Point></Placemark>
<Placemark><name>5702127013</name><visibility>0</visibility><LookAt><longitude>-48.796262</longitude><latitude>-10.140681</latitude><altitude>1200.0</altitude><altitudeMode>absolute</altitudeMode></LookAt><styleUrl>#mapDaimonET</styleUrl><Point><coordinates>-48.796262,-10.140681,0</coordinates></Point></Placemark>
<Placemark><name>5701721013</name><visibility>0</visibility><LookAt><longitude>-48.792205</longitude><latitude>-10.116911</latitude><altitude>1200.0</altitude><altitudeMode>absolute</altitudeMode></LookAt><styleUrl>#mapDaimonET</styleUrl><Point><coordinates>-48.792205,-10.116911,0</coordinates></Point></Placemark>
<Placemark><name>5754865013</name><visibility>0</visibility><LookAt><longitude>-48.811112</longitude><latitude>-10.166487</latitude><altitude>1200.0</altitude><altitudeMode>absolute</altitudeMode></LookAt><styleUrl>#mapDaimonET</styleUrl><Point><coordinates>-48.811112,-10.166487,0</coordinates></Point></Placemark>
<Placemark><name>5756489013</name><visibility>0</visibility><LookAt><longitude>-48.812250</longitude><latitude>-10.168574</latitude><altitude>1200.0</altitude><altitudeMode>absolute</altitudeMode></LookAt><styleUrl>#mapDaimonET</styleUrl><Point><coordinates>-48.812250,-10.168574,0</coordinates></Point></Placemark>
<Placemark><name>5715076013</name><visibility>0</visibility><LookAt><longitude>-48.814545</longitude><latitude>-10.167668</latitude><altitude>1200.0</altitude><altitudeMode>absolute</altitudeMode></LookAt><styleUrl>#mapDaimonET</styleUrl><Point><coordinates>-48.814545,-10.167668,0</coordinates></Point></Placemark>
<Placemark><name>5723506013</name><visibility>0</visibility><LookAt><longitude>-48.812123</longitude><latitude>-10.167484</latitude><altitude>1200.0</altitude><altitudeMode>absolute</altitudeMode></LookAt><styleUrl>#mapDaimonET</styleUrl><Point><coordinates>-48.812123,-10.167484,0</coordinates></Point></Placemark>
</Folder>
<Folder>
<name>Gerador</name>
<visibility>0</visibility>
<Placemark><name>3105444</name><visibility>0</visibility><LookAt><longitude>-48.889435</longitude><latitude>-10.165907</latitude><altitude>1200.0</altitude><altitudeMode>absolute</altitudeMode></LookAt><styleUrl>#mapDaimonGerador</styleUrl><Point><coordinates>-48.889435,-10.165907,0</coordinates></Point></Placemark>
<Placemark><name>537552</name><visibility>0</visibility><LookAt><longitude>-48.889620</longitude><latitude>-10.154339</latitude><altitude>1200.0</altitude><altitudeMode>absolute</altitudeMode></LookAt><styleUrl>#mapDaimonGerador</styleUrl><Point><coordinates>-48.889620,-10.154339,0</coordinates></Point></Placemark>
</Folder>
<Folder>
<name>Reator</name>
<visibility>0</visibility>
</Folder>
<Folder>
<name>Regulador</name>
<visibility>0</visibility>
</Folder>
<Folder>
<name>Transformador</name>
<visibility>0</visibility>
</Folder>
<Folder>
<name>Trecho</name>
<Placemark><name>2503414</name><styleUrl>#styleDaimonCIRCUITO341TRECHO</styleUrl><LineString><coordinates>-48.897385,-10.180145,0 -48.897123,-10.179977,0</coordinates></LineString></Placemark>
<Placemark><name>3560950</name><styleUrl>#styleDaimonCIRCUITO341TRECHO</styleUrl><LineString><coordinates>-48.897111,-10.179952,0 -48.897122,-10.179934,0</coordinates></LineString></Placemark>
<Placemark><name>3646958</name><styleUrl>#styleDaimonCIRCUITO341TRECHO</styleUrl><LineString><coordinates>-48.897122,-10.179934,0 -48.897141,-10.179903,0</coordinates></LineString></Placemark>
<Placemark><name>3666131</name><styleUrl>#styleDaimonCIRCUITO341TRECHO</styleUrl><LineString><coordinates>-48.897122,-10.179975,0 -48.897111,-10.179952,0</coordinates></LineString></Placemark>
<Placemark><name>3666437</name><styleUrl>#styleDaimonCIRCUITO341TRECHO</styleUrl><LineString><coordinates>-48.897111,-10.179952,0 -48.897100,-10.179942,0</coordinates></LineString></Placemark>
<Placemark><name>3646957</name><styleUrl>#styleDaimonCIRCUITO341TRECHO</styleUrl><LineString><coordinates>-48.897141,-10.179903,0 -48.897310,-10.179644,0</coordinates></LineString></Placemark>
<Placemark><name>2489566</name><styleUrl>#styleDaimonCIRCUITO341TRECHO</styleUrl><LineString><coordinates>-48.898196,-10.178062,0 -48.898355,-10.177758,0</coordinates></LineString></Placemark>
<Placemark><name>2489565</name><styleUrl>#styleDaimonCIRCUITO341TRECHO</styleUrl><LineString><coordinates>-48.898355,-10.177758,0 -48.898536,-10.177432,0</coordinates></LineString></Placemark>
<Placemark><name>2489575</name><styleUrl>#styleDaimonCIRCUITO341TRECHO</styleUrl><LineString><coordinates>-48.897918,-10.178552,0 -48.898196,-10.178062,0</coordinates></LineString></Placemark>
<Placemark><name>2489567</name><styleUrl>#styleDaimonCIRCUITO341TRECHO</styleUrl><LineString><coordinates>-48.897850,-10.178689,0 -48.897918,-10.178552,0</coordinates></LineString></Placemark>
<Placemark><name>2489568</name><styleUrl>#styleDaimonCIRCUITO341TRECHO</styleUrl><LineString><coordinates>-48.897735,-10.178888,0 -48.897850,-10.178689,0</coordinates></LineString></Placemark>
<Placemark><name>39178995</name><styleUrl>#styleDaimonCIRCUITO341TRECHO</styleUrl><LineString><coordinates>-48.897735,-10.178888,0 -48.897899,-10.178965,0</coordinates></LineString></Placemark>
<Placemark><name>39178987</name><styleUrl>#styleDaimonCIRCUITO341TRECHO</styleUrl><LineString><coordinates>-48.897674,-10.178995,0 -48.897735,-10.178888,0</coordinates></LineString></Placemark>
<Placemark><name>39179005</name><styleUrl>#styleDaimonCIRCUITO341TRECHO</styleUrl><LineString><coordinates>-48.897735,-10.178888,0 -48.897646,-10.178848,0</coordinates></LineString></Placemark>
<Placemark><name>3647061</name><styleUrl>#styleDaimonCIRCUITO341TRECHO</styleUrl><LineString><coordinates>-48.897471,-10.179363,0 -48.897674,-10.178995,0</coordinates></LineString></Placemark>
<Placemark><name>39179015</name><styleUrl>#styleDaimonCIRCUITO341TRECHO</styleUrl><LineString><coordinates>-48.897646,-10.178848,0 -48.897630,-10.178836,0</coordinates></LineString></Placemark>
<Placemark><name>3618901</name><styleUrl>#styleDaimonCIRCUITO341TRECHO</styleUrl><LineString><coordinates>-48.897327,-10.179616,0 -48.897471,-10.179363,0</coordinates></LineString></Placemark>
<Placemark><name>39178649</name><styleUrl>#styleDaimonCIRCUITO341TRECHO</styleUrl><LineString><coordinates>-48.897630,-10.178836,0 -48.897502,-10.178765,0</coordinates></LineString></Placemark>
<Placemark><name>39178650</name><styleUrl>#styleDaimonCIRCUITO341TRECHO</styleUrl><LineString><coordinates>-48.897502,-10.178765,0 -48.897312,-10.178658,0</coordinates></LineString></Placemark>
<Placemark><name>39178651</name><styleUrl>#styleDaimonCIRCUITO341TRECHO</styleUrl><LineString><coordinates>-48.897312,-10.178658,0 -48.897082,-10.178529,0</coordinates></LineString></Placemark>
<Placemark><name>39178652</name><styleUrl>#styleDaimonCIRCUITO341TRECHO</styleUrl><LineString><coordinates>-48.897082,-10.178529,0 -48.896797,-10.178381,0</coordinates></LineString></Placemark>
<Placemark><name>28315172</name><styleUrl>#styleDaimonCIRCUITO341TRECHO</styleUrl><LineString><coordinates>-48.897082,-10.178529,0 -48.897053,-10.178540,0</coordinates></LineString></Placemark>
<Placemark><name>39178653</name><styleUrl>#styleDaimonCIRCUITO341TRECHO</styleUrl><LineString><coordinates>-48.896797,-10.178381,0 -48.896516,-10.178234,0</coordinates></LineString></Placemark>
<Placemark><name>39178654</name><styleUrl>#styleDaimonCIRCUITO341TRECHO</styleUrl><LineString><coordinates>-48.896516,-10.178234,0 -48.896233,-10.178087,0</coordinates></LineString></Placemark>
<Placemark><name>39178655</name><styleUrl>#styleDaimonCIRCUITO341TRECHO</styleUrl><LineString><coordinates>-48.896233,-10.178087,0 -48.895943,-10.177935,0</coordinates></LineString></Placemark>
<Placemark><name>39178631</name><styleUrl>#styleDaimonCIRCUITO341TRECHO</styleUrl><LineString><coordinates>-48.895943,-10.177935,0 -48.895650,-10.177768,0</coordinates></LineString></Placemark>
<Placemark><name>39179024</name><styleUrl>#styleDaimonCIRCUITO341TRECHO</styleUrl><LineString><coordinates>-48.895650,-10.177768,0 -48.895632,-10.177758,0</coordinates></LineString></Placemark>
<Placemark><name>39178733</name><styleUrl>#styleDaimonCIRCUITO341TRECHO</styleUrl><LineString><coordinates>-48.895632,-10.177758,0 -48.895255,-10.177566,0</coordinates></LineString></Placemark>
<Placemark><name>39178734</name><styleUrl>#styleDaimonCIRCUITO341TRECHO</styleUrl><LineString><coordinates>-48.895255,-10.177566,0 -48.894893,-10.177358,0</coordinates></LineString></Placemark>
<Placemark><name>39178735</name><styleUrl>#styleDaimonCIRCUITO341TRECHO</styleUrl><LineString><coordinates>-48.894893,-10.177358,0 -48.894703,-10.177261,0</coordinates></LineString></Placemark>
<Placemark><name>39178719</name><styleUrl>#styleDaimonCIRCUITO341TRECHO</styleUrl><LineString><coordinates>-48.894703,-10.177261,0 -48.894352,-10.177070,0</coordinates></LineString></Placemark>
<Placemark><name>39178777</name><styleUrl>#styleDaimonCIRCUITO341TRECHO</styleUrl><LineString><coordinates>-48.894352,-10.177070,0 -48.894026,-10.176910,0</coordinates></LineString></Placemark>
<Placemark><name>39178778</name><styleUrl>#styleDaimonCIRCUITO341TRECHO</styleUrl><LineString><coordinates>-48.894026,-10.176910,0 -48.893629,-10.176714,0</coordinates></LineString></Placemark>
<Placemark><name>39179093</name><styleUrl>#styleDaimonCIRCUITO341TRECHO</styleUrl><LineString><coordinates>-48.893058,-10.176416,0 -48.892987,-10.176539,0</coordinates></LineString></Placemark>
<Placemark><name>39179084</name><styleUrl>#styleDaimonCIRCUITO341TRECHO</styleUrl><LineString><coordinates>-48.892987,-10.176539,0 -48.892811,-10.176857,0</coordinates></LineString></Placemark>
<Placemark><name>39179075</name><styleUrl>#styleDaimonCIRCUITO341TRECHO</styleUrl><LineString><coordinates>-48.893058,-10.176416,0 -48.893162,-10.176235,0</coordinates></LineString></Placemark>
<Placemark><name>39178819</name><styleUrl>#styleDaimonCIRCUITO341TRECHO</styleUrl><LineString><coordinates>-48.893183,-10.176482,0 -48.893058,-10.176416,0</coordinates></LineString></Placemark>
<Placemark><name>39178809</name><styleUrl>#styleDaimonCIRCUITO341TRECHO</styleUrl><LineString><coordinates>-48.893058,-10.176416,0 -48.892868,-10.176315,0</coordinates></LineString></Placemark>
<Placemark><name>3641610</name><styleUrl>#styleDaimonCIRCUITO341TRECHO</styleUrl><LineString><coordinates>-48.892811,-10.176857,0 -48.892629,-10.177192,0</coordinates></LineString></Placemark>
<Placemark><name>39178764</name><styleUrl>#styleDaimonCIRCUITO341TRECHO</styleUrl><LineString><coordinates>-48.893398,-10.176601,0 -48.893183,-10.176482,0</coordinates></LineString></Placemark>
<Placemark><name>39178779</name><styleUrl>#styleDaimonCIRCUITO341TRECHO</styleUrl><LineString><coordinates>-48.893606,-10.176703,0 -48.893398,-10.176601,0</coordinates></LineString></Placemark>
<Placemark><name>28315173</name><styleUrl>#styleDaimonCIRCUITO341TRECHO</styleUrl><LineString><coordinates>-48.897080,-10.178558,0 -48.897056,-10.178542,0</coordinates></LineString></Placemark>
<Placemark><name>28315171</name><styleUrl>#styleDaimonCIRCUITO341TRECHO</styleUrl><LineString><coordinates>-48.897082,-10.178533,0 -48.897080,-10.178558,0</coordinates></LineString></Placemark>
<Placemark><name>12084223</name><styleUrl>#styleDaimonCIRCUITO341TRECHO</styleUrl><LineString><coordinates>-48.894548,-10.172465,0 -48.894560,-10.172457,0</coordinates></LineString></Placemark>
<Placemark><name>3622590</name><styleUrl>#styleDaimonCIRCUITO341TRECHO</styleUrl><LineString><coordinates>-48.894592,-10.172519,0 -48.894548,-10.172465,0</coordinates></LineString></Placemark>
<Placemark><name>3650133</name><styleUrl>#styleDaimonCIRCUITO341TRECHO</styleUrl><LineString><coordinates>-48.894548,-10.172465,0 -48.894388,-10.172316,0</coordinates></LineString></Placemark>
<Placemark><name>3650134</name><styleUrl>#styleDaimonCIRCUITO341TRECHO</styleUrl><LineString><coordinates>-48.894560,-10.172457,0 -48.894627,-10.172375,0</coordinates></LineString></Placemark>
<Placemark><name>12084388</name><styleUrl>#styleDaimonCIRCUITO341TRECHO</styleUrl><LineString><coordinates>-48.894603,-10.172530,0 -48.894592,-10.172519,0</coordinates></LineString></Placemark>
<Placemark><name>3433623</name><styleUrl>#styleDaimonCIRCUITO341TRECHO</styleUrl><LineString><coordinates>-48.894388,-10.172316,0 -48.894155,-10.172109,0</coordinates></LineString></Placemark>
<Placemark><name>3433622</name><styleUrl>#styleDaimonCIRCUITO341TRECHO</styleUrl><LineString><coordinates>-48.894719,-10.172675,0 -48.894603,-10.172530,0</coordinates></LineString></Placemark>
<Placemark><name>56607929</name><styleUrl>#styleDaimonCIRCUITO341TRECHO</styleUrl><LineString><coordinates>-48.894155,-10.172109,0 -48.894052,-10.172017,0</coordinates></LineString></Placemark>
<Placemark><name>3433621</name><styleUrl>#styleDaimonCIRCUITO341TRECHO</styleUrl><LineString><coordinates>-48.894819,-10.172808,0 -48.894719,-10.172675,0</coordinates></LineString></Placemark>
<Placemark><name>2483220</name><styleUrl>#styleDaimonCIRCUITO341TRECHO</styleUrl><LineString><coordinates>-48.894052,-10.172017,0 -48.893906,-10.171888,0</coordinates></LineString></Placemark>
<Placemark><name>3439600</name><styleUrl>#styleDaimonCIRCUITO341TRECHO</styleUrl><LineString><coordinates>-48.895002,-10.173051,0 -48.894819,-10.172808,0</coordinates></LineString></Placemark>
<Placemark><name>63327915</name><styleUrl>#styleDaimonCIRCUITO341TRECHO</styleUrl><LineString><coordinates>-48.893906,-10.171888,0 -48.893786,-10.171783,0</coordinates></LineString></Placemark>
<Placemark><name>2490371</name><styleUrl>#styleDaimonCIRCUITO341TRECHO</styleUrl><LineString><coordinates>-48.895188,-10.173300,0 -48.895002,-10.173051,0</coordinates></LineString></Placemark>
<Placemark><name>2483221</name><styleUrl>#styleDaimonCIRCUITO341TRECHO</styleUrl><LineString><coordinates>-48.893786,-10.171783,0 -48.893650,-10.171664,0</coordinates></LineString></Placemark>
<Placemark><name>2482063</name><styleUrl>#styleDaimonCIRCUITO341TRECHO</styleUrl><LineString><coordinates>-48.895353,-10.173549,0 -48.895188,-10.173300,0</coordinates></LineString></Placemark>
<Placemark><name>2483222</name><styleUrl>#styleDaimonCIRCUITO341TRECHO</styleUrl><LineString><coordinates>-48.893650,-10.171664,0 -48.893465,-10.171485,0</coordinates></LineString></Placemark>
<Placemark><name>3629940</name><styleUrl>#styleDaimonCIRCUITO341TRECHO</styleUrl><LineString><coordinates>-48.895466,-10.173654,0 -48.895353,-10.173549,0</coordinates></LineString></Placemark>
<Placemark><name>2489630</name><styleUrl>#styleDaimonCIRCUITO341TRECHO</styleUrl><LineString><coordinates>-48.893465,-10.171485,0 -48.893276,-10.171312,0</coordinates></LineString></Placemark>
<Placemark><name>39179064</name><styleUrl>#styleDaimonCIRCUITO341TRECHO</styleUrl><LineString><coordinates>-48.895467,-10.173670,0 -48.895466,-10.173654,0</coordinates></LineString></Placemark>
<Placemark><name>39179056</name><styleUrl>#styleDaimonCIRCUITO341TRECHO</styleUrl><LineString><coordinates>-48.895466,-10.173654,0 -48.895617,-10.173794,0</coordinates></LineString></Placemark>
<Placemark><name>39178970</name><styleUrl>#styleDaimonCIRCUITO341TRECHO</styleUrl><LineString><coordinates>-48.895475,-10.173753,0 -48.895467,-10.173670,0</coordinates></LineString></Placemark>
<Placemark><name>39179048</name><styleUrl>#styleDaimonCIRCUITO341TRECHO</styleUrl><LineString><coordinates>-48.895463,-10.173778,0 -48.895475,-10.173753,0</coordinates></LineString></Placemark>
<Placemark><name>39178915</name><styleUrl>#styleDaimonCIRCUITO341TRECHO</styleUrl><LineString><coordinates>-48.895245,-10.173942,0 -48.895463,-10.173778,0</coordinates></LineString></Placemark>
<Placemark><name>39178933</name><styleUrl>#styleDaimonCIRCUITO341TRECHO</styleUrl><LineString><coordinates>-48.895033,-10.174123,0 -48.895245,-10.173942,0</coordinates></LineString></Placemark>
<Placemark><name>39178932</name><styleUrl>#styleDaimonCIRCUITO341TRECHO</styleUrl><LineString><coordinates>-48.894819,-10.174306,0 -48.895033,-10.174123,0</coordinates></LineString></Placemark>
<Placemark><name>39178931</name><styleUrl>#styleDaimonCIRCUITO341TRECHO</styleUrl><LineString><coordinates>-48.894701,-10.174495,0 -48.894819,-10.174306,0</coordinates></LineString></Placemark>
<Placemark><name>39178930</name><styleUrl>#styleDaimonCIRCUITO341TRECHO</styleUrl><LineString><coordinates>-48.894535,-10.174597,0 -48.894701,-10.174495,0</coordinates></LineString></Placemark>
<Placemark><name>39179040</name><styleUrl>#styleDaimonCIRCUITO341TRECHO</styleUrl><LineString><coordinates>-48.894513,-10.174619,0 -48.894535,-10.174597,0</coordinates></LineString></Placemark>
<Placemark><name>39178882</name><styleUrl>#styleDaimonCIRCUITO341TRECHO</styleUrl><LineString><coordinates>-48.894376,-10.174792,0 -48.894513,-10.174619,0</coordinates></LineString></Placemark>
<Placemark><name>39178896</name><styleUrl>#styleDaimonCIRCUITO341TRECHO</styleUrl><LineString><coordinates>-48.894172,-10.174987,0 -48.894376,-10.174792,0</coordinates></LineString></Placemark>
<Placemark><name>39178895</name><styleUrl>#styleDaimonCIRCUITO341TRECHO</styleUrl><LineString><coordinates>-48.893883,-10.175037,0 -48.894172,-10.174987,0</coordinates></LineString></Placemark>
<Placemark><name>39179032</name><styleUrl>#styleDaimonCIRCUITO341TRECHO</styleUrl><LineString><coordinates>-48.893862,-10.175061,0 -48.893883,-10.175037,0</coordinates></LineString></Placemark>
<Placemark><name>39178828</name><styleUrl>#styleDaimonCIRCUITO341TRECHO</styleUrl><LineString><coordinates>-48.893797,-10.175234,0 -48.893862,-10.175061,0</coordinates></LineString></Placemark>
<Placemark><name>39178845</name><styleUrl>#styleDaimonCIRCUITO341TRECHO</styleUrl><LineString><coordinates>-48.893660,-10.175466,0 -48.893797,-10.175234,0</coordinates></LineString></Placemark>
<Placemark><name>39178844</name><styleUrl>#styleDaimonCIRCUITO341TRECHO</styleUrl><LineString><coordinates>-48.893514,-10.175707,0 -48.893660,-10.175466,0</coordinates></LineString></Placemark>
<Placemark><name>39178843</name><styleUrl>#styleDaimonCIRCUITO341TRECHO</styleUrl><LineString><coordinates>-48.893330,-10.175966,0 -48.893514,-10.175707,0</coordinates></LineString></Placemark>
<Placemark><name>39178842</name><styleUrl>#styleDaimonCIRCUITO341TRECHO</styleUrl><LineString><coordinates>-48.893179,-10.176209,0 -48.893330,-10.175966,0</coordinates></LineString></Placemark>
<Placemark><name>2691691</name><styleUrl>#styleDaimonCIRCUITO341TRECHO</styleUrl><LineString><coordinates>-48.895882,-10.173809,0 -48.896302,-10.173855,0</coordinates></LineString></Placemark>
<Placemark><name>2691692</name><styleUrl>#styleDaimonCIRCUITO341TRECHO</styleUrl><LineString><coordinates>-48.895644,-10.173796,0 -48.895882,-10.173809,0</coordinates></LineString></Placemark>
<Placemark><name>3423210</name><styleUrl>#styleDaimonCIRCUITO341TRECHO</styleUrl><LineString><coordinates>-48.896302,-10.173855,0 -48.896582,-10.173883,0</coordinates></LineString></Placemark>
<Placemark><name>31548026</name><styleUrl>#styleDaimonCIRCUITO341TRECHO</styleUrl><LineString><coordinates>-48.895349,-10.171833,0 -48.895532,-10.171696,0</coordinates></LineString></Placemark>
<Placemark><name>69335288</name><styleUrl>#styleDaimonCIRCUITO341TRECHO</styleUrl><LineString><coordinates>-48.895532,-10.171696,0 -48.895662,-10.171602,0</coordinates></LineString></Placemark>
<Placemark><name>31548044</name><styleUrl>#styleDaimonCIRCUITO341TRECHO</styleUrl><LineString><coordinates>-48.895149,-10.171984,0 -48.895349,-10.171833,0</coordinates></LineString></Placemark>
<Placemark><name>69335297</name><styleUrl>#styleDaimonCIRCUITO341TRECHO</styleUrl><LineString><coordinates>-48.895662,-10.171602,0 -48.895744,-10.171543,0</coordinates></LineString></Placemark>
<Placemark><name>3650131</name><styleUrl>#styleDaimonCIRCUITO341TRECHO</styleUrl><LineString><coordinates>-48.894863,-10.172199,0 -48.895149,-10.171984,0</coordinates></LineString></Placemark>
<Placemark><name>69335320</name><styleUrl>#styleDaimonCIRCUITO341TRECHO</styleUrl><LineString><coordinates>-48.895744,-10.171543,0 -48.895973,-10.171361,0</coordinates></LineString></Placemark>
<Placemark><name>3650132</name><styleUrl>#styleDaimonCIRCUITO341TRECHO</styleUrl><LineString><coordinates>-48.894651,-10.172358,0 -48.894863,-10.172199,0</coordinates></LineString></Placemark>
<Placemark><name>69335321</name><styleUrl>#styleDaimonCIRCUITO341TRECHO</styleUrl><LineString><coordinates>-48.895973,-10.171361,0 -48.896202,-10.171180,0</coordinates></LineString></Placemark>
<Placemark><name>69335322</name><styleUrl>#styleDaimonCIRCUITO341TRECHO</styleUrl><LineString><coordinates>-48.896202,-10.171180,0 -48.896432,-10.171000,0</coordinates></LineString></Placemark>
<Placemark><name>69335307</name><styleUrl>#styleDaimonCIRCUITO341TRECHO</styleUrl><LineString><coordinates>-48.896432,-10.171000,0 -48.896683,-10.170816,0</coordinates></LineString></Placemark>
<Placemark><name>3567111</name><styleUrl>#styleDaimonCIRCUITO341TRECHO</styleUrl><LineString><coordinates>-48.893299,-10.171698,0 -48.892860,-10.172227,0</coordinates></LineString></Placemark>
<Placemark><name>3567112</name><styleUrl>#styleDaimonCIRCUITO341TRECHO</styleUrl><LineString><coordinates>-48.892860,-10.172227,0 -48.892316,-10.172875,0</coordinates></LineString></Placemark>
<Placemark><name>12083309</name><styleUrl>#styleDaimonCIRCUITO341TRECHO</styleUrl><LineString><coordinates>-48.893322,-10.171672,0 -48.893299,-10.171698,0</coordinates></LineString></Placemark>
<Placemark><name>2482959</name><styleUrl>#styleDaimonCIRCUITO341TRECHO</styleUrl><LineString><coordinates>-48.893451,-10.171504,0 -48.893322,-10.171672,0</coordinates></LineString></Placemark>
<Placemark><name>3434286</name><styleUrl>#styleDaimonCIRCUITO341TRECHO</styleUrl><LineString><coordinates>-48.892447,-10.169857,0 -48.892317,-10.169610,0</coordinates></LineString></Placemark>
<Placemark><name>3434583</name><styleUrl>#styleDaimonCIRCUITO341TRECHO</styleUrl><LineString><coordinates>-48.892317,-10.169610,0 -48.892189,-10.169366,0</coordinates></LineString></Placemark>
<Placemark><name>2489690</name><styleUrl>#styleDaimonCIRCUITO341TRECHO</styleUrl><LineString><coordinates>-48.892583,-10.170109,0 -48.892447,-10.169857,0</coordinates></LineString></Placemark>
<Placemark><name>3443187</name><styleUrl>#styleDaimonCIRCUITO341TRECHO</styleUrl><LineString><coordinates>-48.892189,-10.169366,0 -48.892059,-10.169119,0</coordinates></LineString></Placemark>
<Placemark><name>2489634</name><styleUrl>#styleDaimonCIRCUITO341TRECHO</styleUrl><LineString><coordinates>-48.892710,-10.170354,0 -48.892583,-10.170109,0</coordinates></LineString></Placemark>
<Placemark><name>3443188</name><styleUrl>#styleDaimonCIRCUITO341TRECHO</styleUrl><LineString><coordinates>-48.892059,-10.169119,0 -48.891908,-10.168831,0</coordinates></LineString></Placemark>
<Placemark><name>2489633</name><styleUrl>#styleDaimonCIRCUITO341TRECHO</styleUrl><LineString><coordinates>-48.892845,-10.170606,0 -48.892710,-10.170354,0</coordinates></LineString></Placemark>
<Placemark><name>3443189</name><styleUrl>#styleDaimonCIRCUITO341TRECHO</styleUrl><LineString><coordinates>-48.891908,-10.168831,0 -48.891790,-10.168601,0</coordinates></LineString></Placemark>
<Placemark><name>2489632</name><styleUrl>#styleDaimonCIRCUITO341TRECHO</styleUrl><LineString><coordinates>-48.892983,-10.170860,0 -48.892845,-10.170606,0</coordinates></LineString></Placemark>
<Placemark><name>3443190</name><styleUrl>#styleDaimonCIRCUITO341TRECHO</styleUrl><LineString><coordinates>-48.891790,-10.168601,0 -48.891654,-10.168357,0</coordinates></LineString></Placemark>
<Placemark><name>2489631</name><styleUrl>#styleDaimonCIRCUITO341TRECHO</styleUrl><LineString><coordinates>-48.893110,-10.171106,0 -48.892983,-10.170860,0</coordinates></LineString></Placemark>
<Placemark><name>3441783</name><styleUrl>#styleDaimonCIRCUITO341TRECHO</styleUrl><LineString><coordinates>-48.891654,-10.168357,0 -48.891451,-10.167984,0</coordinates></LineString></Placemark>
<Placemark><name>2490247</name><styleUrl>#styleDaimonCIRCUITO341TRECHO</styleUrl><LineString><coordinates>-48.893260,-10.171292,0 -48.893110,-10.171106,0</coordinates></LineString></Placemark>
<Placemark><name>12070968</name><styleUrl>#styleDaimonCIRCUITO341TRECHO</styleUrl><LineString><coordinates>-48.891451,-10.167984,0 -48.891464,-10.167997,0</coordinates></LineString></Placemark>
<Placemark><name>3441781</name><styleUrl>#styleDaimonCIRCUITO341TRECHO</styleUrl><LineString><coordinates>-48.891451,-10.167984,0 -48.891379,-10.167840,0</coordinates></LineString></Placemark>
<Placemark><name>3441782</name><styleUrl>#styleDaimonCIRCUITO341TRECHO</styleUrl><LineString><coordinates>-48.891464,-10.167997,0 -48.891625,-10.168025,0</coordinates></LineString></Placemark>
<Placemark><name>12084889</name><styleUrl>#styleDaimonCIRCUITO341TRECHO</styleUrl><LineString><coordinates>-48.891379,-10.167840,0 -48.891388,-10.167829,0</coordinates></LineString></Placemark>
<Placemark><name>3622592</name><styleUrl>#styleDaimonCIRCUITO341TRECHO</styleUrl><LineString><coordinates>-48.891379,-10.167840,0 -48.891281,-10.167615,0</coordinates></LineString></Placemark>
<Placemark><name>3442106</name><styleUrl>#styleDaimonCIRCUITO341TRECHO</styleUrl><LineString><coordinates>-48.891388,-10.167829,0 -48.891600,-10.167608,0</coordinates></LineString></Placemark>
<Placemark><name>3622589</name><styleUrl>#styleDaimonCIRCUITO341TRECHO</styleUrl><LineString><coordinates>-48.891281,-10.167615,0 -48.891131,-10.167344,0</coordinates></LineString></Placemark>
<Placemark><name>3442107</name><styleUrl>#styleDaimonCIRCUITO341TRECHO</styleUrl><LineString><coordinates>-48.891600,-10.167608,0 -48.891958,-10.167398,0</coordinates></LineString></Placemark>
<Placemark><name>12070969</name><styleUrl>#styleDaimonCIRCUITO341TRECHO</styleUrl><LineString><coordinates>-48.891131,-10.167344,0 -48.891114,-10.167331,0</coordinates></LineString></Placemark>
<Placemark><name>2502097</name><styleUrl>#styleDaimonCIRCUITO341TRECHO</styleUrl><LineString><coordinates>-48.891958,-10.167398,0 -48.892215,-10.167170,0</coordinates></LineString></Placemark>
<Placemark><name>3442617</name><styleUrl>#styleDaimonCIRCUITO341TRECHO</styleUrl><LineString><coordinates>-48.891114,-10.167331,0 -48.891034,-10.167232,0</coordinates></LineString></Placemark>
<Placemark><name>2503925</name><styleUrl>#styleDaimonCIRCUITO341TRECHO</styleUrl><LineString><coordinates>-48.892215,-10.167170,0 -48.892410,-10.166840,0</coordinates></LineString></Placemark>
<Placemark><name>12070970</name><styleUrl>#styleDaimonCIRCUITO341TRECHO</styleUrl><LineString><coordinates>-48.891034,-10.167232,0 -48.891004,-10.167222,0</coordinates></LineString></Placemark>
<Placemark><name>2503866</name><styleUrl>#styleDaimonCIRCUITO341TRECHO</styleUrl><LineString><coordinates>-48.892410,-10.166840,0 -48.892566,-10.166530,0</coordinates></LineString></Placemark>
<Placemark><name>2771940</name><styleUrl>#styleDaimonCIRCUITO341TRECHO</styleUrl><LineString><coordinates>-48.891004,-10.167222,0 -48.890838,-10.167132,0</coordinates></LineString></Placemark>
<Placemark><name>2503865</name><styleUrl>#styleDaimonCIRCUITO341TRECHO</styleUrl><LineString><coordinates>-48.892566,-10.166530,0 -48.892697,-10.166243,0</coordinates></LineString></Placemark>
<Placemark><name>2771941</name><styleUrl>#styleDaimonCIRCUITO341TRECHO</styleUrl><LineString><coordinates>-48.890838,-10.167132,0 -48.890628,-10.167037,0</coordinates></LineString></Placemark>
<Placemark><name>2503864</name><styleUrl>#styleDaimonCIRCUITO341TRECHO</styleUrl><LineString><coordinates>-48.892697,-10.166243,0 -48.892980,-10.166008,0</coordinates></LineString></Placemark>
<Placemark><name>3442616</name><styleUrl>#styleDaimonCIRCUITO341TRECHO</styleUrl><LineString><coordinates>-48.890628,-10.167037,0 -48.890389,-10.166926,0</coordinates></LineString></Placemark>
<Placemark><name>2503863</name><styleUrl>#styleDaimonCIRCUITO341TRECHO</styleUrl><LineString><coordinates>-48.892980,-10.166008,0 -48.893252,-10.165783,0</coordinates></LineString></Placemark>
<Placemark><name>3442606</name><styleUrl>#styleDaimonCIRCUITO341TRECHO</styleUrl><LineString><coordinates>-48.890389,-10.166926,0 -48.890123,-10.166811,0</coordinates></LineString></Placemark>
<Placemark><name>2616196</name><styleUrl>#styleDaimonCIRCUITO341TRECHO</styleUrl><LineString><coordinates>-48.893252,-10.165783,0 -48.893557,-10.165531,0</coordinates></LineString></Placemark>
<Placemark><name>3441275</name><styleUrl>#styleDaimonCIRCUITO341TRECHO</styleUrl><LineString><coordinates>-48.890123,-10.166811,0 -48.889873,-10.166693,0</coordinates></LineString></Placemark>
<Placemark><name>2616195</name><styleUrl>#styleDaimonCIRCUITO341TRECHO</styleUrl><LineString><coordinates>-48.893557,-10.165531,0 -48.893815,-10.165320,0</coordinates></LineString></Placemark>
<Placemark><name>2771839</name><styleUrl>#styleDaimonCIRCUITO341TRECHO</styleUrl><LineString><coordinates>-48.889873,-10.166693,0 -48.889669,-10.166601,0</coordinates></LineString></Placemark>
<Placemark><name>12067948</name><styleUrl>#styleDaimonCIRCUITO341TRECHO</styleUrl><LineString><coordinates>-48.893815,-10.165320,0 -48.893833,-10.165292,0</coordinates></LineString></Placemark>
<Placemark><name>12085078</name><styleUrl>#styleDaimonCIRCUITO341TRECHO</styleUrl><LineString><coordinates>-48.889669,-10.166601,0 -48.889643,-10.166591,0</coordinates></LineString></Placemark>
<Placemark><name>2771841</name><styleUrl>#styleDaimonCIRCUITO341TRECHO</styleUrl><LineString><coordinates>-48.889669,-10.166601,0 -48.889806,-10.166961,0</coordinates></LineString></Placemark>
<Placemark><name>2771840</name><styleUrl>#styleDaimonCIRCUITO341TRECHO</styleUrl><LineString><coordinates>-48.889669,-10.166601,0 -48.889707,-10.166560,0</coordinates></LineString></Placemark>
<Placemark><name>2616194</name><styleUrl>#styleDaimonCIRCUITO341TRECHO</styleUrl><LineString><coordinates>-48.893833,-10.165292,0 -48.893919,-10.165039,0</coordinates></LineString></Placemark>
<Placemark><name>3630943</name><styleUrl>#styleDaimonCIRCUITO341TRECHO</styleUrl><LineString><coordinates>-48.889643,-10.166591,0 -48.889417,-10.166509,0</coordinates></LineString></Placemark>
<Placemark><name>2771938</name><styleUrl>#styleDaimonCIRCUITO341TRECHO</styleUrl><LineString><coordinates>-48.889806,-10.166961,0 -48.889876,-10.167408,0</coordinates></LineString></Placemark>
<Placemark><name>2615979</name><styleUrl>#styleDaimonCIRCUITO341TRECHO</styleUrl><LineString><coordinates>-48.893919,-10.165039,0 -48.893990,-10.164799,0</coordinates></LineString></Placemark>
<Placemark><name>2530265</name><styleUrl>#styleDaimonCIRCUITO341TRECHO</styleUrl><LineString><coordinates>-48.889417,-10.166509,0 -48.889262,-10.166445,0</coordinates></LineString></Placemark>
<Placemark><name>2771939</name><styleUrl>#styleDaimonCIRCUITO341TRECHO</styleUrl><LineString><coordinates>-48.889876,-10.167408,0 -48.889981,-10.167694,0</coordinates></LineString></Placemark>
<Placemark><name>12084321</name><styleUrl>#styleDaimonCIRCUITO341TRECHO</styleUrl><LineString><coordinates>-48.889262,-10.166445,0 -48.889268,-10.166428,0</coordinates></LineString></Placemark>
<Placemark><name>3650146</name><styleUrl>#styleDaimonCIRCUITO341TRECHO</styleUrl><LineString><coordinates>-48.889262,-10.166445,0 -48.889142,-10.166398,0</coordinates></LineString></Placemark>
<Placemark><name>2771937</name><styleUrl>#styleDaimonCIRCUITO341TRECHO</styleUrl><LineString><coordinates>-48.889981,-10.167694,0 -48.890045,-10.167918,0</coordinates></LineString></Placemark>
<Placemark><name>3650144</name><styleUrl>#styleDaimonCIRCUITO341TRECHO</styleUrl><LineString><coordinates>-48.889268,-10.166428,0 -48.889310,-10.166251,0</coordinates></LineString></Placemark>
<Placemark><name>3655490</name><styleUrl>#styleDaimonCIRCUITO341TRECHO</styleUrl><LineString><coordinates>-48.889142,-10.166398,0 -48.889112,-10.166361,0</coordinates></LineString></Placemark>
<Placemark><name>3650145</name><styleUrl>#styleDaimonCIRCUITO341TRECHO</styleUrl><LineString><coordinates>-48.889310,-10.166251,0 -48.889393,-10.165899,0</coordinates></LineString></Placemark>
<Placemark><name>3650143</name><styleUrl>#styleDaimonCIRCUITO341TRECHO</styleUrl><LineString><coordinates>-48.889393,-10.165899,0 -48.889464,-10.165651,0</coordinates></LineString></Placemark>
<Placemark><name>36541946</name><styleUrl>#styleDaimonCIRCUITO341TRECHO</styleUrl><LineString><coordinates>-48.895664,-10.171607,0 -48.895675,-10.171651,0</coordinates></LineString></Placemark>
<Placemark><name>45217020</name><styleUrl>#styleDaimonCIRCUITO341TRECHO</styleUrl><LineString><coordinates>-48.895675,-10.171651,0 -48.895726,-10.171692,0</coordinates></LineString></Placemark>
<Placemark><name>45217014</name><styleUrl>#styleDaimonCIRCUITO341TRECHO</styleUrl><LineString><coordinates>-48.889435,-10.165907,0 -48.889501,-10.165803,0</coordinates></LineString></Placemark>
<Placemark><name>3653898</name><styleUrl>#styleDaimonCIRCUITO341TRECHO</styleUrl><LineString><coordinates>-48.889398,-10.165900,0 -48.889435,-10.165907,0</coordinates></LineString></Placemark>
<Placemark><name>3441785</name><styleUrl>#styleDaimonCIRCUITO341TRECHO</styleUrl><LineString><coordinates>-48.891972,-10.168077,0 -48.892312,-10.168127,0</coordinates></LineString></Placemark>
<Placemark><name>3672090</name><styleUrl>#styleDaimonCIRCUITO341TRECHO</styleUrl><LineString><coordinates>-48.892312,-10.168127,0 -48.892613,-10.168172,0</coordinates></LineString></Placemark>
<Placemark><name>3441784</name><styleUrl>#styleDaimonCIRCUITO341TRECHO</styleUrl><LineString><coordinates>-48.891660,-10.168031,0 -48.891972,-10.168077,0</coordinates></LineString></Placemark>
<Placemark><name>3431655</name><styleUrl>#styleDaimonCIRCUITO341TRECHO</styleUrl><LineString><coordinates>-48.892613,-10.168172,0 -48.893016,-10.168231,0</coordinates></LineString></Placemark>
<Placemark><name>3431927</name><styleUrl>#styleDaimonCIRCUITO341TRECHO</styleUrl><LineString><coordinates>-48.893016,-10.168231,0 -48.893325,-10.168277,0</coordinates></LineString></Placemark>
<Placemark><name>3431928</name><styleUrl>#styleDaimonCIRCUITO341TRECHO</styleUrl><LineString><coordinates>-48.893325,-10.168277,0 -48.893570,-10.168313,0</coordinates></LineString></Placemark>
<Placemark><name>3441273</name><styleUrl>#styleDaimonCIRCUITO341TRECHO</styleUrl><LineString><coordinates>-48.893570,-10.168313,0 -48.893842,-10.168352,0</coordinates></LineString></Placemark>
<Placemark><name>3441274</name><styleUrl>#styleDaimonCIRCUITO341TRECHO</styleUrl><LineString><coordinates>-48.893842,-10.168352,0 -48.894190,-10.168403,0</coordinates></LineString></Placemark>
<Placemark><name>3441796</name><styleUrl>#styleDaimonCIRCUITO341TRECHO</styleUrl><LineString><coordinates>-48.894190,-10.168403,0 -48.894510,-10.168451,0</coordinates></LineString></Placemark>
<Placemark><name>3441797</name><styleUrl>#styleDaimonCIRCUITO341TRECHO</styleUrl><LineString><coordinates>-48.894510,-10.168451,0 -48.894901,-10.168508,0</coordinates></LineString></Placemark>
<Placemark><name>3442034</name><styleUrl>#styleDaimonCIRCUITO341TRECHO</styleUrl><LineString><coordinates>-48.894901,-10.168508,0 -48.895205,-10.168553,0</coordinates></LineString></Placemark>
<Placemark><name>3442035</name><styleUrl>#styleDaimonCIRCUITO341TRECHO</styleUrl><LineString><coordinates>-48.895205,-10.168553,0 -48.895687,-10.168624,0</coordinates></LineString></Placemark>
<Placemark><name>3442036</name><styleUrl>#styleDaimonCIRCUITO341TRECHO</styleUrl><LineString><coordinates>-48.895687,-10.168624,0 -48.896068,-10.168680,0</coordinates></LineString></Placemark>
<Placemark><name>2494459</name><styleUrl>#styleDaimonCIRCUITO341TRECHO</styleUrl><LineString><coordinates>-48.896068,-10.168680,0 -48.896361,-10.168723,0</coordinates></LineString></Placemark>
<Placemark><name>2619275</name><styleUrl>#styleDaimonCIRCUITO341TRECHO</styleUrl><LineString><coordinates>-48.896361,-10.168723,0 -48.896687,-10.168771,0</coordinates></LineString></Placemark>
<Placemark><name>38036645</name><styleUrl>#styleDaimonCIRCUITO341TRECHO</styleUrl><LineString><coordinates>-48.896687,-10.168771,0 -48.896959,-10.168811,0</coordinates></LineString></Placemark>
<Placemark><name>37503891</name><styleUrl>#styleDaimonCIRCUITO341TRECHO</styleUrl><LineString><coordinates>-48.896959,-10.168811,0 -48.897238,-10.168851,0</coordinates></LineString></Placemark>
<Placemark><name>3672828</name><styleUrl>#styleDaimonCIRCUITO341TRECHO</styleUrl><LineString><coordinates>-48.897238,-10.168851,0 -48.897511,-10.168892,0</coordinates></LineString></Placemark>
<Placemark><name>3672611</name><styleUrl>#styleDaimonCIRCUITO341TRECHO</styleUrl><LineString><coordinates>-48.897511,-10.168892,0 -48.897860,-10.168943,0</coordinates></LineString></Placemark>
<Placemark><name>3672610</name><styleUrl>#styleDaimonCIRCUITO341TRECHO</styleUrl><LineString><coordinates>-48.897860,-10.168943,0 -48.898168,-10.168988,0</coordinates></LineString></Placemark>
<Placemark><name>3662164</name><styleUrl>#styleDaimonCIRCUITO341TRECHO</styleUrl><LineString><coordinates>-48.889139,-10.166399,0 -48.889114,-10.166404,0</coordinates></LineString></Placemark>
<Placemark><name>3662165</name><styleUrl>#styleDaimonCIRCUITO341TRECHO</styleUrl><LineString><coordinates>-48.889112,-10.166404,0 -48.889093,-10.166398,0</coordinates></LineString></Placemark>
<Placemark><name>39179832</name><styleUrl>#styleDaimonCIRCUITO341TRECHO</styleUrl><LineString><coordinates>-48.889031,-10.166069,0 -48.889194,-10.165814,0</coordinates></LineString></Placemark>
<Placemark><name>39179824</name><styleUrl>#styleDaimonCIRCUITO341TRECHO</styleUrl><LineString><coordinates>-48.888925,-10.166279,0 -48.889031,-10.166069,0</coordinates></LineString></Placemark>
<Placemark><name>39181267</name><styleUrl>#styleDaimonCIRCUITO341TRECHO</styleUrl><LineString><coordinates>-48.889194,-10.165814,0 -48.888990,-10.165868,0</coordinates></LineString></Placemark>
<Placemark><name>39179842</name><styleUrl>#styleDaimonCIRCUITO341TRECHO</styleUrl><LineString><coordinates>-48.889194,-10.165814,0 -48.889252,-10.165637,0</coordinates></LineString></Placemark>
<Placemark><name>12084710</name><styleUrl>#styleDaimonCIRCUITO341TRECHO</styleUrl><LineString><coordinates>-48.888919,-10.166308,0 -48.888925,-10.166279,0</coordinates></LineString></Placemark>
<Placemark><name>39181989</name><styleUrl>#styleDaimonCIRCUITO341TRECHO</styleUrl><LineString><coordinates>-48.889252,-10.165637,0 -48.889261,-10.165621,0</coordinates></LineString></Placemark>
<Placemark><name>3640452</name><styleUrl>#styleDaimonCIRCUITO341TRECHO</styleUrl><LineString><coordinates>-48.889041,-10.166370,0 -48.888919,-10.166308,0</coordinates></LineString></Placemark>
<Placemark><name>3622591</name><styleUrl>#styleDaimonCIRCUITO341TRECHO</styleUrl><LineString><coordinates>-48.889261,-10.165621,0 -48.889407,-10.165315,0</coordinates></LineString></Placemark>
<Placemark><name>12084170</name><styleUrl>#styleDaimonCIRCUITO341TRECHO</styleUrl><LineString><coordinates>-48.889041,-10.166370,0 -48.889022,-10.166377,0</coordinates></LineString></Placemark>
<Placemark><name>2530266</name><styleUrl>#styleDaimonCIRCUITO341TRECHO</styleUrl><LineString><coordinates>-48.889074,-10.166378,0 -48.889041,-10.166370,0</coordinates></LineString></Placemark>
<Placemark><name>3670217</name><styleUrl>#styleDaimonCIRCUITO341TRECHO</styleUrl><LineString><coordinates>-48.889407,-10.165315,0 -48.889625,-10.164866,0</coordinates></LineString></Placemark>
<Placemark><name>3640451</name><styleUrl>#styleDaimonCIRCUITO341TRECHO</styleUrl><LineString><coordinates>-48.889022,-10.166377,0 -48.888964,-10.166390,0</coordinates></LineString></Placemark>
<Placemark><name>3655491</name><styleUrl>#styleDaimonCIRCUITO341TRECHO</styleUrl><LineString><coordinates>-48.889091,-10.166396,0 -48.889074,-10.166378,0</coordinates></LineString></Placemark>
<Placemark><name>3655492</name><styleUrl>#styleDaimonCIRCUITO341TRECHO</styleUrl><LineString><coordinates>-48.889074,-10.166378,0 -48.889108,-10.166363,0</coordinates></LineString></Placemark>
<Placemark><name>2482855</name><styleUrl>#styleDaimonCIRCUITO341TRECHO</styleUrl><LineString><coordinates>-48.889625,-10.164866,0 -48.889726,-10.164653,0</coordinates></LineString></Placemark>
<Placemark><name>12084171</name><styleUrl>#styleDaimonCIRCUITO341TRECHO</styleUrl><LineString><coordinates>-48.888964,-10.166390,0 -48.888951,-10.166414,0</coordinates></LineString></Placemark>
<Placemark><name>3670859</name><styleUrl>#styleDaimonCIRCUITO341TRECHO</styleUrl><LineString><coordinates>-48.889726,-10.164653,0 -48.889892,-10.164315,0</coordinates></LineString></Placemark>
<Placemark><name>3640453</name><styleUrl>#styleDaimonCIRCUITO341TRECHO</styleUrl><LineString><coordinates>-48.888951,-10.166414,0 -48.888324,-10.167655,0</coordinates></LineString></Placemark>
<Placemark><name>12070961</name><styleUrl>#styleDaimonCIRCUITO341TRECHO</styleUrl><LineString><coordinates>-48.889892,-10.164315,0 -48.889897,-10.164285,0</coordinates></LineString></Placemark>
<Placemark><name>12070960</name><styleUrl>#styleDaimonCIRCUITO341TRECHO</styleUrl><LineString><coordinates>-48.889892,-10.164315,0 -48.889910,-10.164288,0</coordinates></LineString></Placemark>
<Placemark><name>12084172</name><styleUrl>#styleDaimonCIRCUITO341TRECHO</styleUrl><LineString><coordinates>-48.888324,-10.167655,0 -48.888311,-10.167679,0</coordinates></LineString></Placemark>
<Placemark><name>3432230</name><styleUrl>#styleDaimonCIRCUITO341TRECHO</styleUrl><LineString><coordinates>-48.889897,-10.164285,0 -48.889794,-10.164060,0</coordinates></LineString></Placemark>
<Placemark><name>3670860</name><styleUrl>#styleDaimonCIRCUITO341TRECHO</styleUrl><LineString><coordinates>-48.889910,-10.164288,0 -48.890161,-10.164032,0</coordinates></LineString></Placemark>
<Placemark><name>3672985</name><styleUrl>#styleDaimonCIRCUITO341TRECHO</styleUrl><LineString><coordinates>-48.888311,-10.167679,0 -48.888243,-10.167808,0</coordinates></LineString></Placemark>
<Placemark><name>3432229</name><styleUrl>#styleDaimonCIRCUITO341TRECHO</styleUrl><LineString><coordinates>-48.889794,-10.164060,0 -48.889673,-10.163823,0</coordinates></LineString></Placemark>
<Placemark><name>3672983</name><styleUrl>#styleDaimonCIRCUITO341TRECHO</styleUrl><LineString><coordinates>-48.888243,-10.167808,0 -48.888091,-10.168100,0</coordinates></LineString></Placemark>
<Placemark><name>12084173</name><styleUrl>#styleDaimonCIRCUITO341TRECHO</styleUrl><LineString><coordinates>-48.888091,-10.168100,0 -48.888082,-10.168095,0</coordinates></LineString></Placemark>
<Placemark><name>3640455</name><styleUrl>#styleDaimonCIRCUITO341TRECHO</styleUrl><LineString><coordinates>-48.888091,-10.168100,0 -48.888068,-10.168140,0</coordinates></LineString></Placemark>
<Placemark><name>3640454</name><styleUrl>#styleDaimonCIRCUITO341TRECHO</styleUrl><LineString><coordinates>-48.888082,-10.168095,0 -48.887933,-10.168016,0</coordinates></LineString></Placemark>
<Placemark><name>12084174</name><styleUrl>#styleDaimonCIRCUITO341TRECHO</styleUrl><LineString><coordinates>-48.887933,-10.168016,0 -48.887910,-10.168019,0</coordinates></LineString></Placemark>
<Placemark><name>2580962</name><styleUrl>#styleDaimonCIRCUITO341TRECHO</styleUrl><LineString><coordinates>-48.887910,-10.168019,0 -48.887777,-10.168271,0</coordinates></LineString></Placemark>
<Placemark><name>3663703</name><styleUrl>#styleDaimonCIRCUITO341TRECHO</styleUrl><LineString><coordinates>-48.887777,-10.168271,0 -48.887785,-10.168287,0</coordinates></LineString></Placemark>
<Placemark><name>3663706</name><styleUrl>#styleDaimonCIRCUITO341TRECHO</styleUrl><LineString><coordinates>-48.887785,-10.168287,0 -48.887795,-10.168310,0</coordinates></LineString></Placemark>
<Placemark><name>39181220</name><styleUrl>#styleDaimonCIRCUITO341TRECHO</styleUrl><LineString><coordinates>-48.887955,-10.163668,0 -48.887937,-10.163637,0</coordinates></LineString></Placemark>
<Placemark><name>3607486</name><styleUrl>#styleDaimonCIRCUITO341TRECHO</styleUrl><LineString><coordinates>-48.887937,-10.163637,0 -48.887808,-10.163366,0</coordinates></LineString></Placemark>
<Placemark><name>39181276</name><styleUrl>#styleDaimonCIRCUITO341TRECHO</styleUrl><LineString><coordinates>-48.888034,-10.163827,0 -48.887955,-10.163668,0</coordinates></LineString></Placemark>
<Placemark><name>2486548</name><styleUrl>#styleDaimonCIRCUITO341TRECHO</styleUrl><LineString><coordinates>-48.887808,-10.163366,0 -48.887666,-10.163083,0</coordinates></LineString></Placemark>
<Placemark><name>39181399</name><styleUrl>#styleDaimonCIRCUITO341TRECHO</styleUrl><LineString><coordinates>-48.888034,-10.163827,0 -48.888206,-10.163742,0</coordinates></LineString></Placemark>
<Placemark><name>39181380</name><styleUrl>#styleDaimonCIRCUITO341TRECHO</styleUrl><LineString><coordinates>-48.888034,-10.163827,0 -48.887902,-10.163891,0</coordinates></LineString></Placemark>
<Placemark><name>39181299</name><styleUrl>#styleDaimonCIRCUITO341TRECHO</styleUrl><LineString><coordinates>-48.888108,-10.163976,0 -48.888034,-10.163827,0</coordinates></LineString></Placemark>
<Placemark><name>2486547</name><styleUrl>#styleDaimonCIRCUITO341TRECHO</styleUrl><LineString><coordinates>-48.887666,-10.163083,0 -48.887501,-10.162756,0</coordinates></LineString></Placemark>
<Placemark><name>39181389</name><styleUrl>#styleDaimonCIRCUITO341TRECHO</styleUrl><LineString><coordinates>-48.888206,-10.163742,0 -48.888428,-10.163598,0</coordinates></LineString></Placemark>
<Placemark><name>39181298</name><styleUrl>#styleDaimonCIRCUITO341TRECHO</styleUrl><LineString><coordinates>-48.888275,-10.164316,0 -48.888108,-10.163976,0</coordinates></LineString></Placemark>
<Placemark><name>2486546</name><styleUrl>#styleDaimonCIRCUITO341TRECHO</styleUrl><LineString><coordinates>-48.887501,-10.162756,0 -48.887365,-10.162490,0</coordinates></LineString></Placemark>
<Placemark><name>39181053</name><styleUrl>#styleDaimonCIRCUITO341TRECHO</styleUrl><LineString><coordinates>-48.888428,-10.163598,0 -48.888428,-10.163569,0</coordinates></LineString></Placemark>
<Placemark><name>12084094</name><styleUrl>#styleDaimonCIRCUITO341TRECHO</styleUrl><LineString><coordinates>-48.888275,-10.164316,0 -48.888260,-10.164285,0</coordinates></LineString></Placemark>
<Placemark><name>39181297</name><styleUrl>#styleDaimonCIRCUITO341TRECHO</styleUrl><LineString><coordinates>-48.888396,-10.164571,0 -48.888275,-10.164316,0</coordinates></LineString></Placemark>
<Placemark><name>2486545</name><styleUrl>#styleDaimonCIRCUITO341TRECHO</styleUrl><LineString><coordinates>-48.887365,-10.162490,0 -48.887222,-10.162213,0</coordinates></LineString></Placemark>
<Placemark><name>39181421</name><styleUrl>#styleDaimonCIRCUITO341TRECHO</styleUrl><LineString><coordinates>-48.888428,-10.163569,0 -48.888411,-10.163455,0</coordinates></LineString></Placemark>
<Placemark><name>39181296</name><styleUrl>#styleDaimonCIRCUITO341TRECHO</styleUrl><LineString><coordinates>-48.888533,-10.164856,0 -48.888396,-10.164571,0</coordinates></LineString></Placemark>
<Placemark><name>2709942</name><styleUrl>#styleDaimonCIRCUITO341TRECHO</styleUrl><LineString><coordinates>-48.887222,-10.162213,0 -48.887158,-10.162090,0</coordinates></LineString></Placemark>
<Placemark><name>39181422</name><styleUrl>#styleDaimonCIRCUITO341TRECHO</styleUrl><LineString><coordinates>-48.888411,-10.163455,0 -48.888462,-10.163292,0</coordinates></LineString></Placemark>
<Placemark><name>39181295</name><styleUrl>#styleDaimonCIRCUITO341TRECHO</styleUrl><LineString><coordinates>-48.888670,-10.165142,0 -48.888533,-10.164856,0</coordinates></LineString></Placemark>
<Placemark><name>2709944</name><styleUrl>#styleDaimonCIRCUITO341TRECHO</styleUrl><LineString><coordinates>-48.887158,-10.162090,0 -48.887281,-10.162037,0</coordinates></LineString></Placemark>
<Placemark><name>2709945</name><styleUrl>#styleDaimonCIRCUITO341TRECHO</styleUrl><LineString><coordinates>-48.887158,-10.162090,0 -48.887001,-10.162171,0</coordinates></LineString></Placemark>
<Placemark><name>2709943</name><styleUrl>#styleDaimonCIRCUITO341TRECHO</styleUrl><LineString><coordinates>-48.887158,-10.162090,0 -48.887080,-10.161947,0</coordinates></LineString></Placemark>
<Placemark><name>39181409</name><styleUrl>#styleDaimonCIRCUITO341TRECHO</styleUrl><LineString><coordinates>-48.888462,-10.163292,0 -48.888488,-10.163225,0</coordinates></LineString></Placemark>
<Placemark><name>39181294</name><styleUrl>#styleDaimonCIRCUITO341TRECHO</styleUrl><LineString><coordinates>-48.888783,-10.165389,0 -48.888670,-10.165142,0</coordinates></LineString></Placemark>
<Placemark><name>3550226</name><styleUrl>#styleDaimonCIRCUITO341TRECHO</styleUrl><LineString><coordinates>-48.887281,-10.162037,0 -48.887697,-10.161838,0</coordinates></LineString></Placemark>
<Placemark><name>39181061</name><styleUrl>#styleDaimonCIRCUITO341TRECHO</styleUrl><LineString><coordinates>-48.888488,-10.163225,0 -48.888491,-10.163194,0</coordinates></LineString></Placemark>
<Placemark><name>39181293</name><styleUrl>#styleDaimonCIRCUITO341TRECHO</styleUrl><LineString><coordinates>-48.888881,-10.165614,0 -48.888783,-10.165389,0</coordinates></LineString></Placemark>
<Placemark><name>39181454</name><styleUrl>#styleDaimonCIRCUITO341TRECHO</styleUrl><LineString><coordinates>-48.888491,-10.163194,0 -48.888376,-10.162973,0</coordinates></LineString></Placemark>
<Placemark><name>39181292</name><styleUrl>#styleDaimonCIRCUITO341TRECHO</styleUrl><LineString><coordinates>-48.888979,-10.165843,0 -48.888881,-10.165614,0</coordinates></LineString></Placemark>
<Placemark><name>39181455</name><styleUrl>#styleDaimonCIRCUITO341TRECHO</styleUrl><LineString><coordinates>-48.888376,-10.162973,0 -48.888239,-10.162692,0</coordinates></LineString></Placemark>
<Placemark><name>39181456</name><styleUrl>#styleDaimonCIRCUITO341TRECHO</styleUrl><LineString><coordinates>-48.888239,-10.162692,0 -48.888102,-10.162406,0</coordinates></LineString></Placemark>
<Placemark><name>39181457</name><styleUrl>#styleDaimonCIRCUITO341TRECHO</styleUrl><LineString><coordinates>-48.888102,-10.162406,0 -48.887986,-10.162160,0</coordinates></LineString></Placemark>
<Placemark><name>39181441</name><styleUrl>#styleDaimonCIRCUITO341TRECHO</styleUrl><LineString><coordinates>-48.887986,-10.162160,0 -48.887878,-10.161933,0</coordinates></LineString></Placemark>
<Placemark><name>39181069</name><styleUrl>#styleDaimonCIRCUITO341TRECHO</styleUrl><LineString><coordinates>-48.887878,-10.161933,0 -48.887864,-10.161907,0</coordinates></LineString></Placemark>
<Placemark><name>39181494</name><styleUrl>#styleDaimonCIRCUITO341TRECHO</styleUrl><LineString><coordinates>-48.887864,-10.161907,0 -48.887736,-10.161649,0</coordinates></LineString></Placemark>
<Placemark><name>39181077</name><styleUrl>#styleDaimonCIRCUITO341TRECHO</styleUrl><LineString><coordinates>-48.887736,-10.161649,0 -48.887722,-10.161621,0</coordinates></LineString></Placemark>
<Placemark><name>39181521</name><styleUrl>#styleDaimonCIRCUITO341TRECHO</styleUrl><LineString><coordinates>-48.887722,-10.161621,0 -48.887590,-10.161351,0</coordinates></LineString></Placemark>
<Placemark><name>39181522</name><styleUrl>#styleDaimonCIRCUITO341TRECHO</styleUrl><LineString><coordinates>-48.887590,-10.161351,0 -48.887450,-10.161068,0</coordinates></LineString></Placemark>
<Placemark><name>39181523</name><styleUrl>#styleDaimonCIRCUITO341TRECHO</styleUrl><LineString><coordinates>-48.887450,-10.161068,0 -48.887311,-10.160783,0</coordinates></LineString></Placemark>
<Placemark><name>39181524</name><styleUrl>#styleDaimonCIRCUITO341TRECHO</styleUrl><LineString><coordinates>-48.887311,-10.160783,0 -48.887191,-10.160539,0</coordinates></LineString></Placemark>
<Placemark><name>39181525</name><styleUrl>#styleDaimonCIRCUITO341TRECHO</styleUrl><LineString><coordinates>-48.887191,-10.160539,0 -48.887071,-10.160295,0</coordinates></LineString></Placemark>
<Placemark><name>39181526</name><styleUrl>#styleDaimonCIRCUITO341TRECHO</styleUrl><LineString><coordinates>-48.887071,-10.160295,0 -48.886951,-10.160051,0</coordinates></LineString></Placemark>
<Placemark><name>39181527</name><styleUrl>#styleDaimonCIRCUITO341TRECHO</styleUrl><LineString><coordinates>-48.886951,-10.160051,0 -48.886811,-10.159766,0</coordinates></LineString></Placemark>
<Placemark><name>39181504</name><styleUrl>#styleDaimonCIRCUITO341TRECHO</styleUrl><LineString><coordinates>-48.886811,-10.159766,0 -48.886687,-10.159514,0</coordinates></LineString></Placemark>
<Placemark><name>21577903</name><styleUrl>#styleDaimonCIRCUITO341TRECHO</styleUrl><LineString><coordinates>-48.888995,-10.166061,0 -48.888990,-10.166097,0</coordinates></LineString></Placemark>
<Placemark><name>66140483</name><styleUrl>#styleDaimonCIRCUITO341TRECHO</styleUrl><LineString><coordinates>-48.888995,-10.166061,0 -48.888997,-10.166080,0</coordinates></LineString></Placemark>
<Placemark><name>3662163</name><styleUrl>#styleDaimonCIRCUITO341TRECHO</styleUrl><LineString><coordinates>-48.889028,-10.166069,0 -48.888995,-10.166061,0</coordinates></LineString></Placemark>
<Placemark><name>66140490</name><styleUrl>#styleDaimonCIRCUITO341TRECHO</styleUrl><LineString><coordinates>-48.888990,-10.166097,0 -48.888997,-10.166081,0</coordinates></LineString></Placemark>
<Placemark><name>3672984</name><styleUrl>#styleDaimonCIRCUITO341TRECHO</styleUrl><LineString><coordinates>-48.888252,-10.167815,0 -48.888332,-10.167866,0</coordinates></LineString></Placemark>
<Placemark><name>34601672</name><styleUrl>#styleDaimonCIRCUITO341TRECHO</styleUrl><LineString><coordinates>-48.890298,-10.163749,0 -48.890336,-10.163641,0</coordinates></LineString></Placemark>
<Placemark><name>3432561</name><styleUrl>#styleDaimonCIRCUITO341TRECHO</styleUrl><LineString><coordinates>-48.890175,-10.164004,0 -48.890298,-10.163749,0</coordinates></LineString></Placemark>
<Placemark><name>3663707</name><styleUrl>#styleDaimonCIRCUITO341TRECHO</styleUrl><LineString><coordinates>-48.887775,-10.168273,0 -48.887750,-10.168281,0</coordinates></LineString></Placemark>
<Placemark><name>39181675</name><styleUrl>#styleDaimonCIRCUITO341TRECHO</styleUrl><LineString><coordinates>-48.886141,-10.158403,0 -48.886009,-10.158133,0</coordinates></LineString></Placemark>
<Placemark><name>39181676</name><styleUrl>#styleDaimonCIRCUITO341TRECHO</styleUrl><LineString><coordinates>-48.886009,-10.158133,0 -48.885881,-10.157869,0</coordinates></LineString></Placemark>
<Placemark><name>39181093</name><styleUrl>#styleDaimonCIRCUITO341TRECHO</styleUrl><LineString><coordinates>-48.886152,-10.158432,0 -48.886141,-10.158403,0</coordinates></LineString></Placemark>
<Placemark><name>39181677</name><styleUrl>#styleDaimonCIRCUITO341TRECHO</styleUrl><LineString><coordinates>-48.885881,-10.157869,0 -48.885762,-10.157625,0</coordinates></LineString></Placemark>
<Placemark><name>39181649</name><styleUrl>#styleDaimonCIRCUITO341TRECHO</styleUrl><LineString><coordinates>-48.886287,-10.158704,0 -48.886152,-10.158432,0</coordinates></LineString></Placemark>
<Placemark><name>39181678</name><styleUrl>#styleDaimonCIRCUITO341TRECHO</styleUrl><LineString><coordinates>-48.885762,-10.157625,0 -48.885622,-10.157339,0</coordinates></LineString></Placemark>
<Placemark><name>39181631</name><styleUrl>#styleDaimonCIRCUITO341TRECHO</styleUrl><LineString><coordinates>-48.886400,-10.158931,0 -48.886287,-10.158704,0</coordinates></LineString></Placemark>
<Placemark><name>39181679</name><styleUrl>#styleDaimonCIRCUITO341TRECHO</styleUrl><LineString><coordinates>-48.885622,-10.157339,0 -48.885484,-10.157054,0</coordinates></LineString></Placemark>
<Placemark><name>39181085</name><styleUrl>#styleDaimonCIRCUITO341TRECHO</styleUrl><LineString><coordinates>-48.886413,-10.158958,0 -48.886400,-10.158931,0</coordinates></LineString></Placemark>
<Placemark><name>39181680</name><styleUrl>#styleDaimonCIRCUITO341TRECHO</styleUrl><LineString><coordinates>-48.885484,-10.157054,0 -48.885356,-10.156794,0</coordinates></LineString></Placemark>
<Placemark><name>39181600</name><styleUrl>#styleDaimonCIRCUITO341TRECHO</styleUrl><LineString><coordinates>-48.886547,-10.159230,0 -48.886413,-10.158958,0</coordinates></LineString></Placemark>
<Placemark><name>39181681</name><styleUrl>#styleDaimonCIRCUITO341TRECHO</styleUrl><LineString><coordinates>-48.885356,-10.156794,0 -48.885257,-10.156590,0</coordinates></LineString></Placemark>
<Placemark><name>39181611</name><styleUrl>#styleDaimonCIRCUITO341TRECHO</styleUrl><LineString><coordinates>-48.886674,-10.159486,0 -48.886547,-10.159230,0</coordinates></LineString></Placemark>
<Placemark><name>39181682</name><styleUrl>#styleDaimonCIRCUITO341TRECHO</styleUrl><LineString><coordinates>-48.885257,-10.156590,0 -48.885157,-10.156387,0</coordinates></LineString></Placemark>
<Placemark><name>39181658</name><styleUrl>#styleDaimonCIRCUITO341TRECHO</styleUrl><LineString><coordinates>-48.885157,-10.156387,0 -48.885022,-10.156111,0</coordinates></LineString></Placemark>
<Placemark><name>2504594</name><styleUrl>#styleDaimonCIRCUITO341TRECHO</styleUrl><LineString><coordinates>-48.888524,-10.161293,0 -48.888729,-10.161235,0</coordinates></LineString></Placemark>
<Placemark><name>2504596</name><styleUrl>#styleDaimonCIRCUITO341TRECHO</styleUrl><LineString><coordinates>-48.888582,-10.161416,0 -48.888524,-10.161293,0</coordinates></LineString></Placemark>
<Placemark><name>2504597</name><styleUrl>#styleDaimonCIRCUITO341TRECHO</styleUrl><LineString><coordinates>-48.888524,-10.161293,0 -48.888465,-10.161171,0</coordinates></LineString></Placemark>
<Placemark><name>2504595</name><styleUrl>#styleDaimonCIRCUITO341TRECHO</styleUrl><LineString><coordinates>-48.888524,-10.161293,0 -48.888441,-10.161315,0</coordinates></LineString></Placemark>
<Placemark><name>3432283</name><styleUrl>#styleDaimonCIRCUITO341TRECHO</styleUrl><LineString><coordinates>-48.888729,-10.161235,0 -48.889021,-10.161153,0</coordinates></LineString></Placemark>
<Placemark><name>12071085</name><styleUrl>#styleDaimonCIRCUITO341TRECHO</styleUrl><LineString><coordinates>-48.888566,-10.161414,0 -48.888582,-10.161416,0</coordinates></LineString></Placemark>
<Placemark><name>3431094</name><styleUrl>#styleDaimonCIRCUITO341TRECHO</styleUrl><LineString><coordinates>-48.888582,-10.161416,0 -48.888717,-10.161693,0</coordinates></LineString></Placemark>
<Placemark><name>2482673</name><styleUrl>#styleDaimonCIRCUITO341TRECHO</styleUrl><LineString><coordinates>-48.889021,-10.161153,0 -48.889330,-10.161067,0</coordinates></LineString></Placemark>
<Placemark><name>3433546</name><styleUrl>#styleDaimonCIRCUITO341TRECHO</styleUrl><LineString><coordinates>-48.888340,-10.161532,0 -48.888566,-10.161414,0</coordinates></LineString></Placemark>
<Placemark><name>60326679</name><styleUrl>#styleDaimonCIRCUITO341TRECHO</styleUrl><LineString><coordinates>-48.889330,-10.161067,0 -48.889601,-10.160991,0</coordinates></LineString></Placemark>
<Placemark><name>2504111</name><styleUrl>#styleDaimonCIRCUITO341TRECHO</styleUrl><LineString><coordinates>-48.888057,-10.161666,0 -48.888340,-10.161532,0</coordinates></LineString></Placemark>
<Placemark><name>60326864</name><styleUrl>#styleDaimonCIRCUITO341TRECHO</styleUrl><LineString><coordinates>-48.889601,-10.160991,0 -48.889603,-10.160953,0</coordinates></LineString></Placemark>
<Placemark><name>60326688</name><styleUrl>#styleDaimonCIRCUITO341TRECHO</styleUrl><LineString><coordinates>-48.889601,-10.160991,0 -48.890001,-10.160877,0</coordinates></LineString></Placemark>
<Placemark><name>12068168</name><styleUrl>#styleDaimonCIRCUITO341TRECHO</styleUrl><LineString><coordinates>-48.888027,-10.161681,0 -48.888057,-10.161666,0</coordinates></LineString></Placemark>
<Placemark><name>60326710</name><styleUrl>#styleDaimonCIRCUITO341TRECHO</styleUrl><LineString><coordinates>-48.889603,-10.160953,0 -48.889506,-10.160678,0</coordinates></LineString></Placemark>
<Placemark><name>2710582</name><styleUrl>#styleDaimonCIRCUITO341TRECHO</styleUrl><LineString><coordinates>-48.887866,-10.161760,0 -48.888027,-10.161681,0</coordinates></LineString></Placemark>
<Placemark><name>60326698</name><styleUrl>#styleDaimonCIRCUITO341TRECHO</styleUrl><LineString><coordinates>-48.889506,-10.160678,0 -48.889425,-10.160400,0</coordinates></LineString></Placemark>
<Placemark><name>3600038</name><styleUrl>#styleDaimonCIRCUITO341TRECHO</styleUrl><LineString><coordinates>-48.887715,-10.161831,0 -48.887866,-10.161760,0</coordinates></LineString></Placemark>
<Placemark><name>2710581</name><styleUrl>#styleDaimonCIRCUITO341TRECHO</styleUrl><LineString><coordinates>-48.887866,-10.161760,0 -48.887996,-10.162016,0</coordinates></LineString></Placemark>
<Placemark><name>2710580</name><styleUrl>#styleDaimonCIRCUITO341TRECHO</styleUrl><LineString><coordinates>-48.887866,-10.161760,0 -48.887827,-10.161682,0</coordinates></LineString></Placemark>
<Placemark><name>3550227</name><styleUrl>#styleDaimonCIRCUITO341TRECHO</styleUrl><LineString><coordinates>-48.887996,-10.162016,0 -48.888134,-10.162311,0</coordinates></LineString></Placemark>
<Placemark><name>2614104</name><styleUrl>#styleDaimonCIRCUITO341TRECHO</styleUrl><LineString><coordinates>-48.887827,-10.161682,0 -48.887689,-10.161401,0</coordinates></LineString></Placemark>
<Placemark><name>2614103</name><styleUrl>#styleDaimonCIRCUITO341TRECHO</styleUrl><LineString><coordinates>-48.888134,-10.162311,0 -48.888284,-10.162617,0</coordinates></LineString></Placemark>
<Placemark><name>2614105</name><styleUrl>#styleDaimonCIRCUITO341TRECHO</styleUrl><LineString><coordinates>-48.887689,-10.161401,0 -48.887568,-10.161150,0</coordinates></LineString></Placemark>
<Placemark><name>12071083</name><styleUrl>#styleDaimonCIRCUITO341TRECHO</styleUrl><LineString><coordinates>-48.888284,-10.162617,0 -48.888299,-10.162648,0</coordinates></LineString></Placemark>
<Placemark><name>2614106</name><styleUrl>#styleDaimonCIRCUITO341TRECHO</styleUrl><LineString><coordinates>-48.887568,-10.161150,0 -48.887432,-10.160874,0</coordinates></LineString></Placemark>
<Placemark><name>2614102</name><styleUrl>#styleDaimonCIRCUITO341TRECHO</styleUrl><LineString><coordinates>-48.888299,-10.162648,0 -48.888431,-10.162919,0</coordinates></LineString></Placemark>
<Placemark><name>2614107</name><styleUrl>#styleDaimonCIRCUITO341TRECHO</styleUrl><LineString><coordinates>-48.887432,-10.160874,0 -48.887300,-10.160602,0</coordinates></LineString></Placemark>
<Placemark><name>3670219</name><styleUrl>#styleDaimonCIRCUITO341TRECHO</styleUrl><LineString><coordinates>-48.888431,-10.162919,0 -48.888549,-10.163159,0</coordinates></LineString></Placemark>
<Placemark><name>2614108</name><styleUrl>#styleDaimonCIRCUITO341TRECHO</styleUrl><LineString><coordinates>-48.887300,-10.160602,0 -48.887160,-10.160316,0</coordinates></LineString></Placemark>
<Placemark><name>3670218</name><styleUrl>#styleDaimonCIRCUITO341TRECHO</styleUrl><LineString><coordinates>-48.888549,-10.163159,0 -48.888700,-10.163191,0</coordinates></LineString></Placemark>
<Placemark><name>2614705</name><styleUrl>#styleDaimonCIRCUITO341TRECHO</styleUrl><LineString><coordinates>-48.887160,-10.160316,0 -48.887023,-10.160040,0</coordinates></LineString></Placemark>
<Placemark><name>2486217</name><styleUrl>#styleDaimonCIRCUITO341TRECHO</styleUrl><LineString><coordinates>-48.888700,-10.163191,0 -48.888864,-10.163274,0</coordinates></LineString></Placemark>
<Placemark><name>2614706</name><styleUrl>#styleDaimonCIRCUITO341TRECHO</styleUrl><LineString><coordinates>-48.887023,-10.160040,0 -48.886889,-10.159769,0</coordinates></LineString></Placemark>
<Placemark><name>3670220</name><styleUrl>#styleDaimonCIRCUITO341TRECHO</styleUrl><LineString><coordinates>-48.888864,-10.163274,0 -48.889147,-10.163184,0</coordinates></LineString></Placemark>
<Placemark><name>3432227</name><styleUrl>#styleDaimonCIRCUITO341TRECHO</styleUrl><LineString><coordinates>-48.889147,-10.163184,0 -48.889363,-10.163069,0</coordinates></LineString></Placemark>
<Placemark><name>12071086</name><styleUrl>#styleDaimonCIRCUITO341TRECHO</styleUrl><LineString><coordinates>-48.889363,-10.163069,0 -48.889380,-10.163066,0</coordinates></LineString></Placemark>
<Placemark><name>3432226</name><styleUrl>#styleDaimonCIRCUITO341TRECHO</styleUrl><LineString><coordinates>-48.889380,-10.163066,0 -48.889546,-10.163408,0</coordinates></LineString></Placemark>
<Placemark><name>3432225</name><styleUrl>#styleDaimonCIRCUITO341TRECHO</styleUrl><LineString><coordinates>-48.889380,-10.163066,0 -48.889219,-10.162733,0</coordinates></LineString></Placemark>
<Placemark><name>3432228</name><styleUrl>#styleDaimonCIRCUITO341TRECHO</styleUrl><LineString><coordinates>-48.889546,-10.163408,0 -48.889661,-10.163783,0</coordinates></LineString></Placemark>
<Placemark><name>60326632</name><styleUrl>#styleDaimonCIRCUITO341TRECHO</styleUrl><LineString><coordinates>-48.889219,-10.162733,0 -48.889175,-10.162645,0</coordinates></LineString></Placemark>
<Placemark><name>60326633</name><styleUrl>#styleDaimonCIRCUITO341TRECHO</styleUrl><LineString><coordinates>-48.889175,-10.162645,0 -48.889031,-10.162349,0</coordinates></LineString></Placemark>
<Placemark><name>60326634</name><styleUrl>#styleDaimonCIRCUITO341TRECHO</styleUrl><LineString><coordinates>-48.889031,-10.162349,0 -48.888893,-10.162063,0</coordinates></LineString></Placemark>
<Placemark><name>60326620</name><styleUrl>#styleDaimonCIRCUITO341TRECHO</styleUrl><LineString><coordinates>-48.888893,-10.162063,0 -48.888735,-10.161730,0</coordinates></LineString></Placemark>
<Placemark><name>2476090</name><styleUrl>#styleDaimonCIRCUITO341TRECHO</styleUrl><LineString><coordinates>-48.890452,-10.163257,0 -48.890696,-10.163331,0</coordinates></LineString></Placemark>
<Placemark><name>2476091</name><styleUrl>#styleDaimonCIRCUITO341TRECHO</styleUrl><LineString><coordinates>-48.890393,-10.163478,0 -48.890452,-10.163257,0</coordinates></LineString></Placemark>
<Placemark><name>2476093</name><styleUrl>#styleDaimonCIRCUITO341TRECHO</styleUrl><LineString><coordinates>-48.890452,-10.163257,0 -48.890375,-10.163229,0</coordinates></LineString></Placemark>
<Placemark><name>3671080</name><styleUrl>#styleDaimonCIRCUITO341TRECHO</styleUrl><LineString><coordinates>-48.890452,-10.163257,0 -48.890495,-10.163091,0</coordinates></LineString></Placemark>
<Placemark><name>2476092</name><styleUrl>#styleDaimonCIRCUITO341TRECHO</styleUrl><LineString><coordinates>-48.890696,-10.163331,0 -48.891011,-10.163431,0</coordinates></LineString></Placemark>
<Placemark><name>3432560</name><styleUrl>#styleDaimonCIRCUITO341TRECHO</styleUrl><LineString><coordinates>-48.890340,-10.163630,0 -48.890393,-10.163478,0</coordinates></LineString></Placemark>
<Placemark><name>3432827</name><styleUrl>#styleDaimonCIRCUITO341TRECHO</styleUrl><LineString><coordinates>-48.890495,-10.163091,0 -48.890556,-10.162884,0</coordinates></LineString></Placemark>
<Placemark><name>3671081</name><styleUrl>#styleDaimonCIRCUITO341TRECHO</styleUrl><LineString><coordinates>-48.891011,-10.163431,0 -48.891319,-10.163528,0</coordinates></LineString></Placemark>
<Placemark><name>34601695</name><styleUrl>#styleDaimonCIRCUITO341TRECHO</styleUrl><LineString><coordinates>-48.890332,-10.163650,0 -48.890340,-10.163630,0</coordinates></LineString></Placemark>
<Placemark><name>35974129</name><styleUrl>#styleDaimonCIRCUITO341TRECHO</styleUrl><LineString><coordinates>-48.890340,-10.163630,0 -48.890175,-10.163636,0</coordinates></LineString></Placemark>
<Placemark><name>3432828</name><styleUrl>#styleDaimonCIRCUITO341TRECHO</styleUrl><LineString><coordinates>-48.890556,-10.162884,0 -48.890654,-10.162561,0</coordinates></LineString></Placemark>
<Placemark><name>3671079</name><styleUrl>#styleDaimonCIRCUITO341TRECHO</styleUrl><LineString><coordinates>-48.891319,-10.163528,0 -48.891642,-10.163628,0</coordinates></LineString></Placemark>
<Placemark><name>2482727</name><styleUrl>#styleDaimonCIRCUITO341TRECHO</styleUrl><LineString><coordinates>-48.890654,-10.162561,0 -48.890750,-10.162246,0</coordinates></LineString></Placemark>
<Placemark><name>3305694</name><styleUrl>#styleDaimonCIRCUITO341TRECHO</styleUrl><LineString><coordinates>-48.890750,-10.162246,0 -48.890823,-10.162007,0</coordinates></LineString></Placemark>
<Placemark><name>3303697</name><styleUrl>#styleDaimonCIRCUITO341TRECHO</styleUrl><LineString><coordinates>-48.890823,-10.162007,0 -48.890752,-10.161975,0</coordinates></LineString></Placemark>
<Placemark><name>3415109</name><styleUrl>#styleDaimonCIRCUITO341TRECHO</styleUrl><LineString><coordinates>-48.890823,-10.162007,0 -48.891062,-10.162056,0</coordinates></LineString></Placemark>
<Placemark><name>3415108</name><styleUrl>#styleDaimonCIRCUITO341TRECHO</styleUrl><LineString><coordinates>-48.890823,-10.162007,0 -48.890845,-10.161935,0</coordinates></LineString></Placemark>
<Placemark><name>3305693</name><styleUrl>#styleDaimonCIRCUITO341TRECHO</styleUrl><LineString><coordinates>-48.891062,-10.162056,0 -48.891366,-10.162143,0</coordinates></LineString></Placemark>
<Placemark><name>3305695</name><styleUrl>#styleDaimonCIRCUITO341TRECHO</styleUrl><LineString><coordinates>-48.891366,-10.162143,0 -48.891660,-10.162224,0</coordinates></LineString></Placemark>
<Placemark><name>3305692</name><styleUrl>#styleDaimonCIRCUITO341TRECHO</styleUrl><LineString><coordinates>-48.891660,-10.162224,0 -48.891937,-10.162302,0</coordinates></LineString></Placemark>
<Placemark><name>2714093</name><styleUrl>#styleDaimonCIRCUITO341TRECHO</styleUrl><LineString><coordinates>-48.884549,-10.155814,0 -48.884499,-10.155980,0</coordinates></LineString></Placemark>
<Placemark><name>39180345</name><styleUrl>#styleDaimonCIRCUITO341TRECHO</styleUrl><LineString><coordinates>-48.884549,-10.155814,0 -48.884458,-10.155785,0</coordinates></LineString></Placemark>
<Placemark><name>39180354</name><styleUrl>#styleDaimonCIRCUITO341TRECHO</styleUrl><LineString><coordinates>-48.884752,-10.155876,0 -48.884549,-10.155814,0</coordinates></LineString></Placemark>
<Placemark><name>2714094</name><styleUrl>#styleDaimonCIRCUITO341TRECHO</styleUrl><LineString><coordinates>-48.884549,-10.155814,0 -48.884597,-10.155659,0</coordinates></LineString></Placemark>
<Placemark><name>39180369</name><styleUrl>#styleDaimonCIRCUITO341TRECHO</styleUrl><LineString><coordinates>-48.884458,-10.155785,0 -48.884137,-10.155693,0</coordinates></LineString></Placemark>
<Placemark><name>39180353</name><styleUrl>#styleDaimonCIRCUITO341TRECHO</styleUrl><LineString><coordinates>-48.884938,-10.155943,0 -48.884752,-10.155876,0</coordinates></LineString></Placemark>
<Placemark><name>3433260</name><styleUrl>#styleDaimonCIRCUITO341TRECHO</styleUrl><LineString><coordinates>-48.884597,-10.155659,0 -48.884698,-10.155331,0</coordinates></LineString></Placemark>
<Placemark><name>39180376</name><styleUrl>#styleDaimonCIRCUITO341TRECHO</styleUrl><LineString><coordinates>-48.884137,-10.155693,0 -48.883833,-10.155601,0</coordinates></LineString></Placemark>
<Placemark><name>39181101</name><styleUrl>#styleDaimonCIRCUITO341TRECHO</styleUrl><LineString><coordinates>-48.884950,-10.155964,0 -48.884938,-10.155943,0</coordinates></LineString></Placemark>
<Placemark><name>39180329</name><styleUrl>#styleDaimonCIRCUITO341TRECHO</styleUrl><LineString><coordinates>-48.884938,-10.155943,0 -48.885031,-10.155976,0</coordinates></LineString></Placemark>
<Placemark><name>3433259</name><styleUrl>#styleDaimonCIRCUITO341TRECHO</styleUrl><LineString><coordinates>-48.884698,-10.155331,0 -48.884797,-10.155006,0</coordinates></LineString></Placemark>
<Placemark><name>39180383</name><styleUrl>#styleDaimonCIRCUITO341TRECHO</styleUrl><LineString><coordinates>-48.883833,-10.155601,0 -48.883554,-10.155513,0</coordinates></LineString></Placemark>
<Placemark><name>39181894</name><styleUrl>#styleDaimonCIRCUITO341TRECHO</styleUrl><LineString><coordinates>-48.885034,-10.156136,0 -48.884950,-10.155964,0</coordinates></LineString></Placemark>
<Placemark><name>3433258</name><styleUrl>#styleDaimonCIRCUITO341TRECHO</styleUrl><LineString><coordinates>-48.884797,-10.155006,0 -48.884907,-10.154644,0</coordinates></LineString></Placemark>
<Placemark><name>3434907</name><styleUrl>#styleDaimonCIRCUITO341TRECHO</styleUrl><LineString><coordinates>-48.884907,-10.154644,0 -48.884997,-10.154350,0</coordinates></LineString></Placemark>
<Placemark><name>3434906</name><styleUrl>#styleDaimonCIRCUITO341TRECHO</styleUrl><LineString><coordinates>-48.884997,-10.154350,0 -48.885111,-10.153977,0</coordinates></LineString></Placemark>
<Placemark><name>12071184</name><styleUrl>#styleDaimonCIRCUITO341TRECHO</styleUrl><LineString><coordinates>-48.885111,-10.153977,0 -48.885127,-10.153982,0</coordinates></LineString></Placemark>
<Placemark><name>2497799</name><styleUrl>#styleDaimonCIRCUITO341TRECHO</styleUrl><LineString><coordinates>-48.885111,-10.153977,0 -48.885213,-10.153641,0</coordinates></LineString></Placemark>
<Placemark><name>3434905</name><styleUrl>#styleDaimonCIRCUITO341TRECHO</styleUrl><LineString><coordinates>-48.885127,-10.153982,0 -48.885301,-10.154039,0</coordinates></LineString></Placemark>
<Placemark><name>3433454</name><styleUrl>#styleDaimonCIRCUITO341TRECHO</styleUrl><LineString><coordinates>-48.885301,-10.154039,0 -48.885607,-10.154140,0</coordinates></LineString></Placemark>
<Placemark><name>12071185</name><styleUrl>#styleDaimonCIRCUITO341TRECHO</styleUrl><LineString><coordinates>-48.885607,-10.154140,0 -48.885641,-10.154144,0</coordinates></LineString></Placemark>
<Placemark><name>3433453</name><styleUrl>#styleDaimonCIRCUITO341TRECHO</styleUrl><LineString><coordinates>-48.885641,-10.154144,0 -48.885791,-10.154086,0</coordinates></LineString></Placemark>
<Placemark><name>12071183</name><styleUrl>#styleDaimonCIRCUITO341TRECHO</styleUrl><LineString><coordinates>-48.885791,-10.154086,0 -48.885801,-10.154100,0</coordinates></LineString></Placemark>
<Placemark><name>2497798</name><styleUrl>#styleDaimonCIRCUITO341TRECHO</styleUrl><LineString><coordinates>-48.885801,-10.154100,0 -48.885763,-10.154449,0</coordinates></LineString></Placemark>
<Placemark><name>2485675</name><styleUrl>#styleDaimonCIRCUITO341TRECHO</styleUrl><LineString><coordinates>-48.885801,-10.154100,0 -48.885880,-10.153824,0</coordinates></LineString></Placemark>
<Placemark><name>2485674</name><styleUrl>#styleDaimonCIRCUITO341TRECHO</styleUrl><LineString><coordinates>-48.885880,-10.153824,0 -48.885958,-10.153552,0</coordinates></LineString></Placemark>
<Placemark><name>2714099</name><styleUrl>#styleDaimonCIRCUITO341TRECHO</styleUrl><LineString><coordinates>-48.885958,-10.153552,0 -48.885982,-10.153476,0</coordinates></LineString></Placemark>
<Placemark><name>2714100</name><styleUrl>#styleDaimonCIRCUITO341TRECHO</styleUrl><LineString><coordinates>-48.885982,-10.153476,0 -48.886058,-10.153203,0</coordinates></LineString></Placemark>
<Placemark><name>2714097</name><styleUrl>#styleDaimonCIRCUITO341TRECHO</styleUrl><LineString><coordinates>-48.885982,-10.153476,0 -48.886239,-10.153394,0</coordinates></LineString></Placemark>
<Placemark><name>2714098</name><styleUrl>#styleDaimonCIRCUITO341TRECHO</styleUrl><LineString><coordinates>-48.885982,-10.153476,0 -48.885887,-10.153505,0</coordinates></LineString></Placemark>
<Placemark><name>2478732</name><styleUrl>#styleDaimonCIRCUITO341TRECHO</styleUrl><LineString><coordinates>-48.886239,-10.153394,0 -48.886409,-10.153340,0</coordinates></LineString></Placemark>
<Placemark><name>3431177</name><styleUrl>#styleDaimonCIRCUITO341TRECHO</styleUrl><LineString><coordinates>-48.886409,-10.153340,0 -48.886601,-10.153280,0</coordinates></LineString></Placemark>
<Placemark><name>45331831</name><styleUrl>#styleDaimonCIRCUITO341TRECHO</styleUrl><LineString><coordinates>-48.886601,-10.153280,0 -48.886773,-10.153225,0</coordinates></LineString></Placemark>
<Placemark><name>3431176</name><styleUrl>#styleDaimonCIRCUITO341TRECHO</styleUrl><LineString><coordinates>-48.886773,-10.153225,0 -48.886955,-10.153167,0</coordinates></LineString></Placemark>
<Placemark><name>24492797</name><styleUrl>#styleDaimonCIRCUITO341TRECHO</styleUrl><LineString><coordinates>-48.886245,-10.158723,0 -48.886152,-10.158717,0</coordinates></LineString></Placemark>
<Placemark><name>3424699</name><styleUrl>#styleDaimonCIRCUITO341TRECHO</styleUrl><LineString><coordinates>-48.886283,-10.158706,0 -48.886245,-10.158723,0</coordinates></LineString></Placemark>
<Placemark><name>2614707</name><styleUrl>#styleDaimonCIRCUITO341TRECHO</styleUrl><LineString><coordinates>-48.886752,-10.159485,0 -48.886623,-10.159216,0</coordinates></LineString></Placemark>
<Placemark><name>3358426</name><styleUrl>#styleDaimonCIRCUITO341TRECHO</styleUrl><LineString><coordinates>-48.886876,-10.159741,0 -48.886752,-10.159485,0</coordinates></LineString></Placemark>
<Placemark><name>2614708</name><styleUrl>#styleDaimonCIRCUITO341TRECHO</styleUrl><LineString><coordinates>-48.886623,-10.159216,0 -48.886489,-10.158937,0</coordinates></LineString></Placemark>
<Placemark><name>42278909</name><styleUrl>#styleDaimonCIRCUITO341TRECHO</styleUrl><LineString><coordinates>-48.886489,-10.158937,0 -48.886367,-10.158691,0</coordinates></LineString></Placemark>
<Placemark><name>42278932</name><styleUrl>#styleDaimonCIRCUITO341TRECHO</styleUrl><LineString><coordinates>-48.886367,-10.158691,0 -48.886357,-10.158671,0</coordinates></LineString></Placemark>
<Placemark><name>2718574</name><styleUrl>#styleDaimonCIRCUITO341TRECHO</styleUrl><LineString><coordinates>-48.886357,-10.158671,0 -48.886314,-10.158584,0</coordinates></LineString></Placemark>
<Placemark><name>2718575</name><styleUrl>#styleDaimonCIRCUITO341TRECHO</styleUrl><LineString><coordinates>-48.886314,-10.158584,0 -48.886280,-10.158513,0</coordinates></LineString></Placemark>
<Placemark><name>39181591</name><styleUrl>#styleDaimonCIRCUITO341TRECHO</styleUrl><LineString><coordinates>-48.886314,-10.158584,0 -48.886183,-10.158642,0</coordinates></LineString></Placemark>
<Placemark><name>2718577</name><styleUrl>#styleDaimonCIRCUITO341TRECHO</styleUrl><LineString><coordinates>-48.886314,-10.158584,0 -48.886475,-10.158517,0</coordinates></LineString></Placemark>
<Placemark><name>3424558</name><styleUrl>#styleDaimonCIRCUITO341TRECHO</styleUrl><LineString><coordinates>-48.886280,-10.158513,0 -48.886201,-10.158362,0</coordinates></LineString></Placemark>
<Placemark><name>T_0300126013</name><styleUrl>#styleDaimonCIRCUITO341TRECHO</styleUrl><LineString><coordinates>-48.886475,-10.158517,0 -48.886492,-10.158509,0</coordinates></LineString></Placemark>
<Placemark><name>3424557</name><styleUrl>#styleDaimonCIRCUITO341TRECHO</styleUrl><LineString><coordinates>-48.886201,-10.158362,0 -48.886055,-10.158076,0</coordinates></LineString></Placemark>
<Placemark><name>3424556</name><styleUrl>#styleDaimonCIRCUITO341TRECHO</styleUrl><LineString><coordinates>-48.886055,-10.158076,0 -48.885938,-10.157828,0</coordinates></LineString></Placemark>
<Placemark><name>3424555</name><styleUrl>#styleDaimonCIRCUITO341TRECHO</styleUrl><LineString><coordinates>-48.885938,-10.157828,0 -48.885774,-10.157484,0</coordinates></LineString></Placemark>
<Placemark><name>3424554</name><styleUrl>#styleDaimonCIRCUITO341TRECHO</styleUrl><LineString><coordinates>-48.885774,-10.157484,0 -48.885632,-10.157188,0</coordinates></LineString></Placemark>
<Placemark><name>2497788</name><styleUrl>#styleDaimonCIRCUITO341TRECHO</styleUrl><LineString><coordinates>-48.885632,-10.157188,0 -48.885491,-10.156894,0</coordinates></LineString></Placemark>
<Placemark><name>2497787</name><styleUrl>#styleDaimonCIRCUITO341TRECHO</styleUrl><LineString><coordinates>-48.885491,-10.156894,0 -48.885335,-10.156573,0</coordinates></LineString></Placemark>
<Placemark><name>2497786</name><styleUrl>#styleDaimonCIRCUITO341TRECHO</styleUrl><LineString><coordinates>-48.885335,-10.156573,0 -48.885228,-10.156351,0</coordinates></LineString></Placemark>
<Placemark><name>2497730</name><styleUrl>#styleDaimonCIRCUITO341TRECHO</styleUrl><LineString><coordinates>-48.885228,-10.156351,0 -48.885125,-10.156144,0</coordinates></LineString></Placemark>
<Placemark><name>2497729</name><styleUrl>#styleDaimonCIRCUITO341TRECHO</styleUrl><LineString><coordinates>-48.885125,-10.156144,0 -48.885041,-10.155979,0</coordinates></LineString></Placemark>
<Placemark><name>12079116</name><styleUrl>#styleDaimonCIRCUITO341TRECHO</styleUrl><LineString><coordinates>-48.884438,-10.155797,0 -48.884466,-10.155806,0</coordinates></LineString></Placemark>
<Placemark><name>3662168</name><styleUrl>#styleDaimonCIRCUITO341TRECHO</styleUrl><LineString><coordinates>-48.884456,-10.155787,0 -48.884438,-10.155797,0</coordinates></LineString></Placemark>
<Placemark><name>3666129</name><styleUrl>#styleDaimonCIRCUITO341TRECHO</styleUrl><LineString><coordinates>-48.884438,-10.155797,0 -48.884446,-10.155806,0</coordinates></LineString></Placemark>
<Placemark><name>3666130</name><styleUrl>#styleDaimonCIRCUITO341TRECHO</styleUrl><LineString><coordinates>-48.884466,-10.155806,0 -48.884449,-10.155806,0</coordinates></LineString></Placemark>
<Placemark><name>2481013</name><styleUrl>#styleDaimonCIRCUITO341TRECHO</styleUrl><LineString><coordinates>-48.883430,-10.155595,0 -48.883688,-10.154658,0</coordinates></LineString></Placemark>
<Placemark><name>3425583</name><styleUrl>#styleDaimonCIRCUITO341TRECHO</styleUrl><LineString><coordinates>-48.883688,-10.154658,0 -48.883767,-10.154408,0</coordinates></LineString></Placemark>
<Placemark><name>12068172</name><styleUrl>#styleDaimonCIRCUITO341TRECHO</styleUrl><LineString><coordinates>-48.883443,-10.155581,0 -48.883430,-10.155595,0</coordinates></LineString></Placemark>
<Placemark><name>12068171</name><styleUrl>#styleDaimonCIRCUITO341TRECHO</styleUrl><LineString><coordinates>-48.883430,-10.155595,0 -48.883401,-10.155587,0</coordinates></LineString></Placemark>
<Placemark><name>39180405</name><styleUrl>#styleDaimonCIRCUITO341TRECHO</styleUrl><LineString><coordinates>-48.883430,-10.155595,0 -48.883318,-10.155858,0</coordinates></LineString></Placemark>
<Placemark><name>39181887</name><styleUrl>#styleDaimonCIRCUITO341TRECHO</styleUrl><LineString><coordinates>-48.883543,-10.155520,0 -48.883443,-10.155581,0</coordinates></LineString></Placemark>
<Placemark><name>2481014</name><styleUrl>#styleDaimonCIRCUITO341TRECHO</styleUrl><LineString><coordinates>-48.883401,-10.155587,0 -48.882732,-10.155162,0</coordinates></LineString></Placemark>
<Placemark><name>2481001</name><styleUrl>#styleDaimonCIRCUITO341TRECHO</styleUrl><LineString><coordinates>-48.887376,-10.158161,0 -48.887639,-10.158085,0</coordinates></LineString></Placemark>
<Placemark><name>2709208</name><styleUrl>#styleDaimonCIRCUITO341TRECHO</styleUrl><LineString><coordinates>-48.887639,-10.158085,0 -48.887842,-10.158025,0</coordinates></LineString></Placemark>
<Placemark><name>2480843</name><styleUrl>#styleDaimonCIRCUITO341TRECHO</styleUrl><LineString><coordinates>-48.887120,-10.158235,0 -48.887376,-10.158161,0</coordinates></LineString></Placemark>
<Placemark><name>2709413</name><styleUrl>#styleDaimonCIRCUITO341TRECHO</styleUrl><LineString><coordinates>-48.887842,-10.158025,0 -48.887801,-10.157877,0</coordinates></LineString></Placemark>
<Placemark><name>2709209</name><styleUrl>#styleDaimonCIRCUITO341TRECHO</styleUrl><LineString><coordinates>-48.887842,-10.158025,0 -48.887929,-10.158001,0</coordinates></LineString></Placemark>
<Placemark><name>2709414</name><styleUrl>#styleDaimonCIRCUITO341TRECHO</styleUrl><LineString><coordinates>-48.887842,-10.158025,0 -48.887885,-10.158173,0</coordinates></LineString></Placemark>
<Placemark><name>2485449</name><styleUrl>#styleDaimonCIRCUITO341TRECHO</styleUrl><LineString><coordinates>-48.886829,-10.158363,0 -48.887120,-10.158235,0</coordinates></LineString></Placemark>
<Placemark><name>2678136</name><styleUrl>#styleDaimonCIRCUITO341TRECHO</styleUrl><LineString><coordinates>-48.887801,-10.157877,0 -48.887706,-10.157541,0</coordinates></LineString></Placemark>
<Placemark><name>2496381</name><styleUrl>#styleDaimonCIRCUITO341TRECHO</styleUrl><LineString><coordinates>-48.887929,-10.158001,0 -48.888242,-10.157909,0</coordinates></LineString></Placemark>
<Placemark><name>2482314</name><styleUrl>#styleDaimonCIRCUITO341TRECHO</styleUrl><LineString><coordinates>-48.887885,-10.158173,0 -48.887965,-10.158454,0</coordinates></LineString></Placemark>
<Placemark><name>3431267</name><styleUrl>#styleDaimonCIRCUITO341TRECHO</styleUrl><LineString><coordinates>-48.886526,-10.158495,0 -48.886829,-10.158363,0</coordinates></LineString></Placemark>
<Placemark><name>2678137</name><styleUrl>#styleDaimonCIRCUITO341TRECHO</styleUrl><LineString><coordinates>-48.887706,-10.157541,0 -48.887566,-10.157056,0</coordinates></LineString></Placemark>
<Placemark><name>2496382</name><styleUrl>#styleDaimonCIRCUITO341TRECHO</styleUrl><LineString><coordinates>-48.888242,-10.157909,0 -48.888549,-10.157820,0</coordinates></LineString></Placemark>
<Placemark><name>2504452</name><styleUrl>#styleDaimonCIRCUITO341TRECHO</styleUrl><LineString><coordinates>-48.887965,-10.158454,0 -48.888011,-10.158618,0</coordinates></LineString></Placemark>
<Placemark><name>2678138</name><styleUrl>#styleDaimonCIRCUITO341TRECHO</styleUrl><LineString><coordinates>-48.887566,-10.157056,0 -48.887491,-10.156796,0</coordinates></LineString></Placemark>
<Placemark><name>2504455</name><styleUrl>#styleDaimonCIRCUITO341TRECHO</styleUrl><LineString><coordinates>-48.888011,-10.158618,0 -48.888254,-10.158558,0</coordinates></LineString></Placemark>
<Placemark><name>2504453</name><styleUrl>#styleDaimonCIRCUITO341TRECHO</styleUrl><LineString><coordinates>-48.888011,-10.158618,0 -48.888076,-10.158839,0</coordinates></LineString></Placemark>
<Placemark><name>2504454</name><styleUrl>#styleDaimonCIRCUITO341TRECHO</styleUrl><LineString><coordinates>-48.888011,-10.158618,0 -48.887948,-10.158636,0</coordinates></LineString></Placemark>
<Placemark><name>3440799</name><styleUrl>#styleDaimonCIRCUITO341TRECHO</styleUrl><LineString><coordinates>-48.888254,-10.158558,0 -48.888543,-10.158487,0</coordinates></LineString></Placemark>
<Placemark><name>3440800</name><styleUrl>#styleDaimonCIRCUITO341TRECHO</styleUrl><LineString><coordinates>-48.888543,-10.158487,0 -48.888919,-10.158393,0</coordinates></LineString></Placemark>
<Placemark><name>3440801</name><styleUrl>#styleDaimonCIRCUITO341TRECHO</styleUrl><LineString><coordinates>-48.888919,-10.158393,0 -48.889221,-10.158319,0</coordinates></LineString></Placemark>
<Placemark><name>12083495</name><styleUrl>#styleDaimonCIRCUITO341TRECHO</styleUrl><LineString><coordinates>-48.885581,-10.158903,0 -48.885577,-10.158917,0</coordinates></LineString></Placemark>
<Placemark><name>3635218</name><styleUrl>#styleDaimonCIRCUITO341TRECHO</styleUrl><LineString><coordinates>-48.885577,-10.158917,0 -48.885717,-10.159185,0</coordinates></LineString></Placemark>
<Placemark><name>3635217</name><styleUrl>#styleDaimonCIRCUITO341TRECHO</styleUrl><LineString><coordinates>-48.885577,-10.158917,0 -48.885458,-10.158654,0</coordinates></LineString></Placemark>
<Placemark><name>3434416</name><styleUrl>#styleDaimonCIRCUITO341TRECHO</styleUrl><LineString><coordinates>-48.885834,-10.158796,0 -48.885581,-10.158903,0</coordinates></LineString></Placemark>
<Placemark><name>3635219</name><styleUrl>#styleDaimonCIRCUITO341TRECHO</styleUrl><LineString><coordinates>-48.885717,-10.159185,0 -48.885853,-10.159484,0</coordinates></LineString></Placemark>
<Placemark><name>3434415</name><styleUrl>#styleDaimonCIRCUITO341TRECHO</styleUrl><LineString><coordinates>-48.886148,-10.158658,0 -48.885834,-10.158796,0</coordinates></LineString></Placemark>
<Placemark><name>3434413</name><styleUrl>#styleDaimonCIRCUITO341TRECHO</styleUrl><LineString><coordinates>-48.883697,-10.154667,0 -48.883778,-10.154744,0</coordinates></LineString></Placemark>
<Placemark><name>39180437</name><styleUrl>#styleDaimonCIRCUITO341TRECHO</styleUrl><LineString><coordinates>-48.883231,-10.156145,0 -48.883168,-10.156335,0</coordinates></LineString></Placemark>
<Placemark><name>39180438</name><styleUrl>#styleDaimonCIRCUITO341TRECHO</styleUrl><LineString><coordinates>-48.883168,-10.156335,0 -48.883157,-10.156366,0</coordinates></LineString></Placemark>
<Placemark><name>39181120</name><styleUrl>#styleDaimonCIRCUITO341TRECHO</styleUrl><LineString><coordinates>-48.883236,-10.156123,0 -48.883231,-10.156145,0</coordinates></LineString></Placemark>
<Placemark><name>39180439</name><styleUrl>#styleDaimonCIRCUITO341TRECHO</styleUrl><LineString><coordinates>-48.883157,-10.156366,0 -48.883067,-10.156668,0</coordinates></LineString></Placemark>
<Placemark><name>12077115</name><styleUrl>#styleDaimonCIRCUITO341TRECHO</styleUrl><LineString><coordinates>-48.883236,-10.156123,0 -48.883204,-10.156115,0</coordinates></LineString></Placemark>
<Placemark><name>39180413</name><styleUrl>#styleDaimonCIRCUITO341TRECHO</styleUrl><LineString><coordinates>-48.883311,-10.155885,0 -48.883236,-10.156123,0</coordinates></LineString></Placemark>
<Placemark><name>39180422</name><styleUrl>#styleDaimonCIRCUITO341TRECHO</styleUrl><LineString><coordinates>-48.883067,-10.156668,0 -48.882984,-10.156945,0</coordinates></LineString></Placemark>
<Placemark><name>2481012</name><styleUrl>#styleDaimonCIRCUITO341TRECHO</styleUrl><LineString><coordinates>-48.883204,-10.156115,0 -48.883224,-10.155952,0</coordinates></LineString></Placemark>
<Placemark><name>2613397</name><styleUrl>#styleDaimonCIRCUITO341TRECHO</styleUrl><LineString><coordinates>-48.884586,-10.148196,0 -48.884063,-10.148184,0</coordinates></LineString></Placemark>
<Placemark><name>2613395</name><styleUrl>#styleDaimonCIRCUITO341TRECHO</styleUrl><LineString><coordinates>-48.884862,-10.148203,0 -48.884586,-10.148196,0</coordinates></LineString></Placemark>
<Placemark><name>3643766</name><styleUrl>#styleDaimonCIRCUITO341TRECHO</styleUrl><LineString><coordinates>-48.884063,-10.148184,0 -48.883540,-10.148171,0</coordinates></LineString></Placemark>
<Placemark><name>12071548</name><styleUrl>#styleDaimonCIRCUITO341TRECHO</styleUrl><LineString><coordinates>-48.884896,-10.148203,0 -48.884862,-10.148203,0</coordinates></LineString></Placemark>
<Placemark><name>2613398</name><styleUrl>#styleDaimonCIRCUITO341TRECHO</styleUrl><LineString><coordinates>-48.883540,-10.148171,0 -48.882611,-10.148150,0</coordinates></LineString></Placemark>
<Placemark><name>2621007</name><styleUrl>#styleDaimonCIRCUITO341TRECHO</styleUrl><LineString><coordinates>-48.885622,-10.148221,0 -48.884896,-10.148203,0</coordinates></LineString></Placemark>
<Placemark><name>2613399</name><styleUrl>#styleDaimonCIRCUITO341TRECHO</styleUrl><LineString><coordinates>-48.882611,-10.148150,0 -48.881415,-10.148122,0</coordinates></LineString></Placemark>
<Placemark><name>12071549</name><styleUrl>#styleDaimonCIRCUITO341TRECHO</styleUrl><LineString><coordinates>-48.885639,-10.148221,0 -48.885622,-10.148221,0</coordinates></LineString></Placemark>
<Placemark><name>12071551</name><styleUrl>#styleDaimonCIRCUITO341TRECHO</styleUrl><LineString><coordinates>-48.885639,-10.148221,0 -48.885642,-10.148204,0</coordinates></LineString></Placemark>
<Placemark><name>12071550</name><styleUrl>#styleDaimonCIRCUITO341TRECHO</styleUrl><LineString><coordinates>-48.885639,-10.148221,0 -48.885652,-10.148209,0</coordinates></LineString></Placemark>
<Placemark><name>3425580</name><styleUrl>#styleDaimonCIRCUITO341TRECHO</styleUrl><LineString><coordinates>-48.885499,-10.148685,0 -48.885639,-10.148221,0</coordinates></LineString></Placemark>
<Placemark><name>3425578</name><styleUrl>#styleDaimonCIRCUITO341TRECHO</styleUrl><LineString><coordinates>-48.885642,-10.148204,0 -48.885720,-10.147963,0</coordinates></LineString></Placemark>
<Placemark><name>3425579</name><styleUrl>#styleDaimonCIRCUITO341TRECHO</styleUrl><LineString><coordinates>-48.885652,-10.148209,0 -48.885736,-10.148114,0</coordinates></LineString></Placemark>
<Placemark><name>3432897</name><styleUrl>#styleDaimonCIRCUITO341TRECHO</styleUrl><LineString><coordinates>-48.885117,-10.149942,0 -48.885499,-10.148685,0</coordinates></LineString></Placemark>
<Placemark><name>3576924</name><styleUrl>#styleDaimonCIRCUITO341TRECHO</styleUrl><LineString><coordinates>-48.885088,-10.150038,0 -48.885117,-10.149942,0</coordinates></LineString></Placemark>
<Placemark><name>3576925</name><styleUrl>#styleDaimonCIRCUITO341TRECHO</styleUrl><LineString><coordinates>-48.885008,-10.150299,0 -48.885088,-10.150038,0</coordinates></LineString></Placemark>
<Placemark><name>3576927</name><styleUrl>#styleDaimonCIRCUITO341TRECHO</styleUrl><LineString><coordinates>-48.884892,-10.150688,0 -48.885008,-10.150299,0</coordinates></LineString></Placemark>
<Placemark><name>3576926</name><styleUrl>#styleDaimonCIRCUITO341TRECHO</styleUrl><LineString><coordinates>-48.884798,-10.150996,0 -48.884892,-10.150688,0</coordinates></LineString></Placemark>
<Placemark><name>3576929</name><styleUrl>#styleDaimonCIRCUITO341TRECHO</styleUrl><LineString><coordinates>-48.884703,-10.151311,0 -48.884798,-10.150996,0</coordinates></LineString></Placemark>
<Placemark><name>3576928</name><styleUrl>#styleDaimonCIRCUITO341TRECHO</styleUrl><LineString><coordinates>-48.884563,-10.151772,0 -48.884703,-10.151311,0</coordinates></LineString></Placemark>
<Placemark><name>2480998</name><styleUrl>#styleDaimonCIRCUITO341TRECHO</styleUrl><LineString><coordinates>-48.884408,-10.152285,0 -48.884563,-10.151772,0</coordinates></LineString></Placemark>
<Placemark><name>2480999</name><styleUrl>#styleDaimonCIRCUITO341TRECHO</styleUrl><LineString><coordinates>-48.884238,-10.152845,0 -48.884408,-10.152285,0</coordinates></LineString></Placemark>
<Placemark><name>2481000</name><styleUrl>#styleDaimonCIRCUITO341TRECHO</styleUrl><LineString><coordinates>-48.884169,-10.153073,0 -48.884238,-10.152845,0</coordinates></LineString></Placemark>
<Placemark><name>21882250</name><styleUrl>#styleDaimonCIRCUITO341TRECHO</styleUrl><LineString><coordinates>-48.884064,-10.153420,0 -48.884169,-10.153073,0</coordinates></LineString></Placemark>
<Placemark><name>3425582</name><styleUrl>#styleDaimonCIRCUITO341TRECHO</styleUrl><LineString><coordinates>-48.883960,-10.153766,0 -48.884064,-10.153420,0</coordinates></LineString></Placemark>
<Placemark><name>21882243</name><styleUrl>#styleDaimonCIRCUITO341TRECHO</styleUrl><LineString><coordinates>-48.883786,-10.154344,0 -48.883960,-10.153766,0</coordinates></LineString></Placemark>
<Placemark><name>38367282</name><styleUrl>#styleDaimonCIRCUITO341TRECHO</styleUrl><LineString><coordinates>-48.882699,-10.155175,0 -48.882403,-10.155295,0</coordinates></LineString></Placemark>
<Placemark><name>3425589</name><styleUrl>#styleDaimonCIRCUITO341TRECHO</styleUrl><LineString><coordinates>-48.888901,-10.157718,0 -48.889253,-10.157616,0</coordinates></LineString></Placemark>
<Placemark><name>3425590</name><styleUrl>#styleDaimonCIRCUITO341TRECHO</styleUrl><LineString><coordinates>-48.889253,-10.157616,0 -48.889492,-10.157547,0</coordinates></LineString></Placemark>
<Placemark><name>2504789</name><styleUrl>#styleDaimonCIRCUITO341TRECHO</styleUrl><LineString><coordinates>-48.888584,-10.157810,0 -48.888901,-10.157718,0</coordinates></LineString></Placemark>
<Placemark><name>3433265</name><styleUrl>#styleDaimonCIRCUITO341TRECHO</styleUrl><LineString><coordinates>-48.889492,-10.157547,0 -48.889776,-10.157463,0</coordinates></LineString></Placemark>
<Placemark><name>3433266</name><styleUrl>#styleDaimonCIRCUITO341TRECHO</styleUrl><LineString><coordinates>-48.889776,-10.157463,0 -48.890085,-10.157373,0</coordinates></LineString></Placemark>
<Placemark><name>3433267</name><styleUrl>#styleDaimonCIRCUITO341TRECHO</styleUrl><LineString><coordinates>-48.890085,-10.157373,0 -48.890351,-10.157297,0</coordinates></LineString></Placemark>
<Placemark><name>12071064</name><styleUrl>#styleDaimonCIRCUITO341TRECHO</styleUrl><LineString><coordinates>-48.890351,-10.157297,0 -48.890367,-10.157292,0</coordinates></LineString></Placemark>
<Placemark><name>3426356</name><styleUrl>#styleDaimonCIRCUITO341TRECHO</styleUrl><LineString><coordinates>-48.890367,-10.157292,0 -48.890269,-10.156926,0</coordinates></LineString></Placemark>
<Placemark><name>3433268</name><styleUrl>#styleDaimonCIRCUITO341TRECHO</styleUrl><LineString><coordinates>-48.890367,-10.157292,0 -48.890457,-10.157626,0</coordinates></LineString></Placemark>
<Placemark><name>3426357</name><styleUrl>#styleDaimonCIRCUITO341TRECHO</styleUrl><LineString><coordinates>-48.890269,-10.156926,0 -48.890162,-10.156526,0</coordinates></LineString></Placemark>
<Placemark><name>3432887</name><styleUrl>#styleDaimonCIRCUITO341TRECHO</styleUrl><LineString><coordinates>-48.890162,-10.156526,0 -48.890065,-10.156166,0</coordinates></LineString></Placemark>
<Placemark><name>3432888</name><styleUrl>#styleDaimonCIRCUITO341TRECHO</styleUrl><LineString><coordinates>-48.890065,-10.156166,0 -48.889983,-10.155859,0</coordinates></LineString></Placemark>
<Placemark><name>3432889</name><styleUrl>#styleDaimonCIRCUITO341TRECHO</styleUrl><LineString><coordinates>-48.889983,-10.155859,0 -48.889896,-10.155540,0</coordinates></LineString></Placemark>
<Placemark><name>3432890</name><styleUrl>#styleDaimonCIRCUITO341TRECHO</styleUrl><LineString><coordinates>-48.889896,-10.155540,0 -48.889806,-10.155199,0</coordinates></LineString></Placemark>
<Placemark><name>39180491</name><styleUrl>#styleDaimonCIRCUITO341TRECHO</styleUrl><LineString><coordinates>-48.882627,-10.158104,0 -48.882528,-10.158424,0</coordinates></LineString></Placemark>
<Placemark><name>39180492</name><styleUrl>#styleDaimonCIRCUITO341TRECHO</styleUrl><LineString><coordinates>-48.882528,-10.158424,0 -48.882436,-10.158723,0</coordinates></LineString></Placemark>
<Placemark><name>39180490</name><styleUrl>#styleDaimonCIRCUITO341TRECHO</styleUrl><LineString><coordinates>-48.882698,-10.157873,0 -48.882627,-10.158104,0</coordinates></LineString></Placemark>
<Placemark><name>39180493</name><styleUrl>#styleDaimonCIRCUITO341TRECHO</styleUrl><LineString><coordinates>-48.882436,-10.158723,0 -48.882373,-10.158927,0</coordinates></LineString></Placemark>
<Placemark><name>39180489</name><styleUrl>#styleDaimonCIRCUITO341TRECHO</styleUrl><LineString><coordinates>-48.882749,-10.157706,0 -48.882698,-10.157873,0</coordinates></LineString></Placemark>
<Placemark><name>39180470</name><styleUrl>#styleDaimonCIRCUITO341TRECHO</styleUrl><LineString><coordinates>-48.882373,-10.158927,0 -48.882300,-10.159165,0</coordinates></LineString></Placemark>
<Placemark><name>39180488</name><styleUrl>#styleDaimonCIRCUITO341TRECHO</styleUrl><LineString><coordinates>-48.882819,-10.157481,0 -48.882749,-10.157706,0</coordinates></LineString></Placemark>
<Placemark><name>12071553</name><styleUrl>#styleDaimonCIRCUITO341TRECHO</styleUrl><LineString><coordinates>-48.882300,-10.159165,0 -48.882289,-10.159198,0</coordinates></LineString></Placemark>
<Placemark><name>39180487</name><styleUrl>#styleDaimonCIRCUITO341TRECHO</styleUrl><LineString><coordinates>-48.882906,-10.157199,0 -48.882819,-10.157481,0</coordinates></LineString></Placemark>
<Placemark><name>39180578</name><styleUrl>#styleDaimonCIRCUITO341TRECHO</styleUrl><LineString><coordinates>-48.882289,-10.159198,0 -48.882197,-10.159617,0</coordinates></LineString></Placemark>
<Placemark><name>39180486</name><styleUrl>#styleDaimonCIRCUITO341TRECHO</styleUrl><LineString><coordinates>-48.882976,-10.156971,0 -48.882906,-10.157199,0</coordinates></LineString></Placemark>
<Placemark><name>12073867</name><styleUrl>#styleDaimonCIRCUITO341TRECHO</styleUrl><LineString><coordinates>-48.882197,-10.159617,0 -48.882236,-10.159627,0</coordinates></LineString></Placemark>
<Placemark><name>39180568</name><styleUrl>#styleDaimonCIRCUITO341TRECHO</styleUrl><LineString><coordinates>-48.882197,-10.159617,0 -48.882156,-10.159793,0</coordinates></LineString></Placemark>
<Placemark><name>2532923</name><styleUrl>#styleDaimonCIRCUITO341TRECHO</styleUrl><LineString><coordinates>-48.882236,-10.159627,0 -48.882549,-10.159680,0</coordinates></LineString></Placemark>
<Placemark><name>39180590</name><styleUrl>#styleDaimonCIRCUITO341TRECHO</styleUrl><LineString><coordinates>-48.882156,-10.159793,0 -48.882057,-10.160246,0</coordinates></LineString></Placemark>
<Placemark><name>39181128</name><styleUrl>#styleDaimonCIRCUITO341TRECHO</styleUrl><LineString><coordinates>-48.882057,-10.160246,0 -48.882050,-10.160275,0</coordinates></LineString></Placemark>
<Placemark><name>39180939</name><styleUrl>#styleDaimonCIRCUITO341TRECHO</styleUrl><LineString><coordinates>-48.882050,-10.160275,0 -48.881955,-10.160711,0</coordinates></LineString></Placemark>
<Placemark><name>39181136</name><styleUrl>#styleDaimonCIRCUITO341TRECHO</styleUrl><LineString><coordinates>-48.881955,-10.160711,0 -48.881949,-10.160743,0</coordinates></LineString></Placemark>
<Placemark><name>39180948</name><styleUrl>#styleDaimonCIRCUITO341TRECHO</styleUrl><LineString><coordinates>-48.881949,-10.160743,0 -48.881778,-10.161524,0</coordinates></LineString></Placemark>
<Placemark><name>39181144</name><styleUrl>#styleDaimonCIRCUITO341TRECHO</styleUrl><LineString><coordinates>-48.881778,-10.161524,0 -48.881771,-10.161555,0</coordinates></LineString></Placemark>
<Placemark><name>39180969</name><styleUrl>#styleDaimonCIRCUITO341TRECHO</styleUrl><LineString><coordinates>-48.881771,-10.161555,0 -48.881657,-10.162070,0</coordinates></LineString></Placemark>
<Placemark><name>39180970</name><styleUrl>#styleDaimonCIRCUITO341TRECHO</styleUrl><LineString><coordinates>-48.881657,-10.162070,0 -48.881507,-10.162592,0</coordinates></LineString></Placemark>
<Placemark><name>39180971</name><styleUrl>#styleDaimonCIRCUITO341TRECHO</styleUrl><LineString><coordinates>-48.881507,-10.162592,0 -48.881458,-10.163131,0</coordinates></LineString></Placemark>
<Placemark><name>39180957</name><styleUrl>#styleDaimonCIRCUITO341TRECHO</styleUrl><LineString><coordinates>-48.881458,-10.163131,0 -48.881410,-10.163657,0</coordinates></LineString></Placemark>
<Placemark><name>39181152</name><styleUrl>#styleDaimonCIRCUITO341TRECHO</styleUrl><LineString><coordinates>-48.881410,-10.163657,0 -48.881408,-10.163686,0</coordinates></LineString></Placemark>
<Placemark><name>39180667</name><styleUrl>#styleDaimonCIRCUITO341TRECHO</styleUrl><LineString><coordinates>-48.881408,-10.163686,0 -48.881386,-10.163920,0</coordinates></LineString></Placemark>
<Placemark><name>2481011</name><styleUrl>#styleDaimonCIRCUITO341TRECHO</styleUrl><LineString><coordinates>-48.883069,-10.156681,0 -48.883078,-10.156787,0</coordinates></LineString></Placemark>
<Placemark><name>2613396</name><styleUrl>#styleDaimonCIRCUITO341TRECHO</styleUrl><LineString><coordinates>-48.884587,-10.148193,0 -48.884588,-10.148161,0</coordinates></LineString></Placemark>
<Placemark><name>24498243</name><styleUrl>#styleDaimonCIRCUITO341TRECHO</styleUrl><LineString><coordinates>-48.880471,-10.148100,0 -48.880184,-10.148097,0</coordinates></LineString></Placemark>
<Placemark><name>2485676</name><styleUrl>#styleDaimonCIRCUITO341TRECHO</styleUrl><LineString><coordinates>-48.880471,-10.148100,0 -48.880469,-10.148136,0</coordinates></LineString></Placemark>
<Placemark><name>2621006</name><styleUrl>#styleDaimonCIRCUITO341TRECHO</styleUrl><LineString><coordinates>-48.881321,-10.148121,0 -48.880471,-10.148100,0</coordinates></LineString></Placemark>
<Placemark><name>2480997</name><styleUrl>#styleDaimonCIRCUITO341TRECHO</styleUrl><LineString><coordinates>-48.884573,-10.151777,0 -48.884656,-10.151826,0</coordinates></LineString></Placemark>
<Placemark><name>12079150</name><styleUrl>#styleDaimonCIRCUITO341TRECHO</styleUrl><LineString><coordinates>-48.886388,-10.145830,0 -48.886397,-10.145797,0</coordinates></LineString></Placemark>
<Placemark><name>3637503</name><styleUrl>#styleDaimonCIRCUITO341TRECHO</styleUrl><LineString><coordinates>-48.886397,-10.145797,0 -48.886436,-10.145681,0</coordinates></LineString></Placemark>
<Placemark><name>2694779</name><styleUrl>#styleDaimonCIRCUITO341TRECHO</styleUrl><LineString><coordinates>-48.886330,-10.146020,0 -48.886388,-10.145830,0</coordinates></LineString></Placemark>
<Placemark><name>3637495</name><styleUrl>#styleDaimonCIRCUITO341TRECHO</styleUrl><LineString><coordinates>-48.886436,-10.145681,0 -48.886533,-10.145369,0</coordinates></LineString></Placemark>
<Placemark><name>2480931</name><styleUrl>#styleDaimonCIRCUITO341TRECHO</styleUrl><LineString><coordinates>-48.886229,-10.146337,0 -48.886330,-10.146020,0</coordinates></LineString></Placemark>
<Placemark><name>3637498</name><styleUrl>#styleDaimonCIRCUITO341TRECHO</styleUrl><LineString><coordinates>-48.886533,-10.145369,0 -48.886648,-10.145023,0</coordinates></LineString></Placemark>
<Placemark><name>2480932</name><styleUrl>#styleDaimonCIRCUITO341TRECHO</styleUrl><LineString><coordinates>-48.886140,-10.146626,0 -48.886229,-10.146337,0</coordinates></LineString></Placemark>
<Placemark><name>3637494</name><styleUrl>#styleDaimonCIRCUITO341TRECHO</styleUrl><LineString><coordinates>-48.886648,-10.145023,0 -48.886781,-10.144640,0</coordinates></LineString></Placemark>
<Placemark><name>2480996</name><styleUrl>#styleDaimonCIRCUITO341TRECHO</styleUrl><LineString><coordinates>-48.886076,-10.146827,0 -48.886140,-10.146626,0</coordinates></LineString></Placemark>
<Placemark><name>3637502</name><styleUrl>#styleDaimonCIRCUITO341TRECHO</styleUrl><LineString><coordinates>-48.886781,-10.144640,0 -48.886807,-10.144571,0</coordinates></LineString></Placemark>
<Placemark><name>2497797</name><styleUrl>#styleDaimonCIRCUITO341TRECHO</styleUrl><LineString><coordinates>-48.886033,-10.146967,0 -48.886076,-10.146827,0</coordinates></LineString></Placemark>
<Placemark><name>3587184</name><styleUrl>#styleDaimonCIRCUITO341TRECHO</styleUrl><LineString><coordinates>-48.886807,-10.144571,0 -48.886856,-10.144581,0</coordinates></LineString></Placemark>
<Placemark><name>3587185</name><styleUrl>#styleDaimonCIRCUITO341TRECHO</styleUrl><LineString><coordinates>-48.886807,-10.144571,0 -48.886745,-10.144524,0</coordinates></LineString></Placemark>
<Placemark><name>3586860</name><styleUrl>#styleDaimonCIRCUITO341TRECHO</styleUrl><LineString><coordinates>-48.886807,-10.144571,0 -48.886892,-10.144317,0</coordinates></LineString></Placemark>
<Placemark><name>3426600</name><styleUrl>#styleDaimonCIRCUITO341TRECHO</styleUrl><LineString><coordinates>-48.885932,-10.147286,0 -48.886033,-10.146967,0</coordinates></LineString></Placemark>
<Placemark><name>12079148</name><styleUrl>#styleDaimonCIRCUITO341TRECHO</styleUrl><LineString><coordinates>-48.886856,-10.144581,0 -48.886869,-10.144612,0</coordinates></LineString></Placemark>
<Placemark><name>12084711</name><styleUrl>#styleDaimonCIRCUITO341TRECHO</styleUrl><LineString><coordinates>-48.886892,-10.144317,0 -48.886904,-10.144284,0</coordinates></LineString></Placemark>
<Placemark><name>3426601</name><styleUrl>#styleDaimonCIRCUITO341TRECHO</styleUrl><LineString><coordinates>-48.885834,-10.147598,0 -48.885932,-10.147286,0</coordinates></LineString></Placemark>
<Placemark><name>3637500</name><styleUrl>#styleDaimonCIRCUITO341TRECHO</styleUrl><LineString><coordinates>-48.886869,-10.144612,0 -48.886883,-10.145020,0</coordinates></LineString></Placemark>
<Placemark><name>3603922</name><styleUrl>#styleDaimonCIRCUITO341TRECHO</styleUrl><LineString><coordinates>-48.886904,-10.144284,0 -48.887095,-10.143651,0</coordinates></LineString></Placemark>
<Placemark><name>3425577</name><styleUrl>#styleDaimonCIRCUITO341TRECHO</styleUrl><LineString><coordinates>-48.885733,-10.147927,0 -48.885834,-10.147598,0</coordinates></LineString></Placemark>
<Placemark><name>3637496</name><styleUrl>#styleDaimonCIRCUITO341TRECHO</styleUrl><LineString><coordinates>-48.886883,-10.145020,0 -48.886934,-10.145359,0</coordinates></LineString></Placemark>
<Placemark><name>3603919</name><styleUrl>#styleDaimonCIRCUITO341TRECHO</styleUrl><LineString><coordinates>-48.887095,-10.143651,0 -48.887301,-10.142972,0</coordinates></LineString></Placemark>
<Placemark><name>3637499</name><styleUrl>#styleDaimonCIRCUITO341TRECHO</styleUrl><LineString><coordinates>-48.886934,-10.145359,0 -48.886978,-10.145706,0</coordinates></LineString></Placemark>
<Placemark><name>12084713</name><styleUrl>#styleDaimonCIRCUITO341TRECHO</styleUrl><LineString><coordinates>-48.887301,-10.142972,0 -48.887283,-10.142951,0</coordinates></LineString></Placemark>
<Placemark><name>3637501</name><styleUrl>#styleDaimonCIRCUITO341TRECHO</styleUrl><LineString><coordinates>-48.886978,-10.145706,0 -48.887023,-10.145970,0</coordinates></LineString></Placemark>
<Placemark><name>3603925</name><styleUrl>#styleDaimonCIRCUITO341TRECHO</styleUrl><LineString><coordinates>-48.887283,-10.142951,0 -48.886622,-10.142753,0</coordinates></LineString></Placemark>
<Placemark><name>12079149</name><styleUrl>#styleDaimonCIRCUITO341TRECHO</styleUrl><LineString><coordinates>-48.887023,-10.145970,0 -48.887045,-10.145998,0</coordinates></LineString></Placemark>
<Placemark><name>12084712</name><styleUrl>#styleDaimonCIRCUITO341TRECHO</styleUrl><LineString><coordinates>-48.886622,-10.142753,0 -48.886613,-10.142728,0</coordinates></LineString></Placemark>
<Placemark><name>3587183</name><styleUrl>#styleDaimonCIRCUITO341TRECHO</styleUrl><LineString><coordinates>-48.887045,-10.145998,0 -48.887340,-10.146315,0</coordinates></LineString></Placemark>
<Placemark><name>3603924</name><styleUrl>#styleDaimonCIRCUITO341TRECHO</styleUrl><LineString><coordinates>-48.886613,-10.142728,0 -48.886845,-10.141970,0</coordinates></LineString></Placemark>
<Placemark><name>3603921</name><styleUrl>#styleDaimonCIRCUITO341TRECHO</styleUrl><LineString><coordinates>-48.886845,-10.141970,0 -48.887084,-10.141193,0</coordinates></LineString></Placemark>
<Placemark><name>3603920</name><styleUrl>#styleDaimonCIRCUITO341TRECHO</styleUrl><LineString><coordinates>-48.887084,-10.141193,0 -48.887318,-10.140430,0</coordinates></LineString></Placemark>
<Placemark><name>74099453</name><styleUrl>#styleDaimonCIRCUITO341TRECHO</styleUrl><LineString><coordinates>-48.882102,-10.155214,0 -48.881784,-10.155120,0</coordinates></LineString></Placemark>
<Placemark><name>74099454</name><styleUrl>#styleDaimonCIRCUITO341TRECHO</styleUrl><LineString><coordinates>-48.881784,-10.155120,0 -48.881528,-10.155054,0</coordinates></LineString></Placemark>
<Placemark><name>74099452</name><styleUrl>#styleDaimonCIRCUITO341TRECHO</styleUrl><LineString><coordinates>-48.882350,-10.155279,0 -48.882102,-10.155214,0</coordinates></LineString></Placemark>
<Placemark><name>74099455</name><styleUrl>#styleDaimonCIRCUITO341TRECHO</styleUrl><LineString><coordinates>-48.881528,-10.155054,0 -48.881197,-10.154957,0</coordinates></LineString></Placemark>
<Placemark><name>20226153</name><styleUrl>#styleDaimonCIRCUITO341TRECHO</styleUrl><LineString><coordinates>-48.882350,-10.155279,0 -48.882329,-10.155341,0</coordinates></LineString></Placemark>
<Placemark><name>74100726</name><styleUrl>#styleDaimonCIRCUITO341TRECHO</styleUrl><LineString><coordinates>-48.882350,-10.155279,0 -48.882432,-10.155017,0</coordinates></LineString></Placemark>
<Placemark><name>20226162</name><styleUrl>#styleDaimonCIRCUITO341TRECHO</styleUrl><LineString><coordinates>-48.882398,-10.155294,0 -48.882350,-10.155279,0</coordinates></LineString></Placemark>
<Placemark><name>74099456</name><styleUrl>#styleDaimonCIRCUITO341TRECHO</styleUrl><LineString><coordinates>-48.881197,-10.154957,0 -48.880864,-10.154843,0</coordinates></LineString></Placemark>
<Placemark><name>74099457</name><styleUrl>#styleDaimonCIRCUITO341TRECHO</styleUrl><LineString><coordinates>-48.880864,-10.154843,0 -48.880519,-10.154733,0</coordinates></LineString></Placemark>
<Placemark><name>74099458</name><styleUrl>#styleDaimonCIRCUITO341TRECHO</styleUrl><LineString><coordinates>-48.880519,-10.154733,0 -48.880263,-10.154660,0</coordinates></LineString></Placemark>
<Placemark><name>74099459</name><styleUrl>#styleDaimonCIRCUITO341TRECHO</styleUrl><LineString><coordinates>-48.880263,-10.154660,0 -48.880017,-10.154594,0</coordinates></LineString></Placemark>
<Placemark><name>74099460</name><styleUrl>#styleDaimonCIRCUITO341TRECHO</styleUrl><LineString><coordinates>-48.880017,-10.154594,0 -48.879799,-10.154529,0</coordinates></LineString></Placemark>
<Placemark><name>2505983</name><styleUrl>#styleDaimonCIRCUITO341TRECHO</styleUrl><LineString><coordinates>-48.891205,-10.157654,0 -48.891398,-10.157597,0</coordinates></LineString></Placemark>
<Placemark><name>2482111</name><styleUrl>#styleDaimonCIRCUITO341TRECHO</styleUrl><LineString><coordinates>-48.891398,-10.157597,0 -48.891705,-10.157507,0</coordinates></LineString></Placemark>
<Placemark><name>2505982</name><styleUrl>#styleDaimonCIRCUITO341TRECHO</styleUrl><LineString><coordinates>-48.891020,-10.157707,0 -48.891205,-10.157654,0</coordinates></LineString></Placemark>
<Placemark><name>2505981</name><styleUrl>#styleDaimonCIRCUITO341TRECHO</styleUrl><LineString><coordinates>-48.891205,-10.157654,0 -48.891131,-10.157371,0</coordinates></LineString></Placemark>
<Placemark><name>2505980</name><styleUrl>#styleDaimonCIRCUITO341TRECHO</styleUrl><LineString><coordinates>-48.891205,-10.157654,0 -48.891231,-10.157751,0</coordinates></LineString></Placemark>
<Placemark><name>12079503</name><styleUrl>#styleDaimonCIRCUITO341TRECHO</styleUrl><LineString><coordinates>-48.891705,-10.157507,0 -48.891737,-10.157498,0</coordinates></LineString></Placemark>
<Placemark><name>3440721</name><styleUrl>#styleDaimonCIRCUITO341TRECHO</styleUrl><LineString><coordinates>-48.890704,-10.157800,0 -48.891020,-10.157707,0</coordinates></LineString></Placemark>
<Placemark><name>3424734</name><styleUrl>#styleDaimonCIRCUITO341TRECHO</styleUrl><LineString><coordinates>-48.891131,-10.157371,0 -48.891010,-10.156918,0</coordinates></LineString></Placemark>
<Placemark><name>3004295</name><styleUrl>#styleDaimonCIRCUITO341TRECHO</styleUrl><LineString><coordinates>-48.891737,-10.157498,0 -48.891813,-10.157476,0</coordinates></LineString></Placemark>
<Placemark><name>2504852</name><styleUrl>#styleDaimonCIRCUITO341TRECHO</styleUrl><LineString><coordinates>-48.890561,-10.157841,0 -48.890704,-10.157800,0</coordinates></LineString></Placemark>
<Placemark><name>2695232</name><styleUrl>#styleDaimonCIRCUITO341TRECHO</styleUrl><LineString><coordinates>-48.891010,-10.156918,0 -48.890925,-10.156592,0</coordinates></LineString></Placemark>
<Placemark><name>3004293</name><styleUrl>#styleDaimonCIRCUITO341TRECHO</styleUrl><LineString><coordinates>-48.891813,-10.157476,0 -48.891892,-10.157713,0</coordinates></LineString></Placemark>
<Placemark><name>3004287</name><styleUrl>#styleDaimonCIRCUITO341TRECHO</styleUrl><LineString><coordinates>-48.891813,-10.157476,0 -48.891794,-10.157350,0</coordinates></LineString></Placemark>
<Placemark><name>3004289</name><styleUrl>#styleDaimonCIRCUITO341TRECHO</styleUrl><LineString><coordinates>-48.891813,-10.157476,0 -48.892092,-10.157395,0</coordinates></LineString></Placemark>
<Placemark><name>28392450</name><styleUrl>#styleDaimonCIRCUITO341TRECHO</styleUrl><LineString><coordinates>-48.890516,-10.157853,0 -48.890561,-10.157841,0</coordinates></LineString></Placemark>
<Placemark><name>3435177</name><styleUrl>#styleDaimonCIRCUITO341TRECHO</styleUrl><LineString><coordinates>-48.890925,-10.156592,0 -48.890830,-10.156230,0</coordinates></LineString></Placemark>
<Placemark><name>3004290</name><styleUrl>#styleDaimonCIRCUITO341TRECHO</styleUrl><LineString><coordinates>-48.891892,-10.157713,0 -48.891997,-10.158094,0</coordinates></LineString></Placemark>
<Placemark><name>2504850</name><styleUrl>#styleDaimonCIRCUITO341TRECHO</styleUrl><LineString><coordinates>-48.890516,-10.157853,0 -48.890555,-10.157991,0</coordinates></LineString></Placemark>
<Placemark><name>2504851</name><styleUrl>#styleDaimonCIRCUITO341TRECHO</styleUrl><LineString><coordinates>-48.890516,-10.157853,0 -48.890386,-10.157893,0</coordinates></LineString></Placemark>
<Placemark><name>2504849</name><styleUrl>#styleDaimonCIRCUITO341TRECHO</styleUrl><LineString><coordinates>-48.890463,-10.157650,0 -48.890516,-10.157853,0</coordinates></LineString></Placemark>
<Placemark><name>3425746</name><styleUrl>#styleDaimonCIRCUITO341TRECHO</styleUrl><LineString><coordinates>-48.890830,-10.156230,0 -48.890728,-10.155833,0</coordinates></LineString></Placemark>
<Placemark><name>3004294</name><styleUrl>#styleDaimonCIRCUITO341TRECHO</styleUrl><LineString><coordinates>-48.891997,-10.158094,0 -48.892109,-10.158508,0</coordinates></LineString></Placemark>
<Placemark><name>3425596</name><styleUrl>#styleDaimonCIRCUITO341TRECHO</styleUrl><LineString><coordinates>-48.890728,-10.155833,0 -48.890613,-10.155402,0</coordinates></LineString></Placemark>
<Placemark><name>3004296</name><styleUrl>#styleDaimonCIRCUITO341TRECHO</styleUrl><LineString><coordinates>-48.892109,-10.158508,0 -48.892190,-10.158811,0</coordinates></LineString></Placemark>
<Placemark><name>3589043</name><styleUrl>#styleDaimonCIRCUITO341TRECHO</styleUrl><LineString><coordinates>-48.890613,-10.155402,0 -48.890509,-10.155007,0</coordinates></LineString></Placemark>
<Placemark><name>3004288</name><styleUrl>#styleDaimonCIRCUITO341TRECHO</styleUrl><LineString><coordinates>-48.892190,-10.158811,0 -48.892276,-10.159131,0</coordinates></LineString></Placemark>
<Placemark><name>3589044</name><styleUrl>#styleDaimonCIRCUITO341TRECHO</styleUrl><LineString><coordinates>-48.890509,-10.155007,0 -48.890430,-10.154702,0</coordinates></LineString></Placemark>
<Placemark><name>3004292</name><styleUrl>#styleDaimonCIRCUITO341TRECHO</styleUrl><LineString><coordinates>-48.892276,-10.159131,0 -48.892364,-10.159465,0</coordinates></LineString></Placemark>
<Placemark><name>3626654</name><styleUrl>#styleDaimonCIRCUITO341TRECHO</styleUrl><LineString><coordinates>-48.890430,-10.154702,0 -48.890340,-10.154374,0</coordinates></LineString></Placemark>
<Placemark><name>3004291</name><styleUrl>#styleDaimonCIRCUITO341TRECHO</styleUrl><LineString><coordinates>-48.892364,-10.159465,0 -48.892407,-10.159633,0</coordinates></LineString></Placemark>
<Placemark><name>47465885</name><styleUrl>#styleDaimonCIRCUITO341TRECHO</styleUrl><LineString><coordinates>-48.892407,-10.159633,0 -48.892501,-10.159992,0</coordinates></LineString></Placemark>
<Placemark><name>47465910</name><styleUrl>#styleDaimonCIRCUITO341TRECHO</styleUrl><LineString><coordinates>-48.892501,-10.159992,0 -48.892588,-10.160325,0</coordinates></LineString></Placemark>
<Placemark><name>47465938</name><styleUrl>#styleDaimonCIRCUITO341TRECHO</styleUrl><LineString><coordinates>-48.892588,-10.160325,0 -48.892655,-10.160579,0</coordinates></LineString></Placemark>
<Placemark><name>47465965</name><styleUrl>#styleDaimonCIRCUITO341TRECHO</styleUrl><LineString><coordinates>-48.892655,-10.160579,0 -48.892728,-10.160859,0</coordinates></LineString></Placemark>
<Placemark><name>47466009</name><styleUrl>#styleDaimonCIRCUITO341TRECHO</styleUrl><LineString><coordinates>-48.892728,-10.160859,0 -48.892819,-10.161205,0</coordinates></LineString></Placemark>
<Placemark><name>47466020</name><styleUrl>#styleDaimonCIRCUITO341TRECHO</styleUrl><LineString><coordinates>-48.892819,-10.161205,0 -48.892908,-10.161545,0</coordinates></LineString></Placemark>
<Placemark><name>2480927</name><styleUrl>#styleDaimonCIRCUITO341TRECHO</styleUrl><LineString><coordinates>-48.889576,-10.154341,0 -48.889490,-10.154021,0</coordinates></LineString></Placemark>
<Placemark><name>2480926</name><styleUrl>#styleDaimonCIRCUITO341TRECHO</styleUrl><LineString><coordinates>-48.889656,-10.154642,0 -48.889576,-10.154341,0</coordinates></LineString></Placemark>
<Placemark><name>3431525</name><styleUrl>#styleDaimonCIRCUITO341TRECHO</styleUrl><LineString><coordinates>-48.889739,-10.154950,0 -48.889656,-10.154642,0</coordinates></LineString></Placemark>
<Placemark><name>3431524</name><styleUrl>#styleDaimonCIRCUITO341TRECHO</styleUrl><LineString><coordinates>-48.889814,-10.155230,0 -48.889739,-10.154950,0</coordinates></LineString></Placemark>
<Placemark><name>12071063</name><styleUrl>#styleDaimonCIRCUITO341TRECHO</styleUrl><LineString><coordinates>-48.889814,-10.155230,0 -48.889798,-10.155224,0</coordinates></LineString></Placemark>
<Placemark><name>2480929</name><styleUrl>#styleDaimonCIRCUITO341TRECHO</styleUrl><LineString><coordinates>-48.889798,-10.155224,0 -48.889473,-10.155318,0</coordinates></LineString></Placemark>
<Placemark><name>2480930</name><styleUrl>#styleDaimonCIRCUITO341TRECHO</styleUrl><LineString><coordinates>-48.889473,-10.155318,0 -48.889099,-10.155416,0</coordinates></LineString></Placemark>
<Placemark><name>2714101</name><styleUrl>#styleDaimonCIRCUITO341TRECHO</styleUrl><LineString><coordinates>-48.889099,-10.155416,0 -48.889053,-10.155427,0</coordinates></LineString></Placemark>
<Placemark><name>2714319</name><styleUrl>#styleDaimonCIRCUITO341TRECHO</styleUrl><LineString><coordinates>-48.889053,-10.155427,0 -48.889160,-10.155812,0</coordinates></LineString></Placemark>
<Placemark><name>2714317</name><styleUrl>#styleDaimonCIRCUITO341TRECHO</styleUrl><LineString><coordinates>-48.889053,-10.155427,0 -48.888722,-10.155514,0</coordinates></LineString></Placemark>
<Placemark><name>2714318</name><styleUrl>#styleDaimonCIRCUITO341TRECHO</styleUrl><LineString><coordinates>-48.889053,-10.155427,0 -48.889038,-10.155370,0</coordinates></LineString></Placemark>
<Placemark><name>2497789</name><styleUrl>#styleDaimonCIRCUITO341TRECHO</styleUrl><LineString><coordinates>-48.888722,-10.155514,0 -48.888209,-10.155648,0</coordinates></LineString></Placemark>
<Placemark><name>3425594</name><styleUrl>#styleDaimonCIRCUITO341TRECHO</styleUrl><LineString><coordinates>-48.889038,-10.155370,0 -48.888962,-10.155091,0</coordinates></LineString></Placemark>
<Placemark><name>2497790</name><styleUrl>#styleDaimonCIRCUITO341TRECHO</styleUrl><LineString><coordinates>-48.888209,-10.155648,0 -48.887799,-10.155755,0</coordinates></LineString></Placemark>
<Placemark><name>2979341</name><styleUrl>#styleDaimonCIRCUITO341TRECHO</styleUrl><LineString><coordinates>-48.888962,-10.155091,0 -48.888855,-10.154709,0</coordinates></LineString></Placemark>
<Placemark><name>2496936</name><styleUrl>#styleDaimonCIRCUITO341TRECHO</styleUrl><LineString><coordinates>-48.887799,-10.155755,0 -48.887379,-10.155864,0</coordinates></LineString></Placemark>
<Placemark><name>35219493</name><styleUrl>#styleDaimonCIRCUITO341TRECHO</styleUrl><LineString><coordinates>-48.888855,-10.154709,0 -48.888843,-10.154664,0</coordinates></LineString></Placemark>
<Placemark><name>3425595</name><styleUrl>#styleDaimonCIRCUITO341TRECHO</styleUrl><LineString><coordinates>-48.888843,-10.154664,0 -48.888747,-10.154317,0</coordinates></LineString></Placemark>
<Placemark><name>3434419</name><styleUrl>#styleDaimonCIRCUITO341TRECHO</styleUrl><LineString><coordinates>-48.888747,-10.154317,0 -48.888697,-10.154136,0</coordinates></LineString></Placemark>
<Placemark><name>3434420</name><styleUrl>#styleDaimonCIRCUITO341TRECHO</styleUrl><LineString><coordinates>-48.888697,-10.154136,0 -48.888654,-10.153981,0</coordinates></LineString></Placemark>
<Placemark><name>3434421</name><styleUrl>#styleDaimonCIRCUITO341TRECHO</styleUrl><LineString><coordinates>-48.888654,-10.153981,0 -48.888534,-10.153543,0</coordinates></LineString></Placemark>
<Placemark><name>3434422</name><styleUrl>#styleDaimonCIRCUITO341TRECHO</styleUrl><LineString><coordinates>-48.888534,-10.153543,0 -48.888404,-10.153074,0</coordinates></LineString></Placemark>
<Placemark><name>3431725</name><styleUrl>#styleDaimonCIRCUITO341TRECHO</styleUrl><LineString><coordinates>-48.888404,-10.153074,0 -48.888311,-10.152740,0</coordinates></LineString></Placemark>
<Placemark><name>12071065</name><styleUrl>#styleDaimonCIRCUITO341TRECHO</styleUrl><LineString><coordinates>-48.888311,-10.152740,0 -48.888297,-10.152731,0</coordinates></LineString></Placemark>
<Placemark><name>3431726</name><styleUrl>#styleDaimonCIRCUITO341TRECHO</styleUrl><LineString><coordinates>-48.888311,-10.152740,0 -48.888213,-10.152442,0</coordinates></LineString></Placemark>
<Placemark><name>45331827</name><styleUrl>#styleDaimonCIRCUITO341TRECHO</styleUrl><LineString><coordinates>-48.888297,-10.152731,0 -48.888082,-10.152806,0</coordinates></LineString></Placemark>
<Placemark><name>2679055</name><styleUrl>#styleDaimonCIRCUITO341TRECHO</styleUrl><LineString><coordinates>-48.888213,-10.152442,0 -48.888117,-10.152199,0</coordinates></LineString></Placemark>
<Placemark><name>45331828</name><styleUrl>#styleDaimonCIRCUITO341TRECHO</styleUrl><LineString><coordinates>-48.888082,-10.152806,0 -48.887867,-10.152879,0</coordinates></LineString></Placemark>
<Placemark><name>12078219</name><styleUrl>#styleDaimonCIRCUITO341TRECHO</styleUrl><LineString><coordinates>-48.888117,-10.152199,0 -48.888105,-10.152166,0</coordinates></LineString></Placemark>
<Placemark><name>2481004</name><styleUrl>#styleDaimonCIRCUITO341TRECHO</styleUrl><LineString><coordinates>-48.887867,-10.152879,0 -48.887649,-10.152948,0</coordinates></LineString></Placemark>
<Placemark><name>3574075</name><styleUrl>#styleDaimonCIRCUITO341TRECHO</styleUrl><LineString><coordinates>-48.888105,-10.152166,0 -48.888075,-10.152074,0</coordinates></LineString></Placemark>
<Placemark><name>45331829</name><styleUrl>#styleDaimonCIRCUITO341TRECHO</styleUrl><LineString><coordinates>-48.887649,-10.152948,0 -48.887451,-10.153011,0</coordinates></LineString></Placemark>
<Placemark><name>3431175</name><styleUrl>#styleDaimonCIRCUITO341TRECHO</styleUrl><LineString><coordinates>-48.887451,-10.153011,0 -48.887216,-10.153085,0</coordinates></LineString></Placemark>
<Placemark><name>45331830</name><styleUrl>#styleDaimonCIRCUITO341TRECHO</styleUrl><LineString><coordinates>-48.887216,-10.153085,0 -48.886982,-10.153159,0</coordinates></LineString></Placemark>
<Placemark><name>39180736</name><styleUrl>#styleDaimonCIRCUITO341TRECHO</styleUrl><LineString><coordinates>-48.881306,-10.165948,0 -48.881303,-10.166027,0</coordinates></LineString></Placemark>
<Placemark><name>2505163</name><styleUrl>#styleDaimonCIRCUITO341TRECHO</styleUrl><LineString><coordinates>-48.881306,-10.165948,0 -48.881369,-10.165952,0</coordinates></LineString></Placemark>
<Placemark><name>39180746</name><styleUrl>#styleDaimonCIRCUITO341TRECHO</styleUrl><LineString><coordinates>-48.881318,-10.165664,0 -48.881306,-10.165948,0</coordinates></LineString></Placemark>
<Placemark><name>2712510</name><styleUrl>#styleDaimonCIRCUITO341TRECHO</styleUrl><LineString><coordinates>-48.881306,-10.165948,0 -48.880586,-10.165927,0</coordinates></LineString></Placemark>
<Placemark><name>39181160</name><styleUrl>#styleDaimonCIRCUITO341TRECHO</styleUrl><LineString><coordinates>-48.881303,-10.166027,0 -48.881303,-10.166052,0</coordinates></LineString></Placemark>
<Placemark><name>39180716</name><styleUrl>#styleDaimonCIRCUITO341TRECHO</styleUrl><LineString><coordinates>-48.881326,-10.165475,0 -48.881318,-10.165664,0</coordinates></LineString></Placemark>
<Placemark><name>2712513</name><styleUrl>#styleDaimonCIRCUITO341TRECHO</styleUrl><LineString><coordinates>-48.880586,-10.165927,0 -48.880583,-10.166057,0</coordinates></LineString></Placemark>
<Placemark><name>2712512</name><styleUrl>#styleDaimonCIRCUITO341TRECHO</styleUrl><LineString><coordinates>-48.880586,-10.165927,0 -48.880591,-10.165853,0</coordinates></LineString></Placemark>
<Placemark><name>2712511</name><styleUrl>#styleDaimonCIRCUITO341TRECHO</styleUrl><LineString><coordinates>-48.880586,-10.165927,0 -48.880456,-10.165924,0</coordinates></LineString></Placemark>
<Placemark><name>39180755</name><styleUrl>#styleDaimonCIRCUITO341TRECHO</styleUrl><LineString><coordinates>-48.881303,-10.166052,0 -48.881290,-10.166374,0</coordinates></LineString></Placemark>
<Placemark><name>39180726</name><styleUrl>#styleDaimonCIRCUITO341TRECHO</styleUrl><LineString><coordinates>-48.881340,-10.165114,0 -48.881326,-10.165475,0</coordinates></LineString></Placemark>
<Placemark><name>39181168</name><styleUrl>#styleDaimonCIRCUITO341TRECHO</styleUrl><LineString><coordinates>-48.881290,-10.166374,0 -48.881290,-10.166399,0</coordinates></LineString></Placemark>
<Placemark><name>39180696</name><styleUrl>#styleDaimonCIRCUITO341TRECHO</styleUrl><LineString><coordinates>-48.881356,-10.164689,0 -48.881340,-10.165114,0</coordinates></LineString></Placemark>
<Placemark><name>39180781</name><styleUrl>#styleDaimonCIRCUITO341TRECHO</styleUrl><LineString><coordinates>-48.881290,-10.166399,0 -48.881279,-10.166667,0</coordinates></LineString></Placemark>
<Placemark><name>39180706</name><styleUrl>#styleDaimonCIRCUITO341TRECHO</styleUrl><LineString><coordinates>-48.881360,-10.164625,0 -48.881356,-10.164689,0</coordinates></LineString></Placemark>
<Placemark><name>39180782</name><styleUrl>#styleDaimonCIRCUITO341TRECHO</styleUrl><LineString><coordinates>-48.881279,-10.166667,0 -48.881269,-10.166916,0</coordinates></LineString></Placemark>
<Placemark><name>56650900</name><styleUrl>#styleDaimonCIRCUITO341TRECHO</styleUrl><LineString><coordinates>-48.881371,-10.164326,0 -48.881360,-10.164625,0</coordinates></LineString></Placemark>
<Placemark><name>39180783</name><styleUrl>#styleDaimonCIRCUITO341TRECHO</styleUrl><LineString><coordinates>-48.881269,-10.166916,0 -48.881254,-10.167295,0</coordinates></LineString></Placemark>
<Placemark><name>39181876</name><styleUrl>#styleDaimonCIRCUITO341TRECHO</styleUrl><LineString><coordinates>-48.881385,-10.163961,0 -48.881371,-10.164326,0</coordinates></LineString></Placemark>
<Placemark><name>39180784</name><styleUrl>#styleDaimonCIRCUITO341TRECHO</styleUrl><LineString><coordinates>-48.881254,-10.167295,0 -48.881245,-10.167532,0</coordinates></LineString></Placemark>
<Placemark><name>39180785</name><styleUrl>#styleDaimonCIRCUITO341TRECHO</styleUrl><LineString><coordinates>-48.881245,-10.167532,0 -48.881237,-10.167730,0</coordinates></LineString></Placemark>
<Placemark><name>39180786</name><styleUrl>#styleDaimonCIRCUITO341TRECHO</styleUrl><LineString><coordinates>-48.881237,-10.167730,0 -48.881225,-10.168047,0</coordinates></LineString></Placemark>
<Placemark><name>39180764</name><styleUrl>#styleDaimonCIRCUITO341TRECHO</styleUrl><LineString><coordinates>-48.881225,-10.168047,0 -48.881215,-10.168266,0</coordinates></LineString></Placemark>
<Placemark><name>39181190</name><styleUrl>#styleDaimonCIRCUITO341TRECHO</styleUrl><LineString><coordinates>-48.881215,-10.168266,0 -48.881215,-10.168292,0</coordinates></LineString></Placemark>
<Placemark><name>39180841</name><styleUrl>#styleDaimonCIRCUITO341TRECHO</styleUrl><LineString><coordinates>-48.881215,-10.168292,0 -48.881205,-10.168529,0</coordinates></LineString></Placemark>
<Placemark><name>3551995</name><styleUrl>#styleDaimonCIRCUITO341TRECHO</styleUrl><LineString><coordinates>-48.884038,-10.161134,0 -48.884235,-10.161343,0</coordinates></LineString></Placemark>
<Placemark><name>3551996</name><styleUrl>#styleDaimonCIRCUITO341TRECHO</styleUrl><LineString><coordinates>-48.884235,-10.161343,0 -48.884439,-10.161568,0</coordinates></LineString></Placemark>
<Placemark><name>12084384</name><styleUrl>#styleDaimonCIRCUITO341TRECHO</styleUrl><LineString><coordinates>-48.884017,-10.161110,0 -48.884038,-10.161134,0</coordinates></LineString></Placemark>
<Placemark><name>3551997</name><styleUrl>#styleDaimonCIRCUITO341TRECHO</styleUrl><LineString><coordinates>-48.884439,-10.161568,0 -48.884629,-10.161781,0</coordinates></LineString></Placemark>
<Placemark><name>2532919</name><styleUrl>#styleDaimonCIRCUITO341TRECHO</styleUrl><LineString><coordinates>-48.883860,-10.160934,0 -48.884017,-10.161110,0</coordinates></LineString></Placemark>
<Placemark><name>2532920</name><styleUrl>#styleDaimonCIRCUITO341TRECHO</styleUrl><LineString><coordinates>-48.883640,-10.160693,0 -48.883860,-10.160934,0</coordinates></LineString></Placemark>
<Placemark><name>2532921</name><styleUrl>#styleDaimonCIRCUITO341TRECHO</styleUrl><LineString><coordinates>-48.883146,-10.160258,0 -48.883640,-10.160693,0</coordinates></LineString></Placemark>
<Placemark><name>2532922</name><styleUrl>#styleDaimonCIRCUITO341TRECHO</styleUrl><LineString><coordinates>-48.882811,-10.159938,0 -48.883146,-10.160258,0</coordinates></LineString></Placemark>
<Placemark><name>12073868</name><styleUrl>#styleDaimonCIRCUITO341TRECHO</styleUrl><LineString><coordinates>-48.882790,-10.159915,0 -48.882811,-10.159938,0</coordinates></LineString></Placemark>
<Placemark><name>2532924</name><styleUrl>#styleDaimonCIRCUITO341TRECHO</styleUrl><LineString><coordinates>-48.882573,-10.159704,0 -48.882790,-10.159915,0</coordinates></LineString></Placemark>
<Placemark><name>12078794</name><styleUrl>#styleDaimonCIRCUITO341TRECHO</styleUrl><LineString><coordinates>-48.885823,-10.145201,0 -48.885814,-10.145173,0</coordinates></LineString></Placemark>
<Placemark><name>3587378</name><styleUrl>#styleDaimonCIRCUITO341TRECHO</styleUrl><LineString><coordinates>-48.885814,-10.145173,0 -48.885905,-10.144896,0</coordinates></LineString></Placemark>
<Placemark><name>3637497</name><styleUrl>#styleDaimonCIRCUITO341TRECHO</styleUrl><LineString><coordinates>-48.886463,-10.145352,0 -48.885823,-10.145201,0</coordinates></LineString></Placemark>
<Placemark><name>3587377</name><styleUrl>#styleDaimonCIRCUITO341TRECHO</styleUrl><LineString><coordinates>-48.885905,-10.144896,0 -48.885994,-10.144631,0</coordinates></LineString></Placemark>
<Placemark><name>25768963</name><styleUrl>#styleDaimonCIRCUITO341TRECHO</styleUrl><LineString><coordinates>-48.885994,-10.144631,0 -48.886000,-10.144601,0</coordinates></LineString></Placemark>
<Placemark><name>25768822</name><styleUrl>#styleDaimonCIRCUITO341TRECHO</styleUrl><LineString><coordinates>-48.886000,-10.144601,0 -48.886041,-10.144328,0</coordinates></LineString></Placemark>
<Placemark><name>25768823</name><styleUrl>#styleDaimonCIRCUITO341TRECHO</styleUrl><LineString><coordinates>-48.886041,-10.144328,0 -48.886140,-10.144084,0</coordinates></LineString></Placemark>
<Placemark><name>25768809</name><styleUrl>#styleDaimonCIRCUITO341TRECHO</styleUrl><LineString><coordinates>-48.886140,-10.144084,0 -48.886250,-10.143745,0</coordinates></LineString></Placemark>
<Placemark><name>3603923</name><styleUrl>#styleDaimonCIRCUITO341TRECHO</styleUrl><LineString><coordinates>-48.887342,-10.140353,0 -48.887557,-10.139652,0</coordinates></LineString></Placemark>
<Placemark><name>2497796</name><styleUrl>#styleDaimonCIRCUITO341TRECHO</styleUrl><LineString><coordinates>-48.886081,-10.146829,0 -48.886115,-10.146840,0</coordinates></LineString></Placemark>
<Placemark><name>74100484</name><styleUrl>#styleDaimonCIRCUITO341TRECHO</styleUrl><LineString><coordinates>-48.882626,-10.154403,0 -48.882721,-10.154087,0</coordinates></LineString></Placemark>
<Placemark><name>74100485</name><styleUrl>#styleDaimonCIRCUITO341TRECHO</styleUrl><LineString><coordinates>-48.882721,-10.154087,0 -48.882814,-10.153790,0</coordinates></LineString></Placemark>
<Placemark><name>74100483</name><styleUrl>#styleDaimonCIRCUITO341TRECHO</styleUrl><LineString><coordinates>-48.882534,-10.154700,0 -48.882626,-10.154403,0</coordinates></LineString></Placemark>
<Placemark><name>74100460</name><styleUrl>#styleDaimonCIRCUITO341TRECHO</styleUrl><LineString><coordinates>-48.882814,-10.153790,0 -48.882900,-10.153502,0</coordinates></LineString></Placemark>
<Placemark><name>74100482</name><styleUrl>#styleDaimonCIRCUITO341TRECHO</styleUrl><LineString><coordinates>-48.882442,-10.154986,0 -48.882534,-10.154700,0</coordinates></LineString></Placemark>
<Placemark><name>74101291</name><styleUrl>#styleDaimonCIRCUITO341TRECHO</styleUrl><LineString><coordinates>-48.882900,-10.153502,0 -48.883001,-10.153176,0</coordinates></LineString></Placemark>
<Placemark><name>74101292</name><styleUrl>#styleDaimonCIRCUITO341TRECHO</styleUrl><LineString><coordinates>-48.883001,-10.153176,0 -48.883094,-10.152860,0</coordinates></LineString></Placemark>
<Placemark><name>74101293</name><styleUrl>#styleDaimonCIRCUITO341TRECHO</styleUrl><LineString><coordinates>-48.883094,-10.152860,0 -48.883168,-10.152612,0</coordinates></LineString></Placemark>
<Placemark><name>74101294</name><styleUrl>#styleDaimonCIRCUITO341TRECHO</styleUrl><LineString><coordinates>-48.883168,-10.152612,0 -48.883269,-10.152276,0</coordinates></LineString></Placemark>
<Placemark><name>74101295</name><styleUrl>#styleDaimonCIRCUITO341TRECHO</styleUrl><LineString><coordinates>-48.883269,-10.152276,0 -48.883365,-10.151984,0</coordinates></LineString></Placemark>
<Placemark><name>20226213</name><styleUrl>#styleDaimonCIRCUITO341TRECHO</styleUrl><LineString><coordinates>-48.883365,-10.151984,0 -48.883404,-10.151833,0</coordinates></LineString></Placemark>
<Placemark><name>20226916</name><styleUrl>#styleDaimonCIRCUITO341TRECHO</styleUrl><LineString><coordinates>-48.883404,-10.151833,0 -48.883493,-10.151861,0</coordinates></LineString></Placemark>
<Placemark><name>74101276</name><styleUrl>#styleDaimonCIRCUITO341TRECHO</styleUrl><LineString><coordinates>-48.883404,-10.151833,0 -48.883451,-10.151672,0</coordinates></LineString></Placemark>
<Placemark><name>20225350</name><styleUrl>#styleDaimonCIRCUITO341TRECHO</styleUrl><LineString><coordinates>-48.883404,-10.151833,0 -48.883166,-10.151750,0</coordinates></LineString></Placemark>
<Placemark><name>20225351</name><styleUrl>#styleDaimonCIRCUITO341TRECHO</styleUrl><LineString><coordinates>-48.883166,-10.151750,0 -48.882884,-10.151666,0</coordinates></LineString></Placemark>
<Placemark><name>20225352</name><styleUrl>#styleDaimonCIRCUITO341TRECHO</styleUrl><LineString><coordinates>-48.882884,-10.151666,0 -48.882555,-10.151564,0</coordinates></LineString></Placemark>
<Placemark><name>20225353</name><styleUrl>#styleDaimonCIRCUITO341TRECHO</styleUrl><LineString><coordinates>-48.882555,-10.151564,0 -48.882212,-10.151464,0</coordinates></LineString></Placemark>
<Placemark><name>20225354</name><styleUrl>#styleDaimonCIRCUITO341TRECHO</styleUrl><LineString><coordinates>-48.882212,-10.151464,0 -48.881881,-10.151360,0</coordinates></LineString></Placemark>
<Placemark><name>20225355</name><styleUrl>#styleDaimonCIRCUITO341TRECHO</styleUrl><LineString><coordinates>-48.881881,-10.151360,0 -48.881582,-10.151276,0</coordinates></LineString></Placemark>
<Placemark><name>20225356</name><styleUrl>#styleDaimonCIRCUITO341TRECHO</styleUrl><LineString><coordinates>-48.881582,-10.151276,0 -48.881272,-10.151185,0</coordinates></LineString></Placemark>
<Placemark><name>20225357</name><styleUrl>#styleDaimonCIRCUITO341TRECHO</styleUrl><LineString><coordinates>-48.881272,-10.151185,0 -48.881042,-10.151117,0</coordinates></LineString></Placemark>
<Placemark><name>20225358</name><styleUrl>#styleDaimonCIRCUITO341TRECHO</styleUrl><LineString><coordinates>-48.881042,-10.151117,0 -48.880689,-10.151014,0</coordinates></LineString></Placemark>
<Placemark><name>20225359</name><styleUrl>#styleDaimonCIRCUITO341TRECHO</styleUrl><LineString><coordinates>-48.880689,-10.151014,0 -48.880452,-10.150946,0</coordinates></LineString></Placemark>
<Placemark><name>20225360</name><styleUrl>#styleDaimonCIRCUITO341TRECHO</styleUrl><LineString><coordinates>-48.880452,-10.150946,0 -48.880206,-10.150862,0</coordinates></LineString></Placemark>
<Placemark><name>20225361</name><styleUrl>#styleDaimonCIRCUITO341TRECHO</styleUrl><LineString><coordinates>-48.880206,-10.150862,0 -48.879869,-10.150761,0</coordinates></LineString></Placemark>
<Placemark><name>20225362</name><styleUrl>#styleDaimonCIRCUITO341TRECHO</styleUrl><LineString><coordinates>-48.879869,-10.150761,0 -48.879636,-10.150693,0</coordinates></LineString></Placemark>
<Placemark><name>20225326</name><styleUrl>#styleDaimonCIRCUITO341TRECHO</styleUrl><LineString><coordinates>-48.879636,-10.150693,0 -48.879358,-10.150605,0</coordinates></LineString></Placemark>
<Placemark><name>74099466</name><styleUrl>#styleDaimonCIRCUITO341TRECHO</styleUrl><LineString><coordinates>-48.878444,-10.154117,0 -48.878199,-10.154046,0</coordinates></LineString></Placemark>
<Placemark><name>74099467</name><styleUrl>#styleDaimonCIRCUITO341TRECHO</styleUrl><LineString><coordinates>-48.878199,-10.154046,0 -48.877968,-10.153974,0</coordinates></LineString></Placemark>
<Placemark><name>74099465</name><styleUrl>#styleDaimonCIRCUITO341TRECHO</styleUrl><LineString><coordinates>-48.878688,-10.154189,0 -48.878444,-10.154117,0</coordinates></LineString></Placemark>
<Placemark><name>20226202</name><styleUrl>#styleDaimonCIRCUITO341TRECHO</styleUrl><LineString><coordinates>-48.877968,-10.153974,0 -48.877897,-10.153949,0</coordinates></LineString></Placemark>
<Placemark><name>74099464</name><styleUrl>#styleDaimonCIRCUITO341TRECHO</styleUrl><LineString><coordinates>-48.878934,-10.154262,0 -48.878688,-10.154189,0</coordinates></LineString></Placemark>
<Placemark><name>20226193</name><styleUrl>#styleDaimonCIRCUITO341TRECHO</styleUrl><LineString><coordinates>-48.877897,-10.153949,0 -48.877877,-10.154029,0</coordinates></LineString></Placemark>
<Placemark><name>74099424</name><styleUrl>#styleDaimonCIRCUITO341TRECHO</styleUrl><LineString><coordinates>-48.877897,-10.153949,0 -48.877658,-10.153883,0</coordinates></LineString></Placemark>
<Placemark><name>74099984</name><styleUrl>#styleDaimonCIRCUITO341TRECHO</styleUrl><LineString><coordinates>-48.877897,-10.153949,0 -48.877990,-10.153658,0</coordinates></LineString></Placemark>
<Placemark><name>74099463</name><styleUrl>#styleDaimonCIRCUITO341TRECHO</styleUrl><LineString><coordinates>-48.879171,-10.154327,0 -48.878934,-10.154262,0</coordinates></LineString></Placemark>
<Placemark><name>74099983</name><styleUrl>#styleDaimonCIRCUITO341TRECHO</styleUrl><LineString><coordinates>-48.877877,-10.154029,0 -48.877812,-10.154245,0</coordinates></LineString></Placemark>
<Placemark><name>74099462</name><styleUrl>#styleDaimonCIRCUITO341TRECHO</styleUrl><LineString><coordinates>-48.879516,-10.154437,0 -48.879171,-10.154327,0</coordinates></LineString></Placemark>
<Placemark><name>74099982</name><styleUrl>#styleDaimonCIRCUITO341TRECHO</styleUrl><LineString><coordinates>-48.877812,-10.154245,0 -48.877718,-10.154542,0</coordinates></LineString></Placemark>
<Placemark><name>74099461</name><styleUrl>#styleDaimonCIRCUITO341TRECHO</styleUrl><LineString><coordinates>-48.879605,-10.154457,0 -48.879516,-10.154437,0</coordinates></LineString></Placemark>
<Placemark><name>74099981</name><styleUrl>#styleDaimonCIRCUITO341TRECHO</styleUrl><LineString><coordinates>-48.877718,-10.154542,0 -48.877625,-10.154875,0</coordinates></LineString></Placemark>
<Placemark><name>74100199</name><styleUrl>#styleDaimonCIRCUITO341TRECHO</styleUrl><LineString><coordinates>-48.879605,-10.154457,0 -48.879691,-10.154176,0</coordinates></LineString></Placemark>
<Placemark><name>20226182</name><styleUrl>#styleDaimonCIRCUITO341TRECHO</styleUrl><LineString><coordinates>-48.879780,-10.154523,0 -48.879605,-10.154457,0</coordinates></LineString></Placemark>
<Placemark><name>20226173</name><styleUrl>#styleDaimonCIRCUITO341TRECHO</styleUrl><LineString><coordinates>-48.879605,-10.154457,0 -48.879569,-10.154558,0</coordinates></LineString></Placemark>
<Placemark><name>74099980</name><styleUrl>#styleDaimonCIRCUITO341TRECHO</styleUrl><LineString><coordinates>-48.877625,-10.154875,0 -48.877522,-10.155220,0</coordinates></LineString></Placemark>
<Placemark><name>74100200</name><styleUrl>#styleDaimonCIRCUITO341TRECHO</styleUrl><LineString><coordinates>-48.879691,-10.154176,0 -48.879757,-10.153951,0</coordinates></LineString></Placemark>
<Placemark><name>74100198</name><styleUrl>#styleDaimonCIRCUITO341TRECHO</styleUrl><LineString><coordinates>-48.879569,-10.154558,0 -48.879505,-10.154771,0</coordinates></LineString></Placemark>
<Placemark><name>74100201</name><styleUrl>#styleDaimonCIRCUITO341TRECHO</styleUrl><LineString><coordinates>-48.879757,-10.153951,0 -48.879850,-10.153644,0</coordinates></LineString></Placemark>
<Placemark><name>74100197</name><styleUrl>#styleDaimonCIRCUITO341TRECHO</styleUrl><LineString><coordinates>-48.879505,-10.154771,0 -48.879422,-10.155069,0</coordinates></LineString></Placemark>
<Placemark><name>74100174</name><styleUrl>#styleDaimonCIRCUITO341TRECHO</styleUrl><LineString><coordinates>-48.879850,-10.153644,0 -48.879943,-10.153328,0</coordinates></LineString></Placemark>
<Placemark><name>74100196</name><styleUrl>#styleDaimonCIRCUITO341TRECHO</styleUrl><LineString><coordinates>-48.879422,-10.155069,0 -48.879309,-10.155403,0</coordinates></LineString></Placemark>
<Placemark><name>74100195</name><styleUrl>#styleDaimonCIRCUITO341TRECHO</styleUrl><LineString><coordinates>-48.879309,-10.155403,0 -48.879208,-10.155754,0</coordinates></LineString></Placemark>
<Placemark><name>74100194</name><styleUrl>#styleDaimonCIRCUITO341TRECHO</styleUrl><LineString><coordinates>-48.879208,-10.155754,0 -48.879104,-10.156069,0</coordinates></LineString></Placemark>
<Placemark><name>74100193</name><styleUrl>#styleDaimonCIRCUITO341TRECHO</styleUrl><LineString><coordinates>-48.879104,-10.156069,0 -48.879020,-10.156376,0</coordinates></LineString></Placemark>
<Placemark><name>74097691</name><styleUrl>#styleDaimonCIRCUITO341TRECHO</styleUrl><LineString><coordinates>-48.879020,-10.156376,0 -48.878927,-10.156658,0</coordinates></LineString></Placemark>
<Placemark><name>74097705</name><styleUrl>#styleDaimonCIRCUITO341TRECHO</styleUrl><LineString><coordinates>-48.878927,-10.156658,0 -48.878820,-10.157021,0</coordinates></LineString></Placemark>
<Placemark><name>74097704</name><styleUrl>#styleDaimonCIRCUITO341TRECHO</styleUrl><LineString><coordinates>-48.878820,-10.157021,0 -48.878731,-10.157316,0</coordinates></LineString></Placemark>
<Placemark><name>48294751</name><styleUrl>#styleDaimonCIRCUITO341TRECHO</styleUrl><LineString><coordinates>-48.882267,-10.155576,0 -48.882215,-10.155749,0</coordinates></LineString></Placemark>
<Placemark><name>74100736</name><styleUrl>#styleDaimonCIRCUITO341TRECHO</styleUrl><LineString><coordinates>-48.882215,-10.155749,0 -48.882124,-10.156043,0</coordinates></LineString></Placemark>
<Placemark><name>48294732</name><styleUrl>#styleDaimonCIRCUITO341TRECHO</styleUrl><LineString><coordinates>-48.882324,-10.155364,0 -48.882267,-10.155576,0</coordinates></LineString></Placemark>
<Placemark><name>2697022</name><styleUrl>#styleDaimonCIRCUITO341TRECHO</styleUrl><LineString><coordinates>-48.889408,-10.153475,0 -48.889401,-10.153346,0</coordinates></LineString></Placemark>
<Placemark><name>2696792</name><styleUrl>#styleDaimonCIRCUITO341TRECHO</styleUrl><LineString><coordinates>-48.889401,-10.153346,0 -48.889386,-10.153219,0</coordinates></LineString></Placemark>
<Placemark><name>12071846</name><styleUrl>#styleDaimonCIRCUITO341TRECHO</styleUrl><LineString><coordinates>-48.889408,-10.153505,0 -48.889408,-10.153475,0</coordinates></LineString></Placemark>
<Placemark><name>2696787</name><styleUrl>#styleDaimonCIRCUITO341TRECHO</styleUrl><LineString><coordinates>-48.889386,-10.153219,0 -48.889339,-10.153123,0</coordinates></LineString></Placemark>
<Placemark><name>2805108</name><styleUrl>#styleDaimonCIRCUITO341TRECHO</styleUrl><LineString><coordinates>-48.889482,-10.153969,0 -48.889408,-10.153505,0</coordinates></LineString></Placemark>
<Placemark><name>12071757</name><styleUrl>#styleDaimonCIRCUITO341TRECHO</styleUrl><LineString><coordinates>-48.889339,-10.153123,0 -48.889321,-10.153095,0</coordinates></LineString></Placemark>
<Placemark><name>2697016</name><styleUrl>#styleDaimonCIRCUITO341TRECHO</styleUrl><LineString><coordinates>-48.889321,-10.153095,0 -48.889165,-10.152930,0</coordinates></LineString></Placemark>
<Placemark><name>2697013</name><styleUrl>#styleDaimonCIRCUITO341TRECHO</styleUrl><LineString><coordinates>-48.889165,-10.152930,0 -48.889505,-10.152720,0</coordinates></LineString></Placemark>
<Placemark><name>3574080</name><styleUrl>#styleDaimonCIRCUITO341TRECHO</styleUrl><LineString><coordinates>-48.887928,-10.151622,0 -48.887658,-10.151694,0</coordinates></LineString></Placemark>
<Placemark><name>3574078</name><styleUrl>#styleDaimonCIRCUITO341TRECHO</styleUrl><LineString><coordinates>-48.887928,-10.151622,0 -48.887858,-10.151400,0</coordinates></LineString></Placemark>
<Placemark><name>3574077</name><styleUrl>#styleDaimonCIRCUITO341TRECHO</styleUrl><LineString><coordinates>-48.887978,-10.151782,0 -48.887928,-10.151622,0</coordinates></LineString></Placemark>
<Placemark><name>3574079</name><styleUrl>#styleDaimonCIRCUITO341TRECHO</styleUrl><LineString><coordinates>-48.887928,-10.151622,0 -48.887999,-10.151586,0</coordinates></LineString></Placemark>
<Placemark><name>3574081</name><styleUrl>#styleDaimonCIRCUITO341TRECHO</styleUrl><LineString><coordinates>-48.887658,-10.151694,0 -48.887381,-10.151781,0</coordinates></LineString></Placemark>
<Placemark><name>3574076</name><styleUrl>#styleDaimonCIRCUITO341TRECHO</styleUrl><LineString><coordinates>-48.888066,-10.152045,0 -48.887978,-10.151782,0</coordinates></LineString></Placemark>
<Placemark><name>5459018</name><styleUrl>#styleDaimonCIRCUITO341TRECHO</styleUrl><LineString><coordinates>-48.889620,-10.154339,0 -48.889631,-10.154266,0</coordinates></LineString></Placemark>
<Placemark><name>2480928</name><styleUrl>#styleDaimonCIRCUITO341TRECHO</styleUrl><LineString><coordinates>-48.889580,-10.154341,0 -48.889620,-10.154339,0</coordinates></LineString></Placemark>
<Placemark><name>2610225</name><styleUrl>#styleDaimonCIRCUITO341TRECHO</styleUrl><LineString><coordinates>-48.880007,-10.168729,0 -48.880001,-10.168907,0</coordinates></LineString></Placemark>
<Placemark><name>2609638</name><styleUrl>#styleDaimonCIRCUITO341TRECHO</styleUrl><LineString><coordinates>-48.880001,-10.168907,0 -48.879993,-10.169046,0</coordinates></LineString></Placemark>
<Placemark><name>2495914</name><styleUrl>#styleDaimonCIRCUITO341TRECHO</styleUrl><LineString><coordinates>-48.880014,-10.168553,0 -48.880007,-10.168729,0</coordinates></LineString></Placemark>
<Placemark><name>2622632</name><styleUrl>#styleDaimonCIRCUITO341TRECHO</styleUrl><LineString><coordinates>-48.880025,-10.168335,0 -48.880014,-10.168553,0</coordinates></LineString></Placemark>
<Placemark><name>2622631</name><styleUrl>#styleDaimonCIRCUITO341TRECHO</styleUrl><LineString><coordinates>-48.880036,-10.168098,0 -48.880025,-10.168335,0</coordinates></LineString></Placemark>
<Placemark><name>2500740</name><styleUrl>#styleDaimonCIRCUITO341TRECHO</styleUrl><LineString><coordinates>-48.880048,-10.167810,0 -48.880036,-10.168098,0</coordinates></LineString></Placemark>
<Placemark><name>2500739</name><styleUrl>#styleDaimonCIRCUITO341TRECHO</styleUrl><LineString><coordinates>-48.880064,-10.167479,0 -48.880048,-10.167810,0</coordinates></LineString></Placemark>
<Placemark><name>2491457</name><styleUrl>#styleDaimonCIRCUITO341TRECHO</styleUrl><LineString><coordinates>-48.880079,-10.167155,0 -48.880064,-10.167479,0</coordinates></LineString></Placemark>
<Placemark><name>2490021</name><styleUrl>#styleDaimonCIRCUITO341TRECHO</styleUrl><LineString><coordinates>-48.880090,-10.166917,0 -48.880079,-10.167155,0</coordinates></LineString></Placemark>
<Placemark><name>2490020</name><styleUrl>#styleDaimonCIRCUITO341TRECHO</styleUrl><LineString><coordinates>-48.880102,-10.166659,0 -48.880090,-10.166917,0</coordinates></LineString></Placemark>
<Placemark><name>2610497</name><styleUrl>#styleDaimonCIRCUITO341TRECHO</styleUrl><LineString><coordinates>-48.880118,-10.166302,0 -48.880102,-10.166659,0</coordinates></LineString></Placemark>
<Placemark><name>3434603</name><styleUrl>#styleDaimonCIRCUITO341TRECHO</styleUrl><LineString><coordinates>-48.880131,-10.166029,0 -48.880118,-10.166302,0</coordinates></LineString></Placemark>
<Placemark><name>12068064</name><styleUrl>#styleDaimonCIRCUITO341TRECHO</styleUrl><LineString><coordinates>-48.880133,-10.165995,0 -48.880131,-10.166029,0</coordinates></LineString></Placemark>
<Placemark><name>2708438</name><styleUrl>#styleDaimonCIRCUITO341TRECHO</styleUrl><LineString><coordinates>-48.880135,-10.165913,0 -48.880133,-10.165995,0</coordinates></LineString></Placemark>
<Placemark><name>2708436</name><styleUrl>#styleDaimonCIRCUITO341TRECHO</styleUrl><LineString><coordinates>-48.880135,-10.165913,0 -48.879830,-10.165905,0</coordinates></LineString></Placemark>
<Placemark><name>2708437</name><styleUrl>#styleDaimonCIRCUITO341TRECHO</styleUrl><LineString><coordinates>-48.880135,-10.165913,0 -48.880143,-10.165753,0</coordinates></LineString></Placemark>
<Placemark><name>2708435</name><styleUrl>#styleDaimonCIRCUITO341TRECHO</styleUrl><LineString><coordinates>-48.880213,-10.165916,0 -48.880135,-10.165913,0</coordinates></LineString></Placemark>
<Placemark><name>3434217</name><styleUrl>#styleDaimonCIRCUITO341TRECHO</styleUrl><LineString><coordinates>-48.879830,-10.165905,0 -48.879557,-10.165897,0</coordinates></LineString></Placemark>
<Placemark><name>2611412</name><styleUrl>#styleDaimonCIRCUITO341TRECHO</styleUrl><LineString><coordinates>-48.880443,-10.165924,0 -48.880213,-10.165916,0</coordinates></LineString></Placemark>
<Placemark><name>2708259</name><styleUrl>#styleDaimonCIRCUITO341TRECHO</styleUrl><LineString><coordinates>-48.879557,-10.165897,0 -48.879244,-10.165886,0</coordinates></LineString></Placemark>
<Placemark><name>T_0300917013</name><styleUrl>#styleDaimonCIRCUITO341TRECHO</styleUrl><LineString><coordinates>-48.880468,-10.165924,0 -48.880443,-10.165924,0</coordinates></LineString></Placemark>
<Placemark><name>2708260</name><styleUrl>#styleDaimonCIRCUITO341TRECHO</styleUrl><LineString><coordinates>-48.879244,-10.165886,0 -48.879165,-10.165885,0</coordinates></LineString></Placemark>
<Placemark><name>2708262</name><styleUrl>#styleDaimonCIRCUITO341TRECHO</styleUrl><LineString><coordinates>-48.879244,-10.165886,0 -48.879247,-10.165830,0</coordinates></LineString></Placemark>
<Placemark><name>2708261</name><styleUrl>#styleDaimonCIRCUITO341TRECHO</styleUrl><LineString><coordinates>-48.879244,-10.165886,0 -48.879236,-10.166159,0</coordinates></LineString></Placemark>
<Placemark><name>42990777</name><styleUrl>#styleDaimonCIRCUITO341TRECHO</styleUrl><LineString><coordinates>-48.879236,-10.166159,0 -48.879235,-10.166174,0</coordinates></LineString></Placemark>
<Placemark><name>42990737</name><styleUrl>#styleDaimonCIRCUITO341TRECHO</styleUrl><LineString><coordinates>-48.879235,-10.166174,0 -48.879222,-10.166510,0</coordinates></LineString></Placemark>
<Placemark><name>42990785</name><styleUrl>#styleDaimonCIRCUITO341TRECHO</styleUrl><LineString><coordinates>-48.879222,-10.166510,0 -48.879222,-10.166541,0</coordinates></LineString></Placemark>
<Placemark><name>42990759</name><styleUrl>#styleDaimonCIRCUITO341TRECHO</styleUrl><LineString><coordinates>-48.879222,-10.166541,0 -48.879209,-10.166897,0</coordinates></LineString></Placemark>
<Placemark><name>42990760</name><styleUrl>#styleDaimonCIRCUITO341TRECHO</styleUrl><LineString><coordinates>-48.879209,-10.166897,0 -48.879197,-10.167224,0</coordinates></LineString></Placemark>
<Placemark><name>42990746</name><styleUrl>#styleDaimonCIRCUITO341TRECHO</styleUrl><LineString><coordinates>-48.879197,-10.167224,0 -48.879178,-10.167479,0</coordinates></LineString></Placemark>
<Placemark><name>3645994</name><styleUrl>#styleDaimonCIRCUITO341TRECHO</styleUrl><LineString><coordinates>-48.884078,-10.165084,0 -48.884286,-10.165092,0</coordinates></LineString></Placemark>
<Placemark><name>3645996</name><styleUrl>#styleDaimonCIRCUITO341TRECHO</styleUrl><LineString><coordinates>-48.884286,-10.165092,0 -48.884300,-10.165119,0</coordinates></LineString></Placemark>
<Placemark><name>3645997</name><styleUrl>#styleDaimonCIRCUITO341TRECHO</styleUrl><LineString><coordinates>-48.884286,-10.165092,0 -48.884291,-10.164965,0</coordinates></LineString></Placemark>
<Placemark><name>3645995</name><styleUrl>#styleDaimonCIRCUITO341TRECHO</styleUrl><LineString><coordinates>-48.884286,-10.165092,0 -48.884386,-10.165095,0</coordinates></LineString></Placemark>
<Placemark><name>3645858</name><styleUrl>#styleDaimonCIRCUITO341TRECHO</styleUrl><LineString><coordinates>-48.883721,-10.165067,0 -48.884078,-10.165084,0</coordinates></LineString></Placemark>
<Placemark><name>3645859</name><styleUrl>#styleDaimonCIRCUITO341TRECHO</styleUrl><LineString><coordinates>-48.884386,-10.165095,0 -48.884706,-10.165119,0</coordinates></LineString></Placemark>
<Placemark><name>3646955</name><styleUrl>#styleDaimonCIRCUITO341TRECHO</styleUrl><LineString><coordinates>-48.883636,-10.165074,0 -48.883721,-10.165067,0</coordinates></LineString></Placemark>
<Placemark><name>3646956</name><styleUrl>#styleDaimonCIRCUITO341TRECHO</styleUrl><LineString><coordinates>-48.883636,-10.165074,0 -48.883543,-10.165055,0</coordinates></LineString></Placemark>
<Placemark><name>3630491</name><styleUrl>#styleDaimonCIRCUITO341TRECHO</styleUrl><LineString><coordinates>-48.883632,-10.165146,0 -48.883636,-10.165074,0</coordinates></LineString></Placemark>
<Placemark><name>3648769</name><styleUrl>#styleDaimonCIRCUITO341TRECHO</styleUrl><LineString><coordinates>-48.883636,-10.165074,0 -48.883651,-10.164769,0</coordinates></LineString></Placemark>
<Placemark><name>3630490</name><styleUrl>#styleDaimonCIRCUITO341TRECHO</styleUrl><LineString><coordinates>-48.883631,-10.165287,0 -48.883632,-10.165146,0</coordinates></LineString></Placemark>
<Placemark><name>12067375</name><styleUrl>#styleDaimonCIRCUITO341TRECHO</styleUrl><LineString><coordinates>-48.883599,-10.165286,0 -48.883631,-10.165287,0</coordinates></LineString></Placemark>
<Placemark><name>2610578</name><styleUrl>#styleDaimonCIRCUITO341TRECHO</styleUrl><LineString><coordinates>-48.883631,-10.165287,0 -48.883628,-10.165422,0</coordinates></LineString></Placemark>
<Placemark><name>3644424</name><styleUrl>#styleDaimonCIRCUITO341TRECHO</styleUrl><LineString><coordinates>-48.883450,-10.165284,0 -48.883599,-10.165286,0</coordinates></LineString></Placemark>
<Placemark><name>2610577</name><styleUrl>#styleDaimonCIRCUITO341TRECHO</styleUrl><LineString><coordinates>-48.883143,-10.165278,0 -48.883450,-10.165284,0</coordinates></LineString></Placemark>
<Placemark><name>2489032</name><styleUrl>#styleDaimonCIRCUITO341TRECHO</styleUrl><LineString><coordinates>-48.882909,-10.165288,0 -48.883143,-10.165278,0</coordinates></LineString></Placemark>
<Placemark><name>12067007</name><styleUrl>#styleDaimonCIRCUITO341TRECHO</styleUrl><LineString><coordinates>-48.882880,-10.165300,0 -48.882909,-10.165288,0</coordinates></LineString></Placemark>
<Placemark><name>2810941</name><styleUrl>#styleDaimonCIRCUITO341TRECHO</styleUrl><LineString><coordinates>-48.882883,-10.164919,0 -48.882880,-10.165300,0</coordinates></LineString></Placemark>
<Placemark><name>2489031</name><styleUrl>#styleDaimonCIRCUITO341TRECHO</styleUrl><LineString><coordinates>-48.882880,-10.165300,0 -48.882862,-10.165820,0</coordinates></LineString></Placemark>
<Placemark><name>2810940</name><styleUrl>#styleDaimonCIRCUITO341TRECHO</styleUrl><LineString><coordinates>-48.882796,-10.164922,0 -48.882883,-10.164919,0</coordinates></LineString></Placemark>
<Placemark><name>2810939</name><styleUrl>#styleDaimonCIRCUITO341TRECHO</styleUrl><LineString><coordinates>-48.882883,-10.164919,0 -48.882898,-10.164881,0</coordinates></LineString></Placemark>
<Placemark><name>2810942</name><styleUrl>#styleDaimonCIRCUITO341TRECHO</styleUrl><LineString><coordinates>-48.882883,-10.164919,0 -48.883007,-10.164928,0</coordinates></LineString></Placemark>
<Placemark><name>2489033</name><styleUrl>#styleDaimonCIRCUITO341TRECHO</styleUrl><LineString><coordinates>-48.882664,-10.164927,0 -48.882796,-10.164922,0</coordinates></LineString></Placemark>
<Placemark><name>2489034</name><styleUrl>#styleDaimonCIRCUITO341TRECHO</styleUrl><LineString><coordinates>-48.882169,-10.164945,0 -48.882664,-10.164927,0</coordinates></LineString></Placemark>
<Placemark><name>12067126</name><styleUrl>#styleDaimonCIRCUITO341TRECHO</styleUrl><LineString><coordinates>-48.882169,-10.164945,0 -48.882169,-10.164962,0</coordinates></LineString></Placemark>
<Placemark><name>2614450</name><styleUrl>#styleDaimonCIRCUITO341TRECHO</styleUrl><LineString><coordinates>-48.881763,-10.164955,0 -48.882169,-10.164945,0</coordinates></LineString></Placemark>
<Placemark><name>2614451</name><styleUrl>#styleDaimonCIRCUITO341TRECHO</styleUrl><LineString><coordinates>-48.882169,-10.164962,0 -48.882168,-10.165066,0</coordinates></LineString></Placemark>
<Placemark><name>2494863</name><styleUrl>#styleDaimonCIRCUITO341TRECHO</styleUrl><LineString><coordinates>-48.881480,-10.164959,0 -48.881763,-10.164955,0</coordinates></LineString></Placemark>
<Placemark><name>2619563</name><styleUrl>#styleDaimonCIRCUITO341TRECHO</styleUrl><LineString><coordinates>-48.882168,-10.165066,0 -48.882165,-10.165504,0</coordinates></LineString></Placemark>
<Placemark><name>12067006</name><styleUrl>#styleDaimonCIRCUITO341TRECHO</styleUrl><LineString><coordinates>-48.881448,-10.164971,0 -48.881480,-10.164959,0</coordinates></LineString></Placemark>
<Placemark><name>2611746</name><styleUrl>#styleDaimonCIRCUITO341TRECHO</styleUrl><LineString><coordinates>-48.882165,-10.165504,0 -48.882159,-10.165827,0</coordinates></LineString></Placemark>
<Placemark><name>2494859</name><styleUrl>#styleDaimonCIRCUITO341TRECHO</styleUrl><LineString><coordinates>-48.881351,-10.165100,0 -48.881448,-10.164971,0</coordinates></LineString></Placemark>
<Placemark><name>56651233</name><styleUrl>#styleDaimonCIRCUITO341TRECHO</styleUrl><LineString><coordinates>-48.880604,-10.164559,0 -48.880345,-10.164553,0</coordinates></LineString></Placemark>
<Placemark><name>56651234</name><styleUrl>#styleDaimonCIRCUITO341TRECHO</styleUrl><LineString><coordinates>-48.880345,-10.164553,0 -48.880054,-10.164546,0</coordinates></LineString></Placemark>
<Placemark><name>56651195</name><styleUrl>#styleDaimonCIRCUITO341TRECHO</styleUrl><LineString><coordinates>-48.880633,-10.164561,0 -48.880604,-10.164559,0</coordinates></LineString></Placemark>
<Placemark><name>56651235</name><styleUrl>#styleDaimonCIRCUITO341TRECHO</styleUrl><LineString><coordinates>-48.880054,-10.164546,0 -48.879762,-10.164539,0</coordinates></LineString></Placemark>
<Placemark><name>56651203</name><styleUrl>#styleDaimonCIRCUITO341TRECHO</styleUrl><LineString><coordinates>-48.881287,-10.164619,0 -48.880633,-10.164561,0</coordinates></LineString></Placemark>
<Placemark><name>56651219</name><styleUrl>#styleDaimonCIRCUITO341TRECHO</styleUrl><LineString><coordinates>-48.879762,-10.164539,0 -48.879482,-10.164535,0</coordinates></LineString></Placemark>
<Placemark><name>56651211</name><styleUrl>#styleDaimonCIRCUITO341TRECHO</styleUrl><LineString><coordinates>-48.879482,-10.164535,0 -48.879455,-10.164535,0</coordinates></LineString></Placemark>
<Placemark><name>56651291</name><styleUrl>#styleDaimonCIRCUITO341TRECHO</styleUrl><LineString><coordinates>-48.879455,-10.164535,0 -48.879178,-10.164528,0</coordinates></LineString></Placemark>
<Placemark><name>56651292</name><styleUrl>#styleDaimonCIRCUITO341TRECHO</styleUrl><LineString><coordinates>-48.879178,-10.164528,0 -48.878886,-10.164517,0</coordinates></LineString></Placemark>
<Placemark><name>56651293</name><styleUrl>#styleDaimonCIRCUITO341TRECHO</styleUrl><LineString><coordinates>-48.878886,-10.164517,0 -48.878594,-10.164511,0</coordinates></LineString></Placemark>
<Placemark><name>56651294</name><styleUrl>#styleDaimonCIRCUITO341TRECHO</styleUrl><LineString><coordinates>-48.878594,-10.164511,0 -48.878302,-10.164504,0</coordinates></LineString></Placemark>
<Placemark><name>56651276</name><styleUrl>#styleDaimonCIRCUITO341TRECHO</styleUrl><LineString><coordinates>-48.878302,-10.164504,0 -48.878023,-10.164497,0</coordinates></LineString></Placemark>
<Placemark><name>56651260</name><styleUrl>#styleDaimonCIRCUITO341TRECHO</styleUrl><LineString><coordinates>-48.878023,-10.164497,0 -48.877998,-10.164499,0</coordinates></LineString></Placemark>
<Placemark><name>56651327</name><styleUrl>#styleDaimonCIRCUITO341TRECHO</styleUrl><LineString><coordinates>-48.877998,-10.164499,0 -48.877745,-10.164549,0</coordinates></LineString></Placemark>
<Placemark><name>56651268</name><styleUrl>#styleDaimonCIRCUITO341TRECHO</styleUrl><LineString><coordinates>-48.877745,-10.164549,0 -48.877721,-10.164551,0</coordinates></LineString></Placemark>
<Placemark><name>56651363</name><styleUrl>#styleDaimonCIRCUITO341TRECHO</styleUrl><LineString><coordinates>-48.877721,-10.164551,0 -48.877483,-10.164542,0</coordinates></LineString></Placemark>
<Placemark><name>56651364</name><styleUrl>#styleDaimonCIRCUITO341TRECHO</styleUrl><LineString><coordinates>-48.877483,-10.164542,0 -48.877126,-10.164537,0</coordinates></LineString></Placemark>
<Placemark><name>56651365</name><styleUrl>#styleDaimonCIRCUITO341TRECHO</styleUrl><LineString><coordinates>-48.877126,-10.164537,0 -48.876884,-10.164527,0</coordinates></LineString></Placemark>
<Placemark><name>56651366</name><styleUrl>#styleDaimonCIRCUITO341TRECHO</styleUrl><LineString><coordinates>-48.876884,-10.164527,0 -48.876565,-10.164523,0</coordinates></LineString></Placemark>
<Placemark><name>56651367</name><styleUrl>#styleDaimonCIRCUITO341TRECHO</styleUrl><LineString><coordinates>-48.876565,-10.164523,0 -48.876244,-10.164517,0</coordinates></LineString></Placemark>
<Placemark><name>2497525</name><styleUrl>#styleDaimonCIRCUITO341TRECHO</styleUrl><LineString><coordinates>-48.880721,-10.162946,0 -48.880746,-10.162393,0</coordinates></LineString></Placemark>
<Placemark><name>2497526</name><styleUrl>#styleDaimonCIRCUITO341TRECHO</styleUrl><LineString><coordinates>-48.880746,-10.162393,0 -48.880762,-10.162038,0</coordinates></LineString></Placemark>
<Placemark><name>2497524</name><styleUrl>#styleDaimonCIRCUITO341TRECHO</styleUrl><LineString><coordinates>-48.880694,-10.163524,0 -48.880721,-10.162946,0</coordinates></LineString></Placemark>
<Placemark><name>33716575</name><styleUrl>#styleDaimonCIRCUITO341TRECHO</styleUrl><LineString><coordinates>-48.880762,-10.162038,0 -48.880789,-10.161838,0</coordinates></LineString></Placemark>
<Placemark><name>2497523</name><styleUrl>#styleDaimonCIRCUITO341TRECHO</styleUrl><LineString><coordinates>-48.880667,-10.164151,0 -48.880694,-10.163524,0</coordinates></LineString></Placemark>
<Placemark><name>2497522</name><styleUrl>#styleDaimonCIRCUITO341TRECHO</styleUrl><LineString><coordinates>-48.880637,-10.164815,0 -48.880667,-10.164151,0</coordinates></LineString></Placemark>
<Placemark><name>2497521</name><styleUrl>#styleDaimonCIRCUITO341TRECHO</styleUrl><LineString><coordinates>-48.880614,-10.165305,0 -48.880637,-10.164815,0</coordinates></LineString></Placemark>
<Placemark><name>3425913</name><styleUrl>#styleDaimonCIRCUITO341TRECHO</styleUrl><LineString><coordinates>-48.880590,-10.165860,0 -48.880614,-10.165305,0</coordinates></LineString></Placemark>
<Placemark><name>2532925</name><styleUrl>#styleDaimonCIRCUITO341TRECHO</styleUrl><LineString><coordinates>-48.883865,-10.160930,0 -48.883911,-10.160889,0</coordinates></LineString></Placemark>
<Placemark><name>3424384</name><styleUrl>#styleDaimonCIRCUITO341TRECHO</styleUrl><LineString><coordinates>-48.882275,-10.155577,0 -48.882349,-10.155585,0</coordinates></LineString></Placemark>
<Placemark><name>24494741</name><styleUrl>#styleDaimonCIRCUITO341TRECHO</styleUrl><LineString><coordinates>-48.882349,-10.155585,0 -48.882649,-10.155878,0</coordinates></LineString></Placemark>
<Placemark><name>74100481</name><styleUrl>#styleDaimonCIRCUITO341TRECHO</styleUrl><LineString><coordinates>-48.882117,-10.156066,0 -48.882055,-10.156273,0</coordinates></LineString></Placemark>
<Placemark><name>2697015</name><styleUrl>#styleDaimonCIRCUITO341TRECHO</styleUrl><LineString><coordinates>-48.889834,-10.150610,0 -48.890134,-10.150548,0</coordinates></LineString></Placemark>
<Placemark><name>2696790</name><styleUrl>#styleDaimonCIRCUITO341TRECHO</styleUrl><LineString><coordinates>-48.890134,-10.150548,0 -48.890324,-10.150487,0</coordinates></LineString></Placemark>
<Placemark><name>2697020</name><styleUrl>#styleDaimonCIRCUITO341TRECHO</styleUrl><LineString><coordinates>-48.889413,-10.150724,0 -48.889834,-10.150610,0</coordinates></LineString></Placemark>
<Placemark><name>2696788</name><styleUrl>#styleDaimonCIRCUITO341TRECHO</styleUrl><LineString><coordinates>-48.890324,-10.150487,0 -48.890659,-10.150370,0</coordinates></LineString></Placemark>
<Placemark><name>2697024</name><styleUrl>#styleDaimonCIRCUITO341TRECHO</styleUrl><LineString><coordinates>-48.889035,-10.150830,0 -48.889413,-10.150724,0</coordinates></LineString></Placemark>
<Placemark><name>2696793</name><styleUrl>#styleDaimonCIRCUITO341TRECHO</styleUrl><LineString><coordinates>-48.890659,-10.150370,0 -48.891157,-10.150235,0</coordinates></LineString></Placemark>
<Placemark><name>2696794</name><styleUrl>#styleDaimonCIRCUITO341TRECHO</styleUrl><LineString><coordinates>-48.888733,-10.150914,0 -48.889035,-10.150830,0</coordinates></LineString></Placemark>
<Placemark><name>2697023</name><styleUrl>#styleDaimonCIRCUITO341TRECHO</styleUrl><LineString><coordinates>-48.891157,-10.150235,0 -48.891549,-10.150149,0</coordinates></LineString></Placemark>
<Placemark><name>2697018</name><styleUrl>#styleDaimonCIRCUITO341TRECHO</styleUrl><LineString><coordinates>-48.888657,-10.150944,0 -48.888733,-10.150914,0</coordinates></LineString></Placemark>
<Placemark><name>2697019</name><styleUrl>#styleDaimonCIRCUITO341TRECHO</styleUrl><LineString><coordinates>-48.888657,-10.150944,0 -48.888541,-10.150981,0</coordinates></LineString></Placemark>
<Placemark><name>2697017</name><styleUrl>#styleDaimonCIRCUITO341TRECHO</styleUrl><LineString><coordinates>-48.888657,-10.150944,0 -48.888602,-10.150825,0</coordinates></LineString></Placemark>
<Placemark><name>2697014</name><styleUrl>#styleDaimonCIRCUITO341TRECHO</styleUrl><LineString><coordinates>-48.888689,-10.151129,0 -48.888657,-10.150944,0</coordinates></LineString></Placemark>
<Placemark><name>2696789</name><styleUrl>#styleDaimonCIRCUITO341TRECHO</styleUrl><LineString><coordinates>-48.888793,-10.151484,0 -48.888689,-10.151129,0</coordinates></LineString></Placemark>
<Placemark><name>2697025</name><styleUrl>#styleDaimonCIRCUITO341TRECHO</styleUrl><LineString><coordinates>-48.888899,-10.151828,0 -48.888793,-10.151484,0</coordinates></LineString></Placemark>
<Placemark><name>2696795</name><styleUrl>#styleDaimonCIRCUITO341TRECHO</styleUrl><LineString><coordinates>-48.889066,-10.152324,0 -48.888899,-10.151828,0</coordinates></LineString></Placemark>
<Placemark><name>2696791</name><styleUrl>#styleDaimonCIRCUITO341TRECHO</styleUrl><LineString><coordinates>-48.889115,-10.152544,0 -48.889066,-10.152324,0</coordinates></LineString></Placemark>
<Placemark><name>2696796</name><styleUrl>#styleDaimonCIRCUITO341TRECHO</styleUrl><LineString><coordinates>-48.889161,-10.152892,0 -48.889115,-10.152544,0</coordinates></LineString></Placemark>
<Placemark><name>3001632</name><styleUrl>#styleDaimonCIRCUITO341TRECHO</styleUrl><LineString><coordinates>-48.896073,-10.149852,0 -48.896446,-10.149841,0</coordinates></LineString></Placemark>
<Placemark><name>3001633</name><styleUrl>#styleDaimonCIRCUITO341TRECHO</styleUrl><LineString><coordinates>-48.896446,-10.149841,0 -48.896836,-10.149853,0</coordinates></LineString></Placemark>
<Placemark><name>3001631</name><styleUrl>#styleDaimonCIRCUITO341TRECHO</styleUrl><LineString><coordinates>-48.895784,-10.149855,0 -48.896073,-10.149852,0</coordinates></LineString></Placemark>
<Placemark><name>3001634</name><styleUrl>#styleDaimonCIRCUITO341TRECHO</styleUrl><LineString><coordinates>-48.896836,-10.149853,0 -48.897157,-10.149871,0</coordinates></LineString></Placemark>
<Placemark><name>3001630</name><styleUrl>#styleDaimonCIRCUITO341TRECHO</styleUrl><LineString><coordinates>-48.895409,-10.149856,0 -48.895784,-10.149855,0</coordinates></LineString></Placemark>
<Placemark><name>3001635</name><styleUrl>#styleDaimonCIRCUITO341TRECHO</styleUrl><LineString><coordinates>-48.897157,-10.149871,0 -48.897469,-10.149867,0</coordinates></LineString></Placemark>
<Placemark><name>2997125</name><styleUrl>#styleDaimonCIRCUITO341TRECHO</styleUrl><LineString><coordinates>-48.895125,-10.149898,0 -48.895409,-10.149856,0</coordinates></LineString></Placemark>
<Placemark><name>3001636</name><styleUrl>#styleDaimonCIRCUITO341TRECHO</styleUrl><LineString><coordinates>-48.897469,-10.149867,0 -48.897674,-10.149882,0</coordinates></LineString></Placemark>
<Placemark><name>2997124</name><styleUrl>#styleDaimonCIRCUITO341TRECHO</styleUrl><LineString><coordinates>-48.894800,-10.149999,0 -48.895125,-10.149898,0</coordinates></LineString></Placemark>
<Placemark><name>3001637</name><styleUrl>#styleDaimonCIRCUITO341TRECHO</styleUrl><LineString><coordinates>-48.897674,-10.149882,0 -48.898018,-10.149898,0</coordinates></LineString></Placemark>
<Placemark><name>2997123</name><styleUrl>#styleDaimonCIRCUITO341TRECHO</styleUrl><LineString><coordinates>-48.894486,-10.150163,0 -48.894800,-10.149999,0</coordinates></LineString></Placemark>
<Placemark><name>3001638</name><styleUrl>#styleDaimonCIRCUITO341TRECHO</styleUrl><LineString><coordinates>-48.898018,-10.149898,0 -48.898421,-10.149935,0</coordinates></LineString></Placemark>
<Placemark><name>2997122</name><styleUrl>#styleDaimonCIRCUITO341TRECHO</styleUrl><LineString><coordinates>-48.894163,-10.150338,0 -48.894486,-10.150163,0</coordinates></LineString></Placemark>
<Placemark><name>2997121</name><styleUrl>#styleDaimonCIRCUITO341TRECHO</styleUrl><LineString><coordinates>-48.893785,-10.150531,0 -48.894163,-10.150338,0</coordinates></LineString></Placemark>
<Placemark><name>2997120</name><styleUrl>#styleDaimonCIRCUITO341TRECHO</styleUrl><LineString><coordinates>-48.893574,-10.150674,0 -48.893785,-10.150531,0</coordinates></LineString></Placemark>
<Placemark><name>2997119</name><styleUrl>#styleDaimonCIRCUITO341TRECHO</styleUrl><LineString><coordinates>-48.893452,-10.150722,0 -48.893574,-10.150674,0</coordinates></LineString></Placemark>
<Placemark><name>2997118</name><styleUrl>#styleDaimonCIRCUITO341TRECHO</styleUrl><LineString><coordinates>-48.893100,-10.150794,0 -48.893452,-10.150722,0</coordinates></LineString></Placemark>
<Placemark><name>12075407</name><styleUrl>#styleDaimonCIRCUITO341TRECHO</styleUrl><LineString><coordinates>-48.893078,-10.150805,0 -48.893100,-10.150794,0</coordinates></LineString></Placemark>
<Placemark><name>2996328</name><styleUrl>#styleDaimonCIRCUITO341TRECHO</styleUrl><LineString><coordinates>-48.892805,-10.150937,0 -48.893078,-10.150805,0</coordinates></LineString></Placemark>
<Placemark><name>2996327</name><styleUrl>#styleDaimonCIRCUITO341TRECHO</styleUrl><LineString><coordinates>-48.892205,-10.151278,0 -48.892805,-10.150937,0</coordinates></LineString></Placemark>
<Placemark><name>2536872</name><styleUrl>#styleDaimonCIRCUITO341TRECHO</styleUrl><LineString><coordinates>-48.891909,-10.151441,0 -48.892205,-10.151278,0</coordinates></LineString></Placemark>
<Placemark><name>2534516</name><styleUrl>#styleDaimonCIRCUITO341TRECHO</styleUrl><LineString><coordinates>-48.891554,-10.151613,0 -48.891909,-10.151441,0</coordinates></LineString></Placemark>
<Placemark><name>2996326</name><styleUrl>#styleDaimonCIRCUITO341TRECHO</styleUrl><LineString><coordinates>-48.891251,-10.151769,0 -48.891554,-10.151613,0</coordinates></LineString></Placemark>
<Placemark><name>2996325</name><styleUrl>#styleDaimonCIRCUITO341TRECHO</styleUrl><LineString><coordinates>-48.890932,-10.151912,0 -48.891251,-10.151769,0</coordinates></LineString></Placemark>
<Placemark><name>2996324</name><styleUrl>#styleDaimonCIRCUITO341TRECHO</styleUrl><LineString><coordinates>-48.890692,-10.152023,0 -48.890932,-10.151912,0</coordinates></LineString></Placemark>
<Placemark><name>2996323</name><styleUrl>#styleDaimonCIRCUITO341TRECHO</styleUrl><LineString><coordinates>-48.890416,-10.152182,0 -48.890692,-10.152023,0</coordinates></LineString></Placemark>
<Placemark><name>2996322</name><styleUrl>#styleDaimonCIRCUITO341TRECHO</styleUrl><LineString><coordinates>-48.890244,-10.152276,0 -48.890416,-10.152182,0</coordinates></LineString></Placemark>
<Placemark><name>2996321</name><styleUrl>#styleDaimonCIRCUITO341TRECHO</styleUrl><LineString><coordinates>-48.889887,-10.152501,0 -48.890244,-10.152276,0</coordinates></LineString></Placemark>
<Placemark><name>T_0362029013</name><styleUrl>#styleDaimonCIRCUITO341TRECHO</styleUrl><LineString><coordinates>-48.889850,-10.152523,0 -48.889887,-10.152501,0</coordinates></LineString></Placemark>
<Placemark><name>28315004</name><styleUrl>#styleDaimonCIRCUITO341TRECHO</styleUrl><LineString><coordinates>-48.889887,-10.152501,0 -48.889885,-10.152476,0</coordinates></LineString></Placemark>
<Placemark><name>2996320</name><styleUrl>#styleDaimonCIRCUITO341TRECHO</styleUrl><LineString><coordinates>-48.889540,-10.152700,0 -48.889850,-10.152523,0</coordinates></LineString></Placemark>
<Placemark><name>28315005</name><styleUrl>#styleDaimonCIRCUITO341TRECHO</styleUrl><LineString><coordinates>-48.889885,-10.152476,0 -48.889857,-10.152484,0</coordinates></LineString></Placemark>
<Placemark><name>3434602</name><styleUrl>#styleDaimonCIRCUITO341TRECHO</styleUrl><LineString><coordinates>-48.880213,-10.165922,0 -48.880211,-10.165970,0</coordinates></LineString></Placemark>
<Placemark><name>24584485</name><styleUrl>#styleDaimonCIRCUITO341TRECHO</styleUrl><LineString><coordinates>-48.880211,-10.165970,0 -48.880055,-10.165987,0</coordinates></LineString></Placemark>
<Placemark><name>2611408</name><styleUrl>#styleDaimonCIRCUITO341TRECHO</styleUrl><LineString><coordinates>-48.880160,-10.165389,0 -48.880174,-10.165086,0</coordinates></LineString></Placemark>
<Placemark><name>2611409</name><styleUrl>#styleDaimonCIRCUITO341TRECHO</styleUrl><LineString><coordinates>-48.880145,-10.165717,0 -48.880160,-10.165389,0</coordinates></LineString></Placemark>
<Placemark><name>2611407</name><styleUrl>#styleDaimonCIRCUITO341TRECHO</styleUrl><LineString><coordinates>-48.880174,-10.165086,0 -48.880189,-10.164764,0</coordinates></LineString></Placemark>
<Placemark><name>2611406</name><styleUrl>#styleDaimonCIRCUITO341TRECHO</styleUrl><LineString><coordinates>-48.880189,-10.164764,0 -48.880204,-10.164426,0</coordinates></LineString></Placemark>
<Placemark><name>2611405</name><styleUrl>#styleDaimonCIRCUITO341TRECHO</styleUrl><LineString><coordinates>-48.880204,-10.164426,0 -48.880222,-10.164026,0</coordinates></LineString></Placemark>
<Placemark><name>2611404</name><styleUrl>#styleDaimonCIRCUITO341TRECHO</styleUrl><LineString><coordinates>-48.880222,-10.164026,0 -48.880236,-10.163741,0</coordinates></LineString></Placemark>
<Placemark><name>2535230</name><styleUrl>#styleDaimonCIRCUITO341TRECHO</styleUrl><LineString><coordinates>-48.879136,-10.165885,0 -48.878865,-10.165876,0</coordinates></LineString></Placemark>
<Placemark><name>3434219</name><styleUrl>#styleDaimonCIRCUITO341TRECHO</styleUrl><LineString><coordinates>-48.878865,-10.165876,0 -48.878633,-10.165869,0</coordinates></LineString></Placemark>
<Placemark><name>2611706</name><styleUrl>#styleDaimonCIRCUITO341TRECHO</styleUrl><LineString><coordinates>-48.878633,-10.165869,0 -48.878210,-10.165856,0</coordinates></LineString></Placemark>
<Placemark><name>2611707</name><styleUrl>#styleDaimonCIRCUITO341TRECHO</styleUrl><LineString><coordinates>-48.878210,-10.165856,0 -48.877913,-10.165847,0</coordinates></LineString></Placemark>
<Placemark><name>2611708</name><styleUrl>#styleDaimonCIRCUITO341TRECHO</styleUrl><LineString><coordinates>-48.877913,-10.165847,0 -48.877631,-10.165839,0</coordinates></LineString></Placemark>
<Placemark><name>2609900</name><styleUrl>#styleDaimonCIRCUITO341TRECHO</styleUrl><LineString><coordinates>-48.877631,-10.165839,0 -48.877320,-10.165830,0</coordinates></LineString></Placemark>
<Placemark><name>2502134</name><styleUrl>#styleDaimonCIRCUITO341TRECHO</styleUrl><LineString><coordinates>-48.880007,-10.168908,0 -48.880062,-10.168909,0</coordinates></LineString></Placemark>
<Placemark><name>2497530</name><styleUrl>#styleDaimonCIRCUITO341TRECHO</styleUrl><LineString><coordinates>-48.879249,-10.165789,0 -48.879261,-10.165407,0</coordinates></LineString></Placemark>
<Placemark><name>2610494</name><styleUrl>#styleDaimonCIRCUITO341TRECHO</styleUrl><LineString><coordinates>-48.879261,-10.165407,0 -48.879273,-10.165105,0</coordinates></LineString></Placemark>
<Placemark><name>2610495</name><styleUrl>#styleDaimonCIRCUITO341TRECHO</styleUrl><LineString><coordinates>-48.879273,-10.165105,0 -48.879287,-10.164705,0</coordinates></LineString></Placemark>
<Placemark><name>2610496</name><styleUrl>#styleDaimonCIRCUITO341TRECHO</styleUrl><LineString><coordinates>-48.879287,-10.164705,0 -48.879298,-10.164384,0</coordinates></LineString></Placemark>
<Placemark><name>2497529</name><styleUrl>#styleDaimonCIRCUITO341TRECHO</styleUrl><LineString><coordinates>-48.879298,-10.164384,0 -48.879312,-10.164023,0</coordinates></LineString></Placemark>
<Placemark><name>56651338</name><styleUrl>#styleDaimonCIRCUITO341TRECHO</styleUrl><LineString><coordinates>-48.875992,-10.164269,0 -48.875972,-10.164242,0</coordinates></LineString></Placemark>
<Placemark><name>56651436</name><styleUrl>#styleDaimonCIRCUITO341TRECHO</styleUrl><LineString><coordinates>-48.875972,-10.164242,0 -48.875891,-10.164101,0</coordinates></LineString></Placemark>
<Placemark><name>56651346</name><styleUrl>#styleDaimonCIRCUITO341TRECHO</styleUrl><LineString><coordinates>-48.876109,-10.164392,0 -48.875992,-10.164269,0</coordinates></LineString></Placemark>
<Placemark><name>56651368</name><styleUrl>#styleDaimonCIRCUITO341TRECHO</styleUrl><LineString><coordinates>-48.876231,-10.164505,0 -48.876109,-10.164392,0</coordinates></LineString></Placemark>
<Placemark><name>33716680</name><styleUrl>#styleDaimonCIRCUITO341TRECHO</styleUrl><LineString><coordinates>-48.880816,-10.161645,0 -48.880799,-10.161658,0</coordinates></LineString></Placemark>
<Placemark><name>33716721</name><styleUrl>#styleDaimonCIRCUITO341TRECHO</styleUrl><LineString><coordinates>-48.880799,-10.161658,0 -48.880764,-10.161686,0</coordinates></LineString></Placemark>
<Placemark><name>33716584</name><styleUrl>#styleDaimonCIRCUITO341TRECHO</styleUrl><LineString><coordinates>-48.880791,-10.161819,0 -48.880816,-10.161645,0</coordinates></LineString></Placemark>
<Placemark><name>33716593</name><styleUrl>#styleDaimonCIRCUITO341TRECHO</styleUrl><LineString><coordinates>-48.880816,-10.161645,0 -48.880846,-10.161448,0</coordinates></LineString></Placemark>
<Placemark><name>33716682</name><styleUrl>#styleDaimonCIRCUITO341TRECHO</styleUrl><LineString><coordinates>-48.880764,-10.161686,0 -48.880745,-10.161693,0</coordinates></LineString></Placemark>
<Placemark><name>33716731</name><styleUrl>#styleDaimonCIRCUITO341TRECHO</styleUrl><LineString><coordinates>-48.880745,-10.161693,0 -48.880390,-10.161691,0</coordinates></LineString></Placemark>
<Placemark><name>33716758</name><styleUrl>#styleDaimonCIRCUITO341TRECHO</styleUrl><LineString><coordinates>-48.880390,-10.161691,0 -48.880025,-10.161688,0</coordinates></LineString></Placemark>
<Placemark><name>33716791</name><styleUrl>#styleDaimonCIRCUITO341TRECHO</styleUrl><LineString><coordinates>-48.880025,-10.161688,0 -48.879660,-10.161686,0</coordinates></LineString></Placemark>
<Placemark><name>33716817</name><styleUrl>#styleDaimonCIRCUITO341TRECHO</styleUrl><LineString><coordinates>-48.879660,-10.161686,0 -48.879364,-10.161684,0</coordinates></LineString></Placemark>
<Placemark><name>33716831</name><styleUrl>#styleDaimonCIRCUITO341TRECHO</styleUrl><LineString><coordinates>-48.879364,-10.161684,0 -48.879022,-10.161682,0</coordinates></LineString></Placemark>
<Placemark><name>33716959</name><styleUrl>#styleDaimonCIRCUITO341TRECHO</styleUrl><LineString><coordinates>-48.879022,-10.161682,0 -48.878667,-10.161680,0</coordinates></LineString></Placemark>
<Placemark><name>33716992</name><styleUrl>#styleDaimonCIRCUITO341TRECHO</styleUrl><LineString><coordinates>-48.878667,-10.161680,0 -48.878649,-10.161681,0</coordinates></LineString></Placemark>
<Placemark><name>33716969</name><styleUrl>#styleDaimonCIRCUITO341TRECHO</styleUrl><LineString><coordinates>-48.878649,-10.161681,0 -48.878545,-10.161713,0</coordinates></LineString></Placemark>
<Placemark><name>33717000</name><styleUrl>#styleDaimonCIRCUITO341TRECHO</styleUrl><LineString><coordinates>-48.878545,-10.161713,0 -48.878529,-10.161723,0</coordinates></LineString></Placemark>
<Placemark><name>33716979</name><styleUrl>#styleDaimonCIRCUITO341TRECHO</styleUrl><LineString><coordinates>-48.878529,-10.161723,0 -48.878389,-10.161836,0</coordinates></LineString></Placemark>
<Placemark><name>33716880</name><styleUrl>#styleDaimonCIRCUITO341TRECHO</styleUrl><LineString><coordinates>-48.878389,-10.161836,0 -48.878253,-10.161678,0</coordinates></LineString></Placemark>
<Placemark><name>33717270</name><styleUrl>#styleDaimonCIRCUITO341TRECHO</styleUrl><LineString><coordinates>-48.878389,-10.161836,0 -48.878297,-10.161912,0</coordinates></LineString></Placemark>
<Placemark><name>33717283</name><styleUrl>#styleDaimonCIRCUITO341TRECHO</styleUrl><LineString><coordinates>-48.878389,-10.161836,0 -48.878452,-10.161911,0</coordinates></LineString></Placemark>
<Placemark><name>33716890</name><styleUrl>#styleDaimonCIRCUITO341TRECHO</styleUrl><LineString><coordinates>-48.878253,-10.161678,0 -48.878053,-10.161442,0</coordinates></LineString></Placemark>
<Placemark><name>33717018</name><styleUrl>#styleDaimonCIRCUITO341TRECHO</styleUrl><LineString><coordinates>-48.878053,-10.161442,0 -48.877854,-10.161205,0</coordinates></LineString></Placemark>
<Placemark><name>33717028</name><styleUrl>#styleDaimonCIRCUITO341TRECHO</styleUrl><LineString><coordinates>-48.877854,-10.161205,0 -48.877655,-10.160970,0</coordinates></LineString></Placemark>
<Placemark><name>33717038</name><styleUrl>#styleDaimonCIRCUITO341TRECHO</styleUrl><LineString><coordinates>-48.877655,-10.160970,0 -48.877505,-10.160789,0</coordinates></LineString></Placemark>
<Placemark><name>33717063</name><styleUrl>#styleDaimonCIRCUITO341TRECHO</styleUrl><LineString><coordinates>-48.877505,-10.160789,0 -48.877454,-10.160848,0</coordinates></LineString></Placemark>
<Placemark><name>33717073</name><styleUrl>#styleDaimonCIRCUITO341TRECHO</styleUrl><LineString><coordinates>-48.877505,-10.160789,0 -48.877653,-10.160612,0</coordinates></LineString></Placemark>
<Placemark><name>33717053</name><styleUrl>#styleDaimonCIRCUITO341TRECHO</styleUrl><LineString><coordinates>-48.877505,-10.160789,0 -48.877452,-10.160730,0</coordinates></LineString></Placemark>
<Placemark><name>33717083</name><styleUrl>#styleDaimonCIRCUITO341TRECHO</styleUrl><LineString><coordinates>-48.877653,-10.160612,0 -48.877844,-10.160384,0</coordinates></LineString></Placemark>
<Placemark><name>33717093</name><styleUrl>#styleDaimonCIRCUITO341TRECHO</styleUrl><LineString><coordinates>-48.877844,-10.160384,0 -48.878036,-10.160155,0</coordinates></LineString></Placemark>
<Placemark><name>33717103</name><styleUrl>#styleDaimonCIRCUITO341TRECHO</styleUrl><LineString><coordinates>-48.878036,-10.160155,0 -48.878214,-10.159943,0</coordinates></LineString></Placemark>
<Placemark><name>33717113</name><styleUrl>#styleDaimonCIRCUITO341TRECHO</styleUrl><LineString><coordinates>-48.878214,-10.159943,0 -48.878342,-10.159790,0</coordinates></LineString></Placemark>
<Placemark><name>12033381</name><styleUrl>#styleDaimonCIRCUITO341TRECHO</styleUrl><LineString><coordinates>-48.880764,-10.161845,0 -48.880764,-10.161831,0</coordinates></LineString></Placemark>
<Placemark><name>2497528</name><styleUrl>#styleDaimonCIRCUITO341TRECHO</styleUrl><LineString><coordinates>-48.880764,-10.161831,0 -48.879876,-10.161211,0</coordinates></LineString></Placemark>
<Placemark><name>2497527</name><styleUrl>#styleDaimonCIRCUITO341TRECHO</styleUrl><LineString><coordinates>-48.880763,-10.162019,0 -48.880764,-10.161845,0</coordinates></LineString></Placemark>
<Placemark><name>74097663</name><styleUrl>#styleDaimonCIRCUITO341TRECHO</styleUrl><LineString><coordinates>-48.881592,-10.157788,0 -48.881499,-10.158115,0</coordinates></LineString></Placemark>
<Placemark><name>74097647</name><styleUrl>#styleDaimonCIRCUITO341TRECHO</styleUrl><LineString><coordinates>-48.881499,-10.158115,0 -48.881401,-10.158442,0</coordinates></LineString></Placemark>
<Placemark><name>74097662</name><styleUrl>#styleDaimonCIRCUITO341TRECHO</styleUrl><LineString><coordinates>-48.881697,-10.157446,0 -48.881592,-10.157788,0</coordinates></LineString></Placemark>
<Placemark><name>74097661</name><styleUrl>#styleDaimonCIRCUITO341TRECHO</styleUrl><LineString><coordinates>-48.881769,-10.157213,0 -48.881697,-10.157446,0</coordinates></LineString></Placemark>
<Placemark><name>74100478</name><styleUrl>#styleDaimonCIRCUITO341TRECHO</styleUrl><LineString><coordinates>-48.881881,-10.156858,0 -48.881769,-10.157213,0</coordinates></LineString></Placemark>
<Placemark><name>74100479</name><styleUrl>#styleDaimonCIRCUITO341TRECHO</styleUrl><LineString><coordinates>-48.881952,-10.156618,0 -48.881881,-10.156858,0</coordinates></LineString></Placemark>
<Placemark><name>74100480</name><styleUrl>#styleDaimonCIRCUITO341TRECHO</styleUrl><LineString><coordinates>-48.882045,-10.156308,0 -48.881952,-10.156618,0</coordinates></LineString></Placemark>
<Placemark><name>28315003</name><styleUrl>#styleDaimonCIRCUITO341TRECHO</styleUrl><LineString><coordinates>-48.889884,-10.152500,0 -48.889853,-10.152484,0</coordinates></LineString></Placemark>
<Placemark><name>3001640</name><styleUrl>#styleDaimonCIRCUITO341TRECHO</styleUrl><LineString><coordinates>-48.898824,-10.150044,0 -48.899190,-10.150168,0</coordinates></LineString></Placemark>
<Placemark><name>3001641</name><styleUrl>#styleDaimonCIRCUITO341TRECHO</styleUrl><LineString><coordinates>-48.899190,-10.150168,0 -48.899319,-10.150220,0</coordinates></LineString></Placemark>
<Placemark><name>3001639</name><styleUrl>#styleDaimonCIRCUITO341TRECHO</styleUrl><LineString><coordinates>-48.898462,-10.149947,0 -48.898824,-10.150044,0</coordinates></LineString></Placemark>
<Placemark><name>3001642</name><styleUrl>#styleDaimonCIRCUITO341TRECHO</styleUrl><LineString><coordinates>-48.899319,-10.150220,0 -48.899601,-10.150317,0</coordinates></LineString></Placemark>
<Placemark><name>3001862</name><styleUrl>#styleDaimonCIRCUITO341TRECHO</styleUrl><LineString><coordinates>-48.899601,-10.150317,0 -48.899672,-10.150340,0</coordinates></LineString></Placemark>
<Placemark><name>3001863</name><styleUrl>#styleDaimonCIRCUITO341TRECHO</styleUrl><LineString><coordinates>-48.899672,-10.150340,0 -48.899853,-10.150384,0</coordinates></LineString></Placemark>
<Placemark><name>3001868</name><styleUrl>#styleDaimonCIRCUITO341TRECHO</styleUrl><LineString><coordinates>-48.899672,-10.150340,0 -48.899650,-10.150449,0</coordinates></LineString></Placemark>
<Placemark><name>3001864</name><styleUrl>#styleDaimonCIRCUITO341TRECHO</styleUrl><LineString><coordinates>-48.899672,-10.150340,0 -48.899778,-10.150091,0</coordinates></LineString></Placemark>
<Placemark><name>2904154</name><styleUrl>#styleDaimonCIRCUITO341TRECHO</styleUrl><LineString><coordinates>-48.899853,-10.150384,0 -48.900101,-10.150470,0</coordinates></LineString></Placemark>
<Placemark><name>3001869</name><styleUrl>#styleDaimonCIRCUITO341TRECHO</styleUrl><LineString><coordinates>-48.899650,-10.150449,0 -48.899563,-10.150707,0</coordinates></LineString></Placemark>
<Placemark><name>2904155</name><styleUrl>#styleDaimonCIRCUITO341TRECHO</styleUrl><LineString><coordinates>-48.900101,-10.150470,0 -48.900443,-10.150600,0</coordinates></LineString></Placemark>
<Placemark><name>3001867</name><styleUrl>#styleDaimonCIRCUITO341TRECHO</styleUrl><LineString><coordinates>-48.899563,-10.150707,0 -48.899426,-10.151042,0</coordinates></LineString></Placemark>
<Placemark><name>3001643</name><styleUrl>#styleDaimonCIRCUITO341TRECHO</styleUrl><LineString><coordinates>-48.900443,-10.150600,0 -48.900763,-10.150701,0</coordinates></LineString></Placemark>
<Placemark><name>3001866</name><styleUrl>#styleDaimonCIRCUITO341TRECHO</styleUrl><LineString><coordinates>-48.899426,-10.151042,0 -48.899333,-10.151321,0</coordinates></LineString></Placemark>
<Placemark><name>3001644</name><styleUrl>#styleDaimonCIRCUITO341TRECHO</styleUrl><LineString><coordinates>-48.900763,-10.150701,0 -48.901122,-10.150828,0</coordinates></LineString></Placemark>
<Placemark><name>3001865</name><styleUrl>#styleDaimonCIRCUITO341TRECHO</styleUrl><LineString><coordinates>-48.899333,-10.151321,0 -48.899214,-10.151654,0</coordinates></LineString></Placemark>
<Placemark><name>3001645</name><styleUrl>#styleDaimonCIRCUITO341TRECHO</styleUrl><LineString><coordinates>-48.901122,-10.150828,0 -48.901340,-10.150898,0</coordinates></LineString></Placemark>
<Placemark><name>3001646</name><styleUrl>#styleDaimonCIRCUITO341TRECHO</styleUrl><LineString><coordinates>-48.901340,-10.150898,0 -48.901803,-10.151051,0</coordinates></LineString></Placemark>
<Placemark><name>3001647</name><styleUrl>#styleDaimonCIRCUITO341TRECHO</styleUrl><LineString><coordinates>-48.901803,-10.151051,0 -48.902148,-10.151171,0</coordinates></LineString></Placemark>
<Placemark><name>12075408</name><styleUrl>#styleDaimonCIRCUITO341TRECHO</styleUrl><LineString><coordinates>-48.902148,-10.151171,0 -48.902177,-10.151189,0</coordinates></LineString></Placemark>
<Placemark><name>2708433</name><styleUrl>#styleDaimonCIRCUITO341TRECHO</styleUrl><LineString><coordinates>-48.877232,-10.165826,0 -48.877246,-10.165572,0</coordinates></LineString></Placemark>
<Placemark><name>2708434</name><styleUrl>#styleDaimonCIRCUITO341TRECHO</styleUrl><LineString><coordinates>-48.877232,-10.165826,0 -48.877229,-10.165919,0</coordinates></LineString></Placemark>
<Placemark><name>2535231</name><styleUrl>#styleDaimonCIRCUITO341TRECHO</styleUrl><LineString><coordinates>-48.877348,-10.165830,0 -48.877232,-10.165826,0</coordinates></LineString></Placemark>
<Placemark><name>2708432</name><styleUrl>#styleDaimonCIRCUITO341TRECHO</styleUrl><LineString><coordinates>-48.877232,-10.165826,0 -48.876958,-10.165818,0</coordinates></LineString></Placemark>
<Placemark><name>3434019</name><styleUrl>#styleDaimonCIRCUITO341TRECHO</styleUrl><LineString><coordinates>-48.877229,-10.165919,0 -48.877214,-10.166258,0</coordinates></LineString></Placemark>
<Placemark><name>3434021</name><styleUrl>#styleDaimonCIRCUITO341TRECHO</styleUrl><LineString><coordinates>-48.876958,-10.165818,0 -48.876559,-10.165807,0</coordinates></LineString></Placemark>
<Placemark><name>2612146</name><styleUrl>#styleDaimonCIRCUITO341TRECHO</styleUrl><LineString><coordinates>-48.877214,-10.166258,0 -48.877199,-10.166606,0</coordinates></LineString></Placemark>
<Placemark><name>2504743</name><styleUrl>#styleDaimonCIRCUITO341TRECHO</styleUrl><LineString><coordinates>-48.876559,-10.165807,0 -48.876477,-10.165802,0</coordinates></LineString></Placemark>
<Placemark><name>2612145</name><styleUrl>#styleDaimonCIRCUITO341TRECHO</styleUrl><LineString><coordinates>-48.877199,-10.166606,0 -48.877184,-10.166935,0</coordinates></LineString></Placemark>
<Placemark><name>2504745</name><styleUrl>#styleDaimonCIRCUITO341TRECHO</styleUrl><LineString><coordinates>-48.876477,-10.165802,0 -48.876502,-10.165865,0</coordinates></LineString></Placemark>
<Placemark><name>2504746</name><styleUrl>#styleDaimonCIRCUITO341TRECHO</styleUrl><LineString><coordinates>-48.876477,-10.165802,0 -48.876424,-10.165668,0</coordinates></LineString></Placemark>
<Placemark><name>2612143</name><styleUrl>#styleDaimonCIRCUITO341TRECHO</styleUrl><LineString><coordinates>-48.877184,-10.166935,0 -48.877168,-10.167300,0</coordinates></LineString></Placemark>
<Placemark><name>2505676</name><styleUrl>#styleDaimonCIRCUITO341TRECHO</styleUrl><LineString><coordinates>-48.877168,-10.167300,0 -48.877156,-10.167533,0</coordinates></LineString></Placemark>
<Placemark><name>2505677</name><styleUrl>#styleDaimonCIRCUITO341TRECHO</styleUrl><LineString><coordinates>-48.877156,-10.167533,0 -48.877153,-10.167623,0</coordinates></LineString></Placemark>
<Placemark><name>2505679</name><styleUrl>#styleDaimonCIRCUITO341TRECHO</styleUrl><LineString><coordinates>-48.877156,-10.167533,0 -48.876889,-10.167523,0</coordinates></LineString></Placemark>
<Placemark><name>2505678</name><styleUrl>#styleDaimonCIRCUITO341TRECHO</styleUrl><LineString><coordinates>-48.877156,-10.167533,0 -48.877229,-10.167537,0</coordinates></LineString></Placemark>
<Placemark><name>2495722</name><styleUrl>#styleDaimonCIRCUITO341TRECHO</styleUrl><LineString><coordinates>-48.877229,-10.167537,0 -48.877671,-10.167557,0</coordinates></LineString></Placemark>
<Placemark><name>2504242</name><styleUrl>#styleDaimonCIRCUITO341TRECHO</styleUrl><LineString><coordinates>-48.877671,-10.167557,0 -48.877892,-10.167566,0</coordinates></LineString></Placemark>
<Placemark><name>2504243</name><styleUrl>#styleDaimonCIRCUITO341TRECHO</styleUrl><LineString><coordinates>-48.877892,-10.167566,0 -48.878166,-10.167579,0</coordinates></LineString></Placemark>
<Placemark><name>2504244</name><styleUrl>#styleDaimonCIRCUITO341TRECHO</styleUrl><LineString><coordinates>-48.877892,-10.167566,0 -48.877900,-10.167397,0</coordinates></LineString></Placemark>
<Placemark><name>2504245</name><styleUrl>#styleDaimonCIRCUITO341TRECHO</styleUrl><LineString><coordinates>-48.877892,-10.167566,0 -48.877891,-10.167641,0</coordinates></LineString></Placemark>
<Placemark><name>2503595</name><styleUrl>#styleDaimonCIRCUITO341TRECHO</styleUrl><LineString><coordinates>-48.877891,-10.167641,0 -48.877878,-10.167962,0</coordinates></LineString></Placemark>
<Placemark><name>2495633</name><styleUrl>#styleDaimonCIRCUITO341TRECHO</styleUrl><LineString><coordinates>-48.877878,-10.167962,0 -48.877864,-10.168304,0</coordinates></LineString></Placemark>
<Placemark><name>56652639</name><styleUrl>#styleDaimonCIRCUITO341TRECHO</styleUrl><LineString><coordinates>-48.869299,-10.154399,0 -48.869297,-10.154422,0</coordinates></LineString></Placemark>
<Placemark><name>56651724</name><styleUrl>#styleDaimonCIRCUITO341TRECHO</styleUrl><LineString><coordinates>-48.869518,-10.154785,0 -48.869299,-10.154399,0</coordinates></LineString></Placemark>
<Placemark><name>56651714</name><styleUrl>#styleDaimonCIRCUITO341TRECHO</styleUrl><LineString><coordinates>-48.869299,-10.154399,0 -48.869193,-10.154205,0</coordinates></LineString></Placemark>
<Placemark><name>56652644</name><styleUrl>#styleDaimonCIRCUITO341TRECHO</styleUrl><LineString><coordinates>-48.869297,-10.154422,0 -48.869295,-10.154465,0</coordinates></LineString></Placemark>
<Placemark><name>56651640</name><styleUrl>#styleDaimonCIRCUITO341TRECHO</styleUrl><LineString><coordinates>-48.869543,-10.154794,0 -48.869518,-10.154785,0</coordinates></LineString></Placemark>
<Placemark><name>56651649</name><styleUrl>#styleDaimonCIRCUITO341TRECHO</styleUrl><LineString><coordinates>-48.869193,-10.154205,0 -48.869179,-10.154178,0</coordinates></LineString></Placemark>
<Placemark><name>2494468</name><styleUrl>#styleDaimonCIRCUITO341TRECHO</styleUrl><LineString><coordinates>-48.869295,-10.154465,0 -48.868826,-10.154657,0</coordinates></LineString></Placemark>
<Placemark><name>56651706</name><styleUrl>#styleDaimonCIRCUITO341TRECHO</styleUrl><LineString><coordinates>-48.869853,-10.154693,0 -48.869543,-10.154794,0</coordinates></LineString></Placemark>
<Placemark><name>56651731</name><styleUrl>#styleDaimonCIRCUITO341TRECHO</styleUrl><LineString><coordinates>-48.869179,-10.154178,0 -48.868921,-10.153657,0</coordinates></LineString></Placemark>
<Placemark><name>56651631</name><styleUrl>#styleDaimonCIRCUITO341TRECHO</styleUrl><LineString><coordinates>-48.869879,-10.154701,0 -48.869853,-10.154693,0</coordinates></LineString></Placemark>
<Placemark><name>56651657</name><styleUrl>#styleDaimonCIRCUITO341TRECHO</styleUrl><LineString><coordinates>-48.868921,-10.153657,0 -48.868908,-10.153633,0</coordinates></LineString></Placemark>
<Placemark><name>56651698</name><styleUrl>#styleDaimonCIRCUITO341TRECHO</styleUrl><LineString><coordinates>-48.870159,-10.155250,0 -48.869879,-10.154701,0</coordinates></LineString></Placemark>
<Placemark><name>56651782</name><styleUrl>#styleDaimonCIRCUITO341TRECHO</styleUrl><LineString><coordinates>-48.868908,-10.153633,0 -48.868674,-10.153220,0</coordinates></LineString></Placemark>
<Placemark><name>56651623</name><styleUrl>#styleDaimonCIRCUITO341TRECHO</styleUrl><LineString><coordinates>-48.870172,-10.155275,0 -48.870159,-10.155250,0</coordinates></LineString></Placemark>
<Placemark><name>56651772</name><styleUrl>#styleDaimonCIRCUITO341TRECHO</styleUrl><LineString><coordinates>-48.868674,-10.153220,0 -48.868386,-10.152790,0</coordinates></LineString></Placemark>
<Placemark><name>56651665</name><styleUrl>#styleDaimonCIRCUITO341TRECHO</styleUrl><LineString><coordinates>-48.870417,-10.155722,0 -48.870172,-10.155275,0</coordinates></LineString></Placemark>
<Placemark><name>56651740</name><styleUrl>#styleDaimonCIRCUITO341TRECHO</styleUrl><LineString><coordinates>-48.868386,-10.152790,0 -48.868375,-10.152762,0</coordinates></LineString></Placemark>
<Placemark><name>56651679</name><styleUrl>#styleDaimonCIRCUITO341TRECHO</styleUrl><LineString><coordinates>-48.870690,-10.156267,0 -48.870417,-10.155722,0</coordinates></LineString></Placemark>
<Placemark><name>56651789</name><styleUrl>#styleDaimonCIRCUITO341TRECHO</styleUrl><LineString><coordinates>-48.868375,-10.152762,0 -48.868307,-10.152408,0</coordinates></LineString></Placemark>
<Placemark><name>56651678</name><styleUrl>#styleDaimonCIRCUITO341TRECHO</styleUrl><LineString><coordinates>-48.870934,-10.156740,0 -48.870690,-10.156267,0</coordinates></LineString></Placemark>
<Placemark><name>56651748</name><styleUrl>#styleDaimonCIRCUITO341TRECHO</styleUrl><LineString><coordinates>-48.868307,-10.152408,0 -48.868303,-10.152376,0</coordinates></LineString></Placemark>
<Placemark><name>56651677</name><styleUrl>#styleDaimonCIRCUITO341TRECHO</styleUrl><LineString><coordinates>-48.871187,-10.157212,0 -48.870934,-10.156740,0</coordinates></LineString></Placemark>
<Placemark><name>56651798</name><styleUrl>#styleDaimonCIRCUITO341TRECHO</styleUrl><LineString><coordinates>-48.868303,-10.152376,0 -48.868301,-10.152232,0</coordinates></LineString></Placemark>
<Placemark><name>56651590</name><styleUrl>#styleDaimonCIRCUITO341TRECHO</styleUrl><LineString><coordinates>-48.871207,-10.157238,0 -48.871187,-10.157212,0</coordinates></LineString></Placemark>
<Placemark><name>56651756</name><styleUrl>#styleDaimonCIRCUITO341TRECHO</styleUrl><LineString><coordinates>-48.868301,-10.152232,0 -48.868293,-10.152209,0</coordinates></LineString></Placemark>
<Placemark><name>56651598</name><styleUrl>#styleDaimonCIRCUITO341TRECHO</styleUrl><LineString><coordinates>-48.871548,-10.157538,0 -48.871207,-10.157238,0</coordinates></LineString></Placemark>
<Placemark><name>56651807</name><styleUrl>#styleDaimonCIRCUITO341TRECHO</styleUrl><LineString><coordinates>-48.868293,-10.152209,0 -48.867963,-10.151592,0</coordinates></LineString></Placemark>
<Placemark><name>56651610</name><styleUrl>#styleDaimonCIRCUITO341TRECHO</styleUrl><LineString><coordinates>-48.871917,-10.157907,0 -48.871548,-10.157538,0</coordinates></LineString></Placemark>
<Placemark><name>56651764</name><styleUrl>#styleDaimonCIRCUITO341TRECHO</styleUrl><LineString><coordinates>-48.867963,-10.151592,0 -48.867950,-10.151567,0</coordinates></LineString></Placemark>
<Placemark><name>56651609</name><styleUrl>#styleDaimonCIRCUITO341TRECHO</styleUrl><LineString><coordinates>-48.872260,-10.158216,0 -48.871917,-10.157907,0</coordinates></LineString></Placemark>
<Placemark><name>56651854</name><styleUrl>#styleDaimonCIRCUITO341TRECHO</styleUrl><LineString><coordinates>-48.867950,-10.151567,0 -48.867672,-10.151065,0</coordinates></LineString></Placemark>
<Placemark><name>56651532</name><styleUrl>#styleDaimonCIRCUITO341TRECHO</styleUrl><LineString><coordinates>-48.872281,-10.158238,0 -48.872260,-10.158216,0</coordinates></LineString></Placemark>
<Placemark><name>56651855</name><styleUrl>#styleDaimonCIRCUITO341TRECHO</styleUrl><LineString><coordinates>-48.867672,-10.151065,0 -48.867436,-10.150604,0</coordinates></LineString></Placemark>
<Placemark><name>56651581</name><styleUrl>#styleDaimonCIRCUITO341TRECHO</styleUrl><LineString><coordinates>-48.872726,-10.158745,0 -48.872281,-10.158238,0</coordinates></LineString></Placemark>
<Placemark><name>56651856</name><styleUrl>#styleDaimonCIRCUITO341TRECHO</styleUrl><LineString><coordinates>-48.867436,-10.150604,0 -48.867244,-10.150231,0</coordinates></LineString></Placemark>
<Placemark><name>56651540</name><styleUrl>#styleDaimonCIRCUITO341TRECHO</styleUrl><LineString><coordinates>-48.872745,-10.158769,0 -48.872726,-10.158745,0</coordinates></LineString></Placemark>
<Placemark><name>56651857</name><styleUrl>#styleDaimonCIRCUITO341TRECHO</styleUrl><LineString><coordinates>-48.867244,-10.150231,0 -48.867096,-10.149796,0</coordinates></LineString></Placemark>
<Placemark><name>56651548</name><styleUrl>#styleDaimonCIRCUITO341TRECHO</styleUrl><LineString><coordinates>-48.873095,-10.159215,0 -48.872745,-10.158769,0</coordinates></LineString></Placemark>
<Placemark><name>56651858</name><styleUrl>#styleDaimonCIRCUITO341TRECHO</styleUrl><LineString><coordinates>-48.867096,-10.149796,0 -48.867036,-10.149283,0</coordinates></LineString></Placemark>
<Placemark><name>56651562</name><styleUrl>#styleDaimonCIRCUITO341TRECHO</styleUrl><LineString><coordinates>-48.873433,-10.159550,0 -48.873095,-10.159215,0</coordinates></LineString></Placemark>
<Placemark><name>56651840</name><styleUrl>#styleDaimonCIRCUITO341TRECHO</styleUrl><LineString><coordinates>-48.867036,-10.149283,0 -48.866995,-10.148691,0</coordinates></LineString></Placemark>
<Placemark><name>56651561</name><styleUrl>#styleDaimonCIRCUITO341TRECHO</styleUrl><LineString><coordinates>-48.873824,-10.159960,0 -48.873433,-10.159550,0</coordinates></LineString></Placemark>
<Placemark><name>56651816</name><styleUrl>#styleDaimonCIRCUITO341TRECHO</styleUrl><LineString><coordinates>-48.866995,-10.148691,0 -48.866993,-10.148662,0</coordinates></LineString></Placemark>
<Placemark><name>56651560</name><styleUrl>#styleDaimonCIRCUITO341TRECHO</styleUrl><LineString><coordinates>-48.874177,-10.160377,0 -48.873824,-10.159960,0</coordinates></LineString></Placemark>
<Placemark><name>56651889</name><styleUrl>#styleDaimonCIRCUITO341TRECHO</styleUrl><LineString><coordinates>-48.866993,-10.148662,0 -48.866946,-10.147885,0</coordinates></LineString></Placemark>
<Placemark><name>56651507</name><styleUrl>#styleDaimonCIRCUITO341TRECHO</styleUrl><LineString><coordinates>-48.874197,-10.160398,0 -48.874177,-10.160377,0</coordinates></LineString></Placemark>
<Placemark><name>56651824</name><styleUrl>#styleDaimonCIRCUITO341TRECHO</styleUrl><LineString><coordinates>-48.866946,-10.147885,0 -48.866944,-10.147853,0</coordinates></LineString></Placemark>
<Placemark><name>56651515</name><styleUrl>#styleDaimonCIRCUITO341TRECHO</styleUrl><LineString><coordinates>-48.874554,-10.160705,0 -48.874197,-10.160398,0</coordinates></LineString></Placemark>
<Placemark><name>56651898</name><styleUrl>#styleDaimonCIRCUITO341TRECHO</styleUrl><LineString><coordinates>-48.866944,-10.147853,0 -48.866929,-10.147413,0</coordinates></LineString></Placemark>
<Placemark><name>56651525</name><styleUrl>#styleDaimonCIRCUITO341TRECHO</styleUrl><LineString><coordinates>-48.874621,-10.160778,0 -48.874554,-10.160705,0</coordinates></LineString></Placemark>
<Placemark><name>56651832</name><styleUrl>#styleDaimonCIRCUITO341TRECHO</styleUrl><LineString><coordinates>-48.866929,-10.147413,0 -48.866927,-10.147384,0</coordinates></LineString></Placemark>
<Placemark><name>56652619</name><styleUrl>#styleDaimonCIRCUITO341TRECHO</styleUrl><LineString><coordinates>-48.874944,-10.161131,0 -48.874621,-10.160778,0</coordinates></LineString></Placemark>
<Placemark><name>56651934</name><styleUrl>#styleDaimonCIRCUITO341TRECHO</styleUrl><LineString><coordinates>-48.866927,-10.147384,0 -48.866897,-10.146849,0</coordinates></LineString></Placemark>
<Placemark><name>56651458</name><styleUrl>#styleDaimonCIRCUITO341TRECHO</styleUrl><LineString><coordinates>-48.874959,-10.161155,0 -48.874944,-10.161131,0</coordinates></LineString></Placemark>
<Placemark><name>56651935</name><styleUrl>#styleDaimonCIRCUITO341TRECHO</styleUrl><LineString><coordinates>-48.866897,-10.146849,0 -48.866861,-10.146364,0</coordinates></LineString></Placemark>
<Placemark><name>56651466</name><styleUrl>#styleDaimonCIRCUITO341TRECHO</styleUrl><LineString><coordinates>-48.875060,-10.161481,0 -48.874959,-10.161155,0</coordinates></LineString></Placemark>
<Placemark><name>56651923</name><styleUrl>#styleDaimonCIRCUITO341TRECHO</styleUrl><LineString><coordinates>-48.866861,-10.146364,0 -48.866840,-10.145839,0</coordinates></LineString></Placemark>
<Placemark><name>56651482</name><styleUrl>#styleDaimonCIRCUITO341TRECHO</styleUrl><LineString><coordinates>-48.875193,-10.161949,0 -48.875060,-10.161481,0</coordinates></LineString></Placemark>
<Placemark><name>56651915</name><styleUrl>#styleDaimonCIRCUITO341TRECHO</styleUrl><LineString><coordinates>-48.866840,-10.145839,0 -48.866838,-10.145811,0</coordinates></LineString></Placemark>
<Placemark><name>56651481</name><styleUrl>#styleDaimonCIRCUITO341TRECHO</styleUrl><LineString><coordinates>-48.875340,-10.162457,0 -48.875193,-10.161949,0</coordinates></LineString></Placemark>
<Placemark><name>56651948</name><styleUrl>#styleDaimonCIRCUITO341TRECHO</styleUrl><LineString><coordinates>-48.866838,-10.145811,0 -48.866807,-10.145386,0</coordinates></LineString></Placemark>
<Placemark><name>56651480</name><styleUrl>#styleDaimonCIRCUITO341TRECHO</styleUrl><LineString><coordinates>-48.875472,-10.162842,0 -48.875340,-10.162457,0</coordinates></LineString></Placemark>
<Placemark><name>56651907</name><styleUrl>#styleDaimonCIRCUITO341TRECHO</styleUrl><LineString><coordinates>-48.866807,-10.145386,0 -48.866805,-10.145356,0</coordinates></LineString></Placemark>
<Placemark><name>56651479</name><styleUrl>#styleDaimonCIRCUITO341TRECHO</styleUrl><LineString><coordinates>-48.875613,-10.163339,0 -48.875472,-10.162842,0</coordinates></LineString></Placemark>
<Placemark><name>56651992</name><styleUrl>#styleDaimonCIRCUITO341TRECHO</styleUrl><LineString><coordinates>-48.866805,-10.145356,0 -48.866787,-10.144984,0</coordinates></LineString></Placemark>
<Placemark><name>56651450</name><styleUrl>#styleDaimonCIRCUITO341TRECHO</styleUrl><LineString><coordinates>-48.875621,-10.163365,0 -48.875613,-10.163339,0</coordinates></LineString></Placemark>
<Placemark><name>56651993</name><styleUrl>#styleDaimonCIRCUITO341TRECHO</styleUrl><LineString><coordinates>-48.866787,-10.144984,0 -48.866748,-10.144544,0</coordinates></LineString></Placemark>
<Placemark><name>56651425</name><styleUrl>#styleDaimonCIRCUITO341TRECHO</styleUrl><LineString><coordinates>-48.875797,-10.163839,0 -48.875621,-10.163365,0</coordinates></LineString></Placemark>
<Placemark><name>56651981</name><styleUrl>#styleDaimonCIRCUITO341TRECHO</styleUrl><LineString><coordinates>-48.866748,-10.144544,0 -48.866713,-10.144112,0</coordinates></LineString></Placemark>
<Placemark><name>56651437</name><styleUrl>#styleDaimonCIRCUITO341TRECHO</styleUrl><LineString><coordinates>-48.875882,-10.164076,0 -48.875797,-10.163839,0</coordinates></LineString></Placemark>
<Placemark><name>56651973</name><styleUrl>#styleDaimonCIRCUITO341TRECHO</styleUrl><LineString><coordinates>-48.866713,-10.144112,0 -48.866706,-10.144084,0</coordinates></LineString></Placemark>
<Placemark><name>56652006</name><styleUrl>#styleDaimonCIRCUITO341TRECHO</styleUrl><LineString><coordinates>-48.866706,-10.144084,0 -48.866535,-10.143674,0</coordinates></LineString></Placemark>
<Placemark><name>56651965</name><styleUrl>#styleDaimonCIRCUITO341TRECHO</styleUrl><LineString><coordinates>-48.866535,-10.143674,0 -48.866517,-10.143648,0</coordinates></LineString></Placemark>
<Placemark><name>56652015</name><styleUrl>#styleDaimonCIRCUITO341TRECHO</styleUrl><LineString><coordinates>-48.866517,-10.143648,0 -48.866111,-10.143272,0</coordinates></LineString></Placemark>
<Placemark><name>56651957</name><styleUrl>#styleDaimonCIRCUITO341TRECHO</styleUrl><LineString><coordinates>-48.866111,-10.143272,0 -48.866085,-10.143251,0</coordinates></LineString></Placemark>
<Placemark><name>56652070</name><styleUrl>#styleDaimonCIRCUITO341TRECHO</styleUrl><LineString><coordinates>-48.866085,-10.143251,0 -48.865619,-10.142954,0</coordinates></LineString></Placemark>
<Placemark><name>56652071</name><styleUrl>#styleDaimonCIRCUITO341TRECHO</styleUrl><LineString><coordinates>-48.865619,-10.142954,0 -48.865307,-10.142767,0</coordinates></LineString></Placemark>
<Placemark><name>56652072</name><styleUrl>#styleDaimonCIRCUITO341TRECHO</styleUrl><LineString><coordinates>-48.865307,-10.142767,0 -48.865009,-10.142577,0</coordinates></LineString></Placemark>
<Placemark><name>56652073</name><styleUrl>#styleDaimonCIRCUITO341TRECHO</styleUrl><LineString><coordinates>-48.865009,-10.142577,0 -48.864771,-10.142424,0</coordinates></LineString></Placemark>
<Placemark><name>56652074</name><styleUrl>#styleDaimonCIRCUITO341TRECHO</styleUrl><LineString><coordinates>-48.864771,-10.142424,0 -48.864544,-10.142297,0</coordinates></LineString></Placemark>
<Placemark><name>56652056</name><styleUrl>#styleDaimonCIRCUITO341TRECHO</styleUrl><LineString><coordinates>-48.864544,-10.142297,0 -48.864244,-10.142109,0</coordinates></LineString></Placemark>
<Placemark><name>56652048</name><styleUrl>#styleDaimonCIRCUITO341TRECHO</styleUrl><LineString><coordinates>-48.864244,-10.142109,0 -48.864218,-10.142091,0</coordinates></LineString></Placemark>
<Placemark><name>56652105</name><styleUrl>#styleDaimonCIRCUITO341TRECHO</styleUrl><LineString><coordinates>-48.864218,-10.142091,0 -48.863702,-10.141764,0</coordinates></LineString></Placemark>
<Placemark><name>56652040</name><styleUrl>#styleDaimonCIRCUITO341TRECHO</styleUrl><LineString><coordinates>-48.863702,-10.141764,0 -48.863675,-10.141748,0</coordinates></LineString></Placemark>
<Placemark><name>56652114</name><styleUrl>#styleDaimonCIRCUITO341TRECHO</styleUrl><LineString><coordinates>-48.863675,-10.141748,0 -48.863329,-10.141533,0</coordinates></LineString></Placemark>
<Placemark><name>56652032</name><styleUrl>#styleDaimonCIRCUITO341TRECHO</styleUrl><LineString><coordinates>-48.863329,-10.141533,0 -48.863302,-10.141518,0</coordinates></LineString></Placemark>
<Placemark><name>56652123</name><styleUrl>#styleDaimonCIRCUITO341TRECHO</styleUrl><LineString><coordinates>-48.863302,-10.141518,0 -48.862750,-10.141175,0</coordinates></LineString></Placemark>
<Placemark><name>56652024</name><styleUrl>#styleDaimonCIRCUITO341TRECHO</styleUrl><LineString><coordinates>-48.862750,-10.141175,0 -48.862723,-10.141160,0</coordinates></LineString></Placemark>
<Placemark><name>56652150</name><styleUrl>#styleDaimonCIRCUITO341TRECHO</styleUrl><LineString><coordinates>-48.862723,-10.141160,0 -48.862368,-10.140977,0</coordinates></LineString></Placemark>
<Placemark><name>56652140</name><styleUrl>#styleDaimonCIRCUITO341TRECHO</styleUrl><LineString><coordinates>-48.862368,-10.140977,0 -48.861920,-10.140688,0</coordinates></LineString></Placemark>
<Placemark><name>56652132</name><styleUrl>#styleDaimonCIRCUITO341TRECHO</styleUrl><LineString><coordinates>-48.861920,-10.140688,0 -48.861895,-10.140672,0</coordinates></LineString></Placemark>
<Placemark><name>56652185</name><styleUrl>#styleDaimonCIRCUITO341TRECHO</styleUrl><LineString><coordinates>-48.861895,-10.140672,0 -48.861411,-10.140378,0</coordinates></LineString></Placemark>
<Placemark><name>56652186</name><styleUrl>#styleDaimonCIRCUITO341TRECHO</styleUrl><LineString><coordinates>-48.861411,-10.140378,0 -48.860935,-10.140067,0</coordinates></LineString></Placemark>
<Placemark><name>56652187</name><styleUrl>#styleDaimonCIRCUITO341TRECHO</styleUrl><LineString><coordinates>-48.860935,-10.140067,0 -48.860459,-10.139779,0</coordinates></LineString></Placemark>
<Placemark><name>56652173</name><styleUrl>#styleDaimonCIRCUITO341TRECHO</styleUrl><LineString><coordinates>-48.860459,-10.139779,0 -48.859980,-10.139502,0</coordinates></LineString></Placemark>
<Placemark><name>56652157</name><styleUrl>#styleDaimonCIRCUITO341TRECHO</styleUrl><LineString><coordinates>-48.859980,-10.139502,0 -48.859953,-10.139486,0</coordinates></LineString></Placemark>
<Placemark><name>56652206</name><styleUrl>#styleDaimonCIRCUITO341TRECHO</styleUrl><LineString><coordinates>-48.859953,-10.139486,0 -48.859523,-10.139215,0</coordinates></LineString></Placemark>
<Placemark><name>56652165</name><styleUrl>#styleDaimonCIRCUITO341TRECHO</styleUrl><LineString><coordinates>-48.859523,-10.139215,0 -48.859496,-10.139199,0</coordinates></LineString></Placemark>
<Placemark><name>56652243</name><styleUrl>#styleDaimonCIRCUITO341TRECHO</styleUrl><LineString><coordinates>-48.859496,-10.139199,0 -48.858998,-10.138880,0</coordinates></LineString></Placemark>
<Placemark><name>56652244</name><styleUrl>#styleDaimonCIRCUITO341TRECHO</styleUrl><LineString><coordinates>-48.858998,-10.138880,0 -48.858489,-10.138582,0</coordinates></LineString></Placemark>
<Placemark><name>56652245</name><styleUrl>#styleDaimonCIRCUITO341TRECHO</styleUrl><LineString><coordinates>-48.858489,-10.138582,0 -48.857928,-10.138229,0</coordinates></LineString></Placemark>
<Placemark><name>56652231</name><styleUrl>#styleDaimonCIRCUITO341TRECHO</styleUrl><LineString><coordinates>-48.857928,-10.138229,0 -48.857416,-10.137908,0</coordinates></LineString></Placemark>
<Placemark><name>56652215</name><styleUrl>#styleDaimonCIRCUITO341TRECHO</styleUrl><LineString><coordinates>-48.857416,-10.137908,0 -48.857389,-10.137893,0</coordinates></LineString></Placemark>
<Placemark><name>56652264</name><styleUrl>#styleDaimonCIRCUITO341TRECHO</styleUrl><LineString><coordinates>-48.857389,-10.137893,0 -48.857069,-10.137717,0</coordinates></LineString></Placemark>
<Placemark><name>56652223</name><styleUrl>#styleDaimonCIRCUITO341TRECHO</styleUrl><LineString><coordinates>-48.857069,-10.137717,0 -48.857041,-10.137702,0</coordinates></LineString></Placemark>
<Placemark><name>56652312</name><styleUrl>#styleDaimonCIRCUITO341TRECHO</styleUrl><LineString><coordinates>-48.857041,-10.137702,0 -48.856594,-10.137455,0</coordinates></LineString></Placemark>
<Placemark><name>56652313</name><styleUrl>#styleDaimonCIRCUITO341TRECHO</styleUrl><LineString><coordinates>-48.856594,-10.137455,0 -48.856100,-10.137140,0</coordinates></LineString></Placemark>
<Placemark><name>56652314</name><styleUrl>#styleDaimonCIRCUITO341TRECHO</styleUrl><LineString><coordinates>-48.856100,-10.137140,0 -48.855643,-10.136864,0</coordinates></LineString></Placemark>
<Placemark><name>56652315</name><styleUrl>#styleDaimonCIRCUITO341TRECHO</styleUrl><LineString><coordinates>-48.855643,-10.136864,0 -48.855215,-10.136600,0</coordinates></LineString></Placemark>
<Placemark><name>56652316</name><styleUrl>#styleDaimonCIRCUITO341TRECHO</styleUrl><LineString><coordinates>-48.855215,-10.136600,0 -48.854705,-10.136283,0</coordinates></LineString></Placemark>
<Placemark><name>3001648</name><styleUrl>#styleDaimonCIRCUITO341TRECHO</styleUrl><LineString><coordinates>-48.902196,-10.151195,0 -48.902360,-10.151247,0</coordinates></LineString></Placemark>
<Placemark><name>3001860</name><styleUrl>#styleDaimonCIRCUITO341TRECHO</styleUrl><LineString><coordinates>-48.902360,-10.151247,0 -48.902542,-10.151093,0</coordinates></LineString></Placemark>
<Placemark><name>3001649</name><styleUrl>#styleDaimonCIRCUITO341TRECHO</styleUrl><LineString><coordinates>-48.902360,-10.151247,0 -48.902529,-10.151300,0</coordinates></LineString></Placemark>
<Placemark><name>3001650</name><styleUrl>#styleDaimonCIRCUITO341TRECHO</styleUrl><LineString><coordinates>-48.902360,-10.151247,0 -48.902339,-10.151291,0</coordinates></LineString></Placemark>
<Placemark><name>3580101</name><styleUrl>#styleDaimonCIRCUITO341TRECHO</styleUrl><LineString><coordinates>-48.902542,-10.151093,0 -48.902776,-10.150873,0</coordinates></LineString></Placemark>
<Placemark><name>3001861</name><styleUrl>#styleDaimonCIRCUITO341TRECHO</styleUrl><LineString><coordinates>-48.902529,-10.151300,0 -48.902903,-10.151427,0</coordinates></LineString></Placemark>
<Placemark><name>3580102</name><styleUrl>#styleDaimonCIRCUITO341TRECHO</styleUrl><LineString><coordinates>-48.902776,-10.150873,0 -48.903005,-10.150711,0</coordinates></LineString></Placemark>
<Placemark><name>2778695</name><styleUrl>#styleDaimonCIRCUITO341TRECHO</styleUrl><LineString><coordinates>-48.902903,-10.151427,0 -48.903245,-10.151526,0</coordinates></LineString></Placemark>
<Placemark><name>3580103</name><styleUrl>#styleDaimonCIRCUITO341TRECHO</styleUrl><LineString><coordinates>-48.903005,-10.150711,0 -48.903316,-10.150487,0</coordinates></LineString></Placemark>
<Placemark><name>2778774</name><styleUrl>#styleDaimonCIRCUITO341TRECHO</styleUrl><LineString><coordinates>-48.903245,-10.151526,0 -48.903527,-10.151623,0</coordinates></LineString></Placemark>
<Placemark><name>3580100</name><styleUrl>#styleDaimonCIRCUITO341TRECHO</styleUrl><LineString><coordinates>-48.903316,-10.150487,0 -48.903555,-10.150307,0</coordinates></LineString></Placemark>
<Placemark><name>2778775</name><styleUrl>#styleDaimonCIRCUITO341TRECHO</styleUrl><LineString><coordinates>-48.903527,-10.151623,0 -48.903785,-10.151729,0</coordinates></LineString></Placemark>
<Placemark><name>2778776</name><styleUrl>#styleDaimonCIRCUITO341TRECHO</styleUrl><LineString><coordinates>-48.903785,-10.151729,0 -48.903991,-10.151802,0</coordinates></LineString></Placemark>
<Placemark><name>2778777</name><styleUrl>#styleDaimonCIRCUITO341TRECHO</styleUrl><LineString><coordinates>-48.903991,-10.151802,0 -48.904267,-10.151888,0</coordinates></LineString></Placemark>
<Placemark><name>2778778</name><styleUrl>#styleDaimonCIRCUITO341TRECHO</styleUrl><LineString><coordinates>-48.904267,-10.151888,0 -48.904642,-10.152013,0</coordinates></LineString></Placemark>
<Placemark><name>2778779</name><styleUrl>#styleDaimonCIRCUITO341TRECHO</styleUrl><LineString><coordinates>-48.904642,-10.152013,0 -48.904877,-10.152126,0</coordinates></LineString></Placemark>
<Placemark><name>2778780</name><styleUrl>#styleDaimonCIRCUITO341TRECHO</styleUrl><LineString><coordinates>-48.904877,-10.152126,0 -48.905112,-10.152270,0</coordinates></LineString></Placemark>
<Placemark><name>2778781</name><styleUrl>#styleDaimonCIRCUITO341TRECHO</styleUrl><LineString><coordinates>-48.905112,-10.152270,0 -48.905135,-10.152300,0</coordinates></LineString></Placemark>
<Placemark><name>3002923</name><styleUrl>#styleDaimonCIRCUITO341TRECHO</styleUrl><LineString><coordinates>-48.905135,-10.152300,0 -48.905245,-10.152174,0</coordinates></LineString></Placemark>
<Placemark><name>3003450</name><styleUrl>#styleDaimonCIRCUITO341TRECHO</styleUrl><LineString><coordinates>-48.905135,-10.152300,0 -48.905021,-10.152400,0</coordinates></LineString></Placemark>
<Placemark><name>2778696</name><styleUrl>#styleDaimonCIRCUITO341TRECHO</styleUrl><LineString><coordinates>-48.905135,-10.152300,0 -48.905330,-10.152487,0</coordinates></LineString></Placemark>
<Placemark><name>3003449</name><styleUrl>#styleDaimonCIRCUITO341TRECHO</styleUrl><LineString><coordinates>-48.905021,-10.152400,0 -48.904861,-10.152582,0</coordinates></LineString></Placemark>
<Placemark><name>2771246</name><styleUrl>#styleDaimonCIRCUITO341TRECHO</styleUrl><LineString><coordinates>-48.905330,-10.152487,0 -48.905435,-10.152670,0</coordinates></LineString></Placemark>
<Placemark><name>3003448</name><styleUrl>#styleDaimonCIRCUITO341TRECHO</styleUrl><LineString><coordinates>-48.904861,-10.152582,0 -48.904779,-10.152700,0</coordinates></LineString></Placemark>
<Placemark><name>2771247</name><styleUrl>#styleDaimonCIRCUITO341TRECHO</styleUrl><LineString><coordinates>-48.905435,-10.152670,0 -48.905609,-10.152959,0</coordinates></LineString></Placemark>
<Placemark><name>2778697</name><styleUrl>#styleDaimonCIRCUITO341TRECHO</styleUrl><LineString><coordinates>-48.904779,-10.152700,0 -48.904751,-10.152733,0</coordinates></LineString></Placemark>
<Placemark><name>3002920</name><styleUrl>#styleDaimonCIRCUITO341TRECHO</styleUrl><LineString><coordinates>-48.904779,-10.152700,0 -48.904620,-10.152588,0</coordinates></LineString></Placemark>
<Placemark><name>2778698</name><styleUrl>#styleDaimonCIRCUITO341TRECHO</styleUrl><LineString><coordinates>-48.904779,-10.152700,0 -48.904856,-10.152752,0</coordinates></LineString></Placemark>
<Placemark><name>2771248</name><styleUrl>#styleDaimonCIRCUITO341TRECHO</styleUrl><LineString><coordinates>-48.905609,-10.152959,0 -48.905725,-10.153194,0</coordinates></LineString></Placemark>
<Placemark><name>3002921</name><styleUrl>#styleDaimonCIRCUITO341TRECHO</styleUrl><LineString><coordinates>-48.904620,-10.152588,0 -48.904386,-10.152447,0</coordinates></LineString></Placemark>
<Placemark><name>2771249</name><styleUrl>#styleDaimonCIRCUITO341TRECHO</styleUrl><LineString><coordinates>-48.905725,-10.153194,0 -48.905939,-10.153635,0</coordinates></LineString></Placemark>
<Placemark><name>3002922</name><styleUrl>#styleDaimonCIRCUITO341TRECHO</styleUrl><LineString><coordinates>-48.904386,-10.152447,0 -48.904093,-10.152354,0</coordinates></LineString></Placemark>
<Placemark><name>2771238</name><styleUrl>#styleDaimonCIRCUITO341TRECHO</styleUrl><LineString><coordinates>-48.905939,-10.153635,0 -48.906076,-10.153886,0</coordinates></LineString></Placemark>
<Placemark><name>2778699</name><styleUrl>#styleDaimonCIRCUITO341TRECHO</styleUrl><LineString><coordinates>-48.904093,-10.152354,0 -48.903869,-10.152270,0</coordinates></LineString></Placemark>
<Placemark><name>2771239</name><styleUrl>#styleDaimonCIRCUITO341TRECHO</styleUrl><LineString><coordinates>-48.906076,-10.153886,0 -48.906175,-10.154093,0</coordinates></LineString></Placemark>
<Placemark><name>2876362</name><styleUrl>#styleDaimonCIRCUITO341TRECHO</styleUrl><LineString><coordinates>-48.903869,-10.152270,0 -48.903553,-10.152189,0</coordinates></LineString></Placemark>
<Placemark><name>2771240</name><styleUrl>#styleDaimonCIRCUITO341TRECHO</styleUrl><LineString><coordinates>-48.906175,-10.154093,0 -48.906349,-10.154438,0</coordinates></LineString></Placemark>
<Placemark><name>2771241</name><styleUrl>#styleDaimonCIRCUITO341TRECHO</styleUrl><LineString><coordinates>-48.906349,-10.154438,0 -48.906436,-10.154632,0</coordinates></LineString></Placemark>
<Placemark><name>2771242</name><styleUrl>#styleDaimonCIRCUITO341TRECHO</styleUrl><LineString><coordinates>-48.906436,-10.154632,0 -48.906487,-10.154868,0</coordinates></LineString></Placemark>
<Placemark><name>12072377</name><styleUrl>#styleDaimonCIRCUITO341TRECHO</styleUrl><LineString><coordinates>-48.906487,-10.154868,0 -48.906487,-10.154890,0</coordinates></LineString></Placemark>
<Placemark><name>2771237</name><styleUrl>#styleDaimonCIRCUITO341TRECHO</styleUrl><LineString><coordinates>-48.906487,-10.154868,0 -48.906879,-10.154945,0</coordinates></LineString></Placemark>
<Placemark><name>2536174</name><styleUrl>#styleDaimonCIRCUITO341TRECHO</styleUrl><LineString><coordinates>-48.906487,-10.154890,0 -48.906500,-10.155023,0</coordinates></LineString></Placemark>
<Placemark><name>2771236</name><styleUrl>#styleDaimonCIRCUITO341TRECHO</styleUrl><LineString><coordinates>-48.906879,-10.154945,0 -48.907201,-10.155002,0</coordinates></LineString></Placemark>
<Placemark><name>2771235</name><styleUrl>#styleDaimonCIRCUITO341TRECHO</styleUrl><LineString><coordinates>-48.907201,-10.155002,0 -48.907694,-10.155077,0</coordinates></LineString></Placemark>
<Placemark><name>2536175</name><styleUrl>#styleDaimonCIRCUITO341TRECHO</styleUrl><LineString><coordinates>-48.907694,-10.155077,0 -48.908119,-10.155210,0</coordinates></LineString></Placemark>
<Placemark><name>3553121</name><styleUrl>#styleDaimonCIRCUITO341TRECHO</styleUrl><LineString><coordinates>-48.899787,-10.150067,0 -48.899856,-10.149855,0</coordinates></LineString></Placemark>
<Placemark><name>3001870</name><styleUrl>#styleDaimonCIRCUITO341TRECHO</styleUrl><LineString><coordinates>-48.899856,-10.149855,0 -48.899895,-10.149744,0</coordinates></LineString></Placemark>
<Placemark><name>2533826</name><styleUrl>#styleDaimonCIRCUITO341TRECHO</styleUrl><LineString><coordinates>-48.899895,-10.149744,0 -48.900138,-10.149840,0</coordinates></LineString></Placemark>
<Placemark><name>3001871</name><styleUrl>#styleDaimonCIRCUITO341TRECHO</styleUrl><LineString><coordinates>-48.899895,-10.149744,0 -48.899945,-10.149602,0</coordinates></LineString></Placemark>
<Placemark><name>3001876</name><styleUrl>#styleDaimonCIRCUITO341TRECHO</styleUrl><LineString><coordinates>-48.899895,-10.149744,0 -48.899694,-10.149666,0</coordinates></LineString></Placemark>
<Placemark><name>2533827</name><styleUrl>#styleDaimonCIRCUITO341TRECHO</styleUrl><LineString><coordinates>-48.900138,-10.149840,0 -48.900298,-10.149895,0</coordinates></LineString></Placemark>
<Placemark><name>3001877</name><styleUrl>#styleDaimonCIRCUITO341TRECHO</styleUrl><LineString><coordinates>-48.899694,-10.149666,0 -48.899400,-10.149587,0</coordinates></LineString></Placemark>
<Placemark><name>3001878</name><styleUrl>#styleDaimonCIRCUITO341TRECHO</styleUrl><LineString><coordinates>-48.900298,-10.149895,0 -48.900420,-10.149935,0</coordinates></LineString></Placemark>
<Placemark><name>3001875</name><styleUrl>#styleDaimonCIRCUITO341TRECHO</styleUrl><LineString><coordinates>-48.899400,-10.149587,0 -48.899054,-10.149467,0</coordinates></LineString></Placemark>
<Placemark><name>12075409</name><styleUrl>#styleDaimonCIRCUITO341TRECHO</styleUrl><LineString><coordinates>-48.900420,-10.149935,0 -48.900433,-10.149902,0</coordinates></LineString></Placemark>
<Placemark><name>3001879</name><styleUrl>#styleDaimonCIRCUITO341TRECHO</styleUrl><LineString><coordinates>-48.900420,-10.149935,0 -48.900641,-10.150013,0</coordinates></LineString></Placemark>
<Placemark><name>3001874</name><styleUrl>#styleDaimonCIRCUITO341TRECHO</styleUrl><LineString><coordinates>-48.899054,-10.149467,0 -48.898690,-10.149346,0</coordinates></LineString></Placemark>
<Placemark><name>3001880</name><styleUrl>#styleDaimonCIRCUITO341TRECHO</styleUrl><LineString><coordinates>-48.900433,-10.149902,0 -48.900506,-10.149669,0</coordinates></LineString></Placemark>
<Placemark><name>3001873</name><styleUrl>#styleDaimonCIRCUITO341TRECHO</styleUrl><LineString><coordinates>-48.898690,-10.149346,0 -48.898370,-10.149289,0</coordinates></LineString></Placemark>
<Placemark><name>3001881</name><styleUrl>#styleDaimonCIRCUITO341TRECHO</styleUrl><LineString><coordinates>-48.900506,-10.149669,0 -48.900615,-10.149322,0</coordinates></LineString></Placemark>
<Placemark><name>3001872</name><styleUrl>#styleDaimonCIRCUITO341TRECHO</styleUrl><LineString><coordinates>-48.898370,-10.149289,0 -48.898056,-10.149272,0</coordinates></LineString></Placemark>
<Placemark><name>3002051</name><styleUrl>#styleDaimonCIRCUITO341TRECHO</styleUrl><LineString><coordinates>-48.900615,-10.149322,0 -48.900726,-10.148988,0</coordinates></LineString></Placemark>
<Placemark><name>3002052</name><styleUrl>#styleDaimonCIRCUITO341TRECHO</styleUrl><LineString><coordinates>-48.900726,-10.148988,0 -48.900840,-10.148619,0</coordinates></LineString></Placemark>
<Placemark><name>3002053</name><styleUrl>#styleDaimonCIRCUITO341TRECHO</styleUrl><LineString><coordinates>-48.900840,-10.148619,0 -48.900903,-10.148456,0</coordinates></LineString></Placemark>
<Placemark><name>3002054</name><styleUrl>#styleDaimonCIRCUITO341TRECHO</styleUrl><LineString><coordinates>-48.900903,-10.148456,0 -48.900958,-10.148286,0</coordinates></LineString></Placemark>
<Placemark><name>2609490</name><styleUrl>#styleDaimonCIRCUITO341TRECHO</styleUrl><LineString><coordinates>-48.874013,-10.167072,0 -48.873786,-10.167055,0</coordinates></LineString></Placemark>
<Placemark><name>3590938</name><styleUrl>#styleDaimonCIRCUITO341TRECHO</styleUrl><LineString><coordinates>-48.874310,-10.167089,0 -48.874013,-10.167072,0</coordinates></LineString></Placemark>
<Placemark><name>12078894</name><styleUrl>#styleDaimonCIRCUITO341TRECHO</styleUrl><LineString><coordinates>-48.874310,-10.167057,0 -48.874310,-10.167089,0</coordinates></LineString></Placemark>
<Placemark><name>3590669</name><styleUrl>#styleDaimonCIRCUITO341TRECHO</styleUrl><LineString><coordinates>-48.874310,-10.167089,0 -48.874546,-10.167101,0</coordinates></LineString></Placemark>
<Placemark><name>3590670</name><styleUrl>#styleDaimonCIRCUITO341TRECHO</styleUrl><LineString><coordinates>-48.874313,-10.166890,0 -48.874310,-10.167057,0</coordinates></LineString></Placemark>
<Placemark><name>3590671</name><styleUrl>#styleDaimonCIRCUITO341TRECHO</styleUrl><LineString><coordinates>-48.874546,-10.167101,0 -48.874774,-10.167112,0</coordinates></LineString></Placemark>
<Placemark><name>2622217</name><styleUrl>#styleDaimonCIRCUITO341TRECHO</styleUrl><LineString><coordinates>-48.874318,-10.166560,0 -48.874313,-10.166890,0</coordinates></LineString></Placemark>
<Placemark><name>2622216</name><styleUrl>#styleDaimonCIRCUITO341TRECHO</styleUrl><LineString><coordinates>-48.874322,-10.166237,0 -48.874318,-10.166560,0</coordinates></LineString></Placemark>
<Placemark><name>2622214</name><styleUrl>#styleDaimonCIRCUITO341TRECHO</styleUrl><LineString><coordinates>-48.874327,-10.165885,0 -48.874322,-10.166237,0</coordinates></LineString></Placemark>
<Placemark><name>2504635</name><styleUrl>#styleDaimonCIRCUITO341TRECHO</styleUrl><LineString><coordinates>-48.874328,-10.165738,0 -48.874327,-10.165885,0</coordinates></LineString></Placemark>
<Placemark><name>2504633</name><styleUrl>#styleDaimonCIRCUITO341TRECHO</styleUrl><LineString><coordinates>-48.874328,-10.165738,0 -48.874204,-10.165735,0</coordinates></LineString></Placemark>
<Placemark><name>2504840</name><styleUrl>#styleDaimonCIRCUITO341TRECHO</styleUrl><LineString><coordinates>-48.874524,-10.165745,0 -48.874328,-10.165738,0</coordinates></LineString></Placemark>
<Placemark><name>2504634</name><styleUrl>#styleDaimonCIRCUITO341TRECHO</styleUrl><LineString><coordinates>-48.874328,-10.165738,0 -48.874329,-10.165688,0</coordinates></LineString></Placemark>
<Placemark><name>2610490</name><styleUrl>#styleDaimonCIRCUITO341TRECHO</styleUrl><LineString><coordinates>-48.874893,-10.165756,0 -48.874524,-10.165745,0</coordinates></LineString></Placemark>
<Placemark><name>2610489</name><styleUrl>#styleDaimonCIRCUITO341TRECHO</styleUrl><LineString><coordinates>-48.875165,-10.165765,0 -48.874893,-10.165756,0</coordinates></LineString></Placemark>
<Placemark><name>2610200</name><styleUrl>#styleDaimonCIRCUITO341TRECHO</styleUrl><LineString><coordinates>-48.875578,-10.165777,0 -48.875165,-10.165765,0</coordinates></LineString></Placemark>
<Placemark><name>2610199</name><styleUrl>#styleDaimonCIRCUITO341TRECHO</styleUrl><LineString><coordinates>-48.875975,-10.165788,0 -48.875578,-10.165777,0</coordinates></LineString></Placemark>
<Placemark><name>2610198</name><styleUrl>#styleDaimonCIRCUITO341TRECHO</styleUrl><LineString><coordinates>-48.876177,-10.165794,0 -48.875975,-10.165788,0</coordinates></LineString></Placemark>
<Placemark><name>28315126</name><styleUrl>#styleDaimonCIRCUITO341TRECHO</styleUrl><LineString><coordinates>-48.876177,-10.165794,0 -48.876162,-10.165819,0</coordinates></LineString></Placemark>
<Placemark><name>28315102</name><styleUrl>#styleDaimonCIRCUITO341TRECHO</styleUrl><LineString><coordinates>-48.876357,-10.165800,0 -48.876177,-10.165794,0</coordinates></LineString></Placemark>
<Placemark><name>2504744</name><styleUrl>#styleDaimonCIRCUITO341TRECHO</styleUrl><LineString><coordinates>-48.876465,-10.165802,0 -48.876357,-10.165800,0</coordinates></LineString></Placemark>
<Placemark><name>2622887</name><styleUrl>#styleDaimonCIRCUITO341TRECHO</styleUrl><LineString><coordinates>-48.877244,-10.165595,0 -48.877258,-10.165276,0</coordinates></LineString></Placemark>
<Placemark><name>2622886</name><styleUrl>#styleDaimonCIRCUITO341TRECHO</styleUrl><LineString><coordinates>-48.877258,-10.165276,0 -48.877272,-10.164955,0</coordinates></LineString></Placemark>
<Placemark><name>2622885</name><styleUrl>#styleDaimonCIRCUITO341TRECHO</styleUrl><LineString><coordinates>-48.877272,-10.164955,0 -48.877287,-10.164613,0</coordinates></LineString></Placemark>
<Placemark><name>2610492</name><styleUrl>#styleDaimonCIRCUITO341TRECHO</styleUrl><LineString><coordinates>-48.876310,-10.165394,0 -48.876202,-10.165127,0</coordinates></LineString></Placemark>
<Placemark><name>2610493</name><styleUrl>#styleDaimonCIRCUITO341TRECHO</styleUrl><LineString><coordinates>-48.876202,-10.165127,0 -48.876129,-10.164950,0</coordinates></LineString></Placemark>
<Placemark><name>2610491</name><styleUrl>#styleDaimonCIRCUITO341TRECHO</styleUrl><LineString><coordinates>-48.876413,-10.165641,0 -48.876310,-10.165394,0</coordinates></LineString></Placemark>
<Placemark><name>2622881</name><styleUrl>#styleDaimonCIRCUITO341TRECHO</styleUrl><LineString><coordinates>-48.876129,-10.164950,0 -48.876031,-10.164726,0</coordinates></LineString></Placemark>
<Placemark><name>12068065</name><styleUrl>#styleDaimonCIRCUITO341TRECHO</styleUrl><LineString><coordinates>-48.876031,-10.164726,0 -48.876024,-10.164710,0</coordinates></LineString></Placemark>
<Placemark><name>2627531</name><styleUrl>#styleDaimonCIRCUITO341TRECHO</styleUrl><LineString><coordinates>-48.876024,-10.164710,0 -48.875822,-10.164790,0</coordinates></LineString></Placemark>
<Placemark><name>12067947</name><styleUrl>#styleDaimonCIRCUITO341TRECHO</styleUrl><LineString><coordinates>-48.875822,-10.164790,0 -48.875806,-10.164796,0</coordinates></LineString></Placemark>
<Placemark><name>2622880</name><styleUrl>#styleDaimonCIRCUITO341TRECHO</styleUrl><LineString><coordinates>-48.875806,-10.164796,0 -48.875707,-10.164506,0</coordinates></LineString></Placemark>
<Placemark><name>3561358</name><styleUrl>#styleDaimonCIRCUITO341TRECHO</styleUrl><LineString><coordinates>-48.875707,-10.164506,0 -48.875588,-10.164162,0</coordinates></LineString></Placemark>
<Placemark><name>2622882</name><styleUrl>#styleDaimonCIRCUITO341TRECHO</styleUrl><LineString><coordinates>-48.875588,-10.164162,0 -48.875488,-10.163879,0</coordinates></LineString></Placemark>
<Placemark><name>2622883</name><styleUrl>#styleDaimonCIRCUITO341TRECHO</styleUrl><LineString><coordinates>-48.875488,-10.163879,0 -48.875387,-10.163588,0</coordinates></LineString></Placemark>
<Placemark><name>2622884</name><styleUrl>#styleDaimonCIRCUITO341TRECHO</styleUrl><LineString><coordinates>-48.875387,-10.163588,0 -48.875310,-10.163369,0</coordinates></LineString></Placemark>
<Placemark><name>12068063</name><styleUrl>#styleDaimonCIRCUITO341TRECHO</styleUrl><LineString><coordinates>-48.875310,-10.163369,0 -48.875299,-10.163336,0</coordinates></LineString></Placemark>
<Placemark><name>2627529</name><styleUrl>#styleDaimonCIRCUITO341TRECHO</styleUrl><LineString><coordinates>-48.875299,-10.163336,0 -48.875020,-10.162538,0</coordinates></LineString></Placemark>
<Placemark><name>12070947</name><styleUrl>#styleDaimonCIRCUITO341TRECHO</styleUrl><LineString><coordinates>-48.875020,-10.162538,0 -48.874998,-10.162528,0</coordinates></LineString></Placemark>
<Placemark><name>12083308</name><styleUrl>#styleDaimonCIRCUITO341TRECHO</styleUrl><LineString><coordinates>-48.875020,-10.162538,0 -48.875009,-10.162506,0</coordinates></LineString></Placemark>
<Placemark><name>2627530</name><styleUrl>#styleDaimonCIRCUITO341TRECHO</styleUrl><LineString><coordinates>-48.874998,-10.162528,0 -48.874748,-10.162613,0</coordinates></LineString></Placemark>
<Placemark><name>2627528</name><styleUrl>#styleDaimonCIRCUITO341TRECHO</styleUrl><LineString><coordinates>-48.875009,-10.162506,0 -48.874829,-10.161991,0</coordinates></LineString></Placemark>
<Placemark><name>2627527</name><styleUrl>#styleDaimonCIRCUITO341TRECHO</styleUrl><LineString><coordinates>-48.874829,-10.161991,0 -48.874678,-10.161736,0</coordinates></LineString></Placemark>
<Placemark><name>2627526</name><styleUrl>#styleDaimonCIRCUITO341TRECHO</styleUrl><LineString><coordinates>-48.874678,-10.161736,0 -48.874538,-10.161501,0</coordinates></LineString></Placemark>
<Placemark><name>2610488</name><styleUrl>#styleDaimonCIRCUITO341TRECHO</styleUrl><LineString><coordinates>-48.874538,-10.161501,0 -48.874386,-10.161247,0</coordinates></LineString></Placemark>
<Placemark><name>2610208</name><styleUrl>#styleDaimonCIRCUITO341TRECHO</styleUrl><LineString><coordinates>-48.874386,-10.161247,0 -48.874259,-10.161020,0</coordinates></LineString></Placemark>
<Placemark><name>12070858</name><styleUrl>#styleDaimonCIRCUITO341TRECHO</styleUrl><LineString><coordinates>-48.874259,-10.161020,0 -48.874248,-10.161005,0</coordinates></LineString></Placemark>
<Placemark><name>12070859</name><styleUrl>#styleDaimonCIRCUITO341TRECHO</styleUrl><LineString><coordinates>-48.874248,-10.161005,0 -48.874266,-10.161004,0</coordinates></LineString></Placemark>
<Placemark><name>2610207</name><styleUrl>#styleDaimonCIRCUITO341TRECHO</styleUrl><LineString><coordinates>-48.874248,-10.161005,0 -48.874063,-10.160748,0</coordinates></LineString></Placemark>
<Placemark><name>28315063</name><styleUrl>#styleDaimonCIRCUITO341TRECHO</styleUrl><LineString><coordinates>-48.874266,-10.161004,0 -48.874614,-10.160794,0</coordinates></LineString></Placemark>
<Placemark><name>2610204</name><styleUrl>#styleDaimonCIRCUITO341TRECHO</styleUrl><LineString><coordinates>-48.874063,-10.160748,0 -48.873832,-10.160459,0</coordinates></LineString></Placemark>
<Placemark><name>28315045</name><styleUrl>#styleDaimonCIRCUITO341TRECHO</styleUrl><LineString><coordinates>-48.874614,-10.160794,0 -48.874664,-10.160763,0</coordinates></LineString></Placemark>
<Placemark><name>12067946</name><styleUrl>#styleDaimonCIRCUITO341TRECHO</styleUrl><LineString><coordinates>-48.873832,-10.160459,0 -48.873818,-10.160470,0</coordinates></LineString></Placemark>
<Placemark><name>3434220</name><styleUrl>#styleDaimonCIRCUITO341TRECHO</styleUrl><LineString><coordinates>-48.873832,-10.160459,0 -48.873591,-10.160197,0</coordinates></LineString></Placemark>
<Placemark><name>28315065</name><styleUrl>#styleDaimonCIRCUITO341TRECHO</styleUrl><LineString><coordinates>-48.874664,-10.160763,0 -48.874663,-10.160740,0</coordinates></LineString></Placemark>
<Placemark><name>2610487</name><styleUrl>#styleDaimonCIRCUITO341TRECHO</styleUrl><LineString><coordinates>-48.874664,-10.160763,0 -48.874721,-10.160729,0</coordinates></LineString></Placemark>
<Placemark><name>2610206</name><styleUrl>#styleDaimonCIRCUITO341TRECHO</styleUrl><LineString><coordinates>-48.873818,-10.160470,0 -48.873670,-10.160586,0</coordinates></LineString></Placemark>
<Placemark><name>12070948</name><styleUrl>#styleDaimonCIRCUITO341TRECHO</styleUrl><LineString><coordinates>-48.874721,-10.160729,0 -48.874747,-10.160705,0</coordinates></LineString></Placemark>
<Placemark><name>2610205</name><styleUrl>#styleDaimonCIRCUITO341TRECHO</styleUrl><LineString><coordinates>-48.873670,-10.160586,0 -48.873388,-10.160787,0</coordinates></LineString></Placemark>
<Placemark><name>3666136</name><styleUrl>#styleDaimonCIRCUITO341TRECHO</styleUrl><LineString><coordinates>-48.874747,-10.160705,0 -48.874733,-10.160705,0</coordinates></LineString></Placemark>
<Placemark><name>2611415</name><styleUrl>#styleDaimonCIRCUITO341TRECHO</styleUrl><LineString><coordinates>-48.874747,-10.160705,0 -48.875204,-10.160430,0</coordinates></LineString></Placemark>
<Placemark><name>2611416</name><styleUrl>#styleDaimonCIRCUITO341TRECHO</styleUrl><LineString><coordinates>-48.875204,-10.160430,0 -48.875303,-10.160372,0</coordinates></LineString></Placemark>
<Placemark><name>2698730</name><styleUrl>#styleDaimonCIRCUITO341TRECHO</styleUrl><LineString><coordinates>-48.849194,-10.132250,0 -48.849205,-10.131489,0</coordinates></LineString></Placemark>
<Placemark><name>3623600</name><styleUrl>#styleDaimonCIRCUITO341TRECHO</styleUrl><LineString><coordinates>-48.849205,-10.131489,0 -48.849192,-10.131298,0</coordinates></LineString></Placemark>
<Placemark><name>12071857</name><styleUrl>#styleDaimonCIRCUITO341TRECHO</styleUrl><LineString><coordinates>-48.849194,-10.132281,0 -48.849194,-10.132250,0</coordinates></LineString></Placemark>
<Placemark><name>2698734</name><styleUrl>#styleDaimonCIRCUITO341TRECHO</styleUrl><LineString><coordinates>-48.849193,-10.133007,0 -48.849194,-10.132281,0</coordinates></LineString></Placemark>
<Placemark><name>51908382</name><styleUrl>#styleDaimonCIRCUITO341TRECHO</styleUrl><LineString><coordinates>-48.849193,-10.133007,0 -48.849191,-10.133226,0</coordinates></LineString></Placemark>
<Placemark><name>56652431</name><styleUrl>#styleDaimonCIRCUITO341TRECHO</styleUrl><LineString><coordinates>-48.849193,-10.133007,0 -48.849035,-10.132912,0</coordinates></LineString></Placemark>
<Placemark><name>51908375</name><styleUrl>#styleDaimonCIRCUITO341TRECHO</styleUrl><LineString><coordinates>-48.849368,-10.133114,0 -48.849193,-10.133007,0</coordinates></LineString></Placemark>
<Placemark><name>12071859</name><styleUrl>#styleDaimonCIRCUITO341TRECHO</styleUrl><LineString><coordinates>-48.849191,-10.133226,0 -48.849192,-10.133259,0</coordinates></LineString></Placemark>
<Placemark><name>56652421</name><styleUrl>#styleDaimonCIRCUITO341TRECHO</styleUrl><LineString><coordinates>-48.849035,-10.132912,0 -48.848959,-10.132854,0</coordinates></LineString></Placemark>
<Placemark><name>56651179</name><styleUrl>#styleDaimonCIRCUITO341TRECHO</styleUrl><LineString><coordinates>-48.849398,-10.133133,0 -48.849368,-10.133114,0</coordinates></LineString></Placemark>
<Placemark><name>3616336</name><styleUrl>#styleDaimonCIRCUITO341TRECHO</styleUrl><LineString><coordinates>-48.849192,-10.133259,0 -48.849200,-10.133766,0</coordinates></LineString></Placemark>
<Placemark><name>3666137</name><styleUrl>#styleDaimonCIRCUITO341TRECHO</styleUrl><LineString><coordinates>-48.849192,-10.133259,0 -48.849187,-10.133245,0</coordinates></LineString></Placemark>
<Placemark><name>56651171</name><styleUrl>#styleDaimonCIRCUITO341TRECHO</styleUrl><LineString><coordinates>-48.848959,-10.132854,0 -48.848930,-10.132835,0</coordinates></LineString></Placemark>
<Placemark><name>56652388</name><styleUrl>#styleDaimonCIRCUITO341TRECHO</styleUrl><LineString><coordinates>-48.849804,-10.133384,0 -48.849398,-10.133133,0</coordinates></LineString></Placemark>
<Placemark><name>44314087</name><styleUrl>#styleDaimonCIRCUITO341TRECHO</styleUrl><LineString><coordinates>-48.849200,-10.133766,0 -48.849201,-10.133793,0</coordinates></LineString></Placemark>
<Placemark><name>56652449</name><styleUrl>#styleDaimonCIRCUITO341TRECHO</styleUrl><LineString><coordinates>-48.848930,-10.132835,0 -48.848441,-10.132544,0</coordinates></LineString></Placemark>
<Placemark><name>56652402</name><styleUrl>#styleDaimonCIRCUITO341TRECHO</styleUrl><LineString><coordinates>-48.850279,-10.133679,0 -48.849804,-10.133384,0</coordinates></LineString></Placemark>
<Placemark><name>3616338</name><styleUrl>#styleDaimonCIRCUITO341TRECHO</styleUrl><LineString><coordinates>-48.849201,-10.133793,0 -48.849217,-10.134598,0</coordinates></LineString></Placemark>
<Placemark><name>56652450</name><styleUrl>#styleDaimonCIRCUITO341TRECHO</styleUrl><LineString><coordinates>-48.848441,-10.132544,0 -48.848006,-10.132334,0</coordinates></LineString></Placemark>
<Placemark><name>56652401</name><styleUrl>#styleDaimonCIRCUITO341TRECHO</styleUrl><LineString><coordinates>-48.850760,-10.133975,0 -48.850279,-10.133679,0</coordinates></LineString></Placemark>
<Placemark><name>2698975</name><styleUrl>#styleDaimonCIRCUITO341TRECHO</styleUrl><LineString><coordinates>-48.849217,-10.134598,0 -48.849289,-10.136296,0</coordinates></LineString></Placemark>
<Placemark><name>56652438</name><styleUrl>#styleDaimonCIRCUITO341TRECHO</styleUrl><LineString><coordinates>-48.848006,-10.132334,0 -48.847542,-10.132095,0</coordinates></LineString></Placemark>
<Placemark><name>56652400</name><styleUrl>#styleDaimonCIRCUITO341TRECHO</styleUrl><LineString><coordinates>-48.851168,-10.134218,0 -48.850760,-10.133975,0</coordinates></LineString></Placemark>
<Placemark><name>2698974</name><styleUrl>#styleDaimonCIRCUITO341TRECHO</styleUrl><LineString><coordinates>-48.849289,-10.136296,0 -48.849178,-10.137744,0</coordinates></LineString></Placemark>
<Placemark><name>56651163</name><styleUrl>#styleDaimonCIRCUITO341TRECHO</styleUrl><LineString><coordinates>-48.847542,-10.132095,0 -48.847515,-10.132084,0</coordinates></LineString></Placemark>
<Placemark><name>56651187</name><styleUrl>#styleDaimonCIRCUITO341TRECHO</styleUrl><LineString><coordinates>-48.851201,-10.134237,0 -48.851168,-10.134218,0</coordinates></LineString></Placemark>
<Placemark><name>12071860</name><styleUrl>#styleDaimonCIRCUITO341TRECHO</styleUrl><LineString><coordinates>-48.849178,-10.137744,0 -48.849176,-10.137777,0</coordinates></LineString></Placemark>
<Placemark><name>56652472</name><styleUrl>#styleDaimonCIRCUITO341TRECHO</styleUrl><LineString><coordinates>-48.847515,-10.132084,0 -48.847213,-10.131997,0</coordinates></LineString></Placemark>
<Placemark><name>56652347</name><styleUrl>#styleDaimonCIRCUITO341TRECHO</styleUrl><LineString><coordinates>-48.851689,-10.134529,0 -48.851201,-10.134237,0</coordinates></LineString></Placemark>
<Placemark><name>2698973</name><styleUrl>#styleDaimonCIRCUITO341TRECHO</styleUrl><LineString><coordinates>-48.849176,-10.137777,0 -48.849203,-10.138521,0</coordinates></LineString></Placemark>
<Placemark><name>56652463</name><styleUrl>#styleDaimonCIRCUITO341TRECHO</styleUrl><LineString><coordinates>-48.847213,-10.131997,0 -48.846950,-10.131923,0</coordinates></LineString></Placemark>
<Placemark><name>56652363</name><styleUrl>#styleDaimonCIRCUITO341TRECHO</styleUrl><LineString><coordinates>-48.852192,-10.134826,0 -48.851689,-10.134529,0</coordinates></LineString></Placemark>
<Placemark><name>56651154</name><styleUrl>#styleDaimonCIRCUITO341TRECHO</styleUrl><LineString><coordinates>-48.846950,-10.131923,0 -48.846933,-10.131901,0</coordinates></LineString></Placemark>
<Placemark><name>56652362</name><styleUrl>#styleDaimonCIRCUITO341TRECHO</styleUrl><LineString><coordinates>-48.852666,-10.135093,0 -48.852192,-10.134826,0</coordinates></LineString></Placemark>
<Placemark><name>56652479</name><styleUrl>#styleDaimonCIRCUITO341TRECHO</styleUrl><LineString><coordinates>-48.846933,-10.131901,0 -48.846911,-10.131324,0</coordinates></LineString></Placemark>
<Placemark><name>56652361</name><styleUrl>#styleDaimonCIRCUITO341TRECHO</styleUrl><LineString><coordinates>-48.853141,-10.135387,0 -48.852666,-10.135093,0</coordinates></LineString></Placemark>
<Placemark><name>56652360</name><styleUrl>#styleDaimonCIRCUITO341TRECHO</styleUrl><LineString><coordinates>-48.853579,-10.135645,0 -48.853141,-10.135387,0</coordinates></LineString></Placemark>
<Placemark><name>56652281</name><styleUrl>#styleDaimonCIRCUITO341TRECHO</styleUrl><LineString><coordinates>-48.853606,-10.135663,0 -48.853579,-10.135645,0</coordinates></LineString></Placemark>
<Placemark><name>56652289</name><styleUrl>#styleDaimonCIRCUITO341TRECHO</styleUrl><LineString><coordinates>-48.853948,-10.135910,0 -48.853606,-10.135663,0</coordinates></LineString></Placemark>
<Placemark><name>56652273</name><styleUrl>#styleDaimonCIRCUITO341TRECHO</styleUrl><LineString><coordinates>-48.853973,-10.135924,0 -48.853948,-10.135910,0</coordinates></LineString></Placemark>
<Placemark><name>56652298</name><styleUrl>#styleDaimonCIRCUITO341TRECHO</styleUrl><LineString><coordinates>-48.854633,-10.136247,0 -48.853973,-10.135924,0</coordinates></LineString></Placemark>
<Placemark><name>3002925</name><styleUrl>#styleDaimonCIRCUITO341TRECHO</styleUrl><LineString><coordinates>-48.905426,-10.151949,0 -48.905506,-10.151837,0</coordinates></LineString></Placemark>
<Placemark><name>3002924</name><styleUrl>#styleDaimonCIRCUITO341TRECHO</styleUrl><LineString><coordinates>-48.905263,-10.152151,0 -48.905426,-10.151949,0</coordinates></LineString></Placemark>
<Placemark><name>3582821</name><styleUrl>#styleDaimonCIRCUITO341TRECHO</styleUrl><LineString><coordinates>-48.905506,-10.151837,0 -48.905633,-10.151933,0</coordinates></LineString></Placemark>
<Placemark><name>2778700</name><styleUrl>#styleDaimonCIRCUITO341TRECHO</styleUrl><LineString><coordinates>-48.905506,-10.151837,0 -48.905633,-10.151713,0</coordinates></LineString></Placemark>
<Placemark><name>3582983</name><styleUrl>#styleDaimonCIRCUITO341TRECHO</styleUrl><LineString><coordinates>-48.905506,-10.151837,0 -48.905378,-10.151747,0</coordinates></LineString></Placemark>
<Placemark><name>3582822</name><styleUrl>#styleDaimonCIRCUITO341TRECHO</styleUrl><LineString><coordinates>-48.905633,-10.151933,0 -48.905860,-10.152185,0</coordinates></LineString></Placemark>
<Placemark><name>3582984</name><styleUrl>#styleDaimonCIRCUITO341TRECHO</styleUrl><LineString><coordinates>-48.905378,-10.151747,0 -48.905161,-10.151585,0</coordinates></LineString></Placemark>
<Placemark><name>2771243</name><styleUrl>#styleDaimonCIRCUITO341TRECHO</styleUrl><LineString><coordinates>-48.905860,-10.152185,0 -48.905976,-10.152348,0</coordinates></LineString></Placemark>
<Placemark><name>3582985</name><styleUrl>#styleDaimonCIRCUITO341TRECHO</styleUrl><LineString><coordinates>-48.905161,-10.151585,0 -48.904908,-10.151465,0</coordinates></LineString></Placemark>
<Placemark><name>2771244</name><styleUrl>#styleDaimonCIRCUITO341TRECHO</styleUrl><LineString><coordinates>-48.905976,-10.152348,0 -48.906112,-10.152574,0</coordinates></LineString></Placemark>
<Placemark><name>2778701</name><styleUrl>#styleDaimonCIRCUITO341TRECHO</styleUrl><LineString><coordinates>-48.904908,-10.151465,0 -48.904643,-10.151354,0</coordinates></LineString></Placemark>
<Placemark><name>2771245</name><styleUrl>#styleDaimonCIRCUITO341TRECHO</styleUrl><LineString><coordinates>-48.906112,-10.152574,0 -48.906230,-10.152811,0</coordinates></LineString></Placemark>
<Placemark><name>2778782</name><styleUrl>#styleDaimonCIRCUITO341TRECHO</styleUrl><LineString><coordinates>-48.906230,-10.152811,0 -48.906320,-10.152990,0</coordinates></LineString></Placemark>
<Placemark><name>2622636</name><styleUrl>#styleDaimonCIRCUITO341TRECHO</styleUrl><LineString><coordinates>-48.871626,-10.168874,0 -48.871480,-10.168868,0</coordinates></LineString></Placemark>
<Placemark><name>2490074</name><styleUrl>#styleDaimonCIRCUITO341TRECHO</styleUrl><LineString><coordinates>-48.871480,-10.168868,0 -48.871382,-10.168865,0</coordinates></LineString></Placemark>
<Placemark><name>2622635</name><styleUrl>#styleDaimonCIRCUITO341TRECHO</styleUrl><LineString><coordinates>-48.871889,-10.168884,0 -48.871626,-10.168874,0</coordinates></LineString></Placemark>
<Placemark><name>2622634</name><styleUrl>#styleDaimonCIRCUITO341TRECHO</styleUrl><LineString><coordinates>-48.872333,-10.168900,0 -48.871889,-10.168884,0</coordinates></LineString></Placemark>
<Placemark><name>2621092</name><styleUrl>#styleDaimonCIRCUITO341TRECHO</styleUrl><LineString><coordinates>-48.872663,-10.168913,0 -48.872333,-10.168900,0</coordinates></LineString></Placemark>
<Placemark><name>12068050</name><styleUrl>#styleDaimonCIRCUITO341TRECHO</styleUrl><LineString><coordinates>-48.872697,-10.168914,0 -48.872663,-10.168913,0</coordinates></LineString></Placemark>
<Placemark><name>2504052</name><styleUrl>#styleDaimonCIRCUITO341TRECHO</styleUrl><LineString><coordinates>-48.872936,-10.168924,0 -48.872697,-10.168914,0</coordinates></LineString></Placemark>
<Placemark><name>2504051</name><styleUrl>#styleDaimonCIRCUITO341TRECHO</styleUrl><LineString><coordinates>-48.873111,-10.168685,0 -48.872936,-10.168924,0</coordinates></LineString></Placemark>
<Placemark><name>2504049</name><styleUrl>#styleDaimonCIRCUITO341TRECHO</styleUrl><LineString><coordinates>-48.873276,-10.168460,0 -48.873111,-10.168685,0</coordinates></LineString></Placemark>
<Placemark><name>2504048</name><styleUrl>#styleDaimonCIRCUITO341TRECHO</styleUrl><LineString><coordinates>-48.873487,-10.168306,0 -48.873276,-10.168460,0</coordinates></LineString></Placemark>
<Placemark><name>2495782</name><styleUrl>#styleDaimonCIRCUITO341TRECHO</styleUrl><LineString><coordinates>-48.873743,-10.168251,0 -48.873487,-10.168306,0</coordinates></LineString></Placemark>
<Placemark><name>12079609</name><styleUrl>#styleDaimonCIRCUITO341TRECHO</styleUrl><LineString><coordinates>-48.873743,-10.168251,0 -48.873778,-10.168253,0</coordinates></LineString></Placemark>
<Placemark><name>12079608</name><styleUrl>#styleDaimonCIRCUITO341TRECHO</styleUrl><LineString><coordinates>-48.873760,-10.168236,0 -48.873743,-10.168251,0</coordinates></LineString></Placemark>
<Placemark><name>2495781</name><styleUrl>#styleDaimonCIRCUITO341TRECHO</styleUrl><LineString><coordinates>-48.873778,-10.168253,0 -48.874048,-10.168305,0</coordinates></LineString></Placemark>
<Placemark><name>2495783</name><styleUrl>#styleDaimonCIRCUITO341TRECHO</styleUrl><LineString><coordinates>-48.873701,-10.168153,0 -48.873760,-10.168236,0</coordinates></LineString></Placemark>
<Placemark><name>2495780</name><styleUrl>#styleDaimonCIRCUITO341TRECHO</styleUrl><LineString><coordinates>-48.874048,-10.168305,0 -48.874265,-10.168403,0</coordinates></LineString></Placemark>
<Placemark><name>12079607</name><styleUrl>#styleDaimonCIRCUITO341TRECHO</styleUrl><LineString><coordinates>-48.873685,-10.168123,0 -48.873701,-10.168153,0</coordinates></LineString></Placemark>
<Placemark><name>2495779</name><styleUrl>#styleDaimonCIRCUITO341TRECHO</styleUrl><LineString><coordinates>-48.874265,-10.168403,0 -48.874509,-10.168650,0</coordinates></LineString></Placemark>
<Placemark><name>2488626</name><styleUrl>#styleDaimonCIRCUITO341TRECHO</styleUrl><LineString><coordinates>-48.873567,-10.167695,0 -48.873685,-10.168123,0</coordinates></LineString></Placemark>
<Placemark><name>2495778</name><styleUrl>#styleDaimonCIRCUITO341TRECHO</styleUrl><LineString><coordinates>-48.874509,-10.168650,0 -48.874638,-10.168953,0</coordinates></LineString></Placemark>
<Placemark><name>2488627</name><styleUrl>#styleDaimonCIRCUITO341TRECHO</styleUrl><LineString><coordinates>-48.873479,-10.167388,0 -48.873567,-10.167695,0</coordinates></LineString></Placemark>
<Placemark><name>2613868</name><styleUrl>#styleDaimonCIRCUITO341TRECHO</styleUrl><LineString><coordinates>-48.874638,-10.168953,0 -48.875210,-10.168979,0</coordinates></LineString></Placemark>
<Placemark><name>2488628</name><styleUrl>#styleDaimonCIRCUITO341TRECHO</styleUrl><LineString><coordinates>-48.873393,-10.167091,0 -48.873479,-10.167388,0</coordinates></LineString></Placemark>
<Placemark><name>2489887</name><styleUrl>#styleDaimonCIRCUITO341TRECHO</styleUrl><LineString><coordinates>-48.875210,-10.168979,0 -48.875554,-10.168995,0</coordinates></LineString></Placemark>
<Placemark><name>2504752</name><styleUrl>#styleDaimonCIRCUITO341TRECHO</styleUrl><LineString><coordinates>-48.873378,-10.167038,0 -48.873393,-10.167091,0</coordinates></LineString></Placemark>
<Placemark><name>2504750</name><styleUrl>#styleDaimonCIRCUITO341TRECHO</styleUrl><LineString><coordinates>-48.873378,-10.167038,0 -48.873134,-10.167026,0</coordinates></LineString></Placemark>
<Placemark><name>2504753</name><styleUrl>#styleDaimonCIRCUITO341TRECHO</styleUrl><LineString><coordinates>-48.873378,-10.167038,0 -48.873311,-10.166801,0</coordinates></LineString></Placemark>
<Placemark><name>2504751</name><styleUrl>#styleDaimonCIRCUITO341TRECHO</styleUrl><LineString><coordinates>-48.873451,-10.167043,0 -48.873378,-10.167038,0</coordinates></LineString></Placemark>
<Placemark><name>12083601</name><styleUrl>#styleDaimonCIRCUITO341TRECHO</styleUrl><LineString><coordinates>-48.873134,-10.167026,0 -48.873102,-10.167024,0</coordinates></LineString></Placemark>
<Placemark><name>2609489</name><styleUrl>#styleDaimonCIRCUITO341TRECHO</styleUrl><LineString><coordinates>-48.873753,-10.167054,0 -48.873451,-10.167043,0</coordinates></LineString></Placemark>
<Placemark><name>3636951</name><styleUrl>#styleDaimonCIRCUITO341TRECHO</styleUrl><LineString><coordinates>-48.873102,-10.167024,0 -48.872498,-10.166985,0</coordinates></LineString></Placemark>
<Placemark><name>3636952</name><styleUrl>#styleDaimonCIRCUITO341TRECHO</styleUrl><LineString><coordinates>-48.872498,-10.166985,0 -48.872370,-10.166975,0</coordinates></LineString></Placemark>
<Placemark><name>3636953</name><styleUrl>#styleDaimonCIRCUITO341TRECHO</styleUrl><LineString><coordinates>-48.872498,-10.166985,0 -48.872487,-10.166862,0</coordinates></LineString></Placemark>
<Placemark><name>3636954</name><styleUrl>#styleDaimonCIRCUITO341TRECHO</styleUrl><LineString><coordinates>-48.872498,-10.166985,0 -48.872479,-10.167116,0</coordinates></LineString></Placemark>
<Placemark><name>3636955</name><styleUrl>#styleDaimonCIRCUITO341TRECHO</styleUrl><LineString><coordinates>-48.872479,-10.167116,0 -48.872397,-10.167420,0</coordinates></LineString></Placemark>
<Placemark><name>3636956</name><styleUrl>#styleDaimonCIRCUITO341TRECHO</styleUrl><LineString><coordinates>-48.872397,-10.167420,0 -48.872307,-10.167746,0</coordinates></LineString></Placemark>
<Placemark><name>3636484</name><styleUrl>#styleDaimonCIRCUITO341TRECHO</styleUrl><LineString><coordinates>-48.872307,-10.167746,0 -48.872235,-10.167992,0</coordinates></LineString></Placemark>
<Placemark><name>3662166</name><styleUrl>#styleDaimonCIRCUITO341TRECHO</styleUrl><LineString><coordinates>-48.874547,-10.167099,0 -48.874550,-10.167073,0</coordinates></LineString></Placemark>
<Placemark><name>45217008</name><styleUrl>#styleDaimonCIRCUITO341TRECHO</styleUrl><LineString><coordinates>-48.874550,-10.167073,0 -48.874660,-10.167001,0</coordinates></LineString></Placemark>
<Placemark><name>28315127</name><styleUrl>#styleDaimonCIRCUITO341TRECHO</styleUrl><LineString><coordinates>-48.876179,-10.165797,0 -48.876194,-10.165820,0</coordinates></LineString></Placemark>
<Placemark><name>28315125</name><styleUrl>#styleDaimonCIRCUITO341TRECHO</styleUrl><LineString><coordinates>-48.876194,-10.165820,0 -48.876166,-10.165820,0</coordinates></LineString></Placemark>
<Placemark><name>2721321</name><styleUrl>#styleDaimonCIRCUITO341TRECHO</styleUrl><LineString><coordinates>-48.871931,-10.161068,0 -48.871723,-10.161088,0</coordinates></LineString></Placemark>
<Placemark><name>2721323</name><styleUrl>#styleDaimonCIRCUITO341TRECHO</styleUrl><LineString><coordinates>-48.871931,-10.161068,0 -48.871944,-10.161196,0</coordinates></LineString></Placemark>
<Placemark><name>2721320</name><styleUrl>#styleDaimonCIRCUITO341TRECHO</styleUrl><LineString><coordinates>-48.872067,-10.161057,0 -48.871931,-10.161068,0</coordinates></LineString></Placemark>
<Placemark><name>2721322</name><styleUrl>#styleDaimonCIRCUITO341TRECHO</styleUrl><LineString><coordinates>-48.871931,-10.161068,0 -48.871907,-10.160837,0</coordinates></LineString></Placemark>
<Placemark><name>3434215</name><styleUrl>#styleDaimonCIRCUITO341TRECHO</styleUrl><LineString><coordinates>-48.871723,-10.161088,0 -48.871412,-10.161116,0</coordinates></LineString></Placemark>
<Placemark><name>3433239</name><styleUrl>#styleDaimonCIRCUITO341TRECHO</styleUrl><LineString><coordinates>-48.871944,-10.161196,0 -48.871979,-10.161513,0</coordinates></LineString></Placemark>
<Placemark><name>3434216</name><styleUrl>#styleDaimonCIRCUITO341TRECHO</styleUrl><LineString><coordinates>-48.872390,-10.161029,0 -48.872067,-10.161057,0</coordinates></LineString></Placemark>
<Placemark><name>3434214</name><styleUrl>#styleDaimonCIRCUITO341TRECHO</styleUrl><LineString><coordinates>-48.871412,-10.161116,0 -48.871078,-10.161145,0</coordinates></LineString></Placemark>
<Placemark><name>3433240</name><styleUrl>#styleDaimonCIRCUITO341TRECHO</styleUrl><LineString><coordinates>-48.871979,-10.161513,0 -48.872013,-10.161841,0</coordinates></LineString></Placemark>
<Placemark><name>3435147</name><styleUrl>#styleDaimonCIRCUITO341TRECHO</styleUrl><LineString><coordinates>-48.872719,-10.160999,0 -48.872390,-10.161029,0</coordinates></LineString></Placemark>
<Placemark><name>2620101</name><styleUrl>#styleDaimonCIRCUITO341TRECHO</styleUrl><LineString><coordinates>-48.871078,-10.161145,0 -48.870783,-10.161171,0</coordinates></LineString></Placemark>
<Placemark><name>3435148</name><styleUrl>#styleDaimonCIRCUITO341TRECHO</styleUrl><LineString><coordinates>-48.873062,-10.160969,0 -48.872719,-10.160999,0</coordinates></LineString></Placemark>
<Placemark><name>2619823</name><styleUrl>#styleDaimonCIRCUITO341TRECHO</styleUrl><LineString><coordinates>-48.870783,-10.161171,0 -48.870460,-10.161201,0</coordinates></LineString></Placemark>
<Placemark><name>2504754</name><styleUrl>#styleDaimonCIRCUITO341TRECHO</styleUrl><LineString><coordinates>-48.873299,-10.160842,0 -48.873062,-10.160969,0</coordinates></LineString></Placemark>
<Placemark><name>2619822</name><styleUrl>#styleDaimonCIRCUITO341TRECHO</styleUrl><LineString><coordinates>-48.870460,-10.161201,0 -48.870102,-10.161230,0</coordinates></LineString></Placemark>
<Placemark><name>2504748</name><styleUrl>#styleDaimonCIRCUITO341TRECHO</styleUrl><LineString><coordinates>-48.873299,-10.160842,0 -48.873215,-10.160739,0</coordinates></LineString></Placemark>
<Placemark><name>2504747</name><styleUrl>#styleDaimonCIRCUITO341TRECHO</styleUrl><LineString><coordinates>-48.873299,-10.160842,0 -48.873403,-10.160972,0</coordinates></LineString></Placemark>
<Placemark><name>2504749</name><styleUrl>#styleDaimonCIRCUITO341TRECHO</styleUrl><LineString><coordinates>-48.873380,-10.160793,0 -48.873299,-10.160842,0</coordinates></LineString></Placemark>
<Placemark><name>12067945</name><styleUrl>#styleDaimonCIRCUITO341TRECHO</styleUrl><LineString><coordinates>-48.870102,-10.161230,0 -48.870069,-10.161237,0</coordinates></LineString></Placemark>
<Placemark><name>2619821</name><styleUrl>#styleDaimonCIRCUITO341TRECHO</styleUrl><LineString><coordinates>-48.870069,-10.161237,0 -48.869778,-10.161406,0</coordinates></LineString></Placemark>
<Placemark><name>2622893</name><styleUrl>#styleDaimonCIRCUITO341TRECHO</styleUrl><LineString><coordinates>-48.869778,-10.161406,0 -48.869587,-10.161626,0</coordinates></LineString></Placemark>
<Placemark><name>2622892</name><styleUrl>#styleDaimonCIRCUITO341TRECHO</styleUrl><LineString><coordinates>-48.869587,-10.161626,0 -48.869370,-10.161876,0</coordinates></LineString></Placemark>
<Placemark><name>2622891</name><styleUrl>#styleDaimonCIRCUITO341TRECHO</styleUrl><LineString><coordinates>-48.869370,-10.161876,0 -48.869169,-10.162108,0</coordinates></LineString></Placemark>
<Placemark><name>2622890</name><styleUrl>#styleDaimonCIRCUITO341TRECHO</styleUrl><LineString><coordinates>-48.869169,-10.162108,0 -48.868952,-10.162357,0</coordinates></LineString></Placemark>
<Placemark><name>2622889</name><styleUrl>#styleDaimonCIRCUITO341TRECHO</styleUrl><LineString><coordinates>-48.868952,-10.162357,0 -48.868786,-10.162543,0</coordinates></LineString></Placemark>
<Placemark><name>12119409</name><styleUrl>#styleDaimonCIRCUITO341TRECHO</styleUrl><LineString><coordinates>-48.868786,-10.162543,0 -48.868771,-10.162573,0</coordinates></LineString></Placemark>
<Placemark><name>3433228</name><styleUrl>#styleDaimonCIRCUITO341TRECHO</styleUrl><LineString><coordinates>-48.868771,-10.162573,0 -48.868773,-10.162708,0</coordinates></LineString></Placemark>
<Placemark><name>12071858</name><styleUrl>#styleDaimonCIRCUITO341TRECHO</styleUrl><LineString><coordinates>-48.871050,-10.153373,0 -48.871028,-10.153389,0</coordinates></LineString></Placemark>
<Placemark><name>2698727</name><styleUrl>#styleDaimonCIRCUITO341TRECHO</styleUrl><LineString><coordinates>-48.871650,-10.154701,0 -48.871050,-10.153373,0</coordinates></LineString></Placemark>
<Placemark><name>2698732</name><styleUrl>#styleDaimonCIRCUITO341TRECHO</styleUrl><LineString><coordinates>-48.871050,-10.153373,0 -48.870949,-10.153178,0</coordinates></LineString></Placemark>
<Placemark><name>2698733</name><styleUrl>#styleDaimonCIRCUITO341TRECHO</styleUrl><LineString><coordinates>-48.871028,-10.153389,0 -48.870808,-10.153538,0</coordinates></LineString></Placemark>
<Placemark><name>12023611</name><styleUrl>#styleDaimonCIRCUITO341TRECHO</styleUrl><LineString><coordinates>-48.871650,-10.154701,0 -48.871658,-10.154686,0</coordinates></LineString></Placemark>
<Placemark><name>2494585</name><styleUrl>#styleDaimonCIRCUITO341TRECHO</styleUrl><LineString><coordinates>-48.872294,-10.156145,0 -48.871650,-10.154701,0</coordinates></LineString></Placemark>
<Placemark><name>2494583</name><styleUrl>#styleDaimonCIRCUITO341TRECHO</styleUrl><LineString><coordinates>-48.871658,-10.154686,0 -48.871844,-10.154359,0</coordinates></LineString></Placemark>
<Placemark><name>2494721</name><styleUrl>#styleDaimonCIRCUITO341TRECHO</styleUrl><LineString><coordinates>-48.872659,-10.156989,0 -48.872294,-10.156145,0</coordinates></LineString></Placemark>
<Placemark><name>2494722</name><styleUrl>#styleDaimonCIRCUITO341TRECHO</styleUrl><LineString><coordinates>-48.873170,-10.158198,0 -48.872659,-10.156989,0</coordinates></LineString></Placemark>
<Placemark><name>2611414</name><styleUrl>#styleDaimonCIRCUITO341TRECHO</styleUrl><LineString><coordinates>-48.873626,-10.159153,0 -48.873170,-10.158198,0</coordinates></LineString></Placemark>
<Placemark><name>2611413</name><styleUrl>#styleDaimonCIRCUITO341TRECHO</styleUrl><LineString><coordinates>-48.873897,-10.159703,0 -48.873626,-10.159153,0</coordinates></LineString></Placemark>
<Placemark><name>3538590</name><styleUrl>#styleDaimonCIRCUITO341TRECHO</styleUrl><LineString><coordinates>-48.874650,-10.160605,0 -48.873897,-10.159703,0</coordinates></LineString></Placemark>
<Placemark><name>28315044</name><styleUrl>#styleDaimonCIRCUITO341TRECHO</styleUrl><LineString><coordinates>-48.874661,-10.160763,0 -48.874635,-10.160755,0</coordinates></LineString></Placemark>
<Placemark><name>28315064</name><styleUrl>#styleDaimonCIRCUITO341TRECHO</styleUrl><LineString><coordinates>-48.874635,-10.160755,0 -48.874660,-10.160742,0</coordinates></LineString></Placemark>
<Placemark><name>2611703</name><styleUrl>#styleDaimonCIRCUITO341TRECHO</styleUrl><LineString><coordinates>-48.876018,-10.159927,0 -48.876581,-10.159327,0</coordinates></LineString></Placemark>
<Placemark><name>3435146</name><styleUrl>#styleDaimonCIRCUITO341TRECHO</styleUrl><LineString><coordinates>-48.876581,-10.159327,0 -48.876608,-10.159350,0</coordinates></LineString></Placemark>
<Placemark><name>2611702</name><styleUrl>#styleDaimonCIRCUITO341TRECHO</styleUrl><LineString><coordinates>-48.875939,-10.160049,0 -48.876018,-10.159927,0</coordinates></LineString></Placemark>
<Placemark><name>12070951</name><styleUrl>#styleDaimonCIRCUITO341TRECHO</styleUrl><LineString><coordinates>-48.875917,-10.160074,0 -48.875939,-10.160049,0</coordinates></LineString></Placemark>
<Placemark><name>2611701</name><styleUrl>#styleDaimonCIRCUITO341TRECHO</styleUrl><LineString><coordinates>-48.875438,-10.160332,0 -48.875917,-10.160074,0</coordinates></LineString></Placemark>
<Placemark><name>12070949</name><styleUrl>#styleDaimonCIRCUITO341TRECHO</styleUrl><LineString><coordinates>-48.875407,-10.160346,0 -48.875438,-10.160332,0</coordinates></LineString></Placemark>
<Placemark><name>2611419</name><styleUrl>#styleDaimonCIRCUITO341TRECHO</styleUrl><LineString><coordinates>-48.875314,-10.160370,0 -48.875407,-10.160346,0</coordinates></LineString></Placemark>
<Placemark><name>12070950</name><styleUrl>#styleDaimonCIRCUITO341TRECHO</styleUrl><LineString><coordinates>-48.874887,-10.159940,0 -48.874887,-10.159906,0</coordinates></LineString></Placemark>
<Placemark><name>2611417</name><styleUrl>#styleDaimonCIRCUITO341TRECHO</styleUrl><LineString><coordinates>-48.875172,-10.160381,0 -48.874887,-10.159940,0</coordinates></LineString></Placemark>
<Placemark><name>2611418</name><styleUrl>#styleDaimonCIRCUITO341TRECHO</styleUrl><LineString><coordinates>-48.874887,-10.159906,0 -48.875050,-10.158923,0</coordinates></LineString></Placemark>
<Placemark><name>3616977</name><styleUrl>#styleDaimonCIRCUITO341TRECHO</styleUrl><LineString><coordinates>-48.846829,-10.132088,0 -48.846101,-10.131848,0</coordinates></LineString></Placemark>
<Placemark><name>3617246</name><styleUrl>#styleDaimonCIRCUITO341TRECHO</styleUrl><LineString><coordinates>-48.846101,-10.131848,0 -48.845425,-10.131628,0</coordinates></LineString></Placemark>
<Placemark><name>12083910</name><styleUrl>#styleDaimonCIRCUITO341TRECHO</styleUrl><LineString><coordinates>-48.846859,-10.132104,0 -48.846829,-10.132088,0</coordinates></LineString></Placemark>
<Placemark><name>12083909</name><styleUrl>#styleDaimonCIRCUITO341TRECHO</styleUrl><LineString><coordinates>-48.845425,-10.131628,0 -48.845390,-10.131625,0</coordinates></LineString></Placemark>
<Placemark><name>3616974</name><styleUrl>#styleDaimonCIRCUITO341TRECHO</styleUrl><LineString><coordinates>-48.847529,-10.132576,0 -48.846859,-10.132104,0</coordinates></LineString></Placemark>
<Placemark><name>3616973</name><styleUrl>#styleDaimonCIRCUITO341TRECHO</styleUrl><LineString><coordinates>-48.845390,-10.131625,0 -48.844237,-10.131686,0</coordinates></LineString></Placemark>
<Placemark><name>3617249</name><styleUrl>#styleDaimonCIRCUITO341TRECHO</styleUrl><LineString><coordinates>-48.848335,-10.133144,0 -48.847529,-10.132576,0</coordinates></LineString></Placemark>
<Placemark><name>12083821</name><styleUrl>#styleDaimonCIRCUITO341TRECHO</styleUrl><LineString><coordinates>-48.844237,-10.131686,0 -48.844206,-10.131691,0</coordinates></LineString></Placemark>
<Placemark><name>12083820</name><styleUrl>#styleDaimonCIRCUITO341TRECHO</styleUrl><LineString><coordinates>-48.848369,-10.133146,0 -48.848335,-10.133144,0</coordinates></LineString></Placemark>
<Placemark><name>3616979</name><styleUrl>#styleDaimonCIRCUITO341TRECHO</styleUrl><LineString><coordinates>-48.844206,-10.131691,0 -48.842530,-10.131759,0</coordinates></LineString></Placemark>
<Placemark><name>3616976</name><styleUrl>#styleDaimonCIRCUITO341TRECHO</styleUrl><LineString><coordinates>-48.849106,-10.133235,0 -48.848369,-10.133146,0</coordinates></LineString></Placemark>
<Placemark><name>12083911</name><styleUrl>#styleDaimonCIRCUITO341TRECHO</styleUrl><LineString><coordinates>-48.842530,-10.131759,0 -48.842496,-10.131761,0</coordinates></LineString></Placemark>
<Placemark><name>3617248</name><styleUrl>#styleDaimonCIRCUITO341TRECHO</styleUrl><LineString><coordinates>-48.842496,-10.131761,0 -48.841740,-10.131806,0</coordinates></LineString></Placemark>
<Placemark><name>3617250</name><styleUrl>#styleDaimonCIRCUITO341TRECHO</styleUrl><LineString><coordinates>-48.841740,-10.131806,0 -48.840574,-10.131875,0</coordinates></LineString></Placemark>
<Placemark><name>3616978</name><styleUrl>#styleDaimonCIRCUITO341TRECHO</styleUrl><LineString><coordinates>-48.840574,-10.131875,0 -48.839400,-10.131944,0</coordinates></LineString></Placemark>
<Placemark><name>3616975</name><styleUrl>#styleDaimonCIRCUITO341TRECHO</styleUrl><LineString><coordinates>-48.839400,-10.131944,0 -48.838252,-10.132012,0</coordinates></LineString></Placemark>
<Placemark><name>3617247</name><styleUrl>#styleDaimonCIRCUITO341TRECHO</styleUrl><LineString><coordinates>-48.838252,-10.132012,0 -48.837350,-10.132065,0</coordinates></LineString></Placemark>
<Placemark><name>29306623</name><styleUrl>#styleDaimonCIRCUITO341TRECHO</styleUrl><LineString><coordinates>-48.837350,-10.132065,0 -48.837256,-10.132070,0</coordinates></LineString></Placemark>
<Placemark><name>12033354</name><styleUrl>#styleDaimonCIRCUITO341TRECHO</styleUrl><LineString><coordinates>-48.848485,-10.133850,0 -48.848471,-10.133861,0</coordinates></LineString></Placemark>
<Placemark><name>3616339</name><styleUrl>#styleDaimonCIRCUITO341TRECHO</styleUrl><LineString><coordinates>-48.848471,-10.133861,0 -48.848292,-10.134127,0</coordinates></LineString></Placemark>
<Placemark><name>3616337</name><styleUrl>#styleDaimonCIRCUITO341TRECHO</styleUrl><LineString><coordinates>-48.849130,-10.133799,0 -48.848485,-10.133850,0</coordinates></LineString></Placemark>
<Placemark><name>44314099</name><styleUrl>#styleDaimonCIRCUITO341TRECHO</styleUrl><LineString><coordinates>-48.849210,-10.133767,0 -48.849292,-10.133768,0</coordinates></LineString></Placemark>
<Placemark><name>45217026</name><styleUrl>#styleDaimonCIRCUITO341TRECHO</styleUrl><LineString><coordinates>-48.849292,-10.133768,0 -48.849346,-10.133800,0</coordinates></LineString></Placemark>
<Placemark><name>3623596</name><styleUrl>#styleDaimonCIRCUITO341TRECHO</styleUrl><LineString><coordinates>-48.853238,-10.120384,0 -48.853310,-10.119505,0</coordinates></LineString></Placemark>
<Placemark><name>3623593</name><styleUrl>#styleDaimonCIRCUITO341TRECHO</styleUrl><LineString><coordinates>-48.853310,-10.119505,0 -48.853383,-10.118600,0</coordinates></LineString></Placemark>
<Placemark><name>3623373</name><styleUrl>#styleDaimonCIRCUITO341TRECHO</styleUrl><LineString><coordinates>-48.853133,-10.121685,0 -48.853238,-10.120384,0</coordinates></LineString></Placemark>
<Placemark><name>3623599</name><styleUrl>#styleDaimonCIRCUITO341TRECHO</styleUrl><LineString><coordinates>-48.853383,-10.118600,0 -48.853416,-10.118190,0</coordinates></LineString></Placemark>
<Placemark><name>3623602</name><styleUrl>#styleDaimonCIRCUITO341TRECHO</styleUrl><LineString><coordinates>-48.853059,-10.122610,0 -48.853133,-10.121685,0</coordinates></LineString></Placemark>
<Placemark><name>12033473</name><styleUrl>#styleDaimonCIRCUITO341TRECHO</styleUrl><LineString><coordinates>-48.853416,-10.118190,0 -48.853424,-10.118156,0</coordinates></LineString></Placemark>
<Placemark><name>3623598</name><styleUrl>#styleDaimonCIRCUITO341TRECHO</styleUrl><LineString><coordinates>-48.852986,-10.123503,0 -48.853059,-10.122610,0</coordinates></LineString></Placemark>
<Placemark><name>3623606</name><styleUrl>#styleDaimonCIRCUITO341TRECHO</styleUrl><LineString><coordinates>-48.853424,-10.118156,0 -48.853585,-10.117790,0</coordinates></LineString></Placemark>
<Placemark><name>3623605</name><styleUrl>#styleDaimonCIRCUITO341TRECHO</styleUrl><LineString><coordinates>-48.852909,-10.124465,0 -48.852986,-10.123503,0</coordinates></LineString></Placemark>
<Placemark><name>3623371</name><styleUrl>#styleDaimonCIRCUITO341TRECHO</styleUrl><LineString><coordinates>-48.853585,-10.117790,0 -48.853716,-10.117489,0</coordinates></LineString></Placemark>
<Placemark><name>3623375</name><styleUrl>#styleDaimonCIRCUITO341TRECHO</styleUrl><LineString><coordinates>-48.852832,-10.125417,0 -48.852909,-10.124465,0</coordinates></LineString></Placemark>
<Placemark><name>3623595</name><styleUrl>#styleDaimonCIRCUITO341TRECHO</styleUrl><LineString><coordinates>-48.852748,-10.126442,0 -48.852832,-10.125417,0</coordinates></LineString></Placemark>
<Placemark><name>3623372</name><styleUrl>#styleDaimonCIRCUITO341TRECHO</styleUrl><LineString><coordinates>-48.852669,-10.127426,0 -48.852748,-10.126442,0</coordinates></LineString></Placemark>
<Placemark><name>12033472</name><styleUrl>#styleDaimonCIRCUITO341TRECHO</styleUrl><LineString><coordinates>-48.852652,-10.127455,0 -48.852669,-10.127426,0</coordinates></LineString></Placemark>
<Placemark><name>3623603</name><styleUrl>#styleDaimonCIRCUITO341TRECHO</styleUrl><LineString><coordinates>-48.851823,-10.127909,0 -48.852652,-10.127455,0</coordinates></LineString></Placemark>
<Placemark><name>3623601</name><styleUrl>#styleDaimonCIRCUITO341TRECHO</styleUrl><LineString><coordinates>-48.850928,-10.128398,0 -48.851823,-10.127909,0</coordinates></LineString></Placemark>
<Placemark><name>3623597</name><styleUrl>#styleDaimonCIRCUITO341TRECHO</styleUrl><LineString><coordinates>-48.850074,-10.128865,0 -48.850928,-10.128398,0</coordinates></LineString></Placemark>
<Placemark><name>3623604</name><styleUrl>#styleDaimonCIRCUITO341TRECHO</styleUrl><LineString><coordinates>-48.849217,-10.129334,0 -48.850074,-10.128865,0</coordinates></LineString></Placemark>
<Placemark><name>12033471</name><styleUrl>#styleDaimonCIRCUITO341TRECHO</styleUrl><LineString><coordinates>-48.849203,-10.129359,0 -48.849217,-10.129334,0</coordinates></LineString></Placemark>
<Placemark><name>3623374</name><styleUrl>#styleDaimonCIRCUITO341TRECHO</styleUrl><LineString><coordinates>-48.849198,-10.130278,0 -48.849203,-10.129359,0</coordinates></LineString></Placemark>
<Placemark><name>3623594</name><styleUrl>#styleDaimonCIRCUITO341TRECHO</styleUrl><LineString><coordinates>-48.849193,-10.131197,0 -48.849198,-10.130278,0</coordinates></LineString></Placemark>
<Placemark><name>57827616</name><styleUrl>#styleDaimonCIRCUITO341TRECHO</styleUrl><LineString><coordinates>-48.846911,-10.131270,0 -48.846912,-10.130789,0</coordinates></LineString></Placemark>
<Placemark><name>49212537</name><styleUrl>#styleDaimonCIRCUITO341TRECHO</styleUrl><LineString><coordinates>-48.846912,-10.130789,0 -48.847058,-10.130645,0</coordinates></LineString></Placemark>
<Placemark><name>7899655</name><styleUrl>#styleDaimonCIRCUITO341TRECHO</styleUrl><LineString><coordinates>-48.849092,-10.131490,0 -48.849128,-10.131514,0</coordinates></LineString></Placemark>
<Placemark><name>3023345</name><styleUrl>#styleDaimonCIRCUITO341TRECHO</styleUrl><LineString><coordinates>-48.849194,-10.131490,0 -48.849092,-10.131490,0</coordinates></LineString></Placemark>
<Placemark><name>62945996</name><styleUrl>#styleDaimonCIRCUITO341TRECHO</styleUrl><LineString><coordinates>-48.871879,-10.166239,0 -48.871883,-10.166212,0</coordinates></LineString></Placemark>
<Placemark><name>62945887</name><styleUrl>#styleDaimonCIRCUITO341TRECHO</styleUrl><LineString><coordinates>-48.871883,-10.166212,0 -48.872009,-10.166092,0</coordinates></LineString></Placemark>
<Placemark><name>62945852</name><styleUrl>#styleDaimonCIRCUITO341TRECHO</styleUrl><LineString><coordinates>-48.871730,-10.166476,0 -48.871879,-10.166239,0</coordinates></LineString></Placemark>
<Placemark><name>62945888</name><styleUrl>#styleDaimonCIRCUITO341TRECHO</styleUrl><LineString><coordinates>-48.872009,-10.166092,0 -48.872166,-10.165915,0</coordinates></LineString></Placemark>
<Placemark><name>62945864</name><styleUrl>#styleDaimonCIRCUITO341TRECHO</styleUrl><LineString><coordinates>-48.871566,-10.166735,0 -48.871730,-10.166476,0</coordinates></LineString></Placemark>
<Placemark><name>62945874</name><styleUrl>#styleDaimonCIRCUITO341TRECHO</styleUrl><LineString><coordinates>-48.872166,-10.165915,0 -48.872396,-10.165658,0</coordinates></LineString></Placemark>
<Placemark><name>62945988</name><styleUrl>#styleDaimonCIRCUITO341TRECHO</styleUrl><LineString><coordinates>-48.871559,-10.166763,0 -48.871566,-10.166735,0</coordinates></LineString></Placemark>
<Placemark><name>62945842</name><styleUrl>#styleDaimonCIRCUITO341TRECHO</styleUrl><LineString><coordinates>-48.871588,-10.166957,0 -48.871559,-10.166763,0</coordinates></LineString></Placemark>
<Placemark><name>62945980</name><styleUrl>#styleDaimonCIRCUITO341TRECHO</styleUrl><LineString><coordinates>-48.871609,-10.166958,0 -48.871588,-10.166957,0</coordinates></LineString></Placemark>
<Placemark><name>62945831</name><styleUrl>#styleDaimonCIRCUITO341TRECHO</styleUrl><LineString><coordinates>-48.871588,-10.166957,0 -48.871547,-10.167135,0</coordinates></LineString></Placemark>
<Placemark><name>62945810</name><styleUrl>#styleDaimonCIRCUITO341TRECHO</styleUrl><LineString><coordinates>-48.871945,-10.166965,0 -48.871609,-10.166958,0</coordinates></LineString></Placemark>
<Placemark><name>62945821</name><styleUrl>#styleDaimonCIRCUITO341TRECHO</styleUrl><LineString><coordinates>-48.872328,-10.166975,0 -48.871945,-10.166965,0</coordinates></LineString></Placemark>
<Placemark><name>2490076</name><styleUrl>#styleDaimonCIRCUITO341TRECHO</styleUrl><LineString><coordinates>-48.871022,-10.168850,0 -48.870733,-10.168890,0</coordinates></LineString></Placemark>
<Placemark><name>2490075</name><styleUrl>#styleDaimonCIRCUITO341TRECHO</styleUrl><LineString><coordinates>-48.871346,-10.168864,0 -48.871022,-10.168850,0</coordinates></LineString></Placemark>
<Placemark><name>2612144</name><styleUrl>#styleDaimonCIRCUITO341TRECHO</styleUrl><LineString><coordinates>-48.870733,-10.168890,0 -48.870440,-10.168886,0</coordinates></LineString></Placemark>
<Placemark><name>2612418</name><styleUrl>#styleDaimonCIRCUITO341TRECHO</styleUrl><LineString><coordinates>-48.870440,-10.168886,0 -48.870173,-10.168870,0</coordinates></LineString></Placemark>
<Placemark><name>2614133</name><styleUrl>#styleDaimonCIRCUITO341TRECHO</styleUrl><LineString><coordinates>-48.870173,-10.168870,0 -48.869791,-10.168847,0</coordinates></LineString></Placemark>
<Placemark><name>2614134</name><styleUrl>#styleDaimonCIRCUITO341TRECHO</styleUrl><LineString><coordinates>-48.869791,-10.168847,0 -48.869453,-10.168828,0</coordinates></LineString></Placemark>
<Placemark><name>2614135</name><styleUrl>#styleDaimonCIRCUITO341TRECHO</styleUrl><LineString><coordinates>-48.869453,-10.168828,0 -48.869268,-10.168821,0</coordinates></LineString></Placemark>
<Placemark><name>2614136</name><styleUrl>#styleDaimonCIRCUITO341TRECHO</styleUrl><LineString><coordinates>-48.869268,-10.168821,0 -48.868886,-10.168809,0</coordinates></LineString></Placemark>
<Placemark><name>3588682</name><styleUrl>#styleDaimonCIRCUITO341TRECHO</styleUrl><LineString><coordinates>-48.868886,-10.168809,0 -48.868502,-10.168797,0</coordinates></LineString></Placemark>
<Placemark><name>3588679</name><styleUrl>#styleDaimonCIRCUITO341TRECHO</styleUrl><LineString><coordinates>-48.868502,-10.168797,0 -48.868111,-10.168782,0</coordinates></LineString></Placemark>
<Placemark><name>2489952</name><styleUrl>#styleDaimonCIRCUITO341TRECHO</styleUrl><LineString><coordinates>-48.868111,-10.168782,0 -48.867504,-10.168764,0</coordinates></LineString></Placemark>
<Placemark><name>2489953</name><styleUrl>#styleDaimonCIRCUITO341TRECHO</styleUrl><LineString><coordinates>-48.867504,-10.168764,0 -48.866407,-10.168674,0</coordinates></LineString></Placemark>
<Placemark><name>2494347</name><styleUrl>#styleDaimonCIRCUITO341TRECHO</styleUrl><LineString><coordinates>-48.866407,-10.168674,0 -48.866191,-10.168591,0</coordinates></LineString></Placemark>
<Placemark><name>12068174</name><styleUrl>#styleDaimonCIRCUITO341TRECHO</styleUrl><LineString><coordinates>-48.866191,-10.168591,0 -48.866158,-10.168588,0</coordinates></LineString></Placemark>
<Placemark><name>2494291</name><styleUrl>#styleDaimonCIRCUITO341TRECHO</styleUrl><LineString><coordinates>-48.866158,-10.168588,0 -48.865578,-10.169190,0</coordinates></LineString></Placemark>
<Placemark><name>12080882</name><styleUrl>#styleDaimonCIRCUITO341TRECHO</styleUrl><LineString><coordinates>-48.865578,-10.169190,0 -48.865553,-10.169213,0</coordinates></LineString></Placemark>
<Placemark><name>2494290</name><styleUrl>#styleDaimonCIRCUITO341TRECHO</styleUrl><LineString><coordinates>-48.865553,-10.169213,0 -48.864822,-10.169766,0</coordinates></LineString></Placemark>
<Placemark><name>12080881</name><styleUrl>#styleDaimonCIRCUITO341TRECHO</styleUrl><LineString><coordinates>-48.864822,-10.169766,0 -48.864796,-10.169788,0</coordinates></LineString></Placemark>
<Placemark><name>2494289</name><styleUrl>#styleDaimonCIRCUITO341TRECHO</styleUrl><LineString><coordinates>-48.864796,-10.169788,0 -48.863963,-10.170388,0</coordinates></LineString></Placemark>
<Placemark><name>12080883</name><styleUrl>#styleDaimonCIRCUITO341TRECHO</styleUrl><LineString><coordinates>-48.863963,-10.170388,0 -48.863935,-10.170406,0</coordinates></LineString></Placemark>
<Placemark><name>2494507</name><styleUrl>#styleDaimonCIRCUITO341TRECHO</styleUrl><LineString><coordinates>-48.863935,-10.170406,0 -48.863617,-10.170574,0</coordinates></LineString></Placemark>
<Placemark><name>3666133</name><styleUrl>#styleDaimonCIRCUITO341TRECHO</styleUrl><LineString><coordinates>-48.863935,-10.170406,0 -48.863947,-10.170415,0</coordinates></LineString></Placemark>
<Placemark><name>12075410</name><styleUrl>#styleDaimonCIRCUITO341TRECHO</styleUrl><LineString><coordinates>-48.863617,-10.170574,0 -48.863589,-10.170593,0</coordinates></LineString></Placemark>
<Placemark><name>2495422</name><styleUrl>#styleDaimonCIRCUITO341TRECHO</styleUrl><LineString><coordinates>-48.863589,-10.170593,0 -48.863463,-10.170684,0</coordinates></LineString></Placemark>
<Placemark><name>2495420</name><styleUrl>#styleDaimonCIRCUITO341TRECHO</styleUrl><LineString><coordinates>-48.863463,-10.170684,0 -48.861638,-10.171359,0</coordinates></LineString></Placemark>
<Placemark><name>12080880</name><styleUrl>#styleDaimonCIRCUITO341TRECHO</styleUrl><LineString><coordinates>-48.861638,-10.171359,0 -48.861607,-10.171371,0</coordinates></LineString></Placemark>
<Placemark><name>2495419</name><styleUrl>#styleDaimonCIRCUITO341TRECHO</styleUrl><LineString><coordinates>-48.861607,-10.171371,0 -48.860741,-10.171712,0</coordinates></LineString></Placemark>
<Placemark><name>12080879</name><styleUrl>#styleDaimonCIRCUITO341TRECHO</styleUrl><LineString><coordinates>-48.860741,-10.171712,0 -48.860710,-10.171725,0</coordinates></LineString></Placemark>
<Placemark><name>2495418</name><styleUrl>#styleDaimonCIRCUITO341TRECHO</styleUrl><LineString><coordinates>-48.860710,-10.171725,0 -48.858351,-10.173019,0</coordinates></LineString></Placemark>
<Placemark><name>12080878</name><styleUrl>#styleDaimonCIRCUITO341TRECHO</styleUrl><LineString><coordinates>-48.858351,-10.173019,0 -48.858321,-10.173036,0</coordinates></LineString></Placemark>
<Placemark><name>2495417</name><styleUrl>#styleDaimonCIRCUITO341TRECHO</styleUrl><LineString><coordinates>-48.858321,-10.173036,0 -48.857052,-10.173739,0</coordinates></LineString></Placemark>
<Placemark><name>12119408</name><styleUrl>#styleDaimonCIRCUITO341TRECHO</styleUrl><LineString><coordinates>-48.869010,-10.162928,0 -48.869009,-10.162961,0</coordinates></LineString></Placemark>
<Placemark><name>2620107</name><styleUrl>#styleDaimonCIRCUITO341TRECHO</styleUrl><LineString><coordinates>-48.868798,-10.162731,0 -48.869010,-10.162928,0</coordinates></LineString></Placemark>
<Placemark><name>2620106</name><styleUrl>#styleDaimonCIRCUITO341TRECHO</styleUrl><LineString><coordinates>-48.869009,-10.162961,0 -48.868908,-10.163069,0</coordinates></LineString></Placemark>
<Placemark><name>2620105</name><styleUrl>#styleDaimonCIRCUITO341TRECHO</styleUrl><LineString><coordinates>-48.868908,-10.163069,0 -48.868665,-10.163386,0</coordinates></LineString></Placemark>
<Placemark><name>2620104</name><styleUrl>#styleDaimonCIRCUITO341TRECHO</styleUrl><LineString><coordinates>-48.868665,-10.163386,0 -48.868260,-10.163903,0</coordinates></LineString></Placemark>
<Placemark><name>12121354</name><styleUrl>#styleDaimonCIRCUITO341TRECHO</styleUrl><LineString><coordinates>-48.868260,-10.163903,0 -48.868245,-10.163934,0</coordinates></LineString></Placemark>
<Placemark><name>2620103</name><styleUrl>#styleDaimonCIRCUITO341TRECHO</styleUrl><LineString><coordinates>-48.868245,-10.163934,0 -48.868313,-10.164325,0</coordinates></LineString></Placemark>
<Placemark><name>2610202</name><styleUrl>#styleDaimonCIRCUITO341TRECHO</styleUrl><LineString><coordinates>-48.873562,-10.161157,0 -48.873733,-10.161435,0</coordinates></LineString></Placemark>
<Placemark><name>2610203</name><styleUrl>#styleDaimonCIRCUITO341TRECHO</styleUrl><LineString><coordinates>-48.873419,-10.160991,0 -48.873562,-10.161157,0</coordinates></LineString></Placemark>
<Placemark><name>3434018</name><styleUrl>#styleDaimonCIRCUITO341TRECHO</styleUrl><LineString><coordinates>-48.873733,-10.161435,0 -48.873897,-10.161694,0</coordinates></LineString></Placemark>
<Placemark><name>2494582</name><styleUrl>#styleDaimonCIRCUITO341TRECHO</styleUrl><LineString><coordinates>-48.870918,-10.153119,0 -48.870633,-10.152574,0</coordinates></LineString></Placemark>
<Placemark><name>12067703</name><styleUrl>#styleDaimonCIRCUITO341TRECHO</styleUrl><LineString><coordinates>-48.869841,-10.154041,0 -48.869831,-10.154041,0</coordinates></LineString></Placemark>
<Placemark><name>2494469</name><styleUrl>#styleDaimonCIRCUITO341TRECHO</styleUrl><LineString><coordinates>-48.869831,-10.154041,0 -48.869693,-10.153810,0</coordinates></LineString></Placemark>
<Placemark><name>2494580</name><styleUrl>#styleDaimonCIRCUITO341TRECHO</styleUrl><LineString><coordinates>-48.870297,-10.153754,0 -48.869841,-10.154041,0</coordinates></LineString></Placemark>
<Placemark><name>2494581</name><styleUrl>#styleDaimonCIRCUITO341TRECHO</styleUrl><LineString><coordinates>-48.870758,-10.153560,0 -48.870297,-10.153754,0</coordinates></LineString></Placemark>
<Placemark><name>2494584</name><styleUrl>#styleDaimonCIRCUITO341TRECHO</styleUrl><LineString><coordinates>-48.871885,-10.154307,0 -48.872254,-10.153833,0</coordinates></LineString></Placemark>
<Placemark><name>2611705</name><styleUrl>#styleDaimonCIRCUITO341TRECHO</styleUrl><LineString><coordinates>-48.876001,-10.159536,0 -48.876184,-10.159330,0</coordinates></LineString></Placemark>
<Placemark><name>24585173</name><styleUrl>#styleDaimonCIRCUITO341TRECHO</styleUrl><LineString><coordinates>-48.876184,-10.159330,0 -48.876013,-10.159316,0</coordinates></LineString></Placemark>
<Placemark><name>3433229</name><styleUrl>#styleDaimonCIRCUITO341TRECHO</styleUrl><LineString><coordinates>-48.876184,-10.159330,0 -48.876217,-10.159348,0</coordinates></LineString></Placemark>
<Placemark><name>2611704</name><styleUrl>#styleDaimonCIRCUITO341TRECHO</styleUrl><LineString><coordinates>-48.876016,-10.159888,0 -48.876001,-10.159536,0</coordinates></LineString></Placemark>
<Placemark><name>34086524</name><styleUrl>#styleDaimonCIRCUITO341TRECHO</styleUrl><LineString><coordinates>-48.835393,-10.132029,0 -48.834431,-10.132519,0</coordinates></LineString></Placemark>
<Placemark><name>34086525</name><styleUrl>#styleDaimonCIRCUITO341TRECHO</styleUrl><LineString><coordinates>-48.834431,-10.132519,0 -48.833458,-10.133014,0</coordinates></LineString></Placemark>
<Placemark><name>34086612</name><styleUrl>#styleDaimonCIRCUITO341TRECHO</styleUrl><LineString><coordinates>-48.835417,-10.132018,0 -48.835393,-10.132029,0</coordinates></LineString></Placemark>
<Placemark><name>34086526</name><styleUrl>#styleDaimonCIRCUITO341TRECHO</styleUrl><LineString><coordinates>-48.833458,-10.133014,0 -48.832566,-10.133469,0</coordinates></LineString></Placemark>
<Placemark><name>34086503</name><styleUrl>#styleDaimonCIRCUITO341TRECHO</styleUrl><LineString><coordinates>-48.836253,-10.131725,0 -48.835417,-10.132018,0</coordinates></LineString></Placemark>
<Placemark><name>34086512</name><styleUrl>#styleDaimonCIRCUITO341TRECHO</styleUrl><LineString><coordinates>-48.832566,-10.133469,0 -48.831593,-10.133965,0</coordinates></LineString></Placemark>
<Placemark><name>34086604</name><styleUrl>#styleDaimonCIRCUITO341TRECHO</styleUrl><LineString><coordinates>-48.836277,-10.131719,0 -48.836253,-10.131725,0</coordinates></LineString></Placemark>
<Placemark><name>34086557</name><styleUrl>#styleDaimonCIRCUITO341TRECHO</styleUrl><LineString><coordinates>-48.831593,-10.133965,0 -48.830619,-10.134461,0</coordinates></LineString></Placemark>
<Placemark><name>34086495</name><styleUrl>#styleDaimonCIRCUITO341TRECHO</styleUrl><LineString><coordinates>-48.837262,-10.131617,0 -48.836277,-10.131719,0</coordinates></LineString></Placemark>
<Placemark><name>34086486</name><styleUrl>#styleDaimonCIRCUITO341TRECHO</styleUrl><LineString><coordinates>-48.838152,-10.131496,0 -48.837262,-10.131617,0</coordinates></LineString></Placemark>
<Placemark><name>34086596</name><styleUrl>#styleDaimonCIRCUITO341TRECHO</styleUrl><LineString><coordinates>-48.838168,-10.131506,0 -48.838152,-10.131496,0</coordinates></LineString></Placemark>
<Placemark><name>34086478</name><styleUrl>#styleDaimonCIRCUITO341TRECHO</styleUrl><LineString><coordinates>-48.838244,-10.131962,0 -48.838168,-10.131506,0</coordinates></LineString></Placemark>
<Placemark><name>38584509</name><styleUrl>#styleDaimonCIRCUITO341TRECHO</styleUrl><LineString><coordinates>-48.837350,-10.132071,0 -48.837348,-10.132127,0</coordinates></LineString></Placemark>
<Placemark><name>61777791</name><styleUrl>#styleDaimonCIRCUITO341TRECHO</styleUrl><LineString><coordinates>-48.846108,-10.131768,0 -48.846165,-10.131037,0</coordinates></LineString></Placemark>
<Placemark><name>3588681</name><styleUrl>#styleDaimonCIRCUITO341TRECHO</styleUrl><LineString><coordinates>-48.868676,-10.168229,0 -48.868768,-10.167839,0</coordinates></LineString></Placemark>
<Placemark><name>3588680</name><styleUrl>#styleDaimonCIRCUITO341TRECHO</styleUrl><LineString><coordinates>-48.868520,-10.168741,0 -48.868676,-10.168229,0</coordinates></LineString></Placemark>
<Placemark><name>3588684</name><styleUrl>#styleDaimonCIRCUITO341TRECHO</styleUrl><LineString><coordinates>-48.868768,-10.167839,0 -48.869043,-10.166803,0</coordinates></LineString></Placemark>
<Placemark><name>12122373</name><styleUrl>#styleDaimonCIRCUITO341TRECHO</styleUrl><LineString><coordinates>-48.869043,-10.166803,0 -48.869037,-10.166785,0</coordinates></LineString></Placemark>
<Placemark><name>3588683</name><styleUrl>#styleDaimonCIRCUITO341TRECHO</styleUrl><LineString><coordinates>-48.869037,-10.166785,0 -48.868657,-10.166781,0</coordinates></LineString></Placemark>
<Placemark><name>2502995</name><styleUrl>#styleDaimonCIRCUITO341TRECHO</styleUrl><LineString><coordinates>-48.863551,-10.170949,0 -48.863664,-10.171339,0</coordinates></LineString></Placemark>
<Placemark><name>2502929</name><styleUrl>#styleDaimonCIRCUITO341TRECHO</styleUrl><LineString><coordinates>-48.863472,-10.170711,0 -48.863551,-10.170949,0</coordinates></LineString></Placemark>
<Placemark><name>3423284</name><styleUrl>#styleDaimonCIRCUITO341TRECHO</styleUrl><LineString><coordinates>-48.849346,-10.173584,0 -48.848131,-10.173054,0</coordinates></LineString></Placemark>
<Placemark><name>3423283</name><styleUrl>#styleDaimonCIRCUITO341TRECHO</styleUrl><LineString><coordinates>-48.848131,-10.173054,0 -48.847021,-10.172643,0</coordinates></LineString></Placemark>
<Placemark><name>3440635</name><styleUrl>#styleDaimonCIRCUITO341TRECHO</styleUrl><LineString><coordinates>-48.849475,-10.173628,0 -48.849346,-10.173584,0</coordinates></LineString></Placemark>
<Placemark><name>3423189</name><styleUrl>#styleDaimonCIRCUITO341TRECHO</styleUrl><LineString><coordinates>-48.847021,-10.172643,0 -48.846038,-10.172249,0</coordinates></LineString></Placemark>
<Placemark><name>49492648</name><styleUrl>#styleDaimonCIRCUITO341TRECHO</styleUrl><LineString><coordinates>-48.850645,-10.174027,0 -48.849475,-10.173628,0</coordinates></LineString></Placemark>
<Placemark><name>49342648</name><styleUrl>#styleDaimonCIRCUITO341TRECHO</styleUrl><LineString><coordinates>-48.846038,-10.172249,0 -48.845673,-10.172064,0</coordinates></LineString></Placemark>
<Placemark><name>3440636</name><styleUrl>#styleDaimonCIRCUITO341TRECHO</styleUrl><LineString><coordinates>-48.851875,-10.174576,0 -48.850645,-10.174027,0</coordinates></LineString></Placemark>
<Placemark><name>3423188</name><styleUrl>#styleDaimonCIRCUITO341TRECHO</styleUrl><LineString><coordinates>-48.845673,-10.172064,0 -48.845302,-10.171877,0</coordinates></LineString></Placemark>
<Placemark><name>3440637</name><styleUrl>#styleDaimonCIRCUITO341TRECHO</styleUrl><LineString><coordinates>-48.853127,-10.175057,0 -48.851875,-10.174576,0</coordinates></LineString></Placemark>
<Placemark><name>12071666</name><styleUrl>#styleDaimonCIRCUITO341TRECHO</styleUrl><LineString><coordinates>-48.845302,-10.171877,0 -48.845272,-10.171861,0</coordinates></LineString></Placemark>
<Placemark><name>2490294</name><styleUrl>#styleDaimonCIRCUITO341TRECHO</styleUrl><LineString><coordinates>-48.854383,-10.175475,0 -48.853127,-10.175057,0</coordinates></LineString></Placemark>
<Placemark><name>3423187</name><styleUrl>#styleDaimonCIRCUITO341TRECHO</styleUrl><LineString><coordinates>-48.845272,-10.171861,0 -48.840279,-10.168776,0</coordinates></LineString></Placemark>
<Placemark><name>2485516</name><styleUrl>#styleDaimonCIRCUITO341TRECHO</styleUrl><LineString><coordinates>-48.845272,-10.171861,0 -48.845244,-10.171912,0</coordinates></LineString></Placemark>
<Placemark><name>12071668</name><styleUrl>#styleDaimonCIRCUITO341TRECHO</styleUrl><LineString><coordinates>-48.854413,-10.175490,0 -48.854383,-10.175475,0</coordinates></LineString></Placemark>
<Placemark><name>12068176</name><styleUrl>#styleDaimonCIRCUITO341TRECHO</styleUrl><LineString><coordinates>-48.840279,-10.168776,0 -48.840246,-10.168769,0</coordinates></LineString></Placemark>
<Placemark><name>2490295</name><styleUrl>#styleDaimonCIRCUITO341TRECHO</styleUrl><LineString><coordinates>-48.854497,-10.175557,0 -48.854413,-10.175490,0</coordinates></LineString></Placemark>
<Placemark><name>3422855</name><styleUrl>#styleDaimonCIRCUITO341TRECHO</styleUrl><LineString><coordinates>-48.840246,-10.168769,0 -48.840200,-10.168823,0</coordinates></LineString></Placemark>
<Placemark><name>3441858</name><styleUrl>#styleDaimonCIRCUITO341TRECHO</styleUrl><LineString><coordinates>-48.840246,-10.168769,0 -48.840046,-10.168785,0</coordinates></LineString></Placemark>
<Placemark><name>12071667</name><styleUrl>#styleDaimonCIRCUITO341TRECHO</styleUrl><LineString><coordinates>-48.854523,-10.175559,0 -48.854497,-10.175557,0</coordinates></LineString></Placemark>
<Placemark><name>3669604</name><styleUrl>#styleDaimonCIRCUITO341TRECHO</styleUrl><LineString><coordinates>-48.840046,-10.168785,0 -48.838797,-10.168577,0</coordinates></LineString></Placemark>
<Placemark><name>12025448</name><styleUrl>#styleDaimonCIRCUITO341TRECHO</styleUrl><LineString><coordinates>-48.854523,-10.175559,0 -48.854495,-10.175579,0</coordinates></LineString></Placemark>
<Placemark><name>2490298</name><styleUrl>#styleDaimonCIRCUITO341TRECHO</styleUrl><LineString><coordinates>-48.854635,-10.175480,0 -48.854523,-10.175559,0</coordinates></LineString></Placemark>
<Placemark><name>2485520</name><styleUrl>#styleDaimonCIRCUITO341TRECHO</styleUrl><LineString><coordinates>-48.838797,-10.168577,0 -48.837787,-10.168452,0</coordinates></LineString></Placemark>
<Placemark><name>2490296</name><styleUrl>#styleDaimonCIRCUITO341TRECHO</styleUrl><LineString><coordinates>-48.854495,-10.175579,0 -48.853797,-10.176120,0</coordinates></LineString></Placemark>
<Placemark><name>50055527</name><styleUrl>#styleDaimonCIRCUITO341TRECHO</styleUrl><LineString><coordinates>-48.855433,-10.174918,0 -48.854635,-10.175480,0</coordinates></LineString></Placemark>
<Placemark><name>2485519</name><styleUrl>#styleDaimonCIRCUITO341TRECHO</styleUrl><LineString><coordinates>-48.837787,-10.168452,0 -48.836503,-10.168293,0</coordinates></LineString></Placemark>
<Placemark><name>2488723</name><styleUrl>#styleDaimonCIRCUITO341TRECHO</styleUrl><LineString><coordinates>-48.856355,-10.174242,0 -48.855433,-10.174918,0</coordinates></LineString></Placemark>
<Placemark><name>2485518</name><styleUrl>#styleDaimonCIRCUITO341TRECHO</styleUrl><LineString><coordinates>-48.836503,-10.168293,0 -48.835131,-10.168102,0</coordinates></LineString></Placemark>
<Placemark><name>3002060</name><styleUrl>#styleDaimonCIRCUITO341TRECHO</styleUrl><LineString><coordinates>-48.856982,-10.173790,0 -48.856355,-10.174242,0</coordinates></LineString></Placemark>
<Placemark><name>12029175</name><styleUrl>#styleDaimonCIRCUITO341TRECHO</styleUrl><LineString><coordinates>-48.835131,-10.168102,0 -48.835098,-10.168107,0</coordinates></LineString></Placemark>
<Placemark><name>12080877</name><styleUrl>#styleDaimonCIRCUITO341TRECHO</styleUrl><LineString><coordinates>-48.835131,-10.168102,0 -48.835110,-10.168089,0</coordinates></LineString></Placemark>
<Placemark><name>2485515</name><styleUrl>#styleDaimonCIRCUITO341TRECHO</styleUrl><LineString><coordinates>-48.835098,-10.168107,0 -48.834956,-10.168192,0</coordinates></LineString></Placemark>
<Placemark><name>3423739</name><styleUrl>#styleDaimonCIRCUITO341TRECHO</styleUrl><LineString><coordinates>-48.835110,-10.168089,0 -48.834717,-10.166848,0</coordinates></LineString></Placemark>
<Placemark><name>3422858</name><styleUrl>#styleDaimonCIRCUITO341TRECHO</styleUrl><LineString><coordinates>-48.834717,-10.166848,0 -48.834287,-10.165640,0</coordinates></LineString></Placemark>
<Placemark><name>3422857</name><styleUrl>#styleDaimonCIRCUITO341TRECHO</styleUrl><LineString><coordinates>-48.834287,-10.165640,0 -48.833990,-10.164627,0</coordinates></LineString></Placemark>
<Placemark><name>12080876</name><styleUrl>#styleDaimonCIRCUITO341TRECHO</styleUrl><LineString><coordinates>-48.833990,-10.164627,0 -48.833983,-10.164593,0</coordinates></LineString></Placemark>
<Placemark><name>3422856</name><styleUrl>#styleDaimonCIRCUITO341TRECHO</styleUrl><LineString><coordinates>-48.833983,-10.164593,0 -48.833989,-10.161275,0</coordinates></LineString></Placemark>
<Placemark><name>12080875</name><styleUrl>#styleDaimonCIRCUITO341TRECHO</styleUrl><LineString><coordinates>-48.833989,-10.161275,0 -48.833977,-10.161244,0</coordinates></LineString></Placemark>
<Placemark><name>3422854</name><styleUrl>#styleDaimonCIRCUITO341TRECHO</styleUrl><LineString><coordinates>-48.833977,-10.161244,0 -48.832839,-10.160479,0</coordinates></LineString></Placemark>
<Placemark><name>3422853</name><styleUrl>#styleDaimonCIRCUITO341TRECHO</styleUrl><LineString><coordinates>-48.832839,-10.160479,0 -48.831710,-10.159680,0</coordinates></LineString></Placemark>
<Placemark><name>3672076</name><styleUrl>#styleDaimonCIRCUITO341TRECHO</styleUrl><LineString><coordinates>-48.831710,-10.159680,0 -48.830582,-10.158903,0</coordinates></LineString></Placemark>
<Placemark><name>3672075</name><styleUrl>#styleDaimonCIRCUITO341TRECHO</styleUrl><LineString><coordinates>-48.830582,-10.158903,0 -48.829449,-10.158096,0</coordinates></LineString></Placemark>
<Placemark><name>12067944</name><styleUrl>#styleDaimonCIRCUITO341TRECHO</styleUrl><LineString><coordinates>-48.829449,-10.158096,0 -48.829457,-10.158081,0</coordinates></LineString></Placemark>
<Placemark><name>12121590</name><styleUrl>#styleDaimonCIRCUITO341TRECHO</styleUrl><LineString><coordinates>-48.829449,-10.158096,0 -48.829434,-10.158087,0</coordinates></LineString></Placemark>
<Placemark><name>2494358</name><styleUrl>#styleDaimonCIRCUITO341TRECHO</styleUrl><LineString><coordinates>-48.829457,-10.158081,0 -48.829331,-10.157619,0</coordinates></LineString></Placemark>
<Placemark><name>2494357</name><styleUrl>#styleDaimonCIRCUITO341TRECHO</styleUrl><LineString><coordinates>-48.829434,-10.158087,0 -48.829309,-10.158028,0</coordinates></LineString></Placemark>
<Placemark><name>12067943</name><styleUrl>#styleDaimonCIRCUITO341TRECHO</styleUrl><LineString><coordinates>-48.829331,-10.157619,0 -48.829323,-10.157587,0</coordinates></LineString></Placemark>
<Placemark><name>25361215</name><styleUrl>#styleDaimonCIRCUITO341TRECHO</styleUrl><LineString><coordinates>-48.829309,-10.158028,0 -48.829302,-10.158003,0</coordinates></LineString></Placemark>
<Placemark><name>2494359</name><styleUrl>#styleDaimonCIRCUITO341TRECHO</styleUrl><LineString><coordinates>-48.829323,-10.157587,0 -48.828505,-10.153178,0</coordinates></LineString></Placemark>
<Placemark><name>12071764</name><styleUrl>#styleDaimonCIRCUITO341TRECHO</styleUrl><LineString><coordinates>-48.828505,-10.153178,0 -48.828498,-10.153145,0</coordinates></LineString></Placemark>
<Placemark><name>3442497</name><styleUrl>#styleDaimonCIRCUITO341TRECHO</styleUrl><LineString><coordinates>-48.828505,-10.153178,0 -48.828485,-10.153188,0</coordinates></LineString></Placemark>
<Placemark><name>3423285</name><styleUrl>#styleDaimonCIRCUITO341TRECHO</styleUrl><LineString><coordinates>-48.828498,-10.153145,0 -48.828329,-10.152267,0</coordinates></LineString></Placemark>
<Placemark><name>12068173</name><styleUrl>#styleDaimonCIRCUITO341TRECHO</styleUrl><LineString><coordinates>-48.828329,-10.152267,0 -48.828323,-10.152234,0</coordinates></LineString></Placemark>
<Placemark><name>3423286</name><styleUrl>#styleDaimonCIRCUITO341TRECHO</styleUrl><LineString><coordinates>-48.828323,-10.152234,0 -48.828091,-10.151060,0</coordinates></LineString></Placemark>
<Placemark><name>3423287</name><styleUrl>#styleDaimonCIRCUITO341TRECHO</styleUrl><LineString><coordinates>-48.828091,-10.151060,0 -48.827893,-10.150074,0</coordinates></LineString></Placemark>
<Placemark><name>3671853</name><styleUrl>#styleDaimonCIRCUITO341TRECHO</styleUrl><LineString><coordinates>-48.827893,-10.150074,0 -48.827725,-10.149272,0</coordinates></LineString></Placemark>
<Placemark><name>3671854</name><styleUrl>#styleDaimonCIRCUITO341TRECHO</styleUrl><LineString><coordinates>-48.827725,-10.149272,0 -48.827545,-10.148333,0</coordinates></LineString></Placemark>
<Placemark><name>3671855</name><styleUrl>#styleDaimonCIRCUITO341TRECHO</styleUrl><LineString><coordinates>-48.827545,-10.148333,0 -48.827287,-10.147080,0</coordinates></LineString></Placemark>
<Placemark><name>3672073</name><styleUrl>#styleDaimonCIRCUITO341TRECHO</styleUrl><LineString><coordinates>-48.827287,-10.147080,0 -48.826977,-10.145811,0</coordinates></LineString></Placemark>
<Placemark><name>2494288</name><styleUrl>#styleDaimonCIRCUITO341TRECHO</styleUrl><LineString><coordinates>-48.863950,-10.170423,0 -48.863979,-10.170494,0</coordinates></LineString></Placemark>
<Placemark><name>51908368</name><styleUrl>#styleDaimonCIRCUITO341TRECHO</styleUrl><LineString><coordinates>-48.849206,-10.138620,0 -48.849206,-10.138603,0</coordinates></LineString></Placemark>
<Placemark><name>2698728</name><styleUrl>#styleDaimonCIRCUITO341TRECHO</styleUrl><LineString><coordinates>-48.849972,-10.138857,0 -48.849206,-10.138620,0</coordinates></LineString></Placemark>
<Placemark><name>2698972</name><styleUrl>#styleDaimonCIRCUITO341TRECHO</styleUrl><LineString><coordinates>-48.849206,-10.138620,0 -48.848332,-10.138350,0</coordinates></LineString></Placemark>
<Placemark><name>12067704</name><styleUrl>#styleDaimonCIRCUITO341TRECHO</styleUrl><LineString><coordinates>-48.849999,-10.138871,0 -48.849972,-10.138857,0</coordinates></LineString></Placemark>
<Placemark><name>12123657</name><styleUrl>#styleDaimonCIRCUITO341TRECHO</styleUrl><LineString><coordinates>-48.848332,-10.138350,0 -48.848295,-10.138341,0</coordinates></LineString></Placemark>
<Placemark><name>3666132</name><styleUrl>#styleDaimonCIRCUITO341TRECHO</styleUrl><LineString><coordinates>-48.848332,-10.138350,0 -48.848318,-10.138353,0</coordinates></LineString></Placemark>
<Placemark><name>3442467</name><styleUrl>#styleDaimonCIRCUITO341TRECHO</styleUrl><LineString><coordinates>-48.851077,-10.139996,0 -48.849999,-10.138871,0</coordinates></LineString></Placemark>
<Placemark><name>3023344</name><styleUrl>#styleDaimonCIRCUITO341TRECHO</styleUrl><LineString><coordinates>-48.848295,-10.138341,0 -48.847426,-10.138150,0</coordinates></LineString></Placemark>
<Placemark><name>3442468</name><styleUrl>#styleDaimonCIRCUITO341TRECHO</styleUrl><LineString><coordinates>-48.852026,-10.141019,0 -48.851077,-10.139996,0</coordinates></LineString></Placemark>
<Placemark><name>3442465</name><styleUrl>#styleDaimonCIRCUITO341TRECHO</styleUrl><LineString><coordinates>-48.847426,-10.138150,0 -48.846157,-10.137959,0</coordinates></LineString></Placemark>
<Placemark><name>3442469</name><styleUrl>#styleDaimonCIRCUITO341TRECHO</styleUrl><LineString><coordinates>-48.852491,-10.141524,0 -48.852026,-10.141019,0</coordinates></LineString></Placemark>
<Placemark><name>3442464</name><styleUrl>#styleDaimonCIRCUITO341TRECHO</styleUrl><LineString><coordinates>-48.846157,-10.137959,0 -48.844994,-10.137732,0</coordinates></LineString></Placemark>
<Placemark><name>3442701</name><styleUrl>#styleDaimonCIRCUITO341TRECHO</styleUrl><LineString><coordinates>-48.853353,-10.142440,0 -48.852491,-10.141524,0</coordinates></LineString></Placemark>
<Placemark><name>12120019</name><styleUrl>#styleDaimonCIRCUITO341TRECHO</styleUrl><LineString><coordinates>-48.844994,-10.137732,0 -48.844961,-10.137736,0</coordinates></LineString></Placemark>
<Placemark><name>12120018</name><styleUrl>#styleDaimonCIRCUITO341TRECHO</styleUrl><LineString><coordinates>-48.844994,-10.137732,0 -48.844987,-10.137716,0</coordinates></LineString></Placemark>
<Placemark><name>3441984</name><styleUrl>#styleDaimonCIRCUITO341TRECHO</styleUrl><LineString><coordinates>-48.854165,-10.142932,0 -48.853353,-10.142440,0</coordinates></LineString></Placemark>
<Placemark><name>3432764</name><styleUrl>#styleDaimonCIRCUITO341TRECHO</styleUrl><LineString><coordinates>-48.844961,-10.137736,0 -48.844096,-10.138166,0</coordinates></LineString></Placemark>
<Placemark><name>3432765</name><styleUrl>#styleDaimonCIRCUITO341TRECHO</styleUrl><LineString><coordinates>-48.844987,-10.137716,0 -48.845068,-10.137562,0</coordinates></LineString></Placemark>
<Placemark><name>3442196</name><styleUrl>#styleDaimonCIRCUITO341TRECHO</styleUrl><LineString><coordinates>-48.854894,-10.143369,0 -48.854165,-10.142932,0</coordinates></LineString></Placemark>
<Placemark><name>12120035</name><styleUrl>#styleDaimonCIRCUITO341TRECHO</styleUrl><LineString><coordinates>-48.844096,-10.138166,0 -48.844066,-10.138181,0</coordinates></LineString></Placemark>
<Placemark><name>12067706</name><styleUrl>#styleDaimonCIRCUITO341TRECHO</styleUrl><LineString><coordinates>-48.854923,-10.143387,0 -48.854894,-10.143369,0</coordinates></LineString></Placemark>
<Placemark><name>3432763</name><styleUrl>#styleDaimonCIRCUITO341TRECHO</styleUrl><LineString><coordinates>-48.844066,-10.138181,0 -48.841605,-10.139341,0</coordinates></LineString></Placemark>
<Placemark><name>3442197</name><styleUrl>#styleDaimonCIRCUITO341TRECHO</styleUrl><LineString><coordinates>-48.856939,-10.144591,0 -48.854923,-10.143387,0</coordinates></LineString></Placemark>
<Placemark><name>12120017</name><styleUrl>#styleDaimonCIRCUITO341TRECHO</styleUrl><LineString><coordinates>-48.841605,-10.139341,0 -48.841576,-10.139357,0</coordinates></LineString></Placemark>
<Placemark><name>12067705</name><styleUrl>#styleDaimonCIRCUITO341TRECHO</styleUrl><LineString><coordinates>-48.856967,-10.144608,0 -48.856939,-10.144591,0</coordinates></LineString></Placemark>
<Placemark><name>3432761</name><styleUrl>#styleDaimonCIRCUITO341TRECHO</styleUrl><LineString><coordinates>-48.841576,-10.139357,0 -48.839531,-10.140359,0</coordinates></LineString></Placemark>
<Placemark><name>3442198</name><styleUrl>#styleDaimonCIRCUITO341TRECHO</styleUrl><LineString><coordinates>-48.857778,-10.145113,0 -48.856967,-10.144608,0</coordinates></LineString></Placemark>
<Placemark><name>12120034</name><styleUrl>#styleDaimonCIRCUITO341TRECHO</styleUrl><LineString><coordinates>-48.839531,-10.140359,0 -48.839501,-10.140373,0</coordinates></LineString></Placemark>
<Placemark><name>12121710</name><styleUrl>#styleDaimonCIRCUITO341TRECHO</styleUrl><LineString><coordinates>-48.857778,-10.145113,0 -48.857769,-10.145126,0</coordinates></LineString></Placemark>
<Placemark><name>3442203</name><styleUrl>#styleDaimonCIRCUITO341TRECHO</styleUrl><LineString><coordinates>-48.858732,-10.145662,0 -48.857778,-10.145113,0</coordinates></LineString></Placemark>
<Placemark><name>3627259</name><styleUrl>#styleDaimonCIRCUITO341TRECHO</styleUrl><LineString><coordinates>-48.839501,-10.140373,0 -48.839275,-10.140489,0</coordinates></LineString></Placemark>
<Placemark><name>3442199</name><styleUrl>#styleDaimonCIRCUITO341TRECHO</styleUrl><LineString><coordinates>-48.857769,-10.145126,0 -48.857604,-10.145342,0</coordinates></LineString></Placemark>
<Placemark><name>3442204</name><styleUrl>#styleDaimonCIRCUITO341TRECHO</styleUrl><LineString><coordinates>-48.860306,-10.146622,0 -48.858732,-10.145662,0</coordinates></LineString></Placemark>
<Placemark><name>3626978</name><styleUrl>#styleDaimonCIRCUITO341TRECHO</styleUrl><LineString><coordinates>-48.839275,-10.140489,0 -48.838194,-10.141041,0</coordinates></LineString></Placemark>
<Placemark><name>3442205</name><styleUrl>#styleDaimonCIRCUITO341TRECHO</styleUrl><LineString><coordinates>-48.861067,-10.147086,0 -48.860306,-10.146622,0</coordinates></LineString></Placemark>
<Placemark><name>3432760</name><styleUrl>#styleDaimonCIRCUITO341TRECHO</styleUrl><LineString><coordinates>-48.838194,-10.141041,0 -48.837224,-10.141503,0</coordinates></LineString></Placemark>
<Placemark><name>3442206</name><styleUrl>#styleDaimonCIRCUITO341TRECHO</styleUrl><LineString><coordinates>-48.862237,-10.147776,0 -48.861067,-10.147086,0</coordinates></LineString></Placemark>
<Placemark><name>12120016</name><styleUrl>#styleDaimonCIRCUITO341TRECHO</styleUrl><LineString><coordinates>-48.837224,-10.141503,0 -48.837212,-10.141492,0</coordinates></LineString></Placemark>
<Placemark><name>3432759</name><styleUrl>#styleDaimonCIRCUITO341TRECHO</styleUrl><LineString><coordinates>-48.837224,-10.141503,0 -48.836308,-10.141940,0</coordinates></LineString></Placemark>
<Placemark><name>3442207</name><styleUrl>#styleDaimonCIRCUITO341TRECHO</styleUrl><LineString><coordinates>-48.863818,-10.148767,0 -48.862237,-10.147776,0</coordinates></LineString></Placemark>
<Placemark><name>3432758</name><styleUrl>#styleDaimonCIRCUITO341TRECHO</styleUrl><LineString><coordinates>-48.837212,-10.141492,0 -48.837048,-10.141340,0</coordinates></LineString></Placemark>
<Placemark><name>12067707</name><styleUrl>#styleDaimonCIRCUITO341TRECHO</styleUrl><LineString><coordinates>-48.863845,-10.148784,0 -48.863818,-10.148767,0</coordinates></LineString></Placemark>
<Placemark><name>3442455</name><styleUrl>#styleDaimonCIRCUITO341TRECHO</styleUrl><LineString><coordinates>-48.865406,-10.149847,0 -48.863845,-10.148784,0</coordinates></LineString></Placemark>
<Placemark><name>12067708</name><styleUrl>#styleDaimonCIRCUITO341TRECHO</styleUrl><LineString><coordinates>-48.865431,-10.149862,0 -48.865406,-10.149847,0</coordinates></LineString></Placemark>
<Placemark><name>2494587</name><styleUrl>#styleDaimonCIRCUITO341TRECHO</styleUrl><LineString><coordinates>-48.868894,-10.152433,0 -48.865431,-10.149862,0</coordinates></LineString></Placemark>
<Placemark><name>2698731</name><styleUrl>#styleDaimonCIRCUITO341TRECHO</styleUrl><LineString><coordinates>-48.865431,-10.149862,0 -48.865413,-10.149863,0</coordinates></LineString></Placemark>
<Placemark><name>12067709</name><styleUrl>#styleDaimonCIRCUITO341TRECHO</styleUrl><LineString><coordinates>-48.868909,-10.152459,0 -48.868894,-10.152433,0</coordinates></LineString></Placemark>
<Placemark><name>2698729</name><styleUrl>#styleDaimonCIRCUITO341TRECHO</styleUrl><LineString><coordinates>-48.868909,-10.152459,0 -48.868914,-10.152441,0</coordinates></LineString></Placemark>
<Placemark><name>2494586</name><styleUrl>#styleDaimonCIRCUITO341TRECHO</styleUrl><LineString><coordinates>-48.869616,-10.153676,0 -48.868909,-10.152459,0</coordinates></LineString></Placemark>
<Placemark><name>34086548</name><styleUrl>#styleDaimonCIRCUITO341TRECHO</styleUrl><LineString><coordinates>-48.830556,-10.134496,0 -48.829995,-10.134802,0</coordinates></LineString></Placemark>
<Placemark><name>2495421</name><styleUrl>#styleDaimonCIRCUITO341TRECHO</styleUrl><LineString><coordinates>-48.863673,-10.171362,0 -48.863747,-10.171565,0</coordinates></LineString></Placemark>
<Placemark><name>2494203</name><styleUrl>#styleDaimonCIRCUITO341TRECHO</styleUrl><LineString><coordinates>-48.863591,-10.170975,0 -48.863947,-10.171198,0</coordinates></LineString></Placemark>
<Placemark><name>21122249</name><styleUrl>#styleDaimonCIRCUITO341TRECHO</styleUrl><LineString><coordinates>-48.849462,-10.173644,0 -48.849341,-10.173784,0</coordinates></LineString></Placemark>
<Placemark><name>28870877</name><styleUrl>#styleDaimonCIRCUITO341TRECHO</styleUrl><LineString><coordinates>-48.849341,-10.173784,0 -48.849282,-10.173721,0</coordinates></LineString></Placemark>
<Placemark><name>2485517</name><styleUrl>#styleDaimonCIRCUITO341TRECHO</styleUrl><LineString><coordinates>-48.834932,-10.168209,0 -48.834714,-10.168352,0</coordinates></LineString></Placemark>
<Placemark><name>2490297</name><styleUrl>#styleDaimonCIRCUITO341TRECHO</styleUrl><LineString><coordinates>-48.853765,-10.176144,0 -48.853482,-10.176354,0</coordinates></LineString></Placemark>
<Placemark><name>21933947</name><styleUrl>#styleDaimonCIRCUITO341TRECHO</styleUrl><LineString><coordinates>-48.836381,-10.170604,0 -48.836392,-10.170617,0</coordinates></LineString></Placemark>
<Placemark><name>21933955</name><styleUrl>#styleDaimonCIRCUITO341TRECHO</styleUrl><LineString><coordinates>-48.836392,-10.170617,0 -48.836909,-10.171014,0</coordinates></LineString></Placemark>
<Placemark><name>21933934</name><styleUrl>#styleDaimonCIRCUITO341TRECHO</styleUrl><LineString><coordinates>-48.835849,-10.170138,0 -48.836381,-10.170604,0</coordinates></LineString></Placemark>
<Placemark><name>53060631</name><styleUrl>#styleDaimonCIRCUITO341TRECHO</styleUrl><LineString><coordinates>-48.836909,-10.171014,0 -48.836936,-10.170945,0</coordinates></LineString></Placemark>
<Placemark><name>21933926</name><styleUrl>#styleDaimonCIRCUITO341TRECHO</styleUrl><LineString><coordinates>-48.835833,-10.170117,0 -48.835849,-10.170138,0</coordinates></LineString></Placemark>
<Placemark><name>21933915</name><styleUrl>#styleDaimonCIRCUITO341TRECHO</styleUrl><LineString><coordinates>-48.836169,-10.169422,0 -48.835833,-10.170117,0</coordinates></LineString></Placemark>
<Placemark><name>21933907</name><styleUrl>#styleDaimonCIRCUITO341TRECHO</styleUrl><LineString><coordinates>-48.836176,-10.169402,0 -48.836169,-10.169422,0</coordinates></LineString></Placemark>
<Placemark><name>21933896</name><styleUrl>#styleDaimonCIRCUITO341TRECHO</styleUrl><LineString><coordinates>-48.836747,-10.169320,0 -48.836176,-10.169402,0</coordinates></LineString></Placemark>
<Placemark><name>21933888</name><styleUrl>#styleDaimonCIRCUITO341TRECHO</styleUrl><LineString><coordinates>-48.836774,-10.169315,0 -48.836747,-10.169320,0</coordinates></LineString></Placemark>
<Placemark><name>21933878</name><styleUrl>#styleDaimonCIRCUITO341TRECHO</styleUrl><LineString><coordinates>-48.836539,-10.168847,0 -48.836774,-10.169315,0</coordinates></LineString></Placemark>
<Placemark><name>21933870</name><styleUrl>#styleDaimonCIRCUITO341TRECHO</styleUrl><LineString><coordinates>-48.836533,-10.168827,0 -48.836539,-10.168847,0</coordinates></LineString></Placemark>
<Placemark><name>21933860</name><styleUrl>#styleDaimonCIRCUITO341TRECHO</styleUrl><LineString><coordinates>-48.836506,-10.168347,0 -48.836533,-10.168827,0</coordinates></LineString></Placemark>
<Placemark><name>3672079</name><styleUrl>#styleDaimonCIRCUITO341TRECHO</styleUrl><LineString><coordinates>-48.841301,-10.174849,0 -48.842009,-10.175956,0</coordinates></LineString></Placemark>
<Placemark><name>3672080</name><styleUrl>#styleDaimonCIRCUITO341TRECHO</styleUrl><LineString><coordinates>-48.842009,-10.175956,0 -48.842385,-10.176568,0</coordinates></LineString></Placemark>
<Placemark><name>3672078</name><styleUrl>#styleDaimonCIRCUITO341TRECHO</styleUrl><LineString><coordinates>-48.840778,-10.173685,0 -48.841301,-10.174849,0</coordinates></LineString></Placemark>
<Placemark><name>3672081</name><styleUrl>#styleDaimonCIRCUITO341TRECHO</styleUrl><LineString><coordinates>-48.842385,-10.176568,0 -48.842519,-10.177220,0</coordinates></LineString></Placemark>
<Placemark><name>3672077</name><styleUrl>#styleDaimonCIRCUITO341TRECHO</styleUrl><LineString><coordinates>-48.840083,-10.172195,0 -48.840778,-10.173685,0</coordinates></LineString></Placemark>
<Placemark><name>12023310</name><styleUrl>#styleDaimonCIRCUITO341TRECHO</styleUrl><LineString><coordinates>-48.840068,-10.172164,0 -48.840083,-10.172195,0</coordinates></LineString></Placemark>
<Placemark><name>2488295</name><styleUrl>#styleDaimonCIRCUITO341TRECHO</styleUrl><LineString><coordinates>-48.838946,-10.169551,0 -48.840068,-10.172164,0</coordinates></LineString></Placemark>
<Placemark><name>12029176</name><styleUrl>#styleDaimonCIRCUITO341TRECHO</styleUrl><LineString><coordinates>-48.838933,-10.169520,0 -48.838946,-10.169551,0</coordinates></LineString></Placemark>
<Placemark><name>2488294</name><styleUrl>#styleDaimonCIRCUITO341TRECHO</styleUrl><LineString><coordinates>-48.838741,-10.169092,0 -48.838933,-10.169520,0</coordinates></LineString></Placemark>
<Placemark><name>2488293</name><styleUrl>#styleDaimonCIRCUITO341TRECHO</styleUrl><LineString><coordinates>-48.838792,-10.168629,0 -48.838741,-10.169092,0</coordinates></LineString></Placemark>
<Placemark><name>3441857</name><styleUrl>#styleDaimonCIRCUITO341TRECHO</styleUrl><LineString><coordinates>-48.840039,-10.168799,0 -48.839973,-10.168922,0</coordinates></LineString></Placemark>
<Placemark><name>12119414</name><styleUrl>#styleDaimonCIRCUITO341TRECHO</styleUrl><LineString><coordinates>-48.813339,-10.149493,0 -48.813350,-10.149482,0</coordinates></LineString></Placemark>
<Placemark><name>3431904</name><styleUrl>#styleDaimonCIRCUITO341TRECHO</styleUrl><LineString><coordinates>-48.814056,-10.150207,0 -48.813339,-10.149493,0</coordinates></LineString></Placemark>
<Placemark><name>3431905</name><styleUrl>#styleDaimonCIRCUITO341TRECHO</styleUrl><LineString><coordinates>-48.813339,-10.149493,0 -48.813254,-10.149412,0</coordinates></LineString></Placemark>
<Placemark><name>3442457</name><styleUrl>#styleDaimonCIRCUITO341TRECHO</styleUrl><LineString><coordinates>-48.813350,-10.149482,0 -48.813510,-10.149307,0</coordinates></LineString></Placemark>
<Placemark><name>12119413</name><styleUrl>#styleDaimonCIRCUITO341TRECHO</styleUrl><LineString><coordinates>-48.814079,-10.150229,0 -48.814056,-10.150207,0</coordinates></LineString></Placemark>
<Placemark><name>3431901</name><styleUrl>#styleDaimonCIRCUITO341TRECHO</styleUrl><LineString><coordinates>-48.814593,-10.150680,0 -48.814079,-10.150229,0</coordinates></LineString></Placemark>
<Placemark><name>12119410</name><styleUrl>#styleDaimonCIRCUITO341TRECHO</styleUrl><LineString><coordinates>-48.814593,-10.150680,0 -48.814581,-10.150692,0</coordinates></LineString></Placemark>
<Placemark><name>3666134</name><styleUrl>#styleDaimonCIRCUITO341TRECHO</styleUrl><LineString><coordinates>-48.814593,-10.150680,0 -48.814592,-10.150666,0</coordinates></LineString></Placemark>
<Placemark><name>3431902</name><styleUrl>#styleDaimonCIRCUITO341TRECHO</styleUrl><LineString><coordinates>-48.815795,-10.151888,0 -48.814593,-10.150680,0</coordinates></LineString></Placemark>
<Placemark><name>3442704</name><styleUrl>#styleDaimonCIRCUITO341TRECHO</styleUrl><LineString><coordinates>-48.814581,-10.150692,0 -48.814297,-10.150938,0</coordinates></LineString></Placemark>
<Placemark><name>12119762</name><styleUrl>#styleDaimonCIRCUITO341TRECHO</styleUrl><LineString><coordinates>-48.815821,-10.151909,0 -48.815795,-10.151888,0</coordinates></LineString></Placemark>
<Placemark><name>36550684</name><styleUrl>#styleDaimonCIRCUITO341TRECHO</styleUrl><LineString><coordinates>-48.814297,-10.150938,0 -48.814256,-10.150935,0</coordinates></LineString></Placemark>
<Placemark><name>2494286</name><styleUrl>#styleDaimonCIRCUITO341TRECHO</styleUrl><LineString><coordinates>-48.818043,-10.153799,0 -48.815821,-10.151909,0</coordinates></LineString></Placemark>
<Placemark><name>12121473</name><styleUrl>#styleDaimonCIRCUITO341TRECHO</styleUrl><LineString><coordinates>-48.818073,-10.153816,0 -48.818043,-10.153799,0</coordinates></LineString></Placemark>
<Placemark><name>2494287</name><styleUrl>#styleDaimonCIRCUITO341TRECHO</styleUrl><LineString><coordinates>-48.819088,-10.154192,0 -48.818073,-10.153816,0</coordinates></LineString></Placemark>
<Placemark><name>2494348</name><styleUrl>#styleDaimonCIRCUITO341TRECHO</styleUrl><LineString><coordinates>-48.820296,-10.154642,0 -48.819088,-10.154192,0</coordinates></LineString></Placemark>
<Placemark><name>2494349</name><styleUrl>#styleDaimonCIRCUITO341TRECHO</styleUrl><LineString><coordinates>-48.821531,-10.155131,0 -48.820296,-10.154642,0</coordinates></LineString></Placemark>
<Placemark><name>2494350</name><styleUrl>#styleDaimonCIRCUITO341TRECHO</styleUrl><LineString><coordinates>-48.822802,-10.155614,0 -48.821531,-10.155131,0</coordinates></LineString></Placemark>
<Placemark><name>2494351</name><styleUrl>#styleDaimonCIRCUITO341TRECHO</styleUrl><LineString><coordinates>-48.823971,-10.155978,0 -48.822802,-10.155614,0</coordinates></LineString></Placemark>
<Placemark><name>2494352</name><styleUrl>#styleDaimonCIRCUITO341TRECHO</styleUrl><LineString><coordinates>-48.825147,-10.156522,0 -48.823971,-10.155978,0</coordinates></LineString></Placemark>
<Placemark><name>2494353</name><styleUrl>#styleDaimonCIRCUITO341TRECHO</styleUrl><LineString><coordinates>-48.826210,-10.156888,0 -48.825147,-10.156522,0</coordinates></LineString></Placemark>
<Placemark><name>2494354</name><styleUrl>#styleDaimonCIRCUITO341TRECHO</styleUrl><LineString><coordinates>-48.827404,-10.157326,0 -48.826210,-10.156888,0</coordinates></LineString></Placemark>
<Placemark><name>2494355</name><styleUrl>#styleDaimonCIRCUITO341TRECHO</styleUrl><LineString><coordinates>-48.828586,-10.157766,0 -48.827404,-10.157326,0</coordinates></LineString></Placemark>
<Placemark><name>2494356</name><styleUrl>#styleDaimonCIRCUITO341TRECHO</styleUrl><LineString><coordinates>-48.829278,-10.158017,0 -48.828586,-10.157766,0</coordinates></LineString></Placemark>
<Placemark><name>25361208</name><styleUrl>#styleDaimonCIRCUITO341TRECHO</styleUrl><LineString><coordinates>-48.829306,-10.158028,0 -48.829278,-10.158017,0</coordinates></LineString></Placemark>
<Placemark><name>25361212</name><styleUrl>#styleDaimonCIRCUITO341TRECHO</styleUrl><LineString><coordinates>-48.829278,-10.158017,0 -48.829301,-10.158005,0</coordinates></LineString></Placemark>
<Placemark><name>50055541</name><styleUrl>#styleDaimonCIRCUITO341TRECHO</styleUrl><LineString><coordinates>-48.854647,-10.175574,0 -48.854748,-10.176408,0</coordinates></LineString></Placemark>
<Placemark><name>25824407</name><styleUrl>#styleDaimonCIRCUITO341TRECHO</styleUrl><LineString><coordinates>-48.845453,-10.172226,0 -48.845437,-10.172229,0</coordinates></LineString></Placemark>
<Placemark><name>49342660</name><styleUrl>#styleDaimonCIRCUITO341TRECHO</styleUrl><LineString><coordinates>-48.845651,-10.172081,0 -48.845453,-10.172226,0</coordinates></LineString></Placemark>
<Placemark><name>25824393</name><styleUrl>#styleDaimonCIRCUITO341TRECHO</styleUrl><LineString><coordinates>-48.845437,-10.172229,0 -48.844737,-10.172373,0</coordinates></LineString></Placemark>
<Placemark><name>50141928</name><styleUrl>#styleDaimonCIRCUITO341TRECHO</styleUrl><LineString><coordinates>-48.844737,-10.172373,0 -48.844715,-10.172258,0</coordinates></LineString></Placemark>
<Placemark><name>3672074</name><styleUrl>#styleDaimonCIRCUITO341TRECHO</styleUrl><LineString><coordinates>-48.826963,-10.145760,0 -48.826827,-10.145292,0</coordinates></LineString></Placemark>
<Placemark><name>12067826</name><styleUrl>#styleDaimonCIRCUITO341TRECHO</styleUrl><LineString><coordinates>-48.826885,-10.147119,0 -48.826858,-10.147102,0</coordinates></LineString></Placemark>
<Placemark><name>2501787</name><styleUrl>#styleDaimonCIRCUITO341TRECHO</styleUrl><LineString><coordinates>-48.827247,-10.147084,0 -48.826885,-10.147119,0</coordinates></LineString></Placemark>
<Placemark><name>2605923</name><styleUrl>#styleDaimonCIRCUITO341TRECHO</styleUrl><LineString><coordinates>-48.826858,-10.147102,0 -48.826130,-10.146243,0</coordinates></LineString></Placemark>
<Placemark><name>3627258</name><styleUrl>#styleDaimonCIRCUITO341TRECHO</styleUrl><LineString><coordinates>-48.839252,-10.140442,0 -48.839035,-10.140016,0</coordinates></LineString></Placemark>
<Placemark><name>3442463</name><styleUrl>#styleDaimonCIRCUITO341TRECHO</styleUrl><LineString><coordinates>-48.845138,-10.137436,0 -48.845755,-10.136299,0</coordinates></LineString></Placemark>
<Placemark><name>12120036</name><styleUrl>#styleDaimonCIRCUITO341TRECHO</styleUrl><LineString><coordinates>-48.854218,-10.149074,0 -48.854196,-10.149098,0</coordinates></LineString></Placemark>
<Placemark><name>3442201</name><styleUrl>#styleDaimonCIRCUITO341TRECHO</styleUrl><LineString><coordinates>-48.854196,-10.149098,0 -48.853155,-10.150185,0</coordinates></LineString></Placemark>
<Placemark><name>3442200</name><styleUrl>#styleDaimonCIRCUITO341TRECHO</styleUrl><LineString><coordinates>-48.857266,-10.145716,0 -48.854218,-10.149074,0</coordinates></LineString></Placemark>
<Placemark><name>12120014</name><styleUrl>#styleDaimonCIRCUITO341TRECHO</styleUrl><LineString><coordinates>-48.865727,-10.135255,0 -48.865740,-10.135249,0</coordinates></LineString></Placemark>
<Placemark><name>2494588</name><styleUrl>#styleDaimonCIRCUITO341TRECHO</styleUrl><LineString><coordinates>-48.866058,-10.136323,0 -48.865727,-10.135255,0</coordinates></LineString></Placemark>
<Placemark><name>2703273</name><styleUrl>#styleDaimonCIRCUITO341TRECHO</styleUrl><LineString><coordinates>-48.865727,-10.135255,0 -48.865544,-10.134538,0</coordinates></LineString></Placemark>
<Placemark><name>2494589</name><styleUrl>#styleDaimonCIRCUITO341TRECHO</styleUrl><LineString><coordinates>-48.865740,-10.135249,0 -48.865996,-10.135169,0</coordinates></LineString></Placemark>
<Placemark><name>3442454</name><styleUrl>#styleDaimonCIRCUITO341TRECHO</styleUrl><LineString><coordinates>-48.866001,-10.137273,0 -48.866058,-10.136323,0</coordinates></LineString></Placemark>
<Placemark><name>2703276</name><styleUrl>#styleDaimonCIRCUITO341TRECHO</styleUrl><LineString><coordinates>-48.865544,-10.134538,0 -48.865411,-10.134026,0</coordinates></LineString></Placemark>
<Placemark><name>12120015</name><styleUrl>#styleDaimonCIRCUITO341TRECHO</styleUrl><LineString><coordinates>-48.865996,-10.135169,0 -48.866015,-10.135148,0</coordinates></LineString></Placemark>
<Placemark><name>12120013</name><styleUrl>#styleDaimonCIRCUITO341TRECHO</styleUrl><LineString><coordinates>-48.866001,-10.137273,0 -48.866018,-10.137273,0</coordinates></LineString></Placemark>
<Placemark><name>3442216</name><styleUrl>#styleDaimonCIRCUITO341TRECHO</styleUrl><LineString><coordinates>-48.865975,-10.138289,0 -48.866001,-10.137273,0</coordinates></LineString></Placemark>
<Placemark><name>12120038</name><styleUrl>#styleDaimonCIRCUITO341TRECHO</styleUrl><LineString><coordinates>-48.865411,-10.134026,0 -48.865402,-10.133993,0</coordinates></LineString></Placemark>
<Placemark><name>2494631</name><styleUrl>#styleDaimonCIRCUITO341TRECHO</styleUrl><LineString><coordinates>-48.866015,-10.135148,0 -48.866638,-10.132389,0</coordinates></LineString></Placemark>
<Placemark><name>3442451</name><styleUrl>#styleDaimonCIRCUITO341TRECHO</styleUrl><LineString><coordinates>-48.866018,-10.137273,0 -48.866950,-10.137214,0</coordinates></LineString></Placemark>
<Placemark><name>3442215</name><styleUrl>#styleDaimonCIRCUITO341TRECHO</styleUrl><LineString><coordinates>-48.865938,-10.139563,0 -48.865975,-10.138289,0</coordinates></LineString></Placemark>
<Placemark><name>2494590</name><styleUrl>#styleDaimonCIRCUITO341TRECHO</styleUrl><LineString><coordinates>-48.865402,-10.133993,0 -48.864872,-10.132293,0</coordinates></LineString></Placemark>
<Placemark><name>12120129</name><styleUrl>#styleDaimonCIRCUITO341TRECHO</styleUrl><LineString><coordinates>-48.866638,-10.132389,0 -48.866641,-10.132355,0</coordinates></LineString></Placemark>
<Placemark><name>3442452</name><styleUrl>#styleDaimonCIRCUITO341TRECHO</styleUrl><LineString><coordinates>-48.866950,-10.137214,0 -48.867621,-10.137167,0</coordinates></LineString></Placemark>
<Placemark><name>3442214</name><styleUrl>#styleDaimonCIRCUITO341TRECHO</styleUrl><LineString><coordinates>-48.865916,-10.140809,0 -48.865938,-10.139563,0</coordinates></LineString></Placemark>
<Placemark><name>2494632</name><styleUrl>#styleDaimonCIRCUITO341TRECHO</styleUrl><LineString><coordinates>-48.866641,-10.132355,0 -48.866669,-10.130634,0</coordinates></LineString></Placemark>
<Placemark><name>3442213</name><styleUrl>#styleDaimonCIRCUITO341TRECHO</styleUrl><LineString><coordinates>-48.865916,-10.141962,0 -48.865916,-10.140809,0</coordinates></LineString></Placemark>
<Placemark><name>2494633</name><styleUrl>#styleDaimonCIRCUITO341TRECHO</styleUrl><LineString><coordinates>-48.866669,-10.130634,0 -48.866688,-10.129287,0</coordinates></LineString></Placemark>
<Placemark><name>3442212</name><styleUrl>#styleDaimonCIRCUITO341TRECHO</styleUrl><LineString><coordinates>-48.865326,-10.142767,0 -48.865916,-10.141962,0</coordinates></LineString></Placemark>
<Placemark><name>2494634</name><styleUrl>#styleDaimonCIRCUITO341TRECHO</styleUrl><LineString><coordinates>-48.866688,-10.129287,0 -48.866851,-10.127497,0</coordinates></LineString></Placemark>
<Placemark><name>56652652</name><styleUrl>#styleDaimonCIRCUITO341TRECHO</styleUrl><LineString><coordinates>-48.865315,-10.142780,0 -48.865326,-10.142767,0</coordinates></LineString></Placemark>
<Placemark><name>12120039</name><styleUrl>#styleDaimonCIRCUITO341TRECHO</styleUrl><LineString><coordinates>-48.866851,-10.127497,0 -48.866852,-10.127463,0</coordinates></LineString></Placemark>
<Placemark><name>56652648</name><styleUrl>#styleDaimonCIRCUITO341TRECHO</styleUrl><LineString><coordinates>-48.865191,-10.143099,0 -48.865315,-10.142780,0</coordinates></LineString></Placemark>
<Placemark><name>2494635</name><styleUrl>#styleDaimonCIRCUITO341TRECHO</styleUrl><LineString><coordinates>-48.866852,-10.127463,0 -48.866877,-10.125367,0</coordinates></LineString></Placemark>
<Placemark><name>12120012</name><styleUrl>#styleDaimonCIRCUITO341TRECHO</styleUrl><LineString><coordinates>-48.865174,-10.143126,0 -48.865191,-10.143099,0</coordinates></LineString></Placemark>
<Placemark><name>12120040</name><styleUrl>#styleDaimonCIRCUITO341TRECHO</styleUrl><LineString><coordinates>-48.866877,-10.125367,0 -48.866879,-10.125336,0</coordinates></LineString></Placemark>
<Placemark><name>3442211</name><styleUrl>#styleDaimonCIRCUITO341TRECHO</styleUrl><LineString><coordinates>-48.864342,-10.144465,0 -48.865174,-10.143126,0</coordinates></LineString></Placemark>
<Placemark><name>2494636</name><styleUrl>#styleDaimonCIRCUITO341TRECHO</styleUrl><LineString><coordinates>-48.866879,-10.125336,0 -48.866943,-10.124515,0</coordinates></LineString></Placemark>
<Placemark><name>12120037</name><styleUrl>#styleDaimonCIRCUITO341TRECHO</styleUrl><LineString><coordinates>-48.864324,-10.144493,0 -48.864342,-10.144465,0</coordinates></LineString></Placemark>
<Placemark><name>2494637</name><styleUrl>#styleDaimonCIRCUITO341TRECHO</styleUrl><LineString><coordinates>-48.866943,-10.124515,0 -48.867008,-10.123717,0</coordinates></LineString></Placemark>
<Placemark><name>3442210</name><styleUrl>#styleDaimonCIRCUITO341TRECHO</styleUrl><LineString><coordinates>-48.863618,-10.145641,0 -48.864324,-10.144493,0</coordinates></LineString></Placemark>
<Placemark><name>2494638</name><styleUrl>#styleDaimonCIRCUITO341TRECHO</styleUrl><LineString><coordinates>-48.867008,-10.123717,0 -48.867043,-10.122415,0</coordinates></LineString></Placemark>
<Placemark><name>3442209</name><styleUrl>#styleDaimonCIRCUITO341TRECHO</styleUrl><LineString><coordinates>-48.862782,-10.146873,0 -48.863618,-10.145641,0</coordinates></LineString></Placemark>
<Placemark><name>2494639</name><styleUrl>#styleDaimonCIRCUITO341TRECHO</styleUrl><LineString><coordinates>-48.867043,-10.122415,0 -48.867108,-10.121383,0</coordinates></LineString></Placemark>
<Placemark><name>3442208</name><styleUrl>#styleDaimonCIRCUITO341TRECHO</styleUrl><LineString><coordinates>-48.862292,-10.147686,0 -48.862782,-10.146873,0</coordinates></LineString></Placemark>
<Placemark><name>2494640</name><styleUrl>#styleDaimonCIRCUITO341TRECHO</styleUrl><LineString><coordinates>-48.867108,-10.121383,0 -48.867264,-10.120742,0</coordinates></LineString></Placemark>
<Placemark><name>2494641</name><styleUrl>#styleDaimonCIRCUITO341TRECHO</styleUrl><LineString><coordinates>-48.867264,-10.120742,0 -48.867792,-10.119355,0</coordinates></LineString></Placemark>
<Placemark><name>2494642</name><styleUrl>#styleDaimonCIRCUITO341TRECHO</styleUrl><LineString><coordinates>-48.867792,-10.119355,0 -48.868121,-10.118222,0</coordinates></LineString></Placemark>
<Placemark><name>2494643</name><styleUrl>#styleDaimonCIRCUITO341TRECHO</styleUrl><LineString><coordinates>-48.868121,-10.118222,0 -48.868449,-10.117210,0</coordinates></LineString></Placemark>
<Placemark><name>2494644</name><styleUrl>#styleDaimonCIRCUITO341TRECHO</styleUrl><LineString><coordinates>-48.868449,-10.117210,0 -48.868725,-10.116411,0</coordinates></LineString></Placemark>
<Placemark><name>2494645</name><styleUrl>#styleDaimonCIRCUITO341TRECHO</styleUrl><LineString><coordinates>-48.868725,-10.116411,0 -48.869750,-10.115112,0</coordinates></LineString></Placemark>
<Placemark><name>12120020</name><styleUrl>#styleDaimonCIRCUITO341TRECHO</styleUrl><LineString><coordinates>-48.832062,-10.136320,0 -48.832038,-10.136297,0</coordinates></LineString></Placemark>
<Placemark><name>39496251</name><styleUrl>#styleDaimonCIRCUITO341TRECHO</styleUrl><LineString><coordinates>-48.832038,-10.136297,0 -48.831662,-10.135904,0</coordinates></LineString></Placemark>
<Placemark><name>3432754</name><styleUrl>#styleDaimonCIRCUITO341TRECHO</styleUrl><LineString><coordinates>-48.834677,-10.138918,0 -48.832062,-10.136320,0</coordinates></LineString></Placemark>
<Placemark><name>3432753</name><styleUrl>#styleDaimonCIRCUITO341TRECHO</styleUrl><LineString><coordinates>-48.831662,-10.135904,0 -48.831422,-10.135655,0</coordinates></LineString></Placemark>
<Placemark><name>12120021</name><styleUrl>#styleDaimonCIRCUITO341TRECHO</styleUrl><LineString><coordinates>-48.834700,-10.138940,0 -48.834677,-10.138918,0</coordinates></LineString></Placemark>
<Placemark><name>3432755</name><styleUrl>#styleDaimonCIRCUITO341TRECHO</styleUrl><LineString><coordinates>-48.835423,-10.139683,0 -48.834700,-10.138940,0</coordinates></LineString></Placemark>
<Placemark><name>3432756</name><styleUrl>#styleDaimonCIRCUITO341TRECHO</styleUrl><LineString><coordinates>-48.836082,-10.140328,0 -48.835423,-10.139683,0</coordinates></LineString></Placemark>
<Placemark><name>3432757</name><styleUrl>#styleDaimonCIRCUITO341TRECHO</styleUrl><LineString><coordinates>-48.836952,-10.141239,0 -48.836082,-10.140328,0</coordinates></LineString></Placemark>
<Placemark><name>3442466</name><styleUrl>#styleDaimonCIRCUITO341TRECHO</styleUrl><LineString><coordinates>-48.848314,-10.138370,0 -48.848272,-10.138520,0</coordinates></LineString></Placemark>
<Placemark><name>3669603</name><styleUrl>#styleDaimonCIRCUITO341TRECHO</styleUrl><LineString><coordinates>-48.842530,-10.177268,0 -48.842620,-10.177698,0</coordinates></LineString></Placemark>
<Placemark><name>12120026</name><styleUrl>#styleDaimonCIRCUITO341TRECHO</styleUrl><LineString><coordinates>-48.810401,-10.123500,0 -48.810408,-10.123471,0</coordinates></LineString></Placemark>
<Placemark><name>2494472</name><styleUrl>#styleDaimonCIRCUITO341TRECHO</styleUrl><LineString><coordinates>-48.810408,-10.123471,0 -48.810075,-10.122432,0</coordinates></LineString></Placemark>
<Placemark><name>2494471</name><styleUrl>#styleDaimonCIRCUITO341TRECHO</styleUrl><LineString><coordinates>-48.809854,-10.124177,0 -48.810401,-10.123500,0</coordinates></LineString></Placemark>
<Placemark><name>2494473</name><styleUrl>#styleDaimonCIRCUITO341TRECHO</styleUrl><LineString><coordinates>-48.810075,-10.122432,0 -48.809670,-10.120987,0</coordinates></LineString></Placemark>
<Placemark><name>12120025</name><styleUrl>#styleDaimonCIRCUITO341TRECHO</styleUrl><LineString><coordinates>-48.809834,-10.124203,0 -48.809854,-10.124177,0</coordinates></LineString></Placemark>
<Placemark><name>12120027</name><styleUrl>#styleDaimonCIRCUITO341TRECHO</styleUrl><LineString><coordinates>-48.809670,-10.120987,0 -48.809661,-10.120956,0</coordinates></LineString></Placemark>
<Placemark><name>2494470</name><styleUrl>#styleDaimonCIRCUITO341TRECHO</styleUrl><LineString><coordinates>-48.808095,-10.126387,0 -48.809834,-10.124203,0</coordinates></LineString></Placemark>
<Placemark><name>2494474</name><styleUrl>#styleDaimonCIRCUITO341TRECHO</styleUrl><LineString><coordinates>-48.809661,-10.120956,0 -48.809091,-10.119046,0</coordinates></LineString></Placemark>
<Placemark><name>12120024</name><styleUrl>#styleDaimonCIRCUITO341TRECHO</styleUrl><LineString><coordinates>-48.808075,-10.126411,0 -48.808095,-10.126387,0</coordinates></LineString></Placemark>
<Placemark><name>2494475</name><styleUrl>#styleDaimonCIRCUITO341TRECHO</styleUrl><LineString><coordinates>-48.809091,-10.119046,0 -48.808738,-10.117823,0</coordinates></LineString></Placemark>
<Placemark><name>3443149</name><styleUrl>#styleDaimonCIRCUITO341TRECHO</styleUrl><LineString><coordinates>-48.807636,-10.126964,0 -48.808075,-10.126411,0</coordinates></LineString></Placemark>
<Placemark><name>2494476</name><styleUrl>#styleDaimonCIRCUITO341TRECHO</styleUrl><LineString><coordinates>-48.808738,-10.117823,0 -48.808320,-10.116382,0</coordinates></LineString></Placemark>
<Placemark><name>12120023</name><styleUrl>#styleDaimonCIRCUITO341TRECHO</styleUrl><LineString><coordinates>-48.807624,-10.126994,0 -48.807636,-10.126964,0</coordinates></LineString></Placemark>
<Placemark><name>2494477</name><styleUrl>#styleDaimonCIRCUITO341TRECHO</styleUrl><LineString><coordinates>-48.808320,-10.116382,0 -48.808003,-10.115315,0</coordinates></LineString></Placemark>
<Placemark><name>3443148</name><styleUrl>#styleDaimonCIRCUITO341TRECHO</styleUrl><LineString><coordinates>-48.807492,-10.128180,0 -48.807624,-10.126994,0</coordinates></LineString></Placemark>
<Placemark><name>2494478</name><styleUrl>#styleDaimonCIRCUITO341TRECHO</styleUrl><LineString><coordinates>-48.808003,-10.115315,0 -48.807614,-10.114004,0</coordinates></LineString></Placemark>
<Placemark><name>3442934</name><styleUrl>#styleDaimonCIRCUITO341TRECHO</styleUrl><LineString><coordinates>-48.807377,-10.129300,0 -48.807492,-10.128180,0</coordinates></LineString></Placemark>
<Placemark><name>12120028</name><styleUrl>#styleDaimonCIRCUITO341TRECHO</styleUrl><LineString><coordinates>-48.807614,-10.114004,0 -48.807609,-10.113972,0</coordinates></LineString></Placemark>
<Placemark><name>3442933</name><styleUrl>#styleDaimonCIRCUITO341TRECHO</styleUrl><LineString><coordinates>-48.807257,-10.130422,0 -48.807377,-10.129300,0</coordinates></LineString></Placemark>
<Placemark><name>2494479</name><styleUrl>#styleDaimonCIRCUITO341TRECHO</styleUrl><LineString><coordinates>-48.807609,-10.113972,0 -48.807421,-10.112630,0</coordinates></LineString></Placemark>
<Placemark><name>3433053</name><styleUrl>#styleDaimonCIRCUITO341TRECHO</styleUrl><LineString><coordinates>-48.807147,-10.131562,0 -48.807257,-10.130422,0</coordinates></LineString></Placemark>
<Placemark><name>2494480</name><styleUrl>#styleDaimonCIRCUITO341TRECHO</styleUrl><LineString><coordinates>-48.807421,-10.112630,0 -48.807296,-10.111728,0</coordinates></LineString></Placemark>
<Placemark><name>3433052</name><styleUrl>#styleDaimonCIRCUITO341TRECHO</styleUrl><LineString><coordinates>-48.807029,-10.132766,0 -48.807147,-10.131562,0</coordinates></LineString></Placemark>
<Placemark><name>2494481</name><styleUrl>#styleDaimonCIRCUITO341TRECHO</styleUrl><LineString><coordinates>-48.807296,-10.111728,0 -48.807179,-10.110837,0</coordinates></LineString></Placemark>
<Placemark><name>3433050</name><styleUrl>#styleDaimonCIRCUITO341TRECHO</styleUrl><LineString><coordinates>-48.806892,-10.133640,0 -48.807029,-10.132766,0</coordinates></LineString></Placemark>
<Placemark><name>2494518</name><styleUrl>#styleDaimonCIRCUITO341TRECHO</styleUrl><LineString><coordinates>-48.807179,-10.110837,0 -48.807057,-10.110017,0</coordinates></LineString></Placemark>
<Placemark><name>12120022</name><styleUrl>#styleDaimonCIRCUITO341TRECHO</styleUrl><LineString><coordinates>-48.806895,-10.133672,0 -48.806892,-10.133640,0</coordinates></LineString></Placemark>
<Placemark><name>2494519</name><styleUrl>#styleDaimonCIRCUITO341TRECHO</styleUrl><LineString><coordinates>-48.807057,-10.110017,0 -48.806486,-10.109045,0</coordinates></LineString></Placemark>
<Placemark><name>3433049</name><styleUrl>#styleDaimonCIRCUITO341TRECHO</styleUrl><LineString><coordinates>-48.808004,-10.136659,0 -48.806895,-10.133672,0</coordinates></LineString></Placemark>
<Placemark><name>2494520</name><styleUrl>#styleDaimonCIRCUITO341TRECHO</styleUrl><LineString><coordinates>-48.806486,-10.109045,0 -48.805894,-10.108016,0</coordinates></LineString></Placemark>
<Placemark><name>12121708</name><styleUrl>#styleDaimonCIRCUITO341TRECHO</styleUrl><LineString><coordinates>-48.808015,-10.136689,0 -48.808004,-10.136659,0</coordinates></LineString></Placemark>
<Placemark><name>12120030</name><styleUrl>#styleDaimonCIRCUITO341TRECHO</styleUrl><LineString><coordinates>-48.805894,-10.108016,0 -48.805880,-10.107989,0</coordinates></LineString></Placemark>
<Placemark><name>3433039</name><styleUrl>#styleDaimonCIRCUITO341TRECHO</styleUrl><LineString><coordinates>-48.808338,-10.137543,0 -48.808015,-10.136689,0</coordinates></LineString></Placemark>
<Placemark><name>2494521</name><styleUrl>#styleDaimonCIRCUITO341TRECHO</styleUrl><LineString><coordinates>-48.805880,-10.107989,0 -48.805126,-10.106129,0</coordinates></LineString></Placemark>
<Placemark><name>3433038</name><styleUrl>#styleDaimonCIRCUITO341TRECHO</styleUrl><LineString><coordinates>-48.808682,-10.138577,0 -48.808338,-10.137543,0</coordinates></LineString></Placemark>
<Placemark><name>12120029</name><styleUrl>#styleDaimonCIRCUITO341TRECHO</styleUrl><LineString><coordinates>-48.805126,-10.106129,0 -48.805113,-10.106099,0</coordinates></LineString></Placemark>
<Placemark><name>3433037</name><styleUrl>#styleDaimonCIRCUITO341TRECHO</styleUrl><LineString><coordinates>-48.809025,-10.139455,0 -48.808682,-10.138577,0</coordinates></LineString></Placemark>
<Placemark><name>2494522</name><styleUrl>#styleDaimonCIRCUITO341TRECHO</styleUrl><LineString><coordinates>-48.805113,-10.106099,0 -48.804639,-10.105030,0</coordinates></LineString></Placemark>
<Placemark><name>3433036</name><styleUrl>#styleDaimonCIRCUITO341TRECHO</styleUrl><LineString><coordinates>-48.809376,-10.140375,0 -48.809025,-10.139455,0</coordinates></LineString></Placemark>
<Placemark><name>3433035</name><styleUrl>#styleDaimonCIRCUITO341TRECHO</styleUrl><LineString><coordinates>-48.809805,-10.141586,0 -48.809376,-10.140375,0</coordinates></LineString></Placemark>
<Placemark><name>3432767</name><styleUrl>#styleDaimonCIRCUITO341TRECHO</styleUrl><LineString><coordinates>-48.810172,-10.142526,0 -48.809805,-10.141586,0</coordinates></LineString></Placemark>
<Placemark><name>12121707</name><styleUrl>#styleDaimonCIRCUITO341TRECHO</styleUrl><LineString><coordinates>-48.810183,-10.142556,0 -48.810172,-10.142526,0</coordinates></LineString></Placemark>
<Placemark><name>3432766</name><styleUrl>#styleDaimonCIRCUITO341TRECHO</styleUrl><LineString><coordinates>-48.810942,-10.144678,0 -48.810183,-10.142556,0</coordinates></LineString></Placemark>
<Placemark><name>12119418</name><styleUrl>#styleDaimonCIRCUITO341TRECHO</styleUrl><LineString><coordinates>-48.810955,-10.144709,0 -48.810942,-10.144678,0</coordinates></LineString></Placemark>
<Placemark><name>3442462</name><styleUrl>#styleDaimonCIRCUITO341TRECHO</styleUrl><LineString><coordinates>-48.811384,-10.145480,0 -48.810955,-10.144709,0</coordinates></LineString></Placemark>
<Placemark><name>3442461</name><styleUrl>#styleDaimonCIRCUITO341TRECHO</styleUrl><LineString><coordinates>-48.811904,-10.146372,0 -48.811384,-10.145480,0</coordinates></LineString></Placemark>
<Placemark><name>3442460</name><styleUrl>#styleDaimonCIRCUITO341TRECHO</styleUrl><LineString><coordinates>-48.812362,-10.147242,0 -48.811904,-10.146372,0</coordinates></LineString></Placemark>
<Placemark><name>3442459</name><styleUrl>#styleDaimonCIRCUITO341TRECHO</styleUrl><LineString><coordinates>-48.812967,-10.148245,0 -48.812362,-10.147242,0</coordinates></LineString></Placemark>
<Placemark><name>3442458</name><styleUrl>#styleDaimonCIRCUITO341TRECHO</styleUrl><LineString><coordinates>-48.813456,-10.149201,0 -48.812967,-10.148245,0</coordinates></LineString></Placemark>
<Placemark><name>3431903</name><styleUrl>#styleDaimonCIRCUITO341TRECHO</styleUrl><LineString><coordinates>-48.814694,-10.150590,0 -48.815602,-10.149900,0</coordinates></LineString></Placemark>
<Placemark><name>3442703</name><styleUrl>#styleDaimonCIRCUITO341TRECHO</styleUrl><LineString><coordinates>-48.815602,-10.149900,0 -48.816559,-10.149109,0</coordinates></LineString></Placemark>
<Placemark><name>3442456</name><styleUrl>#styleDaimonCIRCUITO341TRECHO</styleUrl><LineString><coordinates>-48.813236,-10.149391,0 -48.813069,-10.149195,0</coordinates></LineString></Placemark>
<Placemark><name>36550687</name><styleUrl>#styleDaimonCIRCUITO341TRECHO</styleUrl><LineString><coordinates>-48.814267,-10.150966,0 -48.814258,-10.150938,0</coordinates></LineString></Placemark>
<Placemark><name>36550681</name><styleUrl>#styleDaimonCIRCUITO341TRECHO</styleUrl><LineString><coordinates>-48.814294,-10.150941,0 -48.814267,-10.150966,0</coordinates></LineString></Placemark>
<Placemark><name>3442705</name><styleUrl>#styleDaimonCIRCUITO341TRECHO</styleUrl><LineString><coordinates>-48.814267,-10.150966,0 -48.813486,-10.151730,0</coordinates></LineString></Placemark>
<Placemark><name>3442706</name><styleUrl>#styleDaimonCIRCUITO341TRECHO</styleUrl><LineString><coordinates>-48.813486,-10.151730,0 -48.812656,-10.152535,0</coordinates></LineString></Placemark>
<Placemark><name>12119417</name><styleUrl>#styleDaimonCIRCUITO341TRECHO</styleUrl><LineString><coordinates>-48.812656,-10.152535,0 -48.812639,-10.152563,0</coordinates></LineString></Placemark>
<Placemark><name>3442707</name><styleUrl>#styleDaimonCIRCUITO341TRECHO</styleUrl><LineString><coordinates>-48.812639,-10.152563,0 -48.812373,-10.154030,0</coordinates></LineString></Placemark>
<Placemark><name>3431614</name><styleUrl>#styleDaimonCIRCUITO341TRECHO</styleUrl><LineString><coordinates>-48.812373,-10.154030,0 -48.812175,-10.155146,0</coordinates></LineString></Placemark>
<Placemark><name>3431615</name><styleUrl>#styleDaimonCIRCUITO341TRECHO</styleUrl><LineString><coordinates>-48.812175,-10.155146,0 -48.812040,-10.155944,0</coordinates></LineString></Placemark>
<Placemark><name>3431616</name><styleUrl>#styleDaimonCIRCUITO341TRECHO</styleUrl><LineString><coordinates>-48.812040,-10.155944,0 -48.811781,-10.157332,0</coordinates></LineString></Placemark>
<Placemark><name>3431617</name><styleUrl>#styleDaimonCIRCUITO341TRECHO</styleUrl><LineString><coordinates>-48.811781,-10.157332,0 -48.811534,-10.158641,0</coordinates></LineString></Placemark>
<Placemark><name>3431618</name><styleUrl>#styleDaimonCIRCUITO341TRECHO</styleUrl><LineString><coordinates>-48.811534,-10.158641,0 -48.811391,-10.159711,0</coordinates></LineString></Placemark>
<Placemark><name>12125324</name><styleUrl>#styleDaimonCIRCUITO341TRECHO</styleUrl><LineString><coordinates>-48.811391,-10.159711,0 -48.811418,-10.159717,0</coordinates></LineString></Placemark>
<Placemark><name>3431619</name><styleUrl>#styleDaimonCIRCUITO341TRECHO</styleUrl><LineString><coordinates>-48.811391,-10.159711,0 -48.811277,-10.160291,0</coordinates></LineString></Placemark>
<Placemark><name>53846820</name><styleUrl>#styleDaimonCIRCUITO341TRECHO</styleUrl><LineString><coordinates>-48.811418,-10.159717,0 -48.812100,-10.159787,0</coordinates></LineString></Placemark>
<Placemark><name>12119416</name><styleUrl>#styleDaimonCIRCUITO341TRECHO</styleUrl><LineString><coordinates>-48.811277,-10.160291,0 -48.811265,-10.160279,0</coordinates></LineString></Placemark>
<Placemark><name>3431889</name><styleUrl>#styleDaimonCIRCUITO341TRECHO</styleUrl><LineString><coordinates>-48.811277,-10.160291,0 -48.811195,-10.161080,0</coordinates></LineString></Placemark>
<Placemark><name>3207466</name><styleUrl>#styleDaimonCIRCUITO341TRECHO</styleUrl><LineString><coordinates>-48.812100,-10.159787,0 -48.812292,-10.159806,0</coordinates></LineString></Placemark>
<Placemark><name>3431888</name><styleUrl>#styleDaimonCIRCUITO341TRECHO</styleUrl><LineString><coordinates>-48.811265,-10.160279,0 -48.810162,-10.159155,0</coordinates></LineString></Placemark>
<Placemark><name>3207467</name><styleUrl>#styleDaimonCIRCUITO341TRECHO</styleUrl><LineString><coordinates>-48.812292,-10.159806,0 -48.813862,-10.160191,0</coordinates></LineString></Placemark>
<Placemark><name>2494664</name><styleUrl>#styleDaimonCIRCUITO341TRECHO</styleUrl><LineString><coordinates>-48.810162,-10.159155,0 -48.809499,-10.158529,0</coordinates></LineString></Placemark>
<Placemark><name>3442202</name><styleUrl>#styleDaimonCIRCUITO341TRECHO</styleUrl><LineString><coordinates>-48.853134,-10.150209,0 -48.852944,-10.150419,0</coordinates></LineString></Placemark>
<Placemark><name>2494646</name><styleUrl>#styleDaimonCIRCUITO341TRECHO</styleUrl><LineString><coordinates>-48.869848,-10.114984,0 -48.870735,-10.113828,0</coordinates></LineString></Placemark>
<Placemark><name>3442453</name><styleUrl>#styleDaimonCIRCUITO341TRECHO</styleUrl><LineString><coordinates>-48.867721,-10.137161,0 -48.868610,-10.137102,0</coordinates></LineString></Placemark>
<Placemark><name>2494591</name><styleUrl>#styleDaimonCIRCUITO341TRECHO</styleUrl><LineString><coordinates>-48.864836,-10.132180,0 -48.864511,-10.131155,0</coordinates></LineString></Placemark>
<Placemark><name>3433051</name><styleUrl>#styleDaimonCIRCUITO341TRECHO</styleUrl><LineString><coordinates>-48.807002,-10.132763,0 -48.806756,-10.132727,0</coordinates></LineString></Placemark>
<Placemark><name>12121709</name><styleUrl>#styleDaimonCIRCUITO341TRECHO</styleUrl><LineString><coordinates>-48.801322,-10.140645,0 -48.801289,-10.140646,0</coordinates></LineString></Placemark>
<Placemark><name>3433047</name><styleUrl>#styleDaimonCIRCUITO341TRECHO</styleUrl><LineString><coordinates>-48.801289,-10.140646,0 -48.796771,-10.140668,0</coordinates></LineString></Placemark>
<Placemark><name>3433046</name><styleUrl>#styleDaimonCIRCUITO341TRECHO</styleUrl><LineString><coordinates>-48.802242,-10.140493,0 -48.801322,-10.140645,0</coordinates></LineString></Placemark>
<Placemark><name>3433045</name><styleUrl>#styleDaimonCIRCUITO341TRECHO</styleUrl><LineString><coordinates>-48.803387,-10.140319,0 -48.802242,-10.140493,0</coordinates></LineString></Placemark>
<Placemark><name>3433044</name><styleUrl>#styleDaimonCIRCUITO341TRECHO</styleUrl><LineString><coordinates>-48.804496,-10.140152,0 -48.803387,-10.140319,0</coordinates></LineString></Placemark>
<Placemark><name>3433043</name><styleUrl>#styleDaimonCIRCUITO341TRECHO</styleUrl><LineString><coordinates>-48.805883,-10.139962,0 -48.804496,-10.140152,0</coordinates></LineString></Placemark>
<Placemark><name>3433042</name><styleUrl>#styleDaimonCIRCUITO341TRECHO</styleUrl><LineString><coordinates>-48.807029,-10.139769,0 -48.805883,-10.139962,0</coordinates></LineString></Placemark>
<Placemark><name>3433041</name><styleUrl>#styleDaimonCIRCUITO341TRECHO</styleUrl><LineString><coordinates>-48.807926,-10.139628,0 -48.807029,-10.139769,0</coordinates></LineString></Placemark>
<Placemark><name>3433040</name><styleUrl>#styleDaimonCIRCUITO341TRECHO</styleUrl><LineString><coordinates>-48.808915,-10.139473,0 -48.807926,-10.139628,0</coordinates></LineString></Placemark>
<Placemark><name>12122967</name><styleUrl>#styleDaimonCIRCUITO341TRECHO</styleUrl><LineString><coordinates>-48.807411,-10.111723,0 -48.807431,-10.111724,0</coordinates></LineString></Placemark>
<Placemark><name>3646257</name><styleUrl>#styleDaimonCIRCUITO341TRECHO</styleUrl><LineString><coordinates>-48.807431,-10.111724,0 -48.808272,-10.112025,0</coordinates></LineString></Placemark>
<Placemark><name>3646258</name><styleUrl>#styleDaimonCIRCUITO341TRECHO</styleUrl><LineString><coordinates>-48.807308,-10.111728,0 -48.807411,-10.111723,0</coordinates></LineString></Placemark>
<Placemark><name>2494526</name><styleUrl>#styleDaimonCIRCUITO341TRECHO</styleUrl><LineString><coordinates>-48.806707,-10.115471,0 -48.805677,-10.115561,0</coordinates></LineString></Placemark>
<Placemark><name>2494527</name><styleUrl>#styleDaimonCIRCUITO341TRECHO</styleUrl><LineString><coordinates>-48.805677,-10.115561,0 -48.804444,-10.115671,0</coordinates></LineString></Placemark>
<Placemark><name>2494525</name><styleUrl>#styleDaimonCIRCUITO341TRECHO</styleUrl><LineString><coordinates>-48.807873,-10.115331,0 -48.806707,-10.115471,0</coordinates></LineString></Placemark>
<Placemark><name>2494528</name><styleUrl>#styleDaimonCIRCUITO341TRECHO</styleUrl><LineString><coordinates>-48.804444,-10.115671,0 -48.803378,-10.115785,0</coordinates></LineString></Placemark>
<Placemark><name>2494529</name><styleUrl>#styleDaimonCIRCUITO341TRECHO</styleUrl><LineString><coordinates>-48.803378,-10.115785,0 -48.802106,-10.115921,0</coordinates></LineString></Placemark>
<Placemark><name>2494530</name><styleUrl>#styleDaimonCIRCUITO341TRECHO</styleUrl><LineString><coordinates>-48.802106,-10.115921,0 -48.801003,-10.116032,0</coordinates></LineString></Placemark>
<Placemark><name>2494531</name><styleUrl>#styleDaimonCIRCUITO341TRECHO</styleUrl><LineString><coordinates>-48.801003,-10.116032,0 -48.800054,-10.116126,0</coordinates></LineString></Placemark>
<Placemark><name>2494532</name><styleUrl>#styleDaimonCIRCUITO341TRECHO</styleUrl><LineString><coordinates>-48.800054,-10.116126,0 -48.799143,-10.116217,0</coordinates></LineString></Placemark>
<Placemark><name>2494533</name><styleUrl>#styleDaimonCIRCUITO341TRECHO</styleUrl><LineString><coordinates>-48.799143,-10.116217,0 -48.798335,-10.116313,0</coordinates></LineString></Placemark>
<Placemark><name>12120031</name><styleUrl>#styleDaimonCIRCUITO341TRECHO</styleUrl><LineString><coordinates>-48.798335,-10.116313,0 -48.798302,-10.116316,0</coordinates></LineString></Placemark>
<Placemark><name>2494534</name><styleUrl>#styleDaimonCIRCUITO341TRECHO</styleUrl><LineString><coordinates>-48.798302,-10.116316,0 -48.796288,-10.116515,0</coordinates></LineString></Placemark>
<Placemark><name>12120032</name><styleUrl>#styleDaimonCIRCUITO341TRECHO</styleUrl><LineString><coordinates>-48.796288,-10.116515,0 -48.796255,-10.116520,0</coordinates></LineString></Placemark>
<Placemark><name>2494535</name><styleUrl>#styleDaimonCIRCUITO341TRECHO</styleUrl><LineString><coordinates>-48.796255,-10.116520,0 -48.795046,-10.116644,0</coordinates></LineString></Placemark>
<Placemark><name>12120033</name><styleUrl>#styleDaimonCIRCUITO341TRECHO</styleUrl><LineString><coordinates>-48.795046,-10.116644,0 -48.795014,-10.116648,0</coordinates></LineString></Placemark>
<Placemark><name>2494662</name><styleUrl>#styleDaimonCIRCUITO341TRECHO</styleUrl><LineString><coordinates>-48.795014,-10.116648,0 -48.793795,-10.116772,0</coordinates></LineString></Placemark>
<Placemark><name>2494524</name><styleUrl>#styleDaimonCIRCUITO341TRECHO</styleUrl><LineString><coordinates>-48.804198,-10.103911,0 -48.803799,-10.102846,0</coordinates></LineString></Placemark>
<Placemark><name>2494523</name><styleUrl>#styleDaimonCIRCUITO341TRECHO</styleUrl><LineString><coordinates>-48.804595,-10.104919,0 -48.804198,-10.103911,0</coordinates></LineString></Placemark>
<Placemark><name>3442702</name><styleUrl>#styleDaimonCIRCUITO341TRECHO</styleUrl><LineString><coordinates>-48.816678,-10.149010,0 -48.817749,-10.148122,0</coordinates></LineString></Placemark>
<Placemark><name>3431898</name><styleUrl>#styleDaimonCIRCUITO341TRECHO</styleUrl><LineString><coordinates>-48.812179,-10.167469,0 -48.812556,-10.168877,0</coordinates></LineString></Placemark>
<Placemark><name>53936985</name><styleUrl>#styleDaimonCIRCUITO341TRECHO</styleUrl><LineString><coordinates>-48.812556,-10.168877,0 -48.812611,-10.169093,0</coordinates></LineString></Placemark>
<Placemark><name>3431897</name><styleUrl>#styleDaimonCIRCUITO341TRECHO</styleUrl><LineString><coordinates>-48.811706,-10.165726,0 -48.812179,-10.167469,0</coordinates></LineString></Placemark>
<Placemark><name>3431899</name><styleUrl>#styleDaimonCIRCUITO341TRECHO</styleUrl><LineString><coordinates>-48.812611,-10.169093,0 -48.812845,-10.170004,0</coordinates></LineString></Placemark>
<Placemark><name>3431896</name><styleUrl>#styleDaimonCIRCUITO341TRECHO</styleUrl><LineString><coordinates>-48.811522,-10.164956,0 -48.811706,-10.165726,0</coordinates></LineString></Placemark>
<Placemark><name>3431900</name><styleUrl>#styleDaimonCIRCUITO341TRECHO</styleUrl><LineString><coordinates>-48.812845,-10.170004,0 -48.812889,-10.170939,0</coordinates></LineString></Placemark>
<Placemark><name>12121457</name><styleUrl>#styleDaimonCIRCUITO341TRECHO</styleUrl><LineString><coordinates>-48.811522,-10.164956,0 -48.811505,-10.164967,0</coordinates></LineString></Placemark>
<Placemark><name>3431895</name><styleUrl>#styleDaimonCIRCUITO341TRECHO</styleUrl><LineString><coordinates>-48.811288,-10.163958,0 -48.811522,-10.164956,0</coordinates></LineString></Placemark>
<Placemark><name>2493340</name><styleUrl>#styleDaimonCIRCUITO341TRECHO</styleUrl><LineString><coordinates>-48.811505,-10.164967,0 -48.811435,-10.165135,0</coordinates></LineString></Placemark>
<Placemark><name>3431894</name><styleUrl>#styleDaimonCIRCUITO341TRECHO</styleUrl><LineString><coordinates>-48.811030,-10.162956,0 -48.811288,-10.163958,0</coordinates></LineString></Placemark>
<Placemark><name>12121472</name><styleUrl>#styleDaimonCIRCUITO341TRECHO</styleUrl><LineString><coordinates>-48.811435,-10.165135,0 -48.811414,-10.165159,0</coordinates></LineString></Placemark>
<Placemark><name>3431893</name><styleUrl>#styleDaimonCIRCUITO341TRECHO</styleUrl><LineString><coordinates>-48.811067,-10.162730,0 -48.811030,-10.162956,0</coordinates></LineString></Placemark>
<Placemark><name>2502564</name><styleUrl>#styleDaimonCIRCUITO341TRECHO</styleUrl><LineString><coordinates>-48.811414,-10.165159,0 -48.810531,-10.166005,0</coordinates></LineString></Placemark>
<Placemark><name>3431892</name><styleUrl>#styleDaimonCIRCUITO341TRECHO</styleUrl><LineString><coordinates>-48.811110,-10.162370,0 -48.811067,-10.162730,0</coordinates></LineString></Placemark>
<Placemark><name>2493198</name><styleUrl>#styleDaimonCIRCUITO341TRECHO</styleUrl><LineString><coordinates>-48.810531,-10.166005,0 -48.809798,-10.166884,0</coordinates></LineString></Placemark>
<Placemark><name>3431891</name><styleUrl>#styleDaimonCIRCUITO341TRECHO</styleUrl><LineString><coordinates>-48.811171,-10.161553,0 -48.811110,-10.162370,0</coordinates></LineString></Placemark>
<Placemark><name>2502514</name><styleUrl>#styleDaimonCIRCUITO341TRECHO</styleUrl><LineString><coordinates>-48.809798,-10.166884,0 -48.809159,-10.167659,0</coordinates></LineString></Placemark>
<Placemark><name>12119415</name><styleUrl>#styleDaimonCIRCUITO341TRECHO</styleUrl><LineString><coordinates>-48.811172,-10.161519,0 -48.811171,-10.161553,0</coordinates></LineString></Placemark>
<Placemark><name>2493342</name><styleUrl>#styleDaimonCIRCUITO341TRECHO</styleUrl><LineString><coordinates>-48.809159,-10.167659,0 -48.808753,-10.168200,0</coordinates></LineString></Placemark>
<Placemark><name>3431890</name><styleUrl>#styleDaimonCIRCUITO341TRECHO</styleUrl><LineString><coordinates>-48.811193,-10.161125,0 -48.811172,-10.161519,0</coordinates></LineString></Placemark>
<Placemark><name>12121458</name><styleUrl>#styleDaimonCIRCUITO341TRECHO</styleUrl><LineString><coordinates>-48.808753,-10.168200,0 -48.808726,-10.168216,0</coordinates></LineString></Placemark>
<Placemark><name>2494169</name><styleUrl>#styleDaimonCIRCUITO341TRECHO</styleUrl><LineString><coordinates>-48.808726,-10.168216,0 -48.808168,-10.168594,0</coordinates></LineString></Placemark>
<Placemark><name>2493341</name><styleUrl>#styleDaimonCIRCUITO341TRECHO</styleUrl><LineString><coordinates>-48.808168,-10.168594,0 -48.806463,-10.169431,0</coordinates></LineString></Placemark>
<Placemark><name>2493339</name><styleUrl>#styleDaimonCIRCUITO341TRECHO</styleUrl><LineString><coordinates>-48.806463,-10.169431,0 -48.805210,-10.170097,0</coordinates></LineString></Placemark>
<Placemark><name>53846829</name><styleUrl>#styleDaimonCIRCUITO341TRECHO</styleUrl><LineString><coordinates>-48.811891,-10.160329,0 -48.811864,-10.160350,0</coordinates></LineString></Placemark>
<Placemark><name>53846853</name><styleUrl>#styleDaimonCIRCUITO341TRECHO</styleUrl><LineString><coordinates>-48.811864,-10.160350,0 -48.811630,-10.160252,0</coordinates></LineString></Placemark>
<Placemark><name>53846858</name><styleUrl>#styleDaimonCIRCUITO341TRECHO</styleUrl><LineString><coordinates>-48.812079,-10.159842,0 -48.811891,-10.160329,0</coordinates></LineString></Placemark>
<Placemark><name>3433048</name><styleUrl>#styleDaimonCIRCUITO341TRECHO</styleUrl><LineString><coordinates>-48.796721,-10.140669,0 -48.796262,-10.140681,0</coordinates></LineString></Placemark>
<Placemark><name>2494663</name><styleUrl>#styleDaimonCIRCUITO341TRECHO</styleUrl><LineString><coordinates>-48.793636,-10.116786,0 -48.792205,-10.116911,0</coordinates></LineString></Placemark>
<Placemark><name>48449226</name><styleUrl>#styleDaimonCIRCUITO341TRECHO</styleUrl><LineString><coordinates>-48.810625,-10.166082,0 -48.810648,-10.166103,0</coordinates></LineString></Placemark>
<Placemark><name>48449217</name><styleUrl>#styleDaimonCIRCUITO341TRECHO</styleUrl><LineString><coordinates>-48.810541,-10.166014,0 -48.810625,-10.166082,0</coordinates></LineString></Placemark>
<Placemark><name>48449221</name><styleUrl>#styleDaimonCIRCUITO341TRECHO</styleUrl><LineString><coordinates>-48.810648,-10.166103,0 -48.811112,-10.166487,0</coordinates></LineString></Placemark>
<Placemark><name>53936993</name><styleUrl>#styleDaimonCIRCUITO341TRECHO</styleUrl><LineString><coordinates>-48.812022,-10.168929,0 -48.812019,-10.168899,0</coordinates></LineString></Placemark>
<Placemark><name>53937009</name><styleUrl>#styleDaimonCIRCUITO341TRECHO</styleUrl><LineString><coordinates>-48.812019,-10.168899,0 -48.812250,-10.168574,0</coordinates></LineString></Placemark>
<Placemark><name>53937014</name><styleUrl>#styleDaimonCIRCUITO341TRECHO</styleUrl><LineString><coordinates>-48.812553,-10.169077,0 -48.812022,-10.168929,0</coordinates></LineString></Placemark>
<Placemark><name>3262572</name><styleUrl>#styleDaimonCIRCUITO341TRECHO</styleUrl><LineString><coordinates>-48.813619,-10.168167,0 -48.814545,-10.167668,0</coordinates></LineString></Placemark>
<Placemark><name>3262573</name><styleUrl>#styleDaimonCIRCUITO341TRECHO</styleUrl><LineString><coordinates>-48.812662,-10.168806,0 -48.813619,-10.168167,0</coordinates></LineString></Placemark>
<Placemark><name>3559348</name><styleUrl>#styleDaimonCIRCUITO341TRECHO</styleUrl><LineString><coordinates>-48.812173,-10.167471,0 -48.812123,-10.167484,0</coordinates></LineString></Placemark>
<Placemark><name>Suporte Chave DJ_AL01062013_FICT</name><styleUrl>#styleDaimonCIRCUITO341TRECHO</styleUrl><LineString><coordinates>-48.897165,-10.180351,0 -48.897385,-10.180145,0</coordinates></LineString></Placemark>
<Placemark><name>Suporte Chave 8800001013</name><styleUrl>#styleDaimonCIRCUITO341TRECHO</styleUrl><LineString><coordinates>-48.897123,-10.179977,0 -48.897122,-10.179975,0</coordinates></LineString></Placemark>
<Placemark><name>Suporte Chave 8802191013</name><styleUrl>#styleDaimonCIRCUITO341TRECHO</styleUrl><LineString><coordinates>-48.897310,-10.179644,0 -48.897327,-10.179616,0</coordinates></LineString></Placemark>
<Placemark><name>Suporte Chave 8856350013</name><styleUrl>#styleDaimonCIRCUITO341TRECHO</styleUrl><LineString><coordinates>-48.893629,-10.176714,0 -48.893606,-10.176703,0</coordinates></LineString></Placemark>
<Placemark><name>Suporte Chave 0362091013</name><styleUrl>#styleDaimonCIRCUITO341TRECHO</styleUrl><LineString><coordinates>-48.897082,-10.178529,0 -48.897082,-10.178533,0</coordinates></LineString></Placemark>
<Placemark><name>Suporte Chave 8855938013</name><styleUrl>#styleDaimonCIRCUITO341TRECHO</styleUrl><LineString><coordinates>-48.893162,-10.176235,0 -48.893179,-10.176209,0</coordinates></LineString></Placemark>
<Placemark><name>Suporte Chave 8831540013</name><styleUrl>#styleDaimonCIRCUITO341TRECHO</styleUrl><LineString><coordinates>-48.895617,-10.173794,0 -48.895644,-10.173796,0</coordinates></LineString></Placemark>
<Placemark><name>Suporte Chave 8841998013</name><styleUrl>#styleDaimonCIRCUITO341TRECHO</styleUrl><LineString><coordinates>-48.894627,-10.172375,0 -48.894651,-10.172358,0</coordinates></LineString></Placemark>
<Placemark><name>Suporte Chave 0200061013</name><styleUrl>#styleDaimonCIRCUITO341TRECHO</styleUrl><LineString><coordinates>-48.893465,-10.171485,0 -48.893451,-10.171504,0</coordinates></LineString></Placemark>
<Placemark><name>Suporte Chave 8800859013</name><styleUrl>#styleDaimonCIRCUITO341TRECHO</styleUrl><LineString><coordinates>-48.893276,-10.171312,0 -48.893260,-10.171292,0</coordinates></LineString></Placemark>
<Placemark><name>Suporte Chave 0241999013</name><styleUrl>#styleDaimonCIRCUITO341TRECHO</styleUrl><LineString><coordinates>-48.895662,-10.171602,0 -48.895664,-10.171607,0</coordinates></LineString></Placemark>
<Placemark><name>Suporte Chave 0341687013</name><styleUrl>#styleDaimonCIRCUITO341TRECHO</styleUrl><LineString><coordinates>-48.889393,-10.165899,0 -48.889398,-10.165900,0</coordinates></LineString></Placemark>
<Placemark><name>Suporte Chave 0300062013</name><styleUrl>#styleDaimonCIRCUITO341TRECHO</styleUrl><LineString><coordinates>-48.891625,-10.168025,0 -48.891660,-10.168031,0</coordinates></LineString></Placemark>
<Placemark><name>Suporte Chave 9000118013</name><styleUrl>#styleDaimonCIRCUITO341TRECHO</styleUrl><LineString><coordinates>-48.889142,-10.166398,0 -48.889139,-10.166399,0</coordinates></LineString></Placemark>
<Placemark><name>Suporte Chave 7900117013</name><styleUrl>#styleDaimonCIRCUITO341TRECHO</styleUrl><LineString><coordinates>-48.889114,-10.166404,0 -48.889112,-10.166404,0</coordinates></LineString></Placemark>
<Placemark><name>Suporte Chave 9000117013</name><styleUrl>#styleDaimonCIRCUITO341TRECHO</styleUrl><LineString><coordinates>-48.889093,-10.166398,0 -48.889091,-10.166396,0</coordinates></LineString></Placemark>
<Placemark><name>Suporte Chave 8800120013</name><styleUrl>#styleDaimonCIRCUITO341TRECHO</styleUrl><LineString><coordinates>-48.888990,-10.165868,0 -48.888979,-10.165843,0</coordinates></LineString></Placemark>
<Placemark><name>Suporte Chave 0300119013</name><styleUrl>#styleDaimonCIRCUITO341TRECHO</styleUrl><LineString><coordinates>-48.889031,-10.166069,0 -48.889028,-10.166069,0</coordinates></LineString></Placemark>
<Placemark><name>Suporte Chave 0202201013</name><styleUrl>#styleDaimonCIRCUITO341TRECHO</styleUrl><LineString><coordinates>-48.888243,-10.167808,0 -48.888252,-10.167815,0</coordinates></LineString></Placemark>
<Placemark><name>Suporte Chave 0300121013</name><styleUrl>#styleDaimonCIRCUITO341TRECHO</styleUrl><LineString><coordinates>-48.890161,-10.164032,0 -48.890175,-10.164004,0</coordinates></LineString></Placemark>
<Placemark><name>Suporte Chave 9008198013</name><styleUrl>#styleDaimonCIRCUITO341TRECHO</styleUrl><LineString><coordinates>-48.887777,-10.168271,0 -48.887775,-10.168273,0</coordinates></LineString></Placemark>
<Placemark><name>Suporte Chave 8854540013</name><styleUrl>#styleDaimonCIRCUITO341TRECHO</styleUrl><LineString><coordinates>-48.886687,-10.159514,0 -48.886674,-10.159486,0</coordinates></LineString></Placemark>
<Placemark><name>Suporte Chave 8855401013</name><styleUrl>#styleDaimonCIRCUITO341TRECHO</styleUrl><LineString><coordinates>-48.887697,-10.161838,0 -48.887715,-10.161831,0</coordinates></LineString></Placemark>
<Placemark><name>Suporte Chave 0359326013</name><styleUrl>#styleDaimonCIRCUITO341TRECHO</styleUrl><LineString><coordinates>-48.890336,-10.163641,0 -48.890332,-10.163650,0</coordinates></LineString></Placemark>
<Placemark><name>Suporte Chave 8855387013</name><styleUrl>#styleDaimonCIRCUITO341TRECHO</styleUrl><LineString><coordinates>-48.885022,-10.156111,0 -48.885034,-10.156136,0</coordinates></LineString></Placemark>
<Placemark><name>Suporte Chave 0201093013</name><styleUrl>#styleDaimonCIRCUITO341TRECHO</styleUrl><LineString><coordinates>-48.886287,-10.158704,0 -48.886283,-10.158706,0</coordinates></LineString></Placemark>
<Placemark><name>Suporte Chave 8802288013</name><styleUrl>#styleDaimonCIRCUITO341TRECHO</styleUrl><LineString><coordinates>-48.886889,-10.159769,0 -48.886876,-10.159741,0</coordinates></LineString></Placemark>
<Placemark><name>Suporte Chave 0336329013</name><styleUrl>#styleDaimonCIRCUITO341TRECHO</styleUrl><LineString><coordinates>-48.884458,-10.155785,0 -48.884456,-10.155787,0</coordinates></LineString></Placemark>
<Placemark><name>Suporte Chave 8835680013</name><styleUrl>#styleDaimonCIRCUITO341TRECHO</styleUrl><LineString><coordinates>-48.883554,-10.155513,0 -48.883543,-10.155520,0</coordinates></LineString></Placemark>
<Placemark><name>Suporte Chave 0300126013</name><styleUrl>#styleDaimonCIRCUITO341TRECHO</styleUrl><LineString><coordinates>-48.886492,-10.158509,0 -48.886526,-10.158495,0</coordinates></LineString></Placemark>
<Placemark><name>Suporte Chave 0302264013</name><styleUrl>#styleDaimonCIRCUITO341TRECHO</styleUrl><LineString><coordinates>-48.886183,-10.158642,0 -48.886148,-10.158658,0</coordinates></LineString></Placemark>
<Placemark><name>Suporte Chave 0200129013</name><styleUrl>#styleDaimonCIRCUITO341TRECHO</styleUrl><LineString><coordinates>-48.883688,-10.154658,0 -48.883697,-10.154667,0</coordinates></LineString></Placemark>
<Placemark><name>Suporte Chave 8855408013</name><styleUrl>#styleDaimonCIRCUITO341TRECHO</styleUrl><LineString><coordinates>-48.883318,-10.155858,0 -48.883311,-10.155885,0</coordinates></LineString></Placemark>
<Placemark><name>Suporte Chave 0300130013</name><styleUrl>#styleDaimonCIRCUITO341TRECHO</styleUrl><LineString><coordinates>-48.883767,-10.154408,0 -48.883786,-10.154344,0</coordinates></LineString></Placemark>
<Placemark><name>Suporte Chave 8801899013</name><styleUrl>#styleDaimonCIRCUITO341TRECHO</styleUrl><LineString><coordinates>-48.882732,-10.155162,0 -48.882699,-10.155175,0</coordinates></LineString></Placemark>
<Placemark><name>Suporte Chave 8802289013</name><styleUrl>#styleDaimonCIRCUITO341TRECHO</styleUrl><LineString><coordinates>-48.888549,-10.157820,0 -48.888584,-10.157810,0</coordinates></LineString></Placemark>
<Placemark><name>Suporte Chave 8855400013</name><styleUrl>#styleDaimonCIRCUITO341TRECHO</styleUrl><LineString><coordinates>-48.882984,-10.156945,0 -48.882976,-10.156971,0</coordinates></LineString></Placemark>
<Placemark><name>Suporte Chave 0200137013</name><styleUrl>#styleDaimonCIRCUITO341TRECHO</styleUrl><LineString><coordinates>-48.883067,-10.156668,0 -48.883069,-10.156681,0</coordinates></LineString></Placemark>
<Placemark><name>Suporte Chave 0302108013</name><styleUrl>#styleDaimonCIRCUITO341TRECHO</styleUrl><LineString><coordinates>-48.884586,-10.148196,0 -48.884587,-10.148193,0</coordinates></LineString></Placemark>
<Placemark><name>Suporte Chave 0202109013</name><styleUrl>#styleDaimonCIRCUITO341TRECHO</styleUrl><LineString><coordinates>-48.881415,-10.148122,0 -48.881321,-10.148121,0</coordinates></LineString></Placemark>
<Placemark><name>Suporte Chave 0300131013</name><styleUrl>#styleDaimonCIRCUITO341TRECHO</styleUrl><LineString><coordinates>-48.884563,-10.151772,0 -48.884573,-10.151777,0</coordinates></LineString></Placemark>
<Placemark><name>Suporte Chave 0300134013</name><styleUrl>#styleDaimonCIRCUITO341TRECHO</styleUrl><LineString><coordinates>-48.885720,-10.147963,0 -48.885733,-10.147927,0</coordinates></LineString></Placemark>
<Placemark><name>Suporte Chave 0340333013</name><styleUrl>#styleDaimonCIRCUITO341TRECHO</styleUrl><LineString><coordinates>-48.882403,-10.155295,0 -48.882398,-10.155294,0</coordinates></LineString></Placemark>
<Placemark><name>Suporte Chave 0301834013</name><styleUrl>#styleDaimonCIRCUITO341TRECHO</styleUrl><LineString><coordinates>-48.890457,-10.157626,0 -48.890463,-10.157650,0</coordinates></LineString></Placemark>
<Placemark><name>Suporte Chave 8854876013</name><styleUrl>#styleDaimonCIRCUITO341TRECHO</styleUrl><LineString><coordinates>-48.889806,-10.155199,0 -48.889814,-10.155230,0</coordinates></LineString></Placemark>
<Placemark><name>Suporte Chave 8800738013</name><styleUrl>#styleDaimonCIRCUITO341TRECHO</styleUrl><LineString><coordinates>-48.881386,-10.163920,0 -48.881385,-10.163961,0</coordinates></LineString></Placemark>
<Placemark><name>Suporte Chave 0302358013</name><styleUrl>#styleDaimonCIRCUITO341TRECHO</styleUrl><LineString><coordinates>-48.882549,-10.159680,0 -48.882573,-10.159704,0</coordinates></LineString></Placemark>
<Placemark><name>Suporte Chave 0329539013</name><styleUrl>#styleDaimonCIRCUITO341TRECHO</styleUrl><LineString><coordinates>-48.886533,-10.145369,0 -48.886463,-10.145352,0</coordinates></LineString></Placemark>
<Placemark><name>Suporte Chave 0336206013</name><styleUrl>#styleDaimonCIRCUITO341TRECHO</styleUrl><LineString><coordinates>-48.887318,-10.140430,0 -48.887342,-10.140353,0</coordinates></LineString></Placemark>
<Placemark><name>Suporte Chave 0201257013</name><styleUrl>#styleDaimonCIRCUITO341TRECHO</styleUrl><LineString><coordinates>-48.886076,-10.146827,0 -48.886081,-10.146829,0</coordinates></LineString></Placemark>
<Placemark><name>Suporte Chave 0340336013</name><styleUrl>#styleDaimonCIRCUITO341TRECHO</styleUrl><LineString><coordinates>-48.882432,-10.155017,0 -48.882442,-10.154986,0</coordinates></LineString></Placemark>
<Placemark><name>Suporte Chave 0340338013</name><styleUrl>#styleDaimonCIRCUITO341TRECHO</styleUrl><LineString><coordinates>-48.879799,-10.154529,0 -48.879780,-10.154523,0</coordinates></LineString></Placemark>
<Placemark><name>Suporte Chave 0300185013</name><styleUrl>#styleDaimonCIRCUITO341TRECHO</styleUrl><LineString><coordinates>-48.882329,-10.155341,0 -48.882324,-10.155364,0</coordinates></LineString></Placemark>
<Placemark><name>Suporte Chave 8802241013</name><styleUrl>#styleDaimonCIRCUITO341TRECHO</styleUrl><LineString><coordinates>-48.889490,-10.154021,0 -48.889482,-10.153969,0</coordinates></LineString></Placemark>
<Placemark><name>Suporte Chave 0319229013</name><styleUrl>#styleDaimonCIRCUITO341TRECHO</styleUrl><LineString><coordinates>-48.888075,-10.152074,0 -48.888066,-10.152045,0</coordinates></LineString></Placemark>
<Placemark><name>Suporte Chave 0300808013</name><styleUrl>#styleDaimonCIRCUITO341TRECHO</styleUrl><LineString><coordinates>-48.889576,-10.154341,0 -48.889580,-10.154341,0</coordinates></LineString></Placemark>
<Placemark><name>Suporte Chave 0300917013</name><styleUrl>#styleDaimonCIRCUITO341TRECHO</styleUrl><LineString><coordinates>-48.880456,-10.165924,0 -48.880468,-10.165924,0</coordinates></LineString></Placemark>
<Placemark><name>Suporte Chave 0300138013</name><styleUrl>#styleDaimonCIRCUITO341TRECHO</styleUrl><LineString><coordinates>-48.881340,-10.165114,0 -48.881351,-10.165100,0</coordinates></LineString></Placemark>
<Placemark><name>Suporte Chave 8863653013</name><styleUrl>#styleDaimonCIRCUITO341TRECHO</styleUrl><LineString><coordinates>-48.881360,-10.164625,0 -48.881287,-10.164619,0</coordinates></LineString></Placemark>
<Placemark><name>Suporte Chave 0300180013</name><styleUrl>#styleDaimonCIRCUITO341TRECHO</styleUrl><LineString><coordinates>-48.880591,-10.165853,0 -48.880590,-10.165860,0</coordinates></LineString></Placemark>
<Placemark><name>Suporte Chave 0202357013</name><styleUrl>#styleDaimonCIRCUITO341TRECHO</styleUrl><LineString><coordinates>-48.883860,-10.160934,0 -48.883865,-10.160930,0</coordinates></LineString></Placemark>
<Placemark><name>Suporte Chave 0201258013</name><styleUrl>#styleDaimonCIRCUITO341TRECHO</styleUrl><LineString><coordinates>-48.882267,-10.155576,0 -48.882275,-10.155577,0</coordinates></LineString></Placemark>
<Placemark><name>Suporte Chave 0301258013</name><styleUrl>#styleDaimonCIRCUITO341TRECHO</styleUrl><LineString><coordinates>-48.882124,-10.156043,0 -48.882117,-10.156066,0</coordinates></LineString></Placemark>
<Placemark><name>Suporte Chave 0302240013</name><styleUrl>#styleDaimonCIRCUITO341TRECHO</styleUrl><LineString><coordinates>-48.889165,-10.152930,0 -48.889161,-10.152892,0</coordinates></LineString></Placemark>
<Placemark><name>Suporte Chave 0302343013</name><styleUrl>#styleDaimonCIRCUITO341TRECHO</styleUrl><LineString><coordinates>-48.889505,-10.152720,0 -48.889540,-10.152700,0</coordinates></LineString></Placemark>
<Placemark><name>Suporte Chave 0200840013</name><styleUrl>#styleDaimonCIRCUITO341TRECHO</styleUrl><LineString><coordinates>-48.880213,-10.165916,0 -48.880213,-10.165922,0</coordinates></LineString></Placemark>
<Placemark><name>Suporte Chave 0301905013</name><styleUrl>#styleDaimonCIRCUITO341TRECHO</styleUrl><LineString><coordinates>-48.880143,-10.165753,0 -48.880145,-10.165717,0</coordinates></LineString></Placemark>
<Placemark><name>Suporte Chave 8802306013</name><styleUrl>#styleDaimonCIRCUITO341TRECHO</styleUrl><LineString><coordinates>-48.879165,-10.165885,0 -48.879136,-10.165885,0</coordinates></LineString></Placemark>
<Placemark><name>Suporte Chave 0302146013</name><styleUrl>#styleDaimonCIRCUITO341TRECHO</styleUrl><LineString><coordinates>-48.880001,-10.168907,0 -48.880007,-10.168908,0</coordinates></LineString></Placemark>
<Placemark><name>Suporte Chave 0300182013</name><styleUrl>#styleDaimonCIRCUITO341TRECHO</styleUrl><LineString><coordinates>-48.879247,-10.165830,0 -48.879249,-10.165789,0</coordinates></LineString></Placemark>
<Placemark><name>Suporte Chave 8863662013</name><styleUrl>#styleDaimonCIRCUITO341TRECHO</styleUrl><LineString><coordinates>-48.876244,-10.164517,0 -48.876231,-10.164505,0</coordinates></LineString></Placemark>
<Placemark><name>Suporte Chave 0344806013</name><styleUrl>#styleDaimonCIRCUITO341TRECHO</styleUrl><LineString><coordinates>-48.880789,-10.161838,0 -48.880791,-10.161819,0</coordinates></LineString></Placemark>
<Placemark><name>Suporte Chave 0302093013</name><styleUrl>#styleDaimonCIRCUITO341TRECHO</styleUrl><LineString><coordinates>-48.880762,-10.162038,0 -48.880763,-10.162019,0</coordinates></LineString></Placemark>
<Placemark><name>Suporte Chave 0300666013</name><styleUrl>#styleDaimonCIRCUITO341TRECHO</styleUrl><LineString><coordinates>-48.882055,-10.156273,0 -48.882045,-10.156308,0</coordinates></LineString></Placemark>
<Placemark><name>Suporte Chave 0362029013</name><styleUrl>#styleDaimonCIRCUITO341TRECHO</styleUrl><LineString><coordinates>-48.889887,-10.152501,0 -48.889884,-10.152500,0</coordinates></LineString></Placemark>
<Placemark><name>Suporte Chave 8800016013</name><styleUrl>#styleDaimonCIRCUITO341TRECHO</styleUrl><LineString><coordinates>-48.898421,-10.149935,0 -48.898462,-10.149947,0</coordinates></LineString></Placemark>
<Placemark><name>Suporte Chave 8802307013</name><styleUrl>#styleDaimonCIRCUITO341TRECHO</styleUrl><LineString><coordinates>-48.877320,-10.165830,0 -48.877348,-10.165830,0</coordinates></LineString></Placemark>
<Placemark><name>Suporte Chave 7962821013</name><styleUrl>#styleDaimonCIRCUITO341TRECHO</styleUrl><LineString><coordinates>-48.875891,-10.164101,0 -48.875882,-10.164076,0</coordinates></LineString></Placemark>
<Placemark><name>Suporte Chave SS3762021</name><styleUrl>#styleDaimonCIRCUITO341TRECHO</styleUrl><LineString><coordinates>-48.902177,-10.151189,0 -48.902196,-10.151195,0</coordinates></LineString></Placemark>
<Placemark><name>Suporte Chave 0302726013</name><styleUrl>#styleDaimonCIRCUITO341TRECHO</styleUrl><LineString><coordinates>-48.899778,-10.150091,0 -48.899787,-10.150067,0</coordinates></LineString></Placemark>
<Placemark><name>Suporte Chave 8800194013</name><styleUrl>#styleDaimonCIRCUITO341TRECHO</styleUrl><LineString><coordinates>-48.876477,-10.165802,0 -48.876465,-10.165802,0</coordinates></LineString></Placemark>
<Placemark><name>Suporte Chave 0300192013</name><styleUrl>#styleDaimonCIRCUITO341TRECHO</styleUrl><LineString><coordinates>-48.877246,-10.165572,0 -48.877244,-10.165595,0</coordinates></LineString></Placemark>
<Placemark><name>Suporte Chave 0300839013</name><styleUrl>#styleDaimonCIRCUITO341TRECHO</styleUrl><LineString><coordinates>-48.876424,-10.165668,0 -48.876413,-10.165641,0</coordinates></LineString></Placemark>
<Placemark><name>Suporte Chave 8864637013</name><styleUrl>#styleDaimonCIRCUITO341TRECHO</styleUrl><LineString><coordinates>-48.854705,-10.136283,0 -48.854633,-10.136247,0</coordinates></LineString></Placemark>
<Placemark><name>Suporte Chave 0302454013</name><styleUrl>#styleDaimonCIRCUITO341TRECHO</styleUrl><LineString><coordinates>-48.905245,-10.152174,0 -48.905263,-10.152151,0</coordinates></LineString></Placemark>
<Placemark><name>Suporte Chave 8802007013</name><styleUrl>#styleDaimonCIRCUITO341TRECHO</styleUrl><LineString><coordinates>-48.873786,-10.167055,0 -48.873753,-10.167054,0</coordinates></LineString></Placemark>
<Placemark><name>Suporte Chave 0227263013</name><styleUrl>#styleDaimonCIRCUITO341TRECHO</styleUrl><LineString><coordinates>-48.874546,-10.167101,0 -48.874547,-10.167099,0</coordinates></LineString></Placemark>
<Placemark><name>Suporte Chave 0362031013</name><styleUrl>#styleDaimonCIRCUITO341TRECHO</styleUrl><LineString><coordinates>-48.876177,-10.165794,0 -48.876179,-10.165797,0</coordinates></LineString></Placemark>
<Placemark><name>Suporte Chave 0300804013</name><styleUrl>#styleDaimonCIRCUITO341TRECHO</styleUrl><LineString><coordinates>-48.873388,-10.160787,0 -48.873380,-10.160793,0</coordinates></LineString></Placemark>
<Placemark><name>Suporte Chave 8802705013</name><styleUrl>#styleDaimonCIRCUITO341TRECHO</styleUrl><LineString><coordinates>-48.874733,-10.160705,0 -48.874650,-10.160605,0</coordinates></LineString></Placemark>
<Placemark><name>Suporte Chave 0362028013</name><styleUrl>#styleDaimonCIRCUITO341TRECHO</styleUrl><LineString><coordinates>-48.874664,-10.160763,0 -48.874661,-10.160763,0</coordinates></LineString></Placemark>
<Placemark><name>Suporte Chave 0300661013</name><styleUrl>#styleDaimonCIRCUITO341TRECHO</styleUrl><LineString><coordinates>-48.875303,-10.160372,0 -48.875314,-10.160370,0</coordinates></LineString></Placemark>
<Placemark><name>Suporte Chave 0300270013</name><styleUrl>#styleDaimonCIRCUITO341TRECHO</styleUrl><LineString><coordinates>-48.875204,-10.160430,0 -48.875172,-10.160381,0</coordinates></LineString></Placemark>
<Placemark><name>Suporte Chave 0302293013</name><styleUrl>#styleDaimonCIRCUITO341TRECHO</styleUrl><LineString><coordinates>-48.849187,-10.133245,0 -48.849106,-10.133235,0</coordinates></LineString></Placemark>
<Placemark><name>Suporte Chave 0339207013</name><styleUrl>#styleDaimonCIRCUITO341TRECHO</styleUrl><LineString><coordinates>-48.849201,-10.133793,0 -48.849130,-10.133799,0</coordinates></LineString></Placemark>
<Placemark><name>Suporte Chave 031875013</name><styleUrl>#styleDaimonCIRCUITO341TRECHO</styleUrl><LineString><coordinates>-48.849200,-10.133766,0 -48.849210,-10.133767,0</coordinates></LineString></Placemark>
<Placemark><name>Suporte Chave 3301452013</name><styleUrl>#styleDaimonCIRCUITO341TRECHO</styleUrl><LineString><coordinates>-48.849192,-10.131298,0 -48.849193,-10.131197,0</coordinates></LineString></Placemark>
<Placemark><name>Suporte Chave 0364638013</name><styleUrl>#styleDaimonCIRCUITO341TRECHO</styleUrl><LineString><coordinates>-48.846911,-10.131324,0 -48.846911,-10.131270,0</coordinates></LineString></Placemark>
<Placemark><name>Suporte Chave 0202205013</name><styleUrl>#styleDaimonCIRCUITO341TRECHO</styleUrl><LineString><coordinates>-48.849205,-10.131489,0 -48.849194,-10.131490,0</coordinates></LineString></Placemark>
<Placemark><name>Suporte Chave 8856530013</name><styleUrl>#styleDaimonCIRCUITO341TRECHO</styleUrl><LineString><coordinates>-48.872370,-10.166975,0 -48.872328,-10.166975,0</coordinates></LineString></Placemark>
<Placemark><name>Suporte Chave 3300203013</name><styleUrl>#styleDaimonCIRCUITO341TRECHO</styleUrl><LineString><coordinates>-48.871382,-10.168865,0 -48.871346,-10.168864,0</coordinates></LineString></Placemark>
<Placemark><name>Suporte Chave 0311042013</name><styleUrl>#styleDaimonCIRCUITO341TRECHO</styleUrl><LineString><coordinates>-48.868773,-10.162708,0 -48.868798,-10.162731,0</coordinates></LineString></Placemark>
<Placemark><name>Suporte Chave 0300805013</name><styleUrl>#styleDaimonCIRCUITO341TRECHO</styleUrl><LineString><coordinates>-48.873403,-10.160972,0 -48.873419,-10.160991,0</coordinates></LineString></Placemark>
<Placemark><name>Suporte Chave 0300664013</name><styleUrl>#styleDaimonCIRCUITO341TRECHO</styleUrl><LineString><coordinates>-48.870949,-10.153178,0 -48.870918,-10.153119,0</coordinates></LineString></Placemark>
<Placemark><name>Suporte Chave 0304524013</name><styleUrl>#styleDaimonCIRCUITO341TRECHO</styleUrl><LineString><coordinates>-48.870808,-10.153538,0 -48.870758,-10.153560,0</coordinates></LineString></Placemark>
<Placemark><name>Suporte Chave 0335064013</name><styleUrl>#styleDaimonCIRCUITO341TRECHO</styleUrl><LineString><coordinates>-48.871844,-10.154359,0 -48.871885,-10.154307,0</coordinates></LineString></Placemark>
<Placemark><name>Suporte Chave 0220661013</name><styleUrl>#styleDaimonCIRCUITO341TRECHO</styleUrl><LineString><coordinates>-48.876018,-10.159927,0 -48.876016,-10.159888,0</coordinates></LineString></Placemark>
<Placemark><name>Suporte Chave 0359296013</name><styleUrl>#styleDaimonCIRCUITO341TRECHO</styleUrl><LineString><coordinates>-48.838252,-10.132012,0 -48.838244,-10.131962,0</coordinates></LineString></Placemark>
<Placemark><name>Suporte Chave 0354376013</name><styleUrl>#styleDaimonCIRCUITO341TRECHO</styleUrl><LineString><coordinates>-48.837350,-10.132065,0 -48.837350,-10.132071,0</coordinates></LineString></Placemark>
<Placemark><name>Suporte Chave 0359298013</name><styleUrl>#styleDaimonCIRCUITO341TRECHO</styleUrl><LineString><coordinates>-48.846101,-10.131848,0 -48.846108,-10.131768,0</coordinates></LineString></Placemark>
<Placemark><name>Suporte Chave 0301837013</name><styleUrl>#styleDaimonCIRCUITO341TRECHO</styleUrl><LineString><coordinates>-48.868502,-10.168797,0 -48.868520,-10.168741,0</coordinates></LineString></Placemark>
<Placemark><name>Suporte Chave 0301952013</name><styleUrl>#styleDaimonCIRCUITO341TRECHO</styleUrl><LineString><coordinates>-48.863463,-10.170684,0 -48.863472,-10.170711,0</coordinates></LineString></Placemark>
<Placemark><name>Suporte Chave 0302260013</name><styleUrl>#styleDaimonCIRCUITO341TRECHO</styleUrl><LineString><coordinates>-48.857052,-10.173739,0 -48.856982,-10.173790,0</coordinates></LineString></Placemark>
<Placemark><name>Suporte Chave 0301708013</name><styleUrl>#styleDaimonCIRCUITO341TRECHO</styleUrl><LineString><coordinates>-48.863947,-10.170415,0 -48.863950,-10.170423,0</coordinates></LineString></Placemark>
<Placemark><name>Suporte Chave 8800673013</name><styleUrl>#styleDaimonCIRCUITO341TRECHO</styleUrl><LineString><coordinates>-48.869693,-10.153810,0 -48.869616,-10.153676,0</coordinates></LineString></Placemark>
<Placemark><name>Suporte Chave 0359297013</name><styleUrl>#styleDaimonCIRCUITO341TRECHO</styleUrl><LineString><coordinates>-48.830619,-10.134461,0 -48.830556,-10.134496,0</coordinates></LineString></Placemark>
<Placemark><name>Suporte Chave 0301959013</name><styleUrl>#styleDaimonCIRCUITO341TRECHO</styleUrl><LineString><coordinates>-48.863664,-10.171339,0 -48.863673,-10.171362,0</coordinates></LineString></Placemark>
<Placemark><name>Suporte Chave 0302185013</name><styleUrl>#styleDaimonCIRCUITO341TRECHO</styleUrl><LineString><coordinates>-48.863551,-10.170949,0 -48.863591,-10.170975,0</coordinates></LineString></Placemark>
<Placemark><name>Suporte Chave 0351770013</name><styleUrl>#styleDaimonCIRCUITO341TRECHO</styleUrl><LineString><coordinates>-48.849475,-10.173628,0 -48.849462,-10.173644,0</coordinates></LineString></Placemark>
<Placemark><name>Suporte Chave 0301711013</name><styleUrl>#styleDaimonCIRCUITO341TRECHO</styleUrl><LineString><coordinates>-48.834956,-10.168192,0 -48.834932,-10.168209,0</coordinates></LineString></Placemark>
<Placemark><name>Suporte Chave 3301709013</name><styleUrl>#styleDaimonCIRCUITO341TRECHO</styleUrl><LineString><coordinates>-48.853797,-10.176120,0 -48.853765,-10.176144,0</coordinates></LineString></Placemark>
<Placemark><name>Suporte Chave 0351775013</name><styleUrl>#styleDaimonCIRCUITO341TRECHO</styleUrl><LineString><coordinates>-48.836503,-10.168293,0 -48.836506,-10.168347,0</coordinates></LineString></Placemark>
<Placemark><name>Suporte Chave 0301608013</name><styleUrl>#styleDaimonCIRCUITO341TRECHO</styleUrl><LineString><coordinates>-48.838797,-10.168577,0 -48.838792,-10.168629,0</coordinates></LineString></Placemark>
<Placemark><name>Suporte Chave 3301710013</name><styleUrl>#styleDaimonCIRCUITO341TRECHO</styleUrl><LineString><coordinates>-48.840046,-10.168785,0 -48.840039,-10.168799,0</coordinates></LineString></Placemark>
<Placemark><name>Suporte Chave 4001713013</name><styleUrl>#styleDaimonCIRCUITO341TRECHO</styleUrl><LineString><coordinates>-48.829309,-10.158028,0 -48.829306,-10.158028,0</coordinates></LineString></Placemark>
<Placemark><name>Suporte Chave 0362089013</name><styleUrl>#styleDaimonCIRCUITO341TRECHO</styleUrl><LineString><coordinates>-48.854635,-10.175480,0 -48.854647,-10.175574,0</coordinates></LineString></Placemark>
<Placemark><name>Suporte Chave 0351776013</name><styleUrl>#styleDaimonCIRCUITO341TRECHO</styleUrl><LineString><coordinates>-48.845673,-10.172064,0 -48.845651,-10.172081,0</coordinates></LineString></Placemark>
<Placemark><name>Suporte Chave 0301712013</name><styleUrl>#styleDaimonCIRCUITO341TRECHO</styleUrl><LineString><coordinates>-48.826977,-10.145811,0 -48.826963,-10.145760,0</coordinates></LineString></Placemark>
<Placemark><name>Suporte Chave 0302162013</name><styleUrl>#styleDaimonCIRCUITO341TRECHO</styleUrl><LineString><coordinates>-48.827287,-10.147080,0 -48.827247,-10.147084,0</coordinates></LineString></Placemark>
<Placemark><name>Suporte Chave 0332857013</name><styleUrl>#styleDaimonCIRCUITO341TRECHO</styleUrl><LineString><coordinates>-48.839275,-10.140489,0 -48.839252,-10.140442,0</coordinates></LineString></Placemark>
<Placemark><name>Suporte Chave 3300671013</name><styleUrl>#styleDaimonCIRCUITO341TRECHO</styleUrl><LineString><coordinates>-48.845068,-10.137562,0 -48.845138,-10.137436,0</coordinates></LineString></Placemark>
<Placemark><name>Suporte Chave 3300677013</name><styleUrl>#styleDaimonCIRCUITO341TRECHO</styleUrl><LineString><coordinates>-48.857604,-10.145342,0 -48.857266,-10.145716,0</coordinates></LineString></Placemark>
<Placemark><name>Suporte Chave 0300674013</name><styleUrl>#styleDaimonCIRCUITO341TRECHO</styleUrl><LineString><coordinates>-48.862237,-10.147776,0 -48.862292,-10.147686,0</coordinates></LineString></Placemark>
<Placemark><name>Suporte Chave 0302255013</name><styleUrl>#styleDaimonCIRCUITO341TRECHO</styleUrl><LineString><coordinates>-48.837048,-10.141340,0 -48.836952,-10.141239,0</coordinates></LineString></Placemark>
<Placemark><name>Suporte Chave 0300670013</name><styleUrl>#styleDaimonCIRCUITO341TRECHO</styleUrl><LineString><coordinates>-48.848318,-10.138353,0 -48.848314,-10.138370,0</coordinates></LineString></Placemark>
<Placemark><name>Suporte Chave 0301610013</name><styleUrl>#styleDaimonCIRCUITO341TRECHO</styleUrl><LineString><coordinates>-48.842519,-10.177220,0 -48.842530,-10.177268,0</coordinates></LineString></Placemark>
<Placemark><name>Suporte Chave 3301718013</name><styleUrl>#styleDaimonCIRCUITO341TRECHO</styleUrl><LineString><coordinates>-48.813510,-10.149307,0 -48.813456,-10.149201,0</coordinates></LineString></Placemark>
<Placemark><name>Suporte Chave 0301714013</name><styleUrl>#styleDaimonCIRCUITO341TRECHO</styleUrl><LineString><coordinates>-48.814592,-10.150666,0 -48.814694,-10.150590,0</coordinates></LineString></Placemark>
<Placemark><name>Suporte Chave 0301717013</name><styleUrl>#styleDaimonCIRCUITO341TRECHO</styleUrl><LineString><coordinates>-48.813254,-10.149412,0 -48.813236,-10.149391,0</coordinates></LineString></Placemark>
<Placemark><name>Suporte Chave 4002254013</name><styleUrl>#styleDaimonCIRCUITO341TRECHO</styleUrl><LineString><coordinates>-48.814297,-10.150938,0 -48.814294,-10.150941,0</coordinates></LineString></Placemark>
<Placemark><name>Suporte Chave 0300669013</name><styleUrl>#styleDaimonCIRCUITO341TRECHO</styleUrl><LineString><coordinates>-48.853155,-10.150185,0 -48.853134,-10.150209,0</coordinates></LineString></Placemark>
<Placemark><name>Suporte Chave 3301576013</name><styleUrl>#styleDaimonCIRCUITO341TRECHO</styleUrl><LineString><coordinates>-48.869750,-10.115112,0 -48.869848,-10.114984,0</coordinates></LineString></Placemark>
<Placemark><name>Suporte Chave 3311034013</name><styleUrl>#styleDaimonCIRCUITO341TRECHO</styleUrl><LineString><coordinates>-48.867621,-10.137167,0 -48.867721,-10.137161,0</coordinates></LineString></Placemark>
<Placemark><name>Suporte Chave 3300676013</name><styleUrl>#styleDaimonCIRCUITO341TRECHO</styleUrl><LineString><coordinates>-48.864872,-10.132293,0 -48.864836,-10.132180,0</coordinates></LineString></Placemark>
<Placemark><name>Suporte Chave 0301719013</name><styleUrl>#styleDaimonCIRCUITO341TRECHO</styleUrl><LineString><coordinates>-48.807029,-10.132766,0 -48.807002,-10.132763,0</coordinates></LineString></Placemark>
<Placemark><name>Suporte Chave 0302145013</name><styleUrl>#styleDaimonCIRCUITO341TRECHO</styleUrl><LineString><coordinates>-48.809025,-10.139455,0 -48.808915,-10.139473,0</coordinates></LineString></Placemark>
<Placemark><name>Suporte Chave 0342974013</name><styleUrl>#styleDaimonCIRCUITO341TRECHO</styleUrl><LineString><coordinates>-48.807296,-10.111728,0 -48.807308,-10.111728,0</coordinates></LineString></Placemark>
<Placemark><name>Suporte Chave 0301720013</name><styleUrl>#styleDaimonCIRCUITO341TRECHO</styleUrl><LineString><coordinates>-48.808003,-10.115315,0 -48.807873,-10.115331,0</coordinates></LineString></Placemark>
<Placemark><name>Suporte Chave 0301722013</name><styleUrl>#styleDaimonCIRCUITO341TRECHO</styleUrl><LineString><coordinates>-48.804639,-10.105030,0 -48.804595,-10.104919,0</coordinates></LineString></Placemark>
<Placemark><name>Suporte Chave 0301715013</name><styleUrl>#styleDaimonCIRCUITO341TRECHO</styleUrl><LineString><coordinates>-48.816559,-10.149109,0 -48.816678,-10.149010,0</coordinates></LineString></Placemark>
<Placemark><name>Suporte Chave 0301716013</name><styleUrl>#styleDaimonCIRCUITO341TRECHO</styleUrl><LineString><coordinates>-48.811195,-10.161080,0 -48.811193,-10.161125,0</coordinates></LineString></Placemark>
<Placemark><name>Suporte Chave 3356490013</name><styleUrl>#styleDaimonCIRCUITO341TRECHO</styleUrl><LineString><coordinates>-48.812100,-10.159787,0 -48.812079,-10.159842,0</coordinates></LineString></Placemark>
<Placemark><name>Suporte Chave 0302127013</name><styleUrl>#styleDaimonCIRCUITO341TRECHO</styleUrl><LineString><coordinates>-48.796771,-10.140668,0 -48.796721,-10.140669,0</coordinates></LineString></Placemark>
<Placemark><name>Suporte Chave 0301721013</name><styleUrl>#styleDaimonCIRCUITO341TRECHO</styleUrl><LineString><coordinates>-48.793795,-10.116772,0 -48.793636,-10.116786,0</coordinates></LineString></Placemark>
<Placemark><name>Suporte Chave 0354863013</name><styleUrl>#styleDaimonCIRCUITO341TRECHO</styleUrl><LineString><coordinates>-48.810531,-10.166005,0 -48.810541,-10.166014,0</coordinates></LineString></Placemark>
<Placemark><name>Suporte Chave 3356488013</name><styleUrl>#styleDaimonCIRCUITO341TRECHO</styleUrl><LineString><coordinates>-48.812611,-10.169093,0 -48.812553,-10.169077,0</coordinates></LineString></Placemark>
<Placemark><name>Suporte Chave 0315122013</name><styleUrl>#styleDaimonCIRCUITO341TRECHO</styleUrl><LineString><coordinates>-48.812556,-10.168877,0 -48.812662,-10.168806,0</coordinates></LineString></Placemark>
<Placemark><name>Suporte Chave 0323505013</name><styleUrl>#styleDaimonCIRCUITO341TRECHO</styleUrl><LineString><coordinates>-48.812179,-10.167469,0 -48.812173,-10.167471,0</coordinates></LineString></Placemark>
<Placemark><name>Suporte Chave 0302204013</name><styleUrl>#styleDaimonCIRCUITO341TRECHO</styleUrl><LineString><coordinates>-48.849206,-10.138603,0 -48.849203,-10.138521,0</coordinates></LineString></Placemark>
<Placemark><name>Suporte Chave 0302254013</name><styleUrl>#styleDaimonCIRCUITO341TRECHO</styleUrl><LineString><coordinates>-48.814256,-10.150935,0 -48.814258,-10.150938,0</coordinates></LineString></Placemark>
<Placemark><name>Suporte Chave 8800119013</name><styleUrl>#styleDaimonCIRCUITO341TRECHO</styleUrl><LineString><coordinates>-48.888997,-10.166080,0 -48.888997,-10.166081,0</coordinates></LineString></Placemark>
<Placemark><name>Suporte Chave 8801909013</name><styleUrl>#styleDaimonCIRCUITO341TRECHO</styleUrl><LineString><coordinates>-48.885041,-10.155979,0 -48.885031,-10.155976,0</coordinates></LineString></Placemark>
<Placemark><name>Suporte Chave 8000117013</name><styleUrl>#styleDaimonCIRCUITO341TRECHO</styleUrl><LineString><coordinates>-48.889112,-10.166361,0 -48.889108,-10.166363,0</coordinates></LineString></Placemark>
<Placemark><name>Suporte Chave 8802125013</name><styleUrl>#styleDaimonCIRCUITO341TRECHO</styleUrl><LineString><coordinates>-48.889673,-10.163823,0 -48.889661,-10.163783,0</coordinates></LineString></Placemark>
<Placemark><name>Suporte Chave 8836329013</name><styleUrl>#styleDaimonCIRCUITO341TRECHO</styleUrl><LineString><coordinates>-48.884446,-10.155806,0 -48.884449,-10.155806,0</coordinates></LineString></Placemark>
<Placemark><name>Suporte Chave 8862028013</name><styleUrl>#styleDaimonCIRCUITO341TRECHO</styleUrl><LineString><coordinates>-48.874663,-10.160740,0 -48.874660,-10.160742,0</coordinates></LineString></Placemark>
<Placemark><name>Suporte Chave 8862029013</name><styleUrl>#styleDaimonCIRCUITO341TRECHO</styleUrl><LineString><coordinates>-48.889853,-10.152484,0 -48.889857,-10.152484,0</coordinates></LineString></Placemark>
<Placemark><name>Suporte Chave 8802013013</name><styleUrl>#styleDaimonCIRCUITO341TRECHO</styleUrl><LineString><coordinates>-48.886955,-10.153167,0 -48.886982,-10.153159,0</coordinates></LineString></Placemark>
<Placemark><name>Suporte Chave 8862031013</name><styleUrl>#styleDaimonCIRCUITO341TRECHO</styleUrl><LineString><coordinates>-48.876162,-10.165819,0 -48.876166,-10.165820,0</coordinates></LineString></Placemark>
<Placemark><name>Suporte Chave 8862091013</name><styleUrl>#styleDaimonCIRCUITO341TRECHO</styleUrl><LineString><coordinates>-48.897053,-10.178540,0 -48.897056,-10.178542,0</coordinates></LineString></Placemark>
<Placemark><name>Suporte Chave 8845817013</name><styleUrl>#styleDaimonCIRCUITO341TRECHO</styleUrl><LineString><coordinates>-48.888717,-10.161693,0 -48.888735,-10.161730,0</coordinates></LineString></Placemark>
<Placemark><name>Suporte Chave 0301713013</name><styleUrl>#styleDaimonCIRCUITO341TRECHO</styleUrl><LineString><coordinates>-48.829302,-10.158003,0 -48.829301,-10.158005,0</coordinates></LineString></Placemark>
</Folder>
<Folder>
<name>RedeBT</name>
</Folder>
</Folder>
</Document>
</kml>