<?xml version="1.0" encoding="UTF-8"?>
<kml xmlns="http://www.opengis.net/kml/2.2" xmlns:gx="http://www.google.com/kml/ext/2.2" xmlns:kml="http://www.opengis.net/kml/2.2" xmlns:atom="http://www.w3.org/2005/Atom">
<Document>
<open>1</open>
<Style id="styleDaimonBarra0"><IconStyle><scale>1.00</scale><Icon><href>http://maps.google.com/mapfiles/kml/paddle/wht-blank.png</href></Icon><hotSpot x="32" y="1" xunits="pixels" yunits="pixels"/></IconStyle><LabelStyle><color>ffffffff</color><colorMode>normal</colorMode><scale>1.00</scale></LabelStyle><ListStyle><ItemIcon><href>http://maps.google.com/mapfiles/kml/paddle/wht-blank.png</href></ItemIcon></ListStyle></Style>
<Style id="styleDaimonBarra1"><IconStyle><scale>1.00</scale><Icon><href>http://maps.google.com/mapfiles/kml/paddle/wht-blank.png</href></Icon><hotSpot x="32" y="1" xunits="pixels" yunits="pixels"/></IconStyle><LabelStyle><color>ffffffff</color><colorMode>normal</colorMode><scale>1.00</scale></LabelStyle><ListStyle><ItemIcon><href>http://maps.google.com/mapfiles/kml/paddle/wht-blank.png</href></ItemIcon></ListStyle></Style>
<StyleMap id="mapDaimonBarra"><Pair><key>normal</key><styleUrl>#styleDaimonBarra0</styleUrl></Pair><Pair><key>highlight</key><styleUrl>#styleDaimonBarra1</styleUrl></Pair></StyleMap>
<Style id="styleDaimonBarraBT0"><IconStyle><scale>1.00</scale><Icon><href>http://maps.google.com/mapfiles/kml/paddle/wht-blank.png</href></Icon><hotSpot x="32" y="1" xunits="pixels" yunits="pixels"/></IconStyle><LabelStyle><color>ffffffff</color><colorMode>normal</colorMode><scale>1.00</scale></LabelStyle><ListStyle><ItemIcon><href>http://maps.google.com/mapfiles/kml/paddle/wht-blank.png</href></ItemIcon></ListStyle></Style>
<Style id="styleDaimonBarraBT1"><IconStyle><scale>1.00</scale><Icon><href>http://maps.google.com/mapfiles/kml/paddle/wht-blank.png</href></Icon><hotSpot x="32" y="1" xunits="pixels" yunits="pixels"/></IconStyle><LabelStyle><color>ffffffff</color><colorMode>normal</colorMode><scale>1.00</scale></LabelStyle><ListStyle><ItemIcon><href>http://maps.google.com/mapfiles/kml/paddle/wht-blank.png</href></ItemIcon></ListStyle></Style>
<StyleMap id="mapDaimonBarraBT"><Pair><key>normal</key><styleUrl>#styleDaimonBarraBT0</styleUrl></Pair><Pair><key>highlight</key><styleUrl>#styleDaimonBarraBT1</styleUrl></Pair></StyleMap>
<Style id="styleDaimonCapacitor0"><IconStyle><scale>1.00</scale><Icon><href>http://maps.google.com/mapfiles/kml/paddle/purple-blank.png</href></Icon><hotSpot x="32" y="1" xunits="pixels" yunits="pixels"/></IconStyle><LabelStyle><color>ffffffff</color><colorMode>normal</colorMode><scale>1.00</scale></LabelStyle><ListStyle><ItemIcon><href>http://maps.google.com/mapfiles/kml/paddle/purple-blank.png</href></ItemIcon></ListStyle></Style>
<Style id="styleDaimonCapacitor1"><IconStyle><scale>1.00</scale><Icon><href>http://maps.google.com/mapfiles/kml/paddle/purple-blank.png</href></Icon><hotSpot x="32" y="1" xunits="pixels" yunits="pixels"/></IconStyle><LabelStyle><color>ffffffff</color><colorMode>normal</colorMode><scale>1.00</scale></LabelStyle><ListStyle><ItemIcon><href>http://maps.google.com/mapfiles/kml/paddle/purple-blank.png</href></ItemIcon></ListStyle></Style>
<StyleMap id="mapDaimonCapacitor"><Pair><key>normal</key><styleUrl>#styleDaimonCapacitor0</styleUrl></Pair><Pair><key>highlight</key><styleUrl>#styleDaimonCapacitor1</styleUrl></Pair></StyleMap>
<Style id="styleDaimonCapacitorBT0"><IconStyle><scale>1.00</scale><Icon><href>http://maps.google.com/mapfiles/kml/paddle/purple-blank.png</href></Icon><hotSpot x="32" y="1" xunits="pixels" yunits="pixels"/></IconStyle><LabelStyle><color>ffffffff</color><colorMode>normal</colorMode><scale>1.00</scale></LabelStyle><ListStyle><ItemIcon><href>http://maps.google.com/mapfiles/kml/paddle/purple-blank.png</href></ItemIcon></ListStyle></Style>
<Style id="styleDaimonCapacitorBT1"><IconStyle><scale>1.00</scale><Icon><href>http://maps.google.com/mapfiles/kml/paddle/purple-blank.png</href></Icon><hotSpot x="32" y="1" xunits="pixels" yunits="pixels"/></IconStyle><LabelStyle><color>ffffffff</color><colorMode>normal</colorMode><scale>1.00</scale></LabelStyle><ListStyle><ItemIcon><href>http://maps.google.com/mapfiles/kml/paddle/purple-blank.png</href></ItemIcon></ListStyle></Style>
<StyleMap id="mapDaimonCapacitorBT"><Pair><key>normal</key><styleUrl>#styleDaimonCapacitorBT0</styleUrl></Pair><Pair><key>highlight</key><styleUrl>#styleDaimonCapacitorBT1</styleUrl></Pair></StyleMap>
<Style id="styleDaimonCapacitorSerie0"><IconStyle><scale>0.60</scale><Icon><href>http://maps.google.com/mapfiles/kml/paddle/purple-blank.png</href></Icon><hotSpot x="32" y="1" xunits="pixels" yunits="pixels"/></IconStyle><LabelStyle><color>ff00ffff</color><colorMode>normal</colorMode><scale>0.60</scale></LabelStyle><ListStyle><ItemIcon><href>http://maps.google.com/mapfiles/kml/paddle/purple-blank.png</href></ItemIcon></ListStyle></Style>
<Style id="styleDaimonCapacitorSerie1"><IconStyle><scale>0.60</scale><Icon><href>http://maps.google.com/mapfiles/kml/paddle/purple-blank.png</href></Icon><hotSpot x="32" y="1" xunits="pixels" yunits="pixels"/></IconStyle><LabelStyle><color>ff00ffff</color><colorMode>normal</colorMode><scale>0.60</scale></LabelStyle><ListStyle><ItemIcon><href>http://maps.google.com/mapfiles/kml/paddle/purple-blank.png</href></ItemIcon></ListStyle></Style>
<StyleMap id="mapDaimonCapacitorSerie"><Pair><key>normal</key><styleUrl>#styleDaimonCapacitorSerie0</styleUrl></Pair><Pair><key>highlight</key><styleUrl>#styleDaimonCapacitorSerie1</styleUrl></Pair></StyleMap>
<Style id="styleDaimonChave0"><IconStyle><scale>0.60</scale><Icon><href>http://maps.google.com/mapfiles/kml/paddle/red-circle.png</href></Icon><hotSpot x="32" y="1" xunits="pixels" yunits="pixels"/></IconStyle><LabelStyle><color>ff0000ff</color><colorMode>normal</colorMode><scale>0.60</scale></LabelStyle><ListStyle><ItemIcon><href>http://maps.google.com/mapfiles/kml/paddle/red-circle.png</href></ItemIcon></ListStyle></Style>
<Style id="styleDaimonChave1"><IconStyle><scale>0.60</scale><Icon><href>http://maps.google.com/mapfiles/kml/paddle/red-circle.png</href></Icon><hotSpot x="32" y="1" xunits="pixels" yunits="pixels"/></IconStyle><LabelStyle><color>ff0000ff</color><colorMode>normal</colorMode><scale>0.60</scale></LabelStyle><ListStyle><ItemIcon><href>http://maps.google.com/mapfiles/kml/paddle/red-circle.png</href></ItemIcon></ListStyle></Style>
<StyleMap id="mapDaimonChave"><Pair><key>normal</key><styleUrl>#styleDaimonChave0</styleUrl></Pair><Pair><key>highlight</key><styleUrl>#styleDaimonChave1</styleUrl></Pair></StyleMap>
<Style id="styleDaimonEP0"><IconStyle><scale>0.80</scale><Icon><href>http://maps.google.com/mapfiles/kml/paddle/ylw-circle.png</href></Icon><hotSpot x="32" y="1" xunits="pixels" yunits="pixels"/></IconStyle><LabelStyle><color>ff00ffff</color><colorMode>normal</colorMode><scale>0.80</scale></LabelStyle><ListStyle><ItemIcon><href>http://maps.google.com/mapfiles/kml/paddle/ylw-circle.png</href></ItemIcon></ListStyle></Style>
<Style id="styleDaimonEP1"><IconStyle><scale>0.80</scale><Icon><href>http://maps.google.com/mapfiles/kml/paddle/ylw-circle.png</href></Icon><hotSpot x="32" y="1" xunits="pixels" yunits="pixels"/></IconStyle><LabelStyle><color>ff00ffff</color><colorMode>normal</colorMode><scale>0.80</scale></LabelStyle><ListStyle><ItemIcon><href>http://maps.google.com/mapfiles/kml/paddle/ylw-circle.png</href></ItemIcon></ListStyle></Style>
<StyleMap id="mapDaimonEP"><Pair><key>normal</key><styleUrl>#styleDaimonEP0</styleUrl></Pair><Pair><key>highlight</key><styleUrl>#styleDaimonEP1</styleUrl></Pair></StyleMap>
<Style id="styleDaimonET0"><IconStyle><scale>0.80</scale><Icon><href>http://maps.google.com/mapfiles/kml/paddle/blu-blank.png</href></Icon><hotSpot x="32" y="1" xunits="pixels" yunits="pixels"/></IconStyle><LabelStyle><color>ffffff00</color><colorMode>normal</colorMode><scale>0.80</scale></LabelStyle><ListStyle><ItemIcon><href>http://maps.google.com/mapfiles/kml/paddle/blu-blank.png</href></ItemIcon></ListStyle></Style>
<Style id="styleDaimonET1"><IconStyle><scale>0.80</scale><Icon><href>http://maps.google.com/mapfiles/kml/paddle/blu-blank.png</href></Icon><hotSpot x="32" y="1" xunits="pixels" yunits="pixels"/></IconStyle><LabelStyle><color>ffffff00</color><colorMode>normal</colorMode><scale>0.80</scale></LabelStyle><ListStyle><ItemIcon><href>http://maps.google.com/mapfiles/kml/paddle/blu-blank.png</href></ItemIcon></ListStyle></Style>
<StyleMap id="mapDaimonET"><Pair><key>normal</key><styleUrl>#styleDaimonET0</styleUrl></Pair><Pair><key>highlight</key><styleUrl>#styleDaimonET1</styleUrl></Pair></StyleMap>
<Style id="styleDaimonGerador0"><IconStyle><scale>1.00</scale><Icon><href>http://maps.google.com/mapfiles/kml/paddle/orange-diamond.png</href></Icon><hotSpot x="32" y="1" xunits="pixels" yunits="pixels"/></IconStyle><LabelStyle><color>ffffffff</color><colorMode>normal</colorMode><scale>1.00</scale></LabelStyle><ListStyle><ItemIcon><href>http://maps.google.com/mapfiles/kml/paddle/orange-diamond.png</href></ItemIcon></ListStyle></Style>
<Style id="styleDaimonGerador1"><IconStyle><scale>1.00</scale><Icon><href>http://maps.google.com/mapfiles/kml/paddle/orange-diamond.png</href></Icon><hotSpot x="32" y="1" xunits="pixels" yunits="pixels"/></IconStyle><LabelStyle><color>ffffffff</color><colorMode>normal</colorMode><scale>1.00</scale></LabelStyle><ListStyle><ItemIcon><href>http://maps.google.com/mapfiles/kml/paddle/orange-diamond.png</href></ItemIcon></ListStyle></Style>
<StyleMap id="mapDaimonGerador"><Pair><key>normal</key><styleUrl>#styleDaimonGerador0</styleUrl></Pair><Pair><key>highlight</key><styleUrl>#styleDaimonGerador1</styleUrl></Pair></StyleMap>
<Style id="styleDaimonReator0"><IconStyle><scale>1.00</scale><Icon><href>http://maps.google.com/mapfiles/kml/paddle/wht-square.png</href></Icon><hotSpot x="32" y="1" xunits="pixels" yunits="pixels"/></IconStyle><LabelStyle><color>ff00ffff</color><colorMode>normal</colorMode><scale>1.00</scale></LabelStyle><ListStyle><ItemIcon><href>http://maps.google.com/mapfiles/kml/paddle/wht-square.png</href></ItemIcon></ListStyle></Style>
<Style id="styleDaimonReator1"><IconStyle><scale>1.00</scale><Icon><href>http://maps.google.com/mapfiles/kml/paddle/wht-square.png</href></Icon><hotSpot x="32" y="1" xunits="pixels" yunits="pixels"/></IconStyle><LabelStyle><color>ff00ffff</color><colorMode>normal</colorMode><scale>1.00</scale></LabelStyle><ListStyle><ItemIcon><href>http://maps.google.com/mapfiles/kml/paddle/wht-square.png</href></ItemIcon></ListStyle></Style>
<StyleMap id="mapDaimonReator"><Pair><key>normal</key><styleUrl>#styleDaimonReator0</styleUrl></Pair><Pair><key>highlight</key><styleUrl>#styleDaimonReator1</styleUrl></Pair></StyleMap>
<Style id="styleDaimonRegulador0"><IconStyle><scale>1.00</scale><Icon><href>http://maps.google.com/mapfiles/kml/paddle/orange-diamond.png</href></Icon><hotSpot x="32" y="1" xunits="pixels" yunits="pixels"/></IconStyle><LabelStyle><color>ff00a5ff</color><colorMode>normal</colorMode><scale>1.00</scale></LabelStyle><ListStyle><ItemIcon><href>http://maps.google.com/mapfiles/kml/paddle/orange-diamond.png</href></ItemIcon></ListStyle></Style>
<Style id="styleDaimonRegulador1"><IconStyle><scale>1.00</scale><Icon><href>http://maps.google.com/mapfiles/kml/paddle/orange-diamond.png</href></Icon><hotSpot x="32" y="1" xunits="pixels" yunits="pixels"/></IconStyle><LabelStyle><color>ff00a5ff</color><colorMode>normal</colorMode><scale>1.00</scale></LabelStyle><ListStyle><ItemIcon><href>http://maps.google.com/mapfiles/kml/paddle/orange-diamond.png</href></ItemIcon></ListStyle></Style>
<StyleMap id="mapDaimonRegulador"><Pair><key>normal</key><styleUrl>#styleDaimonRegulador0</styleUrl></Pair><Pair><key>highlight</key><styleUrl>#styleDaimonRegulador1</styleUrl></Pair></StyleMap>
<Style id="styleDaimonTransformador0"><IconStyle><scale>1.00</scale><Icon><href>http://maps.google.com/mapfiles/kml/paddle/pink-circle.png</href></Icon><hotSpot x="32" y="1" xunits="pixels" yunits="pixels"/></IconStyle><LabelStyle><color>ffff00ff</color><colorMode>normal</colorMode><scale>1.00</scale></LabelStyle><ListStyle><ItemIcon><href>http://maps.google.com/mapfiles/kml/paddle/pink-circle.png</href></ItemIcon></ListStyle></Style>
<Style id="styleDaimonTransformador1"><IconStyle><scale>1.00</scale><Icon><href>http://maps.google.com/mapfiles/kml/paddle/pink-circle.png</href></Icon><hotSpot x="32" y="1" xunits="pixels" yunits="pixels"/></IconStyle><LabelStyle><color>ffff00ff</color><colorMode>normal</colorMode><scale>1.00</scale></LabelStyle><ListStyle><ItemIcon><href>http://maps.google.com/mapfiles/kml/paddle/pink-circle.png</href></ItemIcon></ListStyle></Style>
<StyleMap id="mapDaimonTransformador"><Pair><key>normal</key><styleUrl>#styleDaimonTransformador0</styleUrl></Pair><Pair><key>highlight</key><styleUrl>#styleDaimonTransformador1</styleUrl></Pair></StyleMap>
<Style id="styleDaimonTrecho"><LineStyle><color>ffffffff</color><width>1.00</width></LineStyle></Style>
<Style id="styleDaimonTrechoBT"><LineStyle><color>ffff0000</color><width>1.00</width></LineStyle></Style>
<Style id="styleDaimonChaveNA0"><IconStyle><scale>0.60</scale><Icon><href>http://maps.google.com/mapfiles/kml/paddle/grn-blank.png</href></Icon><hotSpot x="32" y="1" xunits="pixels" yunits="pixels"/></IconStyle><LabelStyle><color>ff00ff00</color><colorMode>normal</colorMode><scale>0.60</scale></LabelStyle><ListStyle><ItemIcon><href>http://maps.google.com/mapfiles/kml/paddle/grn-blank.png</href></ItemIcon></ListStyle></Style>
<Style id="styleDaimonChaveNA1"><IconStyle><scale>0.60</scale><Icon><href>http://maps.google.com/mapfiles/kml/paddle/grn-blank.png</href></Icon><hotSpot x="32" y="1" xunits="pixels" yunits="pixels"/></IconStyle><LabelStyle><color>ff00ff00</color><colorMode>normal</colorMode><scale>0.60</scale></LabelStyle><ListStyle><ItemIcon><href>http://maps.google.com/mapfiles/kml/paddle/grn-blank.png</href></ItemIcon></ListStyle></Style>
<StyleMap id="mapDaimonChaveNA"><Pair><key>normal</key><styleUrl>#styleDaimonChaveNA0</styleUrl></Pair><Pair><key>highlight</key><styleUrl>#styleDaimonChaveNA1</styleUrl></Pair></StyleMap>
<Style id="styleDaimonChaveSoco0"><IconStyle><scale>0.60</scale><Icon><href>http://maps.google.com/mapfiles/kml/paddle/grn-blank.png</href></Icon><hotSpot x="32" y="1" xunits="pixels" yunits="pixels"/></IconStyle><LabelStyle><color>ff00ff00</color><colorMode>normal</colorMode><scale>0.60</scale></LabelStyle><ListStyle><ItemIcon><href>http://maps.google.com/mapfiles/kml/paddle/grn-blank.png</href></ItemIcon></ListStyle></Style>
<Style id="styleDaimonChaveSoco1"><IconStyle><scale>0.60</scale><Icon><href>http://maps.google.com/mapfiles/kml/paddle/grn-blank.png</href></Icon><hotSpot x="32" y="1" xunits="pixels" yunits="pixels"/></IconStyle><LabelStyle><color>ff00ff00</color><colorMode>normal</colorMode><scale>0.60</scale></LabelStyle><ListStyle><ItemIcon><href>http://maps.google.com/mapfiles/kml/paddle/grn-blank.png</href></ItemIcon></ListStyle></Style>
<StyleMap id="mapDaimonChaveSoco"><Pair><key>normal</key><styleUrl>#styleDaimonChaveSoco0</styleUrl></Pair><Pair><key>highlight</key><styleUrl>#styleDaimonChaveSoco1</styleUrl></Pair></StyleMap>
<Style id="styleDaimonSE0"><IconStyle><scale>1.20</scale><Icon><href>http://maps.google.com/mapfiles/kml/paddle/wht-circle.png</href></Icon><hotSpot x="32" y="1" xunits="pixels" yunits="pixels"/></IconStyle><LabelStyle><color>ffffffff</color><colorMode>normal</colorMode><scale>1.20</scale></LabelStyle><ListStyle><ItemIcon><href>http://maps.google.com/mapfiles/kml/paddle/wht-circle.png</href></ItemIcon></ListStyle></Style>
<Style id="styleDaimonSE1"><IconStyle><scale>1.20</scale><Icon><href>http://maps.google.com/mapfiles/kml/paddle/wht-circle.png</href></Icon><hotSpot x="32" y="1" xunits="pixels" yunits="pixels"/></IconStyle><LabelStyle><color>ffffffff</color><colorMode>normal</colorMode><scale>1.20</scale></LabelStyle><ListStyle><ItemIcon><href>http://maps.google.com/mapfiles/kml/paddle/wht-circle.png</href></ItemIcon></ListStyle></Style>
<StyleMap id="mapDaimonSE"><Pair><key>normal</key><styleUrl>#styleDaimonSE0</styleUrl></Pair><Pair><key>highlight</key><styleUrl>#styleDaimonSE1</styleUrl></Pair></StyleMap>
<Style id="styleDaimonDiag_BOM"><LineStyle><color>ff80ff80</color><width>3.20</width></LineStyle></Style>
<Style id="styleDaimonDiag_REGULAR"><LineStyle><color>ff00ffff</color><width>3.20</width></LineStyle></Style>
<Style id="styleDaimonDiag_RUIM"><LineStyle><color>ff0000ff</color><width>3.20</width></LineStyle></Style>
<Style id="styleDaimonDiag_INDEF"><LineStyle><color>ff808080</color><width>3.20</width></LineStyle></Style>
<Style id="styleDaimonDiag_BARRA_BOM0"><IconStyle><scale>0.60</scale><Icon><href>http://maps.google.com/mapfiles/kml/paddle/grn-blank.png</href></Icon><hotSpot x="32" y="1" xunits="pixels" yunits="pixels"/></IconStyle><LabelStyle><color>ffffffff</color><colorMode>normal</colorMode><scale>0.60</scale></LabelStyle><ListStyle><ItemIcon><href>http://maps.google.com/mapfiles/kml/paddle/grn-blank.png</href></ItemIcon></ListStyle></Style>
<Style id="styleDaimonDiag_BARRA_BOM1"><IconStyle><scale>0.60</scale><Icon><href>http://maps.google.com/mapfiles/kml/paddle/grn-blank.png</href></Icon><hotSpot x="32" y="1" xunits="pixels" yunits="pixels"/></IconStyle><LabelStyle><color>ffffffff</color><colorMode>normal</colorMode><scale>0.60</scale></LabelStyle><ListStyle><ItemIcon><href>http://maps.google.com/mapfiles/kml/paddle/grn-blank.png</href></ItemIcon></ListStyle></Style>
<StyleMap id="mapDaimonDiag_BARRA_BOM"><Pair><key>normal</key><styleUrl>#styleDaimonDiag_BARRA_BOM0</styleUrl></Pair><Pair><key>highlight</key><styleUrl>#styleDaimonDiag_BARRA_BOM1</styleUrl></Pair></StyleMap>
<Style id="styleDaimonDiag_BARRA_REGULAR0"><IconStyle><scale>0.60</scale><Icon><href>http://maps.google.com/mapfiles/kml/paddle/ylw-blank.png</href></Icon><hotSpot x="32" y="1" xunits="pixels" yunits="pixels"/></IconStyle><LabelStyle><color>ffffffff</color><colorMode>normal</colorMode><scale>0.60</scale></LabelStyle><ListStyle><ItemIcon><href>http://maps.google.com/mapfiles/kml/paddle/ylw-blank.png</href></ItemIcon></ListStyle></Style>
<Style id="styleDaimonDiag_BARRA_REGULAR1"><IconStyle><scale>0.60</scale><Icon><href>http://maps.google.com/mapfiles/kml/paddle/ylw-blank.png</href></Icon><hotSpot x="32" y="1" xunits="pixels" yunits="pixels"/></IconStyle><LabelStyle><color>ffffffff</color><colorMode>normal</colorMode><scale>0.60</scale></LabelStyle><ListStyle><ItemIcon><href>http://maps.google.com/mapfiles/kml/paddle/ylw-blank.png</href></ItemIcon></ListStyle></Style>
<StyleMap id="mapDaimonDiag_BARRA_REGULAR"><Pair><key>normal</key><styleUrl>#styleDaimonDiag_BARRA_REGULAR0</styleUrl></Pair><Pair><key>highlight</key><styleUrl>#styleDaimonDiag_BARRA_REGULAR1</styleUrl></Pair></StyleMap>
<Style id="styleDaimonDiag_BARRA_RUIM0"><IconStyle><scale>0.60</scale><Icon><href>http://maps.google.com/mapfiles/kml/paddle/red-blank.png</href></Icon><hotSpot x="32" y="1" xunits="pixels" yunits="pixels"/></IconStyle><LabelStyle><color>ffffffff</color><colorMode>normal</colorMode><scale>0.60</scale></LabelStyle><ListStyle><ItemIcon><href>http://maps.google.com/mapfiles/kml/paddle/red-blank.png</href></ItemIcon></ListStyle></Style>
<Style id="styleDaimonDiag_BARRA_RUIM1"><IconStyle><scale>0.60</scale><Icon><href>http://maps.google.com/mapfiles/kml/paddle/red-blank.png</href></Icon><hotSpot x="32" y="1" xunits="pixels" yunits="pixels"/></IconStyle><LabelStyle><color>ffffffff</color><colorMode>normal</colorMode><scale>0.60</scale></LabelStyle><ListStyle><ItemIcon><href>http://maps.google.com/mapfiles/kml/paddle/red-blank.png</href></ItemIcon></ListStyle></Style>
<StyleMap id="mapDaimonDiag_BARRA_RUIM"><Pair><key>normal</key><styleUrl>#styleDaimonDiag_BARRA_RUIM0</styleUrl></Pair><Pair><key>highlight</key><styleUrl>#styleDaimonDiag_BARRA_RUIM1</styleUrl></Pair></StyleMap>
<Style id="styleDaimonDiag_BARRA_INDEF0"><IconStyle><scale>0.60</scale><Icon><href>http://maps.google.com/mapfiles/kml/paddle/wht-blank.png</href></Icon><hotSpot x="32" y="1" xunits="pixels" yunits="pixels"/></IconStyle><LabelStyle><color>ffffffff</color><colorMode>normal</colorMode><scale>0.60</scale></LabelStyle><ListStyle><ItemIcon><href>http://maps.google.com/mapfiles/kml/paddle/wht-blank.png</href></ItemIcon></ListStyle></Style>
<Style id="styleDaimonDiag_BARRA_INDEF1"><IconStyle><scale>0.60</scale><Icon><href>http://maps.google.com/mapfiles/kml/paddle/wht-blank.png</href></Icon><hotSpot x="32" y="1" xunits="pixels" yunits="pixels"/></IconStyle><LabelStyle><color>ffffffff</color><colorMode>normal</colorMode><scale>0.60</scale></LabelStyle><ListStyle><ItemIcon><href>http://maps.google.com/mapfiles/kml/paddle/wht-blank.png</href></ItemIcon></ListStyle></Style>
<StyleMap id="mapDaimonDiag_BARRA_INDEF"><Pair><key>normal</key><styleUrl>#styleDaimonDiag_BARRA_INDEF0</styleUrl></Pair><Pair><key>highlight</key><styleUrl>#styleDaimonDiag_BARRA_INDEF1</styleUrl></Pair></StyleMap>
<Style id="styleDaimonMONO"><LineStyle><color>ff0000ff</color><width>2.00</width></LineStyle></Style>
<Style id="styleDaimonBI"><LineStyle><color>ff00ff00</color><width>2.00</width></LineStyle></Style>
<Style id="styleDaimonTRI"><LineStyle><color>ffff0000</color><width>2.00</width></LineStyle></Style>
<Style id="styleDaimonMONO_BT"><LineStyle><color>ffffff00</color><width>1.00</width></LineStyle></Style>
<Style id="styleDaimonBI_BT"><LineStyle><color>ffff00ff</color><width>1.00</width></LineStyle></Style>
<Style id="styleDaimonTRI_BT"><LineStyle><color>ff00ffff</color><width>1.00</width></LineStyle></Style>
<Style id="styleDaimonCIRCUITO293TRECHO"><LineStyle><color>ff0080ff</color><width>2.00</width></LineStyle></Style>
<Style id="styleDaimonFolderCirc_AL03059122"><ListStyle><bgColor>ff0080ff</bgColor></ListStyle></Style>
<Folder>
<name>Circ_AL03059122</name>
<styleUrl>#styleDaimonFolderCirc_AL03059122</styleUrl><Folder>
<name>Capacitor</name>
<visibility>0</visibility>
<Placemark><name>5900344122</name><visibility>0</visibility><LookAt><longitude>-48.324734</longitude><latitude>-10.185708</latitude><altitude>1200.0</altitude><altitudeMode>absolute</altitudeMode></LookAt><styleUrl>#mapDaimonCapacitor</styleUrl><Point><coordinates>-48.324734,-10.185708,0</coordinates></Point></Placemark>
</Folder>
<Folder>
<name>CapacitorSerie</name>
<visibility>0</visibility>
</Folder>
<Folder>
<name>Chave</name>
<visibility>0</visibility>
<Placemark><name>DJ_AL03059122_FICT</name><visibility>0</visibility><LookAt><longitude>-48.309574</longitude><latitude>-10.204173</latitude><altitude>1200.0</altitude><altitudeMode>absolute</altitudeMode></LookAt><styleUrl>#mapDaimonChave</styleUrl><Point><coordinates>-48.309574,-10.204173,0</coordinates></Point></Placemark>
<Placemark><name>8800315122</name><visibility>0</visibility><LookAt><longitude>-48.309976</longitude><latitude>-10.203823</latitude><altitude>1200.0</altitude><altitudeMode>absolute</altitudeMode></LookAt><styleUrl>#mapDaimonChave</styleUrl><Point><coordinates>-48.309976,-10.203823,0</coordinates></Point></Placemark>
<Placemark><name>8809583122</name><visibility>0</visibility><LookAt><longitude>-48.310079</longitude><latitude>-10.198009</latitude><altitude>1200.0</altitude><altitudeMode>absolute</altitudeMode></LookAt><styleUrl>#mapDaimonChave</styleUrl><Point><coordinates>-48.310079,-10.198009,0</coordinates></Point></Placemark>
<Placemark><name>0300318122</name><visibility>0</visibility><LookAt><longitude>-48.311188</longitude><latitude>-10.197544</latitude><altitude>1200.0</altitude><altitudeMode>absolute</altitudeMode></LookAt><styleUrl>#mapDaimonChave</styleUrl><Point><coordinates>-48.311188,-10.197544,0</coordinates></Point></Placemark>
<Placemark><name>8800319122</name><visibility>0</visibility><LookAt><longitude>-48.313873</longitude><latitude>-10.196859</latitude><altitude>1200.0</altitude><altitudeMode>absolute</altitudeMode></LookAt><styleUrl>#mapDaimonChave</styleUrl><Point><coordinates>-48.313873,-10.196859,0</coordinates></Point></Placemark>
<Placemark><name>0300320122</name><visibility>0</visibility><LookAt><longitude>-48.314189</longitude><latitude>-10.194683</latitude><altitude>1200.0</altitude><altitudeMode>absolute</altitudeMode></LookAt><styleUrl>#mapDaimonChave</styleUrl><Point><coordinates>-48.314189,-10.194683,0</coordinates></Point></Placemark>
<Placemark><name>8800014122</name><visibility>0</visibility><LookAt><longitude>-48.314533</longitude><latitude>-10.191956</latitude><altitude>1200.0</altitude><altitudeMode>absolute</altitudeMode></LookAt><styleUrl>#mapDaimonChave</styleUrl><Point><coordinates>-48.314533,-10.191956,0</coordinates></Point></Placemark>
<Placemark><name>0203000122</name><visibility>0</visibility><LookAt><longitude>-48.314396</longitude><latitude>-10.195091</latitude><altitude>1200.0</altitude><altitudeMode>absolute</altitudeMode></LookAt><styleUrl>#mapDaimonChave</styleUrl><Point><coordinates>-48.314396,-10.195091,0</coordinates></Point></Placemark>
<Placemark><name>8804187122</name><visibility>0</visibility><LookAt><longitude>-48.318848</longitude><latitude>-10.192006</latitude><altitude>1200.0</altitude><altitudeMode>absolute</altitudeMode></LookAt><styleUrl>#mapDaimonChave</styleUrl><Point><coordinates>-48.318848,-10.192006,0</coordinates></Point></Placemark>
<Placemark><name>8803445122</name><visibility>0</visibility><LookAt><longitude>-48.319990</longitude><latitude>-10.192037</latitude><altitude>1200.0</altitude><altitudeMode>absolute</altitudeMode></LookAt><styleUrl>#mapDaimonChave</styleUrl><Point><coordinates>-48.319990,-10.192037,0</coordinates></Point></Placemark>
<Placemark><name>8800331122</name><visibility>0</visibility><LookAt><longitude>-48.318556</longitude><latitude>-10.191758</latitude><altitude>1200.0</altitude><altitudeMode>absolute</altitudeMode></LookAt><styleUrl>#mapDaimonChave</styleUrl><Point><coordinates>-48.318556,-10.191758,0</coordinates></Point></Placemark>
<Placemark><name>0300352122</name><visibility>0</visibility><LookAt><longitude>-48.321958</longitude><latitude>-10.191234</latitude><altitude>1200.0</altitude><altitudeMode>absolute</altitudeMode></LookAt><styleUrl>#mapDaimonChave</styleUrl><Point><coordinates>-48.321958,-10.191234,0</coordinates></Point></Placemark>
<Placemark><name>0300032122</name><visibility>0</visibility><LookAt><longitude>-48.318732</longitude><latitude>-10.188331</latitude><altitude>1200.0</altitude><altitudeMode>absolute</altitudeMode></LookAt><styleUrl>#mapDaimonChave</styleUrl><Point><coordinates>-48.318732,-10.188331,0</coordinates></Point></Placemark>
<Placemark><name>0300336122</name><visibility>0</visibility><LookAt><longitude>-48.322006</longitude><latitude>-10.192353</latitude><altitude>1200.0</altitude><altitudeMode>absolute</altitudeMode></LookAt><styleUrl>#mapDaimonChave</styleUrl><Point><coordinates>-48.322006,-10.192353,0</coordinates></Point></Placemark>
<Placemark><name>9000333122</name><visibility>0</visibility><LookAt><longitude>-48.323891</longitude><latitude>-10.192024</latitude><altitude>1200.0</altitude><altitudeMode>absolute</altitudeMode></LookAt><styleUrl>#mapDaimonChave</styleUrl><Point><coordinates>-48.323891,-10.192024,0</coordinates></Point></Placemark>
<Placemark><name>0203444122</name><visibility>0</visibility><LookAt><longitude>-48.323130</longitude><latitude>-10.192028</latitude><altitude>1200.0</altitude><altitudeMode>absolute</altitudeMode></LookAt><styleUrl>#mapDaimonChave</styleUrl><Point><coordinates>-48.323130,-10.192028,0</coordinates></Point></Placemark>
<Placemark><name>0303301122</name><visibility>0</visibility><LookAt><longitude>-48.318070</longitude><latitude>-10.191753</latitude><altitude>1200.0</altitude><altitudeMode>absolute</altitudeMode></LookAt><styleUrl>#mapDaimonChave</styleUrl><Point><coordinates>-48.318070,-10.191753,0</coordinates></Point></Placemark>
<Placemark><name>0206108122</name><visibility>0</visibility><LookAt><longitude>-48.320025</longitude><latitude>-10.190482</latitude><altitude>1200.0</altitude><altitudeMode>absolute</altitudeMode></LookAt><styleUrl>#mapDaimonChave</styleUrl><Point><coordinates>-48.320025,-10.190482,0</coordinates></Point></Placemark>
<Placemark><name>0219627122</name><visibility>0</visibility><LookAt><longitude>-48.319947</longitude><latitude>-10.187562</latitude><altitude>1200.0</altitude><altitudeMode>absolute</altitudeMode></LookAt><styleUrl>#mapDaimonChave</styleUrl><Point><coordinates>-48.319947,-10.187562,0</coordinates></Point></Placemark>
<Placemark><name>0323573122</name><visibility>0</visibility><LookAt><longitude>-48.319983</longitude><latitude>-10.190878</latitude><altitude>1200.0</altitude><altitudeMode>absolute</altitudeMode></LookAt><styleUrl>#mapDaimonChave</styleUrl><Point><coordinates>-48.319983,-10.190878,0</coordinates></Point></Placemark>
<Placemark><name>0204416122</name><visibility>0</visibility><LookAt><longitude>-48.319967</longitude><latitude>-10.191198</latitude><altitude>1200.0</altitude><altitudeMode>absolute</altitudeMode></LookAt><styleUrl>#mapDaimonChave</styleUrl><Point><coordinates>-48.319967,-10.191198,0</coordinates></Point></Placemark>
<Placemark><name>0305426122</name><visibility>0</visibility><LookAt><longitude>-48.321539</longitude><latitude>-10.191031</latitude><altitude>1200.0</altitude><altitudeMode>absolute</altitudeMode></LookAt><styleUrl>#mapDaimonChave</styleUrl><Point><coordinates>-48.321539,-10.191031,0</coordinates></Point></Placemark>
<Placemark><name>8807171122</name><visibility>0</visibility><LookAt><longitude>-48.315668</longitude><latitude>-10.190561</latitude><altitude>1200.0</altitude><altitudeMode>absolute</altitudeMode></LookAt><styleUrl>#mapDaimonChave</styleUrl><Point><coordinates>-48.315668,-10.190561,0</coordinates></Point></Placemark>
<Placemark><name>0200036122</name><visibility>0</visibility><LookAt><longitude>-48.316378</longitude><latitude>-10.190575</latitude><altitude>1200.0</altitude><altitudeMode>absolute</altitudeMode></LookAt><styleUrl>#mapDaimonChave</styleUrl><Point><coordinates>-48.316378,-10.190575,0</coordinates></Point></Placemark>
<Placemark><name>0200035122</name><visibility>0</visibility><LookAt><longitude>-48.317264</longitude><latitude>-10.190759</latitude><altitude>1200.0</altitude><altitudeMode>absolute</altitudeMode></LookAt><styleUrl>#mapDaimonChave</styleUrl><Point><coordinates>-48.317264,-10.190759,0</coordinates></Point></Placemark>
<Placemark><name>7907468122</name><visibility>0</visibility><LookAt><longitude>-48.323912</longitude><latitude>-10.192041</latitude><altitude>1200.0</altitude><altitudeMode>absolute</altitudeMode></LookAt><styleUrl>#mapDaimonChave</styleUrl><Point><coordinates>-48.323912,-10.192041,0</coordinates></Point></Placemark>
<Placemark><name>0302754122</name><visibility>0</visibility><LookAt><longitude>-48.314705</longitude><latitude>-10.190564</latitude><altitude>1200.0</altitude><altitudeMode>absolute</altitudeMode></LookAt><styleUrl>#mapDaimonChave</styleUrl><Point><coordinates>-48.314705,-10.190564,0</coordinates></Point></Placemark>
<Placemark><name>0307508122</name><visibility>0</visibility><LookAt><longitude>-48.314416</longitude><latitude>-10.191187</latitude><altitude>1200.0</altitude><altitudeMode>absolute</altitudeMode></LookAt><styleUrl>#mapDaimonChave</styleUrl><Point><coordinates>-48.314416,-10.191187,0</coordinates></Point></Placemark>
<Placemark><name>0303455122</name><visibility>0</visibility><LookAt><longitude>-48.314994</longitude><latitude>-10.190560</latitude><altitude>1200.0</altitude><altitudeMode>absolute</altitudeMode></LookAt><styleUrl>#mapDaimonChave</styleUrl><Point><coordinates>-48.314994,-10.190560,0</coordinates></Point></Placemark>
<Placemark><name>0303819122</name><visibility>0</visibility><LookAt><longitude>-48.315293</longitude><latitude>-10.190560</latitude><altitude>1200.0</altitude><altitudeMode>absolute</altitudeMode></LookAt><styleUrl>#mapDaimonChave</styleUrl><Point><coordinates>-48.315293,-10.190560,0</coordinates></Point></Placemark>
<Placemark><name>9000334122</name><visibility>0</visibility><LookAt><longitude>-48.323933</longitude><latitude>-10.192040</latitude><altitude>1200.0</altitude><altitudeMode>absolute</altitudeMode></LookAt><styleUrl>#mapDaimonChave</styleUrl><Point><coordinates>-48.323933,-10.192040,0</coordinates></Point></Placemark>
<Placemark><name>8800333122</name><visibility>0</visibility><LookAt><longitude>-48.324046</longitude><latitude>-10.192024</latitude><altitude>1200.0</altitude><altitudeMode>absolute</altitudeMode></LookAt><styleUrl>#mapDaimonChave</styleUrl><Point><coordinates>-48.324046,-10.192024,0</coordinates></Point></Placemark>
<Placemark><name>9007731122</name><visibility>0</visibility><LookAt><longitude>-48.324627</longitude><latitude>-10.192468</latitude><altitude>1200.0</altitude><altitudeMode>absolute</altitudeMode></LookAt><styleUrl>#mapDaimonChave</styleUrl><Point><coordinates>-48.324627,-10.192468,0</coordinates></Point></Placemark>
<Placemark><name>8801063122</name><visibility>0</visibility><LookAt><longitude>-48.324725</longitude><latitude>-10.189110</latitude><altitude>1200.0</altitude><altitudeMode>absolute</altitudeMode></LookAt><styleUrl>#mapDaimonChave</styleUrl><Point><coordinates>-48.324725,-10.189110,0</coordinates></Point></Placemark>
<Placemark><name>8802931122</name><visibility>0</visibility><LookAt><longitude>-48.324764</longitude><latitude>-10.184870</latitude><altitude>1200.0</altitude><altitudeMode>absolute</altitudeMode></LookAt><styleUrl>#mapDaimonChave</styleUrl><Point><coordinates>-48.324764,-10.184870,0</coordinates></Point></Placemark>
<Placemark><name>0204444122</name><visibility>0</visibility><LookAt><longitude>-48.324756</longitude><latitude>-10.185856</latitude><altitude>1200.0</altitude><altitudeMode>absolute</altitudeMode></LookAt><styleUrl>#mapDaimonChave</styleUrl><Point><coordinates>-48.324756,-10.185856,0</coordinates></Point></Placemark>
<Placemark><name>0300344122</name><visibility>0</visibility><LookAt><longitude>-48.324744</longitude><latitude>-10.185722</latitude><altitude>1200.0</altitude><altitudeMode>absolute</altitudeMode></LookAt><styleUrl>#mapDaimonChave</styleUrl><Point><coordinates>-48.324744,-10.185722,0</coordinates></Point></Placemark>
<Placemark><name>0300370122</name><visibility>0</visibility><LookAt><longitude>-48.324971</longitude><latitude>-10.187328</latitude><altitude>1200.0</altitude><altitudeMode>absolute</altitudeMode></LookAt><styleUrl>#mapDaimonChave</styleUrl><Point><coordinates>-48.324971,-10.187328,0</coordinates></Point></Placemark>
<Placemark><name>9007592122</name><visibility>0</visibility><LookAt><longitude>-48.324663</longitude><latitude>-10.184842</latitude><altitude>1200.0</altitude><altitudeMode>absolute</altitudeMode></LookAt><styleUrl>#mapDaimonChave</styleUrl><Point><coordinates>-48.324663,-10.184842,0</coordinates></Point></Placemark>
<Placemark><name>8805407122</name><visibility>0</visibility><LookAt><longitude>-48.324466</longitude><latitude>-10.188315</latitude><altitude>1200.0</altitude><altitudeMode>absolute</altitudeMode></LookAt><styleUrl>#mapDaimonChave</styleUrl><Point><coordinates>-48.324466,-10.188315,0</coordinates></Point></Placemark>
<Placemark><name>0203762122</name><visibility>0</visibility><LookAt><longitude>-48.324762</longitude><latitude>-10.185539</latitude><altitude>1200.0</altitude><altitudeMode>absolute</altitudeMode></LookAt><styleUrl>#mapDaimonChave</styleUrl><Point><coordinates>-48.324762,-10.185539,0</coordinates></Point></Placemark>
<Placemark><name>0326004122</name><visibility>0</visibility><LookAt><longitude>-48.324702</longitude><latitude>-10.187876</latitude><altitude>1200.0</altitude><altitudeMode>absolute</altitudeMode></LookAt><styleUrl>#mapDaimonChave</styleUrl><Point><coordinates>-48.324702,-10.187876,0</coordinates></Point></Placemark>
<Placemark><name>0303645122</name><visibility>0</visibility><LookAt><longitude>-48.325111</longitude><latitude>-10.184778</latitude><altitude>1200.0</altitude><altitudeMode>absolute</altitudeMode></LookAt><styleUrl>#mapDaimonChave</styleUrl><Point><coordinates>-48.325111,-10.184778,0</coordinates></Point></Placemark>
<Placemark><name>0306003122</name><visibility>0</visibility><LookAt><longitude>-48.325830</longitude><latitude>-10.187333</latitude><altitude>1200.0</altitude><altitudeMode>absolute</altitudeMode></LookAt><styleUrl>#mapDaimonChave</styleUrl><Point><coordinates>-48.325830,-10.187333,0</coordinates></Point></Placemark>
<Placemark><name>0301102122</name><visibility>0</visibility><LookAt><longitude>-48.326869</longitude><latitude>-10.187332</latitude><altitude>1200.0</altitude><altitudeMode>absolute</altitudeMode></LookAt><styleUrl>#mapDaimonChave</styleUrl><Point><coordinates>-48.326869,-10.187332,0</coordinates></Point></Placemark>
<Placemark><name>0202108122</name><visibility>0</visibility><LookAt><longitude>-48.326021</longitude><latitude>-10.188052</latitude><altitude>1200.0</altitude><altitudeMode>absolute</altitudeMode></LookAt><styleUrl>#mapDaimonChave</styleUrl><Point><coordinates>-48.326021,-10.188052,0</coordinates></Point></Placemark>
<Placemark><name>0300353122</name><visibility>0</visibility><LookAt><longitude>-48.323997</longitude><latitude>-10.188006</latitude><altitude>1200.0</altitude><altitudeMode>absolute</altitudeMode></LookAt><styleUrl>#mapDaimonChave</styleUrl><Point><coordinates>-48.323997,-10.188006,0</coordinates></Point></Placemark>
<Placemark><name>0300345122</name><visibility>0</visibility><LookAt><longitude>-48.324099</longitude><latitude>-10.188706</latitude><altitude>1200.0</altitude><altitudeMode>absolute</altitudeMode></LookAt><styleUrl>#mapDaimonChave</styleUrl><Point><coordinates>-48.324099,-10.188706,0</coordinates></Point></Placemark>
<Placemark><name>0300374122</name><visibility>0</visibility><LookAt><longitude>-48.326768</longitude><latitude>-10.185618</latitude><altitude>1200.0</altitude><altitudeMode>absolute</altitudeMode></LookAt><styleUrl>#mapDaimonChave</styleUrl><Point><coordinates>-48.326768,-10.185618,0</coordinates></Point></Placemark>
<Placemark><name>0301052122</name><visibility>0</visibility><LookAt><longitude>-48.326257</longitude><latitude>-10.185945</latitude><altitude>1200.0</altitude><altitudeMode>absolute</altitudeMode></LookAt><styleUrl>#mapDaimonChave</styleUrl><Point><coordinates>-48.326257,-10.185945,0</coordinates></Point></Placemark>
<Placemark><name>0203080122</name><visibility>0</visibility><LookAt><longitude>-48.326252</longitude><latitude>-10.186327</latitude><altitude>1200.0</altitude><altitudeMode>absolute</altitudeMode></LookAt><styleUrl>#mapDaimonChave</styleUrl><Point><coordinates>-48.326252,-10.186327,0</coordinates></Point></Placemark>
<Placemark><name>0306005122</name><visibility>0</visibility><LookAt><longitude>-48.325556</longitude><latitude>-10.184782</latitude><altitude>1200.0</altitude><altitudeMode>absolute</altitudeMode></LookAt><styleUrl>#mapDaimonChave</styleUrl><Point><coordinates>-48.325556,-10.184782,0</coordinates></Point></Placemark>
<Placemark><name>0227810122</name><visibility>0</visibility><LookAt><longitude>-48.324058</longitude><latitude>-10.185860</latitude><altitude>1200.0</altitude><altitudeMode>absolute</altitudeMode></LookAt><styleUrl>#mapDaimonChave</styleUrl><Point><coordinates>-48.324058,-10.185860,0</coordinates></Point></Placemark>
<Placemark><name>0300357122</name><visibility>0</visibility><LookAt><longitude>-48.321849</longitude><latitude>-10.185583</latitude><altitude>1200.0</altitude><altitudeMode>absolute</altitudeMode></LookAt><styleUrl>#mapDaimonChave</styleUrl><Point><coordinates>-48.321849,-10.185583,0</coordinates></Point></Placemark>
<Placemark><name>0227812122</name><visibility>0</visibility><LookAt><longitude>-48.324064</longitude><latitude>-10.185792</latitude><altitude>1200.0</altitude><altitudeMode>absolute</altitudeMode></LookAt><styleUrl>#mapDaimonChave</styleUrl><Point><coordinates>-48.324064,-10.185792,0</coordinates></Point></Placemark>
<Placemark><name>8856944122</name><visibility>0</visibility><LookAt><longitude>-48.322705</longitude><latitude>-10.185968</latitude><altitude>1200.0</altitude><altitudeMode>absolute</altitudeMode></LookAt><styleUrl>#mapDaimonChave</styleUrl><Point><coordinates>-48.322705,-10.185968,0</coordinates></Point></Placemark>
<Placemark><name>0364326122</name><visibility>0</visibility><LookAt><longitude>-48.323499</longitude><latitude>-10.185952</latitude><altitude>1200.0</altitude><altitudeMode>absolute</altitudeMode></LookAt><styleUrl>#mapDaimonChave</styleUrl><Point><coordinates>-48.323499,-10.185952,0</coordinates></Point></Placemark>
<Placemark><name>0301296122</name><visibility>0</visibility><LookAt><longitude>-48.322452</longitude><latitude>-10.185620</latitude><altitude>1200.0</altitude><altitudeMode>absolute</altitudeMode></LookAt><styleUrl>#mapDaimonChave</styleUrl><Point><coordinates>-48.322452,-10.185620,0</coordinates></Point></Placemark>
<Placemark><name>0300347122</name><visibility>0</visibility><LookAt><longitude>-48.324127</longitude><latitude>-10.191091</latitude><altitude>1200.0</altitude><altitudeMode>absolute</altitudeMode></LookAt><styleUrl>#mapDaimonChave</styleUrl><Point><coordinates>-48.324127,-10.191091,0</coordinates></Point></Placemark>
<Placemark><name>0200346122</name><visibility>0</visibility><LookAt><longitude>-48.324125</longitude><latitude>-10.190700</latitude><altitude>1200.0</altitude><altitudeMode>absolute</altitudeMode></LookAt><styleUrl>#mapDaimonChave</styleUrl><Point><coordinates>-48.324125,-10.190700,0</coordinates></Point></Placemark>
<Placemark><name>8804057122</name><visibility>0</visibility><LookAt><longitude>-48.326252</longitude><latitude>-10.186558</latitude><altitude>1200.0</altitude><altitudeMode>absolute</altitudeMode></LookAt><styleUrl>#mapDaimonChaveNA</styleUrl><Point><coordinates>-48.326252,-10.186558,0</coordinates></Point></Placemark>
<Placemark><name>8806665122</name><visibility>0</visibility><LookAt><longitude>-48.322250</longitude><latitude>-10.191022</latitude><altitude>1200.0</altitude><altitudeMode>absolute</altitudeMode></LookAt><styleUrl>#mapDaimonChaveNA</styleUrl><Point><coordinates>-48.322250,-10.191022,0</coordinates></Point></Placemark>
<Placemark><name>8007468122</name><visibility>0</visibility><LookAt><longitude>-48.323923</longitude><latitude>-10.191993</latitude><altitude>1200.0</altitude><altitudeMode>absolute</altitudeMode></LookAt><styleUrl>#mapDaimonChaveNA</styleUrl><Point><coordinates>-48.323923,-10.191993,0</coordinates></Point></Placemark>
<Placemark><name>8800344122</name><visibility>0</visibility><LookAt><longitude>-48.324741</longitude><latitude>-10.185695</latitude><altitude>1200.0</altitude><altitudeMode>absolute</altitudeMode></LookAt><styleUrl>#mapDaimonChaveNA</styleUrl><Point><coordinates>-48.324741,-10.185695,0</coordinates></Point></Placemark>
</Folder>
<Folder>
<name>EP</name>
<visibility>0</visibility>
<Placemark><name>5603444122</name><visibility>0</visibility><LookAt><longitude>-48.323143</longitude><latitude>-10.192068</latitude><altitude>1200.0</altitude><altitudeMode>absolute</altitudeMode></LookAt><styleUrl>#mapDaimonEP</styleUrl><Point><coordinates>-48.323143,-10.192068,0</coordinates></Point></Placemark>
<Placemark><name>5619627122</name><visibility>0</visibility><LookAt><longitude>-48.319779</longitude><latitude>-10.187568</latitude><altitude>1200.0</altitude><altitudeMode>absolute</altitudeMode></LookAt><styleUrl>#mapDaimonEP</styleUrl><Point><coordinates>-48.319779,-10.187568,0</coordinates></Point></Placemark>
<Placemark><name>5604416122</name><visibility>0</visibility><LookAt><longitude>-48.319913</longitude><latitude>-10.191189</latitude><altitude>1200.0</altitude><altitudeMode>absolute</altitudeMode></LookAt><styleUrl>#mapDaimonEP</styleUrl><Point><coordinates>-48.319913,-10.191189,0</coordinates></Point></Placemark>
<Placemark><name>5600036122</name><visibility>0</visibility><LookAt><longitude>-48.316271</longitude><latitude>-10.190716</latitude><altitude>1200.0</altitude><altitudeMode>absolute</altitudeMode></LookAt><styleUrl>#mapDaimonEP</styleUrl><Point><coordinates>-48.316271,-10.190716,0</coordinates></Point></Placemark>
<Placemark><name>5600035122</name><visibility>0</visibility><LookAt><longitude>-48.317061</longitude><latitude>-10.190814</latitude><altitude>1200.0</altitude><altitudeMode>absolute</altitudeMode></LookAt><styleUrl>#mapDaimonEP</styleUrl><Point><coordinates>-48.317061,-10.190814,0</coordinates></Point></Placemark>
<Placemark><name>5604444122</name><visibility>0</visibility><LookAt><longitude>-48.324607</longitude><latitude>-10.185812</latitude><altitude>1200.0</altitude><altitudeMode>absolute</altitudeMode></LookAt><styleUrl>#mapDaimonEP</styleUrl><Point><coordinates>-48.324607,-10.185812,0</coordinates></Point></Placemark>
<Placemark><name>5647403122</name><visibility>0</visibility><LookAt><longitude>-48.324638</longitude><latitude>-10.187876</latitude><altitude>1200.0</altitude><altitudeMode>absolute</altitudeMode></LookAt><styleUrl>#mapDaimonEP</styleUrl><Point><coordinates>-48.324638,-10.187876,0</coordinates></Point></Placemark>
<Placemark><name>5602108122</name><visibility>0</visibility><LookAt><longitude>-48.326019</longitude><latitude>-10.188033</latitude><altitude>1200.0</altitude><altitudeMode>absolute</altitudeMode></LookAt><styleUrl>#mapDaimonEP</styleUrl><Point><coordinates>-48.326019,-10.188033,0</coordinates></Point></Placemark>
<Placemark><name>5603080122</name><visibility>0</visibility><LookAt><longitude>-48.326235</longitude><latitude>-10.186319</latitude><altitude>1200.0</altitude><altitudeMode>absolute</altitudeMode></LookAt><styleUrl>#mapDaimonEP</styleUrl><Point><coordinates>-48.326235,-10.186319,0</coordinates></Point></Placemark>
<Placemark><name>5627813122</name><visibility>0</visibility><LookAt><longitude>-48.324099</longitude><latitude>-10.185799</latitude><altitude>1200.0</altitude><altitudeMode>absolute</altitudeMode></LookAt><styleUrl>#mapDaimonEP</styleUrl><Point><coordinates>-48.324099,-10.185799,0</coordinates></Point></Placemark>
</Folder>
<Folder>
<name>ET</name>
<visibility>0</visibility>
<Placemark><name>5700316122</name><visibility>0</visibility><LookAt><longitude>-48.309955</longitude><latitude>-10.201522</latitude><altitude>1200.0</altitude><altitudeMode>absolute</altitudeMode></LookAt><styleUrl>#mapDaimonET</styleUrl><Point><coordinates>-48.309955,-10.201522,0</coordinates></Point></Placemark>
<Placemark><name>5700318122</name><visibility>0</visibility><LookAt><longitude>-48.311283</longitude><latitude>-10.197353</latitude><altitude>1200.0</altitude><altitudeMode>absolute</altitudeMode></LookAt><styleUrl>#mapDaimonET</styleUrl><Point><coordinates>-48.311283,-10.197353,0</coordinates></Point></Placemark>
<Placemark><name>5700328122</name><visibility>0</visibility><LookAt><longitude>-48.313903</longitude><latitude>-10.193842</latitude><altitude>1200.0</altitude><altitudeMode>absolute</altitudeMode></LookAt><styleUrl>#mapDaimonET</styleUrl><Point><coordinates>-48.313903,-10.193842,0</coordinates></Point></Placemark>
<Placemark><name>5705375122</name><visibility>0</visibility><LookAt><longitude>-48.316729</longitude><latitude>-10.192431</latitude><altitude>1200.0</altitude><altitudeMode>absolute</altitudeMode></LookAt><styleUrl>#mapDaimonET</styleUrl><Point><coordinates>-48.316729,-10.192431,0</coordinates></Point></Placemark>
<Placemark><name>5719636122</name><visibility>0</visibility><LookAt><longitude>-48.316033</longitude><latitude>-10.192421</latitude><altitude>1200.0</altitude><altitudeMode>absolute</altitudeMode></LookAt><styleUrl>#mapDaimonET</styleUrl><Point><coordinates>-48.316033,-10.192421,0</coordinates></Point></Placemark>
<Placemark><name>5719610122</name><visibility>0</visibility><LookAt><longitude>-48.317663</longitude><latitude>-10.193076</latitude><altitude>1200.0</altitude><altitudeMode>absolute</altitudeMode></LookAt><styleUrl>#mapDaimonET</styleUrl><Point><coordinates>-48.317663,-10.193076,0</coordinates></Point></Placemark>
<Placemark><name>5700326122</name><visibility>0</visibility><LookAt><longitude>-48.316320</longitude><latitude>-10.193657</latitude><altitude>1200.0</altitude><altitudeMode>absolute</altitudeMode></LookAt><styleUrl>#mapDaimonET</styleUrl><Point><coordinates>-48.316320,-10.193657,0</coordinates></Point></Placemark>
<Placemark><name>5719609122</name><visibility>0</visibility><LookAt><longitude>-48.315657</longitude><latitude>-10.193053</latitude><altitude>1200.0</altitude><altitudeMode>absolute</altitudeMode></LookAt><styleUrl>#mapDaimonET</styleUrl><Point><coordinates>-48.315657,-10.193053,0</coordinates></Point></Placemark>
<Placemark><name>5706345122</name><visibility>0</visibility><LookAt><longitude>-48.315414</longitude><latitude>-10.193049</latitude><altitude>1200.0</altitude><altitudeMode>absolute</altitudeMode></LookAt><styleUrl>#mapDaimonET</styleUrl><Point><coordinates>-48.315414,-10.193049,0</coordinates></Point></Placemark>
<Placemark><name>5702440122</name><visibility>0</visibility><LookAt><longitude>-48.315349</longitude><latitude>-10.193049</latitude><altitude>1200.0</altitude><altitudeMode>absolute</altitudeMode></LookAt><styleUrl>#mapDaimonET</styleUrl><Point><coordinates>-48.315349,-10.193049,0</coordinates></Point></Placemark>
<Placemark><name>5761953122</name><visibility>0</visibility><LookAt><longitude>-48.317074</longitude><latitude>-10.193661</latitude><altitude>1200.0</altitude><altitudeMode>absolute</altitudeMode></LookAt><styleUrl>#mapDaimonET</styleUrl><Point><coordinates>-48.317074,-10.193661,0</coordinates></Point></Placemark>
<Placemark><name>5700325122</name><visibility>0</visibility><LookAt><longitude>-48.316250</longitude><latitude>-10.194433</latitude><altitude>1200.0</altitude><altitudeMode>absolute</altitudeMode></LookAt><styleUrl>#mapDaimonET</styleUrl><Point><coordinates>-48.316250,-10.194433,0</coordinates></Point></Placemark>
<Placemark><name>5764434122</name><visibility>0</visibility><LookAt><longitude>-48.314798</longitude><latitude>-10.193648</latitude><altitude>1200.0</altitude><altitudeMode>absolute</altitudeMode></LookAt><styleUrl>#mapDaimonET</styleUrl><Point><coordinates>-48.314798,-10.193648,0</coordinates></Point></Placemark>
<Placemark><name>5700329122</name><visibility>0</visibility><LookAt><longitude>-48.317837</longitude><latitude>-10.192003</latitude><altitude>1200.0</altitude><altitudeMode>absolute</altitudeMode></LookAt><styleUrl>#mapDaimonET</styleUrl><Point><coordinates>-48.317837,-10.192003,0</coordinates></Point></Placemark>
<Placemark><name>5704484122</name><visibility>0</visibility><LookAt><longitude>-48.315516</longitude><latitude>-10.191970</latitude><altitude>1200.0</altitude><altitudeMode>absolute</altitudeMode></LookAt><styleUrl>#mapDaimonET</styleUrl><Point><coordinates>-48.315516,-10.191970,0</coordinates></Point></Placemark>
<Placemark><name>5603000122</name><visibility>0</visibility><LookAt><longitude>-48.314395</longitude><latitude>-10.195169</latitude><altitude>1200.0</altitude><altitudeMode>absolute</altitudeMode></LookAt><styleUrl>#mapDaimonET</styleUrl><Point><coordinates>-48.314395,-10.195169,0</coordinates></Point></Placemark>
<Placemark><name>5706705122</name><visibility>0</visibility><LookAt><longitude>-48.320971</longitude><latitude>-10.191697</latitude><altitude>1200.0</altitude><altitudeMode>absolute</altitudeMode></LookAt><styleUrl>#mapDaimonET</styleUrl><Point><coordinates>-48.320971,-10.191697,0</coordinates></Point></Placemark>
<Placemark><name>5700332122</name><visibility>0</visibility><LookAt><longitude>-48.319151</longitude><latitude>-10.189567</latitude><altitude>1200.0</altitude><altitudeMode>absolute</altitudeMode></LookAt><styleUrl>#mapDaimonET</styleUrl><Point><coordinates>-48.319151,-10.189567,0</coordinates></Point></Placemark>
<Placemark><name>5705246122</name><visibility>0</visibility><LookAt><longitude>-48.323290</longitude><latitude>-10.191734</latitude><altitude>1200.0</altitude><altitudeMode>absolute</altitudeMode></LookAt><styleUrl>#mapDaimonET</styleUrl><Point><coordinates>-48.323290,-10.191734,0</coordinates></Point></Placemark>
<Placemark><name>5704222122</name><visibility>0</visibility><LookAt><longitude>-48.319198</longitude><latitude>-10.185212</latitude><altitude>1200.0</altitude><altitudeMode>absolute</altitudeMode></LookAt><styleUrl>#mapDaimonET</styleUrl><Point><coordinates>-48.319198,-10.185212,0</coordinates></Point></Placemark>
<Placemark><name>5752141122</name><visibility>0</visibility><LookAt><longitude>-48.320970</longitude><latitude>-10.192034</latitude><altitude>1200.0</altitude><altitudeMode>absolute</altitudeMode></LookAt><styleUrl>#mapDaimonET</styleUrl><Point><coordinates>-48.320970,-10.192034,0</coordinates></Point></Placemark>
<Placemark><name>5602013122</name><visibility>0</visibility><LookAt><longitude>-48.321190</longitude><latitude>-10.192065</latitude><altitude>1200.0</altitude><altitudeMode>absolute</altitudeMode></LookAt><styleUrl>#mapDaimonET</styleUrl><Point><coordinates>-48.321190,-10.192065,0</coordinates></Point></Placemark>
<Placemark><name>5703357122</name><visibility>0</visibility><LookAt><longitude>-48.317371</longitude><latitude>-10.191751</latitude><altitude>1200.0</altitude><altitudeMode>absolute</altitudeMode></LookAt><styleUrl>#mapDaimonET</styleUrl><Point><coordinates>-48.317371,-10.191751,0</coordinates></Point></Placemark>
<Placemark><name>5702932122</name><visibility>0</visibility><LookAt><longitude>-48.315376</longitude><latitude>-10.191740</latitude><altitude>1200.0</altitude><altitudeMode>absolute</altitudeMode></LookAt><styleUrl>#mapDaimonET</styleUrl><Point><coordinates>-48.315376,-10.191740,0</coordinates></Point></Placemark>
<Placemark><name>5700350122</name><visibility>0</visibility><LookAt><longitude>-48.320871</longitude><latitude>-10.190812</latitude><altitude>1200.0</altitude><altitudeMode>absolute</altitudeMode></LookAt><styleUrl>#mapDaimonET</styleUrl><Point><coordinates>-48.320871,-10.190812,0</coordinates></Point></Placemark>
<Placemark><name>5701139122</name><visibility>0</visibility><LookAt><longitude>-48.321452</longitude><latitude>-10.189779</latitude><altitude>1200.0</altitude><altitudeMode>absolute</altitudeMode></LookAt><styleUrl>#mapDaimonET</styleUrl><Point><coordinates>-48.321452,-10.189779,0</coordinates></Point></Placemark>
<Placemark><name>5700349122</name><visibility>0</visibility><LookAt><longitude>-48.322062</longitude><latitude>-10.189956</latitude><altitude>1200.0</altitude><altitudeMode>absolute</altitudeMode></LookAt><styleUrl>#mapDaimonET</styleUrl><Point><coordinates>-48.322062,-10.189956,0</coordinates></Point></Placemark>
<Placemark><name>5701140122</name><visibility>0</visibility><LookAt><longitude>-48.320744</longitude><latitude>-10.189541</latitude><altitude>1200.0</altitude><altitudeMode>absolute</altitudeMode></LookAt><styleUrl>#mapDaimonET</styleUrl><Point><coordinates>-48.320744,-10.189541,0</coordinates></Point></Placemark>
<Placemark><name>5700351122</name><visibility>0</visibility><LookAt><longitude>-48.320047</longitude><latitude>-10.188829</latitude><altitude>1200.0</altitude><altitudeMode>absolute</altitudeMode></LookAt><styleUrl>#mapDaimonET</styleUrl><Point><coordinates>-48.320047,-10.188829,0</coordinates></Point></Placemark>
<Placemark><name>5761929122</name><visibility>0</visibility><LookAt><longitude>-48.319958</longitude><latitude>-10.186864</latitude><altitude>1200.0</altitude><altitudeMode>absolute</altitudeMode></LookAt><styleUrl>#mapDaimonET</styleUrl><Point><coordinates>-48.319958,-10.186864,0</coordinates></Point></Placemark>
<Placemark><name>5700031122</name><visibility>0</visibility><LookAt><longitude>-48.318194</longitude><latitude>-10.188312</latitude><altitude>1200.0</altitude><altitudeMode>absolute</altitudeMode></LookAt><styleUrl>#mapDaimonET</styleUrl><Point><coordinates>-48.318194,-10.188312,0</coordinates></Point></Placemark>
<Placemark><name>5700034122</name><visibility>0</visibility><LookAt><longitude>-48.317297</longitude><latitude>-10.189091</latitude><altitude>1200.0</altitude><altitudeMode>absolute</altitudeMode></LookAt><styleUrl>#mapDaimonET</styleUrl><Point><coordinates>-48.317297,-10.189091,0</coordinates></Point></Placemark>
<Placemark><name>5700033122</name><visibility>0</visibility><LookAt><longitude>-48.315966</longitude><latitude>-10.190562</latitude><altitude>1200.0</altitude><altitudeMode>absolute</altitudeMode></LookAt><styleUrl>#mapDaimonET</styleUrl><Point><coordinates>-48.315966,-10.190562,0</coordinates></Point></Placemark>
<Placemark><name>5700330122</name><visibility>0</visibility><LookAt><longitude>-48.316928</longitude><latitude>-10.191279</latitude><altitude>1200.0</altitude><altitudeMode>absolute</altitudeMode></LookAt><styleUrl>#mapDaimonET</styleUrl><Point><coordinates>-48.316928,-10.191279,0</coordinates></Point></Placemark>
<Placemark><name>5700341122</name><visibility>0</visibility><LookAt><longitude>-48.322950</longitude><latitude>-10.193865</latitude><altitude>1200.0</altitude><altitudeMode>absolute</altitudeMode></LookAt><styleUrl>#mapDaimonET</styleUrl><Point><coordinates>-48.322950,-10.193865,0</coordinates></Point></Placemark>
<Placemark><name>5700337122</name><visibility>0</visibility><LookAt><longitude>-48.322375</longitude><latitude>-10.194549</latitude><altitude>1200.0</altitude><altitudeMode>absolute</altitudeMode></LookAt><styleUrl>#mapDaimonET</styleUrl><Point><coordinates>-48.322375,-10.194549,0</coordinates></Point></Placemark>
<Placemark><name>5700342122</name><visibility>0</visibility><LookAt><longitude>-48.321691</longitude><latitude>-10.193946</latitude><altitude>1200.0</altitude><altitudeMode>absolute</altitudeMode></LookAt><styleUrl>#mapDaimonET</styleUrl><Point><coordinates>-48.321691,-10.193946,0</coordinates></Point></Placemark>
<Placemark><name>5603301122</name><visibility>0</visibility><LookAt><longitude>-48.318069</longitude><latitude>-10.191715</latitude><altitude>1200.0</altitude><altitudeMode>absolute</altitudeMode></LookAt><styleUrl>#mapDaimonET</styleUrl><Point><coordinates>-48.318069,-10.191715,0</coordinates></Point></Placemark>
<Placemark><name>5606108122</name><visibility>0</visibility><LookAt><longitude>-48.319971</longitude><latitude>-10.190464</latitude><altitude>1200.0</altitude><altitudeMode>absolute</altitudeMode></LookAt><styleUrl>#mapDaimonET</styleUrl><Point><coordinates>-48.319971,-10.190464,0</coordinates></Point></Placemark>
<Placemark><name>5725692122</name><visibility>0</visibility><LookAt><longitude>-48.319910</longitude><latitude>-10.190876</latitude><altitude>1200.0</altitude><altitudeMode>absolute</altitudeMode></LookAt><styleUrl>#mapDaimonET</styleUrl><Point><coordinates>-48.319910,-10.190876,0</coordinates></Point></Placemark>
<Placemark><name>5705426122</name><visibility>0</visibility><LookAt><longitude>-48.321519</longitude><latitude>-10.191084</latitude><altitude>1200.0</altitude><altitudeMode>absolute</altitudeMode></LookAt><styleUrl>#mapDaimonET</styleUrl><Point><coordinates>-48.321519,-10.191084,0</coordinates></Point></Placemark>
<Placemark><name>5705408122</name><visibility>0</visibility><LookAt><longitude>-48.314434</longitude><latitude>-10.190358</latitude><altitude>1200.0</altitude><altitudeMode>absolute</altitudeMode></LookAt><styleUrl>#mapDaimonET</styleUrl><Point><coordinates>-48.314434,-10.190358,0</coordinates></Point></Placemark>
<Placemark><name>5702764122</name><visibility>0</visibility><LookAt><longitude>-48.314717</longitude><latitude>-10.190808</latitude><altitude>1200.0</altitude><altitudeMode>absolute</altitudeMode></LookAt><styleUrl>#mapDaimonET</styleUrl><Point><coordinates>-48.314717,-10.190808,0</coordinates></Point></Placemark>
<Placemark><name>5703455122</name><visibility>0</visibility><LookAt><longitude>-48.314987</longitude><latitude>-10.190659</latitude><altitude>1200.0</altitude><altitudeMode>absolute</altitudeMode></LookAt><styleUrl>#mapDaimonET</styleUrl><Point><coordinates>-48.314987,-10.190659,0</coordinates></Point></Placemark>
<Placemark><name>5703819122</name><visibility>0</visibility><LookAt><longitude>-48.315336</longitude><latitude>-10.190619</latitude><altitude>1200.0</altitude><altitudeMode>absolute</altitudeMode></LookAt><styleUrl>#mapDaimonET</styleUrl><Point><coordinates>-48.315336,-10.190619,0</coordinates></Point></Placemark>
<Placemark><name>5700343122</name><visibility>0</visibility><LookAt><longitude>-48.324742</longitude><latitude>-10.187011</latitude><altitude>1200.0</altitude><altitudeMode>absolute</altitudeMode></LookAt><styleUrl>#mapDaimonET</styleUrl><Point><coordinates>-48.324742,-10.187011,0</coordinates></Point></Placemark>
<Placemark><name>5701149122</name><visibility>0</visibility><LookAt><longitude>-48.327350</longitude><latitude>-10.187331</latitude><altitude>1200.0</altitude><altitudeMode>absolute</altitudeMode></LookAt><styleUrl>#mapDaimonET</styleUrl><Point><coordinates>-48.327350,-10.187331,0</coordinates></Point></Placemark>
<Placemark><name>5601074122</name><visibility>0</visibility><LookAt><longitude>-48.327132</longitude><latitude>-10.187331</latitude><altitude>1200.0</altitude><altitudeMode>absolute</altitudeMode></LookAt><styleUrl>#mapDaimonET</styleUrl><Point><coordinates>-48.327132,-10.187331,0</coordinates></Point></Placemark>
<Placemark><name>5619187122</name><visibility>0</visibility><LookAt><longitude>-48.326761</longitude><latitude>-10.187330</latitude><altitude>1200.0</altitude><altitudeMode>absolute</altitudeMode></LookAt><styleUrl>#mapDaimonET</styleUrl><Point><coordinates>-48.326761,-10.187330,0</coordinates></Point></Placemark>
<Placemark><name>5700372122</name><visibility>0</visibility><LookAt><longitude>-48.326125</longitude><latitude>-10.187330</latitude><altitude>1200.0</altitude><altitudeMode>absolute</altitudeMode></LookAt><styleUrl>#mapDaimonET</styleUrl><Point><coordinates>-48.326125,-10.187330,0</coordinates></Point></Placemark>
<Placemark><name>5705526122</name><visibility>0</visibility><LookAt><longitude>-48.326249</longitude><latitude>-10.186837</latitude><altitude>1200.0</altitude><altitudeMode>absolute</altitudeMode></LookAt><styleUrl>#mapDaimonET</styleUrl><Point><coordinates>-48.326249,-10.186837,0</coordinates></Point></Placemark>
<Placemark><name>5604127122</name><visibility>0</visibility><LookAt><longitude>-48.325928</longitude><latitude>-10.188051</latitude><altitude>1200.0</altitude><altitudeMode>absolute</altitudeMode></LookAt><styleUrl>#mapDaimonET</styleUrl><Point><coordinates>-48.325928,-10.188051,0</coordinates></Point></Placemark>
<Placemark><name>5703352122</name><visibility>0</visibility><LookAt><longitude>-48.325752</longitude><latitude>-10.188049</latitude><altitude>1200.0</altitude><altitudeMode>absolute</altitudeMode></LookAt><styleUrl>#mapDaimonET</styleUrl><Point><coordinates>-48.325752,-10.188049,0</coordinates></Point></Placemark>
<Placemark><name>5704785122</name><visibility>0</visibility><LookAt><longitude>-48.327020</longitude><latitude>-10.188063</latitude><altitude>1200.0</altitude><altitudeMode>absolute</altitudeMode></LookAt><styleUrl>#mapDaimonET</styleUrl><Point><coordinates>-48.327020,-10.188063,0</coordinates></Point></Placemark>
<Placemark><name>5603672122</name><visibility>0</visibility><LookAt><longitude>-48.324624</longitude><latitude>-10.185502</latitude><altitude>1200.0</altitude><altitudeMode>absolute</altitudeMode></LookAt><styleUrl>#mapDaimonET</styleUrl><Point><coordinates>-48.324624,-10.185502,0</coordinates></Point></Placemark>
<Placemark><name>5700380122</name><visibility>0</visibility><LookAt><longitude>-48.327401</longitude><latitude>-10.185041</latitude><altitude>1200.0</altitude><altitudeMode>absolute</altitudeMode></LookAt><styleUrl>#mapDaimonET</styleUrl><Point><coordinates>-48.327401,-10.185041,0</coordinates></Point></Placemark>
<Placemark><name>5700379122</name><visibility>0</visibility><LookAt><longitude>-48.326929</longitude><latitude>-10.184788</latitude><altitude>1200.0</altitude><altitudeMode>absolute</altitudeMode></LookAt><styleUrl>#mapDaimonET</styleUrl><Point><coordinates>-48.326929,-10.184788,0</coordinates></Point></Placemark>
<Placemark><name>5700378122</name><visibility>0</visibility><LookAt><longitude>-48.326724</longitude><latitude>-10.184787</latitude><altitude>1200.0</altitude><altitudeMode>absolute</altitudeMode></LookAt><styleUrl>#mapDaimonET</styleUrl><Point><coordinates>-48.326724,-10.184787,0</coordinates></Point></Placemark>
<Placemark><name>5707415122</name><visibility>0</visibility><LookAt><longitude>-48.327667</longitude><latitude>-10.185165</latitude><altitude>1200.0</altitude><altitudeMode>absolute</altitudeMode></LookAt><styleUrl>#mapDaimonET</styleUrl><Point><coordinates>-48.327667,-10.185165,0</coordinates></Point></Placemark>
<Placemark><name>5707416122</name><visibility>0</visibility><LookAt><longitude>-48.327664</longitude><latitude>-10.185335</latitude><altitude>1200.0</altitude><altitudeMode>absolute</altitudeMode></LookAt><styleUrl>#mapDaimonET</styleUrl><Point><coordinates>-48.327664,-10.185335,0</coordinates></Point></Placemark>
<Placemark><name>5700376122</name><visibility>0</visibility><LookAt><longitude>-48.326246</longitude><latitude>-10.185129</latitude><altitude>1200.0</altitude><altitudeMode>absolute</altitudeMode></LookAt><styleUrl>#mapDaimonET</styleUrl><Point><coordinates>-48.326246,-10.185129,0</coordinates></Point></Placemark>
<Placemark><name>5700377122</name><visibility>0</visibility><LookAt><longitude>-48.325854</longitude><latitude>-10.184782</latitude><altitude>1200.0</altitude><altitudeMode>absolute</altitudeMode></LookAt><styleUrl>#mapDaimonET</styleUrl><Point><coordinates>-48.325854,-10.184782,0</coordinates></Point></Placemark>
<Placemark><name>5701712122</name><visibility>0</visibility><LookAt><longitude>-48.325846</longitude><latitude>-10.185621</latitude><altitude>1200.0</altitude><altitudeMode>absolute</altitudeMode></LookAt><styleUrl>#mapDaimonET</styleUrl><Point><coordinates>-48.325846,-10.185621,0</coordinates></Point></Placemark>
<Placemark><name>5704845122</name><visibility>0</visibility><LookAt><longitude>-48.326258</longitude><latitude>-10.185855</latitude><altitude>1200.0</altitude><altitudeMode>absolute</altitudeMode></LookAt><styleUrl>#mapDaimonET</styleUrl><Point><coordinates>-48.326258,-10.185855,0</coordinates></Point></Placemark>
<Placemark><name>5706462122</name><visibility>0</visibility><LookAt><longitude>-48.325331</longitude><latitude>-10.184779</latitude><altitude>1200.0</altitude><altitudeMode>absolute</altitudeMode></LookAt><styleUrl>#mapDaimonET</styleUrl><Point><coordinates>-48.325331,-10.184779,0</coordinates></Point></Placemark>
<Placemark><name>5700375122</name><visibility>0</visibility><LookAt><longitude>-48.325523</longitude><latitude>-10.185621</latitude><altitude>1200.0</altitude><altitudeMode>absolute</altitudeMode></LookAt><styleUrl>#mapDaimonET</styleUrl><Point><coordinates>-48.325523,-10.185621,0</coordinates></Point></Placemark>
<Placemark><name>5701060122</name><visibility>0</visibility><LookAt><longitude>-48.326160</longitude><latitude>-10.186363</latitude><altitude>1200.0</altitude><altitudeMode>absolute</altitudeMode></LookAt><styleUrl>#mapDaimonET</styleUrl><Point><coordinates>-48.326160,-10.186363,0</coordinates></Point></Placemark>
<Placemark><name>5701962122</name><visibility>0</visibility><LookAt><longitude>-48.326773</longitude><latitude>-10.186368</latitude><altitude>1200.0</altitude><altitudeMode>absolute</altitudeMode></LookAt><styleUrl>#mapDaimonET</styleUrl><Point><coordinates>-48.326773,-10.186368,0</coordinates></Point></Placemark>
<Placemark><name>5703446122</name><visibility>0</visibility><LookAt><longitude>-48.325395</longitude><latitude>-10.186356</latitude><altitude>1200.0</altitude><altitudeMode>absolute</altitudeMode></LookAt><styleUrl>#mapDaimonET</styleUrl><Point><coordinates>-48.325395,-10.186356,0</coordinates></Point></Placemark>
<Placemark><name>5706291122</name><visibility>0</visibility><LookAt><longitude>-48.325112</longitude><latitude>-10.186846</latitude><altitude>1200.0</altitude><altitudeMode>absolute</altitudeMode></LookAt><styleUrl>#mapDaimonET</styleUrl><Point><coordinates>-48.325112,-10.186846,0</coordinates></Point></Placemark>
<Placemark><name>5700356122</name><visibility>0</visibility><LookAt><longitude>-48.323044</longitude><latitude>-10.185790</latitude><altitude>1200.0</altitude><altitudeMode>absolute</altitudeMode></LookAt><styleUrl>#mapDaimonET</styleUrl><Point><coordinates>-48.323044,-10.185790,0</coordinates></Point></Placemark>
<Placemark><name>5739723122</name><visibility>0</visibility><LookAt><longitude>-48.321956</longitude><latitude>-10.185818</latitude><altitude>1200.0</altitude><altitudeMode>absolute</altitudeMode></LookAt><styleUrl>#mapDaimonET</styleUrl><Point><coordinates>-48.321956,-10.185818,0</coordinates></Point></Placemark>
<Placemark><name>5700358122</name><visibility>0</visibility><LookAt><longitude>-48.320998</longitude><latitude>-10.185786</latitude><altitude>1200.0</altitude><altitudeMode>absolute</altitudeMode></LookAt><styleUrl>#mapDaimonET</styleUrl><Point><coordinates>-48.320998,-10.185786,0</coordinates></Point></Placemark>
<Placemark><name>5761901122</name><visibility>0</visibility><LookAt><longitude>-48.321263</longitude><latitude>-10.186510</latitude><altitude>1200.0</altitude><altitudeMode>absolute</altitudeMode></LookAt><styleUrl>#mapDaimonET</styleUrl><Point><coordinates>-48.321263,-10.186510,0</coordinates></Point></Placemark>
<Placemark><name>5700354122</name><visibility>0</visibility><LookAt><longitude>-48.323980</longitude><latitude>-10.187663</latitude><altitude>1200.0</altitude><altitudeMode>absolute</altitudeMode></LookAt><styleUrl>#mapDaimonET</styleUrl><Point><coordinates>-48.323980,-10.187663,0</coordinates></Point></Placemark>
<Placemark><name>5761697122</name><visibility>0</visibility><LookAt><longitude>-48.320609</longitude><latitude>-10.186884</latitude><altitude>1200.0</altitude><altitudeMode>absolute</altitudeMode></LookAt><styleUrl>#mapDaimonET</styleUrl><Point><coordinates>-48.320609,-10.186884,0</coordinates></Point></Placemark>
<Placemark><name>5704386122</name><visibility>0</visibility><LookAt><longitude>-48.323327</longitude><latitude>-10.190796</latitude><altitude>1200.0</altitude><altitudeMode>absolute</altitudeMode></LookAt><styleUrl>#mapDaimonET</styleUrl><Point><coordinates>-48.323327,-10.190796,0</coordinates></Point></Placemark>
<Placemark><name>5700348122</name><visibility>0</visibility><LookAt><longitude>-48.323393</longitude><latitude>-10.190224</latitude><altitude>1200.0</altitude><altitudeMode>absolute</altitudeMode></LookAt><styleUrl>#mapDaimonET</styleUrl><Point><coordinates>-48.323393,-10.190224,0</coordinates></Point></Placemark>
<Placemark><name>5705473122</name><visibility>0</visibility><LookAt><longitude>-48.324107</longitude><latitude>-10.189674</latitude><altitude>1200.0</altitude><altitudeMode>absolute</altitudeMode></LookAt><styleUrl>#mapDaimonET</styleUrl><Point><coordinates>-48.324107,-10.189674,0</coordinates></Point></Placemark>
<Placemark><name>5757259122</name><visibility>0</visibility><LookAt><longitude>-48.322726</longitude><latitude>-10.190174</latitude><altitude>1200.0</altitude><altitudeMode>absolute</altitudeMode></LookAt><styleUrl>#mapDaimonET</styleUrl><Point><coordinates>-48.322726,-10.190174,0</coordinates></Point></Placemark>
<Placemark><name>5700374122</name><visibility>0</visibility><LookAt><longitude>-48.326775</longitude><latitude>-10.185533</latitude><altitude>1200.0</altitude><altitudeMode>absolute</altitudeMode></LookAt><styleUrl>#mapDaimonET</styleUrl><Point><coordinates>-48.326775,-10.185533,0</coordinates></Point></Placemark>
<Placemark><name>5601052122</name><visibility>0</visibility><LookAt><longitude>-48.326238</longitude><latitude>-10.185939</latitude><altitude>1200.0</altitude><altitudeMode>absolute</altitudeMode></LookAt><styleUrl>#mapDaimonET</styleUrl><Point><coordinates>-48.326238,-10.185939,0</coordinates></Point></Placemark>
<Placemark><name>5627811122</name><visibility>0</visibility><LookAt><longitude>-48.324110</longitude><latitude>-10.185863</latitude><altitude>1200.0</altitude><altitudeMode>absolute</altitudeMode></LookAt><styleUrl>#mapDaimonET</styleUrl><Point><coordinates>-48.324110,-10.185863,0</coordinates></Point></Placemark>
<Placemark><name>5700357122</name><visibility>0</visibility><LookAt><longitude>-48.321865</longitude><latitude>-10.185479</latitude><altitude>1200.0</altitude><altitudeMode>absolute</altitudeMode></LookAt><styleUrl>#mapDaimonET</styleUrl><Point><coordinates>-48.321865,-10.185479,0</coordinates></Point></Placemark>
<Placemark><name>5756981122</name><visibility>0</visibility><LookAt><longitude>-48.322650</longitude><latitude>-10.186732</latitude><altitude>1200.0</altitude><altitudeMode>absolute</altitudeMode></LookAt><styleUrl>#mapDaimonET</styleUrl><Point><coordinates>-48.322650,-10.186732,0</coordinates></Point></Placemark>
<Placemark><name>5701296122</name><visibility>0</visibility><LookAt><longitude>-48.322456</longitude><latitude>-10.185569</latitude><altitude>1200.0</altitude><altitudeMode>absolute</altitudeMode></LookAt><styleUrl>#mapDaimonET</styleUrl><Point><coordinates>-48.322456,-10.185569,0</coordinates></Point></Placemark>
<Placemark><name>5700347122</name><visibility>0</visibility><LookAt><longitude>-48.324167</longitude><latitude>-10.191133</latitude><altitude>1200.0</altitude><altitudeMode>absolute</altitudeMode></LookAt><styleUrl>#mapDaimonET</styleUrl><Point><coordinates>-48.324167,-10.191133,0</coordinates></Point></Placemark>
<Placemark><name>5600346122</name><visibility>0</visibility><LookAt><longitude>-48.324151</longitude><latitude>-10.190628</latitude><altitude>1200.0</altitude><altitudeMode>absolute</altitudeMode></LookAt><styleUrl>#mapDaimonET</styleUrl><Point><coordinates>-48.324151,-10.190628,0</coordinates></Point></Placemark>
</Folder>
<Folder>
<name>Gerador</name>
<visibility>0</visibility>
<Placemark><name>939656</name><visibility>0</visibility><LookAt><longitude>-48.319913</longitude><latitude>-10.191189</latitude><altitude>1200.0</altitude><altitudeMode>absolute</altitudeMode></LookAt><styleUrl>#mapDaimonGerador</styleUrl><Point><coordinates>-48.319913,-10.191189,0</coordinates></Point></Placemark>
</Folder>
<Folder>
<name>Reator</name>
<visibility>0</visibility>
</Folder>
<Folder>
<name>Regulador</name>
<visibility>0</visibility>
</Folder>
<Folder>
<name>Transformador</name>
<visibility>0</visibility>
</Folder>
<Folder>
<name>Trecho</name>
<Placemark><name>2994918</name><styleUrl>#styleDaimonCIRCUITO293TRECHO</styleUrl><LineString><coordinates>-48.309706,-10.203933,0 -48.309965,-10.203827,0</coordinates></LineString></Placemark>
<Placemark><name>3003664</name><styleUrl>#styleDaimonCIRCUITO293TRECHO</styleUrl><LineString><coordinates>-48.309670,-10.200236,0 -48.309576,-10.199813,0</coordinates></LineString></Placemark>
<Placemark><name>3003663</name><styleUrl>#styleDaimonCIRCUITO293TRECHO</styleUrl><LineString><coordinates>-48.309576,-10.199813,0 -48.309523,-10.199577,0</coordinates></LineString></Placemark>
<Placemark><name>3003662</name><styleUrl>#styleDaimonCIRCUITO293TRECHO</styleUrl><LineString><coordinates>-48.309750,-10.200597,0 -48.309670,-10.200236,0</coordinates></LineString></Placemark>
<Placemark><name>3003656</name><styleUrl>#styleDaimonCIRCUITO293TRECHO</styleUrl><LineString><coordinates>-48.309523,-10.199577,0 -48.309449,-10.199246,0</coordinates></LineString></Placemark>
<Placemark><name>3003661</name><styleUrl>#styleDaimonCIRCUITO293TRECHO</styleUrl><LineString><coordinates>-48.309821,-10.200926,0 -48.309750,-10.200597,0</coordinates></LineString></Placemark>
<Placemark><name>2776016</name><styleUrl>#styleDaimonCIRCUITO293TRECHO</styleUrl><LineString><coordinates>-48.309449,-10.199246,0 -48.309381,-10.198963,0</coordinates></LineString></Placemark>
<Placemark><name>12075629</name><styleUrl>#styleDaimonCIRCUITO293TRECHO</styleUrl><LineString><coordinates>-48.309825,-10.200956,0 -48.309821,-10.200926,0</coordinates></LineString></Placemark>
<Placemark><name>12077819</name><styleUrl>#styleDaimonCIRCUITO293TRECHO</styleUrl><LineString><coordinates>-48.309381,-10.198963,0 -48.309385,-10.198934,0</coordinates></LineString></Placemark>
<Placemark><name>3003668</name><styleUrl>#styleDaimonCIRCUITO293TRECHO</styleUrl><LineString><coordinates>-48.309889,-10.201231,0 -48.309825,-10.200956,0</coordinates></LineString></Placemark>
<Placemark><name>3003658</name><styleUrl>#styleDaimonCIRCUITO293TRECHO</styleUrl><LineString><coordinates>-48.309385,-10.198934,0 -48.309496,-10.198699,0</coordinates></LineString></Placemark>
<Placemark><name>3003215</name><styleUrl>#styleDaimonCIRCUITO293TRECHO</styleUrl><LineString><coordinates>-48.309955,-10.201522,0 -48.309889,-10.201231,0</coordinates></LineString></Placemark>
<Placemark><name>3003657</name><styleUrl>#styleDaimonCIRCUITO293TRECHO</styleUrl><LineString><coordinates>-48.309496,-10.198699,0 -48.309625,-10.198471,0</coordinates></LineString></Placemark>
<Placemark><name>3003214</name><styleUrl>#styleDaimonCIRCUITO293TRECHO</styleUrl><LineString><coordinates>-48.310021,-10.201815,0 -48.309955,-10.201522,0</coordinates></LineString></Placemark>
<Placemark><name>2951344</name><styleUrl>#styleDaimonCIRCUITO293TRECHO</styleUrl><LineString><coordinates>-48.309625,-10.198471,0 -48.309883,-10.198314,0</coordinates></LineString></Placemark>
<Placemark><name>3003667</name><styleUrl>#styleDaimonCIRCUITO293TRECHO</styleUrl><LineString><coordinates>-48.310108,-10.202198,0 -48.310021,-10.201815,0</coordinates></LineString></Placemark>
<Placemark><name>12075171</name><styleUrl>#styleDaimonCIRCUITO293TRECHO</styleUrl><LineString><coordinates>-48.309883,-10.198314,0 -48.309913,-10.198300,0</coordinates></LineString></Placemark>
<Placemark><name>3003666</name><styleUrl>#styleDaimonCIRCUITO293TRECHO</styleUrl><LineString><coordinates>-48.310172,-10.202490,0 -48.310108,-10.202198,0</coordinates></LineString></Placemark>
<Placemark><name>2951461</name><styleUrl>#styleDaimonCIRCUITO293TRECHO</styleUrl><LineString><coordinates>-48.309913,-10.198300,0 -48.310185,-10.198193,0</coordinates></LineString></Placemark>
<Placemark><name>3003665</name><styleUrl>#styleDaimonCIRCUITO293TRECHO</styleUrl><LineString><coordinates>-48.310240,-10.202781,0 -48.310172,-10.202490,0</coordinates></LineString></Placemark>
<Placemark><name>12075627</name><styleUrl>#styleDaimonCIRCUITO293TRECHO</styleUrl><LineString><coordinates>-48.310185,-10.198193,0 -48.310171,-10.198160,0</coordinates></LineString></Placemark>
<Placemark><name>3004059</name><styleUrl>#styleDaimonCIRCUITO293TRECHO</styleUrl><LineString><coordinates>-48.310185,-10.198193,0 -48.310483,-10.198040,0</coordinates></LineString></Placemark>
<Placemark><name>3003669</name><styleUrl>#styleDaimonCIRCUITO293TRECHO</styleUrl><LineString><coordinates>-48.310309,-10.203099,0 -48.310240,-10.202781,0</coordinates></LineString></Placemark>
<Placemark><name>3004188</name><styleUrl>#styleDaimonCIRCUITO293TRECHO</styleUrl><LineString><coordinates>-48.310171,-10.198160,0 -48.310078,-10.198009,0</coordinates></LineString></Placemark>
<Placemark><name>3003670</name><styleUrl>#styleDaimonCIRCUITO293TRECHO</styleUrl><LineString><coordinates>-48.310369,-10.203379,0 -48.310309,-10.203099,0</coordinates></LineString></Placemark>
<Placemark><name>2593257</name><styleUrl>#styleDaimonCIRCUITO293TRECHO</styleUrl><LineString><coordinates>-48.310424,-10.203630,0 -48.310369,-10.203379,0</coordinates></LineString></Placemark>
<Placemark><name>12074044</name><styleUrl>#styleDaimonCIRCUITO293TRECHO</styleUrl><LineString><coordinates>-48.310428,-10.203656,0 -48.310424,-10.203630,0</coordinates></LineString></Placemark>
<Placemark><name>3468255</name><styleUrl>#styleDaimonCIRCUITO293TRECHO</styleUrl><LineString><coordinates>-48.310206,-10.203736,0 -48.310428,-10.203656,0</coordinates></LineString></Placemark>
<Placemark><name>12079665</name><styleUrl>#styleDaimonCIRCUITO293TRECHO</styleUrl><LineString><coordinates>-48.310177,-10.203747,0 -48.310206,-10.203736,0</coordinates></LineString></Placemark>
<Placemark><name>3468023</name><styleUrl>#styleDaimonCIRCUITO293TRECHO</styleUrl><LineString><coordinates>-48.309987,-10.203819,0 -48.310177,-10.203747,0</coordinates></LineString></Placemark>
<Placemark><name>3003431</name><styleUrl>#styleDaimonCIRCUITO293TRECHO</styleUrl><LineString><coordinates>-48.313239,-10.197473,0 -48.313403,-10.197368,0</coordinates></LineString></Placemark>
<Placemark><name>3508630</name><styleUrl>#styleDaimonCIRCUITO293TRECHO</styleUrl><LineString><coordinates>-48.313403,-10.197368,0 -48.313553,-10.197228,0</coordinates></LineString></Placemark>
<Placemark><name>3003199</name><styleUrl>#styleDaimonCIRCUITO293TRECHO</styleUrl><LineString><coordinates>-48.312966,-10.197477,0 -48.313239,-10.197473,0</coordinates></LineString></Placemark>
<Placemark><name>12075972</name><styleUrl>#styleDaimonCIRCUITO293TRECHO</styleUrl><LineString><coordinates>-48.313553,-10.197228,0 -48.313564,-10.197217,0</coordinates></LineString></Placemark>
<Placemark><name>12075621</name><styleUrl>#styleDaimonCIRCUITO293TRECHO</styleUrl><LineString><coordinates>-48.312935,-10.197475,0 -48.312966,-10.197477,0</coordinates></LineString></Placemark>
<Placemark><name>2532392</name><styleUrl>#styleDaimonCIRCUITO293TRECHO</styleUrl><LineString><coordinates>-48.313564,-10.197217,0 -48.313583,-10.197191,0</coordinates></LineString></Placemark>
<Placemark><name>3003198</name><styleUrl>#styleDaimonCIRCUITO293TRECHO</styleUrl><LineString><coordinates>-48.312663,-10.197468,0 -48.312935,-10.197475,0</coordinates></LineString></Placemark>
<Placemark><name>12073857</name><styleUrl>#styleDaimonCIRCUITO293TRECHO</styleUrl><LineString><coordinates>-48.313583,-10.197191,0 -48.313587,-10.197163,0</coordinates></LineString></Placemark>
<Placemark><name>3003197</name><styleUrl>#styleDaimonCIRCUITO293TRECHO</styleUrl><LineString><coordinates>-48.312350,-10.197465,0 -48.312663,-10.197468,0</coordinates></LineString></Placemark>
<Placemark><name>2532926</name><styleUrl>#styleDaimonCIRCUITO293TRECHO</styleUrl><LineString><coordinates>-48.313587,-10.197163,0 -48.313619,-10.196951,0</coordinates></LineString></Placemark>
<Placemark><name>3003196</name><styleUrl>#styleDaimonCIRCUITO293TRECHO</styleUrl><LineString><coordinates>-48.312038,-10.197466,0 -48.312350,-10.197465,0</coordinates></LineString></Placemark>
<Placemark><name>12073870</name><styleUrl>#styleDaimonCIRCUITO293TRECHO</styleUrl><LineString><coordinates>-48.313619,-10.196951,0 -48.313640,-10.196949,0</coordinates></LineString></Placemark>
<Placemark><name>2532051</name><styleUrl>#styleDaimonCIRCUITO293TRECHO</styleUrl><LineString><coordinates>-48.313619,-10.196951,0 -48.313615,-10.196900,0</coordinates></LineString></Placemark>
<Placemark><name>3003195</name><styleUrl>#styleDaimonCIRCUITO293TRECHO</styleUrl><LineString><coordinates>-48.311766,-10.197481,0 -48.312038,-10.197466,0</coordinates></LineString></Placemark>
<Placemark><name>2532050</name><styleUrl>#styleDaimonCIRCUITO293TRECHO</styleUrl><LineString><coordinates>-48.313640,-10.196949,0 -48.313836,-10.196934,0</coordinates></LineString></Placemark>
<Placemark><name>3003432</name><styleUrl>#styleDaimonCIRCUITO293TRECHO</styleUrl><LineString><coordinates>-48.311482,-10.197519,0 -48.311766,-10.197481,0</coordinates></LineString></Placemark>
<Placemark><name>12073869</name><styleUrl>#styleDaimonCIRCUITO293TRECHO</styleUrl><LineString><coordinates>-48.313836,-10.196934,0 -48.313871,-10.196934,0</coordinates></LineString></Placemark>
<Placemark><name>3003433</name><styleUrl>#styleDaimonCIRCUITO293TRECHO</styleUrl><LineString><coordinates>-48.311189,-10.197567,0 -48.311482,-10.197519,0</coordinates></LineString></Placemark>
<Placemark><name>2532048</name><styleUrl>#styleDaimonCIRCUITO293TRECHO</styleUrl><LineString><coordinates>-48.313871,-10.196934,0 -48.313873,-10.196873,0</coordinates></LineString></Placemark>
<Placemark><name>2532049</name><styleUrl>#styleDaimonCIRCUITO293TRECHO</styleUrl><LineString><coordinates>-48.313871,-10.196934,0 -48.313872,-10.197221,0</coordinates></LineString></Placemark>
<Placemark><name>12075622</name><styleUrl>#styleDaimonCIRCUITO293TRECHO</styleUrl><LineString><coordinates>-48.311156,-10.197574,0 -48.311189,-10.197567,0</coordinates></LineString></Placemark>
<Placemark><name>3665170</name><styleUrl>#styleDaimonCIRCUITO293TRECHO</styleUrl><LineString><coordinates>-48.311189,-10.197567,0 -48.311183,-10.197554,0</coordinates></LineString></Placemark>
<Placemark><name>3003459</name><styleUrl>#styleDaimonCIRCUITO293TRECHO</styleUrl><LineString><coordinates>-48.310939,-10.197650,0 -48.311156,-10.197574,0</coordinates></LineString></Placemark>
<Placemark><name>3003460</name><styleUrl>#styleDaimonCIRCUITO293TRECHO</styleUrl><LineString><coordinates>-48.310631,-10.197725,0 -48.310939,-10.197650,0</coordinates></LineString></Placemark>
<Placemark><name>3003458</name><styleUrl>#styleDaimonCIRCUITO293TRECHO</styleUrl><LineString><coordinates>-48.310328,-10.197838,0 -48.310631,-10.197725,0</coordinates></LineString></Placemark>
<Placemark><name>3003457</name><styleUrl>#styleDaimonCIRCUITO293TRECHO</styleUrl><LineString><coordinates>-48.310088,-10.197995,0 -48.310328,-10.197838,0</coordinates></LineString></Placemark>
<Placemark><name>2951463</name><styleUrl>#styleDaimonCIRCUITO293TRECHO</styleUrl><LineString><coordinates>-48.310088,-10.197995,0 -48.309850,-10.198084,0</coordinates></LineString></Placemark>
<Placemark><name>3668983</name><styleUrl>#styleDaimonCIRCUITO293TRECHO</styleUrl><LineString><coordinates>-48.310080,-10.198008,0 -48.310088,-10.197995,0</coordinates></LineString></Placemark>
<Placemark><name>2530219</name><styleUrl>#styleDaimonCIRCUITO293TRECHO</styleUrl><LineString><coordinates>-48.311193,-10.197534,0 -48.311283,-10.197353,0</coordinates></LineString></Placemark>
<Placemark><name>3476594</name><styleUrl>#styleDaimonCIRCUITO293TRECHO</styleUrl><LineString><coordinates>-48.313875,-10.196577,0 -48.313879,-10.196247,0</coordinates></LineString></Placemark>
<Placemark><name>3476595</name><styleUrl>#styleDaimonCIRCUITO293TRECHO</styleUrl><LineString><coordinates>-48.313873,-10.196844,0 -48.313875,-10.196577,0</coordinates></LineString></Placemark>
<Placemark><name>3476593</name><styleUrl>#styleDaimonCIRCUITO293TRECHO</styleUrl><LineString><coordinates>-48.313879,-10.196247,0 -48.313882,-10.195915,0</coordinates></LineString></Placemark>
<Placemark><name>2969749</name><styleUrl>#styleDaimonCIRCUITO293TRECHO</styleUrl><LineString><coordinates>-48.313882,-10.195915,0 -48.313884,-10.195596,0</coordinates></LineString></Placemark>
<Placemark><name>3495604</name><styleUrl>#styleDaimonCIRCUITO293TRECHO</styleUrl><LineString><coordinates>-48.313884,-10.195596,0 -48.313984,-10.195352,0</coordinates></LineString></Placemark>
<Placemark><name>3487141</name><styleUrl>#styleDaimonCIRCUITO293TRECHO</styleUrl><LineString><coordinates>-48.313984,-10.195352,0 -48.314003,-10.195085,0</coordinates></LineString></Placemark>
<Placemark><name>3487140</name><styleUrl>#styleDaimonCIRCUITO293TRECHO</styleUrl><LineString><coordinates>-48.314003,-10.195085,0 -48.314015,-10.194758,0</coordinates></LineString></Placemark>
<Placemark><name>12075934</name><styleUrl>#styleDaimonCIRCUITO293TRECHO</styleUrl><LineString><coordinates>-48.314015,-10.194758,0 -48.314029,-10.194750,0</coordinates></LineString></Placemark>
<Placemark><name>3476155</name><styleUrl>#styleDaimonCIRCUITO293TRECHO</styleUrl><LineString><coordinates>-48.314015,-10.194758,0 -48.314024,-10.194485,0</coordinates></LineString></Placemark>
<Placemark><name>3489504</name><styleUrl>#styleDaimonCIRCUITO293TRECHO</styleUrl><LineString><coordinates>-48.314029,-10.194750,0 -48.314179,-10.194687,0</coordinates></LineString></Placemark>
<Placemark><name>3476154</name><styleUrl>#styleDaimonCIRCUITO293TRECHO</styleUrl><LineString><coordinates>-48.314024,-10.194485,0 -48.313980,-10.194147,0</coordinates></LineString></Placemark>
<Placemark><name>3476153</name><styleUrl>#styleDaimonCIRCUITO293TRECHO</styleUrl><LineString><coordinates>-48.313980,-10.194147,0 -48.313903,-10.193842,0</coordinates></LineString></Placemark>
<Placemark><name>3476152</name><styleUrl>#styleDaimonCIRCUITO293TRECHO</styleUrl><LineString><coordinates>-48.313903,-10.193842,0 -48.313905,-10.193523,0</coordinates></LineString></Placemark>
<Placemark><name>3475890</name><styleUrl>#styleDaimonCIRCUITO293TRECHO</styleUrl><LineString><coordinates>-48.313905,-10.193523,0 -48.313908,-10.193194,0</coordinates></LineString></Placemark>
<Placemark><name>3476331</name><styleUrl>#styleDaimonCIRCUITO293TRECHO</styleUrl><LineString><coordinates>-48.313908,-10.193194,0 -48.313912,-10.192870,0</coordinates></LineString></Placemark>
<Placemark><name>3476330</name><styleUrl>#styleDaimonCIRCUITO293TRECHO</styleUrl><LineString><coordinates>-48.313912,-10.192870,0 -48.313915,-10.192610,0</coordinates></LineString></Placemark>
<Placemark><name>12074220</name><styleUrl>#styleDaimonCIRCUITO293TRECHO</styleUrl><LineString><coordinates>-48.313915,-10.192610,0 -48.313914,-10.192576,0</coordinates></LineString></Placemark>
<Placemark><name>3491018</name><styleUrl>#styleDaimonCIRCUITO293TRECHO</styleUrl><LineString><coordinates>-48.313914,-10.192576,0 -48.313917,-10.192306,0</coordinates></LineString></Placemark>
<Placemark><name>3487788</name><styleUrl>#styleDaimonCIRCUITO293TRECHO</styleUrl><LineString><coordinates>-48.313917,-10.192306,0 -48.314051,-10.192157,0</coordinates></LineString></Placemark>
<Placemark><name>3487787</name><styleUrl>#styleDaimonCIRCUITO293TRECHO</styleUrl><LineString><coordinates>-48.314051,-10.192157,0 -48.314224,-10.191950,0</coordinates></LineString></Placemark>
<Placemark><name>3490060</name><styleUrl>#styleDaimonCIRCUITO293TRECHO</styleUrl><LineString><coordinates>-48.314224,-10.191950,0 -48.314515,-10.191955,0</coordinates></LineString></Placemark>
<Placemark><name>3665166</name><styleUrl>#styleDaimonCIRCUITO293TRECHO</styleUrl><LineString><coordinates>-48.314224,-10.191950,0 -48.314226,-10.191929,0</coordinates></LineString></Placemark>
<Placemark><name>12077959</name><styleUrl>#styleDaimonCIRCUITO293TRECHO</styleUrl><LineString><coordinates>-48.316444,-10.192426,0 -48.316408,-10.192426,0</coordinates></LineString></Placemark>
<Placemark><name>3535368</name><styleUrl>#styleDaimonCIRCUITO293TRECHO</styleUrl><LineString><coordinates>-48.316408,-10.192426,0 -48.316224,-10.192423,0</coordinates></LineString></Placemark>
<Placemark><name>3417107</name><styleUrl>#styleDaimonCIRCUITO293TRECHO</styleUrl><LineString><coordinates>-48.316729,-10.192431,0 -48.316444,-10.192426,0</coordinates></LineString></Placemark>
<Placemark><name>3535369</name><styleUrl>#styleDaimonCIRCUITO293TRECHO</styleUrl><LineString><coordinates>-48.316224,-10.192423,0 -48.316033,-10.192421,0</coordinates></LineString></Placemark>
<Placemark><name>3417106</name><styleUrl>#styleDaimonCIRCUITO293TRECHO</styleUrl><LineString><coordinates>-48.317045,-10.192436,0 -48.316729,-10.192431,0</coordinates></LineString></Placemark>
<Placemark><name>3535370</name><styleUrl>#styleDaimonCIRCUITO293TRECHO</styleUrl><LineString><coordinates>-48.316033,-10.192421,0 -48.315988,-10.192420,0</coordinates></LineString></Placemark>
<Placemark><name>12075583</name><styleUrl>#styleDaimonCIRCUITO293TRECHO</styleUrl><LineString><coordinates>-48.317051,-10.192447,0 -48.317045,-10.192436,0</coordinates></LineString></Placemark>
<Placemark><name>3417108</name><styleUrl>#styleDaimonCIRCUITO293TRECHO</styleUrl><LineString><coordinates>-48.317045,-10.192436,0 -48.317360,-10.192439,0</coordinates></LineString></Placemark>
<Placemark><name>3477653</name><styleUrl>#styleDaimonCIRCUITO293TRECHO</styleUrl><LineString><coordinates>-48.317023,-10.192762,0 -48.317051,-10.192447,0</coordinates></LineString></Placemark>
<Placemark><name>3477652</name><styleUrl>#styleDaimonCIRCUITO293TRECHO</styleUrl><LineString><coordinates>-48.317008,-10.193050,0 -48.317023,-10.192762,0</coordinates></LineString></Placemark>
<Placemark><name>12075584</name><styleUrl>#styleDaimonCIRCUITO293TRECHO</styleUrl><LineString><coordinates>-48.317007,-10.193068,0 -48.317008,-10.193050,0</coordinates></LineString></Placemark>
<Placemark><name>2985419</name><styleUrl>#styleDaimonCIRCUITO293TRECHO</styleUrl><LineString><coordinates>-48.316692,-10.193063,0 -48.317007,-10.193068,0</coordinates></LineString></Placemark>
<Placemark><name>2985420</name><styleUrl>#styleDaimonCIRCUITO293TRECHO</styleUrl><LineString><coordinates>-48.317007,-10.193068,0 -48.317328,-10.193072,0</coordinates></LineString></Placemark>
<Placemark><name>12075579</name><styleUrl>#styleDaimonCIRCUITO293TRECHO</styleUrl><LineString><coordinates>-48.316658,-10.193063,0 -48.316692,-10.193063,0</coordinates></LineString></Placemark>
<Placemark><name>12072450</name><styleUrl>#styleDaimonCIRCUITO293TRECHO</styleUrl><LineString><coordinates>-48.317328,-10.193072,0 -48.317362,-10.193073,0</coordinates></LineString></Placemark>
<Placemark><name>3057802</name><styleUrl>#styleDaimonCIRCUITO293TRECHO</styleUrl><LineString><coordinates>-48.316583,-10.193062,0 -48.316658,-10.193063,0</coordinates></LineString></Placemark>
<Placemark><name>2530875</name><styleUrl>#styleDaimonCIRCUITO293TRECHO</styleUrl><LineString><coordinates>-48.317362,-10.193073,0 -48.317663,-10.193076,0</coordinates></LineString></Placemark>
<Placemark><name>3057800</name><styleUrl>#styleDaimonCIRCUITO293TRECHO</styleUrl><LineString><coordinates>-48.316577,-10.193269,0 -48.316583,-10.193062,0</coordinates></LineString></Placemark>
<Placemark><name>3057801</name><styleUrl>#styleDaimonCIRCUITO293TRECHO</styleUrl><LineString><coordinates>-48.316583,-10.193062,0 -48.316588,-10.192969,0</coordinates></LineString></Placemark>
<Placemark><name>3057803</name><styleUrl>#styleDaimonCIRCUITO293TRECHO</styleUrl><LineString><coordinates>-48.316583,-10.193062,0 -48.316355,-10.193060,0</coordinates></LineString></Placemark>
<Placemark><name>2530876</name><styleUrl>#styleDaimonCIRCUITO293TRECHO</styleUrl><LineString><coordinates>-48.317663,-10.193076,0 -48.317974,-10.193078,0</coordinates></LineString></Placemark>
<Placemark><name>3495876</name><styleUrl>#styleDaimonCIRCUITO293TRECHO</styleUrl><LineString><coordinates>-48.316566,-10.193568,0 -48.316577,-10.193269,0</coordinates></LineString></Placemark>
<Placemark><name>2968562</name><styleUrl>#styleDaimonCIRCUITO293TRECHO</styleUrl><LineString><coordinates>-48.316355,-10.193060,0 -48.316029,-10.193057,0</coordinates></LineString></Placemark>
<Placemark><name>3057797</name><styleUrl>#styleDaimonCIRCUITO293TRECHO</styleUrl><LineString><coordinates>-48.316562,-10.193657,0 -48.316566,-10.193568,0</coordinates></LineString></Placemark>
<Placemark><name>12075799</name><styleUrl>#styleDaimonCIRCUITO293TRECHO</styleUrl><LineString><coordinates>-48.316029,-10.193057,0 -48.315996,-10.193056,0</coordinates></LineString></Placemark>
<Placemark><name>3057799</name><styleUrl>#styleDaimonCIRCUITO293TRECHO</styleUrl><LineString><coordinates>-48.316562,-10.193657,0 -48.316320,-10.193657,0</coordinates></LineString></Placemark>
<Placemark><name>3057798</name><styleUrl>#styleDaimonCIRCUITO293TRECHO</styleUrl><LineString><coordinates>-48.316562,-10.193657,0 -48.316611,-10.193659,0</coordinates></LineString></Placemark>
<Placemark><name>3057796</name><styleUrl>#styleDaimonCIRCUITO293TRECHO</styleUrl><LineString><coordinates>-48.316556,-10.193882,0 -48.316562,-10.193657,0</coordinates></LineString></Placemark>
<Placemark><name>2968835</name><styleUrl>#styleDaimonCIRCUITO293TRECHO</styleUrl><LineString><coordinates>-48.315996,-10.193056,0 -48.315657,-10.193053,0</coordinates></LineString></Placemark>
<Placemark><name>2952901</name><styleUrl>#styleDaimonCIRCUITO293TRECHO</styleUrl><LineString><coordinates>-48.316320,-10.193657,0 -48.316004,-10.193654,0</coordinates></LineString></Placemark>
<Placemark><name>53095536</name><styleUrl>#styleDaimonCIRCUITO293TRECHO</styleUrl><LineString><coordinates>-48.316611,-10.193659,0 -48.316641,-10.193659,0</coordinates></LineString></Placemark>
<Placemark><name>3487134</name><styleUrl>#styleDaimonCIRCUITO293TRECHO</styleUrl><LineString><coordinates>-48.316546,-10.194172,0 -48.316556,-10.193882,0</coordinates></LineString></Placemark>
<Placemark><name>2810463</name><styleUrl>#styleDaimonCIRCUITO293TRECHO</styleUrl><LineString><coordinates>-48.315657,-10.193053,0 -48.315414,-10.193049,0</coordinates></LineString></Placemark>
<Placemark><name>53477789</name><styleUrl>#styleDaimonCIRCUITO293TRECHO</styleUrl><LineString><coordinates>-48.316004,-10.193654,0 -48.315971,-10.193655,0</coordinates></LineString></Placemark>
<Placemark><name>53095495</name><styleUrl>#styleDaimonCIRCUITO293TRECHO</styleUrl><LineString><coordinates>-48.316641,-10.193659,0 -48.316857,-10.193660,0</coordinates></LineString></Placemark>
<Placemark><name>3487133</name><styleUrl>#styleDaimonCIRCUITO293TRECHO</styleUrl><LineString><coordinates>-48.316540,-10.194417,0 -48.316546,-10.194172,0</coordinates></LineString></Placemark>
<Placemark><name>2810464</name><styleUrl>#styleDaimonCIRCUITO293TRECHO</styleUrl><LineString><coordinates>-48.315414,-10.193049,0 -48.315349,-10.193049,0</coordinates></LineString></Placemark>
<Placemark><name>53477812</name><styleUrl>#styleDaimonCIRCUITO293TRECHO</styleUrl><LineString><coordinates>-48.315971,-10.193655,0 -48.315645,-10.193649,0</coordinates></LineString></Placemark>
<Placemark><name>53095496</name><styleUrl>#styleDaimonCIRCUITO293TRECHO</styleUrl><LineString><coordinates>-48.316857,-10.193660,0 -48.317074,-10.193661,0</coordinates></LineString></Placemark>
<Placemark><name>12075798</name><styleUrl>#styleDaimonCIRCUITO293TRECHO</styleUrl><LineString><coordinates>-48.316537,-10.194433,0 -48.316540,-10.194417,0</coordinates></LineString></Placemark>
<Placemark><name>2968836</name><styleUrl>#styleDaimonCIRCUITO293TRECHO</styleUrl><LineString><coordinates>-48.315349,-10.193049,0 -48.315028,-10.193046,0</coordinates></LineString></Placemark>
<Placemark><name>53477813</name><styleUrl>#styleDaimonCIRCUITO293TRECHO</styleUrl><LineString><coordinates>-48.315645,-10.193649,0 -48.315320,-10.193650,0</coordinates></LineString></Placemark>
<Placemark><name>53095482</name><styleUrl>#styleDaimonCIRCUITO293TRECHO</styleUrl><LineString><coordinates>-48.317074,-10.193661,0 -48.317463,-10.193664,0</coordinates></LineString></Placemark>
<Placemark><name>3495754</name><styleUrl>#styleDaimonCIRCUITO293TRECHO</styleUrl><LineString><coordinates>-48.316537,-10.194433,0 -48.316879,-10.194435,0</coordinates></LineString></Placemark>
<Placemark><name>3487132</name><styleUrl>#styleDaimonCIRCUITO293TRECHO</styleUrl><LineString><coordinates>-48.316250,-10.194433,0 -48.316537,-10.194433,0</coordinates></LineString></Placemark>
<Placemark><name>53477814</name><styleUrl>#styleDaimonCIRCUITO293TRECHO</styleUrl><LineString><coordinates>-48.315320,-10.193650,0 -48.314979,-10.193651,0</coordinates></LineString></Placemark>
<Placemark><name>3487131</name><styleUrl>#styleDaimonCIRCUITO293TRECHO</styleUrl><LineString><coordinates>-48.315932,-10.194431,0 -48.316250,-10.194433,0</coordinates></LineString></Placemark>
<Placemark><name>53477815</name><styleUrl>#styleDaimonCIRCUITO293TRECHO</styleUrl><LineString><coordinates>-48.314979,-10.193651,0 -48.314798,-10.193648,0</coordinates></LineString></Placemark>
<Placemark><name>3476163</name><styleUrl>#styleDaimonCIRCUITO293TRECHO</styleUrl><LineString><coordinates>-48.315613,-10.194429,0 -48.315932,-10.194431,0</coordinates></LineString></Placemark>
<Placemark><name>53477797</name><styleUrl>#styleDaimonCIRCUITO293TRECHO</styleUrl><LineString><coordinates>-48.314798,-10.193648,0 -48.314650,-10.193646,0</coordinates></LineString></Placemark>
<Placemark><name>3496037</name><styleUrl>#styleDaimonCIRCUITO293TRECHO</styleUrl><LineString><coordinates>-48.315286,-10.194427,0 -48.315613,-10.194429,0</coordinates></LineString></Placemark>
<Placemark><name>2969465</name><styleUrl>#styleDaimonCIRCUITO293TRECHO</styleUrl><LineString><coordinates>-48.314975,-10.194427,0 -48.315286,-10.194427,0</coordinates></LineString></Placemark>
<Placemark><name>2969464</name><styleUrl>#styleDaimonCIRCUITO293TRECHO</styleUrl><LineString><coordinates>-48.314666,-10.194425,0 -48.314975,-10.194427,0</coordinates></LineString></Placemark>
<Placemark><name>3052618</name><styleUrl>#styleDaimonCIRCUITO293TRECHO</styleUrl><LineString><coordinates>-48.314395,-10.194423,0 -48.314666,-10.194425,0</coordinates></LineString></Placemark>
<Placemark><name>3052615</name><styleUrl>#styleDaimonCIRCUITO293TRECHO</styleUrl><LineString><coordinates>-48.314395,-10.194591,0 -48.314395,-10.194423,0</coordinates></LineString></Placemark>
<Placemark><name>3052617</name><styleUrl>#styleDaimonCIRCUITO293TRECHO</styleUrl><LineString><coordinates>-48.314395,-10.194423,0 -48.314335,-10.194423,0</coordinates></LineString></Placemark>
<Placemark><name>3052616</name><styleUrl>#styleDaimonCIRCUITO293TRECHO</styleUrl><LineString><coordinates>-48.314395,-10.194423,0 -48.314396,-10.194353,0</coordinates></LineString></Placemark>
<Placemark><name>12075933</name><styleUrl>#styleDaimonCIRCUITO293TRECHO</styleUrl><LineString><coordinates>-48.314365,-10.194604,0 -48.314395,-10.194591,0</coordinates></LineString></Placemark>
<Placemark><name>2969463</name><styleUrl>#styleDaimonCIRCUITO293TRECHO</styleUrl><LineString><coordinates>-48.314395,-10.194591,0 -48.314396,-10.194858,0</coordinates></LineString></Placemark>
<Placemark><name>3489884</name><styleUrl>#styleDaimonCIRCUITO293TRECHO</styleUrl><LineString><coordinates>-48.314199,-10.194679,0 -48.314365,-10.194604,0</coordinates></LineString></Placemark>
<Placemark><name>3052961</name><styleUrl>#styleDaimonCIRCUITO293TRECHO</styleUrl><LineString><coordinates>-48.314396,-10.194858,0 -48.314395,-10.194987,0</coordinates></LineString></Placemark>
<Placemark><name>3052962</name><styleUrl>#styleDaimonCIRCUITO293TRECHO</styleUrl><LineString><coordinates>-48.314395,-10.194987,0 -48.314396,-10.195087,0</coordinates></LineString></Placemark>
<Placemark><name>3052963</name><styleUrl>#styleDaimonCIRCUITO293TRECHO</styleUrl><LineString><coordinates>-48.314395,-10.194987,0 -48.314628,-10.194991,0</coordinates></LineString></Placemark>
<Placemark><name>3052964</name><styleUrl>#styleDaimonCIRCUITO293TRECHO</styleUrl><LineString><coordinates>-48.314395,-10.194987,0 -48.314328,-10.194986,0</coordinates></LineString></Placemark>
<Placemark><name>3489763</name><styleUrl>#styleDaimonCIRCUITO293TRECHO</styleUrl><LineString><coordinates>-48.314628,-10.194991,0 -48.314951,-10.194997,0</coordinates></LineString></Placemark>
<Placemark><name>3489509</name><styleUrl>#styleDaimonCIRCUITO293TRECHO</styleUrl><LineString><coordinates>-48.314951,-10.194997,0 -48.315264,-10.195002,0</coordinates></LineString></Placemark>
<Placemark><name>3488651</name><styleUrl>#styleDaimonCIRCUITO293TRECHO</styleUrl><LineString><coordinates>-48.315264,-10.195002,0 -48.315588,-10.195007,0</coordinates></LineString></Placemark>
<Placemark><name>3488650</name><styleUrl>#styleDaimonCIRCUITO293TRECHO</styleUrl><LineString><coordinates>-48.315588,-10.195007,0 -48.315883,-10.195012,0</coordinates></LineString></Placemark>
<Placemark><name>3487411</name><styleUrl>#styleDaimonCIRCUITO293TRECHO</styleUrl><LineString><coordinates>-48.317512,-10.191999,0 -48.317837,-10.192003,0</coordinates></LineString></Placemark>
<Placemark><name>3487410</name><styleUrl>#styleDaimonCIRCUITO293TRECHO</styleUrl><LineString><coordinates>-48.317837,-10.192003,0 -48.318172,-10.192008,0</coordinates></LineString></Placemark>
<Placemark><name>3487412</name><styleUrl>#styleDaimonCIRCUITO293TRECHO</styleUrl><LineString><coordinates>-48.317178,-10.191993,0 -48.317512,-10.191999,0</coordinates></LineString></Placemark>
<Placemark><name>3487409</name><styleUrl>#styleDaimonCIRCUITO293TRECHO</styleUrl><LineString><coordinates>-48.318172,-10.192008,0 -48.318487,-10.192013,0</coordinates></LineString></Placemark>
<Placemark><name>3487413</name><styleUrl>#styleDaimonCIRCUITO293TRECHO</styleUrl><LineString><coordinates>-48.316846,-10.191988,0 -48.317178,-10.191993,0</coordinates></LineString></Placemark>
<Placemark><name>12074195</name><styleUrl>#styleDaimonCIRCUITO293TRECHO</styleUrl><LineString><coordinates>-48.318487,-10.192013,0 -48.318521,-10.192013,0</coordinates></LineString></Placemark>
<Placemark><name>3476160</name><styleUrl>#styleDaimonCIRCUITO293TRECHO</styleUrl><LineString><coordinates>-48.316519,-10.191984,0 -48.316846,-10.191988,0</coordinates></LineString></Placemark>
<Placemark><name>3487408</name><styleUrl>#styleDaimonCIRCUITO293TRECHO</styleUrl><LineString><coordinates>-48.318521,-10.192013,0 -48.318846,-10.192018,0</coordinates></LineString></Placemark>
<Placemark><name>3476161</name><styleUrl>#styleDaimonCIRCUITO293TRECHO</styleUrl><LineString><coordinates>-48.316177,-10.191979,0 -48.316519,-10.191984,0</coordinates></LineString></Placemark>
<Placemark><name>3417567</name><styleUrl>#styleDaimonCIRCUITO293TRECHO</styleUrl><LineString><coordinates>-48.318846,-10.192018,0 -48.318999,-10.192146,0</coordinates></LineString></Placemark>
<Placemark><name>3476162</name><styleUrl>#styleDaimonCIRCUITO293TRECHO</styleUrl><LineString><coordinates>-48.315851,-10.191974,0 -48.316177,-10.191979,0</coordinates></LineString></Placemark>
<Placemark><name>3417566</name><styleUrl>#styleDaimonCIRCUITO293TRECHO</styleUrl><LineString><coordinates>-48.318999,-10.192146,0 -48.319119,-10.192336,0</coordinates></LineString></Placemark>
<Placemark><name>2977055</name><styleUrl>#styleDaimonCIRCUITO293TRECHO</styleUrl><LineString><coordinates>-48.315516,-10.191970,0 -48.315851,-10.191974,0</coordinates></LineString></Placemark>
<Placemark><name>3417565</name><styleUrl>#styleDaimonCIRCUITO293TRECHO</styleUrl><LineString><coordinates>-48.319119,-10.192336,0 -48.319396,-10.192289,0</coordinates></LineString></Placemark>
<Placemark><name>3489505</name><styleUrl>#styleDaimonCIRCUITO293TRECHO</styleUrl><LineString><coordinates>-48.315218,-10.191966,0 -48.315516,-10.191970,0</coordinates></LineString></Placemark>
<Placemark><name>2954195</name><styleUrl>#styleDaimonCIRCUITO293TRECHO</styleUrl><LineString><coordinates>-48.319396,-10.192289,0 -48.319525,-10.192123,0</coordinates></LineString></Placemark>
<Placemark><name>2977056</name><styleUrl>#styleDaimonCIRCUITO293TRECHO</styleUrl><LineString><coordinates>-48.314865,-10.191960,0 -48.315218,-10.191966,0</coordinates></LineString></Placemark>
<Placemark><name>2954194</name><styleUrl>#styleDaimonCIRCUITO293TRECHO</styleUrl><LineString><coordinates>-48.319525,-10.192123,0 -48.319681,-10.192038,0</coordinates></LineString></Placemark>
<Placemark><name>2977057</name><styleUrl>#styleDaimonCIRCUITO293TRECHO</styleUrl><LineString><coordinates>-48.314551,-10.191957,0 -48.314865,-10.191960,0</coordinates></LineString></Placemark>
<Placemark><name>2953989</name><styleUrl>#styleDaimonCIRCUITO293TRECHO</styleUrl><LineString><coordinates>-48.319681,-10.192038,0 -48.319971,-10.192037,0</coordinates></LineString></Placemark>
<Placemark><name>3489764</name><styleUrl>#styleDaimonCIRCUITO293TRECHO</styleUrl><LineString><coordinates>-48.314396,-10.195096,0 -48.314395,-10.195169,0</coordinates></LineString></Placemark>
<Placemark><name>3476247</name><styleUrl>#styleDaimonCIRCUITO293TRECHO</styleUrl><LineString><coordinates>-48.319130,-10.191478,0 -48.319394,-10.191472,0</coordinates></LineString></Placemark>
<Placemark><name>2954206</name><styleUrl>#styleDaimonCIRCUITO293TRECHO</styleUrl><LineString><coordinates>-48.319394,-10.191472,0 -48.319536,-10.191619,0</coordinates></LineString></Placemark>
<Placemark><name>12071146</name><styleUrl>#styleDaimonCIRCUITO293TRECHO</styleUrl><LineString><coordinates>-48.319120,-10.191493,0 -48.319130,-10.191478,0</coordinates></LineString></Placemark>
<Placemark><name>3476248</name><styleUrl>#styleDaimonCIRCUITO293TRECHO</styleUrl><LineString><coordinates>-48.319130,-10.191478,0 -48.319133,-10.191186,0</coordinates></LineString></Placemark>
<Placemark><name>2954207</name><styleUrl>#styleDaimonCIRCUITO293TRECHO</styleUrl><LineString><coordinates>-48.319536,-10.191619,0 -48.319611,-10.191701,0</coordinates></LineString></Placemark>
<Placemark><name>2962238</name><styleUrl>#styleDaimonCIRCUITO293TRECHO</styleUrl><LineString><coordinates>-48.319000,-10.191626,0 -48.319120,-10.191493,0</coordinates></LineString></Placemark>
<Placemark><name>12071147</name><styleUrl>#styleDaimonCIRCUITO293TRECHO</styleUrl><LineString><coordinates>-48.319133,-10.191186,0 -48.319134,-10.191151,0</coordinates></LineString></Placemark>
<Placemark><name>2954208</name><styleUrl>#styleDaimonCIRCUITO293TRECHO</styleUrl><LineString><coordinates>-48.319611,-10.191701,0 -48.319969,-10.191698,0</coordinates></LineString></Placemark>
<Placemark><name>2962237</name><styleUrl>#styleDaimonCIRCUITO293TRECHO</styleUrl><LineString><coordinates>-48.318893,-10.191743,0 -48.319000,-10.191626,0</coordinates></LineString></Placemark>
<Placemark><name>3476249</name><styleUrl>#styleDaimonCIRCUITO293TRECHO</styleUrl><LineString><coordinates>-48.319134,-10.191151,0 -48.319137,-10.190861,0</coordinates></LineString></Placemark>
<Placemark><name>12076606</name><styleUrl>#styleDaimonCIRCUITO293TRECHO</styleUrl><LineString><coordinates>-48.319969,-10.191698,0 -48.320006,-10.191699,0</coordinates></LineString></Placemark>
<Placemark><name>12071793</name><styleUrl>#styleDaimonCIRCUITO293TRECHO</styleUrl><LineString><coordinates>-48.318886,-10.191774,0 -48.318893,-10.191743,0</coordinates></LineString></Placemark>
<Placemark><name>2962742</name><styleUrl>#styleDaimonCIRCUITO293TRECHO</styleUrl><LineString><coordinates>-48.318893,-10.191743,0 -48.318565,-10.191757,0</coordinates></LineString></Placemark>
<Placemark><name>3476250</name><styleUrl>#styleDaimonCIRCUITO293TRECHO</styleUrl><LineString><coordinates>-48.319137,-10.190861,0 -48.319140,-10.190532,0</coordinates></LineString></Placemark>
<Placemark><name>2781728</name><styleUrl>#styleDaimonCIRCUITO293TRECHO</styleUrl><LineString><coordinates>-48.320006,-10.191699,0 -48.320318,-10.191703,0</coordinates></LineString></Placemark>
<Placemark><name>3487407</name><styleUrl>#styleDaimonCIRCUITO293TRECHO</styleUrl><LineString><coordinates>-48.318851,-10.191994,0 -48.318886,-10.191774,0</coordinates></LineString></Placemark>
<Placemark><name>2959884</name><styleUrl>#styleDaimonCIRCUITO293TRECHO</styleUrl><LineString><coordinates>-48.319140,-10.190532,0 -48.319145,-10.190204,0</coordinates></LineString></Placemark>
<Placemark><name>2781727</name><styleUrl>#styleDaimonCIRCUITO293TRECHO</styleUrl><LineString><coordinates>-48.320318,-10.191703,0 -48.320682,-10.191711,0</coordinates></LineString></Placemark>
<Placemark><name>2969455</name><styleUrl>#styleDaimonCIRCUITO293TRECHO</styleUrl><LineString><coordinates>-48.319145,-10.190204,0 -48.319147,-10.189899,0</coordinates></LineString></Placemark>
<Placemark><name>2781725</name><styleUrl>#styleDaimonCIRCUITO293TRECHO</styleUrl><LineString><coordinates>-48.320682,-10.191711,0 -48.320971,-10.191697,0</coordinates></LineString></Placemark>
<Placemark><name>2969456</name><styleUrl>#styleDaimonCIRCUITO293TRECHO</styleUrl><LineString><coordinates>-48.319147,-10.189899,0 -48.319151,-10.189567,0</coordinates></LineString></Placemark>
<Placemark><name>2781726</name><styleUrl>#styleDaimonCIRCUITO293TRECHO</styleUrl><LineString><coordinates>-48.320971,-10.191697,0 -48.321306,-10.191624,0</coordinates></LineString></Placemark>
<Placemark><name>2969457</name><styleUrl>#styleDaimonCIRCUITO293TRECHO</styleUrl><LineString><coordinates>-48.319151,-10.189567,0 -48.319154,-10.189259,0</coordinates></LineString></Placemark>
<Placemark><name>2781729</name><styleUrl>#styleDaimonCIRCUITO293TRECHO</styleUrl><LineString><coordinates>-48.321306,-10.191624,0 -48.321645,-10.191615,0</coordinates></LineString></Placemark>
<Placemark><name>2969458</name><styleUrl>#styleDaimonCIRCUITO293TRECHO</styleUrl><LineString><coordinates>-48.319154,-10.189259,0 -48.319077,-10.188952,0</coordinates></LineString></Placemark>
<Placemark><name>2781730</name><styleUrl>#styleDaimonCIRCUITO293TRECHO</styleUrl><LineString><coordinates>-48.321645,-10.191615,0 -48.321975,-10.191609,0</coordinates></LineString></Placemark>
<Placemark><name>2968861</name><styleUrl>#styleDaimonCIRCUITO293TRECHO</styleUrl><LineString><coordinates>-48.319077,-10.188952,0 -48.319056,-10.188640,0</coordinates></LineString></Placemark>
<Placemark><name>12079924</name><styleUrl>#styleDaimonCIRCUITO293TRECHO</styleUrl><LineString><coordinates>-48.321975,-10.191609,0 -48.321976,-10.191593,0</coordinates></LineString></Placemark>
<Placemark><name>2781731</name><styleUrl>#styleDaimonCIRCUITO293TRECHO</styleUrl><LineString><coordinates>-48.321975,-10.191609,0 -48.322240,-10.191616,0</coordinates></LineString></Placemark>
<Placemark><name>2968862</name><styleUrl>#styleDaimonCIRCUITO293TRECHO</styleUrl><LineString><coordinates>-48.319056,-10.188640,0 -48.319058,-10.188343,0</coordinates></LineString></Placemark>
<Placemark><name>3474348</name><styleUrl>#styleDaimonCIRCUITO293TRECHO</styleUrl><LineString><coordinates>-48.321976,-10.191593,0 -48.321957,-10.191244,0</coordinates></LineString></Placemark>
<Placemark><name>2781732</name><styleUrl>#styleDaimonCIRCUITO293TRECHO</styleUrl><LineString><coordinates>-48.322240,-10.191616,0 -48.322320,-10.191608,0</coordinates></LineString></Placemark>
<Placemark><name>12071148</name><styleUrl>#styleDaimonCIRCUITO293TRECHO</styleUrl><LineString><coordinates>-48.319058,-10.188343,0 -48.319042,-10.188342,0</coordinates></LineString></Placemark>
<Placemark><name>2968131</name><styleUrl>#styleDaimonCIRCUITO293TRECHO</styleUrl><LineString><coordinates>-48.319058,-10.188343,0 -48.319060,-10.188052,0</coordinates></LineString></Placemark>
<Placemark><name>12076607</name><styleUrl>#styleDaimonCIRCUITO293TRECHO</styleUrl><LineString><coordinates>-48.322320,-10.191608,0 -48.322353,-10.191607,0</coordinates></LineString></Placemark>
<Placemark><name>2968863</name><styleUrl>#styleDaimonCIRCUITO293TRECHO</styleUrl><LineString><coordinates>-48.319042,-10.188342,0 -48.318743,-10.188331,0</coordinates></LineString></Placemark>
<Placemark><name>12071149</name><styleUrl>#styleDaimonCIRCUITO293TRECHO</styleUrl><LineString><coordinates>-48.319060,-10.188052,0 -48.319060,-10.188017,0</coordinates></LineString></Placemark>
<Placemark><name>2781854</name><styleUrl>#styleDaimonCIRCUITO293TRECHO</styleUrl><LineString><coordinates>-48.322353,-10.191607,0 -48.322667,-10.191658,0</coordinates></LineString></Placemark>
<Placemark><name>2968132</name><styleUrl>#styleDaimonCIRCUITO293TRECHO</styleUrl><LineString><coordinates>-48.319060,-10.188017,0 -48.319098,-10.187700,0</coordinates></LineString></Placemark>
<Placemark><name>3476297</name><styleUrl>#styleDaimonCIRCUITO293TRECHO</styleUrl><LineString><coordinates>-48.322667,-10.191658,0 -48.322988,-10.191710,0</coordinates></LineString></Placemark>
<Placemark><name>2968133</name><styleUrl>#styleDaimonCIRCUITO293TRECHO</styleUrl><LineString><coordinates>-48.319098,-10.187700,0 -48.319174,-10.187393,0</coordinates></LineString></Placemark>
<Placemark><name>3417328</name><styleUrl>#styleDaimonCIRCUITO293TRECHO</styleUrl><LineString><coordinates>-48.322988,-10.191710,0 -48.323290,-10.191734,0</coordinates></LineString></Placemark>
<Placemark><name>2968134</name><styleUrl>#styleDaimonCIRCUITO293TRECHO</styleUrl><LineString><coordinates>-48.319174,-10.187393,0 -48.319178,-10.187089,0</coordinates></LineString></Placemark>
<Placemark><name>3417329</name><styleUrl>#styleDaimonCIRCUITO293TRECHO</styleUrl><LineString><coordinates>-48.323290,-10.191734,0 -48.323542,-10.191733,0</coordinates></LineString></Placemark>
<Placemark><name>3488165</name><styleUrl>#styleDaimonCIRCUITO293TRECHO</styleUrl><LineString><coordinates>-48.319178,-10.187089,0 -48.319182,-10.186764,0</coordinates></LineString></Placemark>
<Placemark><name>3488166</name><styleUrl>#styleDaimonCIRCUITO293TRECHO</styleUrl><LineString><coordinates>-48.319182,-10.186764,0 -48.319185,-10.186471,0</coordinates></LineString></Placemark>
<Placemark><name>3476511</name><styleUrl>#styleDaimonCIRCUITO293TRECHO</styleUrl><LineString><coordinates>-48.319185,-10.186471,0 -48.319188,-10.186137,0</coordinates></LineString></Placemark>
<Placemark><name>3476512</name><styleUrl>#styleDaimonCIRCUITO293TRECHO</styleUrl><LineString><coordinates>-48.319188,-10.186137,0 -48.319191,-10.185824,0</coordinates></LineString></Placemark>
<Placemark><name>3476513</name><styleUrl>#styleDaimonCIRCUITO293TRECHO</styleUrl><LineString><coordinates>-48.319191,-10.185824,0 -48.319195,-10.185515,0</coordinates></LineString></Placemark>
<Placemark><name>3468967</name><styleUrl>#styleDaimonCIRCUITO293TRECHO</styleUrl><LineString><coordinates>-48.319195,-10.185515,0 -48.319198,-10.185212,0</coordinates></LineString></Placemark>
<Placemark><name>3468968</name><styleUrl>#styleDaimonCIRCUITO293TRECHO</styleUrl><LineString><coordinates>-48.319198,-10.185212,0 -48.319201,-10.184974,0</coordinates></LineString></Placemark>
<Placemark><name>2953986</name><styleUrl>#styleDaimonCIRCUITO293TRECHO</styleUrl><LineString><coordinates>-48.320970,-10.192034,0 -48.320997,-10.192033,0</coordinates></LineString></Placemark>
<Placemark><name>2970542</name><styleUrl>#styleDaimonCIRCUITO293TRECHO</styleUrl><LineString><coordinates>-48.320997,-10.192033,0 -48.321230,-10.192030,0</coordinates></LineString></Placemark>
<Placemark><name>40634346</name><styleUrl>#styleDaimonCIRCUITO293TRECHO</styleUrl><LineString><coordinates>-48.320682,-10.192035,0 -48.320970,-10.192034,0</coordinates></LineString></Placemark>
<Placemark><name>3489214</name><styleUrl>#styleDaimonCIRCUITO293TRECHO</styleUrl><LineString><coordinates>-48.321230,-10.192030,0 -48.321190,-10.192065,0</coordinates></LineString></Placemark>
<Placemark><name>3476349</name><styleUrl>#styleDaimonCIRCUITO293TRECHO</styleUrl><LineString><coordinates>-48.321230,-10.192030,0 -48.321362,-10.192032,0</coordinates></LineString></Placemark>
<Placemark><name>2953987</name><styleUrl>#styleDaimonCIRCUITO293TRECHO</styleUrl><LineString><coordinates>-48.320349,-10.192036,0 -48.320682,-10.192035,0</coordinates></LineString></Placemark>
<Placemark><name>3476348</name><styleUrl>#styleDaimonCIRCUITO293TRECHO</styleUrl><LineString><coordinates>-48.321362,-10.192032,0 -48.321653,-10.192140,0</coordinates></LineString></Placemark>
<Placemark><name>2953988</name><styleUrl>#styleDaimonCIRCUITO293TRECHO</styleUrl><LineString><coordinates>-48.320009,-10.192038,0 -48.320349,-10.192036,0</coordinates></LineString></Placemark>
<Placemark><name>3476347</name><styleUrl>#styleDaimonCIRCUITO293TRECHO</styleUrl><LineString><coordinates>-48.321653,-10.192140,0 -48.322053,-10.192170,0</coordinates></LineString></Placemark>
<Placemark><name>12075928</name><styleUrl>#styleDaimonCIRCUITO293TRECHO</styleUrl><LineString><coordinates>-48.322053,-10.192170,0 -48.322053,-10.192186,0</coordinates></LineString></Placemark>
<Placemark><name>3476344</name><styleUrl>#styleDaimonCIRCUITO293TRECHO</styleUrl><LineString><coordinates>-48.322053,-10.192170,0 -48.322355,-10.192122,0</coordinates></LineString></Placemark>
<Placemark><name>3476345</name><styleUrl>#styleDaimonCIRCUITO293TRECHO</styleUrl><LineString><coordinates>-48.322053,-10.192186,0 -48.322006,-10.192335,0</coordinates></LineString></Placemark>
<Placemark><name>3476060</name><styleUrl>#styleDaimonCIRCUITO293TRECHO</styleUrl><LineString><coordinates>-48.322355,-10.192122,0 -48.322673,-10.192107,0</coordinates></LineString></Placemark>
<Placemark><name>3476059</name><styleUrl>#styleDaimonCIRCUITO293TRECHO</styleUrl><LineString><coordinates>-48.322673,-10.192107,0 -48.322991,-10.192027,0</coordinates></LineString></Placemark>
<Placemark><name>3476058</name><styleUrl>#styleDaimonCIRCUITO293TRECHO</styleUrl><LineString><coordinates>-48.322991,-10.192027,0 -48.323130,-10.192026,0</coordinates></LineString></Placemark>
<Placemark><name>3490039</name><styleUrl>#styleDaimonCIRCUITO293TRECHO</styleUrl><LineString><coordinates>-48.323130,-10.192026,0 -48.323351,-10.192026,0</coordinates></LineString></Placemark>
<Placemark><name>3476346</name><styleUrl>#styleDaimonCIRCUITO293TRECHO</styleUrl><LineString><coordinates>-48.323351,-10.192026,0 -48.323680,-10.192024,0</coordinates></LineString></Placemark>
<Placemark><name>2532950</name><styleUrl>#styleDaimonCIRCUITO293TRECHO</styleUrl><LineString><coordinates>-48.323680,-10.192024,0 -48.323889,-10.192023,0</coordinates></LineString></Placemark>
<Placemark><name>3660967</name><styleUrl>#styleDaimonCIRCUITO293TRECHO</styleUrl><LineString><coordinates>-48.323889,-10.192023,0 -48.323922,-10.191991,0</coordinates></LineString></Placemark>
<Placemark><name>2962740</name><styleUrl>#styleDaimonCIRCUITO293TRECHO</styleUrl><LineString><coordinates>-48.318376,-10.191757,0 -48.318070,-10.191755,0</coordinates></LineString></Placemark>
<Placemark><name>2977242</name><styleUrl>#styleDaimonCIRCUITO293TRECHO</styleUrl><LineString><coordinates>-48.318070,-10.191755,0 -48.317741,-10.191753,0</coordinates></LineString></Placemark>
<Placemark><name>2962741</name><styleUrl>#styleDaimonCIRCUITO293TRECHO</styleUrl><LineString><coordinates>-48.318547,-10.191758,0 -48.318376,-10.191757,0</coordinates></LineString></Placemark>
<Placemark><name>2969128</name><styleUrl>#styleDaimonCIRCUITO293TRECHO</styleUrl><LineString><coordinates>-48.317741,-10.191753,0 -48.317371,-10.191751,0</coordinates></LineString></Placemark>
<Placemark><name>2969127</name><styleUrl>#styleDaimonCIRCUITO293TRECHO</styleUrl><LineString><coordinates>-48.317371,-10.191751,0 -48.317049,-10.191749,0</coordinates></LineString></Placemark>
<Placemark><name>2969126</name><styleUrl>#styleDaimonCIRCUITO293TRECHO</styleUrl><LineString><coordinates>-48.317049,-10.191749,0 -48.316735,-10.191748,0</coordinates></LineString></Placemark>
<Placemark><name>2969125</name><styleUrl>#styleDaimonCIRCUITO293TRECHO</styleUrl><LineString><coordinates>-48.316735,-10.191748,0 -48.316389,-10.191746,0</coordinates></LineString></Placemark>
<Placemark><name>2969124</name><styleUrl>#styleDaimonCIRCUITO293TRECHO</styleUrl><LineString><coordinates>-48.316389,-10.191746,0 -48.316092,-10.191744,0</coordinates></LineString></Placemark>
<Placemark><name>3476509</name><styleUrl>#styleDaimonCIRCUITO293TRECHO</styleUrl><LineString><coordinates>-48.316092,-10.191744,0 -48.315725,-10.191742,0</coordinates></LineString></Placemark>
<Placemark><name>3476508</name><styleUrl>#styleDaimonCIRCUITO293TRECHO</styleUrl><LineString><coordinates>-48.315725,-10.191742,0 -48.315376,-10.191740,0</coordinates></LineString></Placemark>
<Placemark><name>3476507</name><styleUrl>#styleDaimonCIRCUITO293TRECHO</styleUrl><LineString><coordinates>-48.315376,-10.191740,0 -48.315080,-10.191739,0</coordinates></LineString></Placemark>
<Placemark><name>3476506</name><styleUrl>#styleDaimonCIRCUITO293TRECHO</styleUrl><LineString><coordinates>-48.315080,-10.191739,0 -48.314834,-10.191738,0</coordinates></LineString></Placemark>
<Placemark><name>2960493</name><styleUrl>#styleDaimonCIRCUITO293TRECHO</styleUrl><LineString><coordinates>-48.314834,-10.191738,0 -48.314530,-10.191736,0</coordinates></LineString></Placemark>
<Placemark><name>2746085</name><styleUrl>#styleDaimonCIRCUITO293TRECHO</styleUrl><LineString><coordinates>-48.321540,-10.191028,0 -48.321381,-10.190973,0</coordinates></LineString></Placemark>
<Placemark><name>3467985</name><styleUrl>#styleDaimonCIRCUITO293TRECHO</styleUrl><LineString><coordinates>-48.321879,-10.191038,0 -48.321540,-10.191028,0</coordinates></LineString></Placemark>
<Placemark><name>2746088</name><styleUrl>#styleDaimonCIRCUITO293TRECHO</styleUrl><LineString><coordinates>-48.321381,-10.190973,0 -48.321383,-10.191015,0</coordinates></LineString></Placemark>
<Placemark><name>2746087</name><styleUrl>#styleDaimonCIRCUITO293TRECHO</styleUrl><LineString><coordinates>-48.321381,-10.190973,0 -48.321375,-10.190721,0</coordinates></LineString></Placemark>
<Placemark><name>2746086</name><styleUrl>#styleDaimonCIRCUITO293TRECHO</styleUrl><LineString><coordinates>-48.321381,-10.190973,0 -48.321284,-10.190939,0</coordinates></LineString></Placemark>
<Placemark><name>2745975</name><styleUrl>#styleDaimonCIRCUITO293TRECHO</styleUrl><LineString><coordinates>-48.321980,-10.191035,0 -48.321879,-10.191038,0</coordinates></LineString></Placemark>
<Placemark><name>2954205</name><styleUrl>#styleDaimonCIRCUITO293TRECHO</styleUrl><LineString><coordinates>-48.321375,-10.190721,0 -48.321394,-10.190425,0</coordinates></LineString></Placemark>
<Placemark><name>3467783</name><styleUrl>#styleDaimonCIRCUITO293TRECHO</styleUrl><LineString><coordinates>-48.321284,-10.190939,0 -48.321145,-10.190895,0</coordinates></LineString></Placemark>
<Placemark><name>2676324</name><styleUrl>#styleDaimonCIRCUITO293TRECHO</styleUrl><LineString><coordinates>-48.321980,-10.191035,0 -48.322232,-10.191025,0</coordinates></LineString></Placemark>
<Placemark><name>2745976</name><styleUrl>#styleDaimonCIRCUITO293TRECHO</styleUrl><LineString><coordinates>-48.321960,-10.191223,0 -48.321980,-10.191035,0</coordinates></LineString></Placemark>
<Placemark><name>2745977</name><styleUrl>#styleDaimonCIRCUITO293TRECHO</styleUrl><LineString><coordinates>-48.321980,-10.191035,0 -48.321985,-10.190988,0</coordinates></LineString></Placemark>
<Placemark><name>2954204</name><styleUrl>#styleDaimonCIRCUITO293TRECHO</styleUrl><LineString><coordinates>-48.321394,-10.190425,0 -48.321426,-10.190124,0</coordinates></LineString></Placemark>
<Placemark><name>3467784</name><styleUrl>#styleDaimonCIRCUITO293TRECHO</styleUrl><LineString><coordinates>-48.321145,-10.190895,0 -48.320871,-10.190812,0</coordinates></LineString></Placemark>
<Placemark><name>12079768</name><styleUrl>#styleDaimonCIRCUITO293TRECHO</styleUrl><LineString><coordinates>-48.321985,-10.190988,0 -48.321989,-10.190954,0</coordinates></LineString></Placemark>
<Placemark><name>2959180</name><styleUrl>#styleDaimonCIRCUITO293TRECHO</styleUrl><LineString><coordinates>-48.321426,-10.190124,0 -48.321452,-10.189779,0</coordinates></LineString></Placemark>
<Placemark><name>2745961</name><styleUrl>#styleDaimonCIRCUITO293TRECHO</styleUrl><LineString><coordinates>-48.320871,-10.190812,0 -48.320707,-10.190723,0</coordinates></LineString></Placemark>
<Placemark><name>3467986</name><styleUrl>#styleDaimonCIRCUITO293TRECHO</styleUrl><LineString><coordinates>-48.321989,-10.190954,0 -48.322034,-10.190648,0</coordinates></LineString></Placemark>
<Placemark><name>2976064</name><styleUrl>#styleDaimonCIRCUITO293TRECHO</styleUrl><LineString><coordinates>-48.321452,-10.189779,0 -48.321438,-10.189496,0</coordinates></LineString></Placemark>
<Placemark><name>2745960</name><styleUrl>#styleDaimonCIRCUITO293TRECHO</styleUrl><LineString><coordinates>-48.320707,-10.190723,0 -48.320709,-10.190520,0</coordinates></LineString></Placemark>
<Placemark><name>2745959</name><styleUrl>#styleDaimonCIRCUITO293TRECHO</styleUrl><LineString><coordinates>-48.320707,-10.190723,0 -48.320705,-10.190834,0</coordinates></LineString></Placemark>
<Placemark><name>2745962</name><styleUrl>#styleDaimonCIRCUITO293TRECHO</styleUrl><LineString><coordinates>-48.320707,-10.190723,0 -48.320536,-10.190629,0</coordinates></LineString></Placemark>
<Placemark><name>3467987</name><styleUrl>#styleDaimonCIRCUITO293TRECHO</styleUrl><LineString><coordinates>-48.322034,-10.190648,0 -48.322039,-10.190300,0</coordinates></LineString></Placemark>
<Placemark><name>3473960</name><styleUrl>#styleDaimonCIRCUITO293TRECHO</styleUrl><LineString><coordinates>-48.320709,-10.190520,0 -48.320729,-10.190184,0</coordinates></LineString></Placemark>
<Placemark><name>12079925</name><styleUrl>#styleDaimonCIRCUITO293TRECHO</styleUrl><LineString><coordinates>-48.320536,-10.190629,0 -48.320509,-10.190607,0</coordinates></LineString></Placemark>
<Placemark><name>3467988</name><styleUrl>#styleDaimonCIRCUITO293TRECHO</styleUrl><LineString><coordinates>-48.322039,-10.190300,0 -48.322062,-10.189956,0</coordinates></LineString></Placemark>
<Placemark><name>2952562</name><styleUrl>#styleDaimonCIRCUITO293TRECHO</styleUrl><LineString><coordinates>-48.320729,-10.190184,0 -48.320742,-10.189864,0</coordinates></LineString></Placemark>
<Placemark><name>2952278</name><styleUrl>#styleDaimonCIRCUITO293TRECHO</styleUrl><LineString><coordinates>-48.320509,-10.190607,0 -48.320339,-10.190471,0</coordinates></LineString></Placemark>
<Placemark><name>3475452</name><styleUrl>#styleDaimonCIRCUITO293TRECHO</styleUrl><LineString><coordinates>-48.322062,-10.189956,0 -48.322081,-10.189647,0</coordinates></LineString></Placemark>
<Placemark><name>2959337</name><styleUrl>#styleDaimonCIRCUITO293TRECHO</styleUrl><LineString><coordinates>-48.320742,-10.189864,0 -48.320744,-10.189541,0</coordinates></LineString></Placemark>
<Placemark><name>2952279</name><styleUrl>#styleDaimonCIRCUITO293TRECHO</styleUrl><LineString><coordinates>-48.320339,-10.190471,0 -48.320071,-10.190234,0</coordinates></LineString></Placemark>
<Placemark><name>2959338</name><styleUrl>#styleDaimonCIRCUITO293TRECHO</styleUrl><LineString><coordinates>-48.320744,-10.189541,0 -48.320747,-10.189207,0</coordinates></LineString></Placemark>
<Placemark><name>12071098</name><styleUrl>#styleDaimonCIRCUITO293TRECHO</styleUrl><LineString><coordinates>-48.320071,-10.190234,0 -48.320073,-10.190251,0</coordinates></LineString></Placemark>
<Placemark><name>3486962</name><styleUrl>#styleDaimonCIRCUITO293TRECHO</styleUrl><LineString><coordinates>-48.320071,-10.190234,0 -48.320053,-10.190131,0</coordinates></LineString></Placemark>
<Placemark><name>2502641</name><styleUrl>#styleDaimonCIRCUITO293TRECHO</styleUrl><LineString><coordinates>-48.320073,-10.190251,0 -48.320028,-10.190483,0</coordinates></LineString></Placemark>
<Placemark><name>3417047</name><styleUrl>#styleDaimonCIRCUITO293TRECHO</styleUrl><LineString><coordinates>-48.320053,-10.190131,0 -48.320067,-10.189792,0</coordinates></LineString></Placemark>
<Placemark><name>2502642</name><styleUrl>#styleDaimonCIRCUITO293TRECHO</styleUrl><LineString><coordinates>-48.320028,-10.190483,0 -48.320000,-10.190726,0</coordinates></LineString></Placemark>
<Placemark><name>3416916</name><styleUrl>#styleDaimonCIRCUITO293TRECHO</styleUrl><LineString><coordinates>-48.320067,-10.189792,0 -48.320103,-10.189457,0</coordinates></LineString></Placemark>
<Placemark><name>2594264</name><styleUrl>#styleDaimonCIRCUITO293TRECHO</styleUrl><LineString><coordinates>-48.320000,-10.190726,0 -48.319986,-10.190878,0</coordinates></LineString></Placemark>
<Placemark><name>3416915</name><styleUrl>#styleDaimonCIRCUITO293TRECHO</styleUrl><LineString><coordinates>-48.320103,-10.189457,0 -48.320085,-10.189148,0</coordinates></LineString></Placemark>
<Placemark><name>2529223</name><styleUrl>#styleDaimonCIRCUITO293TRECHO</styleUrl><LineString><coordinates>-48.319986,-10.190878,0 -48.319971,-10.191104,0</coordinates></LineString></Placemark>
<Placemark><name>3416914</name><styleUrl>#styleDaimonCIRCUITO293TRECHO</styleUrl><LineString><coordinates>-48.320085,-10.189148,0 -48.320047,-10.188829,0</coordinates></LineString></Placemark>
<Placemark><name>3474658</name><styleUrl>#styleDaimonCIRCUITO293TRECHO</styleUrl><LineString><coordinates>-48.319971,-10.191104,0 -48.319970,-10.191198,0</coordinates></LineString></Placemark>
<Placemark><name>2959339</name><styleUrl>#styleDaimonCIRCUITO293TRECHO</styleUrl><LineString><coordinates>-48.320047,-10.188829,0 -48.320014,-10.188563,0</coordinates></LineString></Placemark>
<Placemark><name>3474660</name><styleUrl>#styleDaimonCIRCUITO293TRECHO</styleUrl><LineString><coordinates>-48.319970,-10.191198,0 -48.319968,-10.191387,0</coordinates></LineString></Placemark>
<Placemark><name>12073288</name><styleUrl>#styleDaimonCIRCUITO293TRECHO</styleUrl><LineString><coordinates>-48.320014,-10.188563,0 -48.320014,-10.188538,0</coordinates></LineString></Placemark>
<Placemark><name>2680514</name><styleUrl>#styleDaimonCIRCUITO293TRECHO</styleUrl><LineString><coordinates>-48.320014,-10.188538,0 -48.320008,-10.188256,0</coordinates></LineString></Placemark>
<Placemark><name>2680513</name><styleUrl>#styleDaimonCIRCUITO293TRECHO</styleUrl><LineString><coordinates>-48.320008,-10.188256,0 -48.319969,-10.187882,0</coordinates></LineString></Placemark>
<Placemark><name>2680512</name><styleUrl>#styleDaimonCIRCUITO293TRECHO</styleUrl><LineString><coordinates>-48.319969,-10.187882,0 -48.319956,-10.187562,0</coordinates></LineString></Placemark>
<Placemark><name>2680515</name><styleUrl>#styleDaimonCIRCUITO293TRECHO</styleUrl><LineString><coordinates>-48.319956,-10.187562,0 -48.319939,-10.187237,0</coordinates></LineString></Placemark>
<Placemark><name>39712881</name><styleUrl>#styleDaimonCIRCUITO293TRECHO</styleUrl><LineString><coordinates>-48.319939,-10.187237,0 -48.319940,-10.187206,0</coordinates></LineString></Placemark>
<Placemark><name>39712902</name><styleUrl>#styleDaimonCIRCUITO293TRECHO</styleUrl><LineString><coordinates>-48.319940,-10.187206,0 -48.319949,-10.187044,0</coordinates></LineString></Placemark>
<Placemark><name>39712903</name><styleUrl>#styleDaimonCIRCUITO293TRECHO</styleUrl><LineString><coordinates>-48.319949,-10.187044,0 -48.319958,-10.186864,0</coordinates></LineString></Placemark>
<Placemark><name>39712889</name><styleUrl>#styleDaimonCIRCUITO293TRECHO</styleUrl><LineString><coordinates>-48.319958,-10.186864,0 -48.319964,-10.186535,0</coordinates></LineString></Placemark>
<Placemark><name>3476244</name><styleUrl>#styleDaimonCIRCUITO293TRECHO</styleUrl><LineString><coordinates>-48.317312,-10.187896,0 -48.317315,-10.187705,0</coordinates></LineString></Placemark>
<Placemark><name>3476242</name><styleUrl>#styleDaimonCIRCUITO293TRECHO</styleUrl><LineString><coordinates>-48.317315,-10.187705,0 -48.317320,-10.187360,0</coordinates></LineString></Placemark>
<Placemark><name>3665164</name><styleUrl>#styleDaimonCIRCUITO293TRECHO</styleUrl><LineString><coordinates>-48.317315,-10.187705,0 -48.317299,-10.187704,0</coordinates></LineString></Placemark>
<Placemark><name>3476246</name><styleUrl>#styleDaimonCIRCUITO293TRECHO</styleUrl><LineString><coordinates>-48.317309,-10.188175,0 -48.317312,-10.187896,0</coordinates></LineString></Placemark>
<Placemark><name>3057429</name><styleUrl>#styleDaimonCIRCUITO293TRECHO</styleUrl><LineString><coordinates>-48.317308,-10.188281,0 -48.317309,-10.188175,0</coordinates></LineString></Placemark>
<Placemark><name>3057430</name><styleUrl>#styleDaimonCIRCUITO293TRECHO</styleUrl><LineString><coordinates>-48.317308,-10.188281,0 -48.317305,-10.188446,0</coordinates></LineString></Placemark>
<Placemark><name>3057431</name><styleUrl>#styleDaimonCIRCUITO293TRECHO</styleUrl><LineString><coordinates>-48.317493,-10.188286,0 -48.317308,-10.188281,0</coordinates></LineString></Placemark>
<Placemark><name>3057432</name><styleUrl>#styleDaimonCIRCUITO293TRECHO</styleUrl><LineString><coordinates>-48.317308,-10.188281,0 -48.317214,-10.188277,0</coordinates></LineString></Placemark>
<Placemark><name>12071791</name><styleUrl>#styleDaimonCIRCUITO293TRECHO</styleUrl><LineString><coordinates>-48.317305,-10.188446,0 -48.317306,-10.188480,0</coordinates></LineString></Placemark>
<Placemark><name>3476612</name><styleUrl>#styleDaimonCIRCUITO293TRECHO</styleUrl><LineString><coordinates>-48.317812,-10.188298,0 -48.317493,-10.188286,0</coordinates></LineString></Placemark>
<Placemark><name>3416579</name><styleUrl>#styleDaimonCIRCUITO293TRECHO</styleUrl><LineString><coordinates>-48.317306,-10.188480,0 -48.317302,-10.188716,0</coordinates></LineString></Placemark>
<Placemark><name>2969409</name><styleUrl>#styleDaimonCIRCUITO293TRECHO</styleUrl><LineString><coordinates>-48.318194,-10.188312,0 -48.317812,-10.188298,0</coordinates></LineString></Placemark>
<Placemark><name>2968526</name><styleUrl>#styleDaimonCIRCUITO293TRECHO</styleUrl><LineString><coordinates>-48.317302,-10.188716,0 -48.317297,-10.189091,0</coordinates></LineString></Placemark>
<Placemark><name>2969410</name><styleUrl>#styleDaimonCIRCUITO293TRECHO</styleUrl><LineString><coordinates>-48.318489,-10.188322,0 -48.318194,-10.188312,0</coordinates></LineString></Placemark>
<Placemark><name>2968527</name><styleUrl>#styleDaimonCIRCUITO293TRECHO</styleUrl><LineString><coordinates>-48.317297,-10.189091,0 -48.317294,-10.189360,0</coordinates></LineString></Placemark>
<Placemark><name>12075466</name><styleUrl>#styleDaimonCIRCUITO293TRECHO</styleUrl><LineString><coordinates>-48.318524,-10.188324,0 -48.318489,-10.188322,0</coordinates></LineString></Placemark>
<Placemark><name>2968528</name><styleUrl>#styleDaimonCIRCUITO293TRECHO</styleUrl><LineString><coordinates>-48.317294,-10.189360,0 -48.317290,-10.189626,0</coordinates></LineString></Placemark>
<Placemark><name>2969411</name><styleUrl>#styleDaimonCIRCUITO293TRECHO</styleUrl><LineString><coordinates>-48.318721,-10.188331,0 -48.318524,-10.188324,0</coordinates></LineString></Placemark>
<Placemark><name>2968529</name><styleUrl>#styleDaimonCIRCUITO293TRECHO</styleUrl><LineString><coordinates>-48.317290,-10.189626,0 -48.317286,-10.189984,0</coordinates></LineString></Placemark>
<Placemark><name>2976946</name><styleUrl>#styleDaimonCIRCUITO293TRECHO</styleUrl><LineString><coordinates>-48.317286,-10.189984,0 -48.317282,-10.190195,0</coordinates></LineString></Placemark>
<Placemark><name>2976947</name><styleUrl>#styleDaimonCIRCUITO293TRECHO</styleUrl><LineString><coordinates>-48.317282,-10.190195,0 -48.317279,-10.190474,0</coordinates></LineString></Placemark>
<Placemark><name>3058290</name><styleUrl>#styleDaimonCIRCUITO293TRECHO</styleUrl><LineString><coordinates>-48.317279,-10.190474,0 -48.317276,-10.190576,0</coordinates></LineString></Placemark>
<Placemark><name>3058291</name><styleUrl>#styleDaimonCIRCUITO293TRECHO</styleUrl><LineString><coordinates>-48.317276,-10.190576,0 -48.317275,-10.190756,0</coordinates></LineString></Placemark>
<Placemark><name>3058293</name><styleUrl>#styleDaimonCIRCUITO293TRECHO</styleUrl><LineString><coordinates>-48.317276,-10.190576,0 -48.317386,-10.190578,0</coordinates></LineString></Placemark>
<Placemark><name>3058292</name><styleUrl>#styleDaimonCIRCUITO293TRECHO</styleUrl><LineString><coordinates>-48.317276,-10.190576,0 -48.317032,-10.190575,0</coordinates></LineString></Placemark>
<Placemark><name>2977240</name><styleUrl>#styleDaimonCIRCUITO293TRECHO</styleUrl><LineString><coordinates>-48.317275,-10.190756,0 -48.317272,-10.191009,0</coordinates></LineString></Placemark>
<Placemark><name>2977241</name><styleUrl>#styleDaimonCIRCUITO293TRECHO</styleUrl><LineString><coordinates>-48.317032,-10.190575,0 -48.316680,-10.190571,0</coordinates></LineString></Placemark>
<Placemark><name>2759607</name><styleUrl>#styleDaimonCIRCUITO293TRECHO</styleUrl><LineString><coordinates>-48.317272,-10.191009,0 -48.317285,-10.191256,0</coordinates></LineString></Placemark>
<Placemark><name>3476625</name><styleUrl>#styleDaimonCIRCUITO293TRECHO</styleUrl><LineString><coordinates>-48.316680,-10.190571,0 -48.316384,-10.190568,0</coordinates></LineString></Placemark>
<Placemark><name>12071244</name><styleUrl>#styleDaimonCIRCUITO293TRECHO</styleUrl><LineString><coordinates>-48.317285,-10.191256,0 -48.317287,-10.191280,0</coordinates></LineString></Placemark>
<Placemark><name>3476624</name><styleUrl>#styleDaimonCIRCUITO293TRECHO</styleUrl><LineString><coordinates>-48.316384,-10.190568,0 -48.315966,-10.190562,0</coordinates></LineString></Placemark>
<Placemark><name>3476606</name><styleUrl>#styleDaimonCIRCUITO293TRECHO</styleUrl><LineString><coordinates>-48.317287,-10.191280,0 -48.316928,-10.191279,0</coordinates></LineString></Placemark>
<Placemark><name>2759808</name><styleUrl>#styleDaimonCIRCUITO293TRECHO</styleUrl><LineString><coordinates>-48.317287,-10.191280,0 -48.317524,-10.191281,0</coordinates></LineString></Placemark>
<Placemark><name>2541691</name><styleUrl>#styleDaimonCIRCUITO293TRECHO</styleUrl><LineString><coordinates>-48.315966,-10.190562,0 -48.315688,-10.190561,0</coordinates></LineString></Placemark>
<Placemark><name>3476607</name><styleUrl>#styleDaimonCIRCUITO293TRECHO</styleUrl><LineString><coordinates>-48.316928,-10.191279,0 -48.316750,-10.191279,0</coordinates></LineString></Placemark>
<Placemark><name>3476608</name><styleUrl>#styleDaimonCIRCUITO293TRECHO</styleUrl><LineString><coordinates>-48.316750,-10.191279,0 -48.316643,-10.191279,0</coordinates></LineString></Placemark>
<Placemark><name>2746081</name><styleUrl>#styleDaimonCIRCUITO293TRECHO</styleUrl><LineString><coordinates>-48.322853,-10.193019,0 -48.322954,-10.193019,0</coordinates></LineString></Placemark>
<Placemark><name>2746082</name><styleUrl>#styleDaimonCIRCUITO293TRECHO</styleUrl><LineString><coordinates>-48.322954,-10.193019,0 -48.323064,-10.193022,0</coordinates></LineString></Placemark>
<Placemark><name>2746083</name><styleUrl>#styleDaimonCIRCUITO293TRECHO</styleUrl><LineString><coordinates>-48.322954,-10.193019,0 -48.322954,-10.193171,0</coordinates></LineString></Placemark>
<Placemark><name>2746084</name><styleUrl>#styleDaimonCIRCUITO293TRECHO</styleUrl><LineString><coordinates>-48.322954,-10.193019,0 -48.322956,-10.192990,0</coordinates></LineString></Placemark>
<Placemark><name>3473958</name><styleUrl>#styleDaimonCIRCUITO293TRECHO</styleUrl><LineString><coordinates>-48.322597,-10.193016,0 -48.322853,-10.193019,0</coordinates></LineString></Placemark>
<Placemark><name>3489212</name><styleUrl>#styleDaimonCIRCUITO293TRECHO</styleUrl><LineString><coordinates>-48.322954,-10.193171,0 -48.322953,-10.193542,0</coordinates></LineString></Placemark>
<Placemark><name>2745974</name><styleUrl>#styleDaimonCIRCUITO293TRECHO</styleUrl><LineString><coordinates>-48.322414,-10.193013,0 -48.322597,-10.193016,0</coordinates></LineString></Placemark>
<Placemark><name>3489213</name><styleUrl>#styleDaimonCIRCUITO293TRECHO</styleUrl><LineString><coordinates>-48.322953,-10.193542,0 -48.322950,-10.193865,0</coordinates></LineString></Placemark>
<Placemark><name>2745973</name><styleUrl>#styleDaimonCIRCUITO293TRECHO</styleUrl><LineString><coordinates>-48.322414,-10.193013,0 -48.322291,-10.193013,0</coordinates></LineString></Placemark>
<Placemark><name>2745971</name><styleUrl>#styleDaimonCIRCUITO293TRECHO</styleUrl><LineString><coordinates>-48.322416,-10.192962,0 -48.322414,-10.193013,0</coordinates></LineString></Placemark>
<Placemark><name>2745972</name><styleUrl>#styleDaimonCIRCUITO293TRECHO</styleUrl><LineString><coordinates>-48.322414,-10.193013,0 -48.322408,-10.193268,0</coordinates></LineString></Placemark>
<Placemark><name>2970641</name><styleUrl>#styleDaimonCIRCUITO293TRECHO</styleUrl><LineString><coordinates>-48.322950,-10.193865,0 -48.322948,-10.194200,0</coordinates></LineString></Placemark>
<Placemark><name>2952719</name><styleUrl>#styleDaimonCIRCUITO293TRECHO</styleUrl><LineString><coordinates>-48.322422,-10.192717,0 -48.322416,-10.192962,0</coordinates></LineString></Placemark>
<Placemark><name>3476591</name><styleUrl>#styleDaimonCIRCUITO293TRECHO</styleUrl><LineString><coordinates>-48.322408,-10.193268,0 -48.322400,-10.193586,0</coordinates></LineString></Placemark>
<Placemark><name>12075929</name><styleUrl>#styleDaimonCIRCUITO293TRECHO</styleUrl><LineString><coordinates>-48.322408,-10.192727,0 -48.322422,-10.192717,0</coordinates></LineString></Placemark>
<Placemark><name>2954197</name><styleUrl>#styleDaimonCIRCUITO293TRECHO</styleUrl><LineString><coordinates>-48.322422,-10.192717,0 -48.322427,-10.192524,0</coordinates></LineString></Placemark>
<Placemark><name>3476590</name><styleUrl>#styleDaimonCIRCUITO293TRECHO</styleUrl><LineString><coordinates>-48.322400,-10.193586,0 -48.322391,-10.193922,0</coordinates></LineString></Placemark>
<Placemark><name>2954196</name><styleUrl>#styleDaimonCIRCUITO293TRECHO</styleUrl><LineString><coordinates>-48.322007,-10.192707,0 -48.322408,-10.192727,0</coordinates></LineString></Placemark>
<Placemark><name>3476589</name><styleUrl>#styleDaimonCIRCUITO293TRECHO</styleUrl><LineString><coordinates>-48.322391,-10.193922,0 -48.322383,-10.194244,0</coordinates></LineString></Placemark>
<Placemark><name>12075930</name><styleUrl>#styleDaimonCIRCUITO293TRECHO</styleUrl><LineString><coordinates>-48.322007,-10.192689,0 -48.322007,-10.192707,0</coordinates></LineString></Placemark>
<Placemark><name>2746196</name><styleUrl>#styleDaimonCIRCUITO293TRECHO</styleUrl><LineString><coordinates>-48.322007,-10.192707,0 -48.321692,-10.192698,0</coordinates></LineString></Placemark>
<Placemark><name>3476588</name><styleUrl>#styleDaimonCIRCUITO293TRECHO</styleUrl><LineString><coordinates>-48.322383,-10.194244,0 -48.322375,-10.194549,0</coordinates></LineString></Placemark>
<Placemark><name>2958869</name><styleUrl>#styleDaimonCIRCUITO293TRECHO</styleUrl><LineString><coordinates>-48.322007,-10.192371,0 -48.322007,-10.192689,0</coordinates></LineString></Placemark>
<Placemark><name>2746198</name><styleUrl>#styleDaimonCIRCUITO293TRECHO</styleUrl><LineString><coordinates>-48.321692,-10.192698,0 -48.321692,-10.192767,0</coordinates></LineString></Placemark>
<Placemark><name>2746197</name><styleUrl>#styleDaimonCIRCUITO293TRECHO</styleUrl><LineString><coordinates>-48.321692,-10.192698,0 -48.321603,-10.192698,0</coordinates></LineString></Placemark>
<Placemark><name>2746199</name><styleUrl>#styleDaimonCIRCUITO293TRECHO</styleUrl><LineString><coordinates>-48.321692,-10.192698,0 -48.321693,-10.192491,0</coordinates></LineString></Placemark>
<Placemark><name>3475779</name><styleUrl>#styleDaimonCIRCUITO293TRECHO</styleUrl><LineString><coordinates>-48.322375,-10.194549,0 -48.322367,-10.194893,0</coordinates></LineString></Placemark>
<Placemark><name>2952710</name><styleUrl>#styleDaimonCIRCUITO293TRECHO</styleUrl><LineString><coordinates>-48.321692,-10.192767,0 -48.321692,-10.193007,0</coordinates></LineString></Placemark>
<Placemark><name>3488945</name><styleUrl>#styleDaimonCIRCUITO293TRECHO</styleUrl><LineString><coordinates>-48.322367,-10.194893,0 -48.322359,-10.195226,0</coordinates></LineString></Placemark>
<Placemark><name>2952711</name><styleUrl>#styleDaimonCIRCUITO293TRECHO</styleUrl><LineString><coordinates>-48.321692,-10.193007,0 -48.321692,-10.193369,0</coordinates></LineString></Placemark>
<Placemark><name>2952712</name><styleUrl>#styleDaimonCIRCUITO293TRECHO</styleUrl><LineString><coordinates>-48.321692,-10.193369,0 -48.321691,-10.193668,0</coordinates></LineString></Placemark>
<Placemark><name>2953984</name><styleUrl>#styleDaimonCIRCUITO293TRECHO</styleUrl><LineString><coordinates>-48.321691,-10.193668,0 -48.321691,-10.193946,0</coordinates></LineString></Placemark>
<Placemark><name>2959973</name><styleUrl>#styleDaimonCIRCUITO293TRECHO</styleUrl><LineString><coordinates>-48.321691,-10.193946,0 -48.321691,-10.194210,0</coordinates></LineString></Placemark>
<Placemark><name>3656982</name><styleUrl>#styleDaimonCIRCUITO293TRECHO</styleUrl><LineString><coordinates>-48.323892,-10.192025,0 -48.323910,-10.192041,0</coordinates></LineString></Placemark>
<Placemark><name>24576858</name><styleUrl>#styleDaimonCIRCUITO293TRECHO</styleUrl><LineString><coordinates>-48.323143,-10.192068,0 -48.322993,-10.192082,0</coordinates></LineString></Placemark>
<Placemark><name>3476057</name><styleUrl>#styleDaimonCIRCUITO293TRECHO</styleUrl><LineString><coordinates>-48.323131,-10.192031,0 -48.323143,-10.192068,0</coordinates></LineString></Placemark>
<Placemark><name>2958723</name><styleUrl>#styleDaimonCIRCUITO293TRECHO</styleUrl><LineString><coordinates>-48.323143,-10.192068,0 -48.323176,-10.192062,0</coordinates></LineString></Placemark>
<Placemark><name>3673219</name><styleUrl>#styleDaimonCIRCUITO293TRECHO</styleUrl><LineString><coordinates>-48.318069,-10.191715,0 -48.318092,-10.191690,0</coordinates></LineString></Placemark>
<Placemark><name>2977243</name><styleUrl>#styleDaimonCIRCUITO293TRECHO</styleUrl><LineString><coordinates>-48.318070,-10.191751,0 -48.318069,-10.191715,0</coordinates></LineString></Placemark>
<Placemark><name>2502643</name><styleUrl>#styleDaimonCIRCUITO293TRECHO</styleUrl><LineString><coordinates>-48.320022,-10.190481,0 -48.319971,-10.190464,0</coordinates></LineString></Placemark>
<Placemark><name>6649387</name><styleUrl>#styleDaimonCIRCUITO293TRECHO</styleUrl><LineString><coordinates>-48.319971,-10.190464,0 -48.319957,-10.190380,0</coordinates></LineString></Placemark>
<Placemark><name>2680516</name><styleUrl>#styleDaimonCIRCUITO293TRECHO</styleUrl><LineString><coordinates>-48.319938,-10.187563,0 -48.319779,-10.187568,0</coordinates></LineString></Placemark>
<Placemark><name>24505266</name><styleUrl>#styleDaimonCIRCUITO293TRECHO</styleUrl><LineString><coordinates>-48.319779,-10.187568,0 -48.319592,-10.187564,0</coordinates></LineString></Placemark>
<Placemark><name>2529238</name><styleUrl>#styleDaimonCIRCUITO293TRECHO</styleUrl><LineString><coordinates>-48.319979,-10.190878,0 -48.319910,-10.190876,0</coordinates></LineString></Placemark>
<Placemark><name>3468982</name><styleUrl>#styleDaimonCIRCUITO293TRECHO</styleUrl><LineString><coordinates>-48.319913,-10.191189,0 -48.319907,-10.191224,0</coordinates></LineString></Placemark>
<Placemark><name>3474659</name><styleUrl>#styleDaimonCIRCUITO293TRECHO</styleUrl><LineString><coordinates>-48.319964,-10.191198,0 -48.319913,-10.191189,0</coordinates></LineString></Placemark>
<Placemark><name>24570343</name><styleUrl>#styleDaimonCIRCUITO293TRECHO</styleUrl><LineString><coordinates>-48.319913,-10.191189,0 -48.319741,-10.191182,0</coordinates></LineString></Placemark>
<Placemark><name>2739595</name><styleUrl>#styleDaimonCIRCUITO293TRECHO</styleUrl><LineString><coordinates>-48.321538,-10.191035,0 -48.321519,-10.191084,0</coordinates></LineString></Placemark>
<Placemark><name>2820151</name><styleUrl>#styleDaimonCIRCUITO293TRECHO</styleUrl><LineString><coordinates>-48.314439,-10.190549,0 -48.314434,-10.190358,0</coordinates></LineString></Placemark>
<Placemark><name>2820150</name><styleUrl>#styleDaimonCIRCUITO293TRECHO</styleUrl><LineString><coordinates>-48.314439,-10.190549,0 -48.314427,-10.190654,0</coordinates></LineString></Placemark>
<Placemark><name>2820148</name><styleUrl>#styleDaimonCIRCUITO293TRECHO</styleUrl><LineString><coordinates>-48.314704,-10.190551,0 -48.314439,-10.190549,0</coordinates></LineString></Placemark>
<Placemark><name>2820149</name><styleUrl>#styleDaimonCIRCUITO293TRECHO</styleUrl><LineString><coordinates>-48.314439,-10.190549,0 -48.314297,-10.190548,0</coordinates></LineString></Placemark>
<Placemark><name>2820416</name><styleUrl>#styleDaimonCIRCUITO293TRECHO</styleUrl><LineString><coordinates>-48.314434,-10.190358,0 -48.314442,-10.190049,0</coordinates></LineString></Placemark>
<Placemark><name>12078185</name><styleUrl>#styleDaimonCIRCUITO293TRECHO</styleUrl><LineString><coordinates>-48.314427,-10.190654,0 -48.314427,-10.190688,0</coordinates></LineString></Placemark>
<Placemark><name>2962669</name><styleUrl>#styleDaimonCIRCUITO293TRECHO</styleUrl><LineString><coordinates>-48.314994,-10.190554,0 -48.314704,-10.190551,0</coordinates></LineString></Placemark>
<Placemark><name>3540791</name><styleUrl>#styleDaimonCIRCUITO293TRECHO</styleUrl><LineString><coordinates>-48.314427,-10.190688,0 -48.314422,-10.190831,0</coordinates></LineString></Placemark>
<Placemark><name>2962671</name><styleUrl>#styleDaimonCIRCUITO293TRECHO</styleUrl><LineString><coordinates>-48.315290,-10.190557,0 -48.314994,-10.190554,0</coordinates></LineString></Placemark>
<Placemark><name>3540793</name><styleUrl>#styleDaimonCIRCUITO293TRECHO</styleUrl><LineString><coordinates>-48.314422,-10.190831,0 -48.314421,-10.191014,0</coordinates></LineString></Placemark>
<Placemark><name>3539216</name><styleUrl>#styleDaimonCIRCUITO293TRECHO</styleUrl><LineString><coordinates>-48.315649,-10.190561,0 -48.315290,-10.190557,0</coordinates></LineString></Placemark>
<Placemark><name>3540794</name><styleUrl>#styleDaimonCIRCUITO293TRECHO</styleUrl><LineString><coordinates>-48.314421,-10.191014,0 -48.314417,-10.191187,0</coordinates></LineString></Placemark>
<Placemark><name>3540792</name><styleUrl>#styleDaimonCIRCUITO293TRECHO</styleUrl><LineString><coordinates>-48.314417,-10.191187,0 -48.314410,-10.191376,0</coordinates></LineString></Placemark>
<Placemark><name>3477475</name><styleUrl>#styleDaimonCIRCUITO293TRECHO</styleUrl><LineString><coordinates>-48.316271,-10.190716,0 -48.316341,-10.190737,0</coordinates></LineString></Placemark>
<Placemark><name>2962233</name><styleUrl>#styleDaimonCIRCUITO293TRECHO</styleUrl><LineString><coordinates>-48.316372,-10.190583,0 -48.316271,-10.190716,0</coordinates></LineString></Placemark>
<Placemark><name>24587230</name><styleUrl>#styleDaimonCIRCUITO293TRECHO</styleUrl><LineString><coordinates>-48.316271,-10.190716,0 -48.316085,-10.190729,0</coordinates></LineString></Placemark>
<Placemark><name>3468966</name><styleUrl>#styleDaimonCIRCUITO293TRECHO</styleUrl><LineString><coordinates>-48.317061,-10.190814,0 -48.317023,-10.190764,0</coordinates></LineString></Placemark>
<Placemark><name>24587229</name><styleUrl>#styleDaimonCIRCUITO293TRECHO</styleUrl><LineString><coordinates>-48.317061,-10.190814,0 -48.316889,-10.190817,0</coordinates></LineString></Placemark>
<Placemark><name>2962232</name><styleUrl>#styleDaimonCIRCUITO293TRECHO</styleUrl><LineString><coordinates>-48.317254,-10.190762,0 -48.317061,-10.190814,0</coordinates></LineString></Placemark>
<Placemark><name>3656984</name><styleUrl>#styleDaimonCIRCUITO293TRECHO</styleUrl><LineString><coordinates>-48.323913,-10.192041,0 -48.323932,-10.192041,0</coordinates></LineString></Placemark>
<Placemark><name>2962668</name><styleUrl>#styleDaimonCIRCUITO293TRECHO</styleUrl><LineString><coordinates>-48.314705,-10.190577,0 -48.314717,-10.190808,0</coordinates></LineString></Placemark>
<Placemark><name>3660589</name><styleUrl>#styleDaimonCIRCUITO293TRECHO</styleUrl><LineString><coordinates>-48.314415,-10.191187,0 -48.314397,-10.191186,0</coordinates></LineString></Placemark>
<Placemark><name>2962670</name><styleUrl>#styleDaimonCIRCUITO293TRECHO</styleUrl><LineString><coordinates>-48.314994,-10.190565,0 -48.314987,-10.190659,0</coordinates></LineString></Placemark>
<Placemark><name>3476623</name><styleUrl>#styleDaimonCIRCUITO293TRECHO</styleUrl><LineString><coordinates>-48.315296,-10.190563,0 -48.315336,-10.190619,0</coordinates></LineString></Placemark>
<Placemark><name>2532951</name><styleUrl>#styleDaimonCIRCUITO293TRECHO</styleUrl><LineString><coordinates>-48.323950,-10.192024,0 -48.324032,-10.192024,0</coordinates></LineString></Placemark>
<Placemark><name>3656983</name><styleUrl>#styleDaimonCIRCUITO293TRECHO</styleUrl><LineString><coordinates>-48.323934,-10.192040,0 -48.323950,-10.192024,0</coordinates></LineString></Placemark>
<Placemark><name>3660966</name><styleUrl>#styleDaimonCIRCUITO293TRECHO</styleUrl><LineString><coordinates>-48.323950,-10.192024,0 -48.323925,-10.191995,0</coordinates></LineString></Placemark>
<Placemark><name>12079798</name><styleUrl>#styleDaimonCIRCUITO293TRECHO</styleUrl><LineString><coordinates>-48.324703,-10.190812,0 -48.324733,-10.190814,0</coordinates></LineString></Placemark>
<Placemark><name>3467793</name><styleUrl>#styleDaimonCIRCUITO293TRECHO</styleUrl><LineString><coordinates>-48.324731,-10.191137,0 -48.324703,-10.190812,0</coordinates></LineString></Placemark>
<Placemark><name>2952487</name><styleUrl>#styleDaimonCIRCUITO293TRECHO</styleUrl><LineString><coordinates>-48.324703,-10.190812,0 -48.324718,-10.190565,0</coordinates></LineString></Placemark>
<Placemark><name>3467794</name><styleUrl>#styleDaimonCIRCUITO293TRECHO</styleUrl><LineString><coordinates>-48.324733,-10.190814,0 -48.324942,-10.190813,0</coordinates></LineString></Placemark>
<Placemark><name>12080007</name><styleUrl>#styleDaimonCIRCUITO293TRECHO</styleUrl><LineString><coordinates>-48.324731,-10.191171,0 -48.324731,-10.191137,0</coordinates></LineString></Placemark>
<Placemark><name>3474795</name><styleUrl>#styleDaimonCIRCUITO293TRECHO</styleUrl><LineString><coordinates>-48.324718,-10.190565,0 -48.324727,-10.190285,0</coordinates></LineString></Placemark>
<Placemark><name>3467787</name><styleUrl>#styleDaimonCIRCUITO293TRECHO</styleUrl><LineString><coordinates>-48.324693,-10.191555,0 -48.324731,-10.191171,0</coordinates></LineString></Placemark>
<Placemark><name>3474796</name><styleUrl>#styleDaimonCIRCUITO293TRECHO</styleUrl><LineString><coordinates>-48.324727,-10.190285,0 -48.324723,-10.189943,0</coordinates></LineString></Placemark>
<Placemark><name>3467786</name><styleUrl>#styleDaimonCIRCUITO293TRECHO</styleUrl><LineString><coordinates>-48.324592,-10.191697,0 -48.324693,-10.191555,0</coordinates></LineString></Placemark>
<Placemark><name>3665167</name><styleUrl>#styleDaimonCIRCUITO293TRECHO</styleUrl><LineString><coordinates>-48.324693,-10.191555,0 -48.324714,-10.191566,0</coordinates></LineString></Placemark>
<Placemark><name>2952553</name><styleUrl>#styleDaimonCIRCUITO293TRECHO</styleUrl><LineString><coordinates>-48.324723,-10.189943,0 -48.324718,-10.189619,0</coordinates></LineString></Placemark>
<Placemark><name>3467785</name><styleUrl>#styleDaimonCIRCUITO293TRECHO</styleUrl><LineString><coordinates>-48.324406,-10.191784,0 -48.324592,-10.191697,0</coordinates></LineString></Placemark>
<Placemark><name>2952554</name><styleUrl>#styleDaimonCIRCUITO293TRECHO</styleUrl><LineString><coordinates>-48.324718,-10.189619,0 -48.324715,-10.189373,0</coordinates></LineString></Placemark>
<Placemark><name>3593551</name><styleUrl>#styleDaimonCIRCUITO293TRECHO</styleUrl><LineString><coordinates>-48.324313,-10.192022,0 -48.324406,-10.191784,0</coordinates></LineString></Placemark>
<Placemark><name>12079767</name><styleUrl>#styleDaimonCIRCUITO293TRECHO</styleUrl><LineString><coordinates>-48.324715,-10.189373,0 -48.324727,-10.189361,0</coordinates></LineString></Placemark>
<Placemark><name>2951761</name><styleUrl>#styleDaimonCIRCUITO293TRECHO</styleUrl><LineString><coordinates>-48.324715,-10.189373,0 -48.324725,-10.189125,0</coordinates></LineString></Placemark>
<Placemark><name>12084649</name><styleUrl>#styleDaimonCIRCUITO293TRECHO</styleUrl><LineString><coordinates>-48.324313,-10.192022,0 -48.324345,-10.192034,0</coordinates></LineString></Placemark>
<Placemark><name>3489770</name><styleUrl>#styleDaimonCIRCUITO293TRECHO</styleUrl><LineString><coordinates>-48.324060,-10.192024,0 -48.324313,-10.192022,0</coordinates></LineString></Placemark>
<Placemark><name>2951760</name><styleUrl>#styleDaimonCIRCUITO293TRECHO</styleUrl><LineString><coordinates>-48.324727,-10.189361,0 -48.324973,-10.189332,0</coordinates></LineString></Placemark>
<Placemark><name>3593550</name><styleUrl>#styleDaimonCIRCUITO293TRECHO</styleUrl><LineString><coordinates>-48.324345,-10.192034,0 -48.324473,-10.192147,0</coordinates></LineString></Placemark>
<Placemark><name>3489769</name><styleUrl>#styleDaimonCIRCUITO293TRECHO</styleUrl><LineString><coordinates>-48.324473,-10.192147,0 -48.324620,-10.192350,0</coordinates></LineString></Placemark>
<Placemark><name>12083291</name><styleUrl>#styleDaimonCIRCUITO293TRECHO</styleUrl><LineString><coordinates>-48.324620,-10.192350,0 -48.324630,-10.192383,0</coordinates></LineString></Placemark>
<Placemark><name>3601687</name><styleUrl>#styleDaimonCIRCUITO293TRECHO</styleUrl><LineString><coordinates>-48.324630,-10.192383,0 -48.324627,-10.192467,0</coordinates></LineString></Placemark>
<Placemark><name>3657244</name><styleUrl>#styleDaimonCIRCUITO293TRECHO</styleUrl><LineString><coordinates>-48.324627,-10.192467,0 -48.324640,-10.192481,0</coordinates></LineString></Placemark>
<Placemark><name>3657245</name><styleUrl>#styleDaimonCIRCUITO293TRECHO</styleUrl><LineString><coordinates>-48.324640,-10.192481,0 -48.324655,-10.192501,0</coordinates></LineString></Placemark>
<Placemark><name>3657247</name><styleUrl>#styleDaimonCIRCUITO293TRECHO</styleUrl><LineString><coordinates>-48.324626,-10.192469,0 -48.324612,-10.192485,0</coordinates></LineString></Placemark>
<Placemark><name>3474376</name><styleUrl>#styleDaimonCIRCUITO293TRECHO</styleUrl><LineString><coordinates>-48.324743,-10.185183,0 -48.324753,-10.184869,0</coordinates></LineString></Placemark>
<Placemark><name>3611873</name><styleUrl>#styleDaimonCIRCUITO293TRECHO</styleUrl><LineString><coordinates>-48.324753,-10.184869,0 -48.324664,-10.184843,0</coordinates></LineString></Placemark>
<Placemark><name>12071103</name><styleUrl>#styleDaimonCIRCUITO293TRECHO</styleUrl><LineString><coordinates>-48.324749,-10.185216,0 -48.324743,-10.185183,0</coordinates></LineString></Placemark>
<Placemark><name>3657243</name><styleUrl>#styleDaimonCIRCUITO293TRECHO</styleUrl><LineString><coordinates>-48.324664,-10.184843,0 -48.324641,-10.184850,0</coordinates></LineString></Placemark>
<Placemark><name>2962013</name><styleUrl>#styleDaimonCIRCUITO293TRECHO</styleUrl><LineString><coordinates>-48.324783,-10.185441,0 -48.324749,-10.185216,0</coordinates></LineString></Placemark>
<Placemark><name>3657241</name><styleUrl>#styleDaimonCIRCUITO293TRECHO</styleUrl><LineString><coordinates>-48.324641,-10.184850,0 -48.324618,-10.184857,0</coordinates></LineString></Placemark>
<Placemark><name>3417083</name><styleUrl>#styleDaimonCIRCUITO293TRECHO</styleUrl><LineString><coordinates>-48.324769,-10.185540,0 -48.324783,-10.185441,0</coordinates></LineString></Placemark>
<Placemark><name>3417081</name><styleUrl>#styleDaimonCIRCUITO293TRECHO</styleUrl><LineString><coordinates>-48.324745,-10.185723,0 -48.324769,-10.185540,0</coordinates></LineString></Placemark>
<Placemark><name>3416572</name><styleUrl>#styleDaimonCIRCUITO293TRECHO</styleUrl><LineString><coordinates>-48.324763,-10.185858,0 -48.324745,-10.185723,0</coordinates></LineString></Placemark>
<Placemark><name>3474651</name><styleUrl>#styleDaimonCIRCUITO293TRECHO</styleUrl><LineString><coordinates>-48.324757,-10.186034,0 -48.324763,-10.185858,0</coordinates></LineString></Placemark>
<Placemark><name>3474650</name><styleUrl>#styleDaimonCIRCUITO293TRECHO</styleUrl><LineString><coordinates>-48.324758,-10.186353,0 -48.324757,-10.186034,0</coordinates></LineString></Placemark>
<Placemark><name>3417498</name><styleUrl>#styleDaimonCIRCUITO293TRECHO</styleUrl><LineString><coordinates>-48.324738,-10.186704,0 -48.324758,-10.186353,0</coordinates></LineString></Placemark>
<Placemark><name>3417497</name><styleUrl>#styleDaimonCIRCUITO293TRECHO</styleUrl><LineString><coordinates>-48.324742,-10.187011,0 -48.324738,-10.186704,0</coordinates></LineString></Placemark>
<Placemark><name>3417496</name><styleUrl>#styleDaimonCIRCUITO293TRECHO</styleUrl><LineString><coordinates>-48.324739,-10.187328,0 -48.324742,-10.187011,0</coordinates></LineString></Placemark>
<Placemark><name>12079799</name><styleUrl>#styleDaimonCIRCUITO293TRECHO</styleUrl><LineString><coordinates>-48.324739,-10.187328,0 -48.324754,-10.187338,0</coordinates></LineString></Placemark>
<Placemark><name>3417494</name><styleUrl>#styleDaimonCIRCUITO293TRECHO</styleUrl><LineString><coordinates>-48.324718,-10.187671,0 -48.324739,-10.187328,0</coordinates></LineString></Placemark>
<Placemark><name>3417495</name><styleUrl>#styleDaimonCIRCUITO293TRECHO</styleUrl><LineString><coordinates>-48.324754,-10.187338,0 -48.324958,-10.187328,0</coordinates></LineString></Placemark>
<Placemark><name>12071102</name><styleUrl>#styleDaimonCIRCUITO293TRECHO</styleUrl><LineString><coordinates>-48.324712,-10.187704,0 -48.324718,-10.187671,0</coordinates></LineString></Placemark>
<Placemark><name>3609716</name><styleUrl>#styleDaimonCIRCUITO293TRECHO</styleUrl><LineString><coordinates>-48.324706,-10.187876,0 -48.324712,-10.187704,0</coordinates></LineString></Placemark>
<Placemark><name>3554004</name><styleUrl>#styleDaimonCIRCUITO293TRECHO</styleUrl><LineString><coordinates>-48.324687,-10.188062,0 -48.324706,-10.187876,0</coordinates></LineString></Placemark>
<Placemark><name>3417493</name><styleUrl>#styleDaimonCIRCUITO293TRECHO</styleUrl><LineString><coordinates>-48.324536,-10.188211,0 -48.324687,-10.188062,0</coordinates></LineString></Placemark>
<Placemark><name>2958882</name><styleUrl>#styleDaimonCIRCUITO293TRECHO</styleUrl><LineString><coordinates>-48.324488,-10.188317,0 -48.324536,-10.188211,0</coordinates></LineString></Placemark>
<Placemark><name>2951765</name><styleUrl>#styleDaimonCIRCUITO293TRECHO</styleUrl><LineString><coordinates>-48.324510,-10.188440,0 -48.324488,-10.188317,0</coordinates></LineString></Placemark>
<Placemark><name>2951764</name><styleUrl>#styleDaimonCIRCUITO293TRECHO</styleUrl><LineString><coordinates>-48.324603,-10.188552,0 -48.324510,-10.188440,0</coordinates></LineString></Placemark>
<Placemark><name>2951763</name><styleUrl>#styleDaimonCIRCUITO293TRECHO</styleUrl><LineString><coordinates>-48.324721,-10.188811,0 -48.324603,-10.188552,0</coordinates></LineString></Placemark>
<Placemark><name>2951762</name><styleUrl>#styleDaimonCIRCUITO293TRECHO</styleUrl><LineString><coordinates>-48.324726,-10.189095,0 -48.324721,-10.188811,0</coordinates></LineString></Placemark>
<Placemark><name>2976061</name><styleUrl>#styleDaimonCIRCUITO293TRECHO</styleUrl><LineString><coordinates>-48.324978,-10.184875,0 -48.325099,-10.184778,0</coordinates></LineString></Placemark>
<Placemark><name>3611872</name><styleUrl>#styleDaimonCIRCUITO293TRECHO</styleUrl><LineString><coordinates>-48.324775,-10.184870,0 -48.324978,-10.184875,0</coordinates></LineString></Placemark>
<Placemark><name>2976060</name><styleUrl>#styleDaimonCIRCUITO293TRECHO</styleUrl><LineString><coordinates>-48.325099,-10.184778,0 -48.325235,-10.184621,0</coordinates></LineString></Placemark>
<Placemark><name>2977046</name><styleUrl>#styleDaimonCIRCUITO293TRECHO</styleUrl><LineString><coordinates>-48.325235,-10.184621,0 -48.325233,-10.184420,0</coordinates></LineString></Placemark>
<Placemark><name>3474652</name><styleUrl>#styleDaimonCIRCUITO293TRECHO</styleUrl><LineString><coordinates>-48.324748,-10.185854,0 -48.324607,-10.185812,0</coordinates></LineString></Placemark>
<Placemark><name>24571856</name><styleUrl>#styleDaimonCIRCUITO293TRECHO</styleUrl><LineString><coordinates>-48.324607,-10.185812,0 -48.324436,-10.185804,0</coordinates></LineString></Placemark>
<Placemark><name>65865666</name><styleUrl>#styleDaimonCIRCUITO293TRECHO</styleUrl><LineString><coordinates>-48.324734,-10.185708,0 -48.324741,-10.185696,0</coordinates></LineString></Placemark>
<Placemark><name>65865681</name><styleUrl>#styleDaimonCIRCUITO293TRECHO</styleUrl><LineString><coordinates>-48.324734,-10.185708,0 -48.324734,-10.185684,0</coordinates></LineString></Placemark>
<Placemark><name>3660588</name><styleUrl>#styleDaimonCIRCUITO293TRECHO</styleUrl><LineString><coordinates>-48.324744,-10.185722,0 -48.324734,-10.185708,0</coordinates></LineString></Placemark>
<Placemark><name>65865673</name><styleUrl>#styleDaimonCIRCUITO293TRECHO</styleUrl><LineString><coordinates>-48.324734,-10.185684,0 -48.324741,-10.185695,0</coordinates></LineString></Placemark>
<Placemark><name>2970545</name><styleUrl>#styleDaimonCIRCUITO293TRECHO</styleUrl><LineString><coordinates>-48.327132,-10.187331,0 -48.327350,-10.187331,0</coordinates></LineString></Placemark>
<Placemark><name>2970544</name><styleUrl>#styleDaimonCIRCUITO293TRECHO</styleUrl><LineString><coordinates>-48.327350,-10.187331,0 -48.327650,-10.187332,0</coordinates></LineString></Placemark>
<Placemark><name>2970546</name><styleUrl>#styleDaimonCIRCUITO293TRECHO</styleUrl><LineString><coordinates>-48.326869,-10.187330,0 -48.327132,-10.187331,0</coordinates></LineString></Placemark>
<Placemark><name>2780434</name><styleUrl>#styleDaimonCIRCUITO293TRECHO</styleUrl><LineString><coordinates>-48.326761,-10.187330,0 -48.326869,-10.187330,0</coordinates></LineString></Placemark>
<Placemark><name>2780433</name><styleUrl>#styleDaimonCIRCUITO293TRECHO</styleUrl><LineString><coordinates>-48.326659,-10.187330,0 -48.326761,-10.187330,0</coordinates></LineString></Placemark>
<Placemark><name>2968010</name><styleUrl>#styleDaimonCIRCUITO293TRECHO</styleUrl><LineString><coordinates>-48.326391,-10.187330,0 -48.326659,-10.187330,0</coordinates></LineString></Placemark>
<Placemark><name>12079911</name><styleUrl>#styleDaimonCIRCUITO293TRECHO</styleUrl><LineString><coordinates>-48.326357,-10.187330,0 -48.326391,-10.187330,0</coordinates></LineString></Placemark>
<Placemark><name>2745395</name><styleUrl>#styleDaimonCIRCUITO293TRECHO</styleUrl><LineString><coordinates>-48.326246,-10.187331,0 -48.326357,-10.187330,0</coordinates></LineString></Placemark>
<Placemark><name>2745392</name><styleUrl>#styleDaimonCIRCUITO293TRECHO</styleUrl><LineString><coordinates>-48.326246,-10.187331,0 -48.326244,-10.187437,0</coordinates></LineString></Placemark>
<Placemark><name>2745393</name><styleUrl>#styleDaimonCIRCUITO293TRECHO</styleUrl><LineString><coordinates>-48.326246,-10.187331,0 -48.326247,-10.187147,0</coordinates></LineString></Placemark>
<Placemark><name>2745394</name><styleUrl>#styleDaimonCIRCUITO293TRECHO</styleUrl><LineString><coordinates>-48.326125,-10.187330,0 -48.326246,-10.187331,0</coordinates></LineString></Placemark>
<Placemark><name>12079698</name><styleUrl>#styleDaimonCIRCUITO293TRECHO</styleUrl><LineString><coordinates>-48.326244,-10.187437,0 -48.326244,-10.187471,0</coordinates></LineString></Placemark>
<Placemark><name>2952944</name><styleUrl>#styleDaimonCIRCUITO293TRECHO</styleUrl><LineString><coordinates>-48.326247,-10.187147,0 -48.326249,-10.186837,0</coordinates></LineString></Placemark>
<Placemark><name>2970549</name><styleUrl>#styleDaimonCIRCUITO293TRECHO</styleUrl><LineString><coordinates>-48.325832,-10.187329,0 -48.326125,-10.187330,0</coordinates></LineString></Placemark>
<Placemark><name>2952945</name><styleUrl>#styleDaimonCIRCUITO293TRECHO</styleUrl><LineString><coordinates>-48.326244,-10.187471,0 -48.326241,-10.187802,0</coordinates></LineString></Placemark>
<Placemark><name>2952943</name><styleUrl>#styleDaimonCIRCUITO293TRECHO</styleUrl><LineString><coordinates>-48.326249,-10.186837,0 -48.326251,-10.186568,0</coordinates></LineString></Placemark>
<Placemark><name>2970550</name><styleUrl>#styleDaimonCIRCUITO293TRECHO</styleUrl><LineString><coordinates>-48.325658,-10.187330,0 -48.325832,-10.187329,0</coordinates></LineString></Placemark>
<Placemark><name>2744492</name><styleUrl>#styleDaimonCIRCUITO293TRECHO</styleUrl><LineString><coordinates>-48.326241,-10.187802,0 -48.326238,-10.188053,0</coordinates></LineString></Placemark>
<Placemark><name>2968009</name><styleUrl>#styleDaimonCIRCUITO293TRECHO</styleUrl><LineString><coordinates>-48.325497,-10.187329,0 -48.325658,-10.187330,0</coordinates></LineString></Placemark>
<Placemark><name>2744495</name><styleUrl>#styleDaimonCIRCUITO293TRECHO</styleUrl><LineString><coordinates>-48.326238,-10.188053,0 -48.326338,-10.188054,0</coordinates></LineString></Placemark>
<Placemark><name>2744493</name><styleUrl>#styleDaimonCIRCUITO293TRECHO</styleUrl><LineString><coordinates>-48.326238,-10.188053,0 -48.326239,-10.188113,0</coordinates></LineString></Placemark>
<Placemark><name>2744494</name><styleUrl>#styleDaimonCIRCUITO293TRECHO</styleUrl><LineString><coordinates>-48.326238,-10.188053,0 -48.326020,-10.188053,0</coordinates></LineString></Placemark>
<Placemark><name>2968008</name><styleUrl>#styleDaimonCIRCUITO293TRECHO</styleUrl><LineString><coordinates>-48.325215,-10.187329,0 -48.325497,-10.187329,0</coordinates></LineString></Placemark>
<Placemark><name>12081255</name><styleUrl>#styleDaimonCIRCUITO293TRECHO</styleUrl><LineString><coordinates>-48.326338,-10.188054,0 -48.326370,-10.188056,0</coordinates></LineString></Placemark>
<Placemark><name>3475180</name><styleUrl>#styleDaimonCIRCUITO293TRECHO</styleUrl><LineString><coordinates>-48.326020,-10.188053,0 -48.325928,-10.188051,0</coordinates></LineString></Placemark>
<Placemark><name>2970551</name><styleUrl>#styleDaimonCIRCUITO293TRECHO</styleUrl><LineString><coordinates>-48.324985,-10.187329,0 -48.325215,-10.187329,0</coordinates></LineString></Placemark>
<Placemark><name>3361014</name><styleUrl>#styleDaimonCIRCUITO293TRECHO</styleUrl><LineString><coordinates>-48.326370,-10.188056,0 -48.326692,-10.188059,0</coordinates></LineString></Placemark>
<Placemark><name>3475181</name><styleUrl>#styleDaimonCIRCUITO293TRECHO</styleUrl><LineString><coordinates>-48.325928,-10.188051,0 -48.325752,-10.188049,0</coordinates></LineString></Placemark>
<Placemark><name>3361015</name><styleUrl>#styleDaimonCIRCUITO293TRECHO</styleUrl><LineString><coordinates>-48.326692,-10.188059,0 -48.327020,-10.188063,0</coordinates></LineString></Placemark>
<Placemark><name>3475182</name><styleUrl>#styleDaimonCIRCUITO293TRECHO</styleUrl><LineString><coordinates>-48.325752,-10.188049,0 -48.325479,-10.188046,0</coordinates></LineString></Placemark>
<Placemark><name>3361013</name><styleUrl>#styleDaimonCIRCUITO293TRECHO</styleUrl><LineString><coordinates>-48.327020,-10.188063,0 -48.327301,-10.188066,0</coordinates></LineString></Placemark>
<Placemark><name>3657265</name><styleUrl>#styleDaimonCIRCUITO293TRECHO</styleUrl><LineString><coordinates>-48.324645,-10.184820,0 -48.324624,-10.184815,0</coordinates></LineString></Placemark>
<Placemark><name>3656985</name><styleUrl>#styleDaimonCIRCUITO293TRECHO</styleUrl><LineString><coordinates>-48.324662,-10.184841,0 -48.324645,-10.184820,0</coordinates></LineString></Placemark>
<Placemark><name>2953170</name><styleUrl>#styleDaimonCIRCUITO293TRECHO</styleUrl><LineString><coordinates>-48.324032,-10.188278,0 -48.324099,-10.188691,0</coordinates></LineString></Placemark>
<Placemark><name>12079766</name><styleUrl>#styleDaimonCIRCUITO293TRECHO</styleUrl><LineString><coordinates>-48.324044,-10.188290,0 -48.324032,-10.188278,0</coordinates></LineString></Placemark>
<Placemark><name>2954203</name><styleUrl>#styleDaimonCIRCUITO293TRECHO</styleUrl><LineString><coordinates>-48.324032,-10.188278,0 -48.323998,-10.188023,0</coordinates></LineString></Placemark>
<Placemark><name>2780249</name><styleUrl>#styleDaimonCIRCUITO293TRECHO</styleUrl><LineString><coordinates>-48.324444,-10.188314,0 -48.324044,-10.188290,0</coordinates></LineString></Placemark>
<Placemark><name>3417082</name><styleUrl>#styleDaimonCIRCUITO293TRECHO</styleUrl><LineString><coordinates>-48.324755,-10.185537,0 -48.324624,-10.185502,0</coordinates></LineString></Placemark>
<Placemark><name>42222905</name><styleUrl>#styleDaimonCIRCUITO293TRECHO</styleUrl><LineString><coordinates>-48.324699,-10.187876,0 -48.324638,-10.187876,0</coordinates></LineString></Placemark>
<Placemark><name>45216872</name><styleUrl>#styleDaimonCIRCUITO293TRECHO</styleUrl><LineString><coordinates>-48.324638,-10.187876,0 -48.324540,-10.187811,0</coordinates></LineString></Placemark>
<Placemark><name>2744497</name><styleUrl>#styleDaimonCIRCUITO293TRECHO</styleUrl><LineString><coordinates>-48.327400,-10.184791,0 -48.327401,-10.185041,0</coordinates></LineString></Placemark>
<Placemark><name>2744671</name><styleUrl>#styleDaimonCIRCUITO293TRECHO</styleUrl><LineString><coordinates>-48.327400,-10.184791,0 -48.327545,-10.184792,0</coordinates></LineString></Placemark>
<Placemark><name>2744498</name><styleUrl>#styleDaimonCIRCUITO293TRECHO</styleUrl><LineString><coordinates>-48.327347,-10.184790,0 -48.327400,-10.184791,0</coordinates></LineString></Placemark>
<Placemark><name>2744496</name><styleUrl>#styleDaimonCIRCUITO293TRECHO</styleUrl><LineString><coordinates>-48.327400,-10.184791,0 -48.327398,-10.184725,0</coordinates></LineString></Placemark>
<Placemark><name>2952471</name><styleUrl>#styleDaimonCIRCUITO293TRECHO</styleUrl><LineString><coordinates>-48.327401,-10.185041,0 -48.327401,-10.185184,0</coordinates></LineString></Placemark>
<Placemark><name>12074084</name><styleUrl>#styleDaimonCIRCUITO293TRECHO</styleUrl><LineString><coordinates>-48.327545,-10.184792,0 -48.327576,-10.184792,0</coordinates></LineString></Placemark>
<Placemark><name>3417048</name><styleUrl>#styleDaimonCIRCUITO293TRECHO</styleUrl><LineString><coordinates>-48.327144,-10.184789,0 -48.327347,-10.184790,0</coordinates></LineString></Placemark>
<Placemark><name>2958896</name><styleUrl>#styleDaimonCIRCUITO293TRECHO</styleUrl><LineString><coordinates>-48.327401,-10.185184,0 -48.327401,-10.185347,0</coordinates></LineString></Placemark>
<Placemark><name>2533780</name><styleUrl>#styleDaimonCIRCUITO293TRECHO</styleUrl><LineString><coordinates>-48.327576,-10.184792,0 -48.327670,-10.185060,0</coordinates></LineString></Placemark>
<Placemark><name>2959178</name><styleUrl>#styleDaimonCIRCUITO293TRECHO</styleUrl><LineString><coordinates>-48.326929,-10.184788,0 -48.327144,-10.184789,0</coordinates></LineString></Placemark>
<Placemark><name>12078141</name><styleUrl>#styleDaimonCIRCUITO293TRECHO</styleUrl><LineString><coordinates>-48.327670,-10.185060,0 -48.327670,-10.185072,0</coordinates></LineString></Placemark>
<Placemark><name>23586994</name><styleUrl>#styleDaimonCIRCUITO293TRECHO</styleUrl><LineString><coordinates>-48.327670,-10.185060,0 -48.327858,-10.185060,0</coordinates></LineString></Placemark>
<Placemark><name>2959179</name><styleUrl>#styleDaimonCIRCUITO293TRECHO</styleUrl><LineString><coordinates>-48.326724,-10.184787,0 -48.326929,-10.184788,0</coordinates></LineString></Placemark>
<Placemark><name>3514376</name><styleUrl>#styleDaimonCIRCUITO293TRECHO</styleUrl><LineString><coordinates>-48.327670,-10.185072,0 -48.327667,-10.185165,0</coordinates></LineString></Placemark>
<Placemark><name>2959177</name><styleUrl>#styleDaimonCIRCUITO293TRECHO</styleUrl><LineString><coordinates>-48.326419,-10.184785,0 -48.326724,-10.184787,0</coordinates></LineString></Placemark>
<Placemark><name>3514377</name><styleUrl>#styleDaimonCIRCUITO293TRECHO</styleUrl><LineString><coordinates>-48.327667,-10.185165,0 -48.327664,-10.185335,0</coordinates></LineString></Placemark>
<Placemark><name>2745391</name><styleUrl>#styleDaimonCIRCUITO293TRECHO</styleUrl><LineString><coordinates>-48.326268,-10.184786,0 -48.326419,-10.184785,0</coordinates></LineString></Placemark>
<Placemark><name>3514378</name><styleUrl>#styleDaimonCIRCUITO293TRECHO</styleUrl><LineString><coordinates>-48.327664,-10.185335,0 -48.327666,-10.185420,0</coordinates></LineString></Placemark>
<Placemark><name>2745236</name><styleUrl>#styleDaimonCIRCUITO293TRECHO</styleUrl><LineString><coordinates>-48.326268,-10.184786,0 -48.326268,-10.184746,0</coordinates></LineString></Placemark>
<Placemark><name>2745237</name><styleUrl>#styleDaimonCIRCUITO293TRECHO</styleUrl><LineString><coordinates>-48.326268,-10.184786,0 -48.326246,-10.185129,0</coordinates></LineString></Placemark>
<Placemark><name>2745238</name><styleUrl>#styleDaimonCIRCUITO293TRECHO</styleUrl><LineString><coordinates>-48.326164,-10.184784,0 -48.326268,-10.184786,0</coordinates></LineString></Placemark>
<Placemark><name>2967728</name><styleUrl>#styleDaimonCIRCUITO293TRECHO</styleUrl><LineString><coordinates>-48.326246,-10.185129,0 -48.326241,-10.185465,0</coordinates></LineString></Placemark>
<Placemark><name>12074203</name><styleUrl>#styleDaimonCIRCUITO293TRECHO</styleUrl><LineString><coordinates>-48.326130,-10.184784,0 -48.326164,-10.184784,0</coordinates></LineString></Placemark>
<Placemark><name>2745396</name><styleUrl>#styleDaimonCIRCUITO293TRECHO</styleUrl><LineString><coordinates>-48.326241,-10.185465,0 -48.326238,-10.185620,0</coordinates></LineString></Placemark>
<Placemark><name>2967723</name><styleUrl>#styleDaimonCIRCUITO293TRECHO</styleUrl><LineString><coordinates>-48.325854,-10.184782,0 -48.326130,-10.184784,0</coordinates></LineString></Placemark>
<Placemark><name>2745247</name><styleUrl>#styleDaimonCIRCUITO293TRECHO</styleUrl><LineString><coordinates>-48.326238,-10.185620,0 -48.326135,-10.185621,0</coordinates></LineString></Placemark>
<Placemark><name>2745398</name><styleUrl>#styleDaimonCIRCUITO293TRECHO</styleUrl><LineString><coordinates>-48.326238,-10.185620,0 -48.326447,-10.185621,0</coordinates></LineString></Placemark>
<Placemark><name>2745397</name><styleUrl>#styleDaimonCIRCUITO293TRECHO</styleUrl><LineString><coordinates>-48.326238,-10.185620,0 -48.326239,-10.185786,0</coordinates></LineString></Placemark>
<Placemark><name>2952336</name><styleUrl>#styleDaimonCIRCUITO293TRECHO</styleUrl><LineString><coordinates>-48.325556,-10.184781,0 -48.325854,-10.184782,0</coordinates></LineString></Placemark>
<Placemark><name>3417298</name><styleUrl>#styleDaimonCIRCUITO293TRECHO</styleUrl><LineString><coordinates>-48.326135,-10.185621,0 -48.325846,-10.185621,0</coordinates></LineString></Placemark>
<Placemark><name>2952484</name><styleUrl>#styleDaimonCIRCUITO293TRECHO</styleUrl><LineString><coordinates>-48.326447,-10.185621,0 -48.326767,-10.185621,0</coordinates></LineString></Placemark>
<Placemark><name>3467790</name><styleUrl>#styleDaimonCIRCUITO293TRECHO</styleUrl><LineString><coordinates>-48.326239,-10.185786,0 -48.326258,-10.185855,0</coordinates></LineString></Placemark>
<Placemark><name>2791357</name><styleUrl>#styleDaimonCIRCUITO293TRECHO</styleUrl><LineString><coordinates>-48.325331,-10.184779,0 -48.325556,-10.184781,0</coordinates></LineString></Placemark>
<Placemark><name>2958895</name><styleUrl>#styleDaimonCIRCUITO293TRECHO</styleUrl><LineString><coordinates>-48.325846,-10.185621,0 -48.325523,-10.185621,0</coordinates></LineString></Placemark>
<Placemark><name>2967725</name><styleUrl>#styleDaimonCIRCUITO293TRECHO</styleUrl><LineString><coordinates>-48.326258,-10.185855,0 -48.326258,-10.185944,0</coordinates></LineString></Placemark>
<Placemark><name>2976062</name><styleUrl>#styleDaimonCIRCUITO293TRECHO</styleUrl><LineString><coordinates>-48.325123,-10.184778,0 -48.325331,-10.184779,0</coordinates></LineString></Placemark>
<Placemark><name>2958894</name><styleUrl>#styleDaimonCIRCUITO293TRECHO</styleUrl><LineString><coordinates>-48.325523,-10.185621,0 -48.325218,-10.185621,0</coordinates></LineString></Placemark>
<Placemark><name>2967724</name><styleUrl>#styleDaimonCIRCUITO293TRECHO</styleUrl><LineString><coordinates>-48.326258,-10.185944,0 -48.326253,-10.186326,0</coordinates></LineString></Placemark>
<Placemark><name>2746117</name><styleUrl>#styleDaimonCIRCUITO293TRECHO</styleUrl><LineString><coordinates>-48.326253,-10.186326,0 -48.326252,-10.186363,0</coordinates></LineString></Placemark>
<Placemark><name>2746119</name><styleUrl>#styleDaimonCIRCUITO293TRECHO</styleUrl><LineString><coordinates>-48.326252,-10.186363,0 -48.326488,-10.186366,0</coordinates></LineString></Placemark>
<Placemark><name>2746120</name><styleUrl>#styleDaimonCIRCUITO293TRECHO</styleUrl><LineString><coordinates>-48.326252,-10.186363,0 -48.326160,-10.186363,0</coordinates></LineString></Placemark>
<Placemark><name>2746118</name><styleUrl>#styleDaimonCIRCUITO293TRECHO</styleUrl><LineString><coordinates>-48.326252,-10.186363,0 -48.326252,-10.186548,0</coordinates></LineString></Placemark>
<Placemark><name>3312826</name><styleUrl>#styleDaimonCIRCUITO293TRECHO</styleUrl><LineString><coordinates>-48.326488,-10.186366,0 -48.326773,-10.186368,0</coordinates></LineString></Placemark>
<Placemark><name>2967726</name><styleUrl>#styleDaimonCIRCUITO293TRECHO</styleUrl><LineString><coordinates>-48.326160,-10.186363,0 -48.325686,-10.186359,0</coordinates></LineString></Placemark>
<Placemark><name>3312827</name><styleUrl>#styleDaimonCIRCUITO293TRECHO</styleUrl><LineString><coordinates>-48.326773,-10.186368,0 -48.327069,-10.186372,0</coordinates></LineString></Placemark>
<Placemark><name>3251459</name><styleUrl>#styleDaimonCIRCUITO293TRECHO</styleUrl><LineString><coordinates>-48.325686,-10.186359,0 -48.325395,-10.186356,0</coordinates></LineString></Placemark>
<Placemark><name>3251458</name><styleUrl>#styleDaimonCIRCUITO293TRECHO</styleUrl><LineString><coordinates>-48.325395,-10.186356,0 -48.325276,-10.186356,0</coordinates></LineString></Placemark>
<Placemark><name>3643640</name><styleUrl>#styleDaimonCIRCUITO293TRECHO</styleUrl><LineString><coordinates>-48.325276,-10.186356,0 -48.325221,-10.186356,0</coordinates></LineString></Placemark>
<Placemark><name>3286369</name><styleUrl>#styleDaimonCIRCUITO293TRECHO</styleUrl><LineString><coordinates>-48.325221,-10.186356,0 -48.325124,-10.186355,0</coordinates></LineString></Placemark>
<Placemark><name>3286371</name><styleUrl>#styleDaimonCIRCUITO293TRECHO</styleUrl><LineString><coordinates>-48.325124,-10.186355,0 -48.325111,-10.186279,0</coordinates></LineString></Placemark>
<Placemark><name>3286370</name><styleUrl>#styleDaimonCIRCUITO293TRECHO</styleUrl><LineString><coordinates>-48.325124,-10.186355,0 -48.325110,-10.186579,0</coordinates></LineString></Placemark>
<Placemark><name>3286372</name><styleUrl>#styleDaimonCIRCUITO293TRECHO</styleUrl><LineString><coordinates>-48.325124,-10.186355,0 -48.325016,-10.186354,0</coordinates></LineString></Placemark>
<Placemark><name>3286367</name><styleUrl>#styleDaimonCIRCUITO293TRECHO</styleUrl><LineString><coordinates>-48.325110,-10.186579,0 -48.325112,-10.186846,0</coordinates></LineString></Placemark>
<Placemark><name>3286368</name><styleUrl>#styleDaimonCIRCUITO293TRECHO</styleUrl><LineString><coordinates>-48.325112,-10.186846,0 -48.325115,-10.187109,0</coordinates></LineString></Placemark>
<Placemark><name>2970548</name><styleUrl>#styleDaimonCIRCUITO293TRECHO</styleUrl><LineString><coordinates>-48.325827,-10.187336,0 -48.325784,-10.187393,0</coordinates></LineString></Placemark>
<Placemark><name>2970547</name><styleUrl>#styleDaimonCIRCUITO293TRECHO</styleUrl><LineString><coordinates>-48.326869,-10.187334,0 -48.326869,-10.187366,0</coordinates></LineString></Placemark>
<Placemark><name>3660586</name><styleUrl>#styleDaimonCIRCUITO293TRECHO</styleUrl><LineString><coordinates>-48.326022,-10.188052,0 -48.326034,-10.188041,0</coordinates></LineString></Placemark>
<Placemark><name>3661823</name><styleUrl>#styleDaimonCIRCUITO293TRECHO</styleUrl><LineString><coordinates>-48.326034,-10.188041,0 -48.326019,-10.188033,0</coordinates></LineString></Placemark>
<Placemark><name>43837973</name><styleUrl>#styleDaimonCIRCUITO293TRECHO</styleUrl><LineString><coordinates>-48.326019,-10.188033,0 -48.325973,-10.187991,0</coordinates></LineString></Placemark>
<Placemark><name>2967714</name><styleUrl>#styleDaimonCIRCUITO293TRECHO</styleUrl><LineString><coordinates>-48.322736,-10.185697,0 -48.322576,-10.185650,0</coordinates></LineString></Placemark>
<Placemark><name>2967461</name><styleUrl>#styleDaimonCIRCUITO293TRECHO</styleUrl><LineString><coordinates>-48.322576,-10.185650,0 -48.322452,-10.185623,0</coordinates></LineString></Placemark>
<Placemark><name>52502877</name><styleUrl>#styleDaimonCIRCUITO293TRECHO</styleUrl><LineString><coordinates>-48.322736,-10.185697,0 -48.322706,-10.185954,0</coordinates></LineString></Placemark>
<Placemark><name>52502841</name><styleUrl>#styleDaimonCIRCUITO293TRECHO</styleUrl><LineString><coordinates>-48.323044,-10.185790,0 -48.322736,-10.185697,0</coordinates></LineString></Placemark>
<Placemark><name>52502850</name><styleUrl>#styleDaimonCIRCUITO293TRECHO</styleUrl><LineString><coordinates>-48.322736,-10.185697,0 -48.322743,-10.185632,0</coordinates></LineString></Placemark>
<Placemark><name>2967460</name><styleUrl>#styleDaimonCIRCUITO293TRECHO</styleUrl><LineString><coordinates>-48.322452,-10.185623,0 -48.322186,-10.185592,0</coordinates></LineString></Placemark>
<Placemark><name>2952482</name><styleUrl>#styleDaimonCIRCUITO293TRECHO</styleUrl><LineString><coordinates>-48.323252,-10.185881,0 -48.323044,-10.185790,0</coordinates></LineString></Placemark>
<Placemark><name>3610737</name><styleUrl>#styleDaimonCIRCUITO293TRECHO</styleUrl><LineString><coordinates>-48.322186,-10.185592,0 -48.321991,-10.185593,0</coordinates></LineString></Placemark>
<Placemark><name>2958897</name><styleUrl>#styleDaimonCIRCUITO293TRECHO</styleUrl><LineString><coordinates>-48.323317,-10.185918,0 -48.323252,-10.185881,0</coordinates></LineString></Placemark>
<Placemark><name>3610739</name><styleUrl>#styleDaimonCIRCUITO293TRECHO</styleUrl><LineString><coordinates>-48.321991,-10.185593,0 -48.321956,-10.185818,0</coordinates></LineString></Placemark>
<Placemark><name>3610468</name><styleUrl>#styleDaimonCIRCUITO293TRECHO</styleUrl><LineString><coordinates>-48.321991,-10.185593,0 -48.321848,-10.185589,0</coordinates></LineString></Placemark>
<Placemark><name>3610736</name><styleUrl>#styleDaimonCIRCUITO293TRECHO</styleUrl><LineString><coordinates>-48.321991,-10.185593,0 -48.321983,-10.185529,0</coordinates></LineString></Placemark>
<Placemark><name>59527909</name><styleUrl>#styleDaimonCIRCUITO293TRECHO</styleUrl><LineString><coordinates>-48.323554,-10.186055,0 -48.323317,-10.185918,0</coordinates></LineString></Placemark>
<Placemark><name>59527825</name><styleUrl>#styleDaimonCIRCUITO293TRECHO</styleUrl><LineString><coordinates>-48.323317,-10.185918,0 -48.323316,-10.185852,0</coordinates></LineString></Placemark>
<Placemark><name>59527824</name><styleUrl>#styleDaimonCIRCUITO293TRECHO</styleUrl><LineString><coordinates>-48.323317,-10.185918,0 -48.323298,-10.186132,0</coordinates></LineString></Placemark>
<Placemark><name>3610738</name><styleUrl>#styleDaimonCIRCUITO293TRECHO</styleUrl><LineString><coordinates>-48.321956,-10.185818,0 -48.321935,-10.186133,0</coordinates></LineString></Placemark>
<Placemark><name>2967458</name><styleUrl>#styleDaimonCIRCUITO293TRECHO</styleUrl><LineString><coordinates>-48.321848,-10.185589,0 -48.321560,-10.185610,0</coordinates></LineString></Placemark>
<Placemark><name>2958898</name><styleUrl>#styleDaimonCIRCUITO293TRECHO</styleUrl><LineString><coordinates>-48.323738,-10.186192,0 -48.323554,-10.186055,0</coordinates></LineString></Placemark>
<Placemark><name>59527826</name><styleUrl>#styleDaimonCIRCUITO293TRECHO</styleUrl><LineString><coordinates>-48.323316,-10.185852,0 -48.323498,-10.185953,0</coordinates></LineString></Placemark>
<Placemark><name>59527852</name><styleUrl>#styleDaimonCIRCUITO293TRECHO</styleUrl><LineString><coordinates>-48.323316,-10.185852,0 -48.323225,-10.185814,0</coordinates></LineString></Placemark>
<Placemark><name>39712654</name><styleUrl>#styleDaimonCIRCUITO293TRECHO</styleUrl><LineString><coordinates>-48.321560,-10.185610,0 -48.321322,-10.185671,0</coordinates></LineString></Placemark>
<Placemark><name>2952713</name><styleUrl>#styleDaimonCIRCUITO293TRECHO</styleUrl><LineString><coordinates>-48.323956,-10.186372,0 -48.323738,-10.186192,0</coordinates></LineString></Placemark>
<Placemark><name>59527812</name><styleUrl>#styleDaimonCIRCUITO293TRECHO</styleUrl><LineString><coordinates>-48.323498,-10.185953,0 -48.323570,-10.186003,0</coordinates></LineString></Placemark>
<Placemark><name>2967457</name><styleUrl>#styleDaimonCIRCUITO293TRECHO</styleUrl><LineString><coordinates>-48.321322,-10.185671,0 -48.321190,-10.185705,0</coordinates></LineString></Placemark>
<Placemark><name>39712686</name><styleUrl>#styleDaimonCIRCUITO293TRECHO</styleUrl><LineString><coordinates>-48.321322,-10.185671,0 -48.321306,-10.185912,0</coordinates></LineString></Placemark>
<Placemark><name>39712663</name><styleUrl>#styleDaimonCIRCUITO293TRECHO</styleUrl><LineString><coordinates>-48.321322,-10.185671,0 -48.321325,-10.185625,0</coordinates></LineString></Placemark>
<Placemark><name>2745801</name><styleUrl>#styleDaimonCIRCUITO293TRECHO</styleUrl><LineString><coordinates>-48.323998,-10.186412,0 -48.323956,-10.186372,0</coordinates></LineString></Placemark>
<Placemark><name>2967456</name><styleUrl>#styleDaimonCIRCUITO293TRECHO</styleUrl><LineString><coordinates>-48.321190,-10.185705,0 -48.320998,-10.185786,0</coordinates></LineString></Placemark>
<Placemark><name>39712687</name><styleUrl>#styleDaimonCIRCUITO293TRECHO</styleUrl><LineString><coordinates>-48.321306,-10.185912,0 -48.321284,-10.186237,0</coordinates></LineString></Placemark>
<Placemark><name>2745803</name><styleUrl>#styleDaimonCIRCUITO293TRECHO</styleUrl><LineString><coordinates>-48.323971,-10.186516,0 -48.323998,-10.186412,0</coordinates></LineString></Placemark>
<Placemark><name>2745804</name><styleUrl>#styleDaimonCIRCUITO293TRECHO</styleUrl><LineString><coordinates>-48.323998,-10.186412,0 -48.324046,-10.186155,0</coordinates></LineString></Placemark>
<Placemark><name>2745802</name><styleUrl>#styleDaimonCIRCUITO293TRECHO</styleUrl><LineString><coordinates>-48.323998,-10.186412,0 -48.324262,-10.186660,0</coordinates></LineString></Placemark>
<Placemark><name>2951863</name><styleUrl>#styleDaimonCIRCUITO293TRECHO</styleUrl><LineString><coordinates>-48.320998,-10.185786,0 -48.320767,-10.185887,0</coordinates></LineString></Placemark>
<Placemark><name>39712688</name><styleUrl>#styleDaimonCIRCUITO293TRECHO</styleUrl><LineString><coordinates>-48.321284,-10.186237,0 -48.321263,-10.186510,0</coordinates></LineString></Placemark>
<Placemark><name>3467417</name><styleUrl>#styleDaimonCIRCUITO293TRECHO</styleUrl><LineString><coordinates>-48.323968,-10.186703,0 -48.323971,-10.186516,0</coordinates></LineString></Placemark>
<Placemark><name>3583581</name><styleUrl>#styleDaimonCIRCUITO293TRECHO</styleUrl><LineString><coordinates>-48.324046,-10.186155,0 -48.324056,-10.185860,0</coordinates></LineString></Placemark>
<Placemark><name>39713005</name><styleUrl>#styleDaimonCIRCUITO293TRECHO</styleUrl><LineString><coordinates>-48.320767,-10.185887,0 -48.320748,-10.185901,0</coordinates></LineString></Placemark>
<Placemark><name>39712673</name><styleUrl>#styleDaimonCIRCUITO293TRECHO</styleUrl><LineString><coordinates>-48.321263,-10.186510,0 -48.321233,-10.186846,0</coordinates></LineString></Placemark>
<Placemark><name>3467418</name><styleUrl>#styleDaimonCIRCUITO293TRECHO</styleUrl><LineString><coordinates>-48.323966,-10.186971,0 -48.323968,-10.186703,0</coordinates></LineString></Placemark>
<Placemark><name>3583582</name><styleUrl>#styleDaimonCIRCUITO293TRECHO</styleUrl><LineString><coordinates>-48.324056,-10.185860,0 -48.324063,-10.185791,0</coordinates></LineString></Placemark>
<Placemark><name>39713013</name><styleUrl>#styleDaimonCIRCUITO293TRECHO</styleUrl><LineString><coordinates>-48.320748,-10.185901,0 -48.320632,-10.185966,0</coordinates></LineString></Placemark>
<Placemark><name>2954200</name><styleUrl>#styleDaimonCIRCUITO293TRECHO</styleUrl><LineString><coordinates>-48.323974,-10.187314,0 -48.323966,-10.186971,0</coordinates></LineString></Placemark>
<Placemark><name>3594620</name><styleUrl>#styleDaimonCIRCUITO293TRECHO</styleUrl><LineString><coordinates>-48.324063,-10.185791,0 -48.324068,-10.185540,0</coordinates></LineString></Placemark>
<Placemark><name>39713033</name><styleUrl>#styleDaimonCIRCUITO293TRECHO</styleUrl><LineString><coordinates>-48.320632,-10.185966,0 -48.320459,-10.186064,0</coordinates></LineString></Placemark>
<Placemark><name>39713045</name><styleUrl>#styleDaimonCIRCUITO293TRECHO</styleUrl><LineString><coordinates>-48.320632,-10.185966,0 -48.320615,-10.186193,0</coordinates></LineString></Placemark>
<Placemark><name>39713023</name><styleUrl>#styleDaimonCIRCUITO293TRECHO</styleUrl><LineString><coordinates>-48.320632,-10.185966,0 -48.320638,-10.185878,0</coordinates></LineString></Placemark>
<Placemark><name>2954201</name><styleUrl>#styleDaimonCIRCUITO293TRECHO</styleUrl><LineString><coordinates>-48.323980,-10.187663,0 -48.323974,-10.187314,0</coordinates></LineString></Placemark>
<Placemark><name>39713069</name><styleUrl>#styleDaimonCIRCUITO293TRECHO</styleUrl><LineString><coordinates>-48.320615,-10.186193,0 -48.320614,-10.186220,0</coordinates></LineString></Placemark>
<Placemark><name>2954202</name><styleUrl>#styleDaimonCIRCUITO293TRECHO</styleUrl><LineString><coordinates>-48.323996,-10.187988,0 -48.323980,-10.187663,0</coordinates></LineString></Placemark>
<Placemark><name>39713089</name><styleUrl>#styleDaimonCIRCUITO293TRECHO</styleUrl><LineString><coordinates>-48.320614,-10.186220,0 -48.320602,-10.186522,0</coordinates></LineString></Placemark>
<Placemark><name>39713090</name><styleUrl>#styleDaimonCIRCUITO293TRECHO</styleUrl><LineString><coordinates>-48.320602,-10.186522,0 -48.320609,-10.186884,0</coordinates></LineString></Placemark>
<Placemark><name>39713077</name><styleUrl>#styleDaimonCIRCUITO293TRECHO</styleUrl><LineString><coordinates>-48.320609,-10.186884,0 -48.320591,-10.187175,0</coordinates></LineString></Placemark>
<Placemark><name>3474551</name><styleUrl>#styleDaimonCIRCUITO293TRECHO</styleUrl><LineString><coordinates>-48.323828,-10.190358,0 -48.323549,-10.190552,0</coordinates></LineString></Placemark>
<Placemark><name>3474550</name><styleUrl>#styleDaimonCIRCUITO293TRECHO</styleUrl><LineString><coordinates>-48.323965,-10.190241,0 -48.323828,-10.190358,0</coordinates></LineString></Placemark>
<Placemark><name>3057484</name><styleUrl>#styleDaimonCIRCUITO293TRECHO</styleUrl><LineString><coordinates>-48.323549,-10.190552,0 -48.323341,-10.190687,0</coordinates></LineString></Placemark>
<Placemark><name>2744522</name><styleUrl>#styleDaimonCIRCUITO293TRECHO</styleUrl><LineString><coordinates>-48.324078,-10.190129,0 -48.323965,-10.190241,0</coordinates></LineString></Placemark>
<Placemark><name>3057487</name><styleUrl>#styleDaimonCIRCUITO293TRECHO</styleUrl><LineString><coordinates>-48.323341,-10.190687,0 -48.323327,-10.190796,0</coordinates></LineString></Placemark>
<Placemark><name>3057485</name><styleUrl>#styleDaimonCIRCUITO293TRECHO</styleUrl><LineString><coordinates>-48.323341,-10.190687,0 -48.323277,-10.190731,0</coordinates></LineString></Placemark>
<Placemark><name>3057486</name><styleUrl>#styleDaimonCIRCUITO293TRECHO</styleUrl><LineString><coordinates>-48.323341,-10.190687,0 -48.323368,-10.190516,0</coordinates></LineString></Placemark>
<Placemark><name>2744523</name><styleUrl>#styleDaimonCIRCUITO293TRECHO</styleUrl><LineString><coordinates>-48.324076,-10.190056,0 -48.324078,-10.190129,0</coordinates></LineString></Placemark>
<Placemark><name>2744521</name><styleUrl>#styleDaimonCIRCUITO293TRECHO</styleUrl><LineString><coordinates>-48.324078,-10.190129,0 -48.324185,-10.190019,0</coordinates></LineString></Placemark>
<Placemark><name>2744524</name><styleUrl>#styleDaimonCIRCUITO293TRECHO</styleUrl><LineString><coordinates>-48.324078,-10.190129,0 -48.324102,-10.190385,0</coordinates></LineString></Placemark>
<Placemark><name>3467650</name><styleUrl>#styleDaimonCIRCUITO293TRECHO</styleUrl><LineString><coordinates>-48.323277,-10.190731,0 -48.322936,-10.190910,0</coordinates></LineString></Placemark>
<Placemark><name>23462500</name><styleUrl>#styleDaimonCIRCUITO293TRECHO</styleUrl><LineString><coordinates>-48.323368,-10.190516,0 -48.323393,-10.190224,0</coordinates></LineString></Placemark>
<Placemark><name>2953402</name><styleUrl>#styleDaimonCIRCUITO293TRECHO</styleUrl><LineString><coordinates>-48.324107,-10.189674,0 -48.324076,-10.190056,0</coordinates></LineString></Placemark>
<Placemark><name>12079796</name><styleUrl>#styleDaimonCIRCUITO293TRECHO</styleUrl><LineString><coordinates>-48.324102,-10.190385,0 -48.324102,-10.190419,0</coordinates></LineString></Placemark>
<Placemark><name>3467651</name><styleUrl>#styleDaimonCIRCUITO293TRECHO</styleUrl><LineString><coordinates>-48.322936,-10.190910,0 -48.322639,-10.190965,0</coordinates></LineString></Placemark>
<Placemark><name>23462489</name><styleUrl>#styleDaimonCIRCUITO293TRECHO</styleUrl><LineString><coordinates>-48.323393,-10.190224,0 -48.323411,-10.189884,0</coordinates></LineString></Placemark>
<Placemark><name>2953401</name><styleUrl>#styleDaimonCIRCUITO293TRECHO</styleUrl><LineString><coordinates>-48.324116,-10.189334,0 -48.324107,-10.189674,0</coordinates></LineString></Placemark>
<Placemark><name>2952270</name><styleUrl>#styleDaimonCIRCUITO293TRECHO</styleUrl><LineString><coordinates>-48.324102,-10.190419,0 -48.324124,-10.190703,0</coordinates></LineString></Placemark>
<Placemark><name>23462608</name><styleUrl>#styleDaimonCIRCUITO293TRECHO</styleUrl><LineString><coordinates>-48.322639,-10.190965,0 -48.322638,-10.191022,0</coordinates></LineString></Placemark>
<Placemark><name>23462617</name><styleUrl>#styleDaimonCIRCUITO293TRECHO</styleUrl><LineString><coordinates>-48.322639,-10.190965,0 -48.322687,-10.190771,0</coordinates></LineString></Placemark>
<Placemark><name>23462599</name><styleUrl>#styleDaimonCIRCUITO293TRECHO</styleUrl><LineString><coordinates>-48.322639,-10.190965,0 -48.322588,-10.190974,0</coordinates></LineString></Placemark>
<Placemark><name>2953400</name><styleUrl>#styleDaimonCIRCUITO293TRECHO</styleUrl><LineString><coordinates>-48.324113,-10.188984,0 -48.324116,-10.189334,0</coordinates></LineString></Placemark>
<Placemark><name>3358773</name><styleUrl>#styleDaimonCIRCUITO293TRECHO</styleUrl><LineString><coordinates>-48.324124,-10.190703,0 -48.324133,-10.190944,0</coordinates></LineString></Placemark>
<Placemark><name>23462640</name><styleUrl>#styleDaimonCIRCUITO293TRECHO</styleUrl><LineString><coordinates>-48.322687,-10.190771,0 -48.322714,-10.190526,0</coordinates></LineString></Placemark>
<Placemark><name>3467652</name><styleUrl>#styleDaimonCIRCUITO293TRECHO</styleUrl><LineString><coordinates>-48.322588,-10.190974,0 -48.322268,-10.191020,0</coordinates></LineString></Placemark>
<Placemark><name>2953399</name><styleUrl>#styleDaimonCIRCUITO293TRECHO</styleUrl><LineString><coordinates>-48.324100,-10.188721,0 -48.324113,-10.188984,0</coordinates></LineString></Placemark>
<Placemark><name>3358774</name><styleUrl>#styleDaimonCIRCUITO293TRECHO</styleUrl><LineString><coordinates>-48.324133,-10.190944,0 -48.324124,-10.191089,0</coordinates></LineString></Placemark>
<Placemark><name>23462641</name><styleUrl>#styleDaimonCIRCUITO293TRECHO</styleUrl><LineString><coordinates>-48.322714,-10.190526,0 -48.322726,-10.190174,0</coordinates></LineString></Placemark>
<Placemark><name>3474548</name><styleUrl>#styleDaimonCIRCUITO293TRECHO</styleUrl><LineString><coordinates>-48.324124,-10.191089,0 -48.324085,-10.191328,0</coordinates></LineString></Placemark>
<Placemark><name>23462627</name><styleUrl>#styleDaimonCIRCUITO293TRECHO</styleUrl><LineString><coordinates>-48.322726,-10.190174,0 -48.322750,-10.189859,0</coordinates></LineString></Placemark>
<Placemark><name>2958893</name><styleUrl>#styleDaimonCIRCUITO293TRECHO</styleUrl><LineString><coordinates>-48.326768,-10.185615,0 -48.326776,-10.185551,0</coordinates></LineString></Placemark>
<Placemark><name>3661826</name><styleUrl>#styleDaimonCIRCUITO293TRECHO</styleUrl><LineString><coordinates>-48.326776,-10.185551,0 -48.326775,-10.185533,0</coordinates></LineString></Placemark>
<Placemark><name>3660584</name><styleUrl>#styleDaimonCIRCUITO293TRECHO</styleUrl><LineString><coordinates>-48.326257,-10.185946,0 -48.326244,-10.185956,0</coordinates></LineString></Placemark>
<Placemark><name>3661825</name><styleUrl>#styleDaimonCIRCUITO293TRECHO</styleUrl><LineString><coordinates>-48.326244,-10.185956,0 -48.326238,-10.185939,0</coordinates></LineString></Placemark>
<Placemark><name>3660587</name><styleUrl>#styleDaimonCIRCUITO293TRECHO</styleUrl><LineString><coordinates>-48.326252,-10.186328,0 -48.326238,-10.186337,0</coordinates></LineString></Placemark>
<Placemark><name>3661824</name><styleUrl>#styleDaimonCIRCUITO293TRECHO</styleUrl><LineString><coordinates>-48.326238,-10.186337,0 -48.326235,-10.186319,0</coordinates></LineString></Placemark>
<Placemark><name>24497725</name><styleUrl>#styleDaimonCIRCUITO293TRECHO</styleUrl><LineString><coordinates>-48.326235,-10.186319,0 -48.326063,-10.186322,0</coordinates></LineString></Placemark>
<Placemark><name>3660585</name><styleUrl>#styleDaimonCIRCUITO293TRECHO</styleUrl><LineString><coordinates>-48.325557,-10.184783,0 -48.325560,-10.184802,0</coordinates></LineString></Placemark>
<Placemark><name>3583583</name><styleUrl>#styleDaimonCIRCUITO293TRECHO</styleUrl><LineString><coordinates>-48.324061,-10.185861,0 -48.324110,-10.185863,0</coordinates></LineString></Placemark>
<Placemark><name>2967459</name><styleUrl>#styleDaimonCIRCUITO293TRECHO</styleUrl><LineString><coordinates>-48.321850,-10.185578,0 -48.321865,-10.185479,0</coordinates></LineString></Placemark>
<Placemark><name>3594621</name><styleUrl>#styleDaimonCIRCUITO293TRECHO</styleUrl><LineString><coordinates>-48.324066,-10.185792,0 -48.324099,-10.185799,0</coordinates></LineString></Placemark>
<Placemark><name>43837709</name><styleUrl>#styleDaimonCIRCUITO293TRECHO</styleUrl><LineString><coordinates>-48.324099,-10.185799,0 -48.324146,-10.185763,0</coordinates></LineString></Placemark>
<Placemark><name>33147720</name><styleUrl>#styleDaimonCIRCUITO293TRECHO</styleUrl><LineString><coordinates>-48.324099,-10.185799,0 -48.324165,-10.185774,0</coordinates></LineString></Placemark>
<Placemark><name>52502879</name><styleUrl>#styleDaimonCIRCUITO293TRECHO</styleUrl><LineString><coordinates>-48.322685,-10.186234,0 -48.322661,-10.186516,0</coordinates></LineString></Placemark>
<Placemark><name>52502878</name><styleUrl>#styleDaimonCIRCUITO293TRECHO</styleUrl><LineString><coordinates>-48.322704,-10.185983,0 -48.322685,-10.186234,0</coordinates></LineString></Placemark>
<Placemark><name>52502880</name><styleUrl>#styleDaimonCIRCUITO293TRECHO</styleUrl><LineString><coordinates>-48.322661,-10.186516,0 -48.322650,-10.186732,0</coordinates></LineString></Placemark>
<Placemark><name>52502860</name><styleUrl>#styleDaimonCIRCUITO293TRECHO</styleUrl><LineString><coordinates>-48.322650,-10.186732,0 -48.322649,-10.187033,0</coordinates></LineString></Placemark>
<Placemark><name>59527866</name><styleUrl>#styleDaimonCIRCUITO293TRECHO</styleUrl><LineString><coordinates>-48.323500,-10.185951,0 -48.323510,-10.185931,0</coordinates></LineString></Placemark>
<Placemark><name>2967713</name><styleUrl>#styleDaimonCIRCUITO293TRECHO</styleUrl><LineString><coordinates>-48.322453,-10.185618,0 -48.322456,-10.185569,0</coordinates></LineString></Placemark>
<Placemark><name>3474549</name><styleUrl>#styleDaimonCIRCUITO293TRECHO</styleUrl><LineString><coordinates>-48.324129,-10.191094,0 -48.324167,-10.191133,0</coordinates></LineString></Placemark>
<Placemark><name>2952271</name><styleUrl>#styleDaimonCIRCUITO293TRECHO</styleUrl><LineString><coordinates>-48.324127,-10.190696,0 -48.324151,-10.190628,0</coordinates></LineString></Placemark>
<Placemark><name>Suporte Chave DJ_AL03059122_FICT</name><styleUrl>#styleDaimonCIRCUITO293TRECHO</styleUrl><LineString><coordinates>-48.309441,-10.204413,0 -48.309706,-10.203933,0</coordinates></LineString></Placemark>
<Placemark><name>Suporte Chave 8800315122</name><styleUrl>#styleDaimonCIRCUITO293TRECHO</styleUrl><LineString><coordinates>-48.309965,-10.203827,0 -48.309987,-10.203819,0</coordinates></LineString></Placemark>
<Placemark><name>Suporte Chave 8809583122</name><styleUrl>#styleDaimonCIRCUITO293TRECHO</styleUrl><LineString><coordinates>-48.310078,-10.198009,0 -48.310080,-10.198008,0</coordinates></LineString></Placemark>
<Placemark><name>Suporte Chave 0300318122</name><styleUrl>#styleDaimonCIRCUITO293TRECHO</styleUrl><LineString><coordinates>-48.311183,-10.197554,0 -48.311193,-10.197534,0</coordinates></LineString></Placemark>
<Placemark><name>Suporte Chave 8800319122</name><styleUrl>#styleDaimonCIRCUITO293TRECHO</styleUrl><LineString><coordinates>-48.313873,-10.196873,0 -48.313873,-10.196844,0</coordinates></LineString></Placemark>
<Placemark><name>Suporte Chave 0300320122</name><styleUrl>#styleDaimonCIRCUITO293TRECHO</styleUrl><LineString><coordinates>-48.314179,-10.194687,0 -48.314199,-10.194679,0</coordinates></LineString></Placemark>
<Placemark><name>Suporte Chave 8800014122</name><styleUrl>#styleDaimonCIRCUITO293TRECHO</styleUrl><LineString><coordinates>-48.314515,-10.191955,0 -48.314551,-10.191957,0</coordinates></LineString></Placemark>
<Placemark><name>Suporte Chave 0203000122</name><styleUrl>#styleDaimonCIRCUITO293TRECHO</styleUrl><LineString><coordinates>-48.314396,-10.195087,0 -48.314396,-10.195096,0</coordinates></LineString></Placemark>
<Placemark><name>Suporte Chave 8804187122</name><styleUrl>#styleDaimonCIRCUITO293TRECHO</styleUrl><LineString><coordinates>-48.318846,-10.192018,0 -48.318851,-10.191994,0</coordinates></LineString></Placemark>
<Placemark><name>Suporte Chave 8803445122</name><styleUrl>#styleDaimonCIRCUITO293TRECHO</styleUrl><LineString><coordinates>-48.319971,-10.192037,0 -48.320009,-10.192038,0</coordinates></LineString></Placemark>
<Placemark><name>Suporte Chave 8800331122</name><styleUrl>#styleDaimonCIRCUITO293TRECHO</styleUrl><LineString><coordinates>-48.318565,-10.191757,0 -48.318547,-10.191758,0</coordinates></LineString></Placemark>
<Placemark><name>Suporte Chave 0300352122</name><styleUrl>#styleDaimonCIRCUITO293TRECHO</styleUrl><LineString><coordinates>-48.321957,-10.191244,0 -48.321960,-10.191223,0</coordinates></LineString></Placemark>
<Placemark><name>Suporte Chave 0300032122</name><styleUrl>#styleDaimonCIRCUITO293TRECHO</styleUrl><LineString><coordinates>-48.318743,-10.188331,0 -48.318721,-10.188331,0</coordinates></LineString></Placemark>
<Placemark><name>Suporte Chave 0300336122</name><styleUrl>#styleDaimonCIRCUITO293TRECHO</styleUrl><LineString><coordinates>-48.322006,-10.192335,0 -48.322007,-10.192371,0</coordinates></LineString></Placemark>
<Placemark><name>Suporte Chave 9000333122</name><styleUrl>#styleDaimonCIRCUITO293TRECHO</styleUrl><LineString><coordinates>-48.323889,-10.192023,0 -48.323892,-10.192025,0</coordinates></LineString></Placemark>
<Placemark><name>Suporte Chave 0203444122</name><styleUrl>#styleDaimonCIRCUITO293TRECHO</styleUrl><LineString><coordinates>-48.323130,-10.192026,0 -48.323131,-10.192031,0</coordinates></LineString></Placemark>
<Placemark><name>Suporte Chave 0303301122</name><styleUrl>#styleDaimonCIRCUITO293TRECHO</styleUrl><LineString><coordinates>-48.318070,-10.191755,0 -48.318070,-10.191751,0</coordinates></LineString></Placemark>
<Placemark><name>Suporte Chave 0206108122</name><styleUrl>#styleDaimonCIRCUITO293TRECHO</styleUrl><LineString><coordinates>-48.320028,-10.190483,0 -48.320022,-10.190481,0</coordinates></LineString></Placemark>
<Placemark><name>Suporte Chave 0219627122</name><styleUrl>#styleDaimonCIRCUITO293TRECHO</styleUrl><LineString><coordinates>-48.319956,-10.187562,0 -48.319938,-10.187563,0</coordinates></LineString></Placemark>
<Placemark><name>Suporte Chave 0323573122</name><styleUrl>#styleDaimonCIRCUITO293TRECHO</styleUrl><LineString><coordinates>-48.319986,-10.190878,0 -48.319979,-10.190878,0</coordinates></LineString></Placemark>
<Placemark><name>Suporte Chave 0204416122</name><styleUrl>#styleDaimonCIRCUITO293TRECHO</styleUrl><LineString><coordinates>-48.319970,-10.191198,0 -48.319964,-10.191198,0</coordinates></LineString></Placemark>
<Placemark><name>Suporte Chave 0305426122</name><styleUrl>#styleDaimonCIRCUITO293TRECHO</styleUrl><LineString><coordinates>-48.321540,-10.191028,0 -48.321538,-10.191035,0</coordinates></LineString></Placemark>
<Placemark><name>Suporte Chave 8807171122</name><styleUrl>#styleDaimonCIRCUITO293TRECHO</styleUrl><LineString><coordinates>-48.315688,-10.190561,0 -48.315649,-10.190561,0</coordinates></LineString></Placemark>
<Placemark><name>Suporte Chave 0200036122</name><styleUrl>#styleDaimonCIRCUITO293TRECHO</styleUrl><LineString><coordinates>-48.316384,-10.190568,0 -48.316372,-10.190583,0</coordinates></LineString></Placemark>
<Placemark><name>Suporte Chave 0200035122</name><styleUrl>#styleDaimonCIRCUITO293TRECHO</styleUrl><LineString><coordinates>-48.317275,-10.190756,0 -48.317254,-10.190762,0</coordinates></LineString></Placemark>
<Placemark><name>Suporte Chave 7907468122</name><styleUrl>#styleDaimonCIRCUITO293TRECHO</styleUrl><LineString><coordinates>-48.323910,-10.192041,0 -48.323913,-10.192041,0</coordinates></LineString></Placemark>
<Placemark><name>Suporte Chave 0302754122</name><styleUrl>#styleDaimonCIRCUITO293TRECHO</styleUrl><LineString><coordinates>-48.314704,-10.190551,0 -48.314705,-10.190577,0</coordinates></LineString></Placemark>
<Placemark><name>Suporte Chave 0307508122</name><styleUrl>#styleDaimonCIRCUITO293TRECHO</styleUrl><LineString><coordinates>-48.314417,-10.191187,0 -48.314415,-10.191187,0</coordinates></LineString></Placemark>
<Placemark><name>Suporte Chave 0303455122</name><styleUrl>#styleDaimonCIRCUITO293TRECHO</styleUrl><LineString><coordinates>-48.314994,-10.190554,0 -48.314994,-10.190565,0</coordinates></LineString></Placemark>
<Placemark><name>Suporte Chave 0303819122</name><styleUrl>#styleDaimonCIRCUITO293TRECHO</styleUrl><LineString><coordinates>-48.315290,-10.190557,0 -48.315296,-10.190563,0</coordinates></LineString></Placemark>
<Placemark><name>Suporte Chave 9000334122</name><styleUrl>#styleDaimonCIRCUITO293TRECHO</styleUrl><LineString><coordinates>-48.323932,-10.192041,0 -48.323934,-10.192040,0</coordinates></LineString></Placemark>
<Placemark><name>Suporte Chave 8800333122</name><styleUrl>#styleDaimonCIRCUITO293TRECHO</styleUrl><LineString><coordinates>-48.324032,-10.192024,0 -48.324060,-10.192024,0</coordinates></LineString></Placemark>
<Placemark><name>Suporte Chave 9007731122</name><styleUrl>#styleDaimonCIRCUITO293TRECHO</styleUrl><LineString><coordinates>-48.324627,-10.192467,0 -48.324626,-10.192469,0</coordinates></LineString></Placemark>
<Placemark><name>Suporte Chave 8801063122</name><styleUrl>#styleDaimonCIRCUITO293TRECHO</styleUrl><LineString><coordinates>-48.324725,-10.189125,0 -48.324726,-10.189095,0</coordinates></LineString></Placemark>
<Placemark><name>Suporte Chave 8802931122</name><styleUrl>#styleDaimonCIRCUITO293TRECHO</styleUrl><LineString><coordinates>-48.324753,-10.184869,0 -48.324775,-10.184870,0</coordinates></LineString></Placemark>
<Placemark><name>Suporte Chave 0204444122</name><styleUrl>#styleDaimonCIRCUITO293TRECHO</styleUrl><LineString><coordinates>-48.324763,-10.185858,0 -48.324748,-10.185854,0</coordinates></LineString></Placemark>
<Placemark><name>Suporte Chave 0300344122</name><styleUrl>#styleDaimonCIRCUITO293TRECHO</styleUrl><LineString><coordinates>-48.324745,-10.185723,0 -48.324744,-10.185722,0</coordinates></LineString></Placemark>
<Placemark><name>Suporte Chave 0300370122</name><styleUrl>#styleDaimonCIRCUITO293TRECHO</styleUrl><LineString><coordinates>-48.324958,-10.187328,0 -48.324985,-10.187329,0</coordinates></LineString></Placemark>
<Placemark><name>Suporte Chave 9007592122</name><styleUrl>#styleDaimonCIRCUITO293TRECHO</styleUrl><LineString><coordinates>-48.324664,-10.184843,0 -48.324662,-10.184841,0</coordinates></LineString></Placemark>
<Placemark><name>Suporte Chave 8805407122</name><styleUrl>#styleDaimonCIRCUITO293TRECHO</styleUrl><LineString><coordinates>-48.324488,-10.188317,0 -48.324444,-10.188314,0</coordinates></LineString></Placemark>
<Placemark><name>Suporte Chave 0203762122</name><styleUrl>#styleDaimonCIRCUITO293TRECHO</styleUrl><LineString><coordinates>-48.324769,-10.185540,0 -48.324755,-10.185537,0</coordinates></LineString></Placemark>
<Placemark><name>Suporte Chave 0326004122</name><styleUrl>#styleDaimonCIRCUITO293TRECHO</styleUrl><LineString><coordinates>-48.324706,-10.187876,0 -48.324699,-10.187876,0</coordinates></LineString></Placemark>
<Placemark><name>Suporte Chave 0303645122</name><styleUrl>#styleDaimonCIRCUITO293TRECHO</styleUrl><LineString><coordinates>-48.325099,-10.184778,0 -48.325123,-10.184778,0</coordinates></LineString></Placemark>
<Placemark><name>Suporte Chave 0306003122</name><styleUrl>#styleDaimonCIRCUITO293TRECHO</styleUrl><LineString><coordinates>-48.325832,-10.187329,0 -48.325827,-10.187336,0</coordinates></LineString></Placemark>
<Placemark><name>Suporte Chave 0301102122</name><styleUrl>#styleDaimonCIRCUITO293TRECHO</styleUrl><LineString><coordinates>-48.326869,-10.187330,0 -48.326869,-10.187334,0</coordinates></LineString></Placemark>
<Placemark><name>Suporte Chave 0202108122</name><styleUrl>#styleDaimonCIRCUITO293TRECHO</styleUrl><LineString><coordinates>-48.326020,-10.188053,0 -48.326022,-10.188052,0</coordinates></LineString></Placemark>
<Placemark><name>Suporte Chave 0300353122</name><styleUrl>#styleDaimonCIRCUITO293TRECHO</styleUrl><LineString><coordinates>-48.323998,-10.188023,0 -48.323996,-10.187988,0</coordinates></LineString></Placemark>
<Placemark><name>Suporte Chave 0300345122</name><styleUrl>#styleDaimonCIRCUITO293TRECHO</styleUrl><LineString><coordinates>-48.324099,-10.188691,0 -48.324100,-10.188721,0</coordinates></LineString></Placemark>
<Placemark><name>Suporte Chave 0300374122</name><styleUrl>#styleDaimonCIRCUITO293TRECHO</styleUrl><LineString><coordinates>-48.326767,-10.185621,0 -48.326768,-10.185615,0</coordinates></LineString></Placemark>
<Placemark><name>Suporte Chave 0301052122</name><styleUrl>#styleDaimonCIRCUITO293TRECHO</styleUrl><LineString><coordinates>-48.326258,-10.185944,0 -48.326257,-10.185946,0</coordinates></LineString></Placemark>
<Placemark><name>Suporte Chave 0203080122</name><styleUrl>#styleDaimonCIRCUITO293TRECHO</styleUrl><LineString><coordinates>-48.326253,-10.186326,0 -48.326252,-10.186328,0</coordinates></LineString></Placemark>
<Placemark><name>Suporte Chave 0306005122</name><styleUrl>#styleDaimonCIRCUITO293TRECHO</styleUrl><LineString><coordinates>-48.325556,-10.184781,0 -48.325557,-10.184783,0</coordinates></LineString></Placemark>
<Placemark><name>Suporte Chave 0227810122</name><styleUrl>#styleDaimonCIRCUITO293TRECHO</styleUrl><LineString><coordinates>-48.324056,-10.185860,0 -48.324061,-10.185861,0</coordinates></LineString></Placemark>
<Placemark><name>Suporte Chave 0300357122</name><styleUrl>#styleDaimonCIRCUITO293TRECHO</styleUrl><LineString><coordinates>-48.321848,-10.185589,0 -48.321850,-10.185578,0</coordinates></LineString></Placemark>
<Placemark><name>Suporte Chave 0227812122</name><styleUrl>#styleDaimonCIRCUITO293TRECHO</styleUrl><LineString><coordinates>-48.324063,-10.185791,0 -48.324066,-10.185792,0</coordinates></LineString></Placemark>
<Placemark><name>Suporte Chave 8856944122</name><styleUrl>#styleDaimonCIRCUITO293TRECHO</styleUrl><LineString><coordinates>-48.322706,-10.185954,0 -48.322704,-10.185983,0</coordinates></LineString></Placemark>
<Placemark><name>Suporte Chave 0364326122</name><styleUrl>#styleDaimonCIRCUITO293TRECHO</styleUrl><LineString><coordinates>-48.323498,-10.185953,0 -48.323500,-10.185951,0</coordinates></LineString></Placemark>
<Placemark><name>Suporte Chave 0301296122</name><styleUrl>#styleDaimonCIRCUITO293TRECHO</styleUrl><LineString><coordinates>-48.322452,-10.185623,0 -48.322453,-10.185618,0</coordinates></LineString></Placemark>
<Placemark><name>Suporte Chave 0300347122</name><styleUrl>#styleDaimonCIRCUITO293TRECHO</styleUrl><LineString><coordinates>-48.324124,-10.191089,0 -48.324129,-10.191094,0</coordinates></LineString></Placemark>
<Placemark><name>Suporte Chave 0200346122</name><styleUrl>#styleDaimonCIRCUITO293TRECHO</styleUrl><LineString><coordinates>-48.324124,-10.190703,0 -48.324127,-10.190696,0</coordinates></LineString></Placemark>
<Placemark><name>Suporte Chave 8804057122</name><styleUrl>#styleDaimonCIRCUITO293TRECHO</styleUrl><LineString><coordinates>-48.326251,-10.186568,0 -48.326252,-10.186548,0</coordinates></LineString></Placemark>
<Placemark><name>Suporte Chave 8806665122</name><styleUrl>#styleDaimonCIRCUITO293TRECHO</styleUrl><LineString><coordinates>-48.322232,-10.191025,0 -48.322268,-10.191020,0</coordinates></LineString></Placemark>
<Placemark><name>Suporte Chave 8007468122</name><styleUrl>#styleDaimonCIRCUITO293TRECHO</styleUrl><LineString><coordinates>-48.323922,-10.191991,0 -48.323925,-10.191995,0</coordinates></LineString></Placemark>
<Placemark><name>Suporte Chave 8800344122</name><styleUrl>#styleDaimonCIRCUITO293TRECHO</styleUrl><LineString><coordinates>-48.324741,-10.185696,0 -48.324741,-10.185695,0</coordinates></LineString></Placemark>
</Folder>
<Folder>
<name>RedeBT</name>
</Folder>
</Folder>
</Document>
</kml>