<?xml version="1.0" encoding="UTF-8"?>
<kml xmlns="http://www.opengis.net/kml/2.2" xmlns:gx="http://www.google.com/kml/ext/2.2" xmlns:kml="http://www.opengis.net/kml/2.2" xmlns:atom="http://www.w3.org/2005/Atom">
<Document>
<open>1</open>
<Style id="styleDaimonBarra0"><IconStyle><scale>1.00</scale><Icon><href>http://maps.google.com/mapfiles/kml/paddle/wht-blank.png</href></Icon><hotSpot x="32" y="1" xunits="pixels" yunits="pixels"/></IconStyle><LabelStyle><color>ffffffff</color><colorMode>normal</colorMode><scale>1.00</scale></LabelStyle><ListStyle><ItemIcon><href>http://maps.google.com/mapfiles/kml/paddle/wht-blank.png</href></ItemIcon></ListStyle></Style>
<Style id="styleDaimonBarra1"><IconStyle><scale>1.00</scale><Icon><href>http://maps.google.com/mapfiles/kml/paddle/wht-blank.png</href></Icon><hotSpot x="32" y="1" xunits="pixels" yunits="pixels"/></IconStyle><LabelStyle><color>ffffffff</color><colorMode>normal</colorMode><scale>1.00</scale></LabelStyle><ListStyle><ItemIcon><href>http://maps.google.com/mapfiles/kml/paddle/wht-blank.png</href></ItemIcon></ListStyle></Style>
<StyleMap id="mapDaimonBarra"><Pair><key>normal</key><styleUrl>#styleDaimonBarra0</styleUrl></Pair><Pair><key>highlight</key><styleUrl>#styleDaimonBarra1</styleUrl></Pair></StyleMap>
<Style id="styleDaimonBarraBT0"><IconStyle><scale>1.00</scale><Icon><href>http://maps.google.com/mapfiles/kml/paddle/wht-blank.png</href></Icon><hotSpot x="32" y="1" xunits="pixels" yunits="pixels"/></IconStyle><LabelStyle><color>ffffffff</color><colorMode>normal</colorMode><scale>1.00</scale></LabelStyle><ListStyle><ItemIcon><href>http://maps.google.com/mapfiles/kml/paddle/wht-blank.png</href></ItemIcon></ListStyle></Style>
<Style id="styleDaimonBarraBT1"><IconStyle><scale>1.00</scale><Icon><href>http://maps.google.com/mapfiles/kml/paddle/wht-blank.png</href></Icon><hotSpot x="32" y="1" xunits="pixels" yunits="pixels"/></IconStyle><LabelStyle><color>ffffffff</color><colorMode>normal</colorMode><scale>1.00</scale></LabelStyle><ListStyle><ItemIcon><href>http://maps.google.com/mapfiles/kml/paddle/wht-blank.png</href></ItemIcon></ListStyle></Style>
<StyleMap id="mapDaimonBarraBT"><Pair><key>normal</key><styleUrl>#styleDaimonBarraBT0</styleUrl></Pair><Pair><key>highlight</key><styleUrl>#styleDaimonBarraBT1</styleUrl></Pair></StyleMap>
<Style id="styleDaimonCapacitor0"><IconStyle><scale>1.00</scale><Icon><href>http://maps.google.com/mapfiles/kml/paddle/purple-blank.png</href></Icon><hotSpot x="32" y="1" xunits="pixels" yunits="pixels"/></IconStyle><LabelStyle><color>ffffffff</color><colorMode>normal</colorMode><scale>1.00</scale></LabelStyle><ListStyle><ItemIcon><href>http://maps.google.com/mapfiles/kml/paddle/purple-blank.png</href></ItemIcon></ListStyle></Style>
<Style id="styleDaimonCapacitor1"><IconStyle><scale>1.00</scale><Icon><href>http://maps.google.com/mapfiles/kml/paddle/purple-blank.png</href></Icon><hotSpot x="32" y="1" xunits="pixels" yunits="pixels"/></IconStyle><LabelStyle><color>ffffffff</color><colorMode>normal</colorMode><scale>1.00</scale></LabelStyle><ListStyle><ItemIcon><href>http://maps.google.com/mapfiles/kml/paddle/purple-blank.png</href></ItemIcon></ListStyle></Style>
<StyleMap id="mapDaimonCapacitor"><Pair><key>normal</key><styleUrl>#styleDaimonCapacitor0</styleUrl></Pair><Pair><key>highlight</key><styleUrl>#styleDaimonCapacitor1</styleUrl></Pair></StyleMap>
<Style id="styleDaimonCapacitorBT0"><IconStyle><scale>1.00</scale><Icon><href>http://maps.google.com/mapfiles/kml/paddle/purple-blank.png</href></Icon><hotSpot x="32" y="1" xunits="pixels" yunits="pixels"/></IconStyle><LabelStyle><color>ffffffff</color><colorMode>normal</colorMode><scale>1.00</scale></LabelStyle><ListStyle><ItemIcon><href>http://maps.google.com/mapfiles/kml/paddle/purple-blank.png</href></ItemIcon></ListStyle></Style>
<Style id="styleDaimonCapacitorBT1"><IconStyle><scale>1.00</scale><Icon><href>http://maps.google.com/mapfiles/kml/paddle/purple-blank.png</href></Icon><hotSpot x="32" y="1" xunits="pixels" yunits="pixels"/></IconStyle><LabelStyle><color>ffffffff</color><colorMode>normal</colorMode><scale>1.00</scale></LabelStyle><ListStyle><ItemIcon><href>http://maps.google.com/mapfiles/kml/paddle/purple-blank.png</href></ItemIcon></ListStyle></Style>
<StyleMap id="mapDaimonCapacitorBT"><Pair><key>normal</key><styleUrl>#styleDaimonCapacitorBT0</styleUrl></Pair><Pair><key>highlight</key><styleUrl>#styleDaimonCapacitorBT1</styleUrl></Pair></StyleMap>
<Style id="styleDaimonCapacitorSerie0"><IconStyle><scale>0.60</scale><Icon><href>http://maps.google.com/mapfiles/kml/paddle/purple-blank.png</href></Icon><hotSpot x="32" y="1" xunits="pixels" yunits="pixels"/></IconStyle><LabelStyle><color>ff00ffff</color><colorMode>normal</colorMode><scale>0.60</scale></LabelStyle><ListStyle><ItemIcon><href>http://maps.google.com/mapfiles/kml/paddle/purple-blank.png</href></ItemIcon></ListStyle></Style>
<Style id="styleDaimonCapacitorSerie1"><IconStyle><scale>0.60</scale><Icon><href>http://maps.google.com/mapfiles/kml/paddle/purple-blank.png</href></Icon><hotSpot x="32" y="1" xunits="pixels" yunits="pixels"/></IconStyle><LabelStyle><color>ff00ffff</color><colorMode>normal</colorMode><scale>0.60</scale></LabelStyle><ListStyle><ItemIcon><href>http://maps.google.com/mapfiles/kml/paddle/purple-blank.png</href></ItemIcon></ListStyle></Style>
<StyleMap id="mapDaimonCapacitorSerie"><Pair><key>normal</key><styleUrl>#styleDaimonCapacitorSerie0</styleUrl></Pair><Pair><key>highlight</key><styleUrl>#styleDaimonCapacitorSerie1</styleUrl></Pair></StyleMap>
<Style id="styleDaimonChave0"><IconStyle><scale>0.60</scale><Icon><href>http://maps.google.com/mapfiles/kml/paddle/red-circle.png</href></Icon><hotSpot x="32" y="1" xunits="pixels" yunits="pixels"/></IconStyle><LabelStyle><color>ff0000ff</color><colorMode>normal</colorMode><scale>0.60</scale></LabelStyle><ListStyle><ItemIcon><href>http://maps.google.com/mapfiles/kml/paddle/red-circle.png</href></ItemIcon></ListStyle></Style>
<Style id="styleDaimonChave1"><IconStyle><scale>0.60</scale><Icon><href>http://maps.google.com/mapfiles/kml/paddle/red-circle.png</href></Icon><hotSpot x="32" y="1" xunits="pixels" yunits="pixels"/></IconStyle><LabelStyle><color>ff0000ff</color><colorMode>normal</colorMode><scale>0.60</scale></LabelStyle><ListStyle><ItemIcon><href>http://maps.google.com/mapfiles/kml/paddle/red-circle.png</href></ItemIcon></ListStyle></Style>
<StyleMap id="mapDaimonChave"><Pair><key>normal</key><styleUrl>#styleDaimonChave0</styleUrl></Pair><Pair><key>highlight</key><styleUrl>#styleDaimonChave1</styleUrl></Pair></StyleMap>
<Style id="styleDaimonEP0"><IconStyle><scale>0.80</scale><Icon><href>http://maps.google.com/mapfiles/kml/paddle/ylw-circle.png</href></Icon><hotSpot x="32" y="1" xunits="pixels" yunits="pixels"/></IconStyle><LabelStyle><color>ff00ffff</color><colorMode>normal</colorMode><scale>0.80</scale></LabelStyle><ListStyle><ItemIcon><href>http://maps.google.com/mapfiles/kml/paddle/ylw-circle.png</href></ItemIcon></ListStyle></Style>
<Style id="styleDaimonEP1"><IconStyle><scale>0.80</scale><Icon><href>http://maps.google.com/mapfiles/kml/paddle/ylw-circle.png</href></Icon><hotSpot x="32" y="1" xunits="pixels" yunits="pixels"/></IconStyle><LabelStyle><color>ff00ffff</color><colorMode>normal</colorMode><scale>0.80</scale></LabelStyle><ListStyle><ItemIcon><href>http://maps.google.com/mapfiles/kml/paddle/ylw-circle.png</href></ItemIcon></ListStyle></Style>
<StyleMap id="mapDaimonEP"><Pair><key>normal</key><styleUrl>#styleDaimonEP0</styleUrl></Pair><Pair><key>highlight</key><styleUrl>#styleDaimonEP1</styleUrl></Pair></StyleMap>
<Style id="styleDaimonET0"><IconStyle><scale>0.80</scale><Icon><href>http://maps.google.com/mapfiles/kml/paddle/blu-blank.png</href></Icon><hotSpot x="32" y="1" xunits="pixels" yunits="pixels"/></IconStyle><LabelStyle><color>ffffff00</color><colorMode>normal</colorMode><scale>0.80</scale></LabelStyle><ListStyle><ItemIcon><href>http://maps.google.com/mapfiles/kml/paddle/blu-blank.png</href></ItemIcon></ListStyle></Style>
<Style id="styleDaimonET1"><IconStyle><scale>0.80</scale><Icon><href>http://maps.google.com/mapfiles/kml/paddle/blu-blank.png</href></Icon><hotSpot x="32" y="1" xunits="pixels" yunits="pixels"/></IconStyle><LabelStyle><color>ffffff00</color><colorMode>normal</colorMode><scale>0.80</scale></LabelStyle><ListStyle><ItemIcon><href>http://maps.google.com/mapfiles/kml/paddle/blu-blank.png</href></ItemIcon></ListStyle></Style>
<StyleMap id="mapDaimonET"><Pair><key>normal</key><styleUrl>#styleDaimonET0</styleUrl></Pair><Pair><key>highlight</key><styleUrl>#styleDaimonET1</styleUrl></Pair></StyleMap>
<Style id="styleDaimonGerador0"><IconStyle><scale>1.00</scale><Icon><href>http://maps.google.com/mapfiles/kml/paddle/orange-diamond.png</href></Icon><hotSpot x="32" y="1" xunits="pixels" yunits="pixels"/></IconStyle><LabelStyle><color>ffffffff</color><colorMode>normal</colorMode><scale>1.00</scale></LabelStyle><ListStyle><ItemIcon><href>http://maps.google.com/mapfiles/kml/paddle/orange-diamond.png</href></ItemIcon></ListStyle></Style>
<Style id="styleDaimonGerador1"><IconStyle><scale>1.00</scale><Icon><href>http://maps.google.com/mapfiles/kml/paddle/orange-diamond.png</href></Icon><hotSpot x="32" y="1" xunits="pixels" yunits="pixels"/></IconStyle><LabelStyle><color>ffffffff</color><colorMode>normal</colorMode><scale>1.00</scale></LabelStyle><ListStyle><ItemIcon><href>http://maps.google.com/mapfiles/kml/paddle/orange-diamond.png</href></ItemIcon></ListStyle></Style>
<StyleMap id="mapDaimonGerador"><Pair><key>normal</key><styleUrl>#styleDaimonGerador0</styleUrl></Pair><Pair><key>highlight</key><styleUrl>#styleDaimonGerador1</styleUrl></Pair></StyleMap>
<Style id="styleDaimonReator0"><IconStyle><scale>1.00</scale><Icon><href>http://maps.google.com/mapfiles/kml/paddle/wht-square.png</href></Icon><hotSpot x="32" y="1" xunits="pixels" yunits="pixels"/></IconStyle><LabelStyle><color>ff00ffff</color><colorMode>normal</colorMode><scale>1.00</scale></LabelStyle><ListStyle><ItemIcon><href>http://maps.google.com/mapfiles/kml/paddle/wht-square.png</href></ItemIcon></ListStyle></Style>
<Style id="styleDaimonReator1"><IconStyle><scale>1.00</scale><Icon><href>http://maps.google.com/mapfiles/kml/paddle/wht-square.png</href></Icon><hotSpot x="32" y="1" xunits="pixels" yunits="pixels"/></IconStyle><LabelStyle><color>ff00ffff</color><colorMode>normal</colorMode><scale>1.00</scale></LabelStyle><ListStyle><ItemIcon><href>http://maps.google.com/mapfiles/kml/paddle/wht-square.png</href></ItemIcon></ListStyle></Style>
<StyleMap id="mapDaimonReator"><Pair><key>normal</key><styleUrl>#styleDaimonReator0</styleUrl></Pair><Pair><key>highlight</key><styleUrl>#styleDaimonReator1</styleUrl></Pair></StyleMap>
<Style id="styleDaimonRegulador0"><IconStyle><scale>1.00</scale><Icon><href>http://maps.google.com/mapfiles/kml/paddle/orange-diamond.png</href></Icon><hotSpot x="32" y="1" xunits="pixels" yunits="pixels"/></IconStyle><LabelStyle><color>ff00a5ff</color><colorMode>normal</colorMode><scale>1.00</scale></LabelStyle><ListStyle><ItemIcon><href>http://maps.google.com/mapfiles/kml/paddle/orange-diamond.png</href></ItemIcon></ListStyle></Style>
<Style id="styleDaimonRegulador1"><IconStyle><scale>1.00</scale><Icon><href>http://maps.google.com/mapfiles/kml/paddle/orange-diamond.png</href></Icon><hotSpot x="32" y="1" xunits="pixels" yunits="pixels"/></IconStyle><LabelStyle><color>ff00a5ff</color><colorMode>normal</colorMode><scale>1.00</scale></LabelStyle><ListStyle><ItemIcon><href>http://maps.google.com/mapfiles/kml/paddle/orange-diamond.png</href></ItemIcon></ListStyle></Style>
<StyleMap id="mapDaimonRegulador"><Pair><key>normal</key><styleUrl>#styleDaimonRegulador0</styleUrl></Pair><Pair><key>highlight</key><styleUrl>#styleDaimonRegulador1</styleUrl></Pair></StyleMap>
<Style id="styleDaimonTransformador0"><IconStyle><scale>1.00</scale><Icon><href>http://maps.google.com/mapfiles/kml/paddle/pink-circle.png</href></Icon><hotSpot x="32" y="1" xunits="pixels" yunits="pixels"/></IconStyle><LabelStyle><color>ffff00ff</color><colorMode>normal</colorMode><scale>1.00</scale></LabelStyle><ListStyle><ItemIcon><href>http://maps.google.com/mapfiles/kml/paddle/pink-circle.png</href></ItemIcon></ListStyle></Style>
<Style id="styleDaimonTransformador1"><IconStyle><scale>1.00</scale><Icon><href>http://maps.google.com/mapfiles/kml/paddle/pink-circle.png</href></Icon><hotSpot x="32" y="1" xunits="pixels" yunits="pixels"/></IconStyle><LabelStyle><color>ffff00ff</color><colorMode>normal</colorMode><scale>1.00</scale></LabelStyle><ListStyle><ItemIcon><href>http://maps.google.com/mapfiles/kml/paddle/pink-circle.png</href></ItemIcon></ListStyle></Style>
<StyleMap id="mapDaimonTransformador"><Pair><key>normal</key><styleUrl>#styleDaimonTransformador0</styleUrl></Pair><Pair><key>highlight</key><styleUrl>#styleDaimonTransformador1</styleUrl></Pair></StyleMap>
<Style id="styleDaimonTrecho"><LineStyle><color>ffffffff</color><width>1.00</width></LineStyle></Style>
<Style id="styleDaimonTrechoBT"><LineStyle><color>ffff0000</color><width>1.00</width></LineStyle></Style>
<Style id="styleDaimonChaveNA0"><IconStyle><scale>0.60</scale><Icon><href>http://maps.google.com/mapfiles/kml/paddle/grn-blank.png</href></Icon><hotSpot x="32" y="1" xunits="pixels" yunits="pixels"/></IconStyle><LabelStyle><color>ff00ff00</color><colorMode>normal</colorMode><scale>0.60</scale></LabelStyle><ListStyle><ItemIcon><href>http://maps.google.com/mapfiles/kml/paddle/grn-blank.png</href></ItemIcon></ListStyle></Style>
<Style id="styleDaimonChaveNA1"><IconStyle><scale>0.60</scale><Icon><href>http://maps.google.com/mapfiles/kml/paddle/grn-blank.png</href></Icon><hotSpot x="32" y="1" xunits="pixels" yunits="pixels"/></IconStyle><LabelStyle><color>ff00ff00</color><colorMode>normal</colorMode><scale>0.60</scale></LabelStyle><ListStyle><ItemIcon><href>http://maps.google.com/mapfiles/kml/paddle/grn-blank.png</href></ItemIcon></ListStyle></Style>
<StyleMap id="mapDaimonChaveNA"><Pair><key>normal</key><styleUrl>#styleDaimonChaveNA0</styleUrl></Pair><Pair><key>highlight</key><styleUrl>#styleDaimonChaveNA1</styleUrl></Pair></StyleMap>
<Style id="styleDaimonChaveSoco0"><IconStyle><scale>0.60</scale><Icon><href>http://maps.google.com/mapfiles/kml/paddle/grn-blank.png</href></Icon><hotSpot x="32" y="1" xunits="pixels" yunits="pixels"/></IconStyle><LabelStyle><color>ff00ff00</color><colorMode>normal</colorMode><scale>0.60</scale></LabelStyle><ListStyle><ItemIcon><href>http://maps.google.com/mapfiles/kml/paddle/grn-blank.png</href></ItemIcon></ListStyle></Style>
<Style id="styleDaimonChaveSoco1"><IconStyle><scale>0.60</scale><Icon><href>http://maps.google.com/mapfiles/kml/paddle/grn-blank.png</href></Icon><hotSpot x="32" y="1" xunits="pixels" yunits="pixels"/></IconStyle><LabelStyle><color>ff00ff00</color><colorMode>normal</colorMode><scale>0.60</scale></LabelStyle><ListStyle><ItemIcon><href>http://maps.google.com/mapfiles/kml/paddle/grn-blank.png</href></ItemIcon></ListStyle></Style>
<StyleMap id="mapDaimonChaveSoco"><Pair><key>normal</key><styleUrl>#styleDaimonChaveSoco0</styleUrl></Pair><Pair><key>highlight</key><styleUrl>#styleDaimonChaveSoco1</styleUrl></Pair></StyleMap>
<Style id="styleDaimonSE0"><IconStyle><scale>1.20</scale><Icon><href>http://maps.google.com/mapfiles/kml/paddle/wht-circle.png</href></Icon><hotSpot x="32" y="1" xunits="pixels" yunits="pixels"/></IconStyle><LabelStyle><color>ffffffff</color><colorMode>normal</colorMode><scale>1.20</scale></LabelStyle><ListStyle><ItemIcon><href>http://maps.google.com/mapfiles/kml/paddle/wht-circle.png</href></ItemIcon></ListStyle></Style>
<Style id="styleDaimonSE1"><IconStyle><scale>1.20</scale><Icon><href>http://maps.google.com/mapfiles/kml/paddle/wht-circle.png</href></Icon><hotSpot x="32" y="1" xunits="pixels" yunits="pixels"/></IconStyle><LabelStyle><color>ffffffff</color><colorMode>normal</colorMode><scale>1.20</scale></LabelStyle><ListStyle><ItemIcon><href>http://maps.google.com/mapfiles/kml/paddle/wht-circle.png</href></ItemIcon></ListStyle></Style>
<StyleMap id="mapDaimonSE"><Pair><key>normal</key><styleUrl>#styleDaimonSE0</styleUrl></Pair><Pair><key>highlight</key><styleUrl>#styleDaimonSE1</styleUrl></Pair></StyleMap>
<Style id="styleDaimonDiag_BOM"><LineStyle><color>ff80ff80</color><width>3.20</width></LineStyle></Style>
<Style id="styleDaimonDiag_REGULAR"><LineStyle><color>ff00ffff</color><width>3.20</width></LineStyle></Style>
<Style id="styleDaimonDiag_RUIM"><LineStyle><color>ff0000ff</color><width>3.20</width></LineStyle></Style>
<Style id="styleDaimonDiag_INDEF"><LineStyle><color>ff808080</color><width>3.20</width></LineStyle></Style>
<Style id="styleDaimonDiag_BARRA_BOM0"><IconStyle><scale>0.60</scale><Icon><href>http://maps.google.com/mapfiles/kml/paddle/grn-blank.png</href></Icon><hotSpot x="32" y="1" xunits="pixels" yunits="pixels"/></IconStyle><LabelStyle><color>ffffffff</color><colorMode>normal</colorMode><scale>0.60</scale></LabelStyle><ListStyle><ItemIcon><href>http://maps.google.com/mapfiles/kml/paddle/grn-blank.png</href></ItemIcon></ListStyle></Style>
<Style id="styleDaimonDiag_BARRA_BOM1"><IconStyle><scale>0.60</scale><Icon><href>http://maps.google.com/mapfiles/kml/paddle/grn-blank.png</href></Icon><hotSpot x="32" y="1" xunits="pixels" yunits="pixels"/></IconStyle><LabelStyle><color>ffffffff</color><colorMode>normal</colorMode><scale>0.60</scale></LabelStyle><ListStyle><ItemIcon><href>http://maps.google.com/mapfiles/kml/paddle/grn-blank.png</href></ItemIcon></ListStyle></Style>
<StyleMap id="mapDaimonDiag_BARRA_BOM"><Pair><key>normal</key><styleUrl>#styleDaimonDiag_BARRA_BOM0</styleUrl></Pair><Pair><key>highlight</key><styleUrl>#styleDaimonDiag_BARRA_BOM1</styleUrl></Pair></StyleMap>
<Style id="styleDaimonDiag_BARRA_REGULAR0"><IconStyle><scale>0.60</scale><Icon><href>http://maps.google.com/mapfiles/kml/paddle/ylw-blank.png</href></Icon><hotSpot x="32" y="1" xunits="pixels" yunits="pixels"/></IconStyle><LabelStyle><color>ffffffff</color><colorMode>normal</colorMode><scale>0.60</scale></LabelStyle><ListStyle><ItemIcon><href>http://maps.google.com/mapfiles/kml/paddle/ylw-blank.png</href></ItemIcon></ListStyle></Style>
<Style id="styleDaimonDiag_BARRA_REGULAR1"><IconStyle><scale>0.60</scale><Icon><href>http://maps.google.com/mapfiles/kml/paddle/ylw-blank.png</href></Icon><hotSpot x="32" y="1" xunits="pixels" yunits="pixels"/></IconStyle><LabelStyle><color>ffffffff</color><colorMode>normal</colorMode><scale>0.60</scale></LabelStyle><ListStyle><ItemIcon><href>http://maps.google.com/mapfiles/kml/paddle/ylw-blank.png</href></ItemIcon></ListStyle></Style>
<StyleMap id="mapDaimonDiag_BARRA_REGULAR"><Pair><key>normal</key><styleUrl>#styleDaimonDiag_BARRA_REGULAR0</styleUrl></Pair><Pair><key>highlight</key><styleUrl>#styleDaimonDiag_BARRA_REGULAR1</styleUrl></Pair></StyleMap>
<Style id="styleDaimonDiag_BARRA_RUIM0"><IconStyle><scale>0.60</scale><Icon><href>http://maps.google.com/mapfiles/kml/paddle/red-blank.png</href></Icon><hotSpot x="32" y="1" xunits="pixels" yunits="pixels"/></IconStyle><LabelStyle><color>ffffffff</color><colorMode>normal</colorMode><scale>0.60</scale></LabelStyle><ListStyle><ItemIcon><href>http://maps.google.com/mapfiles/kml/paddle/red-blank.png</href></ItemIcon></ListStyle></Style>
<Style id="styleDaimonDiag_BARRA_RUIM1"><IconStyle><scale>0.60</scale><Icon><href>http://maps.google.com/mapfiles/kml/paddle/red-blank.png</href></Icon><hotSpot x="32" y="1" xunits="pixels" yunits="pixels"/></IconStyle><LabelStyle><color>ffffffff</color><colorMode>normal</colorMode><scale>0.60</scale></LabelStyle><ListStyle><ItemIcon><href>http://maps.google.com/mapfiles/kml/paddle/red-blank.png</href></ItemIcon></ListStyle></Style>
<StyleMap id="mapDaimonDiag_BARRA_RUIM"><Pair><key>normal</key><styleUrl>#styleDaimonDiag_BARRA_RUIM0</styleUrl></Pair><Pair><key>highlight</key><styleUrl>#styleDaimonDiag_BARRA_RUIM1</styleUrl></Pair></StyleMap>
<Style id="styleDaimonDiag_BARRA_INDEF0"><IconStyle><scale>0.60</scale><Icon><href>http://maps.google.com/mapfiles/kml/paddle/wht-blank.png</href></Icon><hotSpot x="32" y="1" xunits="pixels" yunits="pixels"/></IconStyle><LabelStyle><color>ffffffff</color><colorMode>normal</colorMode><scale>0.60</scale></LabelStyle><ListStyle><ItemIcon><href>http://maps.google.com/mapfiles/kml/paddle/wht-blank.png</href></ItemIcon></ListStyle></Style>
<Style id="styleDaimonDiag_BARRA_INDEF1"><IconStyle><scale>0.60</scale><Icon><href>http://maps.google.com/mapfiles/kml/paddle/wht-blank.png</href></Icon><hotSpot x="32" y="1" xunits="pixels" yunits="pixels"/></IconStyle><LabelStyle><color>ffffffff</color><colorMode>normal</colorMode><scale>0.60</scale></LabelStyle><ListStyle><ItemIcon><href>http://maps.google.com/mapfiles/kml/paddle/wht-blank.png</href></ItemIcon></ListStyle></Style>
<StyleMap id="mapDaimonDiag_BARRA_INDEF"><Pair><key>normal</key><styleUrl>#styleDaimonDiag_BARRA_INDEF0</styleUrl></Pair><Pair><key>highlight</key><styleUrl>#styleDaimonDiag_BARRA_INDEF1</styleUrl></Pair></StyleMap>
<Style id="styleDaimonMONO"><LineStyle><color>ff0000ff</color><width>2.00</width></LineStyle></Style>
<Style id="styleDaimonBI"><LineStyle><color>ff00ff00</color><width>2.00</width></LineStyle></Style>
<Style id="styleDaimonTRI"><LineStyle><color>ffff0000</color><width>2.00</width></LineStyle></Style>
<Style id="styleDaimonMONO_BT"><LineStyle><color>ffffff00</color><width>1.00</width></LineStyle></Style>
<Style id="styleDaimonBI_BT"><LineStyle><color>ffff00ff</color><width>1.00</width></LineStyle></Style>
<Style id="styleDaimonTRI_BT"><LineStyle><color>ff00ffff</color><width>1.00</width></LineStyle></Style>
<Style id="styleDaimonCIRCUITO166TRECHO"><LineStyle><color>ffffff80</color><width>2.00</width></LineStyle></Style>
<Style id="styleDaimonFolderCirc_LD04050008"><ListStyle><bgColor>ffffff80</bgColor></ListStyle></Style>
<Folder>
<name>Circ_LD04050008</name>
<styleUrl>#styleDaimonFolderCirc_LD04050008</styleUrl><Folder>
<name>Capacitor</name>
<visibility>0</visibility>
</Folder>
<Folder>
<name>CapacitorSerie</name>
<visibility>0</visibility>
</Folder>
<Folder>
<name>Chave</name>
<visibility>0</visibility>
<Placemark><name>DJ_LD04050008_FICT</name><visibility>0</visibility><LookAt><longitude>-48.586182</longitude><latitude>-9.532957</latitude><altitude>1200.0</altitude><altitudeMode>absolute</altitudeMode></LookAt><styleUrl>#mapDaimonChave</styleUrl><Point><coordinates>-48.586182,-9.532957,0</coordinates></Point></Placemark>
<Placemark><name>8822535008</name><visibility>0</visibility><LookAt><longitude>-48.586347</longitude><latitude>-9.533328</latitude><altitude>1200.0</altitude><altitudeMode>absolute</altitudeMode></LookAt><styleUrl>#mapDaimonChave</styleUrl><Point><coordinates>-48.586347,-9.533328,0</coordinates></Point></Placemark>
<Placemark><name>8828985008</name><visibility>0</visibility><LookAt><longitude>-48.562506</longitude><latitude>-9.532716</latitude><altitude>1200.0</altitude><altitudeMode>absolute</altitudeMode></LookAt><styleUrl>#mapDaimonChave</styleUrl><Point><coordinates>-48.562506,-9.532716,0</coordinates></Point></Placemark>
<Placemark><name>8861088007</name><visibility>0</visibility><LookAt><longitude>-48.540321</longitude><latitude>-9.539523</latitude><altitude>1200.0</altitude><altitudeMode>absolute</altitudeMode></LookAt><styleUrl>#mapDaimonChave</styleUrl><Point><coordinates>-48.540321,-9.539523,0</coordinates></Point></Placemark>
<Placemark><name>8825850007</name><visibility>0</visibility><LookAt><longitude>-48.540476</longitude><latitude>-9.542330</latitude><altitude>1200.0</altitude><altitudeMode>absolute</altitudeMode></LookAt><styleUrl>#mapDaimonChave</styleUrl><Point><coordinates>-48.540476,-9.542330,0</coordinates></Point></Placemark>
<Placemark><name>8861089007</name><visibility>0</visibility><LookAt><longitude>-48.537742</longitude><latitude>-9.539968</latitude><altitude>1200.0</altitude><altitudeMode>absolute</altitudeMode></LookAt><styleUrl>#mapDaimonChave</styleUrl><Point><coordinates>-48.537742,-9.539968,0</coordinates></Point></Placemark>
<Placemark><name>8861090007</name><visibility>0</visibility><LookAt><longitude>-48.524212</longitude><latitude>-9.544029</latitude><altitude>1200.0</altitude><altitudeMode>absolute</altitudeMode></LookAt><styleUrl>#mapDaimonChave</styleUrl><Point><coordinates>-48.524212,-9.544029,0</coordinates></Point></Placemark>
<Placemark><name>8861091007</name><visibility>0</visibility><LookAt><longitude>-48.521139</longitude><latitude>-9.544894</latitude><altitude>1200.0</altitude><altitudeMode>absolute</altitudeMode></LookAt><styleUrl>#mapDaimonChave</styleUrl><Point><coordinates>-48.521139,-9.544894,0</coordinates></Point></Placemark>
<Placemark><name>036109200</name><visibility>0</visibility><LookAt><longitude>-48.491968</longitude><latitude>-9.556246</latitude><altitude>1200.0</altitude><altitudeMode>absolute</altitudeMode></LookAt><styleUrl>#mapDaimonChave</styleUrl><Point><coordinates>-48.491968,-9.556246,0</coordinates></Point></Placemark>
<Placemark><name>0362044007</name><visibility>0</visibility><LookAt><longitude>-48.490636</longitude><latitude>-9.556031</latitude><altitude>1200.0</altitude><altitudeMode>absolute</altitudeMode></LookAt><styleUrl>#mapDaimonChave</styleUrl><Point><coordinates>-48.490636,-9.556031,0</coordinates></Point></Placemark>
<Placemark><name>8861067007</name><visibility>0</visibility><LookAt><longitude>-48.489622</longitude><latitude>-9.557119</latitude><altitude>1200.0</altitude><altitudeMode>absolute</altitudeMode></LookAt><styleUrl>#mapDaimonChave</styleUrl><Point><coordinates>-48.489622,-9.557119,0</coordinates></Point></Placemark>
<Placemark><name>8861075007</name><visibility>0</visibility><LookAt><longitude>-48.455589</longitude><latitude>-9.539350</latitude><altitude>1200.0</altitude><altitudeMode>absolute</altitudeMode></LookAt><styleUrl>#mapDaimonChave</styleUrl><Point><coordinates>-48.455589,-9.539350,0</coordinates></Point></Placemark>
<Placemark><name>3361069007</name><visibility>0</visibility><LookAt><longitude>-48.466797</longitude><latitude>-9.552934</latitude><altitude>1200.0</altitude><altitudeMode>absolute</altitudeMode></LookAt><styleUrl>#mapDaimonChave</styleUrl><Point><coordinates>-48.466797,-9.552934,0</coordinates></Point></Placemark>
<Placemark><name>3361076007</name><visibility>0</visibility><LookAt><longitude>-48.463711</longitude><latitude>-9.547254</latitude><altitude>1200.0</altitude><altitudeMode>absolute</altitudeMode></LookAt><styleUrl>#mapDaimonChave</styleUrl><Point><coordinates>-48.463711,-9.547254,0</coordinates></Point></Placemark>
<Placemark><name>8861068007</name><visibility>0</visibility><LookAt><longitude>-48.474762</longitude><latitude>-9.560334</latitude><altitude>1200.0</altitude><altitudeMode>absolute</altitudeMode></LookAt><styleUrl>#mapDaimonChave</styleUrl><Point><coordinates>-48.474762,-9.560334,0</coordinates></Point></Placemark>
<Placemark><name>0351245007</name><visibility>0</visibility><LookAt><longitude>-48.474439</longitude><latitude>-9.559798</latitude><altitude>1200.0</altitude><altitudeMode>absolute</altitudeMode></LookAt><styleUrl>#mapDaimonChave</styleUrl><Point><coordinates>-48.474439,-9.559798,0</coordinates></Point></Placemark>
<Placemark><name>8861066007</name><visibility>0</visibility><LookAt><longitude>-48.454396</longitude><latitude>-9.538491</latitude><altitude>1200.0</altitude><altitudeMode>absolute</altitudeMode></LookAt><styleUrl>#mapDaimonChave</styleUrl><Point><coordinates>-48.454396,-9.538491,0</coordinates></Point></Placemark>
<Placemark><name>0301309007</name><visibility>0</visibility><LookAt><longitude>-48.472165</longitude><latitude>-9.559816</latitude><altitude>1200.0</altitude><altitudeMode>absolute</altitudeMode></LookAt><styleUrl>#mapDaimonChave</styleUrl><Point><coordinates>-48.472165,-9.559816,0</coordinates></Point></Placemark>
<Placemark><name>8861077007</name><visibility>0</visibility><LookAt><longitude>-48.451793</longitude><latitude>-9.536544</latitude><altitude>1200.0</altitude><altitudeMode>absolute</altitudeMode></LookAt><styleUrl>#mapDaimonChave</styleUrl><Point><coordinates>-48.451793,-9.536544,0</coordinates></Point></Placemark>
</Folder>
<Folder>
<name>EP</name>
<visibility>0</visibility>
<Placemark><name>novo_25</name><visibility>0</visibility><LookAt><longitude>-48.540476</longitude><latitude>-9.542327</latitude><altitude>1200.0</altitude><altitudeMode>absolute</altitudeMode></LookAt><styleUrl>#mapDaimonEP</styleUrl><Point><coordinates>-48.540476,-9.542327,0</coordinates></Point></Placemark>
<Placemark><name>5651070007</name><visibility>0</visibility><LookAt><longitude>-48.490622</longitude><latitude>-9.555989</latitude><altitude>1200.0</altitude><altitudeMode>absolute</altitudeMode></LookAt><styleUrl>#mapDaimonEP</styleUrl><Point><coordinates>-48.490622,-9.555989,0</coordinates></Point></Placemark>
<Placemark><name>5661077007</name><visibility>0</visibility><LookAt><longitude>-48.451733</longitude><latitude>-9.536485</latitude><altitude>1200.0</altitude><altitudeMode>absolute</altitudeMode></LookAt><styleUrl>#mapDaimonEP</styleUrl><Point><coordinates>-48.451733,-9.536485,0</coordinates></Point></Placemark>
</Folder>
<Folder>
<name>ET</name>
<visibility>0</visibility>
<Placemark><name>GE25850008</name><visibility>0</visibility><LookAt><longitude>-48.540467</longitude><latitude>-9.542387</latitude><altitude>1200.0</altitude><altitudeMode>absolute</altitudeMode></LookAt><styleUrl>#mapDaimonET</styleUrl><Point><coordinates>-48.540467,-9.542387,0</coordinates></Point></Placemark>
<Placemark><name>PA51072007</name><visibility>0</visibility><LookAt><longitude>-48.490575</longitude><latitude>-9.555860</latitude><altitude>1200.0</altitude><altitudeMode>absolute</altitudeMode></LookAt><styleUrl>#mapDaimonET</styleUrl><Point><coordinates>-48.490575,-9.555860,0</coordinates></Point></Placemark>
<Placemark><name>PA51071007</name><visibility>0</visibility><LookAt><longitude>-48.490591</longitude><latitude>-9.555904</latitude><altitude>1200.0</altitude><altitudeMode>absolute</altitudeMode></LookAt><styleUrl>#mapDaimonET</styleUrl><Point><coordinates>-48.490591,-9.555904,0</coordinates></Point></Placemark>
<Placemark><name>PA51073007</name><visibility>0</visibility><LookAt><longitude>-48.490559</longitude><latitude>-9.555819</latitude><altitude>1200.0</altitude><altitudeMode>absolute</altitudeMode></LookAt><styleUrl>#mapDaimonET</styleUrl><Point><coordinates>-48.490559,-9.555819,0</coordinates></Point></Placemark>
<Placemark><name>PA51070007</name><visibility>0</visibility><LookAt><longitude>-48.490606</longitude><latitude>-9.555945</latitude><altitude>1200.0</altitude><altitudeMode>absolute</altitudeMode></LookAt><styleUrl>#mapDaimonET</styleUrl><Point><coordinates>-48.490606,-9.555945,0</coordinates></Point></Placemark>
<Placemark><name>5761055007</name><visibility>0</visibility><LookAt><longitude>-48.466896</longitude><latitude>-9.552903</latitude><altitude>1200.0</altitude><altitudeMode>absolute</altitudeMode></LookAt><styleUrl>#mapDaimonET</styleUrl><Point><coordinates>-48.466896,-9.552903,0</coordinates></Point></Placemark>
<Placemark><name>5761070007</name><visibility>0</visibility><LookAt><longitude>-48.463930</longitude><latitude>-9.547088</latitude><altitude>1200.0</altitude><altitudeMode>absolute</altitudeMode></LookAt><styleUrl>#mapDaimonET</styleUrl><Point><coordinates>-48.463930,-9.547088,0</coordinates></Point></Placemark>
<Placemark><name>5761056007</name><visibility>0</visibility><LookAt><longitude>-48.474905</longitude><latitude>-9.560817</latitude><altitude>1200.0</altitude><altitudeMode>absolute</altitudeMode></LookAt><styleUrl>#mapDaimonET</styleUrl><Point><coordinates>-48.474905,-9.560817,0</coordinates></Point></Placemark>
<Placemark><name>5701309007</name><visibility>0</visibility><LookAt><longitude>-48.471288</longitude><latitude>-9.559935</latitude><altitude>1200.0</altitude><altitudeMode>absolute</altitudeMode></LookAt><styleUrl>#mapDaimonET</styleUrl><Point><coordinates>-48.471288,-9.559935,0</coordinates></Point></Placemark>
<Placemark><name>PA61079007</name><visibility>0</visibility><LookAt><longitude>-48.451531</longitude><latitude>-9.536425</latitude><altitude>1200.0</altitude><altitudeMode>absolute</altitudeMode></LookAt><styleUrl>#mapDaimonET</styleUrl><Point><coordinates>-48.451531,-9.536425,0</coordinates></Point></Placemark>
<Placemark><name>PA61078007</name><visibility>0</visibility><LookAt><longitude>-48.451597</longitude><latitude>-9.536364</latitude><altitude>1200.0</altitude><altitudeMode>absolute</altitudeMode></LookAt><styleUrl>#mapDaimonET</styleUrl><Point><coordinates>-48.451597,-9.536364,0</coordinates></Point></Placemark>
<Placemark><name>PA61080007</name><visibility>0</visibility><LookAt><longitude>-48.451463</longitude><latitude>-9.536485</latitude><altitude>1200.0</altitude><altitudeMode>absolute</altitudeMode></LookAt><styleUrl>#mapDaimonET</styleUrl><Point><coordinates>-48.451463,-9.536485,0</coordinates></Point></Placemark>
<Placemark><name>PA61077007</name><visibility>0</visibility><LookAt><longitude>-48.451665</longitude><latitude>-9.536424</latitude><altitude>1200.0</altitude><altitudeMode>absolute</altitudeMode></LookAt><styleUrl>#mapDaimonET</styleUrl><Point><coordinates>-48.451665,-9.536424,0</coordinates></Point></Placemark>
</Folder>
<Folder>
<name>Gerador</name>
<visibility>0</visibility>
<Placemark><name>8225850008</name><visibility>0</visibility><LookAt><longitude>-48.540476</longitude><latitude>-9.542327</latitude><altitude>1200.0</altitude><altitudeMode>absolute</altitudeMode></LookAt><styleUrl>#mapDaimonGerador</styleUrl><Point><coordinates>-48.540476,-9.542327,0</coordinates></Point></Placemark>
<Placemark><name>3458806</name><visibility>0</visibility><LookAt><longitude>-48.490622</longitude><latitude>-9.555989</latitude><altitude>1200.0</altitude><altitudeMode>absolute</altitudeMode></LookAt><styleUrl>#mapDaimonGerador</styleUrl><Point><coordinates>-48.490622,-9.555989,0</coordinates></Point></Placemark>
<Placemark><name>3458757</name><visibility>0</visibility><LookAt><longitude>-48.490622</longitude><latitude>-9.555989</latitude><altitude>1200.0</altitude><altitudeMode>absolute</altitudeMode></LookAt><styleUrl>#mapDaimonGerador</styleUrl><Point><coordinates>-48.490622,-9.555989,0</coordinates></Point></Placemark>
<Placemark><name>3458810</name><visibility>0</visibility><LookAt><longitude>-48.490622</longitude><latitude>-9.555989</latitude><altitude>1200.0</altitude><altitudeMode>absolute</altitudeMode></LookAt><styleUrl>#mapDaimonGerador</styleUrl><Point><coordinates>-48.490622,-9.555989,0</coordinates></Point></Placemark>
<Placemark><name>3431709</name><visibility>0</visibility><LookAt><longitude>-48.490622</longitude><latitude>-9.555989</latitude><altitude>1200.0</altitude><altitudeMode>absolute</altitudeMode></LookAt><styleUrl>#mapDaimonGerador</styleUrl><Point><coordinates>-48.490622,-9.555989,0</coordinates></Point></Placemark>
<Placemark><name>3475094</name><visibility>0</visibility><LookAt><longitude>-48.451733</longitude><latitude>-9.536485</latitude><altitude>1200.0</altitude><altitudeMode>absolute</altitudeMode></LookAt><styleUrl>#mapDaimonGerador</styleUrl><Point><coordinates>-48.451733,-9.536485,0</coordinates></Point></Placemark>
<Placemark><name>3475093</name><visibility>0</visibility><LookAt><longitude>-48.451733</longitude><latitude>-9.536485</latitude><altitude>1200.0</altitude><altitudeMode>absolute</altitudeMode></LookAt><styleUrl>#mapDaimonGerador</styleUrl><Point><coordinates>-48.451733,-9.536485,0</coordinates></Point></Placemark>
<Placemark><name>3475092</name><visibility>0</visibility><LookAt><longitude>-48.451733</longitude><latitude>-9.536485</latitude><altitude>1200.0</altitude><altitudeMode>absolute</altitudeMode></LookAt><styleUrl>#mapDaimonGerador</styleUrl><Point><coordinates>-48.451733,-9.536485,0</coordinates></Point></Placemark>
<Placemark><name>3475096</name><visibility>0</visibility><LookAt><longitude>-48.451733</longitude><latitude>-9.536485</latitude><altitude>1200.0</altitude><altitudeMode>absolute</altitudeMode></LookAt><styleUrl>#mapDaimonGerador</styleUrl><Point><coordinates>-48.451733,-9.536485,0</coordinates></Point></Placemark>
<Placemark><name>3475097</name><visibility>0</visibility><LookAt><longitude>-48.451733</longitude><latitude>-9.536485</latitude><altitude>1200.0</altitude><altitudeMode>absolute</altitudeMode></LookAt><styleUrl>#mapDaimonGerador</styleUrl><Point><coordinates>-48.451733,-9.536485,0</coordinates></Point></Placemark>
</Folder>
<Folder>
<name>Reator</name>
<visibility>0</visibility>
</Folder>
<Folder>
<name>Regulador</name>
<visibility>0</visibility>
</Folder>
<Folder>
<name>Transformador</name>
<visibility>0</visibility>
</Folder>
<Folder>
<name>Trecho</name>
<Placemark><name>3594472</name><styleUrl>#styleDaimonCIRCUITO166TRECHO</styleUrl><LineString><coordinates>-48.586342,-9.533282,0 -48.586352,-9.533326,0</coordinates></LineString></Placemark>
<Placemark><name>42134066</name><styleUrl>#styleDaimonCIRCUITO166TRECHO</styleUrl><LineString><coordinates>-48.563815,-9.532477,0 -48.563146,-9.532593,0</coordinates></LineString></Placemark>
<Placemark><name>42134067</name><styleUrl>#styleDaimonCIRCUITO166TRECHO</styleUrl><LineString><coordinates>-48.563146,-9.532593,0 -48.562536,-9.532710,0</coordinates></LineString></Placemark>
<Placemark><name>42134065</name><styleUrl>#styleDaimonCIRCUITO166TRECHO</styleUrl><LineString><coordinates>-48.564490,-9.532358,0 -48.563815,-9.532477,0</coordinates></LineString></Placemark>
<Placemark><name>42134064</name><styleUrl>#styleDaimonCIRCUITO166TRECHO</styleUrl><LineString><coordinates>-48.565166,-9.532235,0 -48.564490,-9.532358,0</coordinates></LineString></Placemark>
<Placemark><name>42134063</name><styleUrl>#styleDaimonCIRCUITO166TRECHO</styleUrl><LineString><coordinates>-48.565824,-9.532111,0 -48.565166,-9.532235,0</coordinates></LineString></Placemark>
<Placemark><name>12111550</name><styleUrl>#styleDaimonCIRCUITO166TRECHO</styleUrl><LineString><coordinates>-48.565856,-9.532105,0 -48.565824,-9.532111,0</coordinates></LineString></Placemark>
<Placemark><name>42134107</name><styleUrl>#styleDaimonCIRCUITO166TRECHO</styleUrl><LineString><coordinates>-48.566499,-9.531988,0 -48.565856,-9.532105,0</coordinates></LineString></Placemark>
<Placemark><name>12118074</name><styleUrl>#styleDaimonCIRCUITO166TRECHO</styleUrl><LineString><coordinates>-48.566534,-9.531981,0 -48.566499,-9.531988,0</coordinates></LineString></Placemark>
<Placemark><name>42134116</name><styleUrl>#styleDaimonCIRCUITO166TRECHO</styleUrl><LineString><coordinates>-48.567173,-9.531866,0 -48.566534,-9.531981,0</coordinates></LineString></Placemark>
<Placemark><name>12118078</name><styleUrl>#styleDaimonCIRCUITO166TRECHO</styleUrl><LineString><coordinates>-48.567208,-9.531865,0 -48.567173,-9.531866,0</coordinates></LineString></Placemark>
<Placemark><name>42134125</name><styleUrl>#styleDaimonCIRCUITO166TRECHO</styleUrl><LineString><coordinates>-48.567898,-9.531729,0 -48.567208,-9.531865,0</coordinates></LineString></Placemark>
<Placemark><name>12118068</name><styleUrl>#styleDaimonCIRCUITO166TRECHO</styleUrl><LineString><coordinates>-48.567929,-9.531725,0 -48.567898,-9.531729,0</coordinates></LineString></Placemark>
<Placemark><name>42134134</name><styleUrl>#styleDaimonCIRCUITO166TRECHO</styleUrl><LineString><coordinates>-48.568616,-9.531599,0 -48.567929,-9.531725,0</coordinates></LineString></Placemark>
<Placemark><name>12118076</name><styleUrl>#styleDaimonCIRCUITO166TRECHO</styleUrl><LineString><coordinates>-48.568650,-9.531592,0 -48.568616,-9.531599,0</coordinates></LineString></Placemark>
<Placemark><name>42134143</name><styleUrl>#styleDaimonCIRCUITO166TRECHO</styleUrl><LineString><coordinates>-48.570102,-9.531335,0 -48.568650,-9.531592,0</coordinates></LineString></Placemark>
<Placemark><name>12111450</name><styleUrl>#styleDaimonCIRCUITO166TRECHO</styleUrl><LineString><coordinates>-48.570132,-9.531330,0 -48.570102,-9.531335,0</coordinates></LineString></Placemark>
<Placemark><name>42134152</name><styleUrl>#styleDaimonCIRCUITO166TRECHO</styleUrl><LineString><coordinates>-48.570823,-9.531200,0 -48.570132,-9.531330,0</coordinates></LineString></Placemark>
<Placemark><name>12118080</name><styleUrl>#styleDaimonCIRCUITO166TRECHO</styleUrl><LineString><coordinates>-48.570858,-9.531199,0 -48.570823,-9.531200,0</coordinates></LineString></Placemark>
<Placemark><name>42134163</name><styleUrl>#styleDaimonCIRCUITO166TRECHO</styleUrl><LineString><coordinates>-48.571514,-9.531081,0 -48.570858,-9.531199,0</coordinates></LineString></Placemark>
<Placemark><name>42134171</name><styleUrl>#styleDaimonCIRCUITO166TRECHO</styleUrl><LineString><coordinates>-48.572471,-9.530901,0 -48.571514,-9.531081,0</coordinates></LineString></Placemark>
<Placemark><name>42133650</name><styleUrl>#styleDaimonCIRCUITO166TRECHO</styleUrl><LineString><coordinates>-48.573376,-9.530737,0 -48.572471,-9.530901,0</coordinates></LineString></Placemark>
<Placemark><name>42133640</name><styleUrl>#styleDaimonCIRCUITO166TRECHO</styleUrl><LineString><coordinates>-48.574157,-9.530591,0 -48.573376,-9.530737,0</coordinates></LineString></Placemark>
<Placemark><name>12118073</name><styleUrl>#styleDaimonCIRCUITO166TRECHO</styleUrl><LineString><coordinates>-48.574186,-9.530586,0 -48.574157,-9.530591,0</coordinates></LineString></Placemark>
<Placemark><name>42133616</name><styleUrl>#styleDaimonCIRCUITO166TRECHO</styleUrl><LineString><coordinates>-48.574976,-9.530444,0 -48.574186,-9.530586,0</coordinates></LineString></Placemark>
<Placemark><name>12118077</name><styleUrl>#styleDaimonCIRCUITO166TRECHO</styleUrl><LineString><coordinates>-48.575012,-9.530439,0 -48.574976,-9.530444,0</coordinates></LineString></Placemark>
<Placemark><name>42133631</name><styleUrl>#styleDaimonCIRCUITO166TRECHO</styleUrl><LineString><coordinates>-48.575600,-9.530335,0 -48.575012,-9.530439,0</coordinates></LineString></Placemark>
<Placemark><name>12111329</name><styleUrl>#styleDaimonCIRCUITO166TRECHO</styleUrl><LineString><coordinates>-48.575632,-9.530327,0 -48.575600,-9.530335,0</coordinates></LineString></Placemark>
<Placemark><name>42134180</name><styleUrl>#styleDaimonCIRCUITO166TRECHO</styleUrl><LineString><coordinates>-48.576372,-9.530188,0 -48.575632,-9.530327,0</coordinates></LineString></Placemark>
<Placemark><name>12116507</name><styleUrl>#styleDaimonCIRCUITO166TRECHO</styleUrl><LineString><coordinates>-48.576409,-9.530190,0 -48.576372,-9.530188,0</coordinates></LineString></Placemark>
<Placemark><name>42134191</name><styleUrl>#styleDaimonCIRCUITO166TRECHO</styleUrl><LineString><coordinates>-48.578141,-9.530067,0 -48.576409,-9.530190,0</coordinates></LineString></Placemark>
<Placemark><name>42134199</name><styleUrl>#styleDaimonCIRCUITO166TRECHO</styleUrl><LineString><coordinates>-48.579081,-9.530021,0 -48.578141,-9.530067,0</coordinates></LineString></Placemark>
<Placemark><name>12116505</name><styleUrl>#styleDaimonCIRCUITO166TRECHO</styleUrl><LineString><coordinates>-48.579111,-9.530035,0 -48.579081,-9.530021,0</coordinates></LineString></Placemark>
<Placemark><name>42133660</name><styleUrl>#styleDaimonCIRCUITO166TRECHO</styleUrl><LineString><coordinates>-48.579722,-9.530438,0 -48.579111,-9.530035,0</coordinates></LineString></Placemark>
<Placemark><name>42134210</name><styleUrl>#styleDaimonCIRCUITO166TRECHO</styleUrl><LineString><coordinates>-48.580166,-9.530891,0 -48.579722,-9.530438,0</coordinates></LineString></Placemark>
<Placemark><name>42134217</name><styleUrl>#styleDaimonCIRCUITO166TRECHO</styleUrl><LineString><coordinates>-48.580601,-9.531259,0 -48.580166,-9.530891,0</coordinates></LineString></Placemark>
<Placemark><name>12111451</name><styleUrl>#styleDaimonCIRCUITO166TRECHO</styleUrl><LineString><coordinates>-48.580621,-9.531286,0 -48.580601,-9.531259,0</coordinates></LineString></Placemark>
<Placemark><name>42134225</name><styleUrl>#styleDaimonCIRCUITO166TRECHO</styleUrl><LineString><coordinates>-48.581251,-9.531717,0 -48.580621,-9.531286,0</coordinates></LineString></Placemark>
<Placemark><name>42134239</name><styleUrl>#styleDaimonCIRCUITO166TRECHO</styleUrl><LineString><coordinates>-48.581255,-9.531742,0 -48.581251,-9.531717,0</coordinates></LineString></Placemark>
<Placemark><name>42134247</name><styleUrl>#styleDaimonCIRCUITO166TRECHO</styleUrl><LineString><coordinates>-48.581114,-9.531872,0 -48.581255,-9.531742,0</coordinates></LineString></Placemark>
<Placemark><name>12116508</name><styleUrl>#styleDaimonCIRCUITO166TRECHO</styleUrl><LineString><coordinates>-48.581126,-9.531898,0 -48.581114,-9.531872,0</coordinates></LineString></Placemark>
<Placemark><name>42134257</name><styleUrl>#styleDaimonCIRCUITO166TRECHO</styleUrl><LineString><coordinates>-48.582103,-9.532749,0 -48.581126,-9.531898,0</coordinates></LineString></Placemark>
<Placemark><name>12116513</name><styleUrl>#styleDaimonCIRCUITO166TRECHO</styleUrl><LineString><coordinates>-48.582129,-9.532768,0 -48.582103,-9.532749,0</coordinates></LineString></Placemark>
<Placemark><name>42134266</name><styleUrl>#styleDaimonCIRCUITO166TRECHO</styleUrl><LineString><coordinates>-48.582730,-9.533117,0 -48.582129,-9.532768,0</coordinates></LineString></Placemark>
<Placemark><name>12111449</name><styleUrl>#styleDaimonCIRCUITO166TRECHO</styleUrl><LineString><coordinates>-48.582759,-9.533133,0 -48.582730,-9.533117,0</coordinates></LineString></Placemark>
<Placemark><name>42134276</name><styleUrl>#styleDaimonCIRCUITO166TRECHO</styleUrl><LineString><coordinates>-48.583156,-9.533305,0 -48.582759,-9.533133,0</coordinates></LineString></Placemark>
<Placemark><name>12111549</name><styleUrl>#styleDaimonCIRCUITO166TRECHO</styleUrl><LineString><coordinates>-48.583181,-9.533326,0 -48.583156,-9.533305,0</coordinates></LineString></Placemark>
<Placemark><name>3556923</name><styleUrl>#styleDaimonCIRCUITO166TRECHO</styleUrl><LineString><coordinates>-48.583616,-9.533513,0 -48.583181,-9.533326,0</coordinates></LineString></Placemark>
<Placemark><name>12118072</name><styleUrl>#styleDaimonCIRCUITO166TRECHO</styleUrl><LineString><coordinates>-48.583644,-9.533533,0 -48.583616,-9.533513,0</coordinates></LineString></Placemark>
<Placemark><name>42134286</name><styleUrl>#styleDaimonCIRCUITO166TRECHO</styleUrl><LineString><coordinates>-48.584072,-9.533702,0 -48.583644,-9.533533,0</coordinates></LineString></Placemark>
<Placemark><name>12116510</name><styleUrl>#styleDaimonCIRCUITO166TRECHO</styleUrl><LineString><coordinates>-48.584087,-9.533724,0 -48.584072,-9.533702,0</coordinates></LineString></Placemark>
<Placemark><name>42134316</name><styleUrl>#styleDaimonCIRCUITO166TRECHO</styleUrl><LineString><coordinates>-48.584087,-9.533724,0 -48.583873,-9.533725,0</coordinates></LineString></Placemark>
<Placemark><name>3556911</name><styleUrl>#styleDaimonCIRCUITO166TRECHO</styleUrl><LineString><coordinates>-48.584498,-9.533636,0 -48.584087,-9.533724,0</coordinates></LineString></Placemark>
<Placemark><name>12111328</name><styleUrl>#styleDaimonCIRCUITO166TRECHO</styleUrl><LineString><coordinates>-48.584533,-9.533630,0 -48.584498,-9.533636,0</coordinates></LineString></Placemark>
<Placemark><name>3556367</name><styleUrl>#styleDaimonCIRCUITO166TRECHO</styleUrl><LineString><coordinates>-48.585132,-9.533494,0 -48.584533,-9.533630,0</coordinates></LineString></Placemark>
<Placemark><name>12116509</name><styleUrl>#styleDaimonCIRCUITO166TRECHO</styleUrl><LineString><coordinates>-48.585166,-9.533497,0 -48.585132,-9.533494,0</coordinates></LineString></Placemark>
<Placemark><name>3594193</name><styleUrl>#styleDaimonCIRCUITO166TRECHO</styleUrl><LineString><coordinates>-48.585820,-9.533463,0 -48.585166,-9.533497,0</coordinates></LineString></Placemark>
<Placemark><name>3594190</name><styleUrl>#styleDaimonCIRCUITO166TRECHO</styleUrl><LineString><coordinates>-48.586255,-9.533366,0 -48.585820,-9.533463,0</coordinates></LineString></Placemark>
<Placemark><name>3594189</name><styleUrl>#styleDaimonCIRCUITO166TRECHO</styleUrl><LineString><coordinates>-48.586343,-9.533330,0 -48.586255,-9.533366,0</coordinates></LineString></Placemark>
<Placemark><name>50605097</name><styleUrl>#styleDaimonCIRCUITO166TRECHO</styleUrl><LineString><coordinates>-48.540617,-9.539522,0 -48.540355,-9.539523,0</coordinates></LineString></Placemark>
<Placemark><name>50606058</name><styleUrl>#styleDaimonCIRCUITO166TRECHO</styleUrl><LineString><coordinates>-48.540641,-9.539522,0 -48.540617,-9.539522,0</coordinates></LineString></Placemark>
<Placemark><name>42133716</name><styleUrl>#styleDaimonCIRCUITO166TRECHO</styleUrl><LineString><coordinates>-48.541057,-9.539484,0 -48.540641,-9.539522,0</coordinates></LineString></Placemark>
<Placemark><name>12116506</name><styleUrl>#styleDaimonCIRCUITO166TRECHO</styleUrl><LineString><coordinates>-48.541057,-9.539484,0 -48.541052,-9.539517,0</coordinates></LineString></Placemark>
<Placemark><name>42133733</name><styleUrl>#styleDaimonCIRCUITO166TRECHO</styleUrl><LineString><coordinates>-48.541516,-9.539364,0 -48.541057,-9.539484,0</coordinates></LineString></Placemark>
<Placemark><name>42133707</name><styleUrl>#styleDaimonCIRCUITO166TRECHO</styleUrl><LineString><coordinates>-48.541052,-9.539517,0 -48.540899,-9.540239,0</coordinates></LineString></Placemark>
<Placemark><name>42133743</name><styleUrl>#styleDaimonCIRCUITO166TRECHO</styleUrl><LineString><coordinates>-48.542004,-9.539241,0 -48.541516,-9.539364,0</coordinates></LineString></Placemark>
<Placemark><name>12111331</name><styleUrl>#styleDaimonCIRCUITO166TRECHO</styleUrl><LineString><coordinates>-48.540899,-9.540239,0 -48.540891,-9.540273,0</coordinates></LineString></Placemark>
<Placemark><name>42133754</name><styleUrl>#styleDaimonCIRCUITO166TRECHO</styleUrl><LineString><coordinates>-48.542613,-9.539086,0 -48.542004,-9.539241,0</coordinates></LineString></Placemark>
<Placemark><name>42133698</name><styleUrl>#styleDaimonCIRCUITO166TRECHO</styleUrl><LineString><coordinates>-48.540891,-9.540273,0 -48.540816,-9.540635,0</coordinates></LineString></Placemark>
<Placemark><name>42133763</name><styleUrl>#styleDaimonCIRCUITO166TRECHO</styleUrl><LineString><coordinates>-48.543138,-9.538946,0 -48.542613,-9.539086,0</coordinates></LineString></Placemark>
<Placemark><name>12111453</name><styleUrl>#styleDaimonCIRCUITO166TRECHO</styleUrl><LineString><coordinates>-48.540816,-9.540635,0 -48.540808,-9.540669,0</coordinates></LineString></Placemark>
<Placemark><name>42133772</name><styleUrl>#styleDaimonCIRCUITO166TRECHO</styleUrl><LineString><coordinates>-48.543640,-9.538824,0 -48.543138,-9.538946,0</coordinates></LineString></Placemark>
<Placemark><name>42133689</name><styleUrl>#styleDaimonCIRCUITO166TRECHO</styleUrl><LineString><coordinates>-48.540808,-9.540669,0 -48.540722,-9.541101,0</coordinates></LineString></Placemark>
<Placemark><name>42133781</name><styleUrl>#styleDaimonCIRCUITO166TRECHO</styleUrl><LineString><coordinates>-48.544200,-9.538679,0 -48.543640,-9.538824,0</coordinates></LineString></Placemark>
<Placemark><name>42133680</name><styleUrl>#styleDaimonCIRCUITO166TRECHO</styleUrl><LineString><coordinates>-48.540722,-9.541101,0 -48.540596,-9.541734,0</coordinates></LineString></Placemark>
<Placemark><name>42133790</name><styleUrl>#styleDaimonCIRCUITO166TRECHO</styleUrl><LineString><coordinates>-48.544933,-9.538493,0 -48.544200,-9.538679,0</coordinates></LineString></Placemark>
<Placemark><name>42133671</name><styleUrl>#styleDaimonCIRCUITO166TRECHO</styleUrl><LineString><coordinates>-48.540596,-9.541734,0 -48.540476,-9.542327,0</coordinates></LineString></Placemark>
<Placemark><name>12111455</name><styleUrl>#styleDaimonCIRCUITO166TRECHO</styleUrl><LineString><coordinates>-48.544966,-9.538489,0 -48.544933,-9.538493,0</coordinates></LineString></Placemark>
<Placemark><name>42133799</name><styleUrl>#styleDaimonCIRCUITO166TRECHO</styleUrl><LineString><coordinates>-48.545473,-9.538370,0 -48.544966,-9.538489,0</coordinates></LineString></Placemark>
<Placemark><name>42133808</name><styleUrl>#styleDaimonCIRCUITO166TRECHO</styleUrl><LineString><coordinates>-48.545985,-9.538202,0 -48.545473,-9.538370,0</coordinates></LineString></Placemark>
<Placemark><name>12116514</name><styleUrl>#styleDaimonCIRCUITO166TRECHO</styleUrl><LineString><coordinates>-48.546018,-9.538195,0 -48.545985,-9.538202,0</coordinates></LineString></Placemark>
<Placemark><name>42133818</name><styleUrl>#styleDaimonCIRCUITO166TRECHO</styleUrl><LineString><coordinates>-48.546564,-9.537952,0 -48.546018,-9.538195,0</coordinates></LineString></Placemark>
<Placemark><name>12116512</name><styleUrl>#styleDaimonCIRCUITO166TRECHO</styleUrl><LineString><coordinates>-48.546599,-9.537942,0 -48.546564,-9.537952,0</coordinates></LineString></Placemark>
<Placemark><name>42133827</name><styleUrl>#styleDaimonCIRCUITO166TRECHO</styleUrl><LineString><coordinates>-48.547158,-9.537699,0 -48.546599,-9.537942,0</coordinates></LineString></Placemark>
<Placemark><name>42133836</name><styleUrl>#styleDaimonCIRCUITO166TRECHO</styleUrl><LineString><coordinates>-48.547756,-9.537441,0 -48.547158,-9.537699,0</coordinates></LineString></Placemark>
<Placemark><name>42133845</name><styleUrl>#styleDaimonCIRCUITO166TRECHO</styleUrl><LineString><coordinates>-48.548382,-9.537171,0 -48.547756,-9.537441,0</coordinates></LineString></Placemark>
<Placemark><name>42133854</name><styleUrl>#styleDaimonCIRCUITO166TRECHO</styleUrl><LineString><coordinates>-48.549007,-9.536899,0 -48.548382,-9.537171,0</coordinates></LineString></Placemark>
<Placemark><name>42133863</name><styleUrl>#styleDaimonCIRCUITO166TRECHO</styleUrl><LineString><coordinates>-48.549991,-9.536471,0 -48.549007,-9.536899,0</coordinates></LineString></Placemark>
<Placemark><name>12118071</name><styleUrl>#styleDaimonCIRCUITO166TRECHO</styleUrl><LineString><coordinates>-48.550028,-9.536464,0 -48.549991,-9.536471,0</coordinates></LineString></Placemark>
<Placemark><name>42133872</name><styleUrl>#styleDaimonCIRCUITO166TRECHO</styleUrl><LineString><coordinates>-48.550533,-9.536236,0 -48.550028,-9.536464,0</coordinates></LineString></Placemark>
<Placemark><name>12118075</name><styleUrl>#styleDaimonCIRCUITO166TRECHO</styleUrl><LineString><coordinates>-48.550565,-9.536223,0 -48.550533,-9.536236,0</coordinates></LineString></Placemark>
<Placemark><name>42133881</name><styleUrl>#styleDaimonCIRCUITO166TRECHO</styleUrl><LineString><coordinates>-48.551111,-9.535982,0 -48.550565,-9.536223,0</coordinates></LineString></Placemark>
<Placemark><name>42133890</name><styleUrl>#styleDaimonCIRCUITO166TRECHO</styleUrl><LineString><coordinates>-48.551670,-9.535737,0 -48.551111,-9.535982,0</coordinates></LineString></Placemark>
<Placemark><name>42133899</name><styleUrl>#styleDaimonCIRCUITO166TRECHO</styleUrl><LineString><coordinates>-48.552192,-9.535509,0 -48.551670,-9.535737,0</coordinates></LineString></Placemark>
<Placemark><name>42133908</name><styleUrl>#styleDaimonCIRCUITO166TRECHO</styleUrl><LineString><coordinates>-48.552679,-9.535297,0 -48.552192,-9.535509,0</coordinates></LineString></Placemark>
<Placemark><name>42133917</name><styleUrl>#styleDaimonCIRCUITO166TRECHO</styleUrl><LineString><coordinates>-48.553225,-9.535060,0 -48.552679,-9.535297,0</coordinates></LineString></Placemark>
<Placemark><name>12111551</name><styleUrl>#styleDaimonCIRCUITO166TRECHO</styleUrl><LineString><coordinates>-48.553260,-9.535047,0 -48.553225,-9.535060,0</coordinates></LineString></Placemark>
<Placemark><name>42133927</name><styleUrl>#styleDaimonCIRCUITO166TRECHO</styleUrl><LineString><coordinates>-48.553771,-9.534853,0 -48.553260,-9.535047,0</coordinates></LineString></Placemark>
<Placemark><name>42133937</name><styleUrl>#styleDaimonCIRCUITO166TRECHO</styleUrl><LineString><coordinates>-48.554263,-9.534668,0 -48.553771,-9.534853,0</coordinates></LineString></Placemark>
<Placemark><name>42133945</name><styleUrl>#styleDaimonCIRCUITO166TRECHO</styleUrl><LineString><coordinates>-48.554594,-9.534543,0 -48.554263,-9.534668,0</coordinates></LineString></Placemark>
<Placemark><name>12116511</name><styleUrl>#styleDaimonCIRCUITO166TRECHO</styleUrl><LineString><coordinates>-48.554629,-9.534533,0 -48.554594,-9.534543,0</coordinates></LineString></Placemark>
<Placemark><name>42133958</name><styleUrl>#styleDaimonCIRCUITO166TRECHO</styleUrl><LineString><coordinates>-48.555067,-9.534419,0 -48.554629,-9.534533,0</coordinates></LineString></Placemark>
<Placemark><name>42133968</name><styleUrl>#styleDaimonCIRCUITO166TRECHO</styleUrl><LineString><coordinates>-48.555786,-9.534234,0 -48.555067,-9.534419,0</coordinates></LineString></Placemark>
<Placemark><name>42133967</name><styleUrl>#styleDaimonCIRCUITO166TRECHO</styleUrl><LineString><coordinates>-48.556402,-9.534072,0 -48.555786,-9.534234,0</coordinates></LineString></Placemark>
<Placemark><name>42133545</name><styleUrl>#styleDaimonCIRCUITO166TRECHO</styleUrl><LineString><coordinates>-48.556434,-9.534063,0 -48.556402,-9.534072,0</coordinates></LineString></Placemark>
<Placemark><name>42133987</name><styleUrl>#styleDaimonCIRCUITO166TRECHO</styleUrl><LineString><coordinates>-48.557165,-9.533876,0 -48.556434,-9.534063,0</coordinates></LineString></Placemark>
<Placemark><name>42133998</name><styleUrl>#styleDaimonCIRCUITO166TRECHO</styleUrl><LineString><coordinates>-48.557853,-9.533700,0 -48.557165,-9.533876,0</coordinates></LineString></Placemark>
<Placemark><name>42133997</name><styleUrl>#styleDaimonCIRCUITO166TRECHO</styleUrl><LineString><coordinates>-48.558587,-9.533512,0 -48.557853,-9.533700,0</coordinates></LineString></Placemark>
<Placemark><name>42133996</name><styleUrl>#styleDaimonCIRCUITO166TRECHO</styleUrl><LineString><coordinates>-48.559142,-9.533365,0 -48.558587,-9.533512,0</coordinates></LineString></Placemark>
<Placemark><name>12118079</name><styleUrl>#styleDaimonCIRCUITO166TRECHO</styleUrl><LineString><coordinates>-48.559182,-9.533365,0 -48.559142,-9.533365,0</coordinates></LineString></Placemark>
<Placemark><name>42134019</name><styleUrl>#styleDaimonCIRCUITO166TRECHO</styleUrl><LineString><coordinates>-48.559845,-9.533229,0 -48.559182,-9.533365,0</coordinates></LineString></Placemark>
<Placemark><name>12111330</name><styleUrl>#styleDaimonCIRCUITO166TRECHO</styleUrl><LineString><coordinates>-48.559884,-9.533228,0 -48.559845,-9.533229,0</coordinates></LineString></Placemark>
<Placemark><name>42134028</name><styleUrl>#styleDaimonCIRCUITO166TRECHO</styleUrl><LineString><coordinates>-48.560504,-9.533102,0 -48.559884,-9.533228,0</coordinates></LineString></Placemark>
<Placemark><name>12111452</name><styleUrl>#styleDaimonCIRCUITO166TRECHO</styleUrl><LineString><coordinates>-48.560545,-9.533095,0 -48.560504,-9.533102,0</coordinates></LineString></Placemark>
<Placemark><name>42133573</name><styleUrl>#styleDaimonCIRCUITO166TRECHO</styleUrl><LineString><coordinates>-48.560960,-9.533012,0 -48.560545,-9.533095,0</coordinates></LineString></Placemark>
<Placemark><name>42133582</name><styleUrl>#styleDaimonCIRCUITO166TRECHO</styleUrl><LineString><coordinates>-48.561391,-9.532925,0 -48.560960,-9.533012,0</coordinates></LineString></Placemark>
<Placemark><name>12118070</name><styleUrl>#styleDaimonCIRCUITO166TRECHO</styleUrl><LineString><coordinates>-48.561427,-9.532920,0 -48.561391,-9.532925,0</coordinates></LineString></Placemark>
<Placemark><name>42134050</name><styleUrl>#styleDaimonCIRCUITO166TRECHO</styleUrl><LineString><coordinates>-48.561920,-9.532827,0 -48.561427,-9.532920,0</coordinates></LineString></Placemark>
<Placemark><name>42134068</name><styleUrl>#styleDaimonCIRCUITO166TRECHO</styleUrl><LineString><coordinates>-48.562475,-9.532722,0 -48.561920,-9.532827,0</coordinates></LineString></Placemark>
<Placemark><name>50606050</name><styleUrl>#styleDaimonCIRCUITO166TRECHO</styleUrl><LineString><coordinates>-48.539672,-9.539526,0 -48.539651,-9.539526,0</coordinates></LineString></Placemark>
<Placemark><name>50605106</name><styleUrl>#styleDaimonCIRCUITO166TRECHO</styleUrl><LineString><coordinates>-48.540287,-9.539524,0 -48.539672,-9.539526,0</coordinates></LineString></Placemark>
<Placemark><name>50605114</name><styleUrl>#styleDaimonCIRCUITO166TRECHO</styleUrl><LineString><coordinates>-48.539651,-9.539526,0 -48.539108,-9.539555,0</coordinates></LineString></Placemark>
<Placemark><name>50606042</name><styleUrl>#styleDaimonCIRCUITO166TRECHO</styleUrl><LineString><coordinates>-48.539108,-9.539555,0 -48.539085,-9.539556,0</coordinates></LineString></Placemark>
<Placemark><name>50605123</name><styleUrl>#styleDaimonCIRCUITO166TRECHO</styleUrl><LineString><coordinates>-48.539085,-9.539556,0 -48.538514,-9.539755,0</coordinates></LineString></Placemark>
<Placemark><name>50606034</name><styleUrl>#styleDaimonCIRCUITO166TRECHO</styleUrl><LineString><coordinates>-48.538514,-9.539755,0 -48.538492,-9.539762,0</coordinates></LineString></Placemark>
<Placemark><name>50605148</name><styleUrl>#styleDaimonCIRCUITO166TRECHO</styleUrl><LineString><coordinates>-48.538492,-9.539762,0 -48.537774,-9.539961,0</coordinates></LineString></Placemark>
<Placemark><name>23372310</name><styleUrl>#styleDaimonCIRCUITO166TRECHO</styleUrl><LineString><coordinates>-48.540467,-9.542387,0 -48.540529,-9.542425,0</coordinates></LineString></Placemark>
<Placemark><name>3594192</name><styleUrl>#styleDaimonCIRCUITO166TRECHO</styleUrl><LineString><coordinates>-48.540475,-9.542334,0 -48.540467,-9.542387,0</coordinates></LineString></Placemark>
<Placemark><name>50606302</name><styleUrl>#styleDaimonCIRCUITO166TRECHO</styleUrl><LineString><coordinates>-48.529337,-9.542206,0 -48.528725,-9.542391,0</coordinates></LineString></Placemark>
<Placemark><name>50606303</name><styleUrl>#styleDaimonCIRCUITO166TRECHO</styleUrl><LineString><coordinates>-48.528725,-9.542391,0 -48.528060,-9.542549,0</coordinates></LineString></Placemark>
<Placemark><name>50606301</name><styleUrl>#styleDaimonCIRCUITO166TRECHO</styleUrl><LineString><coordinates>-48.530823,-9.541811,0 -48.529337,-9.542206,0</coordinates></LineString></Placemark>
<Placemark><name>50606304</name><styleUrl>#styleDaimonCIRCUITO166TRECHO</styleUrl><LineString><coordinates>-48.528060,-9.542549,0 -48.527521,-9.542708,0</coordinates></LineString></Placemark>
<Placemark><name>50606300</name><styleUrl>#styleDaimonCIRCUITO166TRECHO</styleUrl><LineString><coordinates>-48.531453,-9.541634,0 -48.530823,-9.541811,0</coordinates></LineString></Placemark>
<Placemark><name>50606305</name><styleUrl>#styleDaimonCIRCUITO166TRECHO</styleUrl><LineString><coordinates>-48.527521,-9.542708,0 -48.526874,-9.542893,0</coordinates></LineString></Placemark>
<Placemark><name>50606299</name><styleUrl>#styleDaimonCIRCUITO166TRECHO</styleUrl><LineString><coordinates>-48.532092,-9.541412,0 -48.531453,-9.541634,0</coordinates></LineString></Placemark>
<Placemark><name>50606306</name><styleUrl>#styleDaimonCIRCUITO166TRECHO</styleUrl><LineString><coordinates>-48.526874,-9.542893,0 -48.526363,-9.543016,0</coordinates></LineString></Placemark>
<Placemark><name>50606298</name><styleUrl>#styleDaimonCIRCUITO166TRECHO</styleUrl><LineString><coordinates>-48.532785,-9.541255,0 -48.532092,-9.541412,0</coordinates></LineString></Placemark>
<Placemark><name>50606278</name><styleUrl>#styleDaimonCIRCUITO166TRECHO</styleUrl><LineString><coordinates>-48.526363,-9.543016,0 -48.525879,-9.543166,0</coordinates></LineString></Placemark>
<Placemark><name>50606297</name><styleUrl>#styleDaimonCIRCUITO166TRECHO</styleUrl><LineString><coordinates>-48.533430,-9.541117,0 -48.532785,-9.541255,0</coordinates></LineString></Placemark>
<Placemark><name>50606377</name><styleUrl>#styleDaimonCIRCUITO166TRECHO</styleUrl><LineString><coordinates>-48.525879,-9.543166,0 -48.525398,-9.543317,0</coordinates></LineString></Placemark>
<Placemark><name>50607185</name><styleUrl>#styleDaimonCIRCUITO166TRECHO</styleUrl><LineString><coordinates>-48.533453,-9.541110,0 -48.533430,-9.541117,0</coordinates></LineString></Placemark>
<Placemark><name>50607155</name><styleUrl>#styleDaimonCIRCUITO166TRECHO</styleUrl><LineString><coordinates>-48.525398,-9.543317,0 -48.525386,-9.543328,0</coordinates></LineString></Placemark>
<Placemark><name>50606270</name><styleUrl>#styleDaimonCIRCUITO166TRECHO</styleUrl><LineString><coordinates>-48.533980,-9.540920,0 -48.533453,-9.541110,0</coordinates></LineString></Placemark>
<Placemark><name>50607193</name><styleUrl>#styleDaimonCIRCUITO166TRECHO</styleUrl><LineString><coordinates>-48.525386,-9.543328,0 -48.525502,-9.543687,0</coordinates></LineString></Placemark>
<Placemark><name>50606226</name><styleUrl>#styleDaimonCIRCUITO166TRECHO</styleUrl><LineString><coordinates>-48.534591,-9.540761,0 -48.533980,-9.540920,0</coordinates></LineString></Placemark>
<Placemark><name>50607458</name><styleUrl>#styleDaimonCIRCUITO166TRECHO</styleUrl><LineString><coordinates>-48.525502,-9.543687,0 -48.525490,-9.543698,0</coordinates></LineString></Placemark>
<Placemark><name>50606241</name><styleUrl>#styleDaimonCIRCUITO166TRECHO</styleUrl><LineString><coordinates>-48.535193,-9.540630,0 -48.534591,-9.540761,0</coordinates></LineString></Placemark>
<Placemark><name>50607218</name><styleUrl>#styleDaimonCIRCUITO166TRECHO</styleUrl><LineString><coordinates>-48.525490,-9.543698,0 -48.524873,-9.543838,0</coordinates></LineString></Placemark>
<Placemark><name>50606240</name><styleUrl>#styleDaimonCIRCUITO166TRECHO</styleUrl><LineString><coordinates>-48.535877,-9.540382,0 -48.535193,-9.540630,0</coordinates></LineString></Placemark>
<Placemark><name>50607219</name><styleUrl>#styleDaimonCIRCUITO166TRECHO</styleUrl><LineString><coordinates>-48.524873,-9.543838,0 -48.524262,-9.544013,0</coordinates></LineString></Placemark>
<Placemark><name>50606239</name><styleUrl>#styleDaimonCIRCUITO166TRECHO</styleUrl><LineString><coordinates>-48.536512,-9.540183,0 -48.535877,-9.540382,0</coordinates></LineString></Placemark>
<Placemark><name>50607674</name><styleUrl>#styleDaimonCIRCUITO166TRECHO</styleUrl><LineString><coordinates>-48.536536,-9.540178,0 -48.536512,-9.540183,0</coordinates></LineString></Placemark>
<Placemark><name>50606238</name><styleUrl>#styleDaimonCIRCUITO166TRECHO</styleUrl><LineString><coordinates>-48.537126,-9.540101,0 -48.536536,-9.540178,0</coordinates></LineString></Placemark>
<Placemark><name>50605149</name><styleUrl>#styleDaimonCIRCUITO166TRECHO</styleUrl><LineString><coordinates>-48.537709,-9.539975,0 -48.537126,-9.540101,0</coordinates></LineString></Placemark>
<Placemark><name>50607731</name><styleUrl>#styleDaimonCIRCUITO166TRECHO</styleUrl><LineString><coordinates>-48.522106,-9.544634,0 -48.521169,-9.544886,0</coordinates></LineString></Placemark>
<Placemark><name>50608199</name><styleUrl>#styleDaimonCIRCUITO166TRECHO</styleUrl><LineString><coordinates>-48.522129,-9.544628,0 -48.522106,-9.544634,0</coordinates></LineString></Placemark>
<Placemark><name>50607722</name><styleUrl>#styleDaimonCIRCUITO166TRECHO</styleUrl><LineString><coordinates>-48.523228,-9.544326,0 -48.522129,-9.544628,0</coordinates></LineString></Placemark>
<Placemark><name>50608207</name><styleUrl>#styleDaimonCIRCUITO166TRECHO</styleUrl><LineString><coordinates>-48.523251,-9.544320,0 -48.523228,-9.544326,0</coordinates></LineString></Placemark>
<Placemark><name>50607220</name><styleUrl>#styleDaimonCIRCUITO166TRECHO</styleUrl><LineString><coordinates>-48.524161,-9.544044,0 -48.523251,-9.544320,0</coordinates></LineString></Placemark>
<Placemark><name>50607922</name><styleUrl>#styleDaimonCIRCUITO166TRECHO</styleUrl><LineString><coordinates>-48.509113,-9.552410,0 -48.508560,-9.552432,0</coordinates></LineString></Placemark>
<Placemark><name>50607341</name><styleUrl>#styleDaimonCIRCUITO166TRECHO</styleUrl><LineString><coordinates>-48.508560,-9.552432,0 -48.508144,-9.552473,0</coordinates></LineString></Placemark>
<Placemark><name>50607543</name><styleUrl>#styleDaimonCIRCUITO166TRECHO</styleUrl><LineString><coordinates>-48.509136,-9.552409,0 -48.509113,-9.552410,0</coordinates></LineString></Placemark>
<Placemark><name>50607551</name><styleUrl>#styleDaimonCIRCUITO166TRECHO</styleUrl><LineString><coordinates>-48.508144,-9.552473,0 -48.508121,-9.552477,0</coordinates></LineString></Placemark>
<Placemark><name>50607332</name><styleUrl>#styleDaimonCIRCUITO166TRECHO</styleUrl><LineString><coordinates>-48.509579,-9.552183,0 -48.509136,-9.552409,0</coordinates></LineString></Placemark>
<Placemark><name>50607351</name><styleUrl>#styleDaimonCIRCUITO166TRECHO</styleUrl><LineString><coordinates>-48.508121,-9.552477,0 -48.507870,-9.552525,0</coordinates></LineString></Placemark>
<Placemark><name>50607535</name><styleUrl>#styleDaimonCIRCUITO166TRECHO</styleUrl><LineString><coordinates>-48.509603,-9.552171,0 -48.509579,-9.552183,0</coordinates></LineString></Placemark>
<Placemark><name>50607559</name><styleUrl>#styleDaimonCIRCUITO166TRECHO</styleUrl><LineString><coordinates>-48.507870,-9.552525,0 -48.507847,-9.552528,0</coordinates></LineString></Placemark>
<Placemark><name>50607322</name><styleUrl>#styleDaimonCIRCUITO166TRECHO</styleUrl><LineString><coordinates>-48.510240,-9.551794,0 -48.509603,-9.552171,0</coordinates></LineString></Placemark>
<Placemark><name>50607360</name><styleUrl>#styleDaimonCIRCUITO166TRECHO</styleUrl><LineString><coordinates>-48.507847,-9.552528,0 -48.507204,-9.552611,0</coordinates></LineString></Placemark>
<Placemark><name>50607905</name><styleUrl>#styleDaimonCIRCUITO166TRECHO</styleUrl><LineString><coordinates>-48.510789,-9.551382,0 -48.510240,-9.551794,0</coordinates></LineString></Placemark>
<Placemark><name>50607567</name><styleUrl>#styleDaimonCIRCUITO166TRECHO</styleUrl><LineString><coordinates>-48.507204,-9.552611,0 -48.507181,-9.552615,0</coordinates></LineString></Placemark>
<Placemark><name>50607251</name><styleUrl>#styleDaimonCIRCUITO166TRECHO</styleUrl><LineString><coordinates>-48.511165,-9.551068,0 -48.510789,-9.551382,0</coordinates></LineString></Placemark>
<Placemark><name>50607942</name><styleUrl>#styleDaimonCIRCUITO166TRECHO</styleUrl><LineString><coordinates>-48.507181,-9.552615,0 -48.506582,-9.552707,0</coordinates></LineString></Placemark>
<Placemark><name>50607863</name><styleUrl>#styleDaimonCIRCUITO166TRECHO</styleUrl><LineString><coordinates>-48.511431,-9.550717,0 -48.511165,-9.551068,0</coordinates></LineString></Placemark>
<Placemark><name>50607943</name><styleUrl>#styleDaimonCIRCUITO166TRECHO</styleUrl><LineString><coordinates>-48.506582,-9.552707,0 -48.505935,-9.552829,0</coordinates></LineString></Placemark>
<Placemark><name>50607862</name><styleUrl>#styleDaimonCIRCUITO166TRECHO</styleUrl><LineString><coordinates>-48.511926,-9.550278,0 -48.511431,-9.550717,0</coordinates></LineString></Placemark>
<Placemark><name>50607944</name><styleUrl>#styleDaimonCIRCUITO166TRECHO</styleUrl><LineString><coordinates>-48.505935,-9.552829,0 -48.505390,-9.552869,0</coordinates></LineString></Placemark>
<Placemark><name>50607861</name><styleUrl>#styleDaimonCIRCUITO166TRECHO</styleUrl><LineString><coordinates>-48.512403,-9.549839,0 -48.511926,-9.550278,0</coordinates></LineString></Placemark>
<Placemark><name>50607527</name><styleUrl>#styleDaimonCIRCUITO166TRECHO</styleUrl><LineString><coordinates>-48.505390,-9.552869,0 -48.505369,-9.552871,0</coordinates></LineString></Placemark>
<Placemark><name>50607860</name><styleUrl>#styleDaimonCIRCUITO166TRECHO</styleUrl><LineString><coordinates>-48.512906,-9.549311,0 -48.512403,-9.549839,0</coordinates></LineString></Placemark>
<Placemark><name>50607945</name><styleUrl>#styleDaimonCIRCUITO166TRECHO</styleUrl><LineString><coordinates>-48.505369,-9.552871,0 -48.504142,-9.552960,0</coordinates></LineString></Placemark>
<Placemark><name>50608215</name><styleUrl>#styleDaimonCIRCUITO166TRECHO</styleUrl><LineString><coordinates>-48.512926,-9.549292,0 -48.512906,-9.549311,0</coordinates></LineString></Placemark>
<Placemark><name>50607987</name><styleUrl>#styleDaimonCIRCUITO166TRECHO</styleUrl><LineString><coordinates>-48.504142,-9.552960,0 -48.504121,-9.552963,0</coordinates></LineString></Placemark>
<Placemark><name>50607859</name><styleUrl>#styleDaimonCIRCUITO166TRECHO</styleUrl><LineString><coordinates>-48.513411,-9.548888,0 -48.512926,-9.549292,0</coordinates></LineString></Placemark>
<Placemark><name>50607946</name><styleUrl>#styleDaimonCIRCUITO166TRECHO</styleUrl><LineString><coordinates>-48.504121,-9.552963,0 -48.503676,-9.553048,0</coordinates></LineString></Placemark>
<Placemark><name>50607842</name><styleUrl>#styleDaimonCIRCUITO166TRECHO</styleUrl><LineString><coordinates>-48.513931,-9.548432,0 -48.513411,-9.548888,0</coordinates></LineString></Placemark>
<Placemark><name>50607369</name><styleUrl>#styleDaimonCIRCUITO166TRECHO</styleUrl><LineString><coordinates>-48.503676,-9.553048,0 -48.503295,-9.553168,0</coordinates></LineString></Placemark>
<Placemark><name>50607851</name><styleUrl>#styleDaimonCIRCUITO166TRECHO</styleUrl><LineString><coordinates>-48.513952,-9.548412,0 -48.513931,-9.548432,0</coordinates></LineString></Placemark>
<Placemark><name>50607575</name><styleUrl>#styleDaimonCIRCUITO166TRECHO</styleUrl><LineString><coordinates>-48.503295,-9.553168,0 -48.503272,-9.553177,0</coordinates></LineString></Placemark>
<Placemark><name>50607824</name><styleUrl>#styleDaimonCIRCUITO166TRECHO</styleUrl><LineString><coordinates>-48.514455,-9.547894,0 -48.513952,-9.548412,0</coordinates></LineString></Placemark>
<Placemark><name>50607383</name><styleUrl>#styleDaimonCIRCUITO166TRECHO</styleUrl><LineString><coordinates>-48.503272,-9.553177,0 -48.502820,-9.553371,0</coordinates></LineString></Placemark>
<Placemark><name>50607833</name><styleUrl>#styleDaimonCIRCUITO166TRECHO</styleUrl><LineString><coordinates>-48.514475,-9.547875,0 -48.514455,-9.547894,0</coordinates></LineString></Placemark>
<Placemark><name>50607583</name><styleUrl>#styleDaimonCIRCUITO166TRECHO</styleUrl><LineString><coordinates>-48.502820,-9.553371,0 -48.502798,-9.553385,0</coordinates></LineString></Placemark>
<Placemark><name>50607201</name><styleUrl>#styleDaimonCIRCUITO166TRECHO</styleUrl><LineString><coordinates>-48.514960,-9.547436,0 -48.514475,-9.547875,0</coordinates></LineString></Placemark>
<Placemark><name>50608001</name><styleUrl>#styleDaimonCIRCUITO166TRECHO</styleUrl><LineString><coordinates>-48.502798,-9.553385,0 -48.502350,-9.553770,0</coordinates></LineString></Placemark>
<Placemark><name>50607279</name><styleUrl>#styleDaimonCIRCUITO166TRECHO</styleUrl><LineString><coordinates>-48.515482,-9.546951,0 -48.514960,-9.547436,0</coordinates></LineString></Placemark>
<Placemark><name>50608002</name><styleUrl>#styleDaimonCIRCUITO166TRECHO</styleUrl><LineString><coordinates>-48.502350,-9.553770,0 -48.501701,-9.554128,0</coordinates></LineString></Placemark>
<Placemark><name>50607519</name><styleUrl>#styleDaimonCIRCUITO166TRECHO</styleUrl><LineString><coordinates>-48.515503,-9.546932,0 -48.515482,-9.546951,0</coordinates></LineString></Placemark>
<Placemark><name>50608003</name><styleUrl>#styleDaimonCIRCUITO166TRECHO</styleUrl><LineString><coordinates>-48.501701,-9.554128,0 -48.500997,-9.554538,0</coordinates></LineString></Placemark>
<Placemark><name>50607278</name><styleUrl>#styleDaimonCIRCUITO166TRECHO</styleUrl><LineString><coordinates>-48.516169,-9.546351,0 -48.515503,-9.546932,0</coordinates></LineString></Placemark>
<Placemark><name>50608004</name><styleUrl>#styleDaimonCIRCUITO166TRECHO</styleUrl><LineString><coordinates>-48.500997,-9.554538,0 -48.500403,-9.554859,0</coordinates></LineString></Placemark>
<Placemark><name>50607511</name><styleUrl>#styleDaimonCIRCUITO166TRECHO</styleUrl><LineString><coordinates>-48.516191,-9.546334,0 -48.516169,-9.546351,0</coordinates></LineString></Placemark>
<Placemark><name>50607392</name><styleUrl>#styleDaimonCIRCUITO166TRECHO</styleUrl><LineString><coordinates>-48.500403,-9.554859,0 -48.499848,-9.555227,0</coordinates></LineString></Placemark>
<Placemark><name>50607277</name><styleUrl>#styleDaimonCIRCUITO166TRECHO</styleUrl><LineString><coordinates>-48.516926,-9.545831,0 -48.516191,-9.546334,0</coordinates></LineString></Placemark>
<Placemark><name>50607591</name><styleUrl>#styleDaimonCIRCUITO166TRECHO</styleUrl><LineString><coordinates>-48.499848,-9.555227,0 -48.499825,-9.555241,0</coordinates></LineString></Placemark>
<Placemark><name>50607503</name><styleUrl>#styleDaimonCIRCUITO166TRECHO</styleUrl><LineString><coordinates>-48.516949,-9.545817,0 -48.516926,-9.545831,0</coordinates></LineString></Placemark>
<Placemark><name>50608038</name><styleUrl>#styleDaimonCIRCUITO166TRECHO</styleUrl><LineString><coordinates>-48.499825,-9.555241,0 -48.499351,-9.555538,0</coordinates></LineString></Placemark>
<Placemark><name>50607276</name><styleUrl>#styleDaimonCIRCUITO166TRECHO</styleUrl><LineString><coordinates>-48.517722,-9.545393,0 -48.516949,-9.545817,0</coordinates></LineString></Placemark>
<Placemark><name>50607405</name><styleUrl>#styleDaimonCIRCUITO166TRECHO</styleUrl><LineString><coordinates>-48.499351,-9.555538,0 -48.498897,-9.555747,0</coordinates></LineString></Placemark>
<Placemark><name>50607495</name><styleUrl>#styleDaimonCIRCUITO166TRECHO</styleUrl><LineString><coordinates>-48.517744,-9.545382,0 -48.517722,-9.545393,0</coordinates></LineString></Placemark>
<Placemark><name>50607599</name><styleUrl>#styleDaimonCIRCUITO166TRECHO</styleUrl><LineString><coordinates>-48.498897,-9.555747,0 -48.498875,-9.555756,0</coordinates></LineString></Placemark>
<Placemark><name>50607275</name><styleUrl>#styleDaimonCIRCUITO166TRECHO</styleUrl><LineString><coordinates>-48.518598,-9.545107,0 -48.517744,-9.545382,0</coordinates></LineString></Placemark>
<Placemark><name>50608049</name><styleUrl>#styleDaimonCIRCUITO166TRECHO</styleUrl><LineString><coordinates>-48.498875,-9.555756,0 -48.498256,-9.555954,0</coordinates></LineString></Placemark>
<Placemark><name>50607487</name><styleUrl>#styleDaimonCIRCUITO166TRECHO</styleUrl><LineString><coordinates>-48.518620,-9.545099,0 -48.518598,-9.545107,0</coordinates></LineString></Placemark>
<Placemark><name>50607415</name><styleUrl>#styleDaimonCIRCUITO166TRECHO</styleUrl><LineString><coordinates>-48.498256,-9.555954,0 -48.497666,-9.556101,0</coordinates></LineString></Placemark>
<Placemark><name>50607274</name><styleUrl>#styleDaimonCIRCUITO166TRECHO</styleUrl><LineString><coordinates>-48.519127,-9.544917,0 -48.518620,-9.545099,0</coordinates></LineString></Placemark>
<Placemark><name>50607607</name><styleUrl>#styleDaimonCIRCUITO166TRECHO</styleUrl><LineString><coordinates>-48.497666,-9.556101,0 -48.497643,-9.556106,0</coordinates></LineString></Placemark>
<Placemark><name>50607474</name><styleUrl>#styleDaimonCIRCUITO166TRECHO</styleUrl><LineString><coordinates>-48.519139,-9.544928,0 -48.519127,-9.544917,0</coordinates></LineString></Placemark>
<Placemark><name>50608063</name><styleUrl>#styleDaimonCIRCUITO166TRECHO</styleUrl><LineString><coordinates>-48.497643,-9.556106,0 -48.497171,-9.556219,0</coordinates></LineString></Placemark>
<Placemark><name>50607242</name><styleUrl>#styleDaimonCIRCUITO166TRECHO</styleUrl><LineString><coordinates>-48.519300,-9.545350,0 -48.519139,-9.544928,0</coordinates></LineString></Placemark>
<Placemark><name>50608064</name><styleUrl>#styleDaimonCIRCUITO166TRECHO</styleUrl><LineString><coordinates>-48.497171,-9.556219,0 -48.496477,-9.556375,0</coordinates></LineString></Placemark>
<Placemark><name>50607466</name><styleUrl>#styleDaimonCIRCUITO166TRECHO</styleUrl><LineString><coordinates>-48.519310,-9.545361,0 -48.519300,-9.545350,0</coordinates></LineString></Placemark>
<Placemark><name>50608065</name><styleUrl>#styleDaimonCIRCUITO166TRECHO</styleUrl><LineString><coordinates>-48.496477,-9.556375,0 -48.495730,-9.556551,0</coordinates></LineString></Placemark>
<Placemark><name>50607770</name><styleUrl>#styleDaimonCIRCUITO166TRECHO</styleUrl><LineString><coordinates>-48.519965,-9.545204,0 -48.519310,-9.545361,0</coordinates></LineString></Placemark>
<Placemark><name>50608066</name><styleUrl>#styleDaimonCIRCUITO166TRECHO</styleUrl><LineString><coordinates>-48.495730,-9.556551,0 -48.495182,-9.556691,0</coordinates></LineString></Placemark>
<Placemark><name>50607759</name><styleUrl>#styleDaimonCIRCUITO166TRECHO</styleUrl><LineString><coordinates>-48.520567,-9.545044,0 -48.519965,-9.545204,0</coordinates></LineString></Placemark>
<Placemark><name>50608067</name><styleUrl>#styleDaimonCIRCUITO166TRECHO</styleUrl><LineString><coordinates>-48.495182,-9.556691,0 -48.494482,-9.556838,0</coordinates></LineString></Placemark>
<Placemark><name>50607742</name><styleUrl>#styleDaimonCIRCUITO166TRECHO</styleUrl><LineString><coordinates>-48.521109,-9.544902,0 -48.520567,-9.545044,0</coordinates></LineString></Placemark>
<Placemark><name>50607615</name><styleUrl>#styleDaimonCIRCUITO166TRECHO</styleUrl><LineString><coordinates>-48.494482,-9.556838,0 -48.494459,-9.556842,0</coordinates></LineString></Placemark>
<Placemark><name>50607425</name><styleUrl>#styleDaimonCIRCUITO166TRECHO</styleUrl><LineString><coordinates>-48.494459,-9.556842,0 -48.493833,-9.556899,0</coordinates></LineString></Placemark>
<Placemark><name>50608112</name><styleUrl>#styleDaimonCIRCUITO166TRECHO</styleUrl><LineString><coordinates>-48.493833,-9.556899,0 -48.493297,-9.556966,0</coordinates></LineString></Placemark>
<Placemark><name>50608130</name><styleUrl>#styleDaimonCIRCUITO166TRECHO</styleUrl><LineString><coordinates>-48.493297,-9.556966,0 -48.493276,-9.556966,0</coordinates></LineString></Placemark>
<Placemark><name>50608113</name><styleUrl>#styleDaimonCIRCUITO166TRECHO</styleUrl><LineString><coordinates>-48.493276,-9.556966,0 -48.492669,-9.556918,0</coordinates></LineString></Placemark>
<Placemark><name>50607439</name><styleUrl>#styleDaimonCIRCUITO166TRECHO</styleUrl><LineString><coordinates>-48.492669,-9.556918,0 -48.492168,-9.556888,0</coordinates></LineString></Placemark>
<Placemark><name>50607623</name><styleUrl>#styleDaimonCIRCUITO166TRECHO</styleUrl><LineString><coordinates>-48.492168,-9.556888,0 -48.492135,-9.556865,0</coordinates></LineString></Placemark>
<Placemark><name>50607450</name><styleUrl>#styleDaimonCIRCUITO166TRECHO</styleUrl><LineString><coordinates>-48.492135,-9.556865,0 -48.491977,-9.556251,0</coordinates></LineString></Placemark>
<Placemark><name>63594241</name><styleUrl>#styleDaimonCIRCUITO166TRECHO</styleUrl><LineString><coordinates>-48.491785,-9.556149,0 -48.491750,-9.556150,0</coordinates></LineString></Placemark>
<Placemark><name>50608169</name><styleUrl>#styleDaimonCIRCUITO166TRECHO</styleUrl><LineString><coordinates>-48.491750,-9.556150,0 -48.491331,-9.556168,0</coordinates></LineString></Placemark>
<Placemark><name>48747377</name><styleUrl>#styleDaimonCIRCUITO166TRECHO</styleUrl><LineString><coordinates>-48.491958,-9.556241,0 -48.491785,-9.556149,0</coordinates></LineString></Placemark>
<Placemark><name>42034102</name><styleUrl>#styleDaimonCIRCUITO166TRECHO</styleUrl><LineString><coordinates>-48.491331,-9.556168,0 -48.490888,-9.556199,0</coordinates></LineString></Placemark>
<Placemark><name>42034230</name><styleUrl>#styleDaimonCIRCUITO166TRECHO</styleUrl><LineString><coordinates>-48.490888,-9.556199,0 -48.490890,-9.556215,0</coordinates></LineString></Placemark>
<Placemark><name>50608178</name><styleUrl>#styleDaimonCIRCUITO166TRECHO</styleUrl><LineString><coordinates>-48.490888,-9.556199,0 -48.490711,-9.556211,0</coordinates></LineString></Placemark>
<Placemark><name>42034195</name><styleUrl>#styleDaimonCIRCUITO166TRECHO</styleUrl><LineString><coordinates>-48.490890,-9.556215,0 -48.490847,-9.557088,0</coordinates></LineString></Placemark>
<Placemark><name>63594249</name><styleUrl>#styleDaimonCIRCUITO166TRECHO</styleUrl><LineString><coordinates>-48.490711,-9.556211,0 -48.490692,-9.556185,0</coordinates></LineString></Placemark>
<Placemark><name>42034222</name><styleUrl>#styleDaimonCIRCUITO166TRECHO</styleUrl><LineString><coordinates>-48.490847,-9.557088,0 -48.490838,-9.557111,0</coordinates></LineString></Placemark>
<Placemark><name>50608185</name><styleUrl>#styleDaimonCIRCUITO166TRECHO</styleUrl><LineString><coordinates>-48.490692,-9.556185,0 -48.490633,-9.556023,0</coordinates></LineString></Placemark>
<Placemark><name>42034814</name><styleUrl>#styleDaimonCIRCUITO166TRECHO</styleUrl><LineString><coordinates>-48.490838,-9.557111,0 -48.490148,-9.557114,0</coordinates></LineString></Placemark>
<Placemark><name>42034214</name><styleUrl>#styleDaimonCIRCUITO166TRECHO</styleUrl><LineString><coordinates>-48.490148,-9.557114,0 -48.489647,-9.557115,0</coordinates></LineString></Placemark>
<Placemark><name>34579858</name><styleUrl>#styleDaimonCIRCUITO166TRECHO</styleUrl><LineString><coordinates>-48.490591,-9.555904,0 -48.490575,-9.555860,0</coordinates></LineString></Placemark>
<Placemark><name>34579842</name><styleUrl>#styleDaimonCIRCUITO166TRECHO</styleUrl><LineString><coordinates>-48.490575,-9.555860,0 -48.490559,-9.555819,0</coordinates></LineString></Placemark>
<Placemark><name>34579857</name><styleUrl>#styleDaimonCIRCUITO166TRECHO</styleUrl><LineString><coordinates>-48.490606,-9.555945,0 -48.490591,-9.555904,0</coordinates></LineString></Placemark>
<Placemark><name>34579856</name><styleUrl>#styleDaimonCIRCUITO166TRECHO</styleUrl><LineString><coordinates>-48.490622,-9.555989,0 -48.490606,-9.555945,0</coordinates></LineString></Placemark>
<Placemark><name>29383521</name><styleUrl>#styleDaimonCIRCUITO166TRECHO</styleUrl><LineString><coordinates>-48.490622,-9.555989,0 -48.490509,-9.556057,0</coordinates></LineString></Placemark>
<Placemark><name>29382596</name><styleUrl>#styleDaimonCIRCUITO166TRECHO</styleUrl><LineString><coordinates>-48.490622,-9.555989,0 -48.490467,-9.556013,0</coordinates></LineString></Placemark>
<Placemark><name>29382582</name><styleUrl>#styleDaimonCIRCUITO166TRECHO</styleUrl><LineString><coordinates>-48.490622,-9.555989,0 -48.490470,-9.556034,0</coordinates></LineString></Placemark>
<Placemark><name>34579855</name><styleUrl>#styleDaimonCIRCUITO166TRECHO</styleUrl><LineString><coordinates>-48.490639,-9.556038,0 -48.490622,-9.555989,0</coordinates></LineString></Placemark>
<Placemark><name>29382589</name><styleUrl>#styleDaimonCIRCUITO166TRECHO</styleUrl><LineString><coordinates>-48.490622,-9.555989,0 -48.490477,-9.556046,0</coordinates></LineString></Placemark>
<Placemark><name>55192519</name><styleUrl>#styleDaimonCIRCUITO166TRECHO</styleUrl><LineString><coordinates>-48.490622,-9.555989,0 -48.490462,-9.555991,0</coordinates></LineString></Placemark>
<Placemark><name>58139951</name><styleUrl>#styleDaimonCIRCUITO166TRECHO</styleUrl><LineString><coordinates>-48.490622,-9.555989,0 -48.490528,-9.556068,0</coordinates></LineString></Placemark>
<Placemark><name>42034508</name><styleUrl>#styleDaimonCIRCUITO166TRECHO</styleUrl><LineString><coordinates>-48.467083,-9.553408,0 -48.466791,-9.552935,0</coordinates></LineString></Placemark>
<Placemark><name>42034497</name><styleUrl>#styleDaimonCIRCUITO166TRECHO</styleUrl><LineString><coordinates>-48.466791,-9.552935,0 -48.466647,-9.552726,0</coordinates></LineString></Placemark>
<Placemark><name>42035200</name><styleUrl>#styleDaimonCIRCUITO166TRECHO</styleUrl><LineString><coordinates>-48.467424,-9.553962,0 -48.467083,-9.553408,0</coordinates></LineString></Placemark>
<Placemark><name>42035222</name><styleUrl>#styleDaimonCIRCUITO166TRECHO</styleUrl><LineString><coordinates>-48.466647,-9.552726,0 -48.466406,-9.552253,0</coordinates></LineString></Placemark>
<Placemark><name>42035190</name><styleUrl>#styleDaimonCIRCUITO166TRECHO</styleUrl><LineString><coordinates>-48.467716,-9.554436,0 -48.467424,-9.553962,0</coordinates></LineString></Placemark>
<Placemark><name>42035233</name><styleUrl>#styleDaimonCIRCUITO166TRECHO</styleUrl><LineString><coordinates>-48.466406,-9.552253,0 -48.466393,-9.552228,0</coordinates></LineString></Placemark>
<Placemark><name>42034480</name><styleUrl>#styleDaimonCIRCUITO166TRECHO</styleUrl><LineString><coordinates>-48.468013,-9.554836,0 -48.467716,-9.554436,0</coordinates></LineString></Placemark>
<Placemark><name>42034524</name><styleUrl>#styleDaimonCIRCUITO166TRECHO</styleUrl><LineString><coordinates>-48.466393,-9.552228,0 -48.466124,-9.551706,0</coordinates></LineString></Placemark>
<Placemark><name>42035179</name><styleUrl>#styleDaimonCIRCUITO166TRECHO</styleUrl><LineString><coordinates>-48.468380,-9.555335,0 -48.468013,-9.554836,0</coordinates></LineString></Placemark>
<Placemark><name>42035242</name><styleUrl>#styleDaimonCIRCUITO166TRECHO</styleUrl><LineString><coordinates>-48.466124,-9.551706,0 -48.465881,-9.551240,0</coordinates></LineString></Placemark>
<Placemark><name>42035169</name><styleUrl>#styleDaimonCIRCUITO166TRECHO</styleUrl><LineString><coordinates>-48.468723,-9.555801,0 -48.468380,-9.555335,0</coordinates></LineString></Placemark>
<Placemark><name>42035252</name><styleUrl>#styleDaimonCIRCUITO166TRECHO</styleUrl><LineString><coordinates>-48.465881,-9.551240,0 -48.465626,-9.550747,0</coordinates></LineString></Placemark>
<Placemark><name>42035161</name><styleUrl>#styleDaimonCIRCUITO166TRECHO</styleUrl><LineString><coordinates>-48.468742,-9.555826,0 -48.468723,-9.555801,0</coordinates></LineString></Placemark>
<Placemark><name>42035263</name><styleUrl>#styleDaimonCIRCUITO166TRECHO</styleUrl><LineString><coordinates>-48.465626,-9.550747,0 -48.465614,-9.550724,0</coordinates></LineString></Placemark>
<Placemark><name>42035150</name><styleUrl>#styleDaimonCIRCUITO166TRECHO</styleUrl><LineString><coordinates>-48.469069,-9.556271,0 -48.468742,-9.555826,0</coordinates></LineString></Placemark>
<Placemark><name>42035271</name><styleUrl>#styleDaimonCIRCUITO166TRECHO</styleUrl><LineString><coordinates>-48.465614,-9.550724,0 -48.465380,-9.550274,0</coordinates></LineString></Placemark>
<Placemark><name>42035142</name><styleUrl>#styleDaimonCIRCUITO166TRECHO</styleUrl><LineString><coordinates>-48.469088,-9.556296,0 -48.469069,-9.556271,0</coordinates></LineString></Placemark>
<Placemark><name>42034541</name><styleUrl>#styleDaimonCIRCUITO166TRECHO</styleUrl><LineString><coordinates>-48.465380,-9.550274,0 -48.465094,-9.549725,0</coordinates></LineString></Placemark>
<Placemark><name>42035131</name><styleUrl>#styleDaimonCIRCUITO166TRECHO</styleUrl><LineString><coordinates>-48.469434,-9.556768,0 -48.469088,-9.556296,0</coordinates></LineString></Placemark>
<Placemark><name>42034550</name><styleUrl>#styleDaimonCIRCUITO166TRECHO</styleUrl><LineString><coordinates>-48.465094,-9.549725,0 -48.465070,-9.549698,0</coordinates></LineString></Placemark>
<Placemark><name>42034472</name><styleUrl>#styleDaimonCIRCUITO166TRECHO</styleUrl><LineString><coordinates>-48.469450,-9.556793,0 -48.469434,-9.556768,0</coordinates></LineString></Placemark>
<Placemark><name>42035281</name><styleUrl>#styleDaimonCIRCUITO166TRECHO</styleUrl><LineString><coordinates>-48.465070,-9.549698,0 -48.464878,-9.549358,0</coordinates></LineString></Placemark>
<Placemark><name>42034463</name><styleUrl>#styleDaimonCIRCUITO166TRECHO</styleUrl><LineString><coordinates>-48.469682,-9.557175,0 -48.469450,-9.556793,0</coordinates></LineString></Placemark>
<Placemark><name>42035291</name><styleUrl>#styleDaimonCIRCUITO166TRECHO</styleUrl><LineString><coordinates>-48.464878,-9.549358,0 -48.464583,-9.548836,0</coordinates></LineString></Placemark>
<Placemark><name>42035121</name><styleUrl>#styleDaimonCIRCUITO166TRECHO</styleUrl><LineString><coordinates>-48.470042,-9.557768,0 -48.469682,-9.557175,0</coordinates></LineString></Placemark>
<Placemark><name>42035301</name><styleUrl>#styleDaimonCIRCUITO166TRECHO</styleUrl><LineString><coordinates>-48.464583,-9.548836,0 -48.464293,-9.548325,0</coordinates></LineString></Placemark>
<Placemark><name>42034455</name><styleUrl>#styleDaimonCIRCUITO166TRECHO</styleUrl><LineString><coordinates>-48.470052,-9.557793,0 -48.470042,-9.557768,0</coordinates></LineString></Placemark>
<Placemark><name>42034558</name><styleUrl>#styleDaimonCIRCUITO166TRECHO</styleUrl><LineString><coordinates>-48.464293,-9.548325,0 -48.464003,-9.547813,0</coordinates></LineString></Placemark>
<Placemark><name>42034445</name><styleUrl>#styleDaimonCIRCUITO166TRECHO</styleUrl><LineString><coordinates>-48.470385,-9.558567,0 -48.470052,-9.557793,0</coordinates></LineString></Placemark>
<Placemark><name>42034567</name><styleUrl>#styleDaimonCIRCUITO166TRECHO</styleUrl><LineString><coordinates>-48.464003,-9.547813,0 -48.463983,-9.547792,0</coordinates></LineString></Placemark>
<Placemark><name>42034437</name><styleUrl>#styleDaimonCIRCUITO166TRECHO</styleUrl><LineString><coordinates>-48.470393,-9.558593,0 -48.470385,-9.558567,0</coordinates></LineString></Placemark>
<Placemark><name>42034585</name><styleUrl>#styleDaimonCIRCUITO166TRECHO</styleUrl><LineString><coordinates>-48.463983,-9.547792,0 -48.463699,-9.547262,0</coordinates></LineString></Placemark>
<Placemark><name>42034427</name><styleUrl>#styleDaimonCIRCUITO166TRECHO</styleUrl><LineString><coordinates>-48.470562,-9.559130,0 -48.470393,-9.558593,0</coordinates></LineString></Placemark>
<Placemark><name>42034575</name><styleUrl>#styleDaimonCIRCUITO166TRECHO</styleUrl><LineString><coordinates>-48.463699,-9.547262,0 -48.463536,-9.546900,0</coordinates></LineString></Placemark>
<Placemark><name>42034419</name><styleUrl>#styleDaimonCIRCUITO166TRECHO</styleUrl><LineString><coordinates>-48.470566,-9.559156,0 -48.470562,-9.559130,0</coordinates></LineString></Placemark>
<Placemark><name>42034593</name><styleUrl>#styleDaimonCIRCUITO166TRECHO</styleUrl><LineString><coordinates>-48.463536,-9.546900,0 -48.463517,-9.546877,0</coordinates></LineString></Placemark>
<Placemark><name>42034409</name><styleUrl>#styleDaimonCIRCUITO166TRECHO</styleUrl><LineString><coordinates>-48.470697,-9.559711,0 -48.470566,-9.559156,0</coordinates></LineString></Placemark>
<Placemark><name>42035311</name><styleUrl>#styleDaimonCIRCUITO166TRECHO</styleUrl><LineString><coordinates>-48.463517,-9.546877,0 -48.463240,-9.546390,0</coordinates></LineString></Placemark>
<Placemark><name>42034391</name><styleUrl>#styleDaimonCIRCUITO166TRECHO</styleUrl><LineString><coordinates>-48.470745,-9.560199,0 -48.470697,-9.559711,0</coordinates></LineString></Placemark>
<Placemark><name>42035321</name><styleUrl>#styleDaimonCIRCUITO166TRECHO</styleUrl><LineString><coordinates>-48.463240,-9.546390,0 -48.462970,-9.545914,0</coordinates></LineString></Placemark>
<Placemark><name>42035110</name><styleUrl>#styleDaimonCIRCUITO166TRECHO</styleUrl><LineString><coordinates>-48.470803,-9.560800,0 -48.470745,-9.560199,0</coordinates></LineString></Placemark>
<Placemark><name>42034601</name><styleUrl>#styleDaimonCIRCUITO166TRECHO</styleUrl><LineString><coordinates>-48.462970,-9.545914,0 -48.462701,-9.545437,0</coordinates></LineString></Placemark>
<Placemark><name>42035100</name><styleUrl>#styleDaimonCIRCUITO166TRECHO</styleUrl><LineString><coordinates>-48.470857,-9.561363,0 -48.470803,-9.560800,0</coordinates></LineString></Placemark>
<Placemark><name>42034610</name><styleUrl>#styleDaimonCIRCUITO166TRECHO</styleUrl><LineString><coordinates>-48.462701,-9.545437,0 -48.462679,-9.545414,0</coordinates></LineString></Placemark>
<Placemark><name>42034383</name><styleUrl>#styleDaimonCIRCUITO166TRECHO</styleUrl><LineString><coordinates>-48.470862,-9.561387,0 -48.470857,-9.561363,0</coordinates></LineString></Placemark>
<Placemark><name>42035331</name><styleUrl>#styleDaimonCIRCUITO166TRECHO</styleUrl><LineString><coordinates>-48.462679,-9.545414,0 -48.462372,-9.544955,0</coordinates></LineString></Placemark>
<Placemark><name>42034374</name><styleUrl>#styleDaimonCIRCUITO166TRECHO</styleUrl><LineString><coordinates>-48.471003,-9.562051,0 -48.470862,-9.561387,0</coordinates></LineString></Placemark>
<Placemark><name>42035341</name><styleUrl>#styleDaimonCIRCUITO166TRECHO</styleUrl><LineString><coordinates>-48.462372,-9.544955,0 -48.462080,-9.544520,0</coordinates></LineString></Placemark>
<Placemark><name>42034366</name><styleUrl>#styleDaimonCIRCUITO166TRECHO</styleUrl><LineString><coordinates>-48.471009,-9.562079,0 -48.471003,-9.562051,0</coordinates></LineString></Placemark>
<Placemark><name>42034618</name><styleUrl>#styleDaimonCIRCUITO166TRECHO</styleUrl><LineString><coordinates>-48.462080,-9.544520,0 -48.461782,-9.544075,0</coordinates></LineString></Placemark>
<Placemark><name>42034357</name><styleUrl>#styleDaimonCIRCUITO166TRECHO</styleUrl><LineString><coordinates>-48.471424,-9.561872,0 -48.471009,-9.562079,0</coordinates></LineString></Placemark>
<Placemark><name>42034627</name><styleUrl>#styleDaimonCIRCUITO166TRECHO</styleUrl><LineString><coordinates>-48.461782,-9.544075,0 -48.461761,-9.544049,0</coordinates></LineString></Placemark>
<Placemark><name>42035090</name><styleUrl>#styleDaimonCIRCUITO166TRECHO</styleUrl><LineString><coordinates>-48.471784,-9.561692,0 -48.471424,-9.561872,0</coordinates></LineString></Placemark>
<Placemark><name>42035351</name><styleUrl>#styleDaimonCIRCUITO166TRECHO</styleUrl><LineString><coordinates>-48.461761,-9.544049,0 -48.461405,-9.543619,0</coordinates></LineString></Placemark>
<Placemark><name>42035080</name><styleUrl>#styleDaimonCIRCUITO166TRECHO</styleUrl><LineString><coordinates>-48.472192,-9.561487,0 -48.471784,-9.561692,0</coordinates></LineString></Placemark>
<Placemark><name>42034635</name><styleUrl>#styleDaimonCIRCUITO166TRECHO</styleUrl><LineString><coordinates>-48.461405,-9.543619,0 -48.461032,-9.543167,0</coordinates></LineString></Placemark>
<Placemark><name>42035070</name><styleUrl>#styleDaimonCIRCUITO166TRECHO</styleUrl><LineString><coordinates>-48.472548,-9.561309,0 -48.472192,-9.561487,0</coordinates></LineString></Placemark>
<Placemark><name>42034644</name><styleUrl>#styleDaimonCIRCUITO166TRECHO</styleUrl><LineString><coordinates>-48.461032,-9.543167,0 -48.461009,-9.543145,0</coordinates></LineString></Placemark>
<Placemark><name>42034349</name><styleUrl>#styleDaimonCIRCUITO166TRECHO</styleUrl><LineString><coordinates>-48.472573,-9.561308,0 -48.472548,-9.561309,0</coordinates></LineString></Placemark>
<Placemark><name>42035361</name><styleUrl>#styleDaimonCIRCUITO166TRECHO</styleUrl><LineString><coordinates>-48.461009,-9.543145,0 -48.460542,-9.542756,0</coordinates></LineString></Placemark>
<Placemark><name>42034340</name><styleUrl>#styleDaimonCIRCUITO166TRECHO</styleUrl><LineString><coordinates>-48.473388,-9.560916,0 -48.472573,-9.561308,0</coordinates></LineString></Placemark>
<Placemark><name>42035371</name><styleUrl>#styleDaimonCIRCUITO166TRECHO</styleUrl><LineString><coordinates>-48.460542,-9.542756,0 -48.460099,-9.542387,0</coordinates></LineString></Placemark>
<Placemark><name>42034332</name><styleUrl>#styleDaimonCIRCUITO166TRECHO</styleUrl><LineString><coordinates>-48.473413,-9.560916,0 -48.473388,-9.560916,0</coordinates></LineString></Placemark>
<Placemark><name>42035381</name><styleUrl>#styleDaimonCIRCUITO166TRECHO</styleUrl><LineString><coordinates>-48.460099,-9.542387,0 -48.459655,-9.542017,0</coordinates></LineString></Placemark>
<Placemark><name>42034323</name><styleUrl>#styleDaimonCIRCUITO166TRECHO</styleUrl><LineString><coordinates>-48.473885,-9.560701,0 -48.473413,-9.560916,0</coordinates></LineString></Placemark>
<Placemark><name>42034652</name><styleUrl>#styleDaimonCIRCUITO166TRECHO</styleUrl><LineString><coordinates>-48.459655,-9.542017,0 -48.459226,-9.541660,0</coordinates></LineString></Placemark>
<Placemark><name>42035060</name><styleUrl>#styleDaimonCIRCUITO166TRECHO</styleUrl><LineString><coordinates>-48.474389,-9.560472,0 -48.473885,-9.560701,0</coordinates></LineString></Placemark>
<Placemark><name>42034661</name><styleUrl>#styleDaimonCIRCUITO166TRECHO</styleUrl><LineString><coordinates>-48.459226,-9.541660,0 -48.459203,-9.541639,0</coordinates></LineString></Placemark>
<Placemark><name>42034315</name><styleUrl>#styleDaimonCIRCUITO166TRECHO</styleUrl><LineString><coordinates>-48.474416,-9.560471,0 -48.474389,-9.560472,0</coordinates></LineString></Placemark>
<Placemark><name>42035391</name><styleUrl>#styleDaimonCIRCUITO166TRECHO</styleUrl><LineString><coordinates>-48.459203,-9.541639,0 -48.458829,-9.541475,0</coordinates></LineString></Placemark>
<Placemark><name>42034297</name><styleUrl>#styleDaimonCIRCUITO166TRECHO</styleUrl><LineString><coordinates>-48.474754,-9.560308,0 -48.474416,-9.560471,0</coordinates></LineString></Placemark>
<Placemark><name>42034669</name><styleUrl>#styleDaimonCIRCUITO166TRECHO</styleUrl><LineString><coordinates>-48.458829,-9.541475,0 -48.458445,-9.541307,0</coordinates></LineString></Placemark>
<Placemark><name>42034307</name><styleUrl>#styleDaimonCIRCUITO166TRECHO</styleUrl><LineString><coordinates>-48.474968,-9.560218,0 -48.474754,-9.560308,0</coordinates></LineString></Placemark>
<Placemark><name>42034678</name><styleUrl>#styleDaimonCIRCUITO166TRECHO</styleUrl><LineString><coordinates>-48.458445,-9.541307,0 -48.458421,-9.541294,0</coordinates></LineString></Placemark>
<Placemark><name>39424110</name><styleUrl>#styleDaimonCIRCUITO166TRECHO</styleUrl><LineString><coordinates>-48.474968,-9.560218,0 -48.474956,-9.560207,0</coordinates></LineString></Placemark>
<Placemark><name>39424098</name><styleUrl>#styleDaimonCIRCUITO166TRECHO</styleUrl><LineString><coordinates>-48.475118,-9.560156,0 -48.474968,-9.560218,0</coordinates></LineString></Placemark>
<Placemark><name>42035401</name><styleUrl>#styleDaimonCIRCUITO166TRECHO</styleUrl><LineString><coordinates>-48.458421,-9.541294,0 -48.458118,-9.541086,0</coordinates></LineString></Placemark>
<Placemark><name>2746038</name><styleUrl>#styleDaimonCIRCUITO166TRECHO</styleUrl><LineString><coordinates>-48.474956,-9.560207,0 -48.474509,-9.559797,0</coordinates></LineString></Placemark>
<Placemark><name>42034289</name><styleUrl>#styleDaimonCIRCUITO166TRECHO</styleUrl><LineString><coordinates>-48.475142,-9.560156,0 -48.475118,-9.560156,0</coordinates></LineString></Placemark>
<Placemark><name>42035411</name><styleUrl>#styleDaimonCIRCUITO166TRECHO</styleUrl><LineString><coordinates>-48.458118,-9.541086,0 -48.457573,-9.540712,0</coordinates></LineString></Placemark>
<Placemark><name>42034280</name><styleUrl>#styleDaimonCIRCUITO166TRECHO</styleUrl><LineString><coordinates>-48.475714,-9.560031,0 -48.475142,-9.560156,0</coordinates></LineString></Placemark>
<Placemark><name>42035421</name><styleUrl>#styleDaimonCIRCUITO166TRECHO</styleUrl><LineString><coordinates>-48.457573,-9.540712,0 -48.457109,-9.540393,0</coordinates></LineString></Placemark>
<Placemark><name>42035050</name><styleUrl>#styleDaimonCIRCUITO166TRECHO</styleUrl><LineString><coordinates>-48.476320,-9.559900,0 -48.475714,-9.560031,0</coordinates></LineString></Placemark>
<Placemark><name>42035431</name><styleUrl>#styleDaimonCIRCUITO166TRECHO</styleUrl><LineString><coordinates>-48.457109,-9.540393,0 -48.456617,-9.540055,0</coordinates></LineString></Placemark>
<Placemark><name>42035040</name><styleUrl>#styleDaimonCIRCUITO166TRECHO</styleUrl><LineString><coordinates>-48.476924,-9.559769,0 -48.476320,-9.559900,0</coordinates></LineString></Placemark>
<Placemark><name>42035441</name><styleUrl>#styleDaimonCIRCUITO166TRECHO</styleUrl><LineString><coordinates>-48.456617,-9.540055,0 -48.456117,-9.539712,0</coordinates></LineString></Placemark>
<Placemark><name>42035030</name><styleUrl>#styleDaimonCIRCUITO166TRECHO</styleUrl><LineString><coordinates>-48.477526,-9.559638,0 -48.476924,-9.559769,0</coordinates></LineString></Placemark>
<Placemark><name>42034686</name><styleUrl>#styleDaimonCIRCUITO166TRECHO</styleUrl><LineString><coordinates>-48.456117,-9.539712,0 -48.455564,-9.539333,0</coordinates></LineString></Placemark>
<Placemark><name>42035020</name><styleUrl>#styleDaimonCIRCUITO166TRECHO</styleUrl><LineString><coordinates>-48.478159,-9.559501,0 -48.477526,-9.559638,0</coordinates></LineString></Placemark>
<Placemark><name>42035010</name><styleUrl>#styleDaimonCIRCUITO166TRECHO</styleUrl><LineString><coordinates>-48.478753,-9.559372,0 -48.478159,-9.559501,0</coordinates></LineString></Placemark>
<Placemark><name>42034272</name><styleUrl>#styleDaimonCIRCUITO166TRECHO</styleUrl><LineString><coordinates>-48.478777,-9.559374,0 -48.478753,-9.559372,0</coordinates></LineString></Placemark>
<Placemark><name>42034263</name><styleUrl>#styleDaimonCIRCUITO166TRECHO</styleUrl><LineString><coordinates>-48.479345,-9.559254,0 -48.478777,-9.559374,0</coordinates></LineString></Placemark>
<Placemark><name>42035000</name><styleUrl>#styleDaimonCIRCUITO166TRECHO</styleUrl><LineString><coordinates>-48.479953,-9.559127,0 -48.479345,-9.559254,0</coordinates></LineString></Placemark>
<Placemark><name>42034990</name><styleUrl>#styleDaimonCIRCUITO166TRECHO</styleUrl><LineString><coordinates>-48.480490,-9.559013,0 -48.479953,-9.559127,0</coordinates></LineString></Placemark>
<Placemark><name>42034980</name><styleUrl>#styleDaimonCIRCUITO166TRECHO</styleUrl><LineString><coordinates>-48.481020,-9.558902,0 -48.480490,-9.559013,0</coordinates></LineString></Placemark>
<Placemark><name>42034970</name><styleUrl>#styleDaimonCIRCUITO166TRECHO</styleUrl><LineString><coordinates>-48.481579,-9.558784,0 -48.481020,-9.558902,0</coordinates></LineString></Placemark>
<Placemark><name>42034255</name><styleUrl>#styleDaimonCIRCUITO166TRECHO</styleUrl><LineString><coordinates>-48.481604,-9.558786,0 -48.481579,-9.558784,0</coordinates></LineString></Placemark>
<Placemark><name>42034246</name><styleUrl>#styleDaimonCIRCUITO166TRECHO</styleUrl><LineString><coordinates>-48.482036,-9.558688,0 -48.481604,-9.558786,0</coordinates></LineString></Placemark>
<Placemark><name>42034960</name><styleUrl>#styleDaimonCIRCUITO166TRECHO</styleUrl><LineString><coordinates>-48.482611,-9.558558,0 -48.482036,-9.558688,0</coordinates></LineString></Placemark>
<Placemark><name>42034950</name><styleUrl>#styleDaimonCIRCUITO166TRECHO</styleUrl><LineString><coordinates>-48.483156,-9.558434,0 -48.482611,-9.558558,0</coordinates></LineString></Placemark>
<Placemark><name>42034940</name><styleUrl>#styleDaimonCIRCUITO166TRECHO</styleUrl><LineString><coordinates>-48.483739,-9.558302,0 -48.483156,-9.558434,0</coordinates></LineString></Placemark>
<Placemark><name>42034930</name><styleUrl>#styleDaimonCIRCUITO166TRECHO</styleUrl><LineString><coordinates>-48.484382,-9.558156,0 -48.483739,-9.558302,0</coordinates></LineString></Placemark>
<Placemark><name>42034920</name><styleUrl>#styleDaimonCIRCUITO166TRECHO</styleUrl><LineString><coordinates>-48.484974,-9.558022,0 -48.484382,-9.558156,0</coordinates></LineString></Placemark>
<Placemark><name>42034912</name><styleUrl>#styleDaimonCIRCUITO166TRECHO</styleUrl><LineString><coordinates>-48.485000,-9.558017,0 -48.484974,-9.558022,0</coordinates></LineString></Placemark>
<Placemark><name>42034901</name><styleUrl>#styleDaimonCIRCUITO166TRECHO</styleUrl><LineString><coordinates>-48.485530,-9.557897,0 -48.485000,-9.558017,0</coordinates></LineString></Placemark>
<Placemark><name>42034891</name><styleUrl>#styleDaimonCIRCUITO166TRECHO</styleUrl><LineString><coordinates>-48.486128,-9.557761,0 -48.485530,-9.557897,0</coordinates></LineString></Placemark>
<Placemark><name>42034881</name><styleUrl>#styleDaimonCIRCUITO166TRECHO</styleUrl><LineString><coordinates>-48.486653,-9.557642,0 -48.486128,-9.557761,0</coordinates></LineString></Placemark>
<Placemark><name>42034871</name><styleUrl>#styleDaimonCIRCUITO166TRECHO</styleUrl><LineString><coordinates>-48.487201,-9.557518,0 -48.486653,-9.557642,0</coordinates></LineString></Placemark>
<Placemark><name>42034861</name><styleUrl>#styleDaimonCIRCUITO166TRECHO</styleUrl><LineString><coordinates>-48.487659,-9.557413,0 -48.487201,-9.557518,0</coordinates></LineString></Placemark>
<Placemark><name>42034238</name><styleUrl>#styleDaimonCIRCUITO166TRECHO</styleUrl><LineString><coordinates>-48.487683,-9.557415,0 -48.487659,-9.557413,0</coordinates></LineString></Placemark>
<Placemark><name>42034204</name><styleUrl>#styleDaimonCIRCUITO166TRECHO</styleUrl><LineString><coordinates>-48.488219,-9.557333,0 -48.487683,-9.557415,0</coordinates></LineString></Placemark>
<Placemark><name>42034851</name><styleUrl>#styleDaimonCIRCUITO166TRECHO</styleUrl><LineString><coordinates>-48.488651,-9.557267,0 -48.488219,-9.557333,0</coordinates></LineString></Placemark>
<Placemark><name>42034841</name><styleUrl>#styleDaimonCIRCUITO166TRECHO</styleUrl><LineString><coordinates>-48.489137,-9.557193,0 -48.488651,-9.557267,0</coordinates></LineString></Placemark>
<Placemark><name>42034824</name><styleUrl>#styleDaimonCIRCUITO166TRECHO</styleUrl><LineString><coordinates>-48.489597,-9.557123,0 -48.489137,-9.557193,0</coordinates></LineString></Placemark>
<Placemark><name>42035451</name><styleUrl>#styleDaimonCIRCUITO166TRECHO</styleUrl><LineString><coordinates>-48.455614,-9.539367,0 -48.455146,-9.539042,0</coordinates></LineString></Placemark>
<Placemark><name>42034695</name><styleUrl>#styleDaimonCIRCUITO166TRECHO</styleUrl><LineString><coordinates>-48.455146,-9.539042,0 -48.454842,-9.538831,0</coordinates></LineString></Placemark>
<Placemark><name>42034703</name><styleUrl>#styleDaimonCIRCUITO166TRECHO</styleUrl><LineString><coordinates>-48.454842,-9.538831,0 -48.454817,-9.538815,0</coordinates></LineString></Placemark>
<Placemark><name>42034721</name><styleUrl>#styleDaimonCIRCUITO166TRECHO</styleUrl><LineString><coordinates>-48.454817,-9.538815,0 -48.454417,-9.538506,0</coordinates></LineString></Placemark>
<Placemark><name>42034757</name><styleUrl>#styleDaimonCIRCUITO166TRECHO</styleUrl><LineString><coordinates>-48.466802,-9.552933,0 -48.466896,-9.552903,0</coordinates></LineString></Placemark>
<Placemark><name>42034753</name><styleUrl>#styleDaimonCIRCUITO166TRECHO</styleUrl><LineString><coordinates>-48.463722,-9.547245,0 -48.463930,-9.547088,0</coordinates></LineString></Placemark>
<Placemark><name>39619522</name><styleUrl>#styleDaimonCIRCUITO166TRECHO</styleUrl><LineString><coordinates>-48.474770,-9.560360,0 -48.474905,-9.560817,0</coordinates></LineString></Placemark>
<Placemark><name>3396504</name><styleUrl>#styleDaimonCIRCUITO166TRECHO</styleUrl><LineString><coordinates>-48.473109,-9.559807,0 -48.472211,-9.559810,0</coordinates></LineString></Placemark>
<Placemark><name>3396503</name><styleUrl>#styleDaimonCIRCUITO166TRECHO</styleUrl><LineString><coordinates>-48.474369,-9.559798,0 -48.473109,-9.559807,0</coordinates></LineString></Placemark>
<Placemark><name>42035483</name><styleUrl>#styleDaimonCIRCUITO166TRECHO</styleUrl><LineString><coordinates>-48.453600,-9.537948,0 -48.453578,-9.537932,0</coordinates></LineString></Placemark>
<Placemark><name>42035491</name><styleUrl>#styleDaimonCIRCUITO166TRECHO</styleUrl><LineString><coordinates>-48.453578,-9.537932,0 -48.453167,-9.537652,0</coordinates></LineString></Placemark>
<Placemark><name>42035472</name><styleUrl>#styleDaimonCIRCUITO166TRECHO</styleUrl><LineString><coordinates>-48.453985,-9.538211,0 -48.453600,-9.537948,0</coordinates></LineString></Placemark>
<Placemark><name>42034711</name><styleUrl>#styleDaimonCIRCUITO166TRECHO</styleUrl><LineString><coordinates>-48.453167,-9.537652,0 -48.452723,-9.537349,0</coordinates></LineString></Placemark>
<Placemark><name>42035462</name><styleUrl>#styleDaimonCIRCUITO166TRECHO</styleUrl><LineString><coordinates>-48.454374,-9.538477,0 -48.453985,-9.538211,0</coordinates></LineString></Placemark>
<Placemark><name>42034729</name><styleUrl>#styleDaimonCIRCUITO166TRECHO</styleUrl><LineString><coordinates>-48.452723,-9.537349,0 -48.452701,-9.537328,0</coordinates></LineString></Placemark>
<Placemark><name>42035501</name><styleUrl>#styleDaimonCIRCUITO166TRECHO</styleUrl><LineString><coordinates>-48.452701,-9.537328,0 -48.452250,-9.536939,0</coordinates></LineString></Placemark>
<Placemark><name>42034737</name><styleUrl>#styleDaimonCIRCUITO166TRECHO</styleUrl><LineString><coordinates>-48.452250,-9.536939,0 -48.451796,-9.536547,0</coordinates></LineString></Placemark>
<Placemark><name>2746039</name><styleUrl>#styleDaimonCIRCUITO166TRECHO</styleUrl><LineString><coordinates>-48.472119,-9.559823,0 -48.471288,-9.559935,0</coordinates></LineString></Placemark>
<Placemark><name>49544338</name><styleUrl>#styleDaimonCIRCUITO166TRECHO</styleUrl><LineString><coordinates>-48.451597,-9.536364,0 -48.451531,-9.536425,0</coordinates></LineString></Placemark>
<Placemark><name>49544337</name><styleUrl>#styleDaimonCIRCUITO166TRECHO</styleUrl><LineString><coordinates>-48.451531,-9.536425,0 -48.451463,-9.536485,0</coordinates></LineString></Placemark>
<Placemark><name>49544339</name><styleUrl>#styleDaimonCIRCUITO166TRECHO</styleUrl><LineString><coordinates>-48.451665,-9.536424,0 -48.451597,-9.536364,0</coordinates></LineString></Placemark>
<Placemark><name>42034746</name><styleUrl>#styleDaimonCIRCUITO166TRECHO</styleUrl><LineString><coordinates>-48.451733,-9.536485,0 -48.451665,-9.536424,0</coordinates></LineString></Placemark>
<Placemark><name>34107190</name><styleUrl>#styleDaimonCIRCUITO166TRECHO</styleUrl><LineString><coordinates>-48.451733,-9.536485,0 -48.451626,-9.536613,0</coordinates></LineString></Placemark>
<Placemark><name>33241377</name><styleUrl>#styleDaimonCIRCUITO166TRECHO</styleUrl><LineString><coordinates>-48.451733,-9.536485,0 -48.451726,-9.536616,0</coordinates></LineString></Placemark>
<Placemark><name>49544336</name><styleUrl>#styleDaimonCIRCUITO166TRECHO</styleUrl><LineString><coordinates>-48.451790,-9.536541,0 -48.451733,-9.536485,0</coordinates></LineString></Placemark>
<Placemark><name>34105833</name><styleUrl>#styleDaimonCIRCUITO166TRECHO</styleUrl><LineString><coordinates>-48.451733,-9.536485,0 -48.451579,-9.536588,0</coordinates></LineString></Placemark>
<Placemark><name>33241939</name><styleUrl>#styleDaimonCIRCUITO166TRECHO</styleUrl><LineString><coordinates>-48.451733,-9.536485,0 -48.451674,-9.536606,0</coordinates></LineString></Placemark>
<Placemark><name>33241744</name><styleUrl>#styleDaimonCIRCUITO166TRECHO</styleUrl><LineString><coordinates>-48.451733,-9.536485,0 -48.451695,-9.536612,0</coordinates></LineString></Placemark>
<Placemark><name>Suporte Chave DJ_LD04050008_FICT</name><styleUrl>#styleDaimonCIRCUITO166TRECHO</styleUrl><LineString><coordinates>-48.586022,-9.532632,0 -48.586342,-9.533282,0</coordinates></LineString></Placemark>
<Placemark><name>Suporte Chave 8822535008</name><styleUrl>#styleDaimonCIRCUITO166TRECHO</styleUrl><LineString><coordinates>-48.586352,-9.533326,0 -48.586343,-9.533330,0</coordinates></LineString></Placemark>
<Placemark><name>Suporte Chave 8828985008</name><styleUrl>#styleDaimonCIRCUITO166TRECHO</styleUrl><LineString><coordinates>-48.562536,-9.532710,0 -48.562475,-9.532722,0</coordinates></LineString></Placemark>
<Placemark><name>Suporte Chave 8861088007</name><styleUrl>#styleDaimonCIRCUITO166TRECHO</styleUrl><LineString><coordinates>-48.540355,-9.539523,0 -48.540287,-9.539524,0</coordinates></LineString></Placemark>
<Placemark><name>Suporte Chave 8825850007</name><styleUrl>#styleDaimonCIRCUITO166TRECHO</styleUrl><LineString><coordinates>-48.540476,-9.542327,0 -48.540475,-9.542334,0</coordinates></LineString></Placemark>
<Placemark><name>Suporte Chave 8861089007</name><styleUrl>#styleDaimonCIRCUITO166TRECHO</styleUrl><LineString><coordinates>-48.537774,-9.539961,0 -48.537709,-9.539975,0</coordinates></LineString></Placemark>
<Placemark><name>Suporte Chave 8861090007</name><styleUrl>#styleDaimonCIRCUITO166TRECHO</styleUrl><LineString><coordinates>-48.524262,-9.544013,0 -48.524161,-9.544044,0</coordinates></LineString></Placemark>
<Placemark><name>Suporte Chave 8861091007</name><styleUrl>#styleDaimonCIRCUITO166TRECHO</styleUrl><LineString><coordinates>-48.521169,-9.544886,0 -48.521109,-9.544902,0</coordinates></LineString></Placemark>
<Placemark><name>Suporte Chave 036109200</name><styleUrl>#styleDaimonCIRCUITO166TRECHO</styleUrl><LineString><coordinates>-48.491977,-9.556251,0 -48.491958,-9.556241,0</coordinates></LineString></Placemark>
<Placemark><name>Suporte Chave 0362044007</name><styleUrl>#styleDaimonCIRCUITO166TRECHO</styleUrl><LineString><coordinates>-48.490633,-9.556023,0 -48.490639,-9.556038,0</coordinates></LineString></Placemark>
<Placemark><name>Suporte Chave 8861067007</name><styleUrl>#styleDaimonCIRCUITO166TRECHO</styleUrl><LineString><coordinates>-48.489647,-9.557115,0 -48.489597,-9.557123,0</coordinates></LineString></Placemark>
<Placemark><name>Suporte Chave 8861075007</name><styleUrl>#styleDaimonCIRCUITO166TRECHO</styleUrl><LineString><coordinates>-48.455564,-9.539333,0 -48.455614,-9.539367,0</coordinates></LineString></Placemark>
<Placemark><name>Suporte Chave 3361069007</name><styleUrl>#styleDaimonCIRCUITO166TRECHO</styleUrl><LineString><coordinates>-48.466791,-9.552935,0 -48.466802,-9.552933,0</coordinates></LineString></Placemark>
<Placemark><name>Suporte Chave 3361076007</name><styleUrl>#styleDaimonCIRCUITO166TRECHO</styleUrl><LineString><coordinates>-48.463699,-9.547262,0 -48.463722,-9.547245,0</coordinates></LineString></Placemark>
<Placemark><name>Suporte Chave 8861068007</name><styleUrl>#styleDaimonCIRCUITO166TRECHO</styleUrl><LineString><coordinates>-48.474754,-9.560308,0 -48.474770,-9.560360,0</coordinates></LineString></Placemark>
<Placemark><name>Suporte Chave 0351245007</name><styleUrl>#styleDaimonCIRCUITO166TRECHO</styleUrl><LineString><coordinates>-48.474509,-9.559797,0 -48.474369,-9.559798,0</coordinates></LineString></Placemark>
<Placemark><name>Suporte Chave 8861066007</name><styleUrl>#styleDaimonCIRCUITO166TRECHO</styleUrl><LineString><coordinates>-48.454417,-9.538506,0 -48.454374,-9.538477,0</coordinates></LineString></Placemark>
<Placemark><name>Suporte Chave 0301309007</name><styleUrl>#styleDaimonCIRCUITO166TRECHO</styleUrl><LineString><coordinates>-48.472211,-9.559810,0 -48.472119,-9.559823,0</coordinates></LineString></Placemark>
<Placemark><name>Suporte Chave 8861077007</name><styleUrl>#styleDaimonCIRCUITO166TRECHO</styleUrl><LineString><coordinates>-48.451796,-9.536547,0 -48.451790,-9.536541,0</coordinates></LineString></Placemark>
</Folder>
<Folder>
<name>RedeBT</name>
</Folder>
</Folder>
</Document>
</kml>