<?xml version="1.0" encoding="UTF-8"?>
<kml xmlns="http://www.opengis.net/kml/2.2" xmlns:gx="http://www.google.com/kml/ext/2.2" xmlns:kml="http://www.opengis.net/kml/2.2" xmlns:atom="http://www.w3.org/2005/Atom">
<Document>
<open>1</open>
<Style id="styleDaimonBarra0"><IconStyle><scale>1.00</scale><Icon><href>http://maps.google.com/mapfiles/kml/paddle/wht-blank.png</href></Icon><hotSpot x="32" y="1" xunits="pixels" yunits="pixels"/></IconStyle><LabelStyle><color>ffffffff</color><colorMode>normal</colorMode><scale>1.00</scale></LabelStyle><ListStyle><ItemIcon><href>http://maps.google.com/mapfiles/kml/paddle/wht-blank.png</href></ItemIcon></ListStyle></Style>
<Style id="styleDaimonBarra1"><IconStyle><scale>1.00</scale><Icon><href>http://maps.google.com/mapfiles/kml/paddle/wht-blank.png</href></Icon><hotSpot x="32" y="1" xunits="pixels" yunits="pixels"/></IconStyle><LabelStyle><color>ffffffff</color><colorMode>normal</colorMode><scale>1.00</scale></LabelStyle><ListStyle><ItemIcon><href>http://maps.google.com/mapfiles/kml/paddle/wht-blank.png</href></ItemIcon></ListStyle></Style>
<StyleMap id="mapDaimonBarra"><Pair><key>normal</key><styleUrl>#styleDaimonBarra0</styleUrl></Pair><Pair><key>highlight</key><styleUrl>#styleDaimonBarra1</styleUrl></Pair></StyleMap>
<Style id="styleDaimonBarraBT0"><IconStyle><scale>1.00</scale><Icon><href>http://maps.google.com/mapfiles/kml/paddle/wht-blank.png</href></Icon><hotSpot x="32" y="1" xunits="pixels" yunits="pixels"/></IconStyle><LabelStyle><color>ffffffff</color><colorMode>normal</colorMode><scale>1.00</scale></LabelStyle><ListStyle><ItemIcon><href>http://maps.google.com/mapfiles/kml/paddle/wht-blank.png</href></ItemIcon></ListStyle></Style>
<Style id="styleDaimonBarraBT1"><IconStyle><scale>1.00</scale><Icon><href>http://maps.google.com/mapfiles/kml/paddle/wht-blank.png</href></Icon><hotSpot x="32" y="1" xunits="pixels" yunits="pixels"/></IconStyle><LabelStyle><color>ffffffff</color><colorMode>normal</colorMode><scale>1.00</scale></LabelStyle><ListStyle><ItemIcon><href>http://maps.google.com/mapfiles/kml/paddle/wht-blank.png</href></ItemIcon></ListStyle></Style>
<StyleMap id="mapDaimonBarraBT"><Pair><key>normal</key><styleUrl>#styleDaimonBarraBT0</styleUrl></Pair><Pair><key>highlight</key><styleUrl>#styleDaimonBarraBT1</styleUrl></Pair></StyleMap>
<Style id="styleDaimonCapacitor0"><IconStyle><scale>1.00</scale><Icon><href>http://maps.google.com/mapfiles/kml/paddle/purple-blank.png</href></Icon><hotSpot x="32" y="1" xunits="pixels" yunits="pixels"/></IconStyle><LabelStyle><color>ffffffff</color><colorMode>normal</colorMode><scale>1.00</scale></LabelStyle><ListStyle><ItemIcon><href>http://maps.google.com/mapfiles/kml/paddle/purple-blank.png</href></ItemIcon></ListStyle></Style>
<Style id="styleDaimonCapacitor1"><IconStyle><scale>1.00</scale><Icon><href>http://maps.google.com/mapfiles/kml/paddle/purple-blank.png</href></Icon><hotSpot x="32" y="1" xunits="pixels" yunits="pixels"/></IconStyle><LabelStyle><color>ffffffff</color><colorMode>normal</colorMode><scale>1.00</scale></LabelStyle><ListStyle><ItemIcon><href>http://maps.google.com/mapfiles/kml/paddle/purple-blank.png</href></ItemIcon></ListStyle></Style>
<StyleMap id="mapDaimonCapacitor"><Pair><key>normal</key><styleUrl>#styleDaimonCapacitor0</styleUrl></Pair><Pair><key>highlight</key><styleUrl>#styleDaimonCapacitor1</styleUrl></Pair></StyleMap>
<Style id="styleDaimonCapacitorBT0"><IconStyle><scale>1.00</scale><Icon><href>http://maps.google.com/mapfiles/kml/paddle/purple-blank.png</href></Icon><hotSpot x="32" y="1" xunits="pixels" yunits="pixels"/></IconStyle><LabelStyle><color>ffffffff</color><colorMode>normal</colorMode><scale>1.00</scale></LabelStyle><ListStyle><ItemIcon><href>http://maps.google.com/mapfiles/kml/paddle/purple-blank.png</href></ItemIcon></ListStyle></Style>
<Style id="styleDaimonCapacitorBT1"><IconStyle><scale>1.00</scale><Icon><href>http://maps.google.com/mapfiles/kml/paddle/purple-blank.png</href></Icon><hotSpot x="32" y="1" xunits="pixels" yunits="pixels"/></IconStyle><LabelStyle><color>ffffffff</color><colorMode>normal</colorMode><scale>1.00</scale></LabelStyle><ListStyle><ItemIcon><href>http://maps.google.com/mapfiles/kml/paddle/purple-blank.png</href></ItemIcon></ListStyle></Style>
<StyleMap id="mapDaimonCapacitorBT"><Pair><key>normal</key><styleUrl>#styleDaimonCapacitorBT0</styleUrl></Pair><Pair><key>highlight</key><styleUrl>#styleDaimonCapacitorBT1</styleUrl></Pair></StyleMap>
<Style id="styleDaimonCapacitorSerie0"><IconStyle><scale>0.60</scale><Icon><href>http://maps.google.com/mapfiles/kml/paddle/purple-blank.png</href></Icon><hotSpot x="32" y="1" xunits="pixels" yunits="pixels"/></IconStyle><LabelStyle><color>ff00ffff</color><colorMode>normal</colorMode><scale>0.60</scale></LabelStyle><ListStyle><ItemIcon><href>http://maps.google.com/mapfiles/kml/paddle/purple-blank.png</href></ItemIcon></ListStyle></Style>
<Style id="styleDaimonCapacitorSerie1"><IconStyle><scale>0.60</scale><Icon><href>http://maps.google.com/mapfiles/kml/paddle/purple-blank.png</href></Icon><hotSpot x="32" y="1" xunits="pixels" yunits="pixels"/></IconStyle><LabelStyle><color>ff00ffff</color><colorMode>normal</colorMode><scale>0.60</scale></LabelStyle><ListStyle><ItemIcon><href>http://maps.google.com/mapfiles/kml/paddle/purple-blank.png</href></ItemIcon></ListStyle></Style>
<StyleMap id="mapDaimonCapacitorSerie"><Pair><key>normal</key><styleUrl>#styleDaimonCapacitorSerie0</styleUrl></Pair><Pair><key>highlight</key><styleUrl>#styleDaimonCapacitorSerie1</styleUrl></Pair></StyleMap>
<Style id="styleDaimonChave0"><IconStyle><scale>0.60</scale><Icon><href>http://maps.google.com/mapfiles/kml/paddle/red-circle.png</href></Icon><hotSpot x="32" y="1" xunits="pixels" yunits="pixels"/></IconStyle><LabelStyle><color>ff0000ff</color><colorMode>normal</colorMode><scale>0.60</scale></LabelStyle><ListStyle><ItemIcon><href>http://maps.google.com/mapfiles/kml/paddle/red-circle.png</href></ItemIcon></ListStyle></Style>
<Style id="styleDaimonChave1"><IconStyle><scale>0.60</scale><Icon><href>http://maps.google.com/mapfiles/kml/paddle/red-circle.png</href></Icon><hotSpot x="32" y="1" xunits="pixels" yunits="pixels"/></IconStyle><LabelStyle><color>ff0000ff</color><colorMode>normal</colorMode><scale>0.60</scale></LabelStyle><ListStyle><ItemIcon><href>http://maps.google.com/mapfiles/kml/paddle/red-circle.png</href></ItemIcon></ListStyle></Style>
<StyleMap id="mapDaimonChave"><Pair><key>normal</key><styleUrl>#styleDaimonChave0</styleUrl></Pair><Pair><key>highlight</key><styleUrl>#styleDaimonChave1</styleUrl></Pair></StyleMap>
<Style id="styleDaimonEP0"><IconStyle><scale>0.80</scale><Icon><href>http://maps.google.com/mapfiles/kml/paddle/ylw-circle.png</href></Icon><hotSpot x="32" y="1" xunits="pixels" yunits="pixels"/></IconStyle><LabelStyle><color>ff00ffff</color><colorMode>normal</colorMode><scale>0.80</scale></LabelStyle><ListStyle><ItemIcon><href>http://maps.google.com/mapfiles/kml/paddle/ylw-circle.png</href></ItemIcon></ListStyle></Style>
<Style id="styleDaimonEP1"><IconStyle><scale>0.80</scale><Icon><href>http://maps.google.com/mapfiles/kml/paddle/ylw-circle.png</href></Icon><hotSpot x="32" y="1" xunits="pixels" yunits="pixels"/></IconStyle><LabelStyle><color>ff00ffff</color><colorMode>normal</colorMode><scale>0.80</scale></LabelStyle><ListStyle><ItemIcon><href>http://maps.google.com/mapfiles/kml/paddle/ylw-circle.png</href></ItemIcon></ListStyle></Style>
<StyleMap id="mapDaimonEP"><Pair><key>normal</key><styleUrl>#styleDaimonEP0</styleUrl></Pair><Pair><key>highlight</key><styleUrl>#styleDaimonEP1</styleUrl></Pair></StyleMap>
<Style id="styleDaimonET0"><IconStyle><scale>0.80</scale><Icon><href>http://maps.google.com/mapfiles/kml/paddle/blu-blank.png</href></Icon><hotSpot x="32" y="1" xunits="pixels" yunits="pixels"/></IconStyle><LabelStyle><color>ffffff00</color><colorMode>normal</colorMode><scale>0.80</scale></LabelStyle><ListStyle><ItemIcon><href>http://maps.google.com/mapfiles/kml/paddle/blu-blank.png</href></ItemIcon></ListStyle></Style>
<Style id="styleDaimonET1"><IconStyle><scale>0.80</scale><Icon><href>http://maps.google.com/mapfiles/kml/paddle/blu-blank.png</href></Icon><hotSpot x="32" y="1" xunits="pixels" yunits="pixels"/></IconStyle><LabelStyle><color>ffffff00</color><colorMode>normal</colorMode><scale>0.80</scale></LabelStyle><ListStyle><ItemIcon><href>http://maps.google.com/mapfiles/kml/paddle/blu-blank.png</href></ItemIcon></ListStyle></Style>
<StyleMap id="mapDaimonET"><Pair><key>normal</key><styleUrl>#styleDaimonET0</styleUrl></Pair><Pair><key>highlight</key><styleUrl>#styleDaimonET1</styleUrl></Pair></StyleMap>
<Style id="styleDaimonGerador0"><IconStyle><scale>1.00</scale><Icon><href>http://maps.google.com/mapfiles/kml/paddle/orange-diamond.png</href></Icon><hotSpot x="32" y="1" xunits="pixels" yunits="pixels"/></IconStyle><LabelStyle><color>ffffffff</color><colorMode>normal</colorMode><scale>1.00</scale></LabelStyle><ListStyle><ItemIcon><href>http://maps.google.com/mapfiles/kml/paddle/orange-diamond.png</href></ItemIcon></ListStyle></Style>
<Style id="styleDaimonGerador1"><IconStyle><scale>1.00</scale><Icon><href>http://maps.google.com/mapfiles/kml/paddle/orange-diamond.png</href></Icon><hotSpot x="32" y="1" xunits="pixels" yunits="pixels"/></IconStyle><LabelStyle><color>ffffffff</color><colorMode>normal</colorMode><scale>1.00</scale></LabelStyle><ListStyle><ItemIcon><href>http://maps.google.com/mapfiles/kml/paddle/orange-diamond.png</href></ItemIcon></ListStyle></Style>
<StyleMap id="mapDaimonGerador"><Pair><key>normal</key><styleUrl>#styleDaimonGerador0</styleUrl></Pair><Pair><key>highlight</key><styleUrl>#styleDaimonGerador1</styleUrl></Pair></StyleMap>
<Style id="styleDaimonReator0"><IconStyle><scale>1.00</scale><Icon><href>http://maps.google.com/mapfiles/kml/paddle/wht-square.png</href></Icon><hotSpot x="32" y="1" xunits="pixels" yunits="pixels"/></IconStyle><LabelStyle><color>ff00ffff</color><colorMode>normal</colorMode><scale>1.00</scale></LabelStyle><ListStyle><ItemIcon><href>http://maps.google.com/mapfiles/kml/paddle/wht-square.png</href></ItemIcon></ListStyle></Style>
<Style id="styleDaimonReator1"><IconStyle><scale>1.00</scale><Icon><href>http://maps.google.com/mapfiles/kml/paddle/wht-square.png</href></Icon><hotSpot x="32" y="1" xunits="pixels" yunits="pixels"/></IconStyle><LabelStyle><color>ff00ffff</color><colorMode>normal</colorMode><scale>1.00</scale></LabelStyle><ListStyle><ItemIcon><href>http://maps.google.com/mapfiles/kml/paddle/wht-square.png</href></ItemIcon></ListStyle></Style>
<StyleMap id="mapDaimonReator"><Pair><key>normal</key><styleUrl>#styleDaimonReator0</styleUrl></Pair><Pair><key>highlight</key><styleUrl>#styleDaimonReator1</styleUrl></Pair></StyleMap>
<Style id="styleDaimonRegulador0"><IconStyle><scale>1.00</scale><Icon><href>http://maps.google.com/mapfiles/kml/paddle/orange-diamond.png</href></Icon><hotSpot x="32" y="1" xunits="pixels" yunits="pixels"/></IconStyle><LabelStyle><color>ff00a5ff</color><colorMode>normal</colorMode><scale>1.00</scale></LabelStyle><ListStyle><ItemIcon><href>http://maps.google.com/mapfiles/kml/paddle/orange-diamond.png</href></ItemIcon></ListStyle></Style>
<Style id="styleDaimonRegulador1"><IconStyle><scale>1.00</scale><Icon><href>http://maps.google.com/mapfiles/kml/paddle/orange-diamond.png</href></Icon><hotSpot x="32" y="1" xunits="pixels" yunits="pixels"/></IconStyle><LabelStyle><color>ff00a5ff</color><colorMode>normal</colorMode><scale>1.00</scale></LabelStyle><ListStyle><ItemIcon><href>http://maps.google.com/mapfiles/kml/paddle/orange-diamond.png</href></ItemIcon></ListStyle></Style>
<StyleMap id="mapDaimonRegulador"><Pair><key>normal</key><styleUrl>#styleDaimonRegulador0</styleUrl></Pair><Pair><key>highlight</key><styleUrl>#styleDaimonRegulador1</styleUrl></Pair></StyleMap>
<Style id="styleDaimonTransformador0"><IconStyle><scale>1.00</scale><Icon><href>http://maps.google.com/mapfiles/kml/paddle/pink-circle.png</href></Icon><hotSpot x="32" y="1" xunits="pixels" yunits="pixels"/></IconStyle><LabelStyle><color>ffff00ff</color><colorMode>normal</colorMode><scale>1.00</scale></LabelStyle><ListStyle><ItemIcon><href>http://maps.google.com/mapfiles/kml/paddle/pink-circle.png</href></ItemIcon></ListStyle></Style>
<Style id="styleDaimonTransformador1"><IconStyle><scale>1.00</scale><Icon><href>http://maps.google.com/mapfiles/kml/paddle/pink-circle.png</href></Icon><hotSpot x="32" y="1" xunits="pixels" yunits="pixels"/></IconStyle><LabelStyle><color>ffff00ff</color><colorMode>normal</colorMode><scale>1.00</scale></LabelStyle><ListStyle><ItemIcon><href>http://maps.google.com/mapfiles/kml/paddle/pink-circle.png</href></ItemIcon></ListStyle></Style>
<StyleMap id="mapDaimonTransformador"><Pair><key>normal</key><styleUrl>#styleDaimonTransformador0</styleUrl></Pair><Pair><key>highlight</key><styleUrl>#styleDaimonTransformador1</styleUrl></Pair></StyleMap>
<Style id="styleDaimonTrecho"><LineStyle><color>ffffffff</color><width>1.00</width></LineStyle></Style>
<Style id="styleDaimonTrechoBT"><LineStyle><color>ffff0000</color><width>1.00</width></LineStyle></Style>
<Style id="styleDaimonChaveNA0"><IconStyle><scale>0.60</scale><Icon><href>http://maps.google.com/mapfiles/kml/paddle/grn-blank.png</href></Icon><hotSpot x="32" y="1" xunits="pixels" yunits="pixels"/></IconStyle><LabelStyle><color>ff00ff00</color><colorMode>normal</colorMode><scale>0.60</scale></LabelStyle><ListStyle><ItemIcon><href>http://maps.google.com/mapfiles/kml/paddle/grn-blank.png</href></ItemIcon></ListStyle></Style>
<Style id="styleDaimonChaveNA1"><IconStyle><scale>0.60</scale><Icon><href>http://maps.google.com/mapfiles/kml/paddle/grn-blank.png</href></Icon><hotSpot x="32" y="1" xunits="pixels" yunits="pixels"/></IconStyle><LabelStyle><color>ff00ff00</color><colorMode>normal</colorMode><scale>0.60</scale></LabelStyle><ListStyle><ItemIcon><href>http://maps.google.com/mapfiles/kml/paddle/grn-blank.png</href></ItemIcon></ListStyle></Style>
<StyleMap id="mapDaimonChaveNA"><Pair><key>normal</key><styleUrl>#styleDaimonChaveNA0</styleUrl></Pair><Pair><key>highlight</key><styleUrl>#styleDaimonChaveNA1</styleUrl></Pair></StyleMap>
<Style id="styleDaimonChaveSoco0"><IconStyle><scale>0.60</scale><Icon><href>http://maps.google.com/mapfiles/kml/paddle/grn-blank.png</href></Icon><hotSpot x="32" y="1" xunits="pixels" yunits="pixels"/></IconStyle><LabelStyle><color>ff00ff00</color><colorMode>normal</colorMode><scale>0.60</scale></LabelStyle><ListStyle><ItemIcon><href>http://maps.google.com/mapfiles/kml/paddle/grn-blank.png</href></ItemIcon></ListStyle></Style>
<Style id="styleDaimonChaveSoco1"><IconStyle><scale>0.60</scale><Icon><href>http://maps.google.com/mapfiles/kml/paddle/grn-blank.png</href></Icon><hotSpot x="32" y="1" xunits="pixels" yunits="pixels"/></IconStyle><LabelStyle><color>ff00ff00</color><colorMode>normal</colorMode><scale>0.60</scale></LabelStyle><ListStyle><ItemIcon><href>http://maps.google.com/mapfiles/kml/paddle/grn-blank.png</href></ItemIcon></ListStyle></Style>
<StyleMap id="mapDaimonChaveSoco"><Pair><key>normal</key><styleUrl>#styleDaimonChaveSoco0</styleUrl></Pair><Pair><key>highlight</key><styleUrl>#styleDaimonChaveSoco1</styleUrl></Pair></StyleMap>
<Style id="styleDaimonSE0"><IconStyle><scale>1.20</scale><Icon><href>http://maps.google.com/mapfiles/kml/paddle/wht-circle.png</href></Icon><hotSpot x="32" y="1" xunits="pixels" yunits="pixels"/></IconStyle><LabelStyle><color>ffffffff</color><colorMode>normal</colorMode><scale>1.20</scale></LabelStyle><ListStyle><ItemIcon><href>http://maps.google.com/mapfiles/kml/paddle/wht-circle.png</href></ItemIcon></ListStyle></Style>
<Style id="styleDaimonSE1"><IconStyle><scale>1.20</scale><Icon><href>http://maps.google.com/mapfiles/kml/paddle/wht-circle.png</href></Icon><hotSpot x="32" y="1" xunits="pixels" yunits="pixels"/></IconStyle><LabelStyle><color>ffffffff</color><colorMode>normal</colorMode><scale>1.20</scale></LabelStyle><ListStyle><ItemIcon><href>http://maps.google.com/mapfiles/kml/paddle/wht-circle.png</href></ItemIcon></ListStyle></Style>
<StyleMap id="mapDaimonSE"><Pair><key>normal</key><styleUrl>#styleDaimonSE0</styleUrl></Pair><Pair><key>highlight</key><styleUrl>#styleDaimonSE1</styleUrl></Pair></StyleMap>
<Style id="styleDaimonDiag_BOM"><LineStyle><color>ff80ff80</color><width>3.20</width></LineStyle></Style>
<Style id="styleDaimonDiag_REGULAR"><LineStyle><color>ff00ffff</color><width>3.20</width></LineStyle></Style>
<Style id="styleDaimonDiag_RUIM"><LineStyle><color>ff0000ff</color><width>3.20</width></LineStyle></Style>
<Style id="styleDaimonDiag_INDEF"><LineStyle><color>ff808080</color><width>3.20</width></LineStyle></Style>
<Style id="styleDaimonDiag_BARRA_BOM0"><IconStyle><scale>0.60</scale><Icon><href>http://maps.google.com/mapfiles/kml/paddle/grn-blank.png</href></Icon><hotSpot x="32" y="1" xunits="pixels" yunits="pixels"/></IconStyle><LabelStyle><color>ffffffff</color><colorMode>normal</colorMode><scale>0.60</scale></LabelStyle><ListStyle><ItemIcon><href>http://maps.google.com/mapfiles/kml/paddle/grn-blank.png</href></ItemIcon></ListStyle></Style>
<Style id="styleDaimonDiag_BARRA_BOM1"><IconStyle><scale>0.60</scale><Icon><href>http://maps.google.com/mapfiles/kml/paddle/grn-blank.png</href></Icon><hotSpot x="32" y="1" xunits="pixels" yunits="pixels"/></IconStyle><LabelStyle><color>ffffffff</color><colorMode>normal</colorMode><scale>0.60</scale></LabelStyle><ListStyle><ItemIcon><href>http://maps.google.com/mapfiles/kml/paddle/grn-blank.png</href></ItemIcon></ListStyle></Style>
<StyleMap id="mapDaimonDiag_BARRA_BOM"><Pair><key>normal</key><styleUrl>#styleDaimonDiag_BARRA_BOM0</styleUrl></Pair><Pair><key>highlight</key><styleUrl>#styleDaimonDiag_BARRA_BOM1</styleUrl></Pair></StyleMap>
<Style id="styleDaimonDiag_BARRA_REGULAR0"><IconStyle><scale>0.60</scale><Icon><href>http://maps.google.com/mapfiles/kml/paddle/ylw-blank.png</href></Icon><hotSpot x="32" y="1" xunits="pixels" yunits="pixels"/></IconStyle><LabelStyle><color>ffffffff</color><colorMode>normal</colorMode><scale>0.60</scale></LabelStyle><ListStyle><ItemIcon><href>http://maps.google.com/mapfiles/kml/paddle/ylw-blank.png</href></ItemIcon></ListStyle></Style>
<Style id="styleDaimonDiag_BARRA_REGULAR1"><IconStyle><scale>0.60</scale><Icon><href>http://maps.google.com/mapfiles/kml/paddle/ylw-blank.png</href></Icon><hotSpot x="32" y="1" xunits="pixels" yunits="pixels"/></IconStyle><LabelStyle><color>ffffffff</color><colorMode>normal</colorMode><scale>0.60</scale></LabelStyle><ListStyle><ItemIcon><href>http://maps.google.com/mapfiles/kml/paddle/ylw-blank.png</href></ItemIcon></ListStyle></Style>
<StyleMap id="mapDaimonDiag_BARRA_REGULAR"><Pair><key>normal</key><styleUrl>#styleDaimonDiag_BARRA_REGULAR0</styleUrl></Pair><Pair><key>highlight</key><styleUrl>#styleDaimonDiag_BARRA_REGULAR1</styleUrl></Pair></StyleMap>
<Style id="styleDaimonDiag_BARRA_RUIM0"><IconStyle><scale>0.60</scale><Icon><href>http://maps.google.com/mapfiles/kml/paddle/red-blank.png</href></Icon><hotSpot x="32" y="1" xunits="pixels" yunits="pixels"/></IconStyle><LabelStyle><color>ffffffff</color><colorMode>normal</colorMode><scale>0.60</scale></LabelStyle><ListStyle><ItemIcon><href>http://maps.google.com/mapfiles/kml/paddle/red-blank.png</href></ItemIcon></ListStyle></Style>
<Style id="styleDaimonDiag_BARRA_RUIM1"><IconStyle><scale>0.60</scale><Icon><href>http://maps.google.com/mapfiles/kml/paddle/red-blank.png</href></Icon><hotSpot x="32" y="1" xunits="pixels" yunits="pixels"/></IconStyle><LabelStyle><color>ffffffff</color><colorMode>normal</colorMode><scale>0.60</scale></LabelStyle><ListStyle><ItemIcon><href>http://maps.google.com/mapfiles/kml/paddle/red-blank.png</href></ItemIcon></ListStyle></Style>
<StyleMap id="mapDaimonDiag_BARRA_RUIM"><Pair><key>normal</key><styleUrl>#styleDaimonDiag_BARRA_RUIM0</styleUrl></Pair><Pair><key>highlight</key><styleUrl>#styleDaimonDiag_BARRA_RUIM1</styleUrl></Pair></StyleMap>
<Style id="styleDaimonDiag_BARRA_INDEF0"><IconStyle><scale>0.60</scale><Icon><href>http://maps.google.com/mapfiles/kml/paddle/wht-blank.png</href></Icon><hotSpot x="32" y="1" xunits="pixels" yunits="pixels"/></IconStyle><LabelStyle><color>ffffffff</color><colorMode>normal</colorMode><scale>0.60</scale></LabelStyle><ListStyle><ItemIcon><href>http://maps.google.com/mapfiles/kml/paddle/wht-blank.png</href></ItemIcon></ListStyle></Style>
<Style id="styleDaimonDiag_BARRA_INDEF1"><IconStyle><scale>0.60</scale><Icon><href>http://maps.google.com/mapfiles/kml/paddle/wht-blank.png</href></Icon><hotSpot x="32" y="1" xunits="pixels" yunits="pixels"/></IconStyle><LabelStyle><color>ffffffff</color><colorMode>normal</colorMode><scale>0.60</scale></LabelStyle><ListStyle><ItemIcon><href>http://maps.google.com/mapfiles/kml/paddle/wht-blank.png</href></ItemIcon></ListStyle></Style>
<StyleMap id="mapDaimonDiag_BARRA_INDEF"><Pair><key>normal</key><styleUrl>#styleDaimonDiag_BARRA_INDEF0</styleUrl></Pair><Pair><key>highlight</key><styleUrl>#styleDaimonDiag_BARRA_INDEF1</styleUrl></Pair></StyleMap>
<Style id="styleDaimonMONO"><LineStyle><color>ff0000ff</color><width>2.00</width></LineStyle></Style>
<Style id="styleDaimonBI"><LineStyle><color>ff00ff00</color><width>2.00</width></LineStyle></Style>
<Style id="styleDaimonTRI"><LineStyle><color>ffff0000</color><width>2.00</width></LineStyle></Style>
<Style id="styleDaimonMONO_BT"><LineStyle><color>ffffff00</color><width>1.00</width></LineStyle></Style>
<Style id="styleDaimonBI_BT"><LineStyle><color>ffff00ff</color><width>1.00</width></LineStyle></Style>
<Style id="styleDaimonTRI_BT"><LineStyle><color>ff00ffff</color><width>1.00</width></LineStyle></Style>
<Style id="styleDaimonCIRCUITO344TRECHO"><LineStyle><color>ff8000ff</color><width>2.00</width></LineStyle></Style>
<Style id="styleDaimonFolderCirc_LD01076103"><ListStyle><bgColor>ff8000ff</bgColor></ListStyle></Style>
<Folder>
<name>Circ_LD01076103</name>
<styleUrl>#styleDaimonFolderCirc_LD01076103</styleUrl><Folder>
<name>Capacitor</name>
<visibility>0</visibility>
</Folder>
<Folder>
<name>CapacitorSerie</name>
<visibility>0</visibility>
</Folder>
<Folder>
<name>Chave</name>
<visibility>0</visibility>
<Placemark><name>DJ_LD01076103_FICT</name><visibility>0</visibility><LookAt><longitude>-47.555477</longitude><latitude>-5.548623</latitude><altitude>1200.0</altitude><altitudeMode>absolute</altitudeMode></LookAt><styleUrl>#mapDaimonChave</styleUrl><Point><coordinates>-47.555477,-5.548623,0</coordinates></Point></Placemark>
<Placemark><name>8800001103</name><visibility>0</visibility><LookAt><longitude>-47.555699</longitude><latitude>-5.548524</latitude><altitude>1200.0</altitude><altitudeMode>absolute</altitudeMode></LookAt><styleUrl>#mapDaimonChave</styleUrl><Point><coordinates>-47.555699,-5.548524,0</coordinates></Point></Placemark>
<Placemark><name>0310019103</name><visibility>0</visibility><LookAt><longitude>-47.558974</longitude><latitude>-5.548288</latitude><altitude>1200.0</altitude><altitudeMode>absolute</altitudeMode></LookAt><styleUrl>#mapDaimonChave</styleUrl><Point><coordinates>-47.558974,-5.548288,0</coordinates></Point></Placemark>
<Placemark><name>3301750103</name><visibility>0</visibility><LookAt><longitude>-47.564177</longitude><latitude>-5.549770</latitude><altitude>1200.0</altitude><altitudeMode>absolute</altitudeMode></LookAt><styleUrl>#mapDaimonChave</styleUrl><Point><coordinates>-47.564177,-5.549770,0</coordinates></Point></Placemark>
<Placemark><name>0300002103</name><visibility>0</visibility><LookAt><longitude>-47.562453</longitude><latitude>-5.549205</latitude><altitude>1200.0</altitude><altitudeMode>absolute</altitudeMode></LookAt><styleUrl>#mapDaimonChave</styleUrl><Point><coordinates>-47.562453,-5.549205,0</coordinates></Point></Placemark>
<Placemark><name>8836431103</name><visibility>0</visibility><LookAt><longitude>-47.569850</longitude><latitude>-5.551170</latitude><altitude>1200.0</altitude><altitudeMode>absolute</altitudeMode></LookAt><styleUrl>#mapDaimonChave</styleUrl><Point><coordinates>-47.569850,-5.551170,0</coordinates></Point></Placemark>
<Placemark><name>8852715103</name><visibility>0</visibility><LookAt><longitude>-47.569191</longitude><latitude>-5.551178</latitude><altitude>1200.0</altitude><altitudeMode>absolute</altitudeMode></LookAt><styleUrl>#mapDaimonChave</styleUrl><Point><coordinates>-47.569191,-5.551178,0</coordinates></Point></Placemark>
<Placemark><name>0301209103</name><visibility>0</visibility><LookAt><longitude>-47.566661</longitude><latitude>-5.550531</latitude><altitude>1200.0</altitude><altitudeMode>absolute</altitudeMode></LookAt><styleUrl>#mapDaimonChave</styleUrl><Point><coordinates>-47.566661,-5.550531,0</coordinates></Point></Placemark>
<Placemark><name>3310001103</name><visibility>0</visibility><LookAt><longitude>-47.568160</longitude><latitude>-5.550079</latitude><altitude>1200.0</altitude><altitudeMode>absolute</altitudeMode></LookAt><styleUrl>#mapDaimonChave</styleUrl><Point><coordinates>-47.568160,-5.550079,0</coordinates></Point></Placemark>
<Placemark><name>0201227103</name><visibility>0</visibility><LookAt><longitude>-47.564497</longitude><latitude>-5.549881</latitude><altitude>1200.0</altitude><altitudeMode>absolute</altitudeMode></LookAt><styleUrl>#mapDaimonChave</styleUrl><Point><coordinates>-47.564497,-5.549881,0</coordinates></Point></Placemark>
<Placemark><name>0322656103</name><visibility>0</visibility><LookAt><longitude>-47.563381</longitude><latitude>-5.525698</latitude><altitude>1200.0</altitude><altitudeMode>absolute</altitudeMode></LookAt><styleUrl>#mapDaimonChave</styleUrl><Point><coordinates>-47.563381,-5.525698,0</coordinates></Point></Placemark>
<Placemark><name>0301092103</name><visibility>0</visibility><LookAt><longitude>-47.563244</longitude><latitude>-5.551207</latitude><altitude>1200.0</altitude><altitudeMode>absolute</altitudeMode></LookAt><styleUrl>#mapDaimonChave</styleUrl><Point><coordinates>-47.563244,-5.551207,0</coordinates></Point></Placemark>
<Placemark><name>0301091103</name><visibility>0</visibility><LookAt><longitude>-47.563782</longitude><latitude>-5.550374</latitude><altitude>1200.0</altitude><altitudeMode>absolute</altitudeMode></LookAt><styleUrl>#mapDaimonChave</styleUrl><Point><coordinates>-47.563782,-5.550374,0</coordinates></Point></Placemark>
<Placemark><name>8800177103</name><visibility>0</visibility><LookAt><longitude>-47.572229</longitude><latitude>-5.551237</latitude><altitude>1200.0</altitude><altitudeMode>absolute</altitudeMode></LookAt><styleUrl>#mapDaimonChave</styleUrl><Point><coordinates>-47.572229,-5.551237,0</coordinates></Point></Placemark>
<Placemark><name>0331926103</name><visibility>0</visibility><LookAt><longitude>-47.571866</longitude><latitude>-5.551242</latitude><altitude>1200.0</altitude><altitudeMode>absolute</altitudeMode></LookAt><styleUrl>#mapDaimonChave</styleUrl><Point><coordinates>-47.571866,-5.551242,0</coordinates></Point></Placemark>
<Placemark><name>7952705103</name><visibility>0</visibility><LookAt><longitude>-47.568515</longitude><latitude>-5.551483</latitude><altitude>1200.0</altitude><altitudeMode>absolute</altitudeMode></LookAt><styleUrl>#mapDaimonChave</styleUrl><Point><coordinates>-47.568515,-5.551483,0</coordinates></Point></Placemark>
<Placemark><name>0301340103</name><visibility>0</visibility><LookAt><longitude>-47.568167</longitude><latitude>-5.549695</latitude><altitude>1200.0</altitude><altitudeMode>absolute</altitudeMode></LookAt><styleUrl>#mapDaimonChave</styleUrl><Point><coordinates>-47.568167,-5.549695,0</coordinates></Point></Placemark>
<Placemark><name>0349965103</name><visibility>0</visibility><LookAt><longitude>-47.568159</longitude><latitude>-5.540565</latitude><altitude>1200.0</altitude><altitudeMode>absolute</altitudeMode></LookAt><styleUrl>#mapDaimonChave</styleUrl><Point><coordinates>-47.568159,-5.540565,0</coordinates></Point></Placemark>
<Placemark><name>0310016103</name><visibility>0</visibility><LookAt><longitude>-47.571862</longitude><latitude>-5.531606</latitude><altitude>1200.0</altitude><altitudeMode>absolute</altitudeMode></LookAt><styleUrl>#mapDaimonChave</styleUrl><Point><coordinates>-47.571862,-5.531606,0</coordinates></Point></Placemark>
<Placemark><name>0301374103</name><visibility>0</visibility><LookAt><longitude>-47.576759</longitude><latitude>-5.525265</latitude><altitude>1200.0</altitude><altitudeMode>absolute</altitudeMode></LookAt><styleUrl>#mapDaimonChave</styleUrl><Point><coordinates>-47.576759,-5.525265,0</coordinates></Point></Placemark>
<Placemark><name>0300125103</name><visibility>0</visibility><LookAt><longitude>-47.569359</longitude><latitude>-5.537266</latitude><altitude>1200.0</altitude><altitudeMode>absolute</altitudeMode></LookAt><styleUrl>#mapDaimonChave</styleUrl><Point><coordinates>-47.569359,-5.537266,0</coordinates></Point></Placemark>
<Placemark><name>0343825103</name><visibility>0</visibility><LookAt><longitude>-47.581199</longitude><latitude>-5.520008</latitude><altitude>1200.0</altitude><altitudeMode>absolute</altitudeMode></LookAt><styleUrl>#mapDaimonChave</styleUrl><Point><coordinates>-47.581199,-5.520008,0</coordinates></Point></Placemark>
<Placemark><name>0310011103</name><visibility>0</visibility><LookAt><longitude>-47.567850</longitude><latitude>-5.541293</latitude><altitude>1200.0</altitude><altitudeMode>absolute</altitudeMode></LookAt><styleUrl>#mapDaimonChave</styleUrl><Point><coordinates>-47.567850,-5.541293,0</coordinates></Point></Placemark>
<Placemark><name>0301341103</name><visibility>0</visibility><LookAt><longitude>-47.579413</longitude><latitude>-5.522890</latitude><altitude>1200.0</altitude><altitudeMode>absolute</altitudeMode></LookAt><styleUrl>#mapDaimonChave</styleUrl><Point><coordinates>-47.579413,-5.522890,0</coordinates></Point></Placemark>
<Placemark><name>3310026103</name><visibility>0</visibility><LookAt><longitude>-47.579145</longitude><latitude>-5.520182</latitude><altitude>1200.0</altitude><altitudeMode>absolute</altitudeMode></LookAt><styleUrl>#mapDaimonChave</styleUrl><Point><coordinates>-47.579145,-5.520182,0</coordinates></Point></Placemark>
<Placemark><name>0336407103</name><visibility>0</visibility><LookAt><longitude>-47.575887</longitude><latitude>-5.526167</latitude><altitude>1200.0</altitude><altitudeMode>absolute</altitudeMode></LookAt><styleUrl>#mapDaimonChave</styleUrl><Point><coordinates>-47.575887,-5.526167,0</coordinates></Point></Placemark>
<Placemark><name>0310012103</name><visibility>0</visibility><LookAt><longitude>-47.573539</longitude><latitude>-5.528915</latitude><altitude>1200.0</altitude><altitudeMode>absolute</altitudeMode></LookAt><styleUrl>#mapDaimonChave</styleUrl><Point><coordinates>-47.573539,-5.528915,0</coordinates></Point></Placemark>
<Placemark><name>0329049103</name><visibility>0</visibility><LookAt><longitude>-47.562969</longitude><latitude>-5.552001</latitude><altitude>1200.0</altitude><altitudeMode>absolute</altitudeMode></LookAt><styleUrl>#mapDaimonChave</styleUrl><Point><coordinates>-47.562969,-5.552001,0</coordinates></Point></Placemark>
<Placemark><name>8830876103</name><visibility>0</visibility><LookAt><longitude>-47.575817</longitude><latitude>-5.551663</latitude><altitude>1200.0</altitude><altitudeMode>absolute</altitudeMode></LookAt><styleUrl>#mapDaimonChave</styleUrl><Point><coordinates>-47.575817,-5.551663,0</coordinates></Point></Placemark>
<Placemark><name>0301043103</name><visibility>0</visibility><LookAt><longitude>-47.575125</longitude><latitude>-5.551529</latitude><altitude>1200.0</altitude><altitudeMode>absolute</altitudeMode></LookAt><styleUrl>#mapDaimonChave</styleUrl><Point><coordinates>-47.575125,-5.551529,0</coordinates></Point></Placemark>
<Placemark><name>0350172103</name><visibility>0</visibility><LookAt><longitude>-47.572192</longitude><latitude>-5.549770</latitude><altitude>1200.0</altitude><altitudeMode>absolute</altitudeMode></LookAt><styleUrl>#mapDaimonChave</styleUrl><Point><coordinates>-47.572192,-5.549770,0</coordinates></Point></Placemark>
<Placemark><name>0319241103</name><visibility>0</visibility><LookAt><longitude>-47.572105</longitude><latitude>-5.550150</latitude><altitude>1200.0</altitude><altitudeMode>absolute</altitudeMode></LookAt><styleUrl>#mapDaimonChave</styleUrl><Point><coordinates>-47.572105,-5.550150,0</coordinates></Point></Placemark>
<Placemark><name>8852729103</name><visibility>0</visibility><LookAt><longitude>-47.560096</longitude><latitude>-5.551654</latitude><altitude>1200.0</altitude><altitudeMode>absolute</altitudeMode></LookAt><styleUrl>#mapDaimonChave</styleUrl><Point><coordinates>-47.560096,-5.551654,0</coordinates></Point></Placemark>
<Placemark><name>4010026103</name><visibility>0</visibility><LookAt><longitude>-47.579169</longitude><latitude>-5.520152</latitude><altitude>1200.0</altitude><altitudeMode>absolute</altitudeMode></LookAt><styleUrl>#mapDaimonChave</styleUrl><Point><coordinates>-47.579169,-5.520152,0</coordinates></Point></Placemark>
<Placemark><name>8847321103</name><visibility>0</visibility><LookAt><longitude>-47.578095</longitude><latitude>-5.551977</latitude><altitude>1200.0</altitude><altitudeMode>absolute</altitudeMode></LookAt><styleUrl>#mapDaimonChave</styleUrl><Point><coordinates>-47.578095,-5.551977,0</coordinates></Point></Placemark>
<Placemark><name>0300003103</name><visibility>0</visibility><LookAt><longitude>-47.576371</longitude><latitude>-5.551263</latitude><altitude>1200.0</altitude><altitudeMode>absolute</altitudeMode></LookAt><styleUrl>#mapDaimonChave</styleUrl><Point><coordinates>-47.576371,-5.551263,0</coordinates></Point></Placemark>
<Placemark><name>0312566103</name><visibility>0</visibility><LookAt><longitude>-47.576502</longitude><latitude>-5.547590</latitude><altitude>1200.0</altitude><altitudeMode>absolute</altitudeMode></LookAt><styleUrl>#mapDaimonChave</styleUrl><Point><coordinates>-47.576502,-5.547590,0</coordinates></Point></Placemark>
<Placemark><name>0363136103</name><visibility>0</visibility><LookAt><longitude>-47.551362</longitude><latitude>-5.552220</latitude><altitude>1200.0</altitude><altitudeMode>absolute</altitudeMode></LookAt><styleUrl>#mapDaimonChave</styleUrl><Point><coordinates>-47.551362,-5.552220,0</coordinates></Point></Placemark>
<Placemark><name>0352731103</name><visibility>0</visibility><LookAt><longitude>-47.554113</longitude><latitude>-5.551777</latitude><altitude>1200.0</altitude><altitudeMode>absolute</altitudeMode></LookAt><styleUrl>#mapDaimonChave</styleUrl><Point><coordinates>-47.554113,-5.551777,0</coordinates></Point></Placemark>
<Placemark><name>8852717103</name><visibility>0</visibility><LookAt><longitude>-47.545208</longitude><latitude>-5.552504</latitude><altitude>1200.0</altitude><altitudeMode>absolute</altitudeMode></LookAt><styleUrl>#mapDaimonChave</styleUrl><Point><coordinates>-47.545208,-5.552504,0</coordinates></Point></Placemark>
<Placemark><name>0352730103</name><visibility>0</visibility><LookAt><longitude>-47.555074</longitude><latitude>-5.551751</latitude><altitude>1200.0</altitude><altitudeMode>absolute</altitudeMode></LookAt><styleUrl>#mapDaimonChave</styleUrl><Point><coordinates>-47.555074,-5.551751,0</coordinates></Point></Placemark>
<Placemark><name>3110023103</name><visibility>0</visibility><LookAt><longitude>-47.578330</longitude><latitude>-5.517066</latitude><altitude>1200.0</altitude><altitudeMode>absolute</altitudeMode></LookAt><styleUrl>#mapDaimonChave</styleUrl><Point><coordinates>-47.578330,-5.517066,0</coordinates></Point></Placemark>
<Placemark><name>0300033103</name><visibility>0</visibility><LookAt><longitude>-47.578812</longitude><latitude>-5.552006</latitude><altitude>1200.0</altitude><altitudeMode>absolute</altitudeMode></LookAt><styleUrl>#mapDaimonChave</styleUrl><Point><coordinates>-47.578812,-5.552006,0</coordinates></Point></Placemark>
<Placemark><name>8800005103</name><visibility>0</visibility><LookAt><longitude>-47.578814</longitude><latitude>-5.552250</latitude><altitude>1200.0</altitude><altitudeMode>absolute</altitudeMode></LookAt><styleUrl>#mapDaimonChave</styleUrl><Point><coordinates>-47.578814,-5.552250,0</coordinates></Point></Placemark>
<Placemark><name>8847333103</name><visibility>0</visibility><LookAt><longitude>-47.579121</longitude><latitude>-5.552331</latitude><altitude>1200.0</altitude><altitudeMode>absolute</altitudeMode></LookAt><styleUrl>#mapDaimonChave</styleUrl><Point><coordinates>-47.579121,-5.552331,0</coordinates></Point></Placemark>
<Placemark><name>0301281103</name><visibility>0</visibility><LookAt><longitude>-47.554248</longitude><latitude>-5.553151</latitude><altitude>1200.0</altitude><altitudeMode>absolute</altitudeMode></LookAt><styleUrl>#mapDaimonChave</styleUrl><Point><coordinates>-47.554248,-5.553151,0</coordinates></Point></Placemark>
<Placemark><name>0352732103</name><visibility>0</visibility><LookAt><longitude>-47.540744</longitude><latitude>-5.553629</latitude><altitude>1200.0</altitude><altitudeMode>absolute</altitudeMode></LookAt><styleUrl>#mapDaimonChave</styleUrl><Point><coordinates>-47.540744,-5.553629,0</coordinates></Point></Placemark>
<Placemark><name>8853039103</name><visibility>0</visibility><LookAt><longitude>-47.540012</longitude><latitude>-5.553796</latitude><altitude>1200.0</altitude><altitudeMode>absolute</altitudeMode></LookAt><styleUrl>#mapDaimonChave</styleUrl><Point><coordinates>-47.540012,-5.553796,0</coordinates></Point></Placemark>
<Placemark><name>0301045103</name><visibility>0</visibility><LookAt><longitude>-47.576765</longitude><latitude>-5.511371</latitude><altitude>1200.0</altitude><altitudeMode>absolute</altitudeMode></LookAt><styleUrl>#mapDaimonChave</styleUrl><Point><coordinates>-47.576765,-5.511371,0</coordinates></Point></Placemark>
<Placemark><name>0347169103</name><visibility>0</visibility><LookAt><longitude>-47.582668</longitude><latitude>-5.494520</latitude><altitude>1200.0</altitude><altitudeMode>absolute</altitudeMode></LookAt><styleUrl>#mapDaimonChave</styleUrl><Point><coordinates>-47.582668,-5.494520,0</coordinates></Point></Placemark>
<Placemark><name>0355581103</name><visibility>0</visibility><LookAt><longitude>-47.582330</longitude><latitude>-5.495606</latitude><altitude>1200.0</altitude><altitudeMode>absolute</altitudeMode></LookAt><styleUrl>#mapDaimonChave</styleUrl><Point><coordinates>-47.582330,-5.495606,0</coordinates></Point></Placemark>
<Placemark><name>0341262103</name><visibility>0</visibility><LookAt><longitude>-47.577732</longitude><latitude>-5.515743</latitude><altitude>1200.0</altitude><altitudeMode>absolute</altitudeMode></LookAt><styleUrl>#mapDaimonChave</styleUrl><Point><coordinates>-47.577732,-5.515743,0</coordinates></Point></Placemark>
<Placemark><name>0301047103</name><visibility>0</visibility><LookAt><longitude>-47.577247</longitude><latitude>-5.503623</latitude><altitude>1200.0</altitude><altitudeMode>absolute</altitudeMode></LookAt><styleUrl>#mapDaimonChave</styleUrl><Point><coordinates>-47.577247,-5.503623,0</coordinates></Point></Placemark>
<Placemark><name>0301284103</name><visibility>0</visibility><LookAt><longitude>-47.576529</longitude><latitude>-5.510330</latitude><altitude>1200.0</altitude><altitudeMode>absolute</altitudeMode></LookAt><styleUrl>#mapDaimonChave</styleUrl><Point><coordinates>-47.576529,-5.510330,0</coordinates></Point></Placemark>
<Placemark><name>3110029103</name><visibility>0</visibility><LookAt><longitude>-47.583304</longitude><latitude>-5.490368</latitude><altitude>1200.0</altitude><altitudeMode>absolute</altitudeMode></LookAt><styleUrl>#mapDaimonChave</styleUrl><Point><coordinates>-47.583304,-5.490368,0</coordinates></Point></Placemark>
<Placemark><name>0348148103</name><visibility>0</visibility><LookAt><longitude>-47.577386</longitude><latitude>-5.503561</latitude><altitude>1200.0</altitude><altitudeMode>absolute</altitudeMode></LookAt><styleUrl>#mapDaimonChave</styleUrl><Point><coordinates>-47.577386,-5.503561,0</coordinates></Point></Placemark>
<Placemark><name>0301337103</name><visibility>0</visibility><LookAt><longitude>-47.577081</longitude><latitude>-5.513348</latitude><altitude>1200.0</altitude><altitudeMode>absolute</altitudeMode></LookAt><styleUrl>#mapDaimonChave</styleUrl><Point><coordinates>-47.577081,-5.513348,0</coordinates></Point></Placemark>
<Placemark><name>0342826103</name><visibility>0</visibility><LookAt><longitude>-47.582884</longitude><latitude>-5.493633</latitude><altitude>1200.0</altitude><altitudeMode>absolute</altitudeMode></LookAt><styleUrl>#mapDaimonChave</styleUrl><Point><coordinates>-47.582884,-5.493633,0</coordinates></Point></Placemark>
<Placemark><name>0343831103</name><visibility>0</visibility><LookAt><longitude>-47.582431</longitude><latitude>-5.495361</latitude><altitude>1200.0</altitude><altitudeMode>absolute</altitudeMode></LookAt><styleUrl>#mapDaimonChave</styleUrl><Point><coordinates>-47.582431,-5.495361,0</coordinates></Point></Placemark>
<Placemark><name>0301046103</name><visibility>0</visibility><LookAt><longitude>-47.578019</longitude><latitude>-5.502771</latitude><altitude>1200.0</altitude><altitudeMode>absolute</altitudeMode></LookAt><styleUrl>#mapDaimonChave</styleUrl><Point><coordinates>-47.578019,-5.502771,0</coordinates></Point></Placemark>
<Placemark><name>0301086103</name><visibility>0</visibility><LookAt><longitude>-47.579736</longitude><latitude>-5.549366</latitude><altitude>1200.0</altitude><altitudeMode>absolute</altitudeMode></LookAt><styleUrl>#mapDaimonChave</styleUrl><Point><coordinates>-47.579736,-5.549366,0</coordinates></Point></Placemark>
<Placemark><name>0301087103</name><visibility>0</visibility><LookAt><longitude>-47.579623</longitude><latitude>-5.549441</latitude><altitude>1200.0</altitude><altitudeMode>absolute</altitudeMode></LookAt><styleUrl>#mapDaimonChave</styleUrl><Point><coordinates>-47.579623,-5.549441,0</coordinates></Point></Placemark>
<Placemark><name>7955559103</name><visibility>0</visibility><LookAt><longitude>-47.578663</longitude><latitude>-5.552658</latitude><altitude>1200.0</altitude><altitudeMode>absolute</altitudeMode></LookAt><styleUrl>#mapDaimonChave</styleUrl><Point><coordinates>-47.578663,-5.552658,0</coordinates></Point></Placemark>
<Placemark><name>9030871103</name><visibility>0</visibility><LookAt><longitude>-47.581687</longitude><latitude>-5.553161</latitude><altitude>1200.0</altitude><altitudeMode>absolute</altitudeMode></LookAt><styleUrl>#mapDaimonChave</styleUrl><Point><coordinates>-47.581687,-5.553161,0</coordinates></Point></Placemark>
<Placemark><name>8853040103</name><visibility>0</visibility><LookAt><longitude>-47.515859</longitude><latitude>-5.560113</latitude><altitude>1200.0</altitude><altitudeMode>absolute</altitudeMode></LookAt><styleUrl>#mapDaimonChave</styleUrl><Point><coordinates>-47.515859,-5.560113,0</coordinates></Point></Placemark>
<Placemark><name>3101048103</name><visibility>0</visibility><LookAt><longitude>-47.583302</longitude><latitude>-5.486375</latitude><altitude>1200.0</altitude><altitudeMode>absolute</altitudeMode></LookAt><styleUrl>#mapDaimonChave</styleUrl><Point><coordinates>-47.583302,-5.486375,0</coordinates></Point></Placemark>
<Placemark><name>ETO327027A</name><visibility>0</visibility><LookAt><longitude>-47.583281</longitude><latitude>-5.487304</latitude><altitude>1200.0</altitude><altitudeMode>absolute</altitudeMode></LookAt><styleUrl>#mapDaimonChave</styleUrl><Point><coordinates>-47.583281,-5.487304,0</coordinates></Point></Placemark>
<Placemark><name>0343744103</name><visibility>0</visibility><LookAt><longitude>-47.583125</longitude><latitude>-5.489043</latitude><altitude>1200.0</altitude><altitudeMode>absolute</altitudeMode></LookAt><styleUrl>#mapDaimonChave</styleUrl><Point><coordinates>-47.583125,-5.489043,0</coordinates></Point></Placemark>
<Placemark><name>0301059103</name><visibility>0</visibility><LookAt><longitude>-47.583795</longitude><latitude>-5.544571</latitude><altitude>1200.0</altitude><altitudeMode>absolute</altitudeMode></LookAt><styleUrl>#mapDaimonChave</styleUrl><Point><coordinates>-47.583795,-5.544571,0</coordinates></Point></Placemark>
<Placemark><name>0334200103</name><visibility>0</visibility><LookAt><longitude>-47.577285</longitude><latitude>-5.553669</latitude><altitude>1200.0</altitude><altitudeMode>absolute</altitudeMode></LookAt><styleUrl>#mapDaimonChave</styleUrl><Point><coordinates>-47.577285,-5.553669,0</coordinates></Point></Placemark>
<Placemark><name>8801296103</name><visibility>0</visibility><LookAt><longitude>-47.578093</longitude><latitude>-5.555063</latitude><altitude>1200.0</altitude><altitudeMode>absolute</altitudeMode></LookAt><styleUrl>#mapDaimonChave</styleUrl><Point><coordinates>-47.578093,-5.555063,0</coordinates></Point></Placemark>
<Placemark><name>0347330103</name><visibility>0</visibility><LookAt><longitude>-47.577359</longitude><latitude>-5.553524</latitude><altitude>1200.0</altitude><altitudeMode>absolute</altitudeMode></LookAt><styleUrl>#mapDaimonChave</styleUrl><Point><coordinates>-47.577359,-5.553524,0</coordinates></Point></Placemark>
<Placemark><name>7930871103</name><visibility>0</visibility><LookAt><longitude>-47.581714</longitude><latitude>-5.553157</latitude><altitude>1200.0</altitude><altitudeMode>absolute</altitudeMode></LookAt><styleUrl>#mapDaimonChave</styleUrl><Point><coordinates>-47.581714,-5.553157,0</coordinates></Point></Placemark>
<Placemark><name>8852718103</name><visibility>0</visibility><LookAt><longitude>-47.513746</longitude><latitude>-5.559963</latitude><altitude>1200.0</altitude><altitudeMode>absolute</altitudeMode></LookAt><styleUrl>#mapDaimonChave</styleUrl><Point><coordinates>-47.513746,-5.559963,0</coordinates></Point></Placemark>
<Placemark><name>3336416103</name><visibility>0</visibility><LookAt><longitude>-47.514561</longitude><latitude>-5.561055</latitude><altitude>1200.0</altitude><altitudeMode>absolute</altitudeMode></LookAt><styleUrl>#mapDaimonChave</styleUrl><Point><coordinates>-47.514561,-5.561055,0</coordinates></Point></Placemark>
<Placemark><name>8852712103</name><visibility>0</visibility><LookAt><longitude>-47.514038</longitude><latitude>-5.560300</latitude><altitude>1200.0</altitude><altitudeMode>absolute</altitudeMode></LookAt><styleUrl>#mapDaimonChave</styleUrl><Point><coordinates>-47.514038,-5.560300,0</coordinates></Point></Placemark>
<Placemark><name>0336967103</name><visibility>0</visibility><LookAt><longitude>-47.514044</longitude><latitude>-5.560212</latitude><altitude>1200.0</altitude><altitudeMode>absolute</altitudeMode></LookAt><styleUrl>#mapDaimonChave</styleUrl><Point><coordinates>-47.514044,-5.560212,0</coordinates></Point></Placemark>
<Placemark><name>8857812103</name><visibility>0</visibility><LookAt><longitude>-47.583401</longitude><latitude>-5.485414</latitude><altitude>1200.0</altitude><altitudeMode>absolute</altitudeMode></LookAt><styleUrl>#mapDaimonChave</styleUrl><Point><coordinates>-47.583401,-5.485414,0</coordinates></Point></Placemark>
<Placemark><name>0300006103</name><visibility>0</visibility><LookAt><longitude>-47.577653</longitude><latitude>-5.555601</latitude><altitude>1200.0</altitude><altitudeMode>absolute</altitudeMode></LookAt><styleUrl>#mapDaimonChave</styleUrl><Point><coordinates>-47.577653,-5.555601,0</coordinates></Point></Placemark>
<Placemark><name>0300009103</name><visibility>0</visibility><LookAt><longitude>-47.577421</longitude><latitude>-5.556204</latitude><altitude>1200.0</altitude><altitudeMode>absolute</altitudeMode></LookAt><styleUrl>#mapDaimonChave</styleUrl><Point><coordinates>-47.577421,-5.556204,0</coordinates></Point></Placemark>
<Placemark><name>0301290103</name><visibility>0</visibility><LookAt><longitude>-47.576288</longitude><latitude>-5.557334</latitude><altitude>1200.0</altitude><altitudeMode>absolute</altitudeMode></LookAt><styleUrl>#mapDaimonChave</styleUrl><Point><coordinates>-47.576288,-5.557334,0</coordinates></Point></Placemark>
<Placemark><name>0300017103</name><visibility>0</visibility><LookAt><longitude>-47.576510</longitude><latitude>-5.556768</latitude><altitude>1200.0</altitude><altitudeMode>absolute</altitudeMode></LookAt><styleUrl>#mapDaimonChave</styleUrl><Point><coordinates>-47.576510,-5.556768,0</coordinates></Point></Placemark>
<Placemark><name>4000013103</name><visibility>0</visibility><LookAt><longitude>-47.576266</longitude><latitude>-5.557377</latitude><altitude>1200.0</altitude><altitudeMode>absolute</altitudeMode></LookAt><styleUrl>#mapDaimonChave</styleUrl><Point><coordinates>-47.576266,-5.557377,0</coordinates></Point></Placemark>
<Placemark><name>9001758103</name><visibility>0</visibility><LookAt><longitude>-47.581731</longitude><latitude>-5.553162</latitude><altitude>1200.0</altitude><altitudeMode>absolute</altitudeMode></LookAt><styleUrl>#mapDaimonChave</styleUrl><Point><coordinates>-47.581731,-5.553162,0</coordinates></Point></Placemark>
<Placemark><name>0398999103</name><visibility>0</visibility><LookAt><longitude>-47.509880</longitude><latitude>-5.555479</latitude><altitude>1200.0</altitude><altitudeMode>absolute</altitudeMode></LookAt><styleUrl>#mapDaimonChave</styleUrl><Point><coordinates>-47.509880,-5.555479,0</coordinates></Point></Placemark>
<Placemark><name>0345983103</name><visibility>0</visibility><LookAt><longitude>-47.512898</longitude><latitude>-5.559125</latitude><altitude>1200.0</altitude><altitudeMode>absolute</altitudeMode></LookAt><styleUrl>#mapDaimonChave</styleUrl><Point><coordinates>-47.512898,-5.559125,0</coordinates></Point></Placemark>
<Placemark><name>0301746103</name><visibility>0</visibility><LookAt><longitude>-47.510534</longitude><latitude>-5.558459</latitude><altitude>1200.0</altitude><altitudeMode>absolute</altitudeMode></LookAt><styleUrl>#mapDaimonChave</styleUrl><Point><coordinates>-47.510534,-5.558459,0</coordinates></Point></Placemark>
<Placemark><name>0342254103</name><visibility>0</visibility><LookAt><longitude>-47.509782</longitude><latitude>-5.555078</latitude><altitude>1200.0</altitude><altitudeMode>absolute</altitudeMode></LookAt><styleUrl>#mapDaimonChave</styleUrl><Point><coordinates>-47.509782,-5.555078,0</coordinates></Point></Placemark>
<Placemark><name>8836973103</name><visibility>0</visibility><LookAt><longitude>-47.508403</longitude><latitude>-5.551440</latitude><altitude>1200.0</altitude><altitudeMode>absolute</altitudeMode></LookAt><styleUrl>#mapDaimonChave</styleUrl><Point><coordinates>-47.508403,-5.551440,0</coordinates></Point></Placemark>
<Placemark><name>4036416103</name><visibility>0</visibility><LookAt><longitude>-47.514578</longitude><latitude>-5.561084</latitude><altitude>1200.0</altitude><altitudeMode>absolute</altitudeMode></LookAt><styleUrl>#mapDaimonChave</styleUrl><Point><coordinates>-47.514578,-5.561084,0</coordinates></Point></Placemark>
<Placemark><name>8852713103</name><visibility>0</visibility><LookAt><longitude>-47.499790</longitude><latitude>-5.563299</latitude><altitude>1200.0</altitude><altitudeMode>absolute</altitudeMode></LookAt><styleUrl>#mapDaimonChave</styleUrl><Point><coordinates>-47.499790,-5.563299,0</coordinates></Point></Placemark>
<Placemark><name>8855569103</name><visibility>0</visibility><LookAt><longitude>-47.583486</longitude><latitude>-5.484773</latitude><altitude>1200.0</altitude><altitudeMode>absolute</altitudeMode></LookAt><styleUrl>#mapDaimonChave</styleUrl><Point><coordinates>-47.583486,-5.484773,0</coordinates></Point></Placemark>
<Placemark><name>8850167103</name><visibility>0</visibility><LookAt><longitude>-47.579798</longitude><latitude>-5.557080</latitude><altitude>1200.0</altitude><altitudeMode>absolute</altitudeMode></LookAt><styleUrl>#mapDaimonChave</styleUrl><Point><coordinates>-47.579798,-5.557080,0</coordinates></Point></Placemark>
<Placemark><name>0301754103</name><visibility>0</visibility><LookAt><longitude>-47.572260</longitude><latitude>-5.554350</latitude><altitude>1200.0</altitude><altitudeMode>absolute</altitudeMode></LookAt><styleUrl>#mapDaimonChave</styleUrl><Point><coordinates>-47.572260,-5.554350,0</coordinates></Point></Placemark>
<Placemark><name>0301359103</name><visibility>0</visibility><LookAt><longitude>-47.564681</longitude><latitude>-5.572968</latitude><altitude>1200.0</altitude><altitudeMode>absolute</altitudeMode></LookAt><styleUrl>#mapDaimonChave</styleUrl><Point><coordinates>-47.564681,-5.572968,0</coordinates></Point></Placemark>
<Placemark><name>0300139103</name><visibility>0</visibility><LookAt><longitude>-47.575187</longitude><latitude>-5.560307</latitude><altitude>1200.0</altitude><altitudeMode>absolute</altitudeMode></LookAt><styleUrl>#mapDaimonChave</styleUrl><Point><coordinates>-47.575187,-5.560307,0</coordinates></Point></Placemark>
<Placemark><name>0334520103</name><visibility>0</visibility><LookAt><longitude>-47.567317</longitude><latitude>-5.568844</latitude><altitude>1200.0</altitude><altitudeMode>absolute</altitudeMode></LookAt><styleUrl>#mapDaimonChave</styleUrl><Point><coordinates>-47.567317,-5.568844,0</coordinates></Point></Placemark>
<Placemark><name>0310014103</name><visibility>0</visibility><LookAt><longitude>-47.574432</longitude><latitude>-5.561569</latitude><altitude>1200.0</altitude><altitudeMode>absolute</altitudeMode></LookAt><styleUrl>#mapDaimonChave</styleUrl><Point><coordinates>-47.574432,-5.561569,0</coordinates></Point></Placemark>
<Placemark><name>0300001238</name><visibility>0</visibility><LookAt><longitude>-47.562223</longitude><latitude>-5.578961</latitude><altitude>1200.0</altitude><altitudeMode>absolute</altitudeMode></LookAt><styleUrl>#mapDaimonChave</styleUrl><Point><coordinates>-47.562223,-5.578961,0</coordinates></Point></Placemark>
<Placemark><name>3301367103</name><visibility>0</visibility><LookAt><longitude>-47.571460</longitude><latitude>-5.565914</latitude><altitude>1200.0</altitude><altitudeMode>absolute</altitudeMode></LookAt><styleUrl>#mapDaimonChave</styleUrl><Point><coordinates>-47.571460,-5.565914,0</coordinates></Point></Placemark>
<Placemark><name>0300001231</name><visibility>0</visibility><LookAt><longitude>-47.594051</longitude><latitude>-5.565540</latitude><altitude>1200.0</altitude><altitudeMode>absolute</altitudeMode></LookAt><styleUrl>#mapDaimonChave</styleUrl><Point><coordinates>-47.594051,-5.565540,0</coordinates></Point></Placemark>
<Placemark><name>0301358103</name><visibility>0</visibility><LookAt><longitude>-47.585636</longitude><latitude>-5.558909</latitude><altitude>1200.0</altitude><altitudeMode>absolute</altitudeMode></LookAt><styleUrl>#mapDaimonChave</styleUrl><Point><coordinates>-47.585636,-5.558909,0</coordinates></Point></Placemark>
<Placemark><name>0335869103</name><visibility>0</visibility><LookAt><longitude>-47.585077</longitude><latitude>-5.556506</latitude><altitude>1200.0</altitude><altitudeMode>absolute</altitudeMode></LookAt><styleUrl>#mapDaimonChave</styleUrl><Point><coordinates>-47.585077,-5.556506,0</coordinates></Point></Placemark>
<Placemark><name>0320003231</name><visibility>0</visibility><LookAt><longitude>-47.594603</longitude><latitude>-5.565953</latitude><altitude>1200.0</altitude><altitudeMode>absolute</altitudeMode></LookAt><styleUrl>#mapDaimonChave</styleUrl><Point><coordinates>-47.594603,-5.565953,0</coordinates></Point></Placemark>
<Placemark><name>0300012231</name><visibility>0</visibility><LookAt><longitude>-47.588549</longitude><latitude>-5.561535</latitude><altitude>1200.0</altitude><altitudeMode>absolute</altitudeMode></LookAt><styleUrl>#mapDaimonChave</styleUrl><Point><coordinates>-47.588549,-5.561535,0</coordinates></Point></Placemark>
<Placemark><name>0301137088</name><visibility>0</visibility><LookAt><longitude>-47.602414</longitude><latitude>-5.575152</latitude><altitude>1200.0</altitude><altitudeMode>absolute</altitudeMode></LookAt><styleUrl>#mapDaimonChave</styleUrl><Point><coordinates>-47.602414,-5.575152,0</coordinates></Point></Placemark>
<Placemark><name>8801054103</name><visibility>0</visibility><LookAt><longitude>-47.583231</longitude><latitude>-5.552763</latitude><altitude>1200.0</altitude><altitudeMode>absolute</altitudeMode></LookAt><styleUrl>#mapDaimonChave</styleUrl><Point><coordinates>-47.583231,-5.552763,0</coordinates></Point></Placemark>
<Placemark><name>3359416103</name><visibility>0</visibility><LookAt><longitude>-47.586735</longitude><latitude>-5.559829</latitude><altitude>1200.0</altitude><altitudeMode>absolute</altitudeMode></LookAt><styleUrl>#mapDaimonChave</styleUrl><Point><coordinates>-47.586735,-5.559829,0</coordinates></Point></Placemark>
<Placemark><name>8847323103</name><visibility>0</visibility><LookAt><longitude>-47.504710</longitude><latitude>-5.546051</latitude><altitude>1200.0</altitude><altitudeMode>absolute</altitudeMode></LookAt><styleUrl>#mapDaimonChave</styleUrl><Point><coordinates>-47.504710,-5.546051,0</coordinates></Point></Placemark>
<Placemark><name>0336139103</name><visibility>0</visibility><LookAt><longitude>-47.508131</longitude><latitude>-5.550596</latitude><altitude>1200.0</altitude><altitudeMode>absolute</altitudeMode></LookAt><styleUrl>#mapDaimonChave</styleUrl><Point><coordinates>-47.508131,-5.550596,0</coordinates></Point></Placemark>
<Placemark><name>3101225103</name><visibility>0</visibility><LookAt><longitude>-47.518168</longitude><latitude>-5.569097</latitude><altitude>1200.0</altitude><altitudeMode>absolute</altitudeMode></LookAt><styleUrl>#mapDaimonChave</styleUrl><Point><coordinates>-47.518168,-5.569097,0</coordinates></Point></Placemark>
<Placemark><name>0301294103</name><visibility>0</visibility><LookAt><longitude>-47.516171</longitude><latitude>-5.564217</latitude><altitude>1200.0</altitude><altitudeMode>absolute</altitudeMode></LookAt><styleUrl>#mapDaimonChave</styleUrl><Point><coordinates>-47.516171,-5.564217,0</coordinates></Point></Placemark>
<Placemark><name>3300130103</name><visibility>0</visibility><LookAt><longitude>-47.518503</longitude><latitude>-5.569384</latitude><altitude>1200.0</altitude><altitudeMode>absolute</altitudeMode></LookAt><styleUrl>#mapDaimonChave</styleUrl><Point><coordinates>-47.518503,-5.569384,0</coordinates></Point></Placemark>
<Placemark><name>8852714103</name><visibility>0</visibility><LookAt><longitude>-47.490659</longitude><latitude>-5.560897</latitude><altitude>1200.0</altitude><altitudeMode>absolute</altitudeMode></LookAt><styleUrl>#mapDaimonChave</styleUrl><Point><coordinates>-47.490659,-5.560897,0</coordinates></Point></Placemark>
<Placemark><name>8850169103</name><visibility>0</visibility><LookAt><longitude>-47.580329</longitude><latitude>-5.555979</latitude><altitude>1200.0</altitude><altitudeMode>absolute</altitudeMode></LookAt><styleUrl>#mapDaimonChave</styleUrl><Point><coordinates>-47.580329,-5.555979,0</coordinates></Point></Placemark>
<Placemark><name>0301360103</name><visibility>0</visibility><LookAt><longitude>-47.558105</longitude><latitude>-5.570475</latitude><altitude>1200.0</altitude><altitudeMode>absolute</altitudeMode></LookAt><styleUrl>#mapDaimonChave</styleUrl><Point><coordinates>-47.558105,-5.570475,0</coordinates></Point></Placemark>
<Placemark><name>3301207103</name><visibility>0</visibility><LookAt><longitude>-47.561279</longitude><latitude>-5.582965</latitude><altitude>1200.0</altitude><altitudeMode>absolute</altitudeMode></LookAt><styleUrl>#mapDaimonChave</styleUrl><Point><coordinates>-47.561279,-5.582965,0</coordinates></Point></Placemark>
<Placemark><name>0301143103</name><visibility>0</visibility><LookAt><longitude>-47.561614</longitude><latitude>-5.581489</latitude><altitude>1200.0</altitude><altitudeMode>absolute</altitudeMode></LookAt><styleUrl>#mapDaimonChave</styleUrl><Point><coordinates>-47.561614,-5.581489,0</coordinates></Point></Placemark>
<Placemark><name>0360916103</name><visibility>0</visibility><LookAt><longitude>-47.561368</longitude><latitude>-5.583561</latitude><altitude>1200.0</altitude><altitudeMode>absolute</altitudeMode></LookAt><styleUrl>#mapDaimonChave</styleUrl><Point><coordinates>-47.561368,-5.583561,0</coordinates></Point></Placemark>
<Placemark><name>0342262103</name><visibility>0</visibility><LookAt><longitude>-47.576951</longitude><latitude>-5.573399</latitude><altitude>1200.0</altitude><altitudeMode>absolute</altitudeMode></LookAt><styleUrl>#mapDaimonChave</styleUrl><Point><coordinates>-47.576951,-5.573399,0</coordinates></Point></Placemark>
<Placemark><name>0351280103</name><visibility>0</visibility><LookAt><longitude>-47.591527</longitude><latitude>-5.553618</latitude><altitude>1200.0</altitude><altitudeMode>absolute</altitudeMode></LookAt><styleUrl>#mapDaimonChave</styleUrl><Point><coordinates>-47.591527,-5.553618,0</coordinates></Point></Placemark>
<Placemark><name>0300137088</name><visibility>0</visibility><LookAt><longitude>-47.602857</longitude><latitude>-5.575355</latitude><altitude>1200.0</altitude><altitudeMode>absolute</altitudeMode></LookAt><styleUrl>#mapDaimonChave</styleUrl><Point><coordinates>-47.602857,-5.575355,0</coordinates></Point></Placemark>
<Placemark><name>8834993088</name><visibility>0</visibility><LookAt><longitude>-47.603664</longitude><latitude>-5.576143</latitude><altitude>1200.0</altitude><altitudeMode>absolute</altitudeMode></LookAt><styleUrl>#mapDaimonChave</styleUrl><Point><coordinates>-47.603664,-5.576143,0</coordinates></Point></Placemark>
<Placemark><name>0301041103</name><visibility>0</visibility><LookAt><longitude>-47.583277</longitude><latitude>-5.551611</latitude><altitude>1200.0</altitude><altitudeMode>absolute</altitudeMode></LookAt><styleUrl>#mapDaimonChave</styleUrl><Point><coordinates>-47.583277,-5.551611,0</coordinates></Point></Placemark>
<Placemark><name>0309950103</name><visibility>0</visibility><LookAt><longitude>-47.505218</longitude><latitude>-5.544486</latitude><altitude>1200.0</altitude><altitudeMode>absolute</altitudeMode></LookAt><styleUrl>#mapDaimonChave</styleUrl><Point><coordinates>-47.505218,-5.544486,0</coordinates></Point></Placemark>
<Placemark><name>0301755130</name><visibility>0</visibility><LookAt><longitude>-47.501660</longitude><latitude>-5.543496</latitude><altitude>1200.0</altitude><altitudeMode>absolute</altitudeMode></LookAt><styleUrl>#mapDaimonChave</styleUrl><Point><coordinates>-47.501660,-5.543496,0</coordinates></Point></Placemark>
<Placemark><name>3101128103</name><visibility>0</visibility><LookAt><longitude>-47.514305</longitude><latitude>-5.591907</latitude><altitude>1200.0</altitude><altitudeMode>absolute</altitudeMode></LookAt><styleUrl>#mapDaimonChave</styleUrl><Point><coordinates>-47.514305,-5.591907,0</coordinates></Point></Placemark>
<Placemark><name>0341277103</name><visibility>0</visibility><LookAt><longitude>-47.514163</longitude><latitude>-5.590107</latitude><altitude>1200.0</altitude><altitudeMode>absolute</altitudeMode></LookAt><styleUrl>#mapDaimonChave</styleUrl><Point><coordinates>-47.514163,-5.590107,0</coordinates></Point></Placemark>
<Placemark><name>0301126103</name><visibility>0</visibility><LookAt><longitude>-47.513809</longitude><latitude>-5.585525</latitude><altitude>1200.0</altitude><altitudeMode>absolute</altitudeMode></LookAt><styleUrl>#mapDaimonChave</styleUrl><Point><coordinates>-47.513809,-5.585525,0</coordinates></Point></Placemark>
<Placemark><name>0310009103</name><visibility>0</visibility><LookAt><longitude>-47.512993</longitude><latitude>-5.576487</latitude><altitude>1200.0</altitude><altitudeMode>absolute</altitudeMode></LookAt><styleUrl>#mapDaimonChave</styleUrl><Point><coordinates>-47.512993,-5.576487,0</coordinates></Point></Placemark>
<Placemark><name>0334440103</name><visibility>0</visibility><LookAt><longitude>-47.523730</longitude><latitude>-5.583089</latitude><altitude>1200.0</altitude><altitudeMode>absolute</altitudeMode></LookAt><styleUrl>#mapDaimonChave</styleUrl><Point><coordinates>-47.523730,-5.583089,0</coordinates></Point></Placemark>
<Placemark><name>0323026103</name><visibility>0</visibility><LookAt><longitude>-47.491533</longitude><latitude>-5.561300</latitude><altitude>1200.0</altitude><altitudeMode>absolute</altitudeMode></LookAt><styleUrl>#mapDaimonChave</styleUrl><Point><coordinates>-47.491533,-5.561300,0</coordinates></Point></Placemark>
<Placemark><name>0301282103</name><visibility>0</visibility><LookAt><longitude>-47.491997</longitude><latitude>-5.551106</latitude><altitude>1200.0</altitude><altitudeMode>absolute</altitudeMode></LookAt><styleUrl>#mapDaimonChave</styleUrl><Point><coordinates>-47.491997,-5.551106,0</coordinates></Point></Placemark>
<Placemark><name>8856440130</name><visibility>0</visibility><LookAt><longitude>-47.497407</longitude><latitude>-5.543691</latitude><altitude>1200.0</altitude><altitudeMode>absolute</altitudeMode></LookAt><styleUrl>#mapDaimonChave</styleUrl><Point><coordinates>-47.497407,-5.543691,0</coordinates></Point></Placemark>
<Placemark><name>0319729103</name><visibility>0</visibility><LookAt><longitude>-47.490503</longitude><latitude>-5.561385</latitude><altitude>1200.0</altitude><altitudeMode>absolute</altitudeMode></LookAt><styleUrl>#mapDaimonChave</styleUrl><Point><coordinates>-47.490503,-5.561385,0</coordinates></Point></Placemark>
<Placemark><name>0301147103</name><visibility>0</visibility><LookAt><longitude>-47.540096</longitude><latitude>-5.589336</latitude><altitude>1200.0</altitude><altitudeMode>absolute</altitudeMode></LookAt><styleUrl>#mapDaimonChave</styleUrl><Point><coordinates>-47.540096,-5.589336,0</coordinates></Point></Placemark>
<Placemark><name>0336992103</name><visibility>0</visibility><LookAt><longitude>-47.539217</longitude><latitude>-5.583654</latitude><altitude>1200.0</altitude><altitudeMode>absolute</altitudeMode></LookAt><styleUrl>#mapDaimonChave</styleUrl><Point><coordinates>-47.539217,-5.583654,0</coordinates></Point></Placemark>
<Placemark><name>0335219103</name><visibility>0</visibility><LookAt><longitude>-47.539291</longitude><latitude>-5.583730</latitude><altitude>1200.0</altitude><altitudeMode>absolute</altitudeMode></LookAt><styleUrl>#mapDaimonChave</styleUrl><Point><coordinates>-47.539291,-5.583730,0</coordinates></Point></Placemark>
<Placemark><name>0301145103</name><visibility>0</visibility><LookAt><longitude>-47.547034</longitude><latitude>-5.583620</latitude><altitude>1200.0</altitude><altitudeMode>absolute</altitudeMode></LookAt><styleUrl>#mapDaimonChave</styleUrl><Point><coordinates>-47.547034,-5.583620,0</coordinates></Point></Placemark>
<Placemark><name>0358756103</name><visibility>0</visibility><LookAt><longitude>-47.561020</longitude><latitude>-5.585426</latitude><altitude>1200.0</altitude><altitudeMode>absolute</altitudeMode></LookAt><styleUrl>#mapDaimonChave</styleUrl><Point><coordinates>-47.561020,-5.585426,0</coordinates></Point></Placemark>
<Placemark><name>0328359103</name><visibility>0</visibility><LookAt><longitude>-47.594140</longitude><latitude>-5.552233</latitude><altitude>1200.0</altitude><altitudeMode>absolute</altitudeMode></LookAt><styleUrl>#mapDaimonChave</styleUrl><Point><coordinates>-47.594140,-5.552233,0</coordinates></Point></Placemark>
<Placemark><name>4000004088</name><visibility>0</visibility><LookAt><longitude>-47.605634</longitude><latitude>-5.577777</latitude><altitude>1200.0</altitude><altitudeMode>absolute</altitudeMode></LookAt><styleUrl>#mapDaimonChave</styleUrl><Point><coordinates>-47.605634,-5.577777,0</coordinates></Point></Placemark>
<Placemark><name>8834992088</name><visibility>0</visibility><LookAt><longitude>-47.606407</longitude><latitude>-5.578360</latitude><altitude>1200.0</altitude><altitudeMode>absolute</altitudeMode></LookAt><styleUrl>#mapDaimonChave</styleUrl><Point><coordinates>-47.606407,-5.578360,0</coordinates></Point></Placemark>
<Placemark><name>0379088088</name><visibility>0</visibility><LookAt><longitude>-47.604947</longitude><latitude>-5.577195</latitude><altitude>1200.0</altitude><altitudeMode>absolute</altitudeMode></LookAt><styleUrl>#mapDaimonChave</styleUrl><Point><coordinates>-47.604947,-5.577195,0</coordinates></Point></Placemark>
<Placemark><name>0301129103</name><visibility>0</visibility><LookAt><longitude>-47.513376</longitude><latitude>-5.595153</latitude><altitude>1200.0</altitude><altitudeMode>absolute</altitudeMode></LookAt><styleUrl>#mapDaimonChave</styleUrl><Point><coordinates>-47.513376,-5.595153,0</coordinates></Point></Placemark>
<Placemark><name>3101268103</name><visibility>0</visibility><LookAt><longitude>-47.496959</longitude><latitude>-5.612562</latitude><altitude>1200.0</altitude><altitudeMode>absolute</altitudeMode></LookAt><styleUrl>#mapDaimonChave</styleUrl><Point><coordinates>-47.496959,-5.612562,0</coordinates></Point></Placemark>
<Placemark><name>0301267103</name><visibility>0</visibility><LookAt><longitude>-47.501798</longitude><latitude>-5.613589</latitude><altitude>1200.0</altitude><altitudeMode>absolute</altitudeMode></LookAt><styleUrl>#mapDaimonChave</styleUrl><Point><coordinates>-47.501798,-5.613589,0</coordinates></Point></Placemark>
<Placemark><name>0301130103</name><visibility>0</visibility><LookAt><longitude>-47.513104</longitude><latitude>-5.596480</latitude><altitude>1200.0</altitude><altitudeMode>absolute</altitudeMode></LookAt><styleUrl>#mapDaimonChave</styleUrl><Point><coordinates>-47.513104,-5.596480,0</coordinates></Point></Placemark>
<Placemark><name>0300098103</name><visibility>0</visibility><LookAt><longitude>-47.507039</longitude><latitude>-5.601392</latitude><altitude>1200.0</altitude><altitudeMode>absolute</altitudeMode></LookAt><styleUrl>#mapDaimonChave</styleUrl><Point><coordinates>-47.507039,-5.601392,0</coordinates></Point></Placemark>
<Placemark><name>0357758103</name><visibility>0</visibility><LookAt><longitude>-47.523554</longitude><latitude>-5.587525</latitude><altitude>1200.0</altitude><altitudeMode>absolute</altitudeMode></LookAt><styleUrl>#mapDaimonChave</styleUrl><Point><coordinates>-47.523554,-5.587525,0</coordinates></Point></Placemark>
<Placemark><name>3136423103</name><visibility>0</visibility><LookAt><longitude>-47.527142</longitude><latitude>-5.596958</latitude><altitude>1200.0</altitude><altitudeMode>absolute</altitudeMode></LookAt><styleUrl>#mapDaimonChave</styleUrl><Point><coordinates>-47.527142,-5.596958,0</coordinates></Point></Placemark>
<Placemark><name>0348158103</name><visibility>0</visibility><LookAt><longitude>-47.523066</longitude><latitude>-5.591956</latitude><altitude>1200.0</altitude><altitudeMode>absolute</altitudeMode></LookAt><styleUrl>#mapDaimonChave</styleUrl><Point><coordinates>-47.523066,-5.591956,0</coordinates></Point></Placemark>
<Placemark><name>0343846103</name><visibility>0</visibility><LookAt><longitude>-47.525065</longitude><latitude>-5.594174</latitude><altitude>1200.0</altitude><altitudeMode>absolute</altitudeMode></LookAt><styleUrl>#mapDaimonChave</styleUrl><Point><coordinates>-47.525065,-5.594174,0</coordinates></Point></Placemark>
<Placemark><name>0301288103</name><visibility>0</visibility><LookAt><longitude>-47.526741</longitude><latitude>-5.597233</latitude><altitude>1200.0</altitude><altitudeMode>absolute</altitudeMode></LookAt><styleUrl>#mapDaimonChave</styleUrl><Point><coordinates>-47.526741,-5.597233,0</coordinates></Point></Placemark>
<Placemark><name>0319727103</name><visibility>0</visibility><LookAt><longitude>-47.489688</longitude><latitude>-5.567249</latitude><altitude>1200.0</altitude><altitudeMode>absolute</altitudeMode></LookAt><styleUrl>#mapDaimonChave</styleUrl><Point><coordinates>-47.489688,-5.567249,0</coordinates></Point></Placemark>
<Placemark><name>0319728103</name><visibility>0</visibility><LookAt><longitude>-47.490458</longitude><latitude>-5.562197</latitude><altitude>1200.0</altitude><altitudeMode>absolute</altitudeMode></LookAt><styleUrl>#mapDaimonChave</styleUrl><Point><coordinates>-47.490458,-5.562197,0</coordinates></Point></Placemark>
<Placemark><name>0300004238</name><visibility>0</visibility><LookAt><longitude>-47.560895</longitude><latitude>-5.593114</latitude><altitude>1200.0</altitude><altitudeMode>absolute</altitudeMode></LookAt><styleUrl>#mapDaimonChave</styleUrl><Point><coordinates>-47.560895,-5.593114,0</coordinates></Point></Placemark>
<Placemark><name>0301355103</name><visibility>0</visibility><LookAt><longitude>-47.556801</longitude><latitude>-5.600220</latitude><altitude>1200.0</altitude><altitudeMode>absolute</altitudeMode></LookAt><styleUrl>#mapDaimonChave</styleUrl><Point><coordinates>-47.556801,-5.600220,0</coordinates></Point></Placemark>
<Placemark><name>0301356103</name><visibility>0</visibility><LookAt><longitude>-47.556543</longitude><latitude>-5.600553</latitude><altitude>1200.0</altitude><altitudeMode>absolute</altitudeMode></LookAt><styleUrl>#mapDaimonChave</styleUrl><Point><coordinates>-47.556543,-5.600553,0</coordinates></Point></Placemark>
<Placemark><name>0301214103</name><visibility>0</visibility><LookAt><longitude>-47.556485</longitude><latitude>-5.603749</latitude><altitude>1200.0</altitude><altitudeMode>absolute</altitudeMode></LookAt><styleUrl>#mapDaimonChave</styleUrl><Point><coordinates>-47.556485,-5.603749,0</coordinates></Point></Placemark>
<Placemark><name>0301140103</name><visibility>0</visibility><LookAt><longitude>-47.557210</longitude><latitude>-5.614563</latitude><altitude>1200.0</altitude><altitudeMode>absolute</altitudeMode></LookAt><styleUrl>#mapDaimonChave</styleUrl><Point><coordinates>-47.557210,-5.614563,0</coordinates></Point></Placemark>
<Placemark><name>0300003239</name><visibility>0</visibility><LookAt><longitude>-47.557629</longitude><latitude>-5.621223</latitude><altitude>1200.0</altitude><altitudeMode>absolute</altitudeMode></LookAt><styleUrl>#mapDaimonChave</styleUrl><Point><coordinates>-47.557629,-5.621223,0</coordinates></Point></Placemark>
<Placemark><name>0300001103</name><visibility>0</visibility><LookAt><longitude>-47.556981</longitude><latitude>-5.610605</latitude><altitude>1200.0</altitude><altitudeMode>absolute</altitudeMode></LookAt><styleUrl>#mapDaimonChave</styleUrl><Point><coordinates>-47.556981,-5.610605,0</coordinates></Point></Placemark>
<Placemark><name>0301357103</name><visibility>0</visibility><LookAt><longitude>-47.557794</longitude><latitude>-5.598520</latitude><altitude>1200.0</altitude><altitudeMode>absolute</altitudeMode></LookAt><styleUrl>#mapDaimonChave</styleUrl><Point><coordinates>-47.557794,-5.598520,0</coordinates></Point></Placemark>
<Placemark><name>0300001239</name><visibility>0</visibility><LookAt><longitude>-47.556392</longitude><latitude>-5.602085</latitude><altitude>1200.0</altitude><altitudeMode>absolute</altitudeMode></LookAt><styleUrl>#mapDaimonChave</styleUrl><Point><coordinates>-47.556392,-5.602085,0</coordinates></Point></Placemark>
<Placemark><name>0300038103</name><visibility>0</visibility><LookAt><longitude>-47.559899</longitude><latitude>-5.595184</latitude><altitude>1200.0</altitude><altitudeMode>absolute</altitudeMode></LookAt><styleUrl>#mapDaimonChave</styleUrl><Point><coordinates>-47.559899,-5.595184,0</coordinates></Point></Placemark>
<Placemark><name>0301354103</name><visibility>0</visibility><LookAt><longitude>-47.556701</longitude><latitude>-5.606382</latitude><altitude>1200.0</altitude><altitudeMode>absolute</altitudeMode></LookAt><styleUrl>#mapDaimonChave</styleUrl><Point><coordinates>-47.556701,-5.606382,0</coordinates></Point></Placemark>
<Placemark><name>0300037103</name><visibility>0</visibility><LookAt><longitude>-47.561475</longitude><latitude>-5.591021</latitude><altitude>1200.0</altitude><altitudeMode>absolute</altitudeMode></LookAt><styleUrl>#mapDaimonChave</styleUrl><Point><coordinates>-47.561475,-5.591021,0</coordinates></Point></Placemark>
<Placemark><name>3300003238</name><visibility>0</visibility><LookAt><longitude>-47.561459</longitude><latitude>-5.589969</latitude><altitude>1200.0</altitude><altitudeMode>absolute</altitudeMode></LookAt><styleUrl>#mapDaimonChave</styleUrl><Point><coordinates>-47.561459,-5.589969,0</coordinates></Point></Placemark>
<Placemark><name>0348176103</name><visibility>0</visibility><LookAt><longitude>-47.598732</longitude><latitude>-5.543635</latitude><altitude>1200.0</altitude><altitudeMode>absolute</altitudeMode></LookAt><styleUrl>#mapDaimonChave</styleUrl><Point><coordinates>-47.598732,-5.543635,0</coordinates></Point></Placemark>
<Placemark><name>0350198103</name><visibility>0</visibility><LookAt><longitude>-47.601369</longitude><latitude>-5.538006</latitude><altitude>1200.0</altitude><altitudeMode>absolute</altitudeMode></LookAt><styleUrl>#mapDaimonChave</styleUrl><Point><coordinates>-47.601369,-5.538006,0</coordinates></Point></Placemark>
<Placemark><name>0348154103</name><visibility>0</visibility><LookAt><longitude>-47.600443</longitude><latitude>-5.538924</latitude><altitude>1200.0</altitude><altitudeMode>absolute</altitudeMode></LookAt><styleUrl>#mapDaimonChave</styleUrl><Point><coordinates>-47.600443,-5.538924,0</coordinates></Point></Placemark>
<Placemark><name>3354934103</name><visibility>0</visibility><LookAt><longitude>-47.595651</longitude><latitude>-5.546227</latitude><altitude>1200.0</altitude><altitudeMode>absolute</altitudeMode></LookAt><styleUrl>#mapDaimonChave</styleUrl><Point><coordinates>-47.595651,-5.546227,0</coordinates></Point></Placemark>
<Placemark><name>0335908141</name><visibility>0</visibility><LookAt><longitude>-47.604241</longitude><latitude>-5.586955</latitude><altitude>1200.0</altitude><altitudeMode>absolute</altitudeMode></LookAt><styleUrl>#mapDaimonChave</styleUrl><Point><coordinates>-47.604241,-5.586955,0</coordinates></Point></Placemark>
<Placemark><name>0300003141</name><visibility>0</visibility><LookAt><longitude>-47.604449</longitude><latitude>-5.588163</latitude><altitude>1200.0</altitude><altitudeMode>absolute</altitudeMode></LookAt><styleUrl>#mapDaimonChave</styleUrl><Point><coordinates>-47.604449,-5.588163,0</coordinates></Point></Placemark>
<Placemark><name>0300319088</name><visibility>0</visibility><LookAt><longitude>-47.602959</longitude><latitude>-5.581057</latitude><altitude>1200.0</altitude><altitudeMode>absolute</altitudeMode></LookAt><styleUrl>#mapDaimonChave</styleUrl><Point><coordinates>-47.602959,-5.581057,0</coordinates></Point></Placemark>
<Placemark><name>0300275088</name><visibility>0</visibility><LookAt><longitude>-47.602760</longitude><latitude>-5.582039</latitude><altitude>1200.0</altitude><altitudeMode>absolute</altitudeMode></LookAt><styleUrl>#mapDaimonChave</styleUrl><Point><coordinates>-47.602760,-5.582039,0</coordinates></Point></Placemark>
<Placemark><name>9024925088</name><visibility>0</visibility><LookAt><longitude>-47.629285</longitude><latitude>-5.595145</latitude><altitude>1200.0</altitude><altitudeMode>absolute</altitudeMode></LookAt><styleUrl>#mapDaimonChave</styleUrl><Point><coordinates>-47.629285,-5.595145,0</coordinates></Point></Placemark>
<Placemark><name>0300367088</name><visibility>0</visibility><LookAt><longitude>-47.624776</longitude><latitude>-5.591955</latitude><altitude>1200.0</altitude><altitudeMode>absolute</altitudeMode></LookAt><styleUrl>#mapDaimonChave</styleUrl><Point><coordinates>-47.624776,-5.591955,0</coordinates></Point></Placemark>
<Placemark><name>0300140088</name><visibility>0</visibility><LookAt><longitude>-47.614908</longitude><latitude>-5.584881</latitude><altitude>1200.0</altitude><altitudeMode>absolute</altitudeMode></LookAt><styleUrl>#mapDaimonChave</styleUrl><Point><coordinates>-47.614908,-5.584881,0</coordinates></Point></Placemark>
<Placemark><name>0341288088</name><visibility>0</visibility><LookAt><longitude>-47.617328</longitude><latitude>-5.587584</latitude><altitude>1200.0</altitude><altitudeMode>absolute</altitudeMode></LookAt><styleUrl>#mapDaimonChave</styleUrl><Point><coordinates>-47.617328,-5.587584,0</coordinates></Point></Placemark>
<Placemark><name>3309088088</name><visibility>0</visibility><LookAt><longitude>-47.618157</longitude><latitude>-5.587991</latitude><altitude>1200.0</altitude><altitudeMode>absolute</altitudeMode></LookAt><styleUrl>#mapDaimonChave</styleUrl><Point><coordinates>-47.618157,-5.587991,0</coordinates></Point></Placemark>
<Placemark><name>0300364088</name><visibility>0</visibility><LookAt><longitude>-47.615908</longitude><latitude>-5.586115</latitude><altitude>1200.0</altitude><altitudeMode>absolute</altitudeMode></LookAt><styleUrl>#mapDaimonChave</styleUrl><Point><coordinates>-47.615908,-5.586115,0</coordinates></Point></Placemark>
<Placemark><name>0300355088</name><visibility>0</visibility><LookAt><longitude>-47.628984</longitude><latitude>-5.595134</latitude><altitude>1200.0</altitude><altitudeMode>absolute</altitudeMode></LookAt><styleUrl>#mapDaimonChave</styleUrl><Point><coordinates>-47.628984,-5.595134,0</coordinates></Point></Placemark>
<Placemark><name>0300030088</name><visibility>0</visibility><LookAt><longitude>-47.611800</longitude><latitude>-5.582546</latitude><altitude>1200.0</altitude><altitudeMode>absolute</altitudeMode></LookAt><styleUrl>#mapDaimonChave</styleUrl><Point><coordinates>-47.611800,-5.582546,0</coordinates></Point></Placemark>
<Placemark><name>0300031088</name><visibility>0</visibility><LookAt><longitude>-47.623267</longitude><latitude>-5.591831</latitude><altitude>1200.0</altitude><altitudeMode>absolute</altitudeMode></LookAt><styleUrl>#mapDaimonChave</styleUrl><Point><coordinates>-47.623267,-5.591831,0</coordinates></Point></Placemark>
<Placemark><name>0300280088</name><visibility>0</visibility><LookAt><longitude>-47.608894</longitude><latitude>-5.561652</latitude><altitude>1200.0</altitude><altitudeMode>absolute</altitudeMode></LookAt><styleUrl>#mapDaimonChave</styleUrl><Point><coordinates>-47.608894,-5.561652,0</coordinates></Point></Placemark>
<Placemark><name>3101271103</name><visibility>0</visibility><LookAt><longitude>-47.484703</longitude><latitude>-5.628636</latitude><altitude>1200.0</altitude><altitudeMode>absolute</altitudeMode></LookAt><styleUrl>#mapDaimonChave</styleUrl><Point><coordinates>-47.484703,-5.628636,0</coordinates></Point></Placemark>
<Placemark><name>0301272103</name><visibility>0</visibility><LookAt><longitude>-47.484662</longitude><latitude>-5.628702</latitude><altitude>1200.0</altitude><altitudeMode>absolute</altitudeMode></LookAt><styleUrl>#mapDaimonChave</styleUrl><Point><coordinates>-47.484662,-5.628702,0</coordinates></Point></Placemark>
<Placemark><name>0301269103</name><visibility>0</visibility><LookAt><longitude>-47.489762</longitude><latitude>-5.611028</latitude><altitude>1200.0</altitude><altitudeMode>absolute</altitudeMode></LookAt><styleUrl>#mapDaimonChave</styleUrl><Point><coordinates>-47.489762,-5.611028,0</coordinates></Point></Placemark>
<Placemark><name>0301093103</name><visibility>0</visibility><LookAt><longitude>-47.491134</longitude><latitude>-5.604401</latitude><altitude>1200.0</altitude><altitudeMode>absolute</altitudeMode></LookAt><styleUrl>#mapDaimonChave</styleUrl><Point><coordinates>-47.491134,-5.604401,0</coordinates></Point></Placemark>
<Placemark><name>0300005239</name><visibility>0</visibility><LookAt><longitude>-47.557767</longitude><latitude>-5.627678</latitude><altitude>1200.0</altitude><altitudeMode>absolute</altitudeMode></LookAt><styleUrl>#mapDaimonChave</styleUrl><Point><coordinates>-47.557767,-5.627678,0</coordinates></Point></Placemark>
<Placemark><name>0300006239</name><visibility>0</visibility><LookAt><longitude>-47.557659</longitude><latitude>-5.627510</latitude><altitude>1200.0</altitude><altitudeMode>absolute</altitudeMode></LookAt><styleUrl>#mapDaimonChave</styleUrl><Point><coordinates>-47.557659,-5.627510,0</coordinates></Point></Placemark>
<Placemark><name>0300257088</name><visibility>0</visibility><LookAt><longitude>-47.574752</longitude><latitude>-5.595343</latitude><altitude>1200.0</altitude><altitudeMode>absolute</altitudeMode></LookAt><styleUrl>#mapDaimonChave</styleUrl><Point><coordinates>-47.574752,-5.595343,0</coordinates></Point></Placemark>
<Placemark><name>0300028088</name><visibility>0</visibility><LookAt><longitude>-47.577549</longitude><latitude>-5.595750</latitude><altitude>1200.0</altitude><altitudeMode>absolute</altitudeMode></LookAt><styleUrl>#mapDaimonChave</styleUrl><Point><coordinates>-47.577549,-5.595750,0</coordinates></Point></Placemark>
<Placemark><name>0301377103</name><visibility>0</visibility><LookAt><longitude>-47.574725</longitude><latitude>-5.602271</latitude><altitude>1200.0</altitude><altitudeMode>absolute</altitudeMode></LookAt><styleUrl>#mapDaimonChave</styleUrl><Point><coordinates>-47.574725,-5.602271,0</coordinates></Point></Placemark>
<Placemark><name>0300002141</name><visibility>0</visibility><LookAt><longitude>-47.606139</longitude><latitude>-5.589554</latitude><altitude>1200.0</altitude><altitudeMode>absolute</altitudeMode></LookAt><styleUrl>#mapDaimonChave</styleUrl><Point><coordinates>-47.606139,-5.589554,0</coordinates></Point></Placemark>
<Placemark><name>0300029088</name><visibility>0</visibility><LookAt><longitude>-47.593958</longitude><latitude>-5.577469</latitude><altitude>1200.0</altitude><altitudeMode>absolute</altitudeMode></LookAt><styleUrl>#mapDaimonChave</styleUrl><Point><coordinates>-47.593958,-5.577469,0</coordinates></Point></Placemark>
<Placemark><name>0300365088</name><visibility>0</visibility><LookAt><longitude>-47.600072</longitude><latitude>-5.579875</latitude><altitude>1200.0</altitude><altitudeMode>absolute</altitudeMode></LookAt><styleUrl>#mapDaimonChave</styleUrl><Point><coordinates>-47.600072,-5.579875,0</coordinates></Point></Placemark>
<Placemark><name>7924925088</name><visibility>0</visibility><LookAt><longitude>-47.629310</longitude><latitude>-5.595134</latitude><altitude>1200.0</altitude><altitudeMode>absolute</altitudeMode></LookAt><styleUrl>#mapDaimonChave</styleUrl><Point><coordinates>-47.629310,-5.595134,0</coordinates></Point></Placemark>
<Placemark><name>0300366088</name><visibility>0</visibility><LookAt><longitude>-47.626290</longitude><latitude>-5.590958</latitude><altitude>1200.0</altitude><altitudeMode>absolute</altitudeMode></LookAt><styleUrl>#mapDaimonChave</styleUrl><Point><coordinates>-47.626290,-5.590958,0</coordinates></Point></Placemark>
<Placemark><name>0303088088</name><visibility>0</visibility><LookAt><longitude>-47.616067</longitude><latitude>-5.596260</latitude><altitude>1200.0</altitude><altitudeMode>absolute</altitudeMode></LookAt><styleUrl>#mapDaimonChave</styleUrl><Point><coordinates>-47.616067,-5.596260,0</coordinates></Point></Placemark>
<Placemark><name>0335873088</name><visibility>0</visibility><LookAt><longitude>-47.614811</longitude><latitude>-5.589475</latitude><altitude>1200.0</altitude><altitudeMode>absolute</altitudeMode></LookAt><styleUrl>#mapDaimonChave</styleUrl><Point><coordinates>-47.614811,-5.589475,0</coordinates></Point></Placemark>
<Placemark><name>0304088088</name><visibility>0</visibility><LookAt><longitude>-47.612629</longitude><latitude>-5.596377</latitude><altitude>1200.0</altitude><altitudeMode>absolute</altitudeMode></LookAt><styleUrl>#mapDaimonChave</styleUrl><Point><coordinates>-47.612629,-5.596377,0</coordinates></Point></Placemark>
<Placemark><name>0300088088</name><visibility>0</visibility><LookAt><longitude>-47.617491</longitude><latitude>-5.591179</latitude><altitude>1200.0</altitude><altitudeMode>absolute</altitudeMode></LookAt><styleUrl>#mapDaimonChave</styleUrl><Point><coordinates>-47.617491,-5.591179,0</coordinates></Point></Placemark>
<Placemark><name>0301266103</name><visibility>0</visibility><LookAt><longitude>-47.497827</longitude><latitude>-5.630742</latitude><altitude>1200.0</altitude><altitudeMode>absolute</altitudeMode></LookAt><styleUrl>#mapDaimonChave</styleUrl><Point><coordinates>-47.497827,-5.630742,0</coordinates></Point></Placemark>
<Placemark><name>0301273103</name><visibility>0</visibility><LookAt><longitude>-47.484144</longitude><latitude>-5.632492</latitude><altitude>1200.0</altitude><altitudeMode>absolute</altitudeMode></LookAt><styleUrl>#mapDaimonChave</styleUrl><Point><coordinates>-47.484144,-5.632492,0</coordinates></Point></Placemark>
<Placemark><name>0301317103</name><visibility>0</visibility><LookAt><longitude>-47.549996</longitude><latitude>-5.629372</latitude><altitude>1200.0</altitude><altitudeMode>absolute</altitudeMode></LookAt><styleUrl>#mapDaimonChave</styleUrl><Point><coordinates>-47.549996,-5.629372,0</coordinates></Point></Placemark>
<Placemark><name>0310137103</name><visibility>0</visibility><LookAt><longitude>-47.546959</longitude><latitude>-5.631856</latitude><altitude>1200.0</altitude><altitudeMode>absolute</altitudeMode></LookAt><styleUrl>#mapDaimonChave</styleUrl><Point><coordinates>-47.546959,-5.631856,0</coordinates></Point></Placemark>
<Placemark><name>0301285103</name><visibility>0</visibility><LookAt><longitude>-47.557946</longitude><latitude>-5.633955</latitude><altitude>1200.0</altitude><altitudeMode>absolute</altitudeMode></LookAt><styleUrl>#mapDaimonChave</styleUrl><Point><coordinates>-47.557946,-5.633955,0</coordinates></Point></Placemark>
<Placemark><name>0300039103</name><visibility>0</visibility><LookAt><longitude>-47.556029</longitude><latitude>-5.631584</latitude><altitude>1200.0</altitude><altitudeMode>absolute</altitudeMode></LookAt><styleUrl>#mapDaimonChave</styleUrl><Point><coordinates>-47.556029,-5.631584,0</coordinates></Point></Placemark>
<Placemark><name>0358333103</name><visibility>0</visibility><LookAt><longitude>-47.556687</longitude><latitude>-5.632173</latitude><altitude>1200.0</altitude><altitudeMode>absolute</altitudeMode></LookAt><styleUrl>#mapDaimonChave</styleUrl><Point><coordinates>-47.556687,-5.632173,0</coordinates></Point></Placemark>
<Placemark><name>0301040103</name><visibility>0</visibility><LookAt><longitude>-47.548968</longitude><latitude>-5.617029</latitude><altitude>1200.0</altitude><altitudeMode>absolute</altitudeMode></LookAt><styleUrl>#mapDaimonChave</styleUrl><Point><coordinates>-47.548968,-5.617029,0</coordinates></Point></Placemark>
<Placemark><name>0350186103</name><visibility>0</visibility><LookAt><longitude>-47.549076</longitude><latitude>-5.618024</latitude><altitude>1200.0</altitude><altitudeMode>absolute</altitudeMode></LookAt><styleUrl>#mapDaimonChave</styleUrl><Point><coordinates>-47.549076,-5.618024,0</coordinates></Point></Placemark>
<Placemark><name>0301381103</name><visibility>0</visibility><LookAt><longitude>-47.572994</longitude><latitude>-5.608224</latitude><altitude>1200.0</altitude><altitudeMode>absolute</altitudeMode></LookAt><styleUrl>#mapDaimonChave</styleUrl><Point><coordinates>-47.572994,-5.608224,0</coordinates></Point></Placemark>
<Placemark><name>9000396088</name><visibility>0</visibility><LookAt><longitude>-47.629327</longitude><latitude>-5.595136</latitude><altitude>1200.0</altitude><altitudeMode>absolute</altitudeMode></LookAt><styleUrl>#mapDaimonChave</styleUrl><Point><coordinates>-47.629327,-5.595136,0</coordinates></Point></Placemark>
<Placemark><name>0359408088</name><visibility>0</visibility><LookAt><longitude>-47.627933</longitude><latitude>-5.589320</latitude><altitude>1200.0</altitude><altitudeMode>absolute</altitudeMode></LookAt><styleUrl>#mapDaimonChave</styleUrl><Point><coordinates>-47.627933,-5.589320,0</coordinates></Point></Placemark>
<Placemark><name>0353736103</name><visibility>0</visibility><LookAt><longitude>-47.530042</longitude><latitude>-5.612431</latitude><altitude>1200.0</altitude><altitudeMode>absolute</altitudeMode></LookAt><styleUrl>#mapDaimonChave</styleUrl><Point><coordinates>-47.530042,-5.612431,0</coordinates></Point></Placemark>
<Placemark><name>0328554088</name><visibility>0</visibility><LookAt><longitude>-47.588976</longitude><latitude>-5.618115</latitude><altitude>1200.0</altitude><altitudeMode>absolute</altitudeMode></LookAt><styleUrl>#mapDaimonChave</styleUrl><Point><coordinates>-47.588976,-5.618115,0</coordinates></Point></Placemark>
<Placemark><name>9024930088</name><visibility>0</visibility><LookAt><longitude>-47.629759</longitude><latitude>-5.595201</latitude><altitude>1200.0</altitude><altitudeMode>absolute</altitudeMode></LookAt><styleUrl>#mapDaimonChave</styleUrl><Point><coordinates>-47.629759,-5.595201,0</coordinates></Point></Placemark>
<Placemark><name>0359414088</name><visibility>0</visibility><LookAt><longitude>-47.628024</longitude><latitude>-5.588387</latitude><altitude>1200.0</altitude><altitudeMode>absolute</altitudeMode></LookAt><styleUrl>#mapDaimonChave</styleUrl><Point><coordinates>-47.628024,-5.588387,0</coordinates></Point></Placemark>
<Placemark><name>3130871103</name><visibility>0</visibility><LookAt><longitude>-47.581708</longitude><latitude>-5.553201</latitude><altitude>1200.0</altitude><altitudeMode>absolute</altitudeMode></LookAt><styleUrl>#mapDaimonChaveNA</styleUrl><Point><coordinates>-47.581708,-5.553201,0</coordinates></Point></Placemark>
<Placemark><name>8024925088</name><visibility>0</visibility><LookAt><longitude>-47.629320</longitude><latitude>-5.595173</latitude><altitude>1200.0</altitude><altitudeMode>absolute</altitudeMode></LookAt><styleUrl>#mapDaimonChaveNA</styleUrl><Point><coordinates>-47.629320,-5.595173,0</coordinates></Point></Placemark>
<Placemark><name>0319726103</name><visibility>0</visibility><LookAt><longitude>-47.496019</longitude><latitude>-5.566449</latitude><altitude>1200.0</altitude><altitudeMode>absolute</altitudeMode></LookAt><styleUrl>#mapDaimonChaveNA</styleUrl><Point><coordinates>-47.496019,-5.566449,0</coordinates></Point></Placemark>
<Placemark><name>8853047103</name><visibility>0</visibility><LookAt><longitude>-47.572407</longitude><latitude>-5.552868</latitude><altitude>1200.0</altitude><altitudeMode>absolute</altitudeMode></LookAt><styleUrl>#mapDaimonChaveNA</styleUrl><Point><coordinates>-47.572407,-5.552868,0</coordinates></Point></Placemark>
</Folder>
<Folder>
<name>EP</name>
<visibility>0</visibility>
<Placemark><name>5610020103</name><visibility>0</visibility><LookAt><longitude>-47.563978</longitude><latitude>-5.522682</latitude><altitude>1200.0</altitude><altitudeMode>absolute</altitudeMode></LookAt><styleUrl>#mapDaimonEP</styleUrl><Point><coordinates>-47.563978,-5.522682,0</coordinates></Point></Placemark>
<Placemark><name>5601227103</name><visibility>0</visibility><LookAt><longitude>-47.564497</longitude><latitude>-5.550447</latitude><altitude>1200.0</altitude><altitudeMode>absolute</altitudeMode></LookAt><styleUrl>#mapDaimonEP</styleUrl><Point><coordinates>-47.564497,-5.550447,0</coordinates></Point></Placemark>
<Placemark><name>5663136103</name><visibility>0</visibility><LookAt><longitude>-47.551337</longitude><latitude>-5.553018</latitude><altitude>1200.0</altitude><altitudeMode>absolute</altitudeMode></LookAt><styleUrl>#mapDaimonEP</styleUrl><Point><coordinates>-47.551337,-5.553018,0</coordinates></Point></Placemark>
</Folder>
<Folder>
<name>ET</name>
<visibility>0</visibility>
<Placemark><name>5152705103</name><visibility>0</visibility><LookAt><longitude>-47.568544</longitude><latitude>-5.551482</latitude><altitude>1200.0</altitude><altitudeMode>absolute</altitudeMode></LookAt><styleUrl>#mapDaimonET</styleUrl><Point><coordinates>-47.568544,-5.551482,0</coordinates></Point></Placemark>
<Placemark><name>5701209103</name><visibility>0</visibility><LookAt><longitude>-47.565894</longitude><latitude>-5.551767</latitude><altitude>1200.0</altitude><altitudeMode>absolute</altitudeMode></LookAt><styleUrl>#mapDaimonET</styleUrl><Point><coordinates>-47.565894,-5.551767,0</coordinates></Point></Placemark>
<Placemark><name>5752748103</name><visibility>0</visibility><LookAt><longitude>-47.579359</longitude><latitude>-5.520312</latitude><altitude>1200.0</altitude><altitudeMode>absolute</altitudeMode></LookAt><styleUrl>#mapDaimonET</styleUrl><Point><coordinates>-47.579359,-5.520312,0</coordinates></Point></Placemark>
<Placemark><name>5701341103</name><visibility>0</visibility><LookAt><longitude>-47.581270</longitude><latitude>-5.519715</latitude><altitude>1200.0</altitude><altitudeMode>absolute</altitudeMode></LookAt><styleUrl>#mapDaimonET</styleUrl><Point><coordinates>-47.581270,-5.519715,0</coordinates></Point></Placemark>
<Placemark><name>5701150103</name><visibility>0</visibility><LookAt><longitude>-47.579034</longitude><latitude>-5.520115</latitude><altitude>1200.0</altitude><altitudeMode>absolute</altitudeMode></LookAt><styleUrl>#mapDaimonET</styleUrl><Point><coordinates>-47.579034,-5.520115,0</coordinates></Point></Placemark>
<Placemark><name>5345993103</name><visibility>0</visibility><LookAt><longitude>-47.583221</longitude><latitude>-5.515659</latitude><altitude>1200.0</altitude><altitudeMode>absolute</altitudeMode></LookAt><styleUrl>#mapDaimonET</styleUrl><Point><coordinates>-47.583221,-5.515659,0</coordinates></Point></Placemark>
<Placemark><name>5355554103</name><visibility>0</visibility><LookAt><longitude>-47.584194</longitude><latitude>-5.516164</latitude><altitude>1200.0</altitude><altitudeMode>absolute</altitudeMode></LookAt><styleUrl>#mapDaimonET</styleUrl><Point><coordinates>-47.584194,-5.516164,0</coordinates></Point></Placemark>
<Placemark><name>5722657103</name><visibility>0</visibility><LookAt><longitude>-47.563322</longitude><latitude>-5.525692</latitude><altitude>1200.0</altitude><altitudeMode>absolute</altitudeMode></LookAt><styleUrl>#mapDaimonET</styleUrl><Point><coordinates>-47.563322,-5.525692,0</coordinates></Point></Placemark>
<Placemark><name>5701092103</name><visibility>0</visibility><LookAt><longitude>-47.562933</longitude><latitude>-5.552164</latitude><altitude>1200.0</altitude><altitudeMode>absolute</altitudeMode></LookAt><styleUrl>#mapDaimonET</styleUrl><Point><coordinates>-47.562933,-5.552164,0</coordinates></Point></Placemark>
<Placemark><name>5701091103</name><visibility>0</visibility><LookAt><longitude>-47.563788</longitude><latitude>-5.551031</latitude><altitude>1200.0</altitude><altitudeMode>absolute</altitudeMode></LookAt><styleUrl>#mapDaimonET</styleUrl><Point><coordinates>-47.563788,-5.551031,0</coordinates></Point></Placemark>
<Placemark><name>5765174103</name><visibility>0</visibility><LookAt><longitude>-47.564153</longitude><latitude>-5.551586</latitude><altitude>1200.0</altitude><altitudeMode>absolute</altitudeMode></LookAt><styleUrl>#mapDaimonET</styleUrl><Point><coordinates>-47.564153,-5.551586,0</coordinates></Point></Placemark>
<Placemark><name>5712561103</name><visibility>0</visibility><LookAt><longitude>-47.569073</longitude><latitude>-5.549555</latitude><altitude>1200.0</altitude><altitudeMode>absolute</altitudeMode></LookAt><styleUrl>#mapDaimonET</styleUrl><Point><coordinates>-47.569073,-5.549555,0</coordinates></Point></Placemark>
<Placemark><name>5701340103</name><visibility>0</visibility><LookAt><longitude>-47.570167</longitude><latitude>-5.549391</latitude><altitude>1200.0</altitude><altitudeMode>absolute</altitudeMode></LookAt><styleUrl>#mapDaimonET</styleUrl><Point><coordinates>-47.570167,-5.549391,0</coordinates></Point></Placemark>
<Placemark><name>5749966103</name><visibility>0</visibility><LookAt><longitude>-47.573089</longitude><latitude>-5.538726</latitude><altitude>1200.0</altitude><altitudeMode>absolute</altitudeMode></LookAt><styleUrl>#mapDaimonET</styleUrl><Point><coordinates>-47.573089,-5.538726,0</coordinates></Point></Placemark>
<Placemark><name>5710016103</name><visibility>0</visibility><LookAt><longitude>-47.571709</longitude><latitude>-5.531447</latitude><altitude>1200.0</altitude><altitudeMode>absolute</altitudeMode></LookAt><styleUrl>#mapDaimonET</styleUrl><Point><coordinates>-47.571709,-5.531447,0</coordinates></Point></Placemark>
<Placemark><name>5701374103</name><visibility>0</visibility><LookAt><longitude>-47.576525</longitude><latitude>-5.524968</latitude><altitude>1200.0</altitude><altitudeMode>absolute</altitudeMode></LookAt><styleUrl>#mapDaimonET</styleUrl><Point><coordinates>-47.576525,-5.524968,0</coordinates></Point></Placemark>
<Placemark><name>5710013103</name><visibility>0</visibility><LookAt><longitude>-47.568691</longitude><latitude>-5.536395</latitude><altitude>1200.0</altitude><altitudeMode>absolute</altitudeMode></LookAt><styleUrl>#mapDaimonET</styleUrl><Point><coordinates>-47.568691,-5.536395,0</coordinates></Point></Placemark>
<Placemark><name>5365176103</name><visibility>0</visibility><LookAt><longitude>-47.586899</longitude><latitude>-5.517957</latitude><altitude>1200.0</altitude><altitudeMode>absolute</altitudeMode></LookAt><styleUrl>#mapDaimonET</styleUrl><Point><coordinates>-47.586899,-5.517957,0</coordinates></Point></Placemark>
<Placemark><name>5743826103</name><visibility>0</visibility><LookAt><longitude>-47.587279</longitude><latitude>-5.517063</latitude><altitude>1200.0</altitude><altitudeMode>absolute</altitudeMode></LookAt><styleUrl>#mapDaimonET</styleUrl><Point><coordinates>-47.587279,-5.517063,0</coordinates></Point></Placemark>
<Placemark><name>5710011103</name><visibility>0</visibility><LookAt><longitude>-47.568529</longitude><latitude>-5.541841</latitude><altitude>1200.0</altitude><altitudeMode>absolute</altitudeMode></LookAt><styleUrl>#mapDaimonET</styleUrl><Point><coordinates>-47.568529,-5.541841,0</coordinates></Point></Placemark>
<Placemark><name>5701339103</name><visibility>0</visibility><LookAt><longitude>-47.581589</longitude><latitude>-5.522421</latitude><altitude>1200.0</altitude><altitudeMode>absolute</altitudeMode></LookAt><styleUrl>#mapDaimonET</styleUrl><Point><coordinates>-47.581589,-5.522421,0</coordinates></Point></Placemark>
<Placemark><name>5712563103</name><visibility>0</visibility><LookAt><longitude>-47.575265</longitude><latitude>-5.525520</latitude><altitude>1200.0</altitude><altitudeMode>absolute</altitudeMode></LookAt><styleUrl>#mapDaimonET</styleUrl><Point><coordinates>-47.575265,-5.525520,0</coordinates></Point></Placemark>
<Placemark><name>5712562103</name><visibility>0</visibility><LookAt><longitude>-47.573906</longitude><latitude>-5.524605</latitude><altitude>1200.0</altitude><altitudeMode>absolute</altitudeMode></LookAt><styleUrl>#mapDaimonET</styleUrl><Point><coordinates>-47.573906,-5.524605,0</coordinates></Point></Placemark>
<Placemark><name>5710012103</name><visibility>0</visibility><LookAt><longitude>-47.573322</longitude><latitude>-5.528701</latitude><altitude>1200.0</altitude><altitudeMode>absolute</altitudeMode></LookAt><styleUrl>#mapDaimonET</styleUrl><Point><coordinates>-47.573322,-5.528701,0</coordinates></Point></Placemark>
<Placemark><name>5729050103</name><visibility>0</visibility><LookAt><longitude>-47.562070</longitude><latitude>-5.556693</latitude><altitude>1200.0</altitude><altitudeMode>absolute</altitudeMode></LookAt><styleUrl>#mapDaimonET</styleUrl><Point><coordinates>-47.562070,-5.556693,0</coordinates></Point></Placemark>
<Placemark><name>5700016103</name><visibility>0</visibility><LookAt><longitude>-47.577211</longitude><latitude>-5.550856</latitude><altitude>1200.0</altitude><altitudeMode>absolute</altitudeMode></LookAt><styleUrl>#mapDaimonET</styleUrl><Point><coordinates>-47.577211,-5.550856,0</coordinates></Point></Placemark>
<Placemark><name>5701043103</name><visibility>0</visibility><LookAt><longitude>-47.574851</longitude><latitude>-5.551761</latitude><altitude>1200.0</altitude><altitudeMode>absolute</altitudeMode></LookAt><styleUrl>#mapDaimonET</styleUrl><Point><coordinates>-47.574851,-5.551761,0</coordinates></Point></Placemark>
<Placemark><name>5719242103</name><visibility>0</visibility><LookAt><longitude>-47.571281</longitude><latitude>-5.550123</latitude><altitude>1200.0</altitude><altitudeMode>absolute</altitudeMode></LookAt><styleUrl>#mapDaimonET</styleUrl><Point><coordinates>-47.571281,-5.550123,0</coordinates></Point></Placemark>
<Placemark><name>5700020103</name><visibility>0</visibility><LookAt><longitude>-47.579405</longitude><latitude>-5.517883</latitude><altitude>1200.0</altitude><altitudeMode>absolute</altitudeMode></LookAt><styleUrl>#mapDaimonET</styleUrl><Point><coordinates>-47.579405,-5.517883,0</coordinates></Point></Placemark>
<Placemark><name>5700004103</name><visibility>0</visibility><LookAt><longitude>-47.576494</longitude><latitude>-5.550923</latitude><altitude>1200.0</altitude><altitudeMode>absolute</altitudeMode></LookAt><styleUrl>#mapDaimonET</styleUrl><Point><coordinates>-47.576494,-5.550923,0</coordinates></Point></Placemark>
<Placemark><name>5712566103</name><visibility>0</visibility><LookAt><longitude>-47.575285</longitude><latitude>-5.546352</latitude><altitude>1200.0</altitude><altitudeMode>absolute</altitudeMode></LookAt><styleUrl>#mapDaimonET</styleUrl><Point><coordinates>-47.575285,-5.546352,0</coordinates></Point></Placemark>
<Placemark><name>5723783103</name><visibility>0</visibility><LookAt><longitude>-47.540246</longitude><latitude>-5.553487</latitude><altitude>1200.0</altitude><altitudeMode>absolute</altitudeMode></LookAt><styleUrl>#mapDaimonET</styleUrl><Point><coordinates>-47.540246,-5.553487,0</coordinates></Point></Placemark>
<Placemark><name>5701123103</name><visibility>0</visibility><LookAt><longitude>-47.555019</longitude><latitude>-5.551977</latitude><altitude>1200.0</altitude><altitudeMode>absolute</altitudeMode></LookAt><styleUrl>#mapDaimonET</styleUrl><Point><coordinates>-47.555019,-5.551977,0</coordinates></Point></Placemark>
<Placemark><name>5710028103</name><visibility>0</visibility><LookAt><longitude>-47.583108</longitude><latitude>-5.492811</latitude><altitude>1200.0</altitude><altitudeMode>absolute</altitudeMode></LookAt><styleUrl>#mapDaimonET</styleUrl><Point><coordinates>-47.583108,-5.492811,0</coordinates></Point></Placemark>
<Placemark><name>5701049103</name><visibility>0</visibility><LookAt><longitude>-47.581747</longitude><latitude>-5.497785</latitude><altitude>1200.0</altitude><altitudeMode>absolute</altitudeMode></LookAt><styleUrl>#mapDaimonET</styleUrl><Point><coordinates>-47.581747,-5.497785,0</coordinates></Point></Placemark>
<Placemark><name>5734904103</name><visibility>0</visibility><LookAt><longitude>-47.580664</longitude><latitude>-5.499665</latitude><altitude>1200.0</altitude><altitudeMode>absolute</altitudeMode></LookAt><styleUrl>#mapDaimonET</styleUrl><Point><coordinates>-47.580664,-5.499665,0</coordinates></Point></Placemark>
<Placemark><name>5728881103</name><visibility>0</visibility><LookAt><longitude>-47.579440</longitude><latitude>-5.501086</latitude><altitude>1200.0</altitude><altitudeMode>absolute</altitudeMode></LookAt><styleUrl>#mapDaimonET</styleUrl><Point><coordinates>-47.579440,-5.501086,0</coordinates></Point></Placemark>
<Placemark><name>5701050103</name><visibility>0</visibility><LookAt><longitude>-47.576170</longitude><latitude>-5.506855</latitude><altitude>1200.0</altitude><altitudeMode>absolute</altitudeMode></LookAt><styleUrl>#mapDaimonET</styleUrl><Point><coordinates>-47.576170,-5.506855,0</coordinates></Point></Placemark>
<Placemark><name>5701089103</name><visibility>0</visibility><LookAt><longitude>-47.578953</longitude><latitude>-5.551608</latitude><altitude>1200.0</altitude><altitudeMode>absolute</altitudeMode></LookAt><styleUrl>#mapDaimonET</styleUrl><Point><coordinates>-47.578953,-5.551608,0</coordinates></Point></Placemark>
<Placemark><name>5130871103</name><visibility>0</visibility><LookAt><longitude>-47.581686</longitude><latitude>-5.553161</latitude><altitude>1200.0</altitude><altitudeMode>absolute</altitudeMode></LookAt><styleUrl>#mapDaimonET</styleUrl><Point><coordinates>-47.581686,-5.553161,0</coordinates></Point></Placemark>
<Placemark><name>5701281103</name><visibility>0</visibility><LookAt><longitude>-47.554340</longitude><latitude>-5.554171</latitude><altitude>1200.0</altitude><altitudeMode>absolute</altitudeMode></LookAt><styleUrl>#mapDaimonET</styleUrl><Point><coordinates>-47.554340,-5.554171,0</coordinates></Point></Placemark>
<Placemark><name>5701721103</name><visibility>0</visibility><LookAt><longitude>-47.540448</longitude><latitude>-5.554395</latitude><altitude>1200.0</altitude><altitudeMode>absolute</altitudeMode></LookAt><styleUrl>#mapDaimonET</styleUrl><Point><coordinates>-47.540448,-5.554395,0</coordinates></Point></Placemark>
<Placemark><name>5701045103</name><visibility>0</visibility><LookAt><longitude>-47.578968</longitude><latitude>-5.511119</latitude><altitude>1200.0</altitude><altitudeMode>absolute</altitudeMode></LookAt><styleUrl>#mapDaimonET</styleUrl><Point><coordinates>-47.578968,-5.511119,0</coordinates></Point></Placemark>
<Placemark><name>5747171103</name><visibility>0</visibility><LookAt><longitude>-47.579817</longitude><latitude>-5.494612</latitude><altitude>1200.0</altitude><altitudeMode>absolute</altitudeMode></LookAt><styleUrl>#mapDaimonET</styleUrl><Point><coordinates>-47.579817,-5.494612,0</coordinates></Point></Placemark>
<Placemark><name>5755545103</name><visibility>0</visibility><LookAt><longitude>-47.575994</longitude><latitude>-5.495511</latitude><altitude>1200.0</altitude><altitudeMode>absolute</altitudeMode></LookAt><styleUrl>#mapDaimonET</styleUrl><Point><coordinates>-47.575994,-5.495511,0</coordinates></Point></Placemark>
<Placemark><name>5756441103</name><visibility>0</visibility><LookAt><longitude>-47.572058</longitude><latitude>-5.495389</latitude><altitude>1200.0</altitude><altitudeMode>absolute</altitudeMode></LookAt><styleUrl>#mapDaimonET</styleUrl><Point><coordinates>-47.572058,-5.495389,0</coordinates></Point></Placemark>
<Placemark><name>5741263103</name><visibility>0</visibility><LookAt><longitude>-47.577032</longitude><latitude>-5.515306</latitude><altitude>1200.0</altitude><altitudeMode>absolute</altitudeMode></LookAt><styleUrl>#mapDaimonET</styleUrl><Point><coordinates>-47.577032,-5.515306,0</coordinates></Point></Placemark>
<Placemark><name>5701047103</name><visibility>0</visibility><LookAt><longitude>-47.575750</longitude><latitude>-5.503180</latitude><altitude>1200.0</altitude><altitudeMode>absolute</altitudeMode></LookAt><styleUrl>#mapDaimonET</styleUrl><Point><coordinates>-47.575750,-5.503180,0</coordinates></Point></Placemark>
<Placemark><name>5713702103</name><visibility>0</visibility><LookAt><longitude>-47.570028</longitude><latitude>-5.502661</latitude><altitude>1200.0</altitude><altitudeMode>absolute</altitudeMode></LookAt><styleUrl>#mapDaimonET</styleUrl><Point><coordinates>-47.570028,-5.502661,0</coordinates></Point></Placemark>
<Placemark><name>5701284103</name><visibility>0</visibility><LookAt><longitude>-47.576203</longitude><latitude>-5.510292</latitude><altitude>1200.0</altitude><altitudeMode>absolute</altitudeMode></LookAt><styleUrl>#mapDaimonET</styleUrl><Point><coordinates>-47.576203,-5.510292,0</coordinates></Point></Placemark>
<Placemark><name>5710029103</name><visibility>0</visibility><LookAt><longitude>-47.583300</longitude><latitude>-5.489525</latitude><altitude>1200.0</altitude><altitudeMode>absolute</altitudeMode></LookAt><styleUrl>#mapDaimonET</styleUrl><Point><coordinates>-47.583300,-5.489525,0</coordinates></Point></Placemark>
<Placemark><name>5743833103</name><visibility>0</visibility><LookAt><longitude>-47.583292</longitude><latitude>-5.488641</latitude><altitude>1200.0</altitude><altitudeMode>absolute</altitudeMode></LookAt><styleUrl>#mapDaimonET</styleUrl><Point><coordinates>-47.583292,-5.488641,0</coordinates></Point></Placemark>
<Placemark><name>5748149103</name><visibility>0</visibility><LookAt><longitude>-47.577986</longitude><latitude>-5.503739</latitude><altitude>1200.0</altitude><altitudeMode>absolute</altitudeMode></LookAt><styleUrl>#mapDaimonET</styleUrl><Point><coordinates>-47.577986,-5.503739,0</coordinates></Point></Placemark>
<Placemark><name>5701337103</name><visibility>0</visibility><LookAt><longitude>-47.577797</longitude><latitude>-5.513660</latitude><altitude>1200.0</altitude><altitudeMode>absolute</altitudeMode></LookAt><styleUrl>#mapDaimonET</styleUrl><Point><coordinates>-47.577797,-5.513660,0</coordinates></Point></Placemark>
<Placemark><name>5742827103</name><visibility>0</visibility><LookAt><longitude>-47.582715</longitude><latitude>-5.493601</latitude><altitude>1200.0</altitude><altitudeMode>absolute</altitudeMode></LookAt><styleUrl>#mapDaimonET</styleUrl><Point><coordinates>-47.582715,-5.493601,0</coordinates></Point></Placemark>
<Placemark><name>5743832103</name><visibility>0</visibility><LookAt><longitude>-47.582176</longitude><latitude>-5.495336</latitude><altitude>1200.0</altitude><altitudeMode>absolute</altitudeMode></LookAt><styleUrl>#mapDaimonET</styleUrl><Point><coordinates>-47.582176,-5.495336,0</coordinates></Point></Placemark>
<Placemark><name>5701046103</name><visibility>0</visibility><LookAt><longitude>-47.578420</longitude><latitude>-5.503099</latitude><altitude>1200.0</altitude><altitudeMode>absolute</altitudeMode></LookAt><styleUrl>#mapDaimonET</styleUrl><Point><coordinates>-47.578420,-5.503099,0</coordinates></Point></Placemark>
<Placemark><name>5710034103</name><visibility>0</visibility><LookAt><longitude>-47.584400</longitude><latitude>-5.544246</latitude><altitude>1200.0</altitude><altitudeMode>absolute</altitudeMode></LookAt><styleUrl>#mapDaimonET</styleUrl><Point><coordinates>-47.584400,-5.544246,0</coordinates></Point></Placemark>
<Placemark><name>5700035103</name><visibility>0</visibility><LookAt><longitude>-47.587141</longitude><latitude>-5.541958</latitude><altitude>1200.0</altitude><altitudeMode>absolute</altitudeMode></LookAt><styleUrl>#mapDaimonET</styleUrl><Point><coordinates>-47.587141,-5.541958,0</coordinates></Point></Placemark>
<Placemark><name>5701088103</name><visibility>0</visibility><LookAt><longitude>-47.578484</longitude><latitude>-5.549024</latitude><altitude>1200.0</altitude><altitudeMode>absolute</altitudeMode></LookAt><styleUrl>#mapDaimonET</styleUrl><Point><coordinates>-47.578484,-5.549024,0</coordinates></Point></Placemark>
<Placemark><name>5722956103</name><visibility>0</visibility><LookAt><longitude>-47.578990</longitude><latitude>-5.554437</latitude><altitude>1200.0</altitude><altitudeMode>absolute</altitudeMode></LookAt><styleUrl>#mapDaimonET</styleUrl><Point><coordinates>-47.578990,-5.554437,0</coordinates></Point></Placemark>
<Placemark><name>5700032103</name><visibility>0</visibility><LookAt><longitude>-47.577227</longitude><latitude>-5.554152</latitude><altitude>1200.0</altitude><altitudeMode>absolute</altitudeMode></LookAt><styleUrl>#mapDaimonET</styleUrl><Point><coordinates>-47.577227,-5.554152,0</coordinates></Point></Placemark>
<Placemark><name>5734200103</name><visibility>0</visibility><LookAt><longitude>-47.577295</longitude><latitude>-5.553653</latitude><altitude>1200.0</altitude><altitudeMode>absolute</altitudeMode></LookAt><styleUrl>#mapDaimonET</styleUrl><Point><coordinates>-47.577295,-5.553653,0</coordinates></Point></Placemark>
<Placemark><name>5700096103</name><visibility>0</visibility><LookAt><longitude>-47.513950</longitude><latitude>-5.560156</latitude><altitude>1200.0</altitude><altitudeMode>absolute</altitudeMode></LookAt><styleUrl>#mapDaimonET</styleUrl><Point><coordinates>-47.513950,-5.560156,0</coordinates></Point></Placemark>
<Placemark><name>5701048103</name><visibility>0</visibility><LookAt><longitude>-47.583311</longitude><latitude>-5.485335</latitude><altitude>1200.0</altitude><altitudeMode>absolute</altitudeMode></LookAt><styleUrl>#mapDaimonET</styleUrl><Point><coordinates>-47.583311,-5.485335,0</coordinates></Point></Placemark>
<Placemark><name>5747184103</name><visibility>0</visibility><LookAt><longitude>-47.582840</longitude><latitude>-5.487173</latitude><altitude>1200.0</altitude><altitudeMode>absolute</altitudeMode></LookAt><styleUrl>#mapDaimonET</styleUrl><Point><coordinates>-47.582840,-5.487173,0</coordinates></Point></Placemark>
<Placemark><name>5743745103</name><visibility>0</visibility><LookAt><longitude>-47.581809</longitude><latitude>-5.489039</latitude><altitude>1200.0</altitude><altitudeMode>absolute</altitudeMode></LookAt><styleUrl>#mapDaimonET</styleUrl><Point><coordinates>-47.581809,-5.489039,0</coordinates></Point></Placemark>
<Placemark><name>5701059103</name><visibility>0</visibility><LookAt><longitude>-47.583196</longitude><latitude>-5.544130</latitude><altitude>1200.0</altitude><altitudeMode>absolute</altitudeMode></LookAt><styleUrl>#mapDaimonET</styleUrl><Point><coordinates>-47.583196,-5.544130,0</coordinates></Point></Placemark>
<Placemark><name>5651277103</name><visibility>0</visibility><LookAt><longitude>-47.577247</longitude><latitude>-5.553652</latitude><altitude>1200.0</altitude><altitudeMode>absolute</altitudeMode></LookAt><styleUrl>#mapDaimonET</styleUrl><Point><coordinates>-47.577247,-5.553652,0</coordinates></Point></Placemark>
<Placemark><name>5700008103</name><visibility>0</visibility><LookAt><longitude>-47.577384</longitude><latitude>-5.555947</latitude><altitude>1200.0</altitude><altitudeMode>absolute</altitudeMode></LookAt><styleUrl>#mapDaimonET</styleUrl><Point><coordinates>-47.577384,-5.555947,0</coordinates></Point></Placemark>
<Placemark><name>5736977103</name><visibility>0</visibility><LookAt><longitude>-47.510251</longitude><latitude>-5.557428</latitude><altitude>1200.0</altitude><altitudeMode>absolute</altitudeMode></LookAt><styleUrl>#mapDaimonET</styleUrl><Point><coordinates>-47.510251,-5.557428,0</coordinates></Point></Placemark>
<Placemark><name>5736972103</name><visibility>0</visibility><LookAt><longitude>-47.514767</longitude><latitude>-5.559863</latitude><altitude>1200.0</altitude><altitudeMode>absolute</altitudeMode></LookAt><styleUrl>#mapDaimonET</styleUrl><Point><coordinates>-47.514767,-5.559863,0</coordinates></Point></Placemark>
<Placemark><name>5700007103</name><visibility>0</visibility><LookAt><longitude>-47.577021</longitude><latitude>-5.555298</latitude><altitude>1200.0</altitude><altitudeMode>absolute</altitudeMode></LookAt><styleUrl>#mapDaimonET</styleUrl><Point><coordinates>-47.577021,-5.555298,0</coordinates></Point></Placemark>
<Placemark><name>5700010103</name><visibility>0</visibility><LookAt><longitude>-47.579207</longitude><latitude>-5.556941</latitude><altitude>1200.0</altitude><altitudeMode>absolute</altitudeMode></LookAt><styleUrl>#mapDaimonET</styleUrl><Point><coordinates>-47.579207,-5.556941,0</coordinates></Point></Placemark>
<Placemark><name>5750168103</name><visibility>0</visibility><LookAt><longitude>-47.581005</longitude><latitude>-5.557678</latitude><altitude>1200.0</altitude><altitudeMode>absolute</altitudeMode></LookAt><styleUrl>#mapDaimonET</styleUrl><Point><coordinates>-47.581005,-5.557678,0</coordinates></Point></Placemark>
<Placemark><name>5700018103</name><visibility>0</visibility><LookAt><longitude>-47.572583</longitude><latitude>-5.553649</latitude><altitude>1200.0</altitude><altitudeMode>absolute</altitudeMode></LookAt><styleUrl>#mapDaimonET</styleUrl><Point><coordinates>-47.572583,-5.553649,0</coordinates></Point></Placemark>
<Placemark><name>5710031103</name><visibility>0</visibility><LookAt><longitude>-47.571041</longitude><latitude>-5.565814</latitude><altitude>1200.0</altitude><altitudeMode>absolute</altitudeMode></LookAt><styleUrl>#mapDaimonET</styleUrl><Point><coordinates>-47.571041,-5.565814,0</coordinates></Point></Placemark>
<Placemark><name>5710030103</name><visibility>0</visibility><LookAt><longitude>-47.566131</longitude><latitude>-5.571141</latitude><altitude>1200.0</altitude><altitudeMode>absolute</altitudeMode></LookAt><styleUrl>#mapDaimonET</styleUrl><Point><coordinates>-47.566131,-5.571141,0</coordinates></Point></Placemark>
<Placemark><name>5750162103</name><visibility>0</visibility><LookAt><longitude>-47.562860</longitude><latitude>-5.577634</latitude><altitude>1200.0</altitude><altitudeMode>absolute</altitudeMode></LookAt><styleUrl>#mapDaimonET</styleUrl><Point><coordinates>-47.562860,-5.577634,0</coordinates></Point></Placemark>
<Placemark><name>5701987103</name><visibility>0</visibility><LookAt><longitude>-47.510411</longitude><latitude>-5.555480</latitude><altitude>1200.0</altitude><altitudeMode>absolute</altitudeMode></LookAt><styleUrl>#mapDaimonET</styleUrl><Point><coordinates>-47.510411,-5.555480,0</coordinates></Point></Placemark>
<Placemark><name>5734544103</name><visibility>0</visibility><LookAt><longitude>-47.514428</longitude><latitude>-5.556764</latitude><altitude>1200.0</altitude><altitudeMode>absolute</altitudeMode></LookAt><styleUrl>#mapDaimonET</styleUrl><Point><coordinates>-47.514428,-5.556764,0</coordinates></Point></Placemark>
<Placemark><name>5701746103</name><visibility>0</visibility><LookAt><longitude>-47.510922</longitude><latitude>-5.557814</latitude><altitude>1200.0</altitude><altitudeMode>absolute</altitudeMode></LookAt><styleUrl>#mapDaimonET</styleUrl><Point><coordinates>-47.510922,-5.557814,0</coordinates></Point></Placemark>
<Placemark><name>5742255103</name><visibility>0</visibility><LookAt><longitude>-47.509880</longitude><latitude>-5.554676</latitude><altitude>1200.0</altitude><altitudeMode>absolute</altitudeMode></LookAt><styleUrl>#mapDaimonET</styleUrl><Point><coordinates>-47.509880,-5.554676,0</coordinates></Point></Placemark>
<Placemark><name>5700119130</name><visibility>0</visibility><LookAt><longitude>-47.507743</longitude><latitude>-5.550340</latitude><altitude>1200.0</altitude><altitudeMode>absolute</altitudeMode></LookAt><styleUrl>#mapDaimonET</styleUrl><Point><coordinates>-47.507743,-5.550340,0</coordinates></Point></Placemark>
<Placemark><name>5700134103</name><visibility>0</visibility><LookAt><longitude>-47.515824</longitude><latitude>-5.565492</latitude><altitude>1200.0</altitude><altitudeMode>absolute</altitudeMode></LookAt><styleUrl>#mapDaimonET</styleUrl><Point><coordinates>-47.515824,-5.565492,0</coordinates></Point></Placemark>
<Placemark><name>5701125103</name><visibility>0</visibility><LookAt><longitude>-47.519452</longitude><latitude>-5.568285</latitude><altitude>1200.0</altitude><altitudeMode>absolute</altitudeMode></LookAt><styleUrl>#mapDaimonET</styleUrl><Point><coordinates>-47.519452,-5.568285,0</coordinates></Point></Placemark>
<Placemark><name>5701210103</name><visibility>0</visibility><LookAt><longitude>-47.569446</longitude><latitude>-5.553494</latitude><altitude>1200.0</altitude><altitudeMode>absolute</altitudeMode></LookAt><styleUrl>#mapDaimonET</styleUrl><Point><coordinates>-47.569446,-5.553494,0</coordinates></Point></Placemark>
<Placemark><name>5701336103</name><visibility>0</visibility><LookAt><longitude>-47.552582</longitude><latitude>-5.566026</latitude><altitude>1200.0</altitude><altitudeMode>absolute</altitudeMode></LookAt><styleUrl>#mapDaimonET</styleUrl><Point><coordinates>-47.552582,-5.566026,0</coordinates></Point></Placemark>
<Placemark><name>5734517103</name><visibility>0</visibility><LookAt><longitude>-47.563911</longitude><latitude>-5.572808</latitude><altitude>1200.0</altitude><altitudeMode>absolute</altitudeMode></LookAt><styleUrl>#mapDaimonET</styleUrl><Point><coordinates>-47.563911,-5.572808,0</coordinates></Point></Placemark>
<Placemark><name>5700139103</name><visibility>0</visibility><LookAt><longitude>-47.575771</longitude><latitude>-5.560793</latitude><altitude>1200.0</altitude><altitudeMode>absolute</altitudeMode></LookAt><styleUrl>#mapDaimonET</styleUrl><Point><coordinates>-47.575771,-5.560793,0</coordinates></Point></Placemark>
<Placemark><name>5734521103</name><visibility>0</visibility><LookAt><longitude>-47.566871</longitude><latitude>-5.568703</latitude><altitude>1200.0</altitude><altitudeMode>absolute</altitudeMode></LookAt><styleUrl>#mapDaimonET</styleUrl><Point><coordinates>-47.566871,-5.568703,0</coordinates></Point></Placemark>
<Placemark><name>5710014103</name><visibility>0</visibility><LookAt><longitude>-47.574280</longitude><latitude>-5.561425</latitude><altitude>1200.0</altitude><altitudeMode>absolute</altitudeMode></LookAt><styleUrl>#mapDaimonET</styleUrl><Point><coordinates>-47.574280,-5.561425,0</coordinates></Point></Placemark>
<Placemark><name>5861171103</name><visibility>0</visibility><LookAt><longitude>-47.561308</longitude><latitude>-5.582899</latitude><altitude>1200.0</altitude><altitudeMode>absolute</altitudeMode></LookAt><styleUrl>#mapDaimonET</styleUrl><Point><coordinates>-47.561308,-5.582899,0</coordinates></Point></Placemark>
<Placemark><name>5724967103</name><visibility>0</visibility><LookAt><longitude>-47.561248</longitude><latitude>-5.581604</latitude><altitude>1200.0</altitude><altitudeMode>absolute</altitudeMode></LookAt><styleUrl>#mapDaimonET</styleUrl><Point><coordinates>-47.561248,-5.581604,0</coordinates></Point></Placemark>
<Placemark><name>5701368103</name><visibility>0</visibility><LookAt><longitude>-47.577157</longitude><latitude>-5.573545</latitude><altitude>1200.0</altitude><altitudeMode>absolute</altitudeMode></LookAt><styleUrl>#mapDaimonET</styleUrl><Point><coordinates>-47.577157,-5.573545,0</coordinates></Point></Placemark>
<Placemark><name>5700002231</name><visibility>0</visibility><LookAt><longitude>-47.593052</longitude><latitude>-5.566704</latitude><altitude>1200.0</altitude><altitudeMode>absolute</altitudeMode></LookAt><styleUrl>#mapDaimonET</styleUrl><Point><coordinates>-47.593052,-5.566704,0</coordinates></Point></Placemark>
<Placemark><name>5701327103</name><visibility>0</visibility><LookAt><longitude>-47.584904</longitude><latitude>-5.559902</latitude><altitude>1200.0</altitude><altitudeMode>absolute</altitudeMode></LookAt><styleUrl>#mapDaimonET</styleUrl><Point><coordinates>-47.584904,-5.559902,0</coordinates></Point></Placemark>
<Placemark><name>5700443103</name><visibility>0</visibility><LookAt><longitude>-47.587549</longitude><latitude>-5.555805</latitude><altitude>1200.0</altitude><altitudeMode>absolute</altitudeMode></LookAt><styleUrl>#mapDaimonET</styleUrl><Point><coordinates>-47.587549,-5.555805,0</coordinates></Point></Placemark>
<Placemark><name>5735870103</name><visibility>0</visibility><LookAt><longitude>-47.585619</longitude><latitude>-5.556312</latitude><altitude>1200.0</altitude><altitudeMode>absolute</altitudeMode></LookAt><styleUrl>#mapDaimonET</styleUrl><Point><coordinates>-47.585619,-5.556312,0</coordinates></Point></Placemark>
<Placemark><name>5710003231</name><visibility>0</visibility><LookAt><longitude>-47.592941</longitude><latitude>-5.567935</latitude><altitude>1200.0</altitude><altitudeMode>absolute</altitudeMode></LookAt><styleUrl>#mapDaimonET</styleUrl><Point><coordinates>-47.592941,-5.567935,0</coordinates></Point></Placemark>
<Placemark><name>5700012231</name><visibility>0</visibility><LookAt><longitude>-47.588281</longitude><latitude>-5.561900</latitude><altitude>1200.0</altitude><altitudeMode>absolute</altitudeMode></LookAt><styleUrl>#mapDaimonET</styleUrl><Point><coordinates>-47.588281,-5.561900,0</coordinates></Point></Placemark>
<Placemark><name>5764218103</name><visibility>0</visibility><LookAt><longitude>-47.586924</longitude><latitude>-5.558796</latitude><altitude>1200.0</altitude><altitudeMode>absolute</altitudeMode></LookAt><styleUrl>#mapDaimonET</styleUrl><Point><coordinates>-47.586924,-5.558796,0</coordinates></Point></Placemark>
<Placemark><name>5710009103</name><visibility>0</visibility><LookAt><longitude>-47.504430</longitude><latitude>-5.545706</latitude><altitude>1200.0</altitude><altitudeMode>absolute</altitudeMode></LookAt><styleUrl>#mapDaimonET</styleUrl><Point><coordinates>-47.504430,-5.545706,0</coordinates></Point></Placemark>
<Placemark><name>5767111103</name><visibility>0</visibility><LookAt><longitude>-47.504719</longitude><latitude>-5.542497</latitude><altitude>1200.0</altitude><altitudeMode>absolute</altitudeMode></LookAt><styleUrl>#mapDaimonET</styleUrl><Point><coordinates>-47.504719,-5.542497,0</coordinates></Point></Placemark>
<Placemark><name>5701152130</name><visibility>0</visibility><LookAt><longitude>-47.502090</longitude><latitude>-5.543984</latitude><altitude>1200.0</altitude><altitudeMode>absolute</altitudeMode></LookAt><styleUrl>#mapDaimonET</styleUrl><Point><coordinates>-47.502090,-5.543984,0</coordinates></Point></Placemark>
<Placemark><name>5721432130</name><visibility>0</visibility><LookAt><longitude>-47.508297</longitude><latitude>-5.545177</latitude><altitude>1200.0</altitude><altitudeMode>absolute</altitudeMode></LookAt><styleUrl>#mapDaimonET</styleUrl><Point><coordinates>-47.508297,-5.545177,0</coordinates></Point></Placemark>
<Placemark><name>5701130103</name><visibility>0</visibility><LookAt><longitude>-47.523420</longitude><latitude>-5.558733</latitude><altitude>1200.0</altitude><altitudeMode>absolute</altitudeMode></LookAt><styleUrl>#mapDaimonET</styleUrl><Point><coordinates>-47.523420,-5.558733,0</coordinates></Point></Placemark>
<Placemark><name>5700069103</name><visibility>0</visibility><LookAt><longitude>-47.520243</longitude><latitude>-5.570558</latitude><altitude>1200.0</altitude><altitudeMode>absolute</altitudeMode></LookAt><styleUrl>#mapDaimonET</styleUrl><Point><coordinates>-47.520243,-5.570558,0</coordinates></Point></Placemark>
<Placemark><name>5700070103</name><visibility>0</visibility><LookAt><longitude>-47.522646</longitude><latitude>-5.578827</latitude><altitude>1200.0</altitude><altitudeMode>absolute</altitudeMode></LookAt><styleUrl>#mapDaimonET</styleUrl><Point><coordinates>-47.522646,-5.578827,0</coordinates></Point></Placemark>
<Placemark><name>5712630103</name><visibility>0</visibility><LookAt><longitude>-47.521567</longitude><latitude>-5.583353</latitude><altitude>1200.0</altitude><altitudeMode>absolute</altitudeMode></LookAt><styleUrl>#mapDaimonET</styleUrl><Point><coordinates>-47.521567,-5.583353,0</coordinates></Point></Placemark>
<Placemark><name>5701283103</name><visibility>0</visibility><LookAt><longitude>-47.491423</longitude><latitude>-5.554964</latitude><altitude>1200.0</altitude><altitudeMode>absolute</altitudeMode></LookAt><styleUrl>#mapDaimonET</styleUrl><Point><coordinates>-47.491423,-5.554964,0</coordinates></Point></Placemark>
<Placemark><name>5734905130</name><visibility>0</visibility><LookAt><longitude>-47.497703</longitude><latitude>-5.544191</latitude><altitude>1200.0</altitude><altitudeMode>absolute</altitudeMode></LookAt><styleUrl>#mapDaimonET</styleUrl><Point><coordinates>-47.497703,-5.544191,0</coordinates></Point></Placemark>
<Placemark><name>5750170103</name><visibility>0</visibility><LookAt><longitude>-47.580920</longitude><latitude>-5.556347</latitude><altitude>1200.0</altitude><altitudeMode>absolute</altitudeMode></LookAt><styleUrl>#mapDaimonET</styleUrl><Point><coordinates>-47.580920,-5.556347,0</coordinates></Point></Placemark>
<Placemark><name>5701208103</name><visibility>0</visibility><LookAt><longitude>-47.551171</longitude><latitude>-5.583489</latitude><altitude>1200.0</altitude><altitudeMode>absolute</altitudeMode></LookAt><styleUrl>#mapDaimonET</styleUrl><Point><coordinates>-47.551171,-5.583489,0</coordinates></Point></Placemark>
<Placemark><name>5701144103</name><visibility>0</visibility><LookAt><longitude>-47.555092</longitude><latitude>-5.583283</latitude><altitude>1200.0</altitude><altitudeMode>absolute</altitudeMode></LookAt><styleUrl>#mapDaimonET</styleUrl><Point><coordinates>-47.555092,-5.583283,0</coordinates></Point></Placemark>
<Placemark><name>5737499103</name><visibility>0</visibility><LookAt><longitude>-47.557993</longitude><latitude>-5.583100</latitude><altitude>1200.0</altitude><altitudeMode>absolute</altitudeMode></LookAt><styleUrl>#mapDaimonET</styleUrl><Point><coordinates>-47.557993,-5.583100,0</coordinates></Point></Placemark>
<Placemark><name>5701143103</name><visibility>0</visibility><LookAt><longitude>-47.559857</longitude><latitude>-5.583005</latitude><altitude>1200.0</altitude><altitudeMode>absolute</altitudeMode></LookAt><styleUrl>#mapDaimonET</styleUrl><Point><coordinates>-47.559857,-5.583005,0</coordinates></Point></Placemark>
<Placemark><name>5701148103</name><visibility>0</visibility><LookAt><longitude>-47.542338</longitude><latitude>-5.586876</latitude><altitude>1200.0</altitude><altitudeMode>absolute</altitudeMode></LookAt><styleUrl>#mapDaimonET</styleUrl><Point><coordinates>-47.542338,-5.586876,0</coordinates></Point></Placemark>
<Placemark><name>5701146103</name><visibility>0</visibility><LookAt><longitude>-47.538784</longitude><latitude>-5.583658</latitude><altitude>1200.0</altitude><altitudeMode>absolute</altitudeMode></LookAt><styleUrl>#mapDaimonET</styleUrl><Point><coordinates>-47.538784,-5.583658,0</coordinates></Point></Placemark>
<Placemark><name>5701211103</name><visibility>0</visibility><LookAt><longitude>-47.562069</longitude><latitude>-5.581518</latitude><altitude>1200.0</altitude><altitudeMode>absolute</altitudeMode></LookAt><styleUrl>#mapDaimonET</styleUrl><Point><coordinates>-47.562069,-5.581518,0</coordinates></Point></Placemark>
<Placemark><name>5700002238</name><visibility>0</visibility><LookAt><longitude>-47.561097</longitude><latitude>-5.584878</latitude><altitude>1200.0</altitude><altitudeMode>absolute</altitudeMode></LookAt><styleUrl>#mapDaimonET</styleUrl><Point><coordinates>-47.561097,-5.584878,0</coordinates></Point></Placemark>
<Placemark><name>5742261103</name><visibility>0</visibility><LookAt><longitude>-47.581263</longitude><latitude>-5.573325</latitude><altitude>1200.0</altitude><altitudeMode>absolute</altitudeMode></LookAt><styleUrl>#mapDaimonET</styleUrl><Point><coordinates>-47.581263,-5.573325,0</coordinates></Point></Placemark>
<Placemark><name>5751283103</name><visibility>0</visibility><LookAt><longitude>-47.594377</longitude><latitude>-5.552118</latitude><altitude>1200.0</altitude><altitudeMode>absolute</altitudeMode></LookAt><styleUrl>#mapDaimonET</styleUrl><Point><coordinates>-47.594377,-5.552118,0</coordinates></Point></Placemark>
<Placemark><name>5700137088</name><visibility>0</visibility><LookAt><longitude>-47.603680</longitude><latitude>-5.574564</latitude><altitude>1200.0</altitude><altitudeMode>absolute</altitudeMode></LookAt><styleUrl>#mapDaimonET</styleUrl><Point><coordinates>-47.603680,-5.574564,0</coordinates></Point></Placemark>
<Placemark><name>5701041103</name><visibility>0</visibility><LookAt><longitude>-47.585153</longitude><latitude>-5.549678</latitude><altitude>1200.0</altitude><altitudeMode>absolute</altitudeMode></LookAt><styleUrl>#mapDaimonET</styleUrl><Point><coordinates>-47.585153,-5.549678,0</coordinates></Point></Placemark>
<Placemark><name>5709949103</name><visibility>0</visibility><LookAt><longitude>-47.506321</longitude><latitude>-5.543326</latitude><altitude>1200.0</altitude><altitudeMode>absolute</altitudeMode></LookAt><styleUrl>#mapDaimonET</styleUrl><Point><coordinates>-47.506321,-5.543326,0</coordinates></Point></Placemark>
<Placemark><name>5712588130</name><visibility>0</visibility><LookAt><longitude>-47.500936</longitude><latitude>-5.542649</latitude><altitude>1200.0</altitude><altitudeMode>absolute</altitudeMode></LookAt><styleUrl>#mapDaimonET</styleUrl><Point><coordinates>-47.500936,-5.542649,0</coordinates></Point></Placemark>
<Placemark><name>5700099103</name><visibility>0</visibility><LookAt><longitude>-47.511833</longitude><latitude>-5.599979</latitude><altitude>1200.0</altitude><altitudeMode>absolute</altitudeMode></LookAt><styleUrl>#mapDaimonET</styleUrl><Point><coordinates>-47.511833,-5.599979,0</coordinates></Point></Placemark>
<Placemark><name>5700133103</name><visibility>0</visibility><LookAt><longitude>-47.507803</longitude><latitude>-5.598655</latitude><altitude>1200.0</altitude><altitudeMode>absolute</altitudeMode></LookAt><styleUrl>#mapDaimonET</styleUrl><Point><coordinates>-47.507803,-5.598655,0</coordinates></Point></Placemark>
<Placemark><name>5741278103</name><visibility>0</visibility><LookAt><longitude>-47.510464</longitude><latitude>-5.590724</latitude><altitude>1200.0</altitude><altitudeMode>absolute</altitudeMode></LookAt><styleUrl>#mapDaimonET</styleUrl><Point><coordinates>-47.510464,-5.590724,0</coordinates></Point></Placemark>
<Placemark><name>5701126103</name><visibility>0</visibility><LookAt><longitude>-47.511643</longitude><latitude>-5.585449</latitude><altitude>1200.0</altitude><altitudeMode>absolute</altitudeMode></LookAt><styleUrl>#mapDaimonET</styleUrl><Point><coordinates>-47.511643,-5.585449,0</coordinates></Point></Placemark>
<Placemark><name>5700009103</name><visibility>0</visibility><LookAt><longitude>-47.515880</longitude><latitude>-5.578253</latitude><altitude>1200.0</altitude><altitudeMode>absolute</altitudeMode></LookAt><styleUrl>#mapDaimonET</styleUrl><Point><coordinates>-47.515880,-5.578253,0</coordinates></Point></Placemark>
<Placemark><name>5700072103</name><visibility>0</visibility><LookAt><longitude>-47.522816</longitude><latitude>-5.590939</latitude><altitude>1200.0</altitude><altitudeMode>absolute</altitudeMode></LookAt><styleUrl>#mapDaimonET</styleUrl><Point><coordinates>-47.522816,-5.590939,0</coordinates></Point></Placemark>
<Placemark><name>5701753103</name><visibility>0</visibility><LookAt><longitude>-47.523387</longitude><latitude>-5.592298</latitude><altitude>1200.0</altitude><altitudeMode>absolute</altitudeMode></LookAt><styleUrl>#mapDaimonET</styleUrl><Point><coordinates>-47.523387,-5.592298,0</coordinates></Point></Placemark>
<Placemark><name>5700073103</name><visibility>0</visibility><LookAt><longitude>-47.526605</longitude><latitude>-5.596674</latitude><altitude>1200.0</altitude><altitudeMode>absolute</altitudeMode></LookAt><styleUrl>#mapDaimonET</styleUrl><Point><coordinates>-47.526605,-5.596674,0</coordinates></Point></Placemark>
<Placemark><name>5700071103</name><visibility>0</visibility><LookAt><longitude>-47.524127</longitude><latitude>-5.585574</latitude><altitude>1200.0</altitude><altitudeMode>absolute</altitudeMode></LookAt><styleUrl>#mapDaimonET</styleUrl><Point><coordinates>-47.524127,-5.585574,0</coordinates></Point></Placemark>
<Placemark><name>5723025103</name><visibility>0</visibility><LookAt><longitude>-47.492231</longitude><latitude>-5.561547</latitude><altitude>1200.0</altitude><altitudeMode>absolute</altitudeMode></LookAt><styleUrl>#mapDaimonET</styleUrl><Point><coordinates>-47.492231,-5.561547,0</coordinates></Point></Placemark>
<Placemark><name>5701282103</name><visibility>0</visibility><LookAt><longitude>-47.491926</longitude><latitude>-5.551381</latitude><altitude>1200.0</altitude><altitudeMode>absolute</altitudeMode></LookAt><styleUrl>#mapDaimonET</styleUrl><Point><coordinates>-47.491926,-5.551381,0</coordinates></Point></Placemark>
<Placemark><name>5719721103</name><visibility>0</visibility><LookAt><longitude>-47.489274</longitude><latitude>-5.565305</latitude><altitude>1200.0</altitude><altitudeMode>absolute</altitudeMode></LookAt><styleUrl>#mapDaimonET</styleUrl><Point><coordinates>-47.489274,-5.565305,0</coordinates></Point></Placemark>
<Placemark><name>5719720103</name><visibility>0</visibility><LookAt><longitude>-47.490828</longitude><latitude>-5.564914</latitude><altitude>1200.0</altitude><altitudeMode>absolute</altitudeMode></LookAt><styleUrl>#mapDaimonET</styleUrl><Point><coordinates>-47.490828,-5.564914,0</coordinates></Point></Placemark>
<Placemark><name>5701147103</name><visibility>0</visibility><LookAt><longitude>-47.539475</longitude><latitude>-5.589853</latitude><altitude>1200.0</altitude><altitudeMode>absolute</altitudeMode></LookAt><styleUrl>#mapDaimonET</styleUrl><Point><coordinates>-47.539475,-5.589853,0</coordinates></Point></Placemark>
<Placemark><name>5736993103</name><visibility>0</visibility><LookAt><longitude>-47.539071</longitude><latitude>-5.582993</latitude><altitude>1200.0</altitude><altitudeMode>absolute</altitudeMode></LookAt><styleUrl>#mapDaimonET</styleUrl><Point><coordinates>-47.539071,-5.582993,0</coordinates></Point></Placemark>
<Placemark><name>5735220103</name><visibility>0</visibility><LookAt><longitude>-47.538886</longitude><latitude>-5.585132</latitude><altitude>1200.0</altitude><altitudeMode>absolute</altitudeMode></LookAt><styleUrl>#mapDaimonET</styleUrl><Point><coordinates>-47.538886,-5.585132,0</coordinates></Point></Placemark>
<Placemark><name>5701145103</name><visibility>0</visibility><LookAt><longitude>-47.547021</longitude><latitude>-5.582735</latitude><altitude>1200.0</altitude><altitudeMode>absolute</altitudeMode></LookAt><styleUrl>#mapDaimonET</styleUrl><Point><coordinates>-47.547021,-5.582735,0</coordinates></Point></Placemark>
<Placemark><name>5744178103</name><visibility>0</visibility><LookAt><longitude>-47.554573</longitude><latitude>-5.608333</latitude><altitude>1200.0</altitude><altitudeMode>absolute</altitudeMode></LookAt><styleUrl>#mapDaimonET</styleUrl><Point><coordinates>-47.554573,-5.608333,0</coordinates></Point></Placemark>
<Placemark><name>5700006238</name><visibility>0</visibility><LookAt><longitude>-47.561446</longitude><latitude>-5.590272</latitude><altitude>1200.0</altitude><altitudeMode>absolute</altitudeMode></LookAt><styleUrl>#mapDaimonET</styleUrl><Point><coordinates>-47.561446,-5.590272,0</coordinates></Point></Placemark>
<Placemark><name>5360927103</name><visibility>0</visibility><LookAt><longitude>-47.561341</longitude><latitude>-5.588246</latitude><altitude>1200.0</altitude><altitudeMode>absolute</altitudeMode></LookAt><styleUrl>#mapDaimonET</styleUrl><Point><coordinates>-47.561341,-5.588246,0</coordinates></Point></Placemark>
<Placemark><name>5724971238</name><visibility>0</visibility><LookAt><longitude>-47.561185</longitude><latitude>-5.587005</latitude><altitude>1200.0</altitude><altitudeMode>absolute</altitudeMode></LookAt><styleUrl>#mapDaimonET</styleUrl><Point><coordinates>-47.561185,-5.587005,0</coordinates></Point></Placemark>
<Placemark><name>5753165103</name><visibility>0</visibility><LookAt><longitude>-47.598122</longitude><latitude>-5.546449</latitude><altitude>1200.0</altitude><altitudeMode>absolute</altitudeMode></LookAt><styleUrl>#mapDaimonET</styleUrl><Point><coordinates>-47.598122,-5.546449,0</coordinates></Point></Placemark>
<Placemark><name>5754936103</name><visibility>0</visibility><LookAt><longitude>-47.597223</longitude><latitude>-5.546377</latitude><altitude>1200.0</altitude><altitudeMode>absolute</altitudeMode></LookAt><styleUrl>#mapDaimonET</styleUrl><Point><coordinates>-47.597223,-5.546377,0</coordinates></Point></Placemark>
<Placemark><name>5754937103</name><visibility>0</visibility><LookAt><longitude>-47.597320</longitude><latitude>-5.545820</latitude><altitude>1200.0</altitude><altitudeMode>absolute</altitudeMode></LookAt><styleUrl>#mapDaimonET</styleUrl><Point><coordinates>-47.597320,-5.545820,0</coordinates></Point></Placemark>
<Placemark><name>5754935103</name><visibility>0</visibility><LookAt><longitude>-47.595317</longitude><latitude>-5.546238</latitude><altitude>1200.0</altitude><altitudeMode>absolute</altitudeMode></LookAt><styleUrl>#mapDaimonET</styleUrl><Point><coordinates>-47.595317,-5.546238,0</coordinates></Point></Placemark>
<Placemark><name>5750189103</name><visibility>0</visibility><LookAt><longitude>-47.601631</longitude><latitude>-5.535038</latitude><altitude>1200.0</altitude><altitudeMode>absolute</altitudeMode></LookAt><styleUrl>#mapDaimonET</styleUrl><Point><coordinates>-47.601631,-5.535038,0</coordinates></Point></Placemark>
<Placemark><name>5735097141</name><visibility>0</visibility><LookAt><longitude>-47.604305</longitude><latitude>-5.586307</latitude><altitude>1200.0</altitude><altitudeMode>absolute</altitudeMode></LookAt><styleUrl>#mapDaimonET</styleUrl><Point><coordinates>-47.604305,-5.586307,0</coordinates></Point></Placemark>
<Placemark><name>5730326141</name><visibility>0</visibility><LookAt><longitude>-47.604271</longitude><latitude>-5.587937</latitude><altitude>1200.0</altitude><altitudeMode>absolute</altitudeMode></LookAt><styleUrl>#mapDaimonET</styleUrl><Point><coordinates>-47.604271,-5.587937,0</coordinates></Point></Placemark>
<Placemark><name>5737487141</name><visibility>0</visibility><LookAt><longitude>-47.603954</longitude><latitude>-5.588998</latitude><altitude>1200.0</altitude><altitudeMode>absolute</altitudeMode></LookAt><styleUrl>#mapDaimonET</styleUrl><Point><coordinates>-47.603954,-5.588998,0</coordinates></Point></Placemark>
<Placemark><name>5700001141</name><visibility>0</visibility><LookAt><longitude>-47.604681</longitude><latitude>-5.589666</latitude><altitude>1200.0</altitude><altitudeMode>absolute</altitudeMode></LookAt><styleUrl>#mapDaimonET</styleUrl><Point><coordinates>-47.604681,-5.589666,0</coordinates></Point></Placemark>
<Placemark><name>5730058141</name><visibility>0</visibility><LookAt><longitude>-47.605165</longitude><latitude>-5.590985</latitude><altitude>1200.0</altitude><altitudeMode>absolute</altitudeMode></LookAt><styleUrl>#mapDaimonET</styleUrl><Point><coordinates>-47.605165,-5.590985,0</coordinates></Point></Placemark>
<Placemark><name>5124925088</name><visibility>0</visibility><LookAt><longitude>-47.629283</longitude><latitude>-5.595145</latitude><altitude>1200.0</altitude><altitudeMode>absolute</altitudeMode></LookAt><styleUrl>#mapDaimonET</styleUrl><Point><coordinates>-47.629283,-5.595145,0</coordinates></Point></Placemark>
<Placemark><name>5780088088</name><visibility>0</visibility><LookAt><longitude>-47.605183</longitude><latitude>-5.562744</latitude><altitude>1200.0</altitude><altitudeMode>absolute</altitudeMode></LookAt><styleUrl>#mapDaimonET</styleUrl><Point><coordinates>-47.605183,-5.562744,0</coordinates></Point></Placemark>
<Placemark><name>5701129103</name><visibility>0</visibility><LookAt><longitude>-47.514226</longitude><latitude>-5.595241</latitude><altitude>1200.0</altitude><altitudeMode>absolute</altitudeMode></LookAt><styleUrl>#mapDaimonET</styleUrl><Point><coordinates>-47.514226,-5.595241,0</coordinates></Point></Placemark>
<Placemark><name>5701267103</name><visibility>0</visibility><LookAt><longitude>-47.502394</longitude><latitude>-5.615321</latitude><altitude>1200.0</altitude><altitudeMode>absolute</altitudeMode></LookAt><styleUrl>#mapDaimonET</styleUrl><Point><coordinates>-47.502394,-5.615321,0</coordinates></Point></Placemark>
<Placemark><name>5700098103</name><visibility>0</visibility><LookAt><longitude>-47.506392</longitude><latitude>-5.603105</latitude><altitude>1200.0</altitude><altitudeMode>absolute</altitudeMode></LookAt><styleUrl>#mapDaimonET</styleUrl><Point><coordinates>-47.506392,-5.603105,0</coordinates></Point></Placemark>
<Placemark><name>5767156103</name><visibility>0</visibility><LookAt><longitude>-47.529757</longitude><latitude>-5.588040</latitude><altitude>1200.0</altitude><altitudeMode>absolute</altitudeMode></LookAt><styleUrl>#mapDaimonET</styleUrl><Point><coordinates>-47.529757,-5.588040,0</coordinates></Point></Placemark>
<Placemark><name>5357754103</name><visibility>0</visibility><LookAt><longitude>-47.533905</longitude><latitude>-5.586981</latitude><altitude>1200.0</altitude><altitudeMode>absolute</altitudeMode></LookAt><styleUrl>#mapDaimonET</styleUrl><Point><coordinates>-47.533905,-5.586981,0</coordinates></Point></Placemark>
<Placemark><name>5700075103</name><visibility>0</visibility><LookAt><longitude>-47.536705</longitude><latitude>-5.598446</latitude><altitude>1200.0</altitude><altitudeMode>absolute</altitudeMode></LookAt><styleUrl>#mapDaimonET</styleUrl><Point><coordinates>-47.536705,-5.598446,0</coordinates></Point></Placemark>
<Placemark><name>5700074103</name><visibility>0</visibility><LookAt><longitude>-47.532926</longitude><latitude>-5.596994</latitude><altitude>1200.0</altitude><altitudeMode>absolute</altitudeMode></LookAt><styleUrl>#mapDaimonET</styleUrl><Point><coordinates>-47.532926,-5.596994,0</coordinates></Point></Placemark>
<Placemark><name>5700135103</name><visibility>0</visibility><LookAt><longitude>-47.522625</longitude><latitude>-5.592253</latitude><altitude>1200.0</altitude><altitudeMode>absolute</altitudeMode></LookAt><styleUrl>#mapDaimonET</styleUrl><Point><coordinates>-47.522625,-5.592253,0</coordinates></Point></Placemark>
<Placemark><name>5742848103</name><visibility>0</visibility><LookAt><longitude>-47.525166</longitude><latitude>-5.593964</latitude><altitude>1200.0</altitude><altitudeMode>absolute</altitudeMode></LookAt><styleUrl>#mapDaimonET</styleUrl><Point><coordinates>-47.525166,-5.593964,0</coordinates></Point></Placemark>
<Placemark><name>5700132103</name><visibility>0</visibility><LookAt><longitude>-47.526729</longitude><latitude>-5.597704</latitude><altitude>1200.0</altitude><altitudeMode>absolute</altitudeMode></LookAt><styleUrl>#mapDaimonET</styleUrl><Point><coordinates>-47.526729,-5.597704,0</coordinates></Point></Placemark>
<Placemark><name>5767186103</name><visibility>0</visibility><LookAt><longitude>-47.526542</longitude><latitude>-5.599164</latitude><altitude>1200.0</altitude><altitudeMode>absolute</altitudeMode></LookAt><styleUrl>#mapDaimonET</styleUrl><Point><coordinates>-47.526542,-5.599164,0</coordinates></Point></Placemark>
<Placemark><name>5719712103</name><visibility>0</visibility><LookAt><longitude>-47.498766</longitude><latitude>-5.567240</latitude><altitude>1200.0</altitude><altitudeMode>absolute</altitudeMode></LookAt><styleUrl>#mapDaimonET</styleUrl><Point><coordinates>-47.498766,-5.567240,0</coordinates></Point></Placemark>
<Placemark><name>5719713103</name><visibility>0</visibility><LookAt><longitude>-47.494889</longitude><latitude>-5.567245</latitude><altitude>1200.0</altitude><altitudeMode>absolute</altitudeMode></LookAt><styleUrl>#mapDaimonET</styleUrl><Point><coordinates>-47.494889,-5.567245,0</coordinates></Point></Placemark>
<Placemark><name>5719714103</name><visibility>0</visibility><LookAt><longitude>-47.493374</longitude><latitude>-5.567246</latitude><altitude>1200.0</altitude><altitudeMode>absolute</altitudeMode></LookAt><styleUrl>#mapDaimonET</styleUrl><Point><coordinates>-47.493374,-5.567246,0</coordinates></Point></Placemark>
<Placemark><name>5719719103</name><visibility>0</visibility><LookAt><longitude>-47.493239</longitude><latitude>-5.565880</latitude><altitude>1200.0</altitude><altitudeMode>absolute</altitudeMode></LookAt><styleUrl>#mapDaimonET</styleUrl><Point><coordinates>-47.493239,-5.565880,0</coordinates></Point></Placemark>
<Placemark><name>5719715103</name><visibility>0</visibility><LookAt><longitude>-47.491511</longitude><latitude>-5.567497</latitude><altitude>1200.0</altitude><altitudeMode>absolute</altitudeMode></LookAt><styleUrl>#mapDaimonET</styleUrl><Point><coordinates>-47.491511,-5.567497,0</coordinates></Point></Placemark>
<Placemark><name>5719717103</name><visibility>0</visibility><LookAt><longitude>-47.496165</longitude><latitude>-5.566213</latitude><altitude>1200.0</altitude><altitudeMode>absolute</altitudeMode></LookAt><styleUrl>#mapDaimonET</styleUrl><Point><coordinates>-47.496165,-5.566213,0</coordinates></Point></Placemark>
<Placemark><name>5719716103</name><visibility>0</visibility><LookAt><longitude>-47.499229</longitude><latitude>-5.566301</latitude><altitude>1200.0</altitude><altitudeMode>absolute</altitudeMode></LookAt><styleUrl>#mapDaimonET</styleUrl><Point><coordinates>-47.499229,-5.566301,0</coordinates></Point></Placemark>
<Placemark><name>5719718103</name><visibility>0</visibility><LookAt><longitude>-47.494616</longitude><latitude>-5.565635</latitude><altitude>1200.0</altitude><altitudeMode>absolute</altitudeMode></LookAt><styleUrl>#mapDaimonET</styleUrl><Point><coordinates>-47.494616,-5.565635,0</coordinates></Point></Placemark>
<Placemark><name>5719723103</name><visibility>0</visibility><LookAt><longitude>-47.495826</longitude><latitude>-5.564199</latitude><altitude>1200.0</altitude><altitudeMode>absolute</altitudeMode></LookAt><styleUrl>#mapDaimonET</styleUrl><Point><coordinates>-47.495826,-5.564199,0</coordinates></Point></Placemark>
<Placemark><name>5719722103</name><visibility>0</visibility><LookAt><longitude>-47.499113</longitude><latitude>-5.564893</latitude><altitude>1200.0</altitude><altitudeMode>absolute</altitudeMode></LookAt><styleUrl>#mapDaimonET</styleUrl><Point><coordinates>-47.499113,-5.564893,0</coordinates></Point></Placemark>
<Placemark><name>5719724103</name><visibility>0</visibility><LookAt><longitude>-47.493220</longitude><latitude>-5.563228</latitude><altitude>1200.0</altitude><altitudeMode>absolute</altitudeMode></LookAt><styleUrl>#mapDaimonET</styleUrl><Point><coordinates>-47.493220,-5.563228,0</coordinates></Point></Placemark>
<Placemark><name>5719725103</name><visibility>0</visibility><LookAt><longitude>-47.491048</longitude><latitude>-5.562417</latitude><altitude>1200.0</altitude><altitudeMode>absolute</altitudeMode></LookAt><styleUrl>#mapDaimonET</styleUrl><Point><coordinates>-47.491048,-5.562417,0</coordinates></Point></Placemark>
<Placemark><name>5700004238</name><visibility>0</visibility><LookAt><longitude>-47.561238</longitude><latitude>-5.593175</latitude><altitude>1200.0</altitude><altitudeMode>absolute</altitudeMode></LookAt><styleUrl>#mapDaimonET</styleUrl><Point><coordinates>-47.561238,-5.593175,0</coordinates></Point></Placemark>
<Placemark><name>5701355103</name><visibility>0</visibility><LookAt><longitude>-47.557260</longitude><latitude>-5.600402</latitude><altitude>1200.0</altitude><altitudeMode>absolute</altitudeMode></LookAt><styleUrl>#mapDaimonET</styleUrl><Point><coordinates>-47.557260,-5.600402,0</coordinates></Point></Placemark>
<Placemark><name>5701356103</name><visibility>0</visibility><LookAt><longitude>-47.556104</longitude><latitude>-5.600351</latitude><altitude>1200.0</altitude><altitudeMode>absolute</altitudeMode></LookAt><styleUrl>#mapDaimonET</styleUrl><Point><coordinates>-47.556104,-5.600351,0</coordinates></Point></Placemark>
<Placemark><name>5701214103</name><visibility>0</visibility><LookAt><longitude>-47.556320</longitude><latitude>-5.603746</latitude><altitude>1200.0</altitude><altitudeMode>absolute</altitudeMode></LookAt><styleUrl>#mapDaimonET</styleUrl><Point><coordinates>-47.556320,-5.603746,0</coordinates></Point></Placemark>
<Placemark><name>5701140103</name><visibility>0</visibility><LookAt><longitude>-47.557362</longitude><latitude>-5.614575</latitude><altitude>1200.0</altitude><altitudeMode>absolute</altitudeMode></LookAt><styleUrl>#mapDaimonET</styleUrl><Point><coordinates>-47.557362,-5.614575,0</coordinates></Point></Placemark>
<Placemark><name>5701744103</name><visibility>0</visibility><LookAt><longitude>-47.558108</longitude><latitude>-5.623220</latitude><altitude>1200.0</altitude><altitudeMode>absolute</altitudeMode></LookAt><styleUrl>#mapDaimonET</styleUrl><Point><coordinates>-47.558108,-5.623220,0</coordinates></Point></Placemark>
<Placemark><name>5700004239</name><visibility>0</visibility><LookAt><longitude>-47.558856</longitude><latitude>-5.625155</latitude><altitude>1200.0</altitude><altitudeMode>absolute</altitudeMode></LookAt><styleUrl>#mapDaimonET</styleUrl><Point><coordinates>-47.558856,-5.625155,0</coordinates></Point></Placemark>
<Placemark><name>5701745103</name><visibility>0</visibility><LookAt><longitude>-47.557939</longitude><latitude>-5.627020</latitude><altitude>1200.0</altitude><altitudeMode>absolute</altitudeMode></LookAt><styleUrl>#mapDaimonET</styleUrl><Point><coordinates>-47.557939,-5.627020,0</coordinates></Point></Placemark>
<Placemark><name>5710001103</name><visibility>0</visibility><LookAt><longitude>-47.557232</longitude><latitude>-5.610623</latitude><altitude>1200.0</altitude><altitudeMode>absolute</altitudeMode></LookAt><styleUrl>#mapDaimonET</styleUrl><Point><coordinates>-47.557232,-5.610623,0</coordinates></Point></Placemark>
<Placemark><name>5701357103</name><visibility>0</visibility><LookAt><longitude>-47.556903</longitude><latitude>-5.597964</latitude><altitude>1200.0</altitude><altitudeMode>absolute</altitudeMode></LookAt><styleUrl>#mapDaimonET</styleUrl><Point><coordinates>-47.556903,-5.597964,0</coordinates></Point></Placemark>
<Placemark><name>5700038103</name><visibility>0</visibility><LookAt><longitude>-47.559817</longitude><latitude>-5.595182</latitude><altitude>1200.0</altitude><altitudeMode>absolute</altitudeMode></LookAt><styleUrl>#mapDaimonET</styleUrl><Point><coordinates>-47.559817,-5.595182,0</coordinates></Point></Placemark>
<Placemark><name>5701354103</name><visibility>0</visibility><LookAt><longitude>-47.556630</longitude><latitude>-5.606497</latitude><altitude>1200.0</altitude><altitudeMode>absolute</altitudeMode></LookAt><styleUrl>#mapDaimonET</styleUrl><Point><coordinates>-47.556630,-5.606497,0</coordinates></Point></Placemark>
<Placemark><name>5700037103</name><visibility>0</visibility><LookAt><longitude>-47.560720</longitude><latitude>-5.591660</latitude><altitude>1200.0</altitude><altitudeMode>absolute</altitudeMode></LookAt><styleUrl>#mapDaimonET</styleUrl><Point><coordinates>-47.560720,-5.591660,0</coordinates></Point></Placemark>
<Placemark><name>5701366103</name><visibility>0</visibility><LookAt><longitude>-47.573997</longitude><latitude>-5.603413</latitude><altitude>1200.0</altitude><altitudeMode>absolute</altitudeMode></LookAt><styleUrl>#mapDaimonET</styleUrl><Point><coordinates>-47.573997,-5.603413,0</coordinates></Point></Placemark>
<Placemark><name>5748177103</name><visibility>0</visibility><LookAt><longitude>-47.597715</longitude><latitude>-5.543509</latitude><altitude>1200.0</altitude><altitudeMode>absolute</altitudeMode></LookAt><styleUrl>#mapDaimonET</styleUrl><Point><coordinates>-47.597715,-5.543509,0</coordinates></Point></Placemark>
<Placemark><name>5749969103</name><visibility>0</visibility><LookAt><longitude>-47.601244</longitude><latitude>-5.537886</latitude><altitude>1200.0</altitude><altitudeMode>absolute</altitudeMode></LookAt><styleUrl>#mapDaimonET</styleUrl><Point><coordinates>-47.601244,-5.537886,0</coordinates></Point></Placemark>
<Placemark><name>5748153103</name><visibility>0</visibility><LookAt><longitude>-47.600026</longitude><latitude>-5.538371</latitude><altitude>1200.0</altitude><altitudeMode>absolute</altitudeMode></LookAt><styleUrl>#mapDaimonET</styleUrl><Point><coordinates>-47.600026,-5.538371,0</coordinates></Point></Placemark>
<Placemark><name>5748174103</name><visibility>0</visibility><LookAt><longitude>-47.595673</longitude><latitude>-5.546348</latitude><altitude>1200.0</altitude><altitudeMode>absolute</altitudeMode></LookAt><styleUrl>#mapDaimonET</styleUrl><Point><coordinates>-47.595673,-5.546348,0</coordinates></Point></Placemark>
<Placemark><name>5735921141</name><visibility>0</visibility><LookAt><longitude>-47.603571</longitude><latitude>-5.587310</latitude><altitude>1200.0</altitude><altitudeMode>absolute</altitudeMode></LookAt><styleUrl>#mapDaimonET</styleUrl><Point><coordinates>-47.603571,-5.587310,0</coordinates></Point></Placemark>
<Placemark><name>5735922141</name><visibility>0</visibility><LookAt><longitude>-47.601950</longitude><latitude>-5.587854</latitude><altitude>1200.0</altitude><altitudeMode>absolute</altitudeMode></LookAt><styleUrl>#mapDaimonET</styleUrl><Point><coordinates>-47.601950,-5.587854,0</coordinates></Point></Placemark>
<Placemark><name>5704668141</name><visibility>0</visibility><LookAt><longitude>-47.605857</longitude><latitude>-5.588597</latitude><altitude>1200.0</altitude><altitudeMode>absolute</altitudeMode></LookAt><styleUrl>#mapDaimonET</styleUrl><Point><coordinates>-47.605857,-5.588597,0</coordinates></Point></Placemark>
<Placemark><name>5700376141</name><visibility>0</visibility><LookAt><longitude>-47.606024</longitude><latitude>-5.590454</latitude><altitude>1200.0</altitude><altitudeMode>absolute</altitudeMode></LookAt><styleUrl>#mapDaimonET</styleUrl><Point><coordinates>-47.606024,-5.590454,0</coordinates></Point></Placemark>
<Placemark><name>5710016088</name><visibility>0</visibility><LookAt><longitude>-47.597344</longitude><latitude>-5.578279</latitude><altitude>1200.0</altitude><altitudeMode>absolute</altitudeMode></LookAt><styleUrl>#mapDaimonET</styleUrl><Point><coordinates>-47.597344,-5.578279,0</coordinates></Point></Placemark>
<Placemark><name>5700275088</name><visibility>0</visibility><LookAt><longitude>-47.602357</longitude><latitude>-5.582204</latitude><altitude>1200.0</altitude><altitudeMode>absolute</altitudeMode></LookAt><styleUrl>#mapDaimonET</styleUrl><Point><coordinates>-47.602357,-5.582204,0</coordinates></Point></Placemark>
<Placemark><name>5704593188</name><visibility>0</visibility><LookAt><longitude>-47.616267</longitude><latitude>-5.582343</latitude><altitude>1200.0</altitude><altitudeMode>absolute</altitudeMode></LookAt><styleUrl>#mapDaimonET</styleUrl><Point><coordinates>-47.616267,-5.582343,0</coordinates></Point></Placemark>
<Placemark><name>5741289088</name><visibility>0</visibility><LookAt><longitude>-47.616957</longitude><latitude>-5.588543</latitude><altitude>1200.0</altitude><altitudeMode>absolute</altitudeMode></LookAt><styleUrl>#mapDaimonET</styleUrl><Point><coordinates>-47.616957,-5.588543,0</coordinates></Point></Placemark>
<Placemark><name>5702088088</name><visibility>0</visibility><LookAt><longitude>-47.618148</longitude><latitude>-5.596173</latitude><altitude>1200.0</altitude><altitudeMode>absolute</altitudeMode></LookAt><styleUrl>#mapDaimonET</styleUrl><Point><coordinates>-47.618148,-5.596173,0</coordinates></Point></Placemark>
<Placemark><name>5701088088</name><visibility>0</visibility><LookAt><longitude>-47.620640</longitude><latitude>-5.594713</latitude><altitude>1200.0</altitude><altitudeMode>absolute</altitudeMode></LookAt><styleUrl>#mapDaimonET</styleUrl><Point><coordinates>-47.620640,-5.594713,0</coordinates></Point></Placemark>
<Placemark><name>5713681088</name><visibility>0</visibility><LookAt><longitude>-47.614674</longitude><latitude>-5.589333</latitude><altitude>1200.0</altitude><altitudeMode>absolute</altitudeMode></LookAt><styleUrl>#mapDaimonET</styleUrl><Point><coordinates>-47.614674,-5.589333,0</coordinates></Point></Placemark>
<Placemark><name>5700364088</name><visibility>0</visibility><LookAt><longitude>-47.615802</longitude><latitude>-5.586173</latitude><altitude>1200.0</altitude><altitudeMode>absolute</altitudeMode></LookAt><styleUrl>#mapDaimonET</styleUrl><Point><coordinates>-47.615802,-5.586173,0</coordinates></Point></Placemark>
<Placemark><name>5750194088</name><visibility>0</visibility><LookAt><longitude>-47.628524</longitude><latitude>-5.595172</latitude><altitude>1200.0</altitude><altitudeMode>absolute</altitudeMode></LookAt><styleUrl>#mapDaimonET</styleUrl><Point><coordinates>-47.628524,-5.595172,0</coordinates></Point></Placemark>
<Placemark><name>5700030088</name><visibility>0</visibility><LookAt><longitude>-47.611419</longitude><latitude>-5.581323</latitude><altitude>1200.0</altitude><altitudeMode>absolute</altitudeMode></LookAt><styleUrl>#mapDaimonET</styleUrl><Point><coordinates>-47.611419,-5.581323,0</coordinates></Point></Placemark>
<Placemark><name>5700427088</name><visibility>0</visibility><LookAt><longitude>-47.622494</longitude><latitude>-5.594303</latitude><altitude>1200.0</altitude><altitudeMode>absolute</altitudeMode></LookAt><styleUrl>#mapDaimonET</styleUrl><Point><coordinates>-47.622494,-5.594303,0</coordinates></Point></Placemark>
<Placemark><name>5700031088</name><visibility>0</visibility><LookAt><longitude>-47.621913</longitude><latitude>-5.592767</latitude><altitude>1200.0</altitude><altitudeMode>absolute</altitudeMode></LookAt><styleUrl>#mapDaimonET</styleUrl><Point><coordinates>-47.621913,-5.592767,0</coordinates></Point></Placemark>
<Placemark><name>5781088088</name><visibility>0</visibility><LookAt><longitude>-47.609408</longitude><latitude>-5.561688</latitude><altitude>1200.0</altitude><altitudeMode>absolute</altitudeMode></LookAt><styleUrl>#mapDaimonET</styleUrl><Point><coordinates>-47.609408,-5.561688,0</coordinates></Point></Placemark>
<Placemark><name>5701269103</name><visibility>0</visibility><LookAt><longitude>-47.487275</longitude><latitude>-5.608935</latitude><altitude>1200.0</altitude><altitudeMode>absolute</altitudeMode></LookAt><styleUrl>#mapDaimonET</styleUrl><Point><coordinates>-47.487275,-5.608935,0</coordinates></Point></Placemark>
<Placemark><name>5761093103</name><visibility>0</visibility><LookAt><longitude>-47.491204</longitude><latitude>-5.603222</latitude><altitude>1200.0</altitude><altitudeMode>absolute</altitudeMode></LookAt><styleUrl>#mapDaimonET</styleUrl><Point><coordinates>-47.491204,-5.603222,0</coordinates></Point></Placemark>
<Placemark><name>5742830103</name><visibility>0</visibility><LookAt><longitude>-47.555488</longitude><latitude>-5.626039</latitude><altitude>1200.0</altitude><altitudeMode>absolute</altitudeMode></LookAt><styleUrl>#mapDaimonET</styleUrl><Point><coordinates>-47.555488,-5.626039,0</coordinates></Point></Placemark>
<Placemark><name>5701286103</name><visibility>0</visibility><LookAt><longitude>-47.553194</longitude><latitude>-5.623306</latitude><altitude>1200.0</altitude><altitudeMode>absolute</altitudeMode></LookAt><styleUrl>#mapDaimonET</styleUrl><Point><coordinates>-47.553194,-5.623306,0</coordinates></Point></Placemark>
<Placemark><name>5700257088</name><visibility>0</visibility><LookAt><longitude>-47.574660</longitude><latitude>-5.595733</latitude><altitude>1200.0</altitude><altitudeMode>absolute</altitudeMode></LookAt><styleUrl>#mapDaimonET</styleUrl><Point><coordinates>-47.574660,-5.595733,0</coordinates></Point></Placemark>
<Placemark><name>5700028088</name><visibility>0</visibility><LookAt><longitude>-47.578715</longitude><latitude>-5.595911</latitude><altitude>1200.0</altitude><altitudeMode>absolute</altitudeMode></LookAt><styleUrl>#mapDaimonET</styleUrl><Point><coordinates>-47.578715,-5.595911,0</coordinates></Point></Placemark>
<Placemark><name>5701378103</name><visibility>0</visibility><LookAt><longitude>-47.569423</longitude><latitude>-5.615065</latitude><altitude>1200.0</altitude><altitudeMode>absolute</altitudeMode></LookAt><styleUrl>#mapDaimonET</styleUrl><Point><coordinates>-47.569423,-5.615065,0</coordinates></Point></Placemark>
<Placemark><name>5700029088</name><visibility>0</visibility><LookAt><longitude>-47.592936</longitude><latitude>-5.577334</latitude><altitude>1200.0</altitude><altitudeMode>absolute</altitudeMode></LookAt><styleUrl>#mapDaimonET</styleUrl><Point><coordinates>-47.592936,-5.577334,0</coordinates></Point></Placemark>
<Placemark><name>5700365088</name><visibility>0</visibility><LookAt><longitude>-47.598966</longitude><latitude>-5.580632</latitude><altitude>1200.0</altitude><altitudeMode>absolute</altitudeMode></LookAt><styleUrl>#mapDaimonET</styleUrl><Point><coordinates>-47.598966,-5.580632,0</coordinates></Point></Placemark>
<Placemark><name>5300366088</name><visibility>0</visibility><LookAt><longitude>-47.627459</longitude><latitude>-5.590172</latitude><altitude>1200.0</altitude><altitudeMode>absolute</altitudeMode></LookAt><styleUrl>#mapDaimonET</styleUrl><Point><coordinates>-47.627459,-5.590172,0</coordinates></Point></Placemark>
<Placemark><name>5703088088</name><visibility>0</visibility><LookAt><longitude>-47.615800</longitude><latitude>-5.596938</latitude><altitude>1200.0</altitude><altitudeMode>absolute</altitudeMode></LookAt><styleUrl>#mapDaimonET</styleUrl><Point><coordinates>-47.615800,-5.596938,0</coordinates></Point></Placemark>
<Placemark><name>5735872088</name><visibility>0</visibility><LookAt><longitude>-47.611783</longitude><latitude>-5.591258</latitude><altitude>1200.0</altitude><altitudeMode>absolute</altitudeMode></LookAt><styleUrl>#mapDaimonET</styleUrl><Point><coordinates>-47.611783,-5.591258,0</coordinates></Point></Placemark>
<Placemark><name>5704088088</name><visibility>0</visibility><LookAt><longitude>-47.611945</longitude><latitude>-5.596932</latitude><altitude>1200.0</altitude><altitudeMode>absolute</altitudeMode></LookAt><styleUrl>#mapDaimonET</styleUrl><Point><coordinates>-47.611945,-5.596932,0</coordinates></Point></Placemark>
<Placemark><name>5701266103</name><visibility>0</visibility><LookAt><longitude>-47.497935</longitude><latitude>-5.630186</latitude><altitude>1200.0</altitude><altitudeMode>absolute</altitudeMode></LookAt><styleUrl>#mapDaimonET</styleUrl><Point><coordinates>-47.497935,-5.630186,0</coordinates></Point></Placemark>
<Placemark><name>5701273103</name><visibility>0</visibility><LookAt><longitude>-47.484069</longitude><latitude>-5.632724</latitude><altitude>1200.0</altitude><altitudeMode>absolute</altitudeMode></LookAt><styleUrl>#mapDaimonET</styleUrl><Point><coordinates>-47.484069,-5.632724,0</coordinates></Point></Placemark>
<Placemark><name>5701317103</name><visibility>0</visibility><LookAt><longitude>-47.549782</longitude><latitude>-5.629334</latitude><altitude>1200.0</altitude><altitudeMode>absolute</altitudeMode></LookAt><styleUrl>#mapDaimonET</styleUrl><Point><coordinates>-47.549782,-5.629334,0</coordinates></Point></Placemark>
<Placemark><name>5700137103</name><visibility>0</visibility><LookAt><longitude>-47.546504</longitude><latitude>-5.632197</latitude><altitude>1200.0</altitude><altitudeMode>absolute</altitudeMode></LookAt><styleUrl>#mapDaimonET</styleUrl><Point><coordinates>-47.546504,-5.632197,0</coordinates></Point></Placemark>
<Placemark><name>5713701103</name><visibility>0</visibility><LookAt><longitude>-47.528806</longitude><latitude>-5.644672</latitude><altitude>1200.0</altitude><altitudeMode>absolute</altitudeMode></LookAt><styleUrl>#mapDaimonET</styleUrl><Point><coordinates>-47.528806,-5.644672,0</coordinates></Point></Placemark>
<Placemark><name>5701285103</name><visibility>0</visibility><LookAt><longitude>-47.558008</longitude><latitude>-5.634205</latitude><altitude>1200.0</altitude><altitudeMode>absolute</altitudeMode></LookAt><styleUrl>#mapDaimonET</styleUrl><Point><coordinates>-47.558008,-5.634205,0</coordinates></Point></Placemark>
<Placemark><name>5700039103</name><visibility>0</visibility><LookAt><longitude>-47.555958</longitude><latitude>-5.631777</latitude><altitude>1200.0</altitude><altitudeMode>absolute</altitudeMode></LookAt><styleUrl>#mapDaimonET</styleUrl><Point><coordinates>-47.555958,-5.631777,0</coordinates></Point></Placemark>
<Placemark><name>5758334103</name><visibility>0</visibility><LookAt><longitude>-47.554642</longitude><latitude>-5.642166</latitude><altitude>1200.0</altitude><altitudeMode>absolute</altitudeMode></LookAt><styleUrl>#mapDaimonET</styleUrl><Point><coordinates>-47.554642,-5.642166,0</coordinates></Point></Placemark>
<Placemark><name>5701040103</name><visibility>0</visibility><LookAt><longitude>-47.548898</longitude><latitude>-5.616754</latitude><altitude>1200.0</altitude><altitudeMode>absolute</altitudeMode></LookAt><styleUrl>#mapDaimonET</styleUrl><Point><coordinates>-47.548898,-5.616754,0</coordinates></Point></Placemark>
<Placemark><name>5701380103</name><visibility>0</visibility><LookAt><longitude>-47.589235</longitude><latitude>-5.618337</latitude><altitude>1200.0</altitude><altitudeMode>absolute</altitudeMode></LookAt><styleUrl>#mapDaimonET</styleUrl><Point><coordinates>-47.589235,-5.618337,0</coordinates></Point></Placemark>
<Placemark><name>5124930088</name><visibility>0</visibility><LookAt><longitude>-47.629757</longitude><latitude>-5.595201</latitude><altitude>1200.0</altitude><altitudeMode>absolute</altitudeMode></LookAt><styleUrl>#mapDaimonET</styleUrl><Point><coordinates>-47.629757,-5.595201,0</coordinates></Point></Placemark>
<Placemark><name>5400387088</name><visibility>0</visibility><LookAt><longitude>-47.629636</longitude><latitude>-5.595379</latitude><altitude>1200.0</altitude><altitudeMode>absolute</altitudeMode></LookAt><styleUrl>#mapDaimonET</styleUrl><Point><coordinates>-47.629636,-5.595379,0</coordinates></Point></Placemark>
<Placemark><name>5753736103</name><visibility>0</visibility><LookAt><longitude>-47.529060</longitude><latitude>-5.612141</latitude><altitude>1200.0</altitude><altitudeMode>absolute</altitudeMode></LookAt><styleUrl>#mapDaimonET</styleUrl><Point><coordinates>-47.529060,-5.612141,0</coordinates></Point></Placemark>
<Placemark><name>5728555088</name><visibility>0</visibility><LookAt><longitude>-47.589348</longitude><latitude>-5.619650</latitude><altitude>1200.0</altitude><altitudeMode>absolute</altitudeMode></LookAt><styleUrl>#mapDaimonET</styleUrl><Point><coordinates>-47.589348,-5.619650,0</coordinates></Point></Placemark>
<Placemark><name>5359415088</name><visibility>0</visibility><LookAt><longitude>-47.626115</longitude><latitude>-5.585921</latitude><altitude>1200.0</altitude><altitudeMode>absolute</altitudeMode></LookAt><styleUrl>#mapDaimonET</styleUrl><Point><coordinates>-47.626115,-5.585921,0</coordinates></Point></Placemark>
</Folder>
<Folder>
<name>Gerador</name>
<visibility>0</visibility>
</Folder>
<Folder>
<name>Reator</name>
<visibility>0</visibility>
</Folder>
<Folder>
<name>Regulador</name>
<visibility>0</visibility>
</Folder>
<Folder>
<name>Transformador</name>
<visibility>0</visibility>
</Folder>
<Folder>
<name>Trecho</name>
<Placemark><name>3613734</name><styleUrl>#styleDaimonCIRCUITO344TRECHO</styleUrl><LineString><coordinates>-47.555581,-5.548530,0 -47.555692,-5.548524,0</coordinates></LineString></Placemark>
<Placemark><name>12097858</name><styleUrl>#styleDaimonCIRCUITO344TRECHO</styleUrl><LineString><coordinates>-47.559651,-5.548277,0 -47.559684,-5.548280,0</coordinates></LineString></Placemark>
<Placemark><name>2787710</name><styleUrl>#styleDaimonCIRCUITO344TRECHO</styleUrl><LineString><coordinates>-47.559280,-5.548299,0 -47.559651,-5.548277,0</coordinates></LineString></Placemark>
<Placemark><name>2778299</name><styleUrl>#styleDaimonCIRCUITO344TRECHO</styleUrl><LineString><coordinates>-47.559651,-5.548277,0 -47.559671,-5.548240,0</coordinates></LineString></Placemark>
<Placemark><name>2787711</name><styleUrl>#styleDaimonCIRCUITO344TRECHO</styleUrl><LineString><coordinates>-47.559684,-5.548280,0 -47.560588,-5.548530,0</coordinates></LineString></Placemark>
<Placemark><name>2787709</name><styleUrl>#styleDaimonCIRCUITO344TRECHO</styleUrl><LineString><coordinates>-47.558963,-5.548303,0 -47.559280,-5.548299,0</coordinates></LineString></Placemark>
<Placemark><name>12097859</name><styleUrl>#styleDaimonCIRCUITO344TRECHO</styleUrl><LineString><coordinates>-47.560588,-5.548530,0 -47.560583,-5.548547,0</coordinates></LineString></Placemark>
<Placemark><name>2545893</name><styleUrl>#styleDaimonCIRCUITO344TRECHO</styleUrl><LineString><coordinates>-47.560588,-5.548530,0 -47.561336,-5.548796,0</coordinates></LineString></Placemark>
<Placemark><name>T_0310019103</name><styleUrl>#styleDaimonCIRCUITO344TRECHO</styleUrl><LineString><coordinates>-47.559072,-5.548296,0 -47.558963,-5.548303,0</coordinates></LineString></Placemark>
<Placemark><name>2778523</name><styleUrl>#styleDaimonCIRCUITO344TRECHO</styleUrl><LineString><coordinates>-47.560583,-5.548547,0 -47.560577,-5.548563,0</coordinates></LineString></Placemark>
<Placemark><name>12097860</name><styleUrl>#styleDaimonCIRCUITO344TRECHO</styleUrl><LineString><coordinates>-47.561336,-5.548796,0 -47.561368,-5.548807,0</coordinates></LineString></Placemark>
<Placemark><name>2778524</name><styleUrl>#styleDaimonCIRCUITO344TRECHO</styleUrl><LineString><coordinates>-47.561336,-5.548796,0 -47.561365,-5.548770,0</coordinates></LineString></Placemark>
<Placemark><name>2787708</name><styleUrl>#styleDaimonCIRCUITO344TRECHO</styleUrl><LineString><coordinates>-47.557878,-5.548384,0 -47.559072,-5.548296,0</coordinates></LineString></Placemark>
<Placemark><name>2545894</name><styleUrl>#styleDaimonCIRCUITO344TRECHO</styleUrl><LineString><coordinates>-47.561368,-5.548807,0 -47.562462,-5.549196,0</coordinates></LineString></Placemark>
<Placemark><name>2787707</name><styleUrl>#styleDaimonCIRCUITO344TRECHO</styleUrl><LineString><coordinates>-47.556891,-5.548474,0 -47.557878,-5.548384,0</coordinates></LineString></Placemark>
<Placemark><name>2545952</name><styleUrl>#styleDaimonCIRCUITO344TRECHO</styleUrl><LineString><coordinates>-47.562462,-5.549196,0 -47.564178,-5.549724,0</coordinates></LineString></Placemark>
<Placemark><name>3637353</name><styleUrl>#styleDaimonCIRCUITO344TRECHO</styleUrl><LineString><coordinates>-47.555873,-5.548518,0 -47.556891,-5.548474,0</coordinates></LineString></Placemark>
<Placemark><name>12097758</name><styleUrl>#styleDaimonCIRCUITO344TRECHO</styleUrl><LineString><coordinates>-47.564178,-5.549724,0 -47.564211,-5.549734,0</coordinates></LineString></Placemark>
<Placemark><name>2776683</name><styleUrl>#styleDaimonCIRCUITO344TRECHO</styleUrl><LineString><coordinates>-47.564178,-5.549724,0 -47.564207,-5.549701,0</coordinates></LineString></Placemark>
<Placemark><name>12117247</name><styleUrl>#styleDaimonCIRCUITO344TRECHO</styleUrl><LineString><coordinates>-47.555838,-5.548520,0 -47.555873,-5.548518,0</coordinates></LineString></Placemark>
<Placemark><name>3666165</name><styleUrl>#styleDaimonCIRCUITO344TRECHO</styleUrl><LineString><coordinates>-47.564211,-5.549734,0 -47.564197,-5.549740,0</coordinates></LineString></Placemark>
<Placemark><name>2790500</name><styleUrl>#styleDaimonCIRCUITO344TRECHO</styleUrl><LineString><coordinates>-47.564211,-5.549734,0 -47.564499,-5.549822,0</coordinates></LineString></Placemark>
<Placemark><name>3613733</name><styleUrl>#styleDaimonCIRCUITO344TRECHO</styleUrl><LineString><coordinates>-47.555707,-5.548525,0 -47.555838,-5.548520,0</coordinates></LineString></Placemark>
<Placemark><name>2778298</name><styleUrl>#styleDaimonCIRCUITO344TRECHO</styleUrl><LineString><coordinates>-47.555838,-5.548520,0 -47.555858,-5.548554,0</coordinates></LineString></Placemark>
<Placemark><name>2790501</name><styleUrl>#styleDaimonCIRCUITO344TRECHO</styleUrl><LineString><coordinates>-47.564499,-5.549822,0 -47.565170,-5.550028,0</coordinates></LineString></Placemark>
<Placemark><name>2790502</name><styleUrl>#styleDaimonCIRCUITO344TRECHO</styleUrl><LineString><coordinates>-47.564499,-5.549822,0 -47.564506,-5.549761,0</coordinates></LineString></Placemark>
<Placemark><name>2790623</name><styleUrl>#styleDaimonCIRCUITO344TRECHO</styleUrl><LineString><coordinates>-47.564499,-5.549822,0 -47.564496,-5.549852,0</coordinates></LineString></Placemark>
<Placemark><name>12097759</name><styleUrl>#styleDaimonCIRCUITO344TRECHO</styleUrl><LineString><coordinates>-47.565170,-5.550028,0 -47.565167,-5.550044,0</coordinates></LineString></Placemark>
<Placemark><name>2789727</name><styleUrl>#styleDaimonCIRCUITO344TRECHO</styleUrl><LineString><coordinates>-47.565170,-5.550028,0 -47.566666,-5.550523,0</coordinates></LineString></Placemark>
<Placemark><name>2776684</name><styleUrl>#styleDaimonCIRCUITO344TRECHO</styleUrl><LineString><coordinates>-47.565167,-5.550044,0 -47.565161,-5.550061,0</coordinates></LineString></Placemark>
<Placemark><name>2789725</name><styleUrl>#styleDaimonCIRCUITO344TRECHO</styleUrl><LineString><coordinates>-47.566666,-5.550523,0 -47.567157,-5.550625,0</coordinates></LineString></Placemark>
<Placemark><name>2789724</name><styleUrl>#styleDaimonCIRCUITO344TRECHO</styleUrl><LineString><coordinates>-47.567157,-5.550625,0 -47.567793,-5.550906,0</coordinates></LineString></Placemark>
<Placemark><name>12117700</name><styleUrl>#styleDaimonCIRCUITO344TRECHO</styleUrl><LineString><coordinates>-47.567793,-5.550906,0 -47.567817,-5.550871,0</coordinates></LineString></Placemark>
<Placemark><name>3565298</name><styleUrl>#styleDaimonCIRCUITO344TRECHO</styleUrl><LineString><coordinates>-47.567793,-5.550906,0 -47.568968,-5.551176,0</coordinates></LineString></Placemark>
<Placemark><name>3565297</name><styleUrl>#styleDaimonCIRCUITO344TRECHO</styleUrl><LineString><coordinates>-47.567817,-5.550871,0 -47.568162,-5.550099,0</coordinates></LineString></Placemark>
<Placemark><name>12115653</name><styleUrl>#styleDaimonCIRCUITO344TRECHO</styleUrl><LineString><coordinates>-47.568968,-5.551176,0 -47.569003,-5.551179,0</coordinates></LineString></Placemark>
<Placemark><name>2788329</name><styleUrl>#styleDaimonCIRCUITO344TRECHO</styleUrl><LineString><coordinates>-47.568968,-5.551176,0 -47.568986,-5.551141,0</coordinates></LineString></Placemark>
<Placemark><name>50531834</name><styleUrl>#styleDaimonCIRCUITO344TRECHO</styleUrl><LineString><coordinates>-47.569003,-5.551179,0 -47.569193,-5.551164,0</coordinates></LineString></Placemark>
<Placemark><name>3460519</name><styleUrl>#styleDaimonCIRCUITO344TRECHO</styleUrl><LineString><coordinates>-47.569193,-5.551164,0 -47.569429,-5.551145,0</coordinates></LineString></Placemark>
<Placemark><name>12112721</name><styleUrl>#styleDaimonCIRCUITO344TRECHO</styleUrl><LineString><coordinates>-47.569429,-5.551145,0 -47.569458,-5.551147,0</coordinates></LineString></Placemark>
<Placemark><name>3495335</name><styleUrl>#styleDaimonCIRCUITO344TRECHO</styleUrl><LineString><coordinates>-47.569458,-5.551147,0 -47.569869,-5.551172,0</coordinates></LineString></Placemark>
<Placemark><name>12097647</name><styleUrl>#styleDaimonCIRCUITO344TRECHO</styleUrl><LineString><coordinates>-47.563355,-5.525876,0 -47.563363,-5.525842,0</coordinates></LineString></Placemark>
<Placemark><name>3170757</name><styleUrl>#styleDaimonCIRCUITO344TRECHO</styleUrl><LineString><coordinates>-47.563363,-5.525842,0 -47.563383,-5.525698,0</coordinates></LineString></Placemark>
<Placemark><name>2787289</name><styleUrl>#styleDaimonCIRCUITO344TRECHO</styleUrl><LineString><coordinates>-47.562982,-5.526954,0 -47.563355,-5.525876,0</coordinates></LineString></Placemark>
<Placemark><name>3170755</name><styleUrl>#styleDaimonCIRCUITO344TRECHO</styleUrl><LineString><coordinates>-47.563383,-5.525698,0 -47.563399,-5.525571,0</coordinates></LineString></Placemark>
<Placemark><name>2787288</name><styleUrl>#styleDaimonCIRCUITO344TRECHO</styleUrl><LineString><coordinates>-47.562783,-5.528007,0 -47.562982,-5.526954,0</coordinates></LineString></Placemark>
<Placemark><name>2787290</name><styleUrl>#styleDaimonCIRCUITO344TRECHO</styleUrl><LineString><coordinates>-47.563399,-5.525571,0 -47.563474,-5.525225,0</coordinates></LineString></Placemark>
<Placemark><name>2787287</name><styleUrl>#styleDaimonCIRCUITO344TRECHO</styleUrl><LineString><coordinates>-47.562580,-5.529090,0 -47.562783,-5.528007,0</coordinates></LineString></Placemark>
<Placemark><name>2778501</name><styleUrl>#styleDaimonCIRCUITO344TRECHO</styleUrl><LineString><coordinates>-47.563474,-5.525225,0 -47.563541,-5.524861,0</coordinates></LineString></Placemark>
<Placemark><name>2787286</name><styleUrl>#styleDaimonCIRCUITO344TRECHO</styleUrl><LineString><coordinates>-47.562400,-5.530160,0 -47.562580,-5.529090,0</coordinates></LineString></Placemark>
<Placemark><name>2778278</name><styleUrl>#styleDaimonCIRCUITO344TRECHO</styleUrl><LineString><coordinates>-47.563541,-5.524861,0 -47.563630,-5.524430,0</coordinates></LineString></Placemark>
<Placemark><name>2787285</name><styleUrl>#styleDaimonCIRCUITO344TRECHO</styleUrl><LineString><coordinates>-47.562212,-5.531196,0 -47.562400,-5.530160,0</coordinates></LineString></Placemark>
<Placemark><name>2787478</name><styleUrl>#styleDaimonCIRCUITO344TRECHO</styleUrl><LineString><coordinates>-47.563630,-5.524430,0 -47.563745,-5.524036,0</coordinates></LineString></Placemark>
<Placemark><name>2787277</name><styleUrl>#styleDaimonCIRCUITO344TRECHO</styleUrl><LineString><coordinates>-47.561944,-5.532257,0 -47.562212,-5.531196,0</coordinates></LineString></Placemark>
<Placemark><name>2787479</name><styleUrl>#styleDaimonCIRCUITO344TRECHO</styleUrl><LineString><coordinates>-47.563745,-5.524036,0 -47.563814,-5.523576,0</coordinates></LineString></Placemark>
<Placemark><name>12097646</name><styleUrl>#styleDaimonCIRCUITO344TRECHO</styleUrl><LineString><coordinates>-47.561937,-5.532290,0 -47.561944,-5.532257,0</coordinates></LineString></Placemark>
<Placemark><name>2787480</name><styleUrl>#styleDaimonCIRCUITO344TRECHO</styleUrl><LineString><coordinates>-47.563814,-5.523576,0 -47.563924,-5.523128,0</coordinates></LineString></Placemark>
<Placemark><name>2787276</name><styleUrl>#styleDaimonCIRCUITO344TRECHO</styleUrl><LineString><coordinates>-47.561727,-5.533333,0 -47.561937,-5.532290,0</coordinates></LineString></Placemark>
<Placemark><name>2787481</name><styleUrl>#styleDaimonCIRCUITO344TRECHO</styleUrl><LineString><coordinates>-47.563924,-5.523128,0 -47.563978,-5.522682,0</coordinates></LineString></Placemark>
<Placemark><name>2787275</name><styleUrl>#styleDaimonCIRCUITO344TRECHO</styleUrl><LineString><coordinates>-47.561495,-5.534400,0 -47.561727,-5.533333,0</coordinates></LineString></Placemark>
<Placemark><name>24587210</name><styleUrl>#styleDaimonCIRCUITO344TRECHO</styleUrl><LineString><coordinates>-47.563978,-5.522682,0 -47.563799,-5.522663,0</coordinates></LineString></Placemark>
<Placemark><name>2787274</name><styleUrl>#styleDaimonCIRCUITO344TRECHO</styleUrl><LineString><coordinates>-47.561264,-5.535447,0 -47.561495,-5.534400,0</coordinates></LineString></Placemark>
<Placemark><name>2787273</name><styleUrl>#styleDaimonCIRCUITO344TRECHO</styleUrl><LineString><coordinates>-47.561045,-5.536528,0 -47.561264,-5.535447,0</coordinates></LineString></Placemark>
<Placemark><name>2787272</name><styleUrl>#styleDaimonCIRCUITO344TRECHO</styleUrl><LineString><coordinates>-47.560812,-5.537581,0 -47.561045,-5.536528,0</coordinates></LineString></Placemark>
<Placemark><name>2787075</name><styleUrl>#styleDaimonCIRCUITO344TRECHO</styleUrl><LineString><coordinates>-47.560573,-5.538762,0 -47.560812,-5.537581,0</coordinates></LineString></Placemark>
<Placemark><name>2787073</name><styleUrl>#styleDaimonCIRCUITO344TRECHO</styleUrl><LineString><coordinates>-47.560374,-5.539696,0 -47.560573,-5.538762,0</coordinates></LineString></Placemark>
<Placemark><name>12097862</name><styleUrl>#styleDaimonCIRCUITO344TRECHO</styleUrl><LineString><coordinates>-47.560368,-5.539729,0 -47.560374,-5.539696,0</coordinates></LineString></Placemark>
<Placemark><name>2787072</name><styleUrl>#styleDaimonCIRCUITO344TRECHO</styleUrl><LineString><coordinates>-47.560177,-5.540779,0 -47.560368,-5.539729,0</coordinates></LineString></Placemark>
<Placemark><name>2787071</name><styleUrl>#styleDaimonCIRCUITO344TRECHO</styleUrl><LineString><coordinates>-47.559982,-5.541669,0 -47.560177,-5.540779,0</coordinates></LineString></Placemark>
<Placemark><name>2787070</name><styleUrl>#styleDaimonCIRCUITO344TRECHO</styleUrl><LineString><coordinates>-47.559774,-5.542760,0 -47.559982,-5.541669,0</coordinates></LineString></Placemark>
<Placemark><name>2787069</name><styleUrl>#styleDaimonCIRCUITO344TRECHO</styleUrl><LineString><coordinates>-47.559579,-5.543818,0 -47.559774,-5.542760,0</coordinates></LineString></Placemark>
<Placemark><name>2787068</name><styleUrl>#styleDaimonCIRCUITO344TRECHO</styleUrl><LineString><coordinates>-47.559339,-5.544862,0 -47.559579,-5.543818,0</coordinates></LineString></Placemark>
<Placemark><name>2545954</name><styleUrl>#styleDaimonCIRCUITO344TRECHO</styleUrl><LineString><coordinates>-47.559159,-5.545919,0 -47.559339,-5.544862,0</coordinates></LineString></Placemark>
<Placemark><name>2545953</name><styleUrl>#styleDaimonCIRCUITO344TRECHO</styleUrl><LineString><coordinates>-47.558944,-5.547007,0 -47.559159,-5.545919,0</coordinates></LineString></Placemark>
<Placemark><name>2545897</name><styleUrl>#styleDaimonCIRCUITO344TRECHO</styleUrl><LineString><coordinates>-47.559195,-5.547961,0 -47.558944,-5.547007,0</coordinates></LineString></Placemark>
<Placemark><name>12097861</name><styleUrl>#styleDaimonCIRCUITO344TRECHO</styleUrl><LineString><coordinates>-47.559189,-5.547990,0 -47.559195,-5.547961,0</coordinates></LineString></Placemark>
<Placemark><name>2545896</name><styleUrl>#styleDaimonCIRCUITO344TRECHO</styleUrl><LineString><coordinates>-47.558985,-5.548273,0 -47.559189,-5.547990,0</coordinates></LineString></Placemark>
<Placemark><name>2780380</name><styleUrl>#styleDaimonCIRCUITO344TRECHO</styleUrl><LineString><coordinates>-47.563782,-5.550340,0 -47.563250,-5.551186,0</coordinates></LineString></Placemark>
<Placemark><name>2525958</name><styleUrl>#styleDaimonCIRCUITO344TRECHO</styleUrl><LineString><coordinates>-47.564156,-5.549800,0 -47.563782,-5.550340,0</coordinates></LineString></Placemark>
<Placemark><name>2545895</name><styleUrl>#styleDaimonCIRCUITO344TRECHO</styleUrl><LineString><coordinates>-47.562444,-5.549213,0 -47.562287,-5.549364,0</coordinates></LineString></Placemark>
<Placemark><name>12112723</name><styleUrl>#styleDaimonCIRCUITO344TRECHO</styleUrl><LineString><coordinates>-47.572015,-5.551247,0 -47.572035,-5.551246,0</coordinates></LineString></Placemark>
<Placemark><name>3495630</name><styleUrl>#styleDaimonCIRCUITO344TRECHO</styleUrl><LineString><coordinates>-47.572035,-5.551246,0 -47.572111,-5.551268,0</coordinates></LineString></Placemark>
<Placemark><name>3495629</name><styleUrl>#styleDaimonCIRCUITO344TRECHO</styleUrl><LineString><coordinates>-47.571865,-5.551246,0 -47.572015,-5.551247,0</coordinates></LineString></Placemark>
<Placemark><name>3495632</name><styleUrl>#styleDaimonCIRCUITO344TRECHO</styleUrl><LineString><coordinates>-47.572111,-5.551268,0 -47.572111,-5.551229,0</coordinates></LineString></Placemark>
<Placemark><name>3495628</name><styleUrl>#styleDaimonCIRCUITO344TRECHO</styleUrl><LineString><coordinates>-47.571673,-5.551245,0 -47.571865,-5.551246,0</coordinates></LineString></Placemark>
<Placemark><name>37044827</name><styleUrl>#styleDaimonCIRCUITO344TRECHO</styleUrl><LineString><coordinates>-47.571673,-5.551245,0 -47.571609,-5.552050,0</coordinates></LineString></Placemark>
<Placemark><name>37044706</name><styleUrl>#styleDaimonCIRCUITO344TRECHO</styleUrl><LineString><coordinates>-47.571462,-5.551245,0 -47.571673,-5.551245,0</coordinates></LineString></Placemark>
<Placemark><name>37045124</name><styleUrl>#styleDaimonCIRCUITO344TRECHO</styleUrl><LineString><coordinates>-47.571609,-5.552050,0 -47.571579,-5.552386,0</coordinates></LineString></Placemark>
<Placemark><name>3495627</name><styleUrl>#styleDaimonCIRCUITO344TRECHO</styleUrl><LineString><coordinates>-47.571115,-5.551243,0 -47.571462,-5.551245,0</coordinates></LineString></Placemark>
<Placemark><name>37045116</name><styleUrl>#styleDaimonCIRCUITO344TRECHO</styleUrl><LineString><coordinates>-47.571579,-5.552386,0 -47.571548,-5.552735,0</coordinates></LineString></Placemark>
<Placemark><name>3495339</name><styleUrl>#styleDaimonCIRCUITO344TRECHO</styleUrl><LineString><coordinates>-47.570860,-5.551242,0 -47.571115,-5.551243,0</coordinates></LineString></Placemark>
<Placemark><name>37045099</name><styleUrl>#styleDaimonCIRCUITO344TRECHO</styleUrl><LineString><coordinates>-47.571548,-5.552735,0 -47.571968,-5.552790,0</coordinates></LineString></Placemark>
<Placemark><name>3495338</name><styleUrl>#styleDaimonCIRCUITO344TRECHO</styleUrl><LineString><coordinates>-47.570566,-5.551241,0 -47.570860,-5.551242,0</coordinates></LineString></Placemark>
<Placemark><name>37045085</name><styleUrl>#styleDaimonCIRCUITO344TRECHO</styleUrl><LineString><coordinates>-47.571968,-5.552790,0 -47.572258,-5.552840,0</coordinates></LineString></Placemark>
<Placemark><name>3495337</name><styleUrl>#styleDaimonCIRCUITO344TRECHO</styleUrl><LineString><coordinates>-47.570306,-5.551239,0 -47.570566,-5.551241,0</coordinates></LineString></Placemark>
<Placemark><name>37045335</name><styleUrl>#styleDaimonCIRCUITO344TRECHO</styleUrl><LineString><coordinates>-47.572258,-5.552840,0 -47.572390,-5.552866,0</coordinates></LineString></Placemark>
<Placemark><name>12112722</name><styleUrl>#styleDaimonCIRCUITO344TRECHO</styleUrl><LineString><coordinates>-47.570287,-5.551237,0 -47.570306,-5.551239,0</coordinates></LineString></Placemark>
<Placemark><name>3495336</name><styleUrl>#styleDaimonCIRCUITO344TRECHO</styleUrl><LineString><coordinates>-47.570038,-5.551238,0 -47.570287,-5.551237,0</coordinates></LineString></Placemark>
<Placemark><name>3609575</name><styleUrl>#styleDaimonCIRCUITO344TRECHO</styleUrl><LineString><coordinates>-47.569831,-5.551169,0 -47.570038,-5.551238,0</coordinates></LineString></Placemark>
<Placemark><name>50532578</name><styleUrl>#styleDaimonCIRCUITO344TRECHO</styleUrl><LineString><coordinates>-47.569140,-5.551455,0 -47.568544,-5.551482,0</coordinates></LineString></Placemark>
<Placemark><name>50533437</name><styleUrl>#styleDaimonCIRCUITO344TRECHO</styleUrl><LineString><coordinates>-47.569157,-5.551435,0 -47.569140,-5.551455,0</coordinates></LineString></Placemark>
<Placemark><name>50532587</name><styleUrl>#styleDaimonCIRCUITO344TRECHO</styleUrl><LineString><coordinates>-47.569190,-5.551191,0 -47.569157,-5.551435,0</coordinates></LineString></Placemark>
<Placemark><name>12041638</name><styleUrl>#styleDaimonCIRCUITO344TRECHO</styleUrl><LineString><coordinates>-47.566558,-5.550680,0 -47.566539,-5.550709,0</coordinates></LineString></Placemark>
<Placemark><name>2789726</name><styleUrl>#styleDaimonCIRCUITO344TRECHO</styleUrl><LineString><coordinates>-47.566539,-5.550709,0 -47.566170,-5.551325,0</coordinates></LineString></Placemark>
<Placemark><name>2780504</name><styleUrl>#styleDaimonCIRCUITO344TRECHO</styleUrl><LineString><coordinates>-47.566656,-5.550539,0 -47.566558,-5.550680,0</coordinates></LineString></Placemark>
<Placemark><name>12048562</name><styleUrl>#styleDaimonCIRCUITO344TRECHO</styleUrl><LineString><coordinates>-47.566170,-5.551325,0 -47.566152,-5.551355,0</coordinates></LineString></Placemark>
<Placemark><name>50532329</name><styleUrl>#styleDaimonCIRCUITO344TRECHO</styleUrl><LineString><coordinates>-47.566152,-5.551355,0 -47.566037,-5.551545,0</coordinates></LineString></Placemark>
<Placemark><name>50532335</name><styleUrl>#styleDaimonCIRCUITO344TRECHO</styleUrl><LineString><coordinates>-47.566037,-5.551545,0 -47.566025,-5.551564,0</coordinates></LineString></Placemark>
<Placemark><name>2789728</name><styleUrl>#styleDaimonCIRCUITO344TRECHO</styleUrl><LineString><coordinates>-47.566025,-5.551564,0 -47.565894,-5.551767,0</coordinates></LineString></Placemark>
<Placemark><name>12097765</name><styleUrl>#styleDaimonCIRCUITO344TRECHO</styleUrl><LineString><coordinates>-47.575597,-5.526609,0 -47.575619,-5.526584,0</coordinates></LineString></Placemark>
<Placemark><name>2776671</name><styleUrl>#styleDaimonCIRCUITO344TRECHO</styleUrl><LineString><coordinates>-47.575619,-5.526584,0 -47.575919,-5.526201,0</coordinates></LineString></Placemark>
<Placemark><name>2776670</name><styleUrl>#styleDaimonCIRCUITO344TRECHO</styleUrl><LineString><coordinates>-47.574426,-5.527915,0 -47.575597,-5.526609,0</coordinates></LineString></Placemark>
<Placemark><name>2776672</name><styleUrl>#styleDaimonCIRCUITO344TRECHO</styleUrl><LineString><coordinates>-47.575919,-5.526201,0 -47.576771,-5.525280,0</coordinates></LineString></Placemark>
<Placemark><name>2776503</name><styleUrl>#styleDaimonCIRCUITO344TRECHO</styleUrl><LineString><coordinates>-47.573551,-5.528926,0 -47.574426,-5.527915,0</coordinates></LineString></Placemark>
<Placemark><name>2776674</name><styleUrl>#styleDaimonCIRCUITO344TRECHO</styleUrl><LineString><coordinates>-47.576771,-5.525280,0 -47.577732,-5.524378,0</coordinates></LineString></Placemark>
<Placemark><name>2776501</name><styleUrl>#styleDaimonCIRCUITO344TRECHO</styleUrl><LineString><coordinates>-47.572618,-5.529913,0 -47.573551,-5.528926,0</coordinates></LineString></Placemark>
<Placemark><name>2776675</name><styleUrl>#styleDaimonCIRCUITO344TRECHO</styleUrl><LineString><coordinates>-47.577732,-5.524378,0 -47.578581,-5.523624,0</coordinates></LineString></Placemark>
<Placemark><name>2776500</name><styleUrl>#styleDaimonCIRCUITO344TRECHO</styleUrl><LineString><coordinates>-47.571871,-5.531614,0 -47.572618,-5.529913,0</coordinates></LineString></Placemark>
<Placemark><name>2776676</name><styleUrl>#styleDaimonCIRCUITO344TRECHO</styleUrl><LineString><coordinates>-47.578581,-5.523624,0 -47.579365,-5.522889,0</coordinates></LineString></Placemark>
<Placemark><name>2776498</name><styleUrl>#styleDaimonCIRCUITO344TRECHO</styleUrl><LineString><coordinates>-47.571515,-5.532304,0 -47.571871,-5.531614,0</coordinates></LineString></Placemark>
<Placemark><name>2776677</name><styleUrl>#styleDaimonCIRCUITO344TRECHO</styleUrl><LineString><coordinates>-47.579365,-5.522889,0 -47.580071,-5.522270,0</coordinates></LineString></Placemark>
<Placemark><name>2776497</name><styleUrl>#styleDaimonCIRCUITO344TRECHO</styleUrl><LineString><coordinates>-47.570922,-5.533619,0 -47.571515,-5.532304,0</coordinates></LineString></Placemark>
<Placemark><name>12097761</name><styleUrl>#styleDaimonCIRCUITO344TRECHO</styleUrl><LineString><coordinates>-47.580071,-5.522270,0 -47.580088,-5.522242,0</coordinates></LineString></Placemark>
<Placemark><name>2776496</name><styleUrl>#styleDaimonCIRCUITO344TRECHO</styleUrl><LineString><coordinates>-47.570358,-5.535037,0 -47.570922,-5.533619,0</coordinates></LineString></Placemark>
<Placemark><name>2789719</name><styleUrl>#styleDaimonCIRCUITO344TRECHO</styleUrl><LineString><coordinates>-47.580088,-5.522242,0 -47.580407,-5.521063,0</coordinates></LineString></Placemark>
<Placemark><name>2776495</name><styleUrl>#styleDaimonCIRCUITO344TRECHO</styleUrl><LineString><coordinates>-47.569974,-5.535958,0 -47.570358,-5.535037,0</coordinates></LineString></Placemark>
<Placemark><name>12097760</name><styleUrl>#styleDaimonCIRCUITO344TRECHO</styleUrl><LineString><coordinates>-47.580407,-5.521063,0 -47.580398,-5.521036,0</coordinates></LineString></Placemark>
<Placemark><name>2776494</name><styleUrl>#styleDaimonCIRCUITO344TRECHO</styleUrl><LineString><coordinates>-47.569393,-5.537312,0 -47.569974,-5.535958,0</coordinates></LineString></Placemark>
<Placemark><name>2789720</name><styleUrl>#styleDaimonCIRCUITO344TRECHO</styleUrl><LineString><coordinates>-47.580398,-5.521036,0 -47.580123,-5.520819,0</coordinates></LineString></Placemark>
<Placemark><name>2776492</name><styleUrl>#styleDaimonCIRCUITO344TRECHO</styleUrl><LineString><coordinates>-47.569024,-5.538209,0 -47.569393,-5.537312,0</coordinates></LineString></Placemark>
<Placemark><name>12048568</name><styleUrl>#styleDaimonCIRCUITO344TRECHO</styleUrl><LineString><coordinates>-47.580123,-5.520819,0 -47.580137,-5.520809,0</coordinates></LineString></Placemark>
<Placemark><name>2776681</name><styleUrl>#styleDaimonCIRCUITO344TRECHO</styleUrl><LineString><coordinates>-47.580123,-5.520819,0 -47.579914,-5.520650,0</coordinates></LineString></Placemark>
<Placemark><name>2776491</name><styleUrl>#styleDaimonCIRCUITO344TRECHO</styleUrl><LineString><coordinates>-47.568656,-5.539135,0 -47.569024,-5.538209,0</coordinates></LineString></Placemark>
<Placemark><name>2789717</name><styleUrl>#styleDaimonCIRCUITO344TRECHO</styleUrl><LineString><coordinates>-47.580137,-5.520809,0 -47.580904,-5.520269,0</coordinates></LineString></Placemark>
<Placemark><name>2776682</name><styleUrl>#styleDaimonCIRCUITO344TRECHO</styleUrl><LineString><coordinates>-47.579914,-5.520650,0 -47.579610,-5.520465,0</coordinates></LineString></Placemark>
<Placemark><name>2776490</name><styleUrl>#styleDaimonCIRCUITO344TRECHO</styleUrl><LineString><coordinates>-47.568240,-5.540256,0 -47.568656,-5.539135,0</coordinates></LineString></Placemark>
<Placemark><name>22157616</name><styleUrl>#styleDaimonCIRCUITO344TRECHO</styleUrl><LineString><coordinates>-47.580904,-5.520269,0 -47.581111,-5.519983,0</coordinates></LineString></Placemark>
<Placemark><name>2776685</name><styleUrl>#styleDaimonCIRCUITO344TRECHO</styleUrl><LineString><coordinates>-47.579610,-5.520465,0 -47.579359,-5.520312,0</coordinates></LineString></Placemark>
<Placemark><name>2776489</name><styleUrl>#styleDaimonCIRCUITO344TRECHO</styleUrl><LineString><coordinates>-47.568116,-5.540552,0 -47.568240,-5.540256,0</coordinates></LineString></Placemark>
<Placemark><name>2789718</name><styleUrl>#styleDaimonCIRCUITO344TRECHO</styleUrl><LineString><coordinates>-47.581111,-5.519983,0 -47.581270,-5.519715,0</coordinates></LineString></Placemark>
<Placemark><name>2776686</name><styleUrl>#styleDaimonCIRCUITO344TRECHO</styleUrl><LineString><coordinates>-47.579359,-5.520312,0 -47.579144,-5.520182,0</coordinates></LineString></Placemark>
<Placemark><name>60717164</name><styleUrl>#styleDaimonCIRCUITO344TRECHO</styleUrl><LineString><coordinates>-47.567814,-5.541264,0 -47.568116,-5.540552,0</coordinates></LineString></Placemark>
<Placemark><name>47384314</name><styleUrl>#styleDaimonCIRCUITO344TRECHO</styleUrl><LineString><coordinates>-47.581270,-5.519715,0 -47.581375,-5.519563,0</coordinates></LineString></Placemark>
<Placemark><name>2776866</name><styleUrl>#styleDaimonCIRCUITO344TRECHO</styleUrl><LineString><coordinates>-47.579144,-5.520182,0 -47.579034,-5.520115,0</coordinates></LineString></Placemark>
<Placemark><name>2776487</name><styleUrl>#styleDaimonCIRCUITO344TRECHO</styleUrl><LineString><coordinates>-47.567358,-5.542329,0 -47.567814,-5.541264,0</coordinates></LineString></Placemark>
<Placemark><name>47384315</name><styleUrl>#styleDaimonCIRCUITO344TRECHO</styleUrl><LineString><coordinates>-47.581375,-5.519563,0 -47.581689,-5.518764,0</coordinates></LineString></Placemark>
<Placemark><name>12097764</name><styleUrl>#styleDaimonCIRCUITO344TRECHO</styleUrl><LineString><coordinates>-47.567353,-5.542361,0 -47.567358,-5.542329,0</coordinates></LineString></Placemark>
<Placemark><name>47384316</name><styleUrl>#styleDaimonCIRCUITO344TRECHO</styleUrl><LineString><coordinates>-47.581689,-5.518764,0 -47.581957,-5.518049,0</coordinates></LineString></Placemark>
<Placemark><name>2776486</name><styleUrl>#styleDaimonCIRCUITO344TRECHO</styleUrl><LineString><coordinates>-47.567526,-5.543602,0 -47.567353,-5.542361,0</coordinates></LineString></Placemark>
<Placemark><name>47384317</name><styleUrl>#styleDaimonCIRCUITO344TRECHO</styleUrl><LineString><coordinates>-47.581957,-5.518049,0 -47.582333,-5.517277,0</coordinates></LineString></Placemark>
<Placemark><name>2776485</name><styleUrl>#styleDaimonCIRCUITO344TRECHO</styleUrl><LineString><coordinates>-47.567584,-5.544492,0 -47.567526,-5.543602,0</coordinates></LineString></Placemark>
<Placemark><name>47384318</name><styleUrl>#styleDaimonCIRCUITO344TRECHO</styleUrl><LineString><coordinates>-47.582333,-5.517277,0 -47.582631,-5.516730,0</coordinates></LineString></Placemark>
<Placemark><name>2789722</name><styleUrl>#styleDaimonCIRCUITO344TRECHO</styleUrl><LineString><coordinates>-47.567804,-5.546900,0 -47.567584,-5.544492,0</coordinates></LineString></Placemark>
<Placemark><name>47384319</name><styleUrl>#styleDaimonCIRCUITO344TRECHO</styleUrl><LineString><coordinates>-47.582631,-5.516730,0 -47.582947,-5.516189,0</coordinates></LineString></Placemark>
<Placemark><name>12097763</name><styleUrl>#styleDaimonCIRCUITO344TRECHO</styleUrl><LineString><coordinates>-47.567807,-5.546933,0 -47.567804,-5.546900,0</coordinates></LineString></Placemark>
<Placemark><name>47384304</name><styleUrl>#styleDaimonCIRCUITO344TRECHO</styleUrl><LineString><coordinates>-47.582947,-5.516189,0 -47.583221,-5.515659,0</coordinates></LineString></Placemark>
<Placemark><name>2789721</name><styleUrl>#styleDaimonCIRCUITO344TRECHO</styleUrl><LineString><coordinates>-47.568015,-5.548491,0 -47.567807,-5.546933,0</coordinates></LineString></Placemark>
<Placemark><name>57857431</name><styleUrl>#styleDaimonCIRCUITO344TRECHO</styleUrl><LineString><coordinates>-47.583221,-5.515659,0 -47.583313,-5.515400,0</coordinates></LineString></Placemark>
<Placemark><name>12097762</name><styleUrl>#styleDaimonCIRCUITO344TRECHO</styleUrl><LineString><coordinates>-47.568019,-5.548525,0 -47.568015,-5.548491,0</coordinates></LineString></Placemark>
<Placemark><name>57857426</name><styleUrl>#styleDaimonCIRCUITO344TRECHO</styleUrl><LineString><coordinates>-47.583313,-5.515400,0 -47.583336,-5.515400,0</coordinates></LineString></Placemark>
<Placemark><name>2778036</name><styleUrl>#styleDaimonCIRCUITO344TRECHO</styleUrl><LineString><coordinates>-47.568120,-5.549702,0 -47.568019,-5.548525,0</coordinates></LineString></Placemark>
<Placemark><name>57857440</name><styleUrl>#styleDaimonCIRCUITO344TRECHO</styleUrl><LineString><coordinates>-47.583336,-5.515400,0 -47.583781,-5.515795,0</coordinates></LineString></Placemark>
<Placemark><name>2778035</name><styleUrl>#styleDaimonCIRCUITO344TRECHO</styleUrl><LineString><coordinates>-47.568158,-5.550060,0 -47.568120,-5.549702,0</coordinates></LineString></Placemark>
<Placemark><name>57857434</name><styleUrl>#styleDaimonCIRCUITO344TRECHO</styleUrl><LineString><coordinates>-47.583781,-5.515795,0 -47.584194,-5.516164,0</coordinates></LineString></Placemark>
<Placemark><name>2780308</name><styleUrl>#styleDaimonCIRCUITO344TRECHO</styleUrl><LineString><coordinates>-47.564497,-5.549911,0 -47.564497,-5.550447,0</coordinates></LineString></Placemark>
<Placemark><name>24502663</name><styleUrl>#styleDaimonCIRCUITO344TRECHO</styleUrl><LineString><coordinates>-47.564497,-5.550447,0 -47.564227,-5.550462,0</coordinates></LineString></Placemark>
<Placemark><name>2789723</name><styleUrl>#styleDaimonCIRCUITO344TRECHO</styleUrl><LineString><coordinates>-47.564497,-5.550447,0 -47.564533,-5.550447,0</coordinates></LineString></Placemark>
<Placemark><name>3170756</name><styleUrl>#styleDaimonCIRCUITO344TRECHO</styleUrl><LineString><coordinates>-47.563378,-5.525698,0 -47.563322,-5.525692,0</coordinates></LineString></Placemark>
<Placemark><name>24515393</name><styleUrl>#styleDaimonCIRCUITO344TRECHO</styleUrl><LineString><coordinates>-47.563322,-5.525692,0 -47.563053,-5.525722,0</coordinates></LineString></Placemark>
<Placemark><name>50532400</name><styleUrl>#styleDaimonCIRCUITO344TRECHO</styleUrl><LineString><coordinates>-47.563118,-5.551593,0 -47.563110,-5.551617,0</coordinates></LineString></Placemark>
<Placemark><name>3556735</name><styleUrl>#styleDaimonCIRCUITO344TRECHO</styleUrl><LineString><coordinates>-47.563110,-5.551617,0 -47.562985,-5.552001,0</coordinates></LineString></Placemark>
<Placemark><name>50532378</name><styleUrl>#styleDaimonCIRCUITO344TRECHO</styleUrl><LineString><coordinates>-47.563237,-5.551228,0 -47.563118,-5.551593,0</coordinates></LineString></Placemark>
<Placemark><name>3556736</name><styleUrl>#styleDaimonCIRCUITO344TRECHO</styleUrl><LineString><coordinates>-47.562985,-5.552001,0 -47.562933,-5.552164,0</coordinates></LineString></Placemark>
<Placemark><name>2780379</name><styleUrl>#styleDaimonCIRCUITO344TRECHO</styleUrl><LineString><coordinates>-47.563783,-5.550409,0 -47.563788,-5.551031,0</coordinates></LineString></Placemark>
<Placemark><name>2546028</name><styleUrl>#styleDaimonCIRCUITO344TRECHO</styleUrl><LineString><coordinates>-47.575139,-5.551516,0 -47.575802,-5.551662,0</coordinates></LineString></Placemark>
<Placemark><name>2546027</name><styleUrl>#styleDaimonCIRCUITO344TRECHO</styleUrl><LineString><coordinates>-47.574485,-5.551399,0 -47.575139,-5.551516,0</coordinates></LineString></Placemark>
<Placemark><name>12097651</name><styleUrl>#styleDaimonCIRCUITO344TRECHO</styleUrl><LineString><coordinates>-47.574452,-5.551395,0 -47.574485,-5.551399,0</coordinates></LineString></Placemark>
<Placemark><name>2786979</name><styleUrl>#styleDaimonCIRCUITO344TRECHO</styleUrl><LineString><coordinates>-47.574452,-5.551395,0 -47.574474,-5.551356,0</coordinates></LineString></Placemark>
<Placemark><name>3495631</name><styleUrl>#styleDaimonCIRCUITO344TRECHO</styleUrl><LineString><coordinates>-47.572346,-5.551246,0 -47.574452,-5.551395,0</coordinates></LineString></Placemark>
<Placemark><name>3495634</name><styleUrl>#styleDaimonCIRCUITO344TRECHO</styleUrl><LineString><coordinates>-47.571933,-5.550873,0 -47.572035,-5.550521,0</coordinates></LineString></Placemark>
<Placemark><name>3495635</name><styleUrl>#styleDaimonCIRCUITO344TRECHO</styleUrl><LineString><coordinates>-47.572035,-5.550521,0 -47.572113,-5.550150,0</coordinates></LineString></Placemark>
<Placemark><name>3495633</name><styleUrl>#styleDaimonCIRCUITO344TRECHO</styleUrl><LineString><coordinates>-47.571877,-5.551156,0 -47.571933,-5.550873,0</coordinates></LineString></Placemark>
<Placemark><name>3495636</name><styleUrl>#styleDaimonCIRCUITO344TRECHO</styleUrl><LineString><coordinates>-47.572113,-5.550150,0 -47.572189,-5.549781,0</coordinates></LineString></Placemark>
<Placemark><name>3561592</name><styleUrl>#styleDaimonCIRCUITO344TRECHO</styleUrl><LineString><coordinates>-47.571867,-5.551237,0 -47.571877,-5.551156,0</coordinates></LineString></Placemark>
<Placemark><name>50532693</name><styleUrl>#styleDaimonCIRCUITO344TRECHO</styleUrl><LineString><coordinates>-47.562211,-5.551618,0 -47.561662,-5.551628,0</coordinates></LineString></Placemark>
<Placemark><name>50532694</name><styleUrl>#styleDaimonCIRCUITO344TRECHO</styleUrl><LineString><coordinates>-47.561662,-5.551628,0 -47.561228,-5.551635,0</coordinates></LineString></Placemark>
<Placemark><name>50533529</name><styleUrl>#styleDaimonCIRCUITO344TRECHO</styleUrl><LineString><coordinates>-47.562741,-5.551610,0 -47.562211,-5.551618,0</coordinates></LineString></Placemark>
<Placemark><name>50532695</name><styleUrl>#styleDaimonCIRCUITO344TRECHO</styleUrl><LineString><coordinates>-47.561228,-5.551635,0 -47.560650,-5.551644,0</coordinates></LineString></Placemark>
<Placemark><name>50533521</name><styleUrl>#styleDaimonCIRCUITO344TRECHO</styleUrl><LineString><coordinates>-47.562768,-5.551609,0 -47.562741,-5.551610,0</coordinates></LineString></Placemark>
<Placemark><name>50532696</name><styleUrl>#styleDaimonCIRCUITO344TRECHO</styleUrl><LineString><coordinates>-47.560650,-5.551644,0 -47.560070,-5.551655,0</coordinates></LineString></Placemark>
<Placemark><name>50532692</name><styleUrl>#styleDaimonCIRCUITO344TRECHO</styleUrl><LineString><coordinates>-47.563099,-5.551604,0 -47.562768,-5.551609,0</coordinates></LineString></Placemark>
<Placemark><name>50532392</name><styleUrl>#styleDaimonCIRCUITO344TRECHO</styleUrl><LineString><coordinates>-47.563137,-5.551604,0 -47.563099,-5.551604,0</coordinates></LineString></Placemark>
<Placemark><name>50532634</name><styleUrl>#styleDaimonCIRCUITO344TRECHO</styleUrl><LineString><coordinates>-47.563698,-5.551594,0 -47.563137,-5.551604,0</coordinates></LineString></Placemark>
<Placemark><name>50533484</name><styleUrl>#styleDaimonCIRCUITO344TRECHO</styleUrl><LineString><coordinates>-47.563721,-5.551594,0 -47.563698,-5.551594,0</coordinates></LineString></Placemark>
<Placemark><name>50532649</name><styleUrl>#styleDaimonCIRCUITO344TRECHO</styleUrl><LineString><coordinates>-47.564153,-5.551586,0 -47.563721,-5.551594,0</coordinates></LineString></Placemark>
<Placemark><name>50532648</name><styleUrl>#styleDaimonCIRCUITO344TRECHO</styleUrl><LineString><coordinates>-47.564731,-5.551577,0 -47.564153,-5.551586,0</coordinates></LineString></Placemark>
<Placemark><name>50532647</name><styleUrl>#styleDaimonCIRCUITO344TRECHO</styleUrl><LineString><coordinates>-47.565362,-5.551567,0 -47.564731,-5.551577,0</coordinates></LineString></Placemark>
<Placemark><name>50532646</name><styleUrl>#styleDaimonCIRCUITO344TRECHO</styleUrl><LineString><coordinates>-47.566020,-5.551556,0 -47.565362,-5.551567,0</coordinates></LineString></Placemark>
<Placemark><name>50532355</name><styleUrl>#styleDaimonCIRCUITO344TRECHO</styleUrl><LineString><coordinates>-47.566045,-5.551557,0 -47.566020,-5.551556,0</coordinates></LineString></Placemark>
<Placemark><name>50532618</name><styleUrl>#styleDaimonCIRCUITO344TRECHO</styleUrl><LineString><coordinates>-47.566722,-5.551544,0 -47.566045,-5.551557,0</coordinates></LineString></Placemark>
<Placemark><name>50532626</name><styleUrl>#styleDaimonCIRCUITO344TRECHO</styleUrl><LineString><coordinates>-47.567413,-5.551532,0 -47.566722,-5.551544,0</coordinates></LineString></Placemark>
<Placemark><name>50532602</name><styleUrl>#styleDaimonCIRCUITO344TRECHO</styleUrl><LineString><coordinates>-47.567943,-5.551506,0 -47.567413,-5.551532,0</coordinates></LineString></Placemark>
<Placemark><name>50533466</name><styleUrl>#styleDaimonCIRCUITO344TRECHO</styleUrl><LineString><coordinates>-47.567972,-5.551506,0 -47.567943,-5.551506,0</coordinates></LineString></Placemark>
<Placemark><name>50532610</name><styleUrl>#styleDaimonCIRCUITO344TRECHO</styleUrl><LineString><coordinates>-47.568487,-5.551484,0 -47.567972,-5.551506,0</coordinates></LineString></Placemark>
<Placemark><name>2772961</name><styleUrl>#styleDaimonCIRCUITO344TRECHO</styleUrl><LineString><coordinates>-47.569073,-5.549555,0 -47.569251,-5.549528,0</coordinates></LineString></Placemark>
<Placemark><name>2778034</name><styleUrl>#styleDaimonCIRCUITO344TRECHO</styleUrl><LineString><coordinates>-47.568215,-5.549688,0 -47.569073,-5.549555,0</coordinates></LineString></Placemark>
<Placemark><name>2772960</name><styleUrl>#styleDaimonCIRCUITO344TRECHO</styleUrl><LineString><coordinates>-47.569251,-5.549528,0 -47.570167,-5.549391,0</coordinates></LineString></Placemark>
<Placemark><name>60717239</name><styleUrl>#styleDaimonCIRCUITO344TRECHO</styleUrl><LineString><coordinates>-47.569824,-5.541081,0 -47.569854,-5.541076,0</coordinates></LineString></Placemark>
<Placemark><name>60717210</name><styleUrl>#styleDaimonCIRCUITO344TRECHO</styleUrl><LineString><coordinates>-47.569854,-5.541076,0 -47.570715,-5.540904,0</coordinates></LineString></Placemark>
<Placemark><name>60717194</name><styleUrl>#styleDaimonCIRCUITO344TRECHO</styleUrl><LineString><coordinates>-47.568977,-5.540817,0 -47.569824,-5.541081,0</coordinates></LineString></Placemark>
<Placemark><name>60717211</name><styleUrl>#styleDaimonCIRCUITO344TRECHO</styleUrl><LineString><coordinates>-47.570715,-5.540904,0 -47.571615,-5.540836,0</coordinates></LineString></Placemark>
<Placemark><name>60717199</name><styleUrl>#styleDaimonCIRCUITO344TRECHO</styleUrl><LineString><coordinates>-47.568202,-5.540578,0 -47.568977,-5.540817,0</coordinates></LineString></Placemark>
<Placemark><name>60717203</name><styleUrl>#styleDaimonCIRCUITO344TRECHO</styleUrl><LineString><coordinates>-47.571615,-5.540836,0 -47.572201,-5.540793,0</coordinates></LineString></Placemark>
<Placemark><name>60717243</name><styleUrl>#styleDaimonCIRCUITO344TRECHO</styleUrl><LineString><coordinates>-47.572201,-5.540793,0 -47.572223,-5.540776,0</coordinates></LineString></Placemark>
<Placemark><name>60717225</name><styleUrl>#styleDaimonCIRCUITO344TRECHO</styleUrl><LineString><coordinates>-47.572223,-5.540776,0 -47.572319,-5.540258,0</coordinates></LineString></Placemark>
<Placemark><name>60717226</name><styleUrl>#styleDaimonCIRCUITO344TRECHO</styleUrl><LineString><coordinates>-47.572319,-5.540258,0 -47.572707,-5.539493,0</coordinates></LineString></Placemark>
<Placemark><name>60717218</name><styleUrl>#styleDaimonCIRCUITO344TRECHO</styleUrl><LineString><coordinates>-47.572707,-5.539493,0 -47.573089,-5.538726,0</coordinates></LineString></Placemark>
<Placemark><name>2776499</name><styleUrl>#styleDaimonCIRCUITO344TRECHO</styleUrl><LineString><coordinates>-47.571854,-5.531598,0 -47.571709,-5.531447,0</coordinates></LineString></Placemark>
<Placemark><name>2776673</name><styleUrl>#styleDaimonCIRCUITO344TRECHO</styleUrl><LineString><coordinates>-47.576747,-5.525250,0 -47.576525,-5.524968,0</coordinates></LineString></Placemark>
<Placemark><name>2776493</name><styleUrl>#styleDaimonCIRCUITO344TRECHO</styleUrl><LineString><coordinates>-47.569324,-5.537220,0 -47.568691,-5.536395,0</coordinates></LineString></Placemark>
<Placemark><name>22157647</name><styleUrl>#styleDaimonCIRCUITO344TRECHO</styleUrl><LineString><coordinates>-47.582864,-5.520482,0 -47.583677,-5.520482,0</coordinates></LineString></Placemark>
<Placemark><name>22157648</name><styleUrl>#styleDaimonCIRCUITO344TRECHO</styleUrl><LineString><coordinates>-47.583677,-5.520482,0 -47.584487,-5.520512,0</coordinates></LineString></Placemark>
<Placemark><name>22157632</name><styleUrl>#styleDaimonCIRCUITO344TRECHO</styleUrl><LineString><coordinates>-47.581287,-5.520034,0 -47.582864,-5.520482,0</coordinates></LineString></Placemark>
<Placemark><name>22157649</name><styleUrl>#styleDaimonCIRCUITO344TRECHO</styleUrl><LineString><coordinates>-47.584487,-5.520512,0 -47.585278,-5.520588,0</coordinates></LineString></Placemark>
<Placemark><name>22157650</name><styleUrl>#styleDaimonCIRCUITO344TRECHO</styleUrl><LineString><coordinates>-47.585278,-5.520588,0 -47.585916,-5.519350,0</coordinates></LineString></Placemark>
<Placemark><name>22157651</name><styleUrl>#styleDaimonCIRCUITO344TRECHO</styleUrl><LineString><coordinates>-47.585916,-5.519350,0 -47.586456,-5.518681,0</coordinates></LineString></Placemark>
<Placemark><name>22157652</name><styleUrl>#styleDaimonCIRCUITO344TRECHO</styleUrl><LineString><coordinates>-47.586456,-5.518681,0 -47.587062,-5.518067,0</coordinates></LineString></Placemark>
<Placemark><name>52717625</name><styleUrl>#styleDaimonCIRCUITO344TRECHO</styleUrl><LineString><coordinates>-47.587062,-5.518067,0 -47.587043,-5.518055,0</coordinates></LineString></Placemark>
<Placemark><name>22157653</name><styleUrl>#styleDaimonCIRCUITO344TRECHO</styleUrl><LineString><coordinates>-47.587062,-5.518067,0 -47.587459,-5.517739,0</coordinates></LineString></Placemark>
<Placemark><name>52717629</name><styleUrl>#styleDaimonCIRCUITO344TRECHO</styleUrl><LineString><coordinates>-47.587043,-5.518055,0 -47.586899,-5.517957,0</coordinates></LineString></Placemark>
<Placemark><name>22157636</name><styleUrl>#styleDaimonCIRCUITO344TRECHO</styleUrl><LineString><coordinates>-47.587459,-5.517739,0 -47.587279,-5.517063,0</coordinates></LineString></Placemark>
<Placemark><name>2776488</name><styleUrl>#styleDaimonCIRCUITO344TRECHO</styleUrl><LineString><coordinates>-47.567886,-5.541322,0 -47.568529,-5.541841,0</coordinates></LineString></Placemark>
<Placemark><name>12138600</name><styleUrl>#styleDaimonCIRCUITO344TRECHO</styleUrl><LineString><coordinates>-47.580321,-5.522903,0 -47.580355,-5.522897,0</coordinates></LineString></Placemark>
<Placemark><name>2789729</name><styleUrl>#styleDaimonCIRCUITO344TRECHO</styleUrl><LineString><coordinates>-47.580355,-5.522897,0 -47.581589,-5.522421,0</coordinates></LineString></Placemark>
<Placemark><name>2776678</name><styleUrl>#styleDaimonCIRCUITO344TRECHO</styleUrl><LineString><coordinates>-47.579461,-5.522890,0 -47.580321,-5.522903,0</coordinates></LineString></Placemark>
<Placemark><name>49990865</name><styleUrl>#styleDaimonCIRCUITO344TRECHO</styleUrl><LineString><coordinates>-47.579146,-5.520181,0 -47.579158,-5.520165,0</coordinates></LineString></Placemark>
<Placemark><name>2525738</name><styleUrl>#styleDaimonCIRCUITO344TRECHO</styleUrl><LineString><coordinates>-47.575265,-5.525520,0 -47.574658,-5.524856,0</coordinates></LineString></Placemark>
<Placemark><name>2525737</name><styleUrl>#styleDaimonCIRCUITO344TRECHO</styleUrl><LineString><coordinates>-47.574658,-5.524856,0 -47.573906,-5.524605,0</coordinates></LineString></Placemark>
<Placemark><name>3610353</name><styleUrl>#styleDaimonCIRCUITO344TRECHO</styleUrl><LineString><coordinates>-47.575854,-5.526133,0 -47.575265,-5.525520,0</coordinates></LineString></Placemark>
<Placemark><name>2776502</name><styleUrl>#styleDaimonCIRCUITO344TRECHO</styleUrl><LineString><coordinates>-47.573528,-5.528904,0 -47.573322,-5.528701,0</coordinates></LineString></Placemark>
<Placemark><name>3556741</name><styleUrl>#styleDaimonCIRCUITO344TRECHO</styleUrl><LineString><coordinates>-47.562647,-5.552010,0 -47.562510,-5.553181,0</coordinates></LineString></Placemark>
<Placemark><name>3556739</name><styleUrl>#styleDaimonCIRCUITO344TRECHO</styleUrl><LineString><coordinates>-47.562510,-5.553181,0 -47.562361,-5.554367,0</coordinates></LineString></Placemark>
<Placemark><name>12174057</name><styleUrl>#styleDaimonCIRCUITO344TRECHO</styleUrl><LineString><coordinates>-47.562665,-5.551984,0 -47.562647,-5.552010,0</coordinates></LineString></Placemark>
<Placemark><name>3556738</name><styleUrl>#styleDaimonCIRCUITO344TRECHO</styleUrl><LineString><coordinates>-47.562361,-5.554367,0 -47.562212,-5.555562,0</coordinates></LineString></Placemark>
<Placemark><name>3556740</name><styleUrl>#styleDaimonCIRCUITO344TRECHO</styleUrl><LineString><coordinates>-47.562954,-5.552000,0 -47.562665,-5.551984,0</coordinates></LineString></Placemark>
<Placemark><name>3556737</name><styleUrl>#styleDaimonCIRCUITO344TRECHO</styleUrl><LineString><coordinates>-47.562212,-5.555562,0 -47.562070,-5.556693,0</coordinates></LineString></Placemark>
<Placemark><name>12042014</name><styleUrl>#styleDaimonCIRCUITO344TRECHO</styleUrl><LineString><coordinates>-47.576352,-5.551343,0 -47.576344,-5.551322,0</coordinates></LineString></Placemark>
<Placemark><name>2787398</name><styleUrl>#styleDaimonCIRCUITO344TRECHO</styleUrl><LineString><coordinates>-47.576344,-5.551322,0 -47.576364,-5.551281,0</coordinates></LineString></Placemark>
<Placemark><name>12099091</name><styleUrl>#styleDaimonCIRCUITO344TRECHO</styleUrl><LineString><coordinates>-47.576323,-5.551347,0 -47.576352,-5.551343,0</coordinates></LineString></Placemark>
<Placemark><name>2787399</name><styleUrl>#styleDaimonCIRCUITO344TRECHO</styleUrl><LineString><coordinates>-47.576352,-5.551343,0 -47.576444,-5.551376,0</coordinates></LineString></Placemark>
<Placemark><name>2779198</name><styleUrl>#styleDaimonCIRCUITO344TRECHO</styleUrl><LineString><coordinates>-47.576180,-5.551458,0 -47.576323,-5.551347,0</coordinates></LineString></Placemark>
<Placemark><name>2787395</name><styleUrl>#styleDaimonCIRCUITO344TRECHO</styleUrl><LineString><coordinates>-47.576444,-5.551376,0 -47.576788,-5.551502,0</coordinates></LineString></Placemark>
<Placemark><name>2779199</name><styleUrl>#styleDaimonCIRCUITO344TRECHO</styleUrl><LineString><coordinates>-47.576122,-5.551657,0 -47.576180,-5.551458,0</coordinates></LineString></Placemark>
<Placemark><name>2791462</name><styleUrl>#styleDaimonCIRCUITO344TRECHO</styleUrl><LineString><coordinates>-47.576788,-5.551502,0 -47.576959,-5.551563,0</coordinates></LineString></Placemark>
<Placemark><name>12099092</name><styleUrl>#styleDaimonCIRCUITO344TRECHO</styleUrl><LineString><coordinates>-47.576101,-5.551674,0 -47.576122,-5.551657,0</coordinates></LineString></Placemark>
<Placemark><name>2791463</name><styleUrl>#styleDaimonCIRCUITO344TRECHO</styleUrl><LineString><coordinates>-47.576959,-5.551563,0 -47.577289,-5.551684,0</coordinates></LineString></Placemark>
<Placemark><name>2791464</name><styleUrl>#styleDaimonCIRCUITO344TRECHO</styleUrl><LineString><coordinates>-47.576959,-5.551563,0 -47.577071,-5.551252,0</coordinates></LineString></Placemark>
<Placemark><name>2791465</name><styleUrl>#styleDaimonCIRCUITO344TRECHO</styleUrl><LineString><coordinates>-47.576959,-5.551563,0 -47.576899,-5.551738,0</coordinates></LineString></Placemark>
<Placemark><name>3620280</name><styleUrl>#styleDaimonCIRCUITO344TRECHO</styleUrl><LineString><coordinates>-47.575832,-5.551664,0 -47.576101,-5.551674,0</coordinates></LineString></Placemark>
<Placemark><name>2789396</name><styleUrl>#styleDaimonCIRCUITO344TRECHO</styleUrl><LineString><coordinates>-47.577289,-5.551684,0 -47.577669,-5.551822,0</coordinates></LineString></Placemark>
<Placemark><name>2787815</name><styleUrl>#styleDaimonCIRCUITO344TRECHO</styleUrl><LineString><coordinates>-47.577071,-5.551252,0 -47.577211,-5.550856,0</coordinates></LineString></Placemark>
<Placemark><name>2787722</name><styleUrl>#styleDaimonCIRCUITO344TRECHO</styleUrl><LineString><coordinates>-47.577669,-5.551822,0 -47.578074,-5.551970,0</coordinates></LineString></Placemark>
<Placemark><name>2777759</name><styleUrl>#styleDaimonCIRCUITO344TRECHO</styleUrl><LineString><coordinates>-47.577211,-5.550856,0 -47.577357,-5.550444,0</coordinates></LineString></Placemark>
<Placemark><name>2546025</name><styleUrl>#styleDaimonCIRCUITO344TRECHO</styleUrl><LineString><coordinates>-47.575111,-5.551542,0 -47.574851,-5.551761,0</coordinates></LineString></Placemark>
<Placemark><name>12112725</name><styleUrl>#styleDaimonCIRCUITO344TRECHO</styleUrl><LineString><coordinates>-47.572231,-5.549553,0 -47.572248,-5.549541,0</coordinates></LineString></Placemark>
<Placemark><name>3495914</name><styleUrl>#styleDaimonCIRCUITO344TRECHO</styleUrl><LineString><coordinates>-47.572248,-5.549541,0 -47.572571,-5.549434,0</coordinates></LineString></Placemark>
<Placemark><name>3495638</name><styleUrl>#styleDaimonCIRCUITO344TRECHO</styleUrl><LineString><coordinates>-47.572194,-5.549758,0 -47.572231,-5.549553,0</coordinates></LineString></Placemark>
<Placemark><name>3495915</name><styleUrl>#styleDaimonCIRCUITO344TRECHO</styleUrl><LineString><coordinates>-47.572571,-5.549434,0 -47.573687,-5.548981,0</coordinates></LineString></Placemark>
<Placemark><name>2779200</name><styleUrl>#styleDaimonCIRCUITO344TRECHO</styleUrl><LineString><coordinates>-47.573687,-5.548981,0 -47.574405,-5.548646,0</coordinates></LineString></Placemark>
<Placemark><name>12097650</name><styleUrl>#styleDaimonCIRCUITO344TRECHO</styleUrl><LineString><coordinates>-47.574405,-5.548646,0 -47.574436,-5.548632,0</coordinates></LineString></Placemark>
<Placemark><name>2789398</name><styleUrl>#styleDaimonCIRCUITO344TRECHO</styleUrl><LineString><coordinates>-47.574405,-5.548646,0 -47.574406,-5.548603,0</coordinates></LineString></Placemark>
<Placemark><name>2779201</name><styleUrl>#styleDaimonCIRCUITO344TRECHO</styleUrl><LineString><coordinates>-47.574436,-5.548632,0 -47.575165,-5.548328,0</coordinates></LineString></Placemark>
<Placemark><name>2779202</name><styleUrl>#styleDaimonCIRCUITO344TRECHO</styleUrl><LineString><coordinates>-47.575165,-5.548328,0 -47.575792,-5.547950,0</coordinates></LineString></Placemark>
<Placemark><name>2787198</name><styleUrl>#styleDaimonCIRCUITO344TRECHO</styleUrl><LineString><coordinates>-47.575792,-5.547950,0 -47.576542,-5.547631,0</coordinates></LineString></Placemark>
<Placemark><name>2787234</name><styleUrl>#styleDaimonCIRCUITO344TRECHO</styleUrl><LineString><coordinates>-47.576542,-5.547631,0 -47.577332,-5.547465,0</coordinates></LineString></Placemark>
<Placemark><name>3495917</name><styleUrl>#styleDaimonCIRCUITO344TRECHO</styleUrl><LineString><coordinates>-47.571559,-5.550135,0 -47.571281,-5.550123,0</coordinates></LineString></Placemark>
<Placemark><name>3495918</name><styleUrl>#styleDaimonCIRCUITO344TRECHO</styleUrl><LineString><coordinates>-47.571281,-5.550123,0 -47.570982,-5.550111,0</coordinates></LineString></Placemark>
<Placemark><name>3495916</name><styleUrl>#styleDaimonCIRCUITO344TRECHO</styleUrl><LineString><coordinates>-47.571951,-5.550151,0 -47.571559,-5.550135,0</coordinates></LineString></Placemark>
<Placemark><name>3495637</name><styleUrl>#styleDaimonCIRCUITO344TRECHO</styleUrl><LineString><coordinates>-47.572097,-5.550151,0 -47.571951,-5.550151,0</coordinates></LineString></Placemark>
<Placemark><name>54843284</name><styleUrl>#styleDaimonCIRCUITO344TRECHO</styleUrl><LineString><coordinates>-47.551363,-5.552015,0 -47.551363,-5.552177,0</coordinates></LineString></Placemark>
<Placemark><name>54843276</name><styleUrl>#styleDaimonCIRCUITO344TRECHO</styleUrl><LineString><coordinates>-47.551363,-5.551990,0 -47.551363,-5.552015,0</coordinates></LineString></Placemark>
<Placemark><name>50532852</name><styleUrl>#styleDaimonCIRCUITO344TRECHO</styleUrl><LineString><coordinates>-47.551363,-5.551990,0 -47.551111,-5.552011,0</coordinates></LineString></Placemark>
<Placemark><name>54843263</name><styleUrl>#styleDaimonCIRCUITO344TRECHO</styleUrl><LineString><coordinates>-47.551631,-5.551967,0 -47.551363,-5.551990,0</coordinates></LineString></Placemark>
<Placemark><name>50532471</name><styleUrl>#styleDaimonCIRCUITO344TRECHO</styleUrl><LineString><coordinates>-47.551111,-5.552011,0 -47.551092,-5.552013,0</coordinates></LineString></Placemark>
<Placemark><name>50533939</name><styleUrl>#styleDaimonCIRCUITO344TRECHO</styleUrl><LineString><coordinates>-47.551655,-5.551966,0 -47.551631,-5.551967,0</coordinates></LineString></Placemark>
<Placemark><name>50532870</name><styleUrl>#styleDaimonCIRCUITO344TRECHO</styleUrl><LineString><coordinates>-47.551092,-5.552013,0 -47.550429,-5.552068,0</coordinates></LineString></Placemark>
<Placemark><name>50532809</name><styleUrl>#styleDaimonCIRCUITO344TRECHO</styleUrl><LineString><coordinates>-47.552270,-5.551915,0 -47.551655,-5.551966,0</coordinates></LineString></Placemark>
<Placemark><name>50532871</name><styleUrl>#styleDaimonCIRCUITO344TRECHO</styleUrl><LineString><coordinates>-47.550429,-5.552068,0 -47.549801,-5.552120,0</coordinates></LineString></Placemark>
<Placemark><name>50532823</name><styleUrl>#styleDaimonCIRCUITO344TRECHO</styleUrl><LineString><coordinates>-47.552899,-5.551864,0 -47.552270,-5.551915,0</coordinates></LineString></Placemark>
<Placemark><name>50532872</name><styleUrl>#styleDaimonCIRCUITO344TRECHO</styleUrl><LineString><coordinates>-47.549801,-5.552120,0 -47.549173,-5.552172,0</coordinates></LineString></Placemark>
<Placemark><name>50532822</name><styleUrl>#styleDaimonCIRCUITO344TRECHO</styleUrl><LineString><coordinates>-47.553572,-5.551808,0 -47.552899,-5.551864,0</coordinates></LineString></Placemark>
<Placemark><name>50532873</name><styleUrl>#styleDaimonCIRCUITO344TRECHO</styleUrl><LineString><coordinates>-47.549173,-5.552172,0 -47.548545,-5.552224,0</coordinates></LineString></Placemark>
<Placemark><name>50532821</name><styleUrl>#styleDaimonCIRCUITO344TRECHO</styleUrl><LineString><coordinates>-47.554111,-5.551763,0 -47.553572,-5.551808,0</coordinates></LineString></Placemark>
<Placemark><name>50532859</name><styleUrl>#styleDaimonCIRCUITO344TRECHO</styleUrl><LineString><coordinates>-47.548545,-5.552224,0 -47.547882,-5.552278,0</coordinates></LineString></Placemark>
<Placemark><name>50532820</name><styleUrl>#styleDaimonCIRCUITO344TRECHO</styleUrl><LineString><coordinates>-47.554502,-5.551750,0 -47.554111,-5.551763,0</coordinates></LineString></Placemark>
<Placemark><name>50532487</name><styleUrl>#styleDaimonCIRCUITO344TRECHO</styleUrl><LineString><coordinates>-47.547882,-5.552278,0 -47.547859,-5.552280,0</coordinates></LineString></Placemark>
<Placemark><name>50532444</name><styleUrl>#styleDaimonCIRCUITO344TRECHO</styleUrl><LineString><coordinates>-47.554532,-5.551748,0 -47.554502,-5.551750,0</coordinates></LineString></Placemark>
<Placemark><name>50532913</name><styleUrl>#styleDaimonCIRCUITO344TRECHO</styleUrl><LineString><coordinates>-47.547859,-5.552280,0 -47.547197,-5.552337,0</coordinates></LineString></Placemark>
<Placemark><name>50532794</name><styleUrl>#styleDaimonCIRCUITO344TRECHO</styleUrl><LineString><coordinates>-47.555077,-5.551739,0 -47.554532,-5.551748,0</coordinates></LineString></Placemark>
<Placemark><name>50532914</name><styleUrl>#styleDaimonCIRCUITO344TRECHO</styleUrl><LineString><coordinates>-47.547197,-5.552337,0 -47.546524,-5.552394,0</coordinates></LineString></Placemark>
<Placemark><name>50532793</name><styleUrl>#styleDaimonCIRCUITO344TRECHO</styleUrl><LineString><coordinates>-47.555759,-5.551727,0 -47.555077,-5.551739,0</coordinates></LineString></Placemark>
<Placemark><name>50532915</name><styleUrl>#styleDaimonCIRCUITO344TRECHO</styleUrl><LineString><coordinates>-47.546524,-5.552394,0 -47.545849,-5.552448,0</coordinates></LineString></Placemark>
<Placemark><name>50532433</name><styleUrl>#styleDaimonCIRCUITO344TRECHO</styleUrl><LineString><coordinates>-47.555787,-5.551727,0 -47.555759,-5.551727,0</coordinates></LineString></Placemark>
<Placemark><name>50532902</name><styleUrl>#styleDaimonCIRCUITO344TRECHO</styleUrl><LineString><coordinates>-47.545849,-5.552448,0 -47.545268,-5.552501,0</coordinates></LineString></Placemark>
<Placemark><name>50532732</name><styleUrl>#styleDaimonCIRCUITO344TRECHO</styleUrl><LineString><coordinates>-47.556337,-5.551719,0 -47.555787,-5.551727,0</coordinates></LineString></Placemark>
<Placemark><name>50533415</name><styleUrl>#styleDaimonCIRCUITO344TRECHO</styleUrl><LineString><coordinates>-47.545268,-5.552501,0 -47.545242,-5.552501,0</coordinates></LineString></Placemark>
<Placemark><name>50532748</name><styleUrl>#styleDaimonCIRCUITO344TRECHO</styleUrl><LineString><coordinates>-47.556814,-5.551711,0 -47.556337,-5.551719,0</coordinates></LineString></Placemark>
<Placemark><name>50532747</name><styleUrl>#styleDaimonCIRCUITO344TRECHO</styleUrl><LineString><coordinates>-47.557288,-5.551702,0 -47.556814,-5.551711,0</coordinates></LineString></Placemark>
<Placemark><name>50532746</name><styleUrl>#styleDaimonCIRCUITO344TRECHO</styleUrl><LineString><coordinates>-47.557877,-5.551691,0 -47.557288,-5.551702,0</coordinates></LineString></Placemark>
<Placemark><name>50533603</name><styleUrl>#styleDaimonCIRCUITO344TRECHO</styleUrl><LineString><coordinates>-47.557900,-5.551692,0 -47.557877,-5.551691,0</coordinates></LineString></Placemark>
<Placemark><name>50532745</name><styleUrl>#styleDaimonCIRCUITO344TRECHO</styleUrl><LineString><coordinates>-47.558439,-5.551682,0 -47.557900,-5.551692,0</coordinates></LineString></Placemark>
<Placemark><name>50533592</name><styleUrl>#styleDaimonCIRCUITO344TRECHO</styleUrl><LineString><coordinates>-47.558471,-5.551683,0 -47.558439,-5.551682,0</coordinates></LineString></Placemark>
<Placemark><name>50532744</name><styleUrl>#styleDaimonCIRCUITO344TRECHO</styleUrl><LineString><coordinates>-47.559026,-5.551671,0 -47.558471,-5.551683,0</coordinates></LineString></Placemark>
<Placemark><name>50532680</name><styleUrl>#styleDaimonCIRCUITO344TRECHO</styleUrl><LineString><coordinates>-47.559574,-5.551663,0 -47.559026,-5.551671,0</coordinates></LineString></Placemark>
<Placemark><name>50532417</name><styleUrl>#styleDaimonCIRCUITO344TRECHO</styleUrl><LineString><coordinates>-47.559600,-5.551664,0 -47.559574,-5.551663,0</coordinates></LineString></Placemark>
<Placemark><name>50533554</name><styleUrl>#styleDaimonCIRCUITO344TRECHO</styleUrl><LineString><coordinates>-47.560122,-5.551653,0 -47.559600,-5.551664,0</coordinates></LineString></Placemark>
<Placemark><name>12048566</name><styleUrl>#styleDaimonCIRCUITO344TRECHO</styleUrl><LineString><coordinates>-47.580360,-5.518101,0 -47.580360,-5.518091,0</coordinates></LineString></Placemark>
<Placemark><name>2777013</name><styleUrl>#styleDaimonCIRCUITO344TRECHO</styleUrl><LineString><coordinates>-47.580360,-5.518091,0 -47.579973,-5.518125,0</coordinates></LineString></Placemark>
<Placemark><name>2777012</name><styleUrl>#styleDaimonCIRCUITO344TRECHO</styleUrl><LineString><coordinates>-47.580130,-5.518551,0 -47.580360,-5.518101,0</coordinates></LineString></Placemark>
<Placemark><name>2777014</name><styleUrl>#styleDaimonCIRCUITO344TRECHO</styleUrl><LineString><coordinates>-47.579973,-5.518125,0 -47.579679,-5.518000,0</coordinates></LineString></Placemark>
<Placemark><name>2777011</name><styleUrl>#styleDaimonCIRCUITO344TRECHO</styleUrl><LineString><coordinates>-47.580025,-5.518776,0 -47.580130,-5.518551,0</coordinates></LineString></Placemark>
<Placemark><name>2780300</name><styleUrl>#styleDaimonCIRCUITO344TRECHO</styleUrl><LineString><coordinates>-47.579679,-5.518000,0 -47.579405,-5.517883,0</coordinates></LineString></Placemark>
<Placemark><name>2777010</name><styleUrl>#styleDaimonCIRCUITO344TRECHO</styleUrl><LineString><coordinates>-47.579880,-5.519085,0 -47.580025,-5.518776,0</coordinates></LineString></Placemark>
<Placemark><name>2780301</name><styleUrl>#styleDaimonCIRCUITO344TRECHO</styleUrl><LineString><coordinates>-47.579405,-5.517883,0 -47.579219,-5.517803,0</coordinates></LineString></Placemark>
<Placemark><name>2776870</name><styleUrl>#styleDaimonCIRCUITO344TRECHO</styleUrl><LineString><coordinates>-47.579715,-5.519345,0 -47.579880,-5.519085,0</coordinates></LineString></Placemark>
<Placemark><name>2780302</name><styleUrl>#styleDaimonCIRCUITO344TRECHO</styleUrl><LineString><coordinates>-47.579219,-5.517803,0 -47.578931,-5.517679,0</coordinates></LineString></Placemark>
<Placemark><name>2776869</name><styleUrl>#styleDaimonCIRCUITO344TRECHO</styleUrl><LineString><coordinates>-47.579551,-5.519606,0 -47.579715,-5.519345,0</coordinates></LineString></Placemark>
<Placemark><name>2780303</name><styleUrl>#styleDaimonCIRCUITO344TRECHO</styleUrl><LineString><coordinates>-47.578931,-5.517679,0 -47.578642,-5.517514,0</coordinates></LineString></Placemark>
<Placemark><name>2776868</name><styleUrl>#styleDaimonCIRCUITO344TRECHO</styleUrl><LineString><coordinates>-47.579365,-5.519904,0 -47.579551,-5.519606,0</coordinates></LineString></Placemark>
<Placemark><name>2780304</name><styleUrl>#styleDaimonCIRCUITO344TRECHO</styleUrl><LineString><coordinates>-47.578642,-5.517514,0 -47.578488,-5.517303,0</coordinates></LineString></Placemark>
<Placemark><name>2776867</name><styleUrl>#styleDaimonCIRCUITO344TRECHO</styleUrl><LineString><coordinates>-47.579179,-5.520139,0 -47.579365,-5.519904,0</coordinates></LineString></Placemark>
<Placemark><name>2780305</name><styleUrl>#styleDaimonCIRCUITO344TRECHO</styleUrl><LineString><coordinates>-47.578488,-5.517303,0 -47.578339,-5.517084,0</coordinates></LineString></Placemark>
<Placemark><name>T_0300033103</name><styleUrl>#styleDaimonCIRCUITO344TRECHO</styleUrl><LineString><coordinates>-47.578798,-5.552046,0 -47.578804,-5.552027,0</coordinates></LineString></Placemark>
<Placemark><name>2546993</name><styleUrl>#styleDaimonCIRCUITO344TRECHO</styleUrl><LineString><coordinates>-47.578740,-5.552213,0 -47.578798,-5.552046,0</coordinates></LineString></Placemark>
<Placemark><name>2546994</name><styleUrl>#styleDaimonCIRCUITO344TRECHO</styleUrl><LineString><coordinates>-47.578740,-5.552213,0 -47.578688,-5.552389,0</coordinates></LineString></Placemark>
<Placemark><name>2546991</name><styleUrl>#styleDaimonCIRCUITO344TRECHO</styleUrl><LineString><coordinates>-47.578503,-5.552126,0 -47.578740,-5.552213,0</coordinates></LineString></Placemark>
<Placemark><name>2546992</name><styleUrl>#styleDaimonCIRCUITO344TRECHO</styleUrl><LineString><coordinates>-47.578740,-5.552213,0 -47.578818,-5.552239,0</coordinates></LineString></Placemark>
<Placemark><name>2787723</name><styleUrl>#styleDaimonCIRCUITO344TRECHO</styleUrl><LineString><coordinates>-47.578117,-5.551985,0 -47.578503,-5.552126,0</coordinates></LineString></Placemark>
<Placemark><name>3590117</name><styleUrl>#styleDaimonCIRCUITO344TRECHO</styleUrl><LineString><coordinates>-47.578818,-5.552239,0 -47.579105,-5.552327,0</coordinates></LineString></Placemark>
<Placemark><name>2787397</name><styleUrl>#styleDaimonCIRCUITO344TRECHO</styleUrl><LineString><coordinates>-47.576378,-5.551245,0 -47.576494,-5.550923,0</coordinates></LineString></Placemark>
<Placemark><name>3004555</name><styleUrl>#styleDaimonCIRCUITO344TRECHO</styleUrl><LineString><coordinates>-47.576463,-5.547550,0 -47.575740,-5.546814,0</coordinates></LineString></Placemark>
<Placemark><name>2568473</name><styleUrl>#styleDaimonCIRCUITO344TRECHO</styleUrl><LineString><coordinates>-47.575740,-5.546814,0 -47.575285,-5.546352,0</coordinates></LineString></Placemark>
<Placemark><name>58138614</name><styleUrl>#styleDaimonCIRCUITO344TRECHO</styleUrl><LineString><coordinates>-47.551337,-5.553018,0 -47.551256,-5.553119,0</coordinates></LineString></Placemark>
<Placemark><name>47659559</name><styleUrl>#styleDaimonCIRCUITO344TRECHO</styleUrl><LineString><coordinates>-47.551361,-5.552262,0 -47.551337,-5.553018,0</coordinates></LineString></Placemark>
<Placemark><name>12048445</name><styleUrl>#styleDaimonCIRCUITO344TRECHO</styleUrl><LineString><coordinates>-47.554146,-5.552031,0 -47.554135,-5.552071,0</coordinates></LineString></Placemark>
<Placemark><name>2787482</name><styleUrl>#styleDaimonCIRCUITO344TRECHO</styleUrl><LineString><coordinates>-47.554135,-5.552071,0 -47.554243,-5.553097,0</coordinates></LineString></Placemark>
<Placemark><name>50532522</name><styleUrl>#styleDaimonCIRCUITO344TRECHO</styleUrl><LineString><coordinates>-47.554115,-5.551791,0 -47.554146,-5.552031,0</coordinates></LineString></Placemark>
<Placemark><name>50533232</name><styleUrl>#styleDaimonCIRCUITO344TRECHO</styleUrl><LineString><coordinates>-47.541237,-5.553504,0 -47.540743,-5.553619,0</coordinates></LineString></Placemark>
<Placemark><name>50533219</name><styleUrl>#styleDaimonCIRCUITO344TRECHO</styleUrl><LineString><coordinates>-47.540743,-5.553619,0 -47.540522,-5.553684,0</coordinates></LineString></Placemark>
<Placemark><name>50533231</name><styleUrl>#styleDaimonCIRCUITO344TRECHO</styleUrl><LineString><coordinates>-47.541746,-5.553380,0 -47.541237,-5.553504,0</coordinates></LineString></Placemark>
<Placemark><name>2583799</name><styleUrl>#styleDaimonCIRCUITO344TRECHO</styleUrl><LineString><coordinates>-47.540522,-5.553684,0 -47.540246,-5.553487,0</coordinates></LineString></Placemark>
<Placemark><name>50533900</name><styleUrl>#styleDaimonCIRCUITO344TRECHO</styleUrl><LineString><coordinates>-47.540522,-5.553684,0 -47.540021,-5.553795,0</coordinates></LineString></Placemark>
<Placemark><name>50533230</name><styleUrl>#styleDaimonCIRCUITO344TRECHO</styleUrl><LineString><coordinates>-47.542278,-5.553239,0 -47.541746,-5.553380,0</coordinates></LineString></Placemark>
<Placemark><name>50533302</name><styleUrl>#styleDaimonCIRCUITO344TRECHO</styleUrl><LineString><coordinates>-47.542297,-5.553238,0 -47.542278,-5.553239,0</coordinates></LineString></Placemark>
<Placemark><name>50533181</name><styleUrl>#styleDaimonCIRCUITO344TRECHO</styleUrl><LineString><coordinates>-47.542529,-5.553223,0 -47.542297,-5.553238,0</coordinates></LineString></Placemark>
<Placemark><name>50533197</name><styleUrl>#styleDaimonCIRCUITO344TRECHO</styleUrl><LineString><coordinates>-47.542683,-5.553215,0 -47.542529,-5.553223,0</coordinates></LineString></Placemark>
<Placemark><name>50533754</name><styleUrl>#styleDaimonCIRCUITO344TRECHO</styleUrl><LineString><coordinates>-47.542703,-5.553215,0 -47.542683,-5.553215,0</coordinates></LineString></Placemark>
<Placemark><name>50533196</name><styleUrl>#styleDaimonCIRCUITO344TRECHO</styleUrl><LineString><coordinates>-47.542837,-5.553215,0 -47.542703,-5.553215,0</coordinates></LineString></Placemark>
<Placemark><name>50533195</name><styleUrl>#styleDaimonCIRCUITO344TRECHO</styleUrl><LineString><coordinates>-47.543135,-5.553039,0 -47.542837,-5.553215,0</coordinates></LineString></Placemark>
<Placemark><name>50533294</name><styleUrl>#styleDaimonCIRCUITO344TRECHO</styleUrl><LineString><coordinates>-47.543156,-5.553038,0 -47.543135,-5.553039,0</coordinates></LineString></Placemark>
<Placemark><name>50533144</name><styleUrl>#styleDaimonCIRCUITO344TRECHO</styleUrl><LineString><coordinates>-47.543505,-5.552939,0 -47.543156,-5.553038,0</coordinates></LineString></Placemark>
<Placemark><name>50533156</name><styleUrl>#styleDaimonCIRCUITO344TRECHO</styleUrl><LineString><coordinates>-47.543830,-5.552813,0 -47.543505,-5.552939,0</coordinates></LineString></Placemark>
<Placemark><name>50533286</name><styleUrl>#styleDaimonCIRCUITO344TRECHO</styleUrl><LineString><coordinates>-47.543850,-5.552811,0 -47.543830,-5.552813,0</coordinates></LineString></Placemark>
<Placemark><name>50533123</name><styleUrl>#styleDaimonCIRCUITO344TRECHO</styleUrl><LineString><coordinates>-47.544110,-5.552789,0 -47.543850,-5.552811,0</coordinates></LineString></Placemark>
<Placemark><name>50533660</name><styleUrl>#styleDaimonCIRCUITO344TRECHO</styleUrl><LineString><coordinates>-47.544320,-5.552578,0 -47.544110,-5.552789,0</coordinates></LineString></Placemark>
<Placemark><name>50532946</name><styleUrl>#styleDaimonCIRCUITO344TRECHO</styleUrl><LineString><coordinates>-47.544525,-5.552561,0 -47.544320,-5.552578,0</coordinates></LineString></Placemark>
<Placemark><name>50533986</name><styleUrl>#styleDaimonCIRCUITO344TRECHO</styleUrl><LineString><coordinates>-47.544320,-5.552578,0 -47.544295,-5.552572,0</coordinates></LineString></Placemark>
<Placemark><name>50532959</name><styleUrl>#styleDaimonCIRCUITO344TRECHO</styleUrl><LineString><coordinates>-47.544564,-5.552565,0 -47.544525,-5.552561,0</coordinates></LineString></Placemark>
<Placemark><name>50533652</name><styleUrl>#styleDaimonCIRCUITO344TRECHO</styleUrl><LineString><coordinates>-47.544564,-5.552565,0 -47.544540,-5.552585,0</coordinates></LineString></Placemark>
<Placemark><name>50532937</name><styleUrl>#styleDaimonCIRCUITO344TRECHO</styleUrl><LineString><coordinates>-47.545174,-5.552508,0 -47.544564,-5.552565,0</coordinates></LineString></Placemark>
<Placemark><name>50533976</name><styleUrl>#styleDaimonCIRCUITO344TRECHO</styleUrl><LineString><coordinates>-47.544540,-5.552585,0 -47.544421,-5.552798,0</coordinates></LineString></Placemark>
<Placemark><name>50532550</name><styleUrl>#styleDaimonCIRCUITO344TRECHO</styleUrl><LineString><coordinates>-47.555072,-5.551764,0 -47.555019,-5.551977,0</coordinates></LineString></Placemark>
<Placemark><name>30298464</name><styleUrl>#styleDaimonCIRCUITO344TRECHO</styleUrl><LineString><coordinates>-47.582680,-5.494512,0 -47.582892,-5.493635,0</coordinates></LineString></Placemark>
<Placemark><name>2789929</name><styleUrl>#styleDaimonCIRCUITO344TRECHO</styleUrl><LineString><coordinates>-47.582892,-5.493635,0 -47.583005,-5.493168,0</coordinates></LineString></Placemark>
<Placemark><name>2789928</name><styleUrl>#styleDaimonCIRCUITO344TRECHO</styleUrl><LineString><coordinates>-47.582444,-5.495362,0 -47.582680,-5.494512,0</coordinates></LineString></Placemark>
<Placemark><name>2789930</name><styleUrl>#styleDaimonCIRCUITO344TRECHO</styleUrl><LineString><coordinates>-47.583005,-5.493168,0 -47.583108,-5.492811,0</coordinates></LineString></Placemark>
<Placemark><name>21693302</name><styleUrl>#styleDaimonCIRCUITO344TRECHO</styleUrl><LineString><coordinates>-47.582377,-5.495607,0 -47.582444,-5.495362,0</coordinates></LineString></Placemark>
<Placemark><name>2789931</name><styleUrl>#styleDaimonCIRCUITO344TRECHO</styleUrl><LineString><coordinates>-47.583108,-5.492811,0 -47.583143,-5.491896,0</coordinates></LineString></Placemark>
<Placemark><name>42948669</name><styleUrl>#styleDaimonCIRCUITO344TRECHO</styleUrl><LineString><coordinates>-47.582310,-5.495851,0 -47.582377,-5.495607,0</coordinates></LineString></Placemark>
<Placemark><name>2789932</name><styleUrl>#styleDaimonCIRCUITO344TRECHO</styleUrl><LineString><coordinates>-47.583143,-5.491896,0 -47.583254,-5.491052,0</coordinates></LineString></Placemark>
<Placemark><name>12048560</name><styleUrl>#styleDaimonCIRCUITO344TRECHO</styleUrl><LineString><coordinates>-47.582299,-5.495884,0 -47.582310,-5.495851,0</coordinates></LineString></Placemark>
<Placemark><name>2789933</name><styleUrl>#styleDaimonCIRCUITO344TRECHO</styleUrl><LineString><coordinates>-47.583254,-5.491052,0 -47.583304,-5.490410,0</coordinates></LineString></Placemark>
<Placemark><name>2789927</name><styleUrl>#styleDaimonCIRCUITO344TRECHO</styleUrl><LineString><coordinates>-47.581856,-5.497213,0 -47.582299,-5.495884,0</coordinates></LineString></Placemark>
<Placemark><name>2777355</name><styleUrl>#styleDaimonCIRCUITO344TRECHO</styleUrl><LineString><coordinates>-47.581747,-5.497785,0 -47.581856,-5.497213,0</coordinates></LineString></Placemark>
<Placemark><name>2777354</name><styleUrl>#styleDaimonCIRCUITO344TRECHO</styleUrl><LineString><coordinates>-47.581519,-5.498578,0 -47.581747,-5.497785,0</coordinates></LineString></Placemark>
<Placemark><name>2789926</name><styleUrl>#styleDaimonCIRCUITO344TRECHO</styleUrl><LineString><coordinates>-47.580664,-5.499665,0 -47.581519,-5.498578,0</coordinates></LineString></Placemark>
<Placemark><name>2789925</name><styleUrl>#styleDaimonCIRCUITO344TRECHO</styleUrl><LineString><coordinates>-47.579910,-5.500525,0 -47.580664,-5.499665,0</coordinates></LineString></Placemark>
<Placemark><name>3589035</name><styleUrl>#styleDaimonCIRCUITO344TRECHO</styleUrl><LineString><coordinates>-47.579440,-5.501086,0 -47.579910,-5.500525,0</coordinates></LineString></Placemark>
<Placemark><name>3589034</name><styleUrl>#styleDaimonCIRCUITO344TRECHO</styleUrl><LineString><coordinates>-47.579329,-5.501220,0 -47.579440,-5.501086,0</coordinates></LineString></Placemark>
<Placemark><name>2789924</name><styleUrl>#styleDaimonCIRCUITO344TRECHO</styleUrl><LineString><coordinates>-47.578587,-5.502082,0 -47.579329,-5.501220,0</coordinates></LineString></Placemark>
<Placemark><name>2789923</name><styleUrl>#styleDaimonCIRCUITO344TRECHO</styleUrl><LineString><coordinates>-47.577997,-5.502754,0 -47.578587,-5.502082,0</coordinates></LineString></Placemark>
<Placemark><name>2789921</name><styleUrl>#styleDaimonCIRCUITO344TRECHO</styleUrl><LineString><coordinates>-47.577354,-5.503551,0 -47.577997,-5.502754,0</coordinates></LineString></Placemark>
<Placemark><name>37881678</name><styleUrl>#styleDaimonCIRCUITO344TRECHO</styleUrl><LineString><coordinates>-47.577286,-5.503635,0 -47.577354,-5.503551,0</coordinates></LineString></Placemark>
<Placemark><name>2789918</name><styleUrl>#styleDaimonCIRCUITO344TRECHO</styleUrl><LineString><coordinates>-47.576853,-5.504994,0 -47.577286,-5.503635,0</coordinates></LineString></Placemark>
<Placemark><name>2780378</name><styleUrl>#styleDaimonCIRCUITO344TRECHO</styleUrl><LineString><coordinates>-47.576462,-5.506074,0 -47.576853,-5.504994,0</coordinates></LineString></Placemark>
<Placemark><name>2780314</name><styleUrl>#styleDaimonCIRCUITO344TRECHO</styleUrl><LineString><coordinates>-47.576217,-5.506730,0 -47.576462,-5.506074,0</coordinates></LineString></Placemark>
<Placemark><name>44408562</name><styleUrl>#styleDaimonCIRCUITO344TRECHO</styleUrl><LineString><coordinates>-47.576170,-5.506855,0 -47.576217,-5.506730,0</coordinates></LineString></Placemark>
<Placemark><name>2780315</name><styleUrl>#styleDaimonCIRCUITO344TRECHO</styleUrl><LineString><coordinates>-47.576058,-5.507234,0 -47.576170,-5.506855,0</coordinates></LineString></Placemark>
<Placemark><name>2780316</name><styleUrl>#styleDaimonCIRCUITO344TRECHO</styleUrl><LineString><coordinates>-47.576131,-5.507712,0 -47.576058,-5.507234,0</coordinates></LineString></Placemark>
<Placemark><name>12048559</name><styleUrl>#styleDaimonCIRCUITO344TRECHO</styleUrl><LineString><coordinates>-47.576136,-5.507746,0 -47.576131,-5.507712,0</coordinates></LineString></Placemark>
<Placemark><name>2780309</name><styleUrl>#styleDaimonCIRCUITO344TRECHO</styleUrl><LineString><coordinates>-47.576555,-5.510303,0 -47.576136,-5.507746,0</coordinates></LineString></Placemark>
<Placemark><name>12048567</name><styleUrl>#styleDaimonCIRCUITO344TRECHO</styleUrl><LineString><coordinates>-47.576560,-5.510336,0 -47.576555,-5.510303,0</coordinates></LineString></Placemark>
<Placemark><name>3665851</name><styleUrl>#styleDaimonCIRCUITO344TRECHO</styleUrl><LineString><coordinates>-47.576560,-5.510336,0 -47.576546,-5.510332,0</coordinates></LineString></Placemark>
<Placemark><name>2780311</name><styleUrl>#styleDaimonCIRCUITO344TRECHO</styleUrl><LineString><coordinates>-47.576709,-5.511377,0 -47.576560,-5.510336,0</coordinates></LineString></Placemark>
<Placemark><name>2780313</name><styleUrl>#styleDaimonCIRCUITO344TRECHO</styleUrl><LineString><coordinates>-47.576877,-5.512298,0 -47.576709,-5.511377,0</coordinates></LineString></Placemark>
<Placemark><name>2780377</name><styleUrl>#styleDaimonCIRCUITO344TRECHO</styleUrl><LineString><coordinates>-47.577043,-5.513332,0 -47.576877,-5.512298,0</coordinates></LineString></Placemark>
<Placemark><name>2780375</name><styleUrl>#styleDaimonCIRCUITO344TRECHO</styleUrl><LineString><coordinates>-47.577390,-5.514409,0 -47.577043,-5.513332,0</coordinates></LineString></Placemark>
<Placemark><name>2780374</name><styleUrl>#styleDaimonCIRCUITO344TRECHO</styleUrl><LineString><coordinates>-47.577831,-5.515743,0 -47.577390,-5.514409,0</coordinates></LineString></Placemark>
<Placemark><name>12068216</name><styleUrl>#styleDaimonCIRCUITO344TRECHO</styleUrl><LineString><coordinates>-47.577831,-5.515743,0 -47.577818,-5.515748,0</coordinates></LineString></Placemark>
<Placemark><name>2780307</name><styleUrl>#styleDaimonCIRCUITO344TRECHO</styleUrl><LineString><coordinates>-47.578087,-5.516274,0 -47.577831,-5.515743,0</coordinates></LineString></Placemark>
<Placemark><name>3646911</name><styleUrl>#styleDaimonCIRCUITO344TRECHO</styleUrl><LineString><coordinates>-47.577818,-5.515748,0 -47.577769,-5.515765,0</coordinates></LineString></Placemark>
<Placemark><name>39627674</name><styleUrl>#styleDaimonCIRCUITO344TRECHO</styleUrl><LineString><coordinates>-47.578091,-5.516296,0 -47.578087,-5.516274,0</coordinates></LineString></Placemark>
<Placemark><name>39627661</name><styleUrl>#styleDaimonCIRCUITO344TRECHO</styleUrl><LineString><coordinates>-47.578149,-5.516692,0 -47.578091,-5.516296,0</coordinates></LineString></Placemark>
<Placemark><name>39627669</name><styleUrl>#styleDaimonCIRCUITO344TRECHO</styleUrl><LineString><coordinates>-47.578150,-5.516714,0 -47.578149,-5.516692,0</coordinates></LineString></Placemark>
<Placemark><name>2780306</name><styleUrl>#styleDaimonCIRCUITO344TRECHO</styleUrl><LineString><coordinates>-47.578321,-5.517048,0 -47.578150,-5.516714,0</coordinates></LineString></Placemark>
<Placemark><name>2788719</name><styleUrl>#styleDaimonCIRCUITO344TRECHO</styleUrl><LineString><coordinates>-47.578820,-5.551986,0 -47.578953,-5.551608,0</coordinates></LineString></Placemark>
<Placemark><name>2788718</name><styleUrl>#styleDaimonCIRCUITO344TRECHO</styleUrl><LineString><coordinates>-47.578953,-5.551608,0 -47.579061,-5.551300,0</coordinates></LineString></Placemark>
<Placemark><name>2788717</name><styleUrl>#styleDaimonCIRCUITO344TRECHO</styleUrl><LineString><coordinates>-47.579061,-5.551300,0 -47.579140,-5.551074,0</coordinates></LineString></Placemark>
<Placemark><name>2788538</name><styleUrl>#styleDaimonCIRCUITO344TRECHO</styleUrl><LineString><coordinates>-47.579140,-5.551074,0 -47.579291,-5.550638,0</coordinates></LineString></Placemark>
<Placemark><name>2788127</name><styleUrl>#styleDaimonCIRCUITO344TRECHO</styleUrl><LineString><coordinates>-47.579291,-5.550638,0 -47.579437,-5.550222,0</coordinates></LineString></Placemark>
<Placemark><name>2788126</name><styleUrl>#styleDaimonCIRCUITO344TRECHO</styleUrl><LineString><coordinates>-47.579437,-5.550222,0 -47.579579,-5.549813,0</coordinates></LineString></Placemark>
<Placemark><name>2788276</name><styleUrl>#styleDaimonCIRCUITO344TRECHO</styleUrl><LineString><coordinates>-47.579579,-5.549813,0 -47.579701,-5.549470,0</coordinates></LineString></Placemark>
<Placemark><name>2788277</name><styleUrl>#styleDaimonCIRCUITO344TRECHO</styleUrl><LineString><coordinates>-47.579701,-5.549470,0 -47.579729,-5.549386,0</coordinates></LineString></Placemark>
<Placemark><name>2788275</name><styleUrl>#styleDaimonCIRCUITO344TRECHO</styleUrl><LineString><coordinates>-47.579701,-5.549470,0 -47.579642,-5.549448,0</coordinates></LineString></Placemark>
<Placemark><name>2788274</name><styleUrl>#styleDaimonCIRCUITO344TRECHO</styleUrl><LineString><coordinates>-47.579701,-5.549470,0 -47.580014,-5.549585,0</coordinates></LineString></Placemark>
<Placemark><name>23574371</name><styleUrl>#styleDaimonCIRCUITO344TRECHO</styleUrl><LineString><coordinates>-47.578742,-5.552444,0 -47.578667,-5.552646,0</coordinates></LineString></Placemark>
<Placemark><name>23574370</name><styleUrl>#styleDaimonCIRCUITO344TRECHO</styleUrl><LineString><coordinates>-47.578810,-5.552260,0 -47.578742,-5.552444,0</coordinates></LineString></Placemark>
<Placemark><name>3590120</name><styleUrl>#styleDaimonCIRCUITO344TRECHO</styleUrl><LineString><coordinates>-47.579137,-5.552336,0 -47.579421,-5.552418,0</coordinates></LineString></Placemark>
<Placemark><name>3590115</name><styleUrl>#styleDaimonCIRCUITO344TRECHO</styleUrl><LineString><coordinates>-47.579421,-5.552418,0 -47.579768,-5.552531,0</coordinates></LineString></Placemark>
<Placemark><name>3590119</name><styleUrl>#styleDaimonCIRCUITO344TRECHO</styleUrl><LineString><coordinates>-47.579768,-5.552531,0 -47.580057,-5.552626,0</coordinates></LineString></Placemark>
<Placemark><name>3590113</name><styleUrl>#styleDaimonCIRCUITO344TRECHO</styleUrl><LineString><coordinates>-47.580057,-5.552626,0 -47.580376,-5.552723,0</coordinates></LineString></Placemark>
<Placemark><name>3590118</name><styleUrl>#styleDaimonCIRCUITO344TRECHO</styleUrl><LineString><coordinates>-47.580376,-5.552723,0 -47.580727,-5.552843,0</coordinates></LineString></Placemark>
<Placemark><name>3590121</name><styleUrl>#styleDaimonCIRCUITO344TRECHO</styleUrl><LineString><coordinates>-47.580727,-5.552843,0 -47.581008,-5.552935,0</coordinates></LineString></Placemark>
<Placemark><name>3590116</name><styleUrl>#styleDaimonCIRCUITO344TRECHO</styleUrl><LineString><coordinates>-47.581008,-5.552935,0 -47.581349,-5.553050,0</coordinates></LineString></Placemark>
<Placemark><name>3590114</name><styleUrl>#styleDaimonCIRCUITO344TRECHO</styleUrl><LineString><coordinates>-47.581349,-5.553050,0 -47.581686,-5.553161,0</coordinates></LineString></Placemark>
<Placemark><name>3657817</name><styleUrl>#styleDaimonCIRCUITO344TRECHO</styleUrl><LineString><coordinates>-47.581686,-5.553161,0 -47.581706,-5.553202,0</coordinates></LineString></Placemark>
<Placemark><name>2787485</name><styleUrl>#styleDaimonCIRCUITO344TRECHO</styleUrl><LineString><coordinates>-47.554253,-5.553205,0 -47.554340,-5.554171,0</coordinates></LineString></Placemark>
<Placemark><name>12138660</name><styleUrl>#styleDaimonCIRCUITO344TRECHO</styleUrl><LineString><coordinates>-47.540745,-5.553794,0 -47.540722,-5.553818,0</coordinates></LineString></Placemark>
<Placemark><name>50533257</name><styleUrl>#styleDaimonCIRCUITO344TRECHO</styleUrl><LineString><coordinates>-47.540744,-5.553638,0 -47.540745,-5.553794,0</coordinates></LineString></Placemark>
<Placemark><name>2774241</name><styleUrl>#styleDaimonCIRCUITO344TRECHO</styleUrl><LineString><coordinates>-47.540722,-5.553818,0 -47.540607,-5.554062,0</coordinates></LineString></Placemark>
<Placemark><name>2774240</name><styleUrl>#styleDaimonCIRCUITO344TRECHO</styleUrl><LineString><coordinates>-47.540607,-5.554062,0 -47.540448,-5.554395,0</coordinates></LineString></Placemark>
<Placemark><name>2774239</name><styleUrl>#styleDaimonCIRCUITO344TRECHO</styleUrl><LineString><coordinates>-47.540448,-5.554395,0 -47.540293,-5.554714,0</coordinates></LineString></Placemark>
<Placemark><name>28044250</name><styleUrl>#styleDaimonCIRCUITO344TRECHO</styleUrl><LineString><coordinates>-47.540002,-5.553797,0 -47.539824,-5.553806,0</coordinates></LineString></Placemark>
<Placemark><name>28044279</name><styleUrl>#styleDaimonCIRCUITO344TRECHO</styleUrl><LineString><coordinates>-47.539824,-5.553806,0 -47.539193,-5.553972,0</coordinates></LineString></Placemark>
<Placemark><name>28044289</name><styleUrl>#styleDaimonCIRCUITO344TRECHO</styleUrl><LineString><coordinates>-47.539193,-5.553972,0 -47.538565,-5.554135,0</coordinates></LineString></Placemark>
<Placemark><name>28044308</name><styleUrl>#styleDaimonCIRCUITO344TRECHO</styleUrl><LineString><coordinates>-47.538565,-5.554135,0 -47.537920,-5.554298,0</coordinates></LineString></Placemark>
<Placemark><name>28044299</name><styleUrl>#styleDaimonCIRCUITO344TRECHO</styleUrl><LineString><coordinates>-47.537920,-5.554298,0 -47.537892,-5.554310,0</coordinates></LineString></Placemark>
<Placemark><name>28044348</name><styleUrl>#styleDaimonCIRCUITO344TRECHO</styleUrl><LineString><coordinates>-47.537892,-5.554310,0 -47.537346,-5.554441,0</coordinates></LineString></Placemark>
<Placemark><name>28044349</name><styleUrl>#styleDaimonCIRCUITO344TRECHO</styleUrl><LineString><coordinates>-47.537346,-5.554441,0 -47.536752,-5.554599,0</coordinates></LineString></Placemark>
<Placemark><name>28044350</name><styleUrl>#styleDaimonCIRCUITO344TRECHO</styleUrl><LineString><coordinates>-47.536752,-5.554599,0 -47.536174,-5.554744,0</coordinates></LineString></Placemark>
<Placemark><name>28044351</name><styleUrl>#styleDaimonCIRCUITO344TRECHO</styleUrl><LineString><coordinates>-47.536174,-5.554744,0 -47.535535,-5.554910,0</coordinates></LineString></Placemark>
<Placemark><name>28044352</name><styleUrl>#styleDaimonCIRCUITO344TRECHO</styleUrl><LineString><coordinates>-47.535535,-5.554910,0 -47.534941,-5.555065,0</coordinates></LineString></Placemark>
<Placemark><name>28044353</name><styleUrl>#styleDaimonCIRCUITO344TRECHO</styleUrl><LineString><coordinates>-47.534941,-5.555065,0 -47.534356,-5.555212,0</coordinates></LineString></Placemark>
<Placemark><name>28044354</name><styleUrl>#styleDaimonCIRCUITO344TRECHO</styleUrl><LineString><coordinates>-47.534356,-5.555212,0 -47.533823,-5.555352,0</coordinates></LineString></Placemark>
<Placemark><name>28044332</name><styleUrl>#styleDaimonCIRCUITO344TRECHO</styleUrl><LineString><coordinates>-47.533823,-5.555352,0 -47.533202,-5.555518,0</coordinates></LineString></Placemark>
<Placemark><name>28044406</name><styleUrl>#styleDaimonCIRCUITO344TRECHO</styleUrl><LineString><coordinates>-47.533202,-5.555518,0 -47.532571,-5.555758,0</coordinates></LineString></Placemark>
<Placemark><name>28044414</name><styleUrl>#styleDaimonCIRCUITO344TRECHO</styleUrl><LineString><coordinates>-47.532571,-5.555758,0 -47.532538,-5.555767,0</coordinates></LineString></Placemark>
<Placemark><name>28044425</name><styleUrl>#styleDaimonCIRCUITO344TRECHO</styleUrl><LineString><coordinates>-47.532538,-5.555767,0 -47.532099,-5.555866,0</coordinates></LineString></Placemark>
<Placemark><name>28044435</name><styleUrl>#styleDaimonCIRCUITO344TRECHO</styleUrl><LineString><coordinates>-47.532099,-5.555866,0 -47.532071,-5.555867,0</coordinates></LineString></Placemark>
<Placemark><name>28044455</name><styleUrl>#styleDaimonCIRCUITO344TRECHO</styleUrl><LineString><coordinates>-47.532071,-5.555867,0 -47.531461,-5.556028,0</coordinates></LineString></Placemark>
<Placemark><name>28044445</name><styleUrl>#styleDaimonCIRCUITO344TRECHO</styleUrl><LineString><coordinates>-47.531461,-5.556028,0 -47.530923,-5.556170,0</coordinates></LineString></Placemark>
<Placemark><name>28044465</name><styleUrl>#styleDaimonCIRCUITO344TRECHO</styleUrl><LineString><coordinates>-47.530923,-5.556170,0 -47.530191,-5.556429,0</coordinates></LineString></Placemark>
<Placemark><name>28044473</name><styleUrl>#styleDaimonCIRCUITO344TRECHO</styleUrl><LineString><coordinates>-47.530191,-5.556429,0 -47.530167,-5.556434,0</coordinates></LineString></Placemark>
<Placemark><name>28044483</name><styleUrl>#styleDaimonCIRCUITO344TRECHO</styleUrl><LineString><coordinates>-47.530167,-5.556434,0 -47.529617,-5.556455,0</coordinates></LineString></Placemark>
<Placemark><name>28044494</name><styleUrl>#styleDaimonCIRCUITO344TRECHO</styleUrl><LineString><coordinates>-47.529617,-5.556455,0 -47.529010,-5.556629,0</coordinates></LineString></Placemark>
<Placemark><name>28044502</name><styleUrl>#styleDaimonCIRCUITO344TRECHO</styleUrl><LineString><coordinates>-47.529010,-5.556629,0 -47.528977,-5.556638,0</coordinates></LineString></Placemark>
<Placemark><name>28044511</name><styleUrl>#styleDaimonCIRCUITO344TRECHO</styleUrl><LineString><coordinates>-47.528977,-5.556638,0 -47.528516,-5.556676,0</coordinates></LineString></Placemark>
<Placemark><name>28044522</name><styleUrl>#styleDaimonCIRCUITO344TRECHO</styleUrl><LineString><coordinates>-47.528516,-5.556676,0 -47.528019,-5.556805,0</coordinates></LineString></Placemark>
<Placemark><name>28044533</name><styleUrl>#styleDaimonCIRCUITO344TRECHO</styleUrl><LineString><coordinates>-47.528019,-5.556805,0 -47.527439,-5.557028,0</coordinates></LineString></Placemark>
<Placemark><name>28044541</name><styleUrl>#styleDaimonCIRCUITO344TRECHO</styleUrl><LineString><coordinates>-47.527439,-5.557028,0 -47.527413,-5.557039,0</coordinates></LineString></Placemark>
<Placemark><name>28044551</name><styleUrl>#styleDaimonCIRCUITO344TRECHO</styleUrl><LineString><coordinates>-47.527413,-5.557039,0 -47.526904,-5.557127,0</coordinates></LineString></Placemark>
<Placemark><name>28044562</name><styleUrl>#styleDaimonCIRCUITO344TRECHO</styleUrl><LineString><coordinates>-47.526904,-5.557127,0 -47.526490,-5.557263,0</coordinates></LineString></Placemark>
<Placemark><name>28044572</name><styleUrl>#styleDaimonCIRCUITO344TRECHO</styleUrl><LineString><coordinates>-47.526490,-5.557263,0 -47.525938,-5.557514,0</coordinates></LineString></Placemark>
<Placemark><name>28044580</name><styleUrl>#styleDaimonCIRCUITO344TRECHO</styleUrl><LineString><coordinates>-47.525938,-5.557514,0 -47.525912,-5.557525,0</coordinates></LineString></Placemark>
<Placemark><name>28044590</name><styleUrl>#styleDaimonCIRCUITO344TRECHO</styleUrl><LineString><coordinates>-47.525912,-5.557525,0 -47.525377,-5.557577,0</coordinates></LineString></Placemark>
<Placemark><name>28044599</name><styleUrl>#styleDaimonCIRCUITO344TRECHO</styleUrl><LineString><coordinates>-47.525377,-5.557577,0 -47.525348,-5.557577,0</coordinates></LineString></Placemark>
<Placemark><name>28044609</name><styleUrl>#styleDaimonCIRCUITO344TRECHO</styleUrl><LineString><coordinates>-47.525348,-5.557577,0 -47.524276,-5.557850,0</coordinates></LineString></Placemark>
<Placemark><name>28044618</name><styleUrl>#styleDaimonCIRCUITO344TRECHO</styleUrl><LineString><coordinates>-47.524276,-5.557850,0 -47.524253,-5.557855,0</coordinates></LineString></Placemark>
<Placemark><name>28044628</name><styleUrl>#styleDaimonCIRCUITO344TRECHO</styleUrl><LineString><coordinates>-47.524253,-5.557855,0 -47.523867,-5.557953,0</coordinates></LineString></Placemark>
<Placemark><name>28044639</name><styleUrl>#styleDaimonCIRCUITO344TRECHO</styleUrl><LineString><coordinates>-47.523867,-5.557953,0 -47.523281,-5.558101,0</coordinates></LineString></Placemark>
<Placemark><name>28044649</name><styleUrl>#styleDaimonCIRCUITO344TRECHO</styleUrl><LineString><coordinates>-47.523281,-5.558101,0 -47.522651,-5.558254,0</coordinates></LineString></Placemark>
<Placemark><name>28044659</name><styleUrl>#styleDaimonCIRCUITO344TRECHO</styleUrl><LineString><coordinates>-47.522651,-5.558254,0 -47.522120,-5.558385,0</coordinates></LineString></Placemark>
<Placemark><name>28044669</name><styleUrl>#styleDaimonCIRCUITO344TRECHO</styleUrl><LineString><coordinates>-47.522120,-5.558385,0 -47.521516,-5.558541,0</coordinates></LineString></Placemark>
<Placemark><name>28044679</name><styleUrl>#styleDaimonCIRCUITO344TRECHO</styleUrl><LineString><coordinates>-47.521516,-5.558541,0 -47.520902,-5.558687,0</coordinates></LineString></Placemark>
<Placemark><name>28044689</name><styleUrl>#styleDaimonCIRCUITO344TRECHO</styleUrl><LineString><coordinates>-47.520902,-5.558687,0 -47.520288,-5.558840,0</coordinates></LineString></Placemark>
<Placemark><name>28044697</name><styleUrl>#styleDaimonCIRCUITO344TRECHO</styleUrl><LineString><coordinates>-47.520288,-5.558840,0 -47.520265,-5.558844,0</coordinates></LineString></Placemark>
<Placemark><name>28044707</name><styleUrl>#styleDaimonCIRCUITO344TRECHO</styleUrl><LineString><coordinates>-47.520265,-5.558844,0 -47.519586,-5.559063,0</coordinates></LineString></Placemark>
<Placemark><name>28044718</name><styleUrl>#styleDaimonCIRCUITO344TRECHO</styleUrl><LineString><coordinates>-47.519586,-5.559063,0 -47.518953,-5.559324,0</coordinates></LineString></Placemark>
<Placemark><name>28044727</name><styleUrl>#styleDaimonCIRCUITO344TRECHO</styleUrl><LineString><coordinates>-47.518953,-5.559324,0 -47.518926,-5.559334,0</coordinates></LineString></Placemark>
<Placemark><name>28044737</name><styleUrl>#styleDaimonCIRCUITO344TRECHO</styleUrl><LineString><coordinates>-47.518926,-5.559334,0 -47.518281,-5.559423,0</coordinates></LineString></Placemark>
<Placemark><name>28044748</name><styleUrl>#styleDaimonCIRCUITO344TRECHO</styleUrl><LineString><coordinates>-47.518281,-5.559423,0 -47.517614,-5.559598,0</coordinates></LineString></Placemark>
<Placemark><name>28044758</name><styleUrl>#styleDaimonCIRCUITO344TRECHO</styleUrl><LineString><coordinates>-47.517614,-5.559598,0 -47.516984,-5.559761,0</coordinates></LineString></Placemark>
<Placemark><name>28044768</name><styleUrl>#styleDaimonCIRCUITO344TRECHO</styleUrl><LineString><coordinates>-47.516984,-5.559761,0 -47.516443,-5.559899,0</coordinates></LineString></Placemark>
<Placemark><name>28044778</name><styleUrl>#styleDaimonCIRCUITO344TRECHO</styleUrl><LineString><coordinates>-47.516443,-5.559899,0 -47.515884,-5.560109,0</coordinates></LineString></Placemark>
<Placemark><name>2789917</name><styleUrl>#styleDaimonCIRCUITO344TRECHO</styleUrl><LineString><coordinates>-47.577821,-5.511249,0 -47.578968,-5.511119,0</coordinates></LineString></Placemark>
<Placemark><name>2780312</name><styleUrl>#styleDaimonCIRCUITO344TRECHO</styleUrl><LineString><coordinates>-47.576821,-5.511365,0 -47.577821,-5.511249,0</coordinates></LineString></Placemark>
<Placemark><name>21766361</name><styleUrl>#styleDaimonCIRCUITO344TRECHO</styleUrl><LineString><coordinates>-47.582656,-5.494528,0 -47.582429,-5.494673,0</coordinates></LineString></Placemark>
<Placemark><name>21766362</name><styleUrl>#styleDaimonCIRCUITO344TRECHO</styleUrl><LineString><coordinates>-47.582429,-5.494673,0 -47.581556,-5.494653,0</coordinates></LineString></Placemark>
<Placemark><name>21766363</name><styleUrl>#styleDaimonCIRCUITO344TRECHO</styleUrl><LineString><coordinates>-47.581556,-5.494653,0 -47.580682,-5.494633,0</coordinates></LineString></Placemark>
<Placemark><name>21766354</name><styleUrl>#styleDaimonCIRCUITO344TRECHO</styleUrl><LineString><coordinates>-47.580682,-5.494633,0 -47.579817,-5.494612,0</coordinates></LineString></Placemark>
<Placemark><name>42948691</name><styleUrl>#styleDaimonCIRCUITO344TRECHO</styleUrl><LineString><coordinates>-47.581429,-5.495586,0 -47.580528,-5.495573,0</coordinates></LineString></Placemark>
<Placemark><name>42948683</name><styleUrl>#styleDaimonCIRCUITO344TRECHO</styleUrl><LineString><coordinates>-47.580528,-5.495573,0 -47.579641,-5.495559,0</coordinates></LineString></Placemark>
<Placemark><name>42948690</name><styleUrl>#styleDaimonCIRCUITO344TRECHO</styleUrl><LineString><coordinates>-47.582283,-5.495605,0 -47.581429,-5.495586,0</coordinates></LineString></Placemark>
<Placemark><name>42948737</name><styleUrl>#styleDaimonCIRCUITO344TRECHO</styleUrl><LineString><coordinates>-47.579641,-5.495559,0 -47.579607,-5.495559,0</coordinates></LineString></Placemark>
<Placemark><name>42948706</name><styleUrl>#styleDaimonCIRCUITO344TRECHO</styleUrl><LineString><coordinates>-47.579607,-5.495559,0 -47.578669,-5.495479,0</coordinates></LineString></Placemark>
<Placemark><name>42948707</name><styleUrl>#styleDaimonCIRCUITO344TRECHO</styleUrl><LineString><coordinates>-47.578669,-5.495479,0 -47.577822,-5.495466,0</coordinates></LineString></Placemark>
<Placemark><name>42948708</name><styleUrl>#styleDaimonCIRCUITO344TRECHO</styleUrl><LineString><coordinates>-47.577822,-5.495466,0 -47.576880,-5.495459,0</coordinates></LineString></Placemark>
<Placemark><name>42948698</name><styleUrl>#styleDaimonCIRCUITO344TRECHO</styleUrl><LineString><coordinates>-47.576880,-5.495459,0 -47.575994,-5.495511,0</coordinates></LineString></Placemark>
<Placemark><name>46350055</name><styleUrl>#styleDaimonCIRCUITO344TRECHO</styleUrl><LineString><coordinates>-47.575994,-5.495511,0 -47.575466,-5.495495,0</coordinates></LineString></Placemark>
<Placemark><name>46350079</name><styleUrl>#styleDaimonCIRCUITO344TRECHO</styleUrl><LineString><coordinates>-47.575466,-5.495495,0 -47.575441,-5.495494,0</coordinates></LineString></Placemark>
<Placemark><name>46350067</name><styleUrl>#styleDaimonCIRCUITO344TRECHO</styleUrl><LineString><coordinates>-47.575441,-5.495494,0 -47.574553,-5.495467,0</coordinates></LineString></Placemark>
<Placemark><name>46350068</name><styleUrl>#styleDaimonCIRCUITO344TRECHO</styleUrl><LineString><coordinates>-47.574553,-5.495467,0 -47.573653,-5.495439,0</coordinates></LineString></Placemark>
<Placemark><name>46350069</name><styleUrl>#styleDaimonCIRCUITO344TRECHO</styleUrl><LineString><coordinates>-47.573653,-5.495439,0 -47.572751,-5.495411,0</coordinates></LineString></Placemark>
<Placemark><name>46350059</name><styleUrl>#styleDaimonCIRCUITO344TRECHO</styleUrl><LineString><coordinates>-47.572751,-5.495411,0 -47.572058,-5.495389,0</coordinates></LineString></Placemark>
<Placemark><name>3646912</name><styleUrl>#styleDaimonCIRCUITO344TRECHO</styleUrl><LineString><coordinates>-47.577696,-5.515720,0 -47.577032,-5.515306,0</coordinates></LineString></Placemark>
<Placemark><name>2789919</name><styleUrl>#styleDaimonCIRCUITO344TRECHO</styleUrl><LineString><coordinates>-47.577207,-5.503611,0 -47.576493,-5.503383,0</coordinates></LineString></Placemark>
<Placemark><name>2789920</name><styleUrl>#styleDaimonCIRCUITO344TRECHO</styleUrl><LineString><coordinates>-47.576493,-5.503383,0 -47.575750,-5.503180,0</coordinates></LineString></Placemark>
<Placemark><name>3452074</name><styleUrl>#styleDaimonCIRCUITO344TRECHO</styleUrl><LineString><coordinates>-47.575750,-5.503180,0 -47.575405,-5.503179,0</coordinates></LineString></Placemark>
<Placemark><name>12057133</name><styleUrl>#styleDaimonCIRCUITO344TRECHO</styleUrl><LineString><coordinates>-47.575405,-5.503179,0 -47.575371,-5.503177,0</coordinates></LineString></Placemark>
<Placemark><name>3452075</name><styleUrl>#styleDaimonCIRCUITO344TRECHO</styleUrl><LineString><coordinates>-47.575371,-5.503177,0 -47.574311,-5.503092,0</coordinates></LineString></Placemark>
<Placemark><name>3452076</name><styleUrl>#styleDaimonCIRCUITO344TRECHO</styleUrl><LineString><coordinates>-47.574311,-5.503092,0 -47.573234,-5.503007,0</coordinates></LineString></Placemark>
<Placemark><name>3452319</name><styleUrl>#styleDaimonCIRCUITO344TRECHO</styleUrl><LineString><coordinates>-47.573234,-5.503007,0 -47.572153,-5.502920,0</coordinates></LineString></Placemark>
<Placemark><name>3452320</name><styleUrl>#styleDaimonCIRCUITO344TRECHO</styleUrl><LineString><coordinates>-47.572153,-5.502920,0 -47.570993,-5.502827,0</coordinates></LineString></Placemark>
<Placemark><name>2534681</name><styleUrl>#styleDaimonCIRCUITO344TRECHO</styleUrl><LineString><coordinates>-47.570993,-5.502827,0 -47.570028,-5.502661,0</coordinates></LineString></Placemark>
<Placemark><name>2780310</name><styleUrl>#styleDaimonCIRCUITO344TRECHO</styleUrl><LineString><coordinates>-47.576512,-5.510328,0 -47.576203,-5.510292,0</coordinates></LineString></Placemark>
<Placemark><name>12042015</name><styleUrl>#styleDaimonCIRCUITO344TRECHO</styleUrl><LineString><coordinates>-47.583300,-5.489560,0 -47.583300,-5.489525,0</coordinates></LineString></Placemark>
<Placemark><name>2789935</name><styleUrl>#styleDaimonCIRCUITO344TRECHO</styleUrl><LineString><coordinates>-47.583300,-5.489525,0 -47.583283,-5.489020,0</coordinates></LineString></Placemark>
<Placemark><name>2789934</name><styleUrl>#styleDaimonCIRCUITO344TRECHO</styleUrl><LineString><coordinates>-47.583304,-5.490326,0 -47.583300,-5.489560,0</coordinates></LineString></Placemark>
<Placemark><name>12048561</name><styleUrl>#styleDaimonCIRCUITO344TRECHO</styleUrl><LineString><coordinates>-47.583283,-5.489020,0 -47.583282,-5.488985,0</coordinates></LineString></Placemark>
<Placemark><name>30534635</name><styleUrl>#styleDaimonCIRCUITO344TRECHO</styleUrl><LineString><coordinates>-47.583283,-5.489020,0 -47.583158,-5.489042,0</coordinates></LineString></Placemark>
<Placemark><name>34296194</name><styleUrl>#styleDaimonCIRCUITO344TRECHO</styleUrl><LineString><coordinates>-47.583282,-5.488985,0 -47.583292,-5.488641,0</coordinates></LineString></Placemark>
<Placemark><name>2786854</name><styleUrl>#styleDaimonCIRCUITO344TRECHO</styleUrl><LineString><coordinates>-47.583292,-5.488641,0 -47.583301,-5.488313,0</coordinates></LineString></Placemark>
<Placemark><name>2786855</name><styleUrl>#styleDaimonCIRCUITO344TRECHO</styleUrl><LineString><coordinates>-47.583301,-5.488313,0 -47.583292,-5.487311,0</coordinates></LineString></Placemark>
<Placemark><name>2786856</name><styleUrl>#styleDaimonCIRCUITO344TRECHO</styleUrl><LineString><coordinates>-47.583292,-5.487311,0 -47.583302,-5.486330,0</coordinates></LineString></Placemark>
<Placemark><name>37881689</name><styleUrl>#styleDaimonCIRCUITO344TRECHO</styleUrl><LineString><coordinates>-47.577418,-5.503570,0 -47.577986,-5.503739,0</coordinates></LineString></Placemark>
<Placemark><name>2780376</name><styleUrl>#styleDaimonCIRCUITO344TRECHO</styleUrl><LineString><coordinates>-47.577119,-5.513365,0 -47.577797,-5.513660,0</coordinates></LineString></Placemark>
<Placemark><name>30298473</name><styleUrl>#styleDaimonCIRCUITO344TRECHO</styleUrl><LineString><coordinates>-47.582875,-5.493632,0 -47.582715,-5.493601,0</coordinates></LineString></Placemark>
<Placemark><name>21693317</name><styleUrl>#styleDaimonCIRCUITO344TRECHO</styleUrl><LineString><coordinates>-47.582418,-5.495360,0 -47.582176,-5.495336,0</coordinates></LineString></Placemark>
<Placemark><name>2789922</name><styleUrl>#styleDaimonCIRCUITO344TRECHO</styleUrl><LineString><coordinates>-47.578040,-5.502788,0 -47.578420,-5.503099,0</coordinates></LineString></Placemark>
<Placemark><name>2775686</name><styleUrl>#styleDaimonCIRCUITO344TRECHO</styleUrl><LineString><coordinates>-47.585640,-5.543473,0 -47.585784,-5.542597,0</coordinates></LineString></Placemark>
<Placemark><name>2775522</name><styleUrl>#styleDaimonCIRCUITO344TRECHO</styleUrl><LineString><coordinates>-47.585784,-5.542597,0 -47.585885,-5.541732,0</coordinates></LineString></Placemark>
<Placemark><name>12138247</name><styleUrl>#styleDaimonCIRCUITO344TRECHO</styleUrl><LineString><coordinates>-47.585623,-5.543498,0 -47.585640,-5.543473,0</coordinates></LineString></Placemark>
<Placemark><name>2775521</name><styleUrl>#styleDaimonCIRCUITO344TRECHO</styleUrl><LineString><coordinates>-47.585885,-5.541732,0 -47.585946,-5.541290,0</coordinates></LineString></Placemark>
<Placemark><name>2778522</name><styleUrl>#styleDaimonCIRCUITO344TRECHO</styleUrl><LineString><coordinates>-47.584797,-5.543981,0 -47.585623,-5.543498,0</coordinates></LineString></Placemark>
<Placemark><name>12138248</name><styleUrl>#styleDaimonCIRCUITO344TRECHO</styleUrl><LineString><coordinates>-47.585946,-5.541290,0 -47.585962,-5.541282,0</coordinates></LineString></Placemark>
<Placemark><name>2778521</name><styleUrl>#styleDaimonCIRCUITO344TRECHO</styleUrl><LineString><coordinates>-47.584400,-5.544246,0 -47.584797,-5.543981,0</coordinates></LineString></Placemark>
<Placemark><name>2777773</name><styleUrl>#styleDaimonCIRCUITO344TRECHO</styleUrl><LineString><coordinates>-47.585962,-5.541282,0 -47.586353,-5.541510,0</coordinates></LineString></Placemark>
<Placemark><name>2788006</name><styleUrl>#styleDaimonCIRCUITO344TRECHO</styleUrl><LineString><coordinates>-47.584104,-5.544432,0 -47.584400,-5.544246,0</coordinates></LineString></Placemark>
<Placemark><name>2777588</name><styleUrl>#styleDaimonCIRCUITO344TRECHO</styleUrl><LineString><coordinates>-47.586353,-5.541510,0 -47.586743,-5.541729,0</coordinates></LineString></Placemark>
<Placemark><name>2788007</name><styleUrl>#styleDaimonCIRCUITO344TRECHO</styleUrl><LineString><coordinates>-47.583826,-5.544593,0 -47.584104,-5.544432,0</coordinates></LineString></Placemark>
<Placemark><name>2775524</name><styleUrl>#styleDaimonCIRCUITO344TRECHO</styleUrl><LineString><coordinates>-47.586743,-5.541729,0 -47.587141,-5.541958,0</coordinates></LineString></Placemark>
<Placemark><name>2777590</name><styleUrl>#styleDaimonCIRCUITO344TRECHO</styleUrl><LineString><coordinates>-47.583047,-5.545328,0 -47.583826,-5.544593,0</coordinates></LineString></Placemark>
<Placemark><name>2777791</name><styleUrl>#styleDaimonCIRCUITO344TRECHO</styleUrl><LineString><coordinates>-47.587141,-5.541958,0 -47.587519,-5.542174,0</coordinates></LineString></Placemark>
<Placemark><name>2777592</name><styleUrl>#styleDaimonCIRCUITO344TRECHO</styleUrl><LineString><coordinates>-47.582680,-5.545696,0 -47.583047,-5.545328,0</coordinates></LineString></Placemark>
<Placemark><name>2777594</name><styleUrl>#styleDaimonCIRCUITO344TRECHO</styleUrl><LineString><coordinates>-47.582397,-5.545962,0 -47.582680,-5.545696,0</coordinates></LineString></Placemark>
<Placemark><name>2903115</name><styleUrl>#styleDaimonCIRCUITO344TRECHO</styleUrl><LineString><coordinates>-47.582034,-5.546308,0 -47.582397,-5.545962,0</coordinates></LineString></Placemark>
<Placemark><name>12142149</name><styleUrl>#styleDaimonCIRCUITO344TRECHO</styleUrl><LineString><coordinates>-47.582009,-5.546332,0 -47.582034,-5.546308,0</coordinates></LineString></Placemark>
<Placemark><name>2902973</name><styleUrl>#styleDaimonCIRCUITO344TRECHO</styleUrl><LineString><coordinates>-47.581111,-5.546822,0 -47.582009,-5.546332,0</coordinates></LineString></Placemark>
<Placemark><name>2903116</name><styleUrl>#styleDaimonCIRCUITO344TRECHO</styleUrl><LineString><coordinates>-47.580939,-5.547003,0 -47.581111,-5.546822,0</coordinates></LineString></Placemark>
<Placemark><name>12142150</name><styleUrl>#styleDaimonCIRCUITO344TRECHO</styleUrl><LineString><coordinates>-47.580915,-5.547025,0 -47.580939,-5.547003,0</coordinates></LineString></Placemark>
<Placemark><name>2903229</name><styleUrl>#styleDaimonCIRCUITO344TRECHO</styleUrl><LineString><coordinates>-47.580706,-5.547249,0 -47.580915,-5.547025,0</coordinates></LineString></Placemark>
<Placemark><name>12142151</name><styleUrl>#styleDaimonCIRCUITO344TRECHO</styleUrl><LineString><coordinates>-47.580680,-5.547270,0 -47.580706,-5.547249,0</coordinates></LineString></Placemark>
<Placemark><name>2903230</name><styleUrl>#styleDaimonCIRCUITO344TRECHO</styleUrl><LineString><coordinates>-47.580440,-5.547533,0 -47.580680,-5.547270,0</coordinates></LineString></Placemark>
<Placemark><name>2902972</name><styleUrl>#styleDaimonCIRCUITO344TRECHO</styleUrl><LineString><coordinates>-47.580288,-5.547793,0 -47.580440,-5.547533,0</coordinates></LineString></Placemark>
<Placemark><name>2902971</name><styleUrl>#styleDaimonCIRCUITO344TRECHO</styleUrl><LineString><coordinates>-47.580163,-5.548168,0 -47.580288,-5.547793,0</coordinates></LineString></Placemark>
<Placemark><name>2787932</name><styleUrl>#styleDaimonCIRCUITO344TRECHO</styleUrl><LineString><coordinates>-47.580040,-5.548582,0 -47.580163,-5.548168,0</coordinates></LineString></Placemark>
<Placemark><name>2788121</name><styleUrl>#styleDaimonCIRCUITO344TRECHO</styleUrl><LineString><coordinates>-47.579865,-5.548994,0 -47.580040,-5.548582,0</coordinates></LineString></Placemark>
<Placemark><name>2788122</name><styleUrl>#styleDaimonCIRCUITO344TRECHO</styleUrl><LineString><coordinates>-47.579743,-5.549347,0 -47.579865,-5.548994,0</coordinates></LineString></Placemark>
<Placemark><name>2778520</name><styleUrl>#styleDaimonCIRCUITO344TRECHO</styleUrl><LineString><coordinates>-47.579261,-5.549309,0 -47.578879,-5.549169,0</coordinates></LineString></Placemark>
<Placemark><name>2778022</name><styleUrl>#styleDaimonCIRCUITO344TRECHO</styleUrl><LineString><coordinates>-47.578879,-5.549169,0 -47.578484,-5.549024,0</coordinates></LineString></Placemark>
<Placemark><name>2778025</name><styleUrl>#styleDaimonCIRCUITO344TRECHO</styleUrl><LineString><coordinates>-47.579604,-5.549435,0 -47.579261,-5.549309,0</coordinates></LineString></Placemark>
<Placemark><name>2778021</name><styleUrl>#styleDaimonCIRCUITO344TRECHO</styleUrl><LineString><coordinates>-47.578484,-5.549024,0 -47.578092,-5.548881,0</coordinates></LineString></Placemark>
<Placemark><name>3004452</name><styleUrl>#styleDaimonCIRCUITO344TRECHO</styleUrl><LineString><coordinates>-47.578782,-5.554743,0 -47.578990,-5.554437,0</coordinates></LineString></Placemark>
<Placemark><name>3004453</name><styleUrl>#styleDaimonCIRCUITO344TRECHO</styleUrl><LineString><coordinates>-47.578990,-5.554437,0 -47.579196,-5.554118,0</coordinates></LineString></Placemark>
<Placemark><name>3004451</name><styleUrl>#styleDaimonCIRCUITO344TRECHO</styleUrl><LineString><coordinates>-47.578611,-5.554981,0 -47.578782,-5.554743,0</coordinates></LineString></Placemark>
<Placemark><name>3004448</name><styleUrl>#styleDaimonCIRCUITO344TRECHO</styleUrl><LineString><coordinates>-47.578472,-5.554899,0 -47.578611,-5.554981,0</coordinates></LineString></Placemark>
<Placemark><name>3004449</name><styleUrl>#styleDaimonCIRCUITO344TRECHO</styleUrl><LineString><coordinates>-47.578611,-5.554981,0 -47.578738,-5.555056,0</coordinates></LineString></Placemark>
<Placemark><name>3004450</name><styleUrl>#styleDaimonCIRCUITO344TRECHO</styleUrl><LineString><coordinates>-47.578611,-5.554981,0 -47.578584,-5.555044,0</coordinates></LineString></Placemark>
<Placemark><name>3004447</name><styleUrl>#styleDaimonCIRCUITO344TRECHO</styleUrl><LineString><coordinates>-47.578341,-5.554819,0 -47.578472,-5.554899,0</coordinates></LineString></Placemark>
<Placemark><name>2790387</name><styleUrl>#styleDaimonCIRCUITO344TRECHO</styleUrl><LineString><coordinates>-47.578306,-5.554798,0 -47.578341,-5.554819,0</coordinates></LineString></Placemark>
<Placemark><name>2790385</name><styleUrl>#styleDaimonCIRCUITO344TRECHO</styleUrl><LineString><coordinates>-47.578306,-5.554798,0 -47.578083,-5.555075,0</coordinates></LineString></Placemark>
<Placemark><name>2790384</name><styleUrl>#styleDaimonCIRCUITO344TRECHO</styleUrl><LineString><coordinates>-47.578306,-5.554798,0 -47.578374,-5.554712,0</coordinates></LineString></Placemark>
<Placemark><name>2790386</name><styleUrl>#styleDaimonCIRCUITO344TRECHO</styleUrl><LineString><coordinates>-47.577966,-5.554594,0 -47.578306,-5.554798,0</coordinates></LineString></Placemark>
<Placemark><name>2790126</name><styleUrl>#styleDaimonCIRCUITO344TRECHO</styleUrl><LineString><coordinates>-47.577822,-5.554508,0 -47.577966,-5.554594,0</coordinates></LineString></Placemark>
<Placemark><name>2790127</name><styleUrl>#styleDaimonCIRCUITO344TRECHO</styleUrl><LineString><coordinates>-47.577822,-5.554508,0 -47.577684,-5.554425,0</coordinates></LineString></Placemark>
<Placemark><name>2790125</name><styleUrl>#styleDaimonCIRCUITO344TRECHO</styleUrl><LineString><coordinates>-47.577822,-5.554508,0 -47.577705,-5.554763,0</coordinates></LineString></Placemark>
<Placemark><name>2790124</name><styleUrl>#styleDaimonCIRCUITO344TRECHO</styleUrl><LineString><coordinates>-47.577856,-5.554436,0 -47.577822,-5.554508,0</coordinates></LineString></Placemark>
<Placemark><name>2787199</name><styleUrl>#styleDaimonCIRCUITO344TRECHO</styleUrl><LineString><coordinates>-47.577684,-5.554425,0 -47.577428,-5.554272,0</coordinates></LineString></Placemark>
<Placemark><name>2787189</name><styleUrl>#styleDaimonCIRCUITO344TRECHO</styleUrl><LineString><coordinates>-47.577974,-5.554180,0 -47.577856,-5.554436,0</coordinates></LineString></Placemark>
<Placemark><name>12097645</name><styleUrl>#styleDaimonCIRCUITO344TRECHO</styleUrl><LineString><coordinates>-47.577428,-5.554272,0 -47.577398,-5.554255,0</coordinates></LineString></Placemark>
<Placemark><name>2788317</name><styleUrl>#styleDaimonCIRCUITO344TRECHO</styleUrl><LineString><coordinates>-47.578110,-5.553884,0 -47.577974,-5.554180,0</coordinates></LineString></Placemark>
<Placemark><name>2787200</name><styleUrl>#styleDaimonCIRCUITO344TRECHO</styleUrl><LineString><coordinates>-47.577398,-5.554255,0 -47.577227,-5.554152,0</coordinates></LineString></Placemark>
<Placemark><name>2788316</name><styleUrl>#styleDaimonCIRCUITO344TRECHO</styleUrl><LineString><coordinates>-47.578250,-5.553579,0 -47.578110,-5.553884,0</coordinates></LineString></Placemark>
<Placemark><name>3640026</name><styleUrl>#styleDaimonCIRCUITO344TRECHO</styleUrl><LineString><coordinates>-47.577227,-5.554152,0 -47.577127,-5.554092,0</coordinates></LineString></Placemark>
<Placemark><name>2788130</name><styleUrl>#styleDaimonCIRCUITO344TRECHO</styleUrl><LineString><coordinates>-47.578400,-5.553253,0 -47.578250,-5.553579,0</coordinates></LineString></Placemark>
<Placemark><name>3640030</name><styleUrl>#styleDaimonCIRCUITO344TRECHO</styleUrl><LineString><coordinates>-47.577127,-5.554092,0 -47.577131,-5.553992,0</coordinates></LineString></Placemark>
<Placemark><name>3640029</name><styleUrl>#styleDaimonCIRCUITO344TRECHO</styleUrl><LineString><coordinates>-47.577127,-5.554092,0 -47.576971,-5.554410,0</coordinates></LineString></Placemark>
<Placemark><name>3640031</name><styleUrl>#styleDaimonCIRCUITO344TRECHO</styleUrl><LineString><coordinates>-47.577127,-5.554092,0 -47.576991,-5.554011,0</coordinates></LineString></Placemark>
<Placemark><name>2788129</name><styleUrl>#styleDaimonCIRCUITO344TRECHO</styleUrl><LineString><coordinates>-47.578583,-5.552875,0 -47.578400,-5.553253,0</coordinates></LineString></Placemark>
<Placemark><name>3640027</name><styleUrl>#styleDaimonCIRCUITO344TRECHO</styleUrl><LineString><coordinates>-47.577131,-5.553992,0 -47.577271,-5.553702,0</coordinates></LineString></Placemark>
<Placemark><name>2788128</name><styleUrl>#styleDaimonCIRCUITO344TRECHO</styleUrl><LineString><coordinates>-47.578659,-5.552669,0 -47.578583,-5.552875,0</coordinates></LineString></Placemark>
<Placemark><name>T_0334200103</name><styleUrl>#styleDaimonCIRCUITO344TRECHO</styleUrl><LineString><coordinates>-47.577271,-5.553702,0 -47.577287,-5.553670,0</coordinates></LineString></Placemark>
<Placemark><name>36323061</name><styleUrl>#styleDaimonCIRCUITO344TRECHO</styleUrl><LineString><coordinates>-47.577287,-5.553670,0 -47.577295,-5.553653,0</coordinates></LineString></Placemark>
<Placemark><name>39826856</name><styleUrl>#styleDaimonCIRCUITO344TRECHO</styleUrl><LineString><coordinates>-47.577295,-5.553653,0 -47.577362,-5.553518,0</coordinates></LineString></Placemark>
<Placemark><name>3653482</name><styleUrl>#styleDaimonCIRCUITO344TRECHO</styleUrl><LineString><coordinates>-47.581688,-5.553161,0 -47.581713,-5.553157,0</coordinates></LineString></Placemark>
<Placemark><name>T_0336967103</name><styleUrl>#styleDaimonCIRCUITO344TRECHO</styleUrl><LineString><coordinates>-47.514012,-5.560237,0 -47.514006,-5.560230,0</coordinates></LineString></Placemark>
<Placemark><name>38895477</name><styleUrl>#styleDaimonCIRCUITO344TRECHO</styleUrl><LineString><coordinates>-47.514006,-5.560230,0 -47.513950,-5.560156,0</coordinates></LineString></Placemark>
<Placemark><name>38895470</name><styleUrl>#styleDaimonCIRCUITO344TRECHO</styleUrl><LineString><coordinates>-47.514061,-5.560301,0 -47.514012,-5.560237,0</coordinates></LineString></Placemark>
<Placemark><name>38895484</name><styleUrl>#styleDaimonCIRCUITO344TRECHO</styleUrl><LineString><coordinates>-47.513950,-5.560156,0 -47.513736,-5.559954,0</coordinates></LineString></Placemark>
<Placemark><name>38895461</name><styleUrl>#styleDaimonCIRCUITO344TRECHO</styleUrl><LineString><coordinates>-47.514141,-5.560387,0 -47.514061,-5.560301,0</coordinates></LineString></Placemark>
<Placemark><name>38895430</name><styleUrl>#styleDaimonCIRCUITO344TRECHO</styleUrl><LineString><coordinates>-47.514155,-5.560411,0 -47.514141,-5.560387,0</coordinates></LineString></Placemark>
<Placemark><name>38895412</name><styleUrl>#styleDaimonCIRCUITO344TRECHO</styleUrl><LineString><coordinates>-47.514248,-5.560548,0 -47.514155,-5.560411,0</coordinates></LineString></Placemark>
<Placemark><name>38895422</name><styleUrl>#styleDaimonCIRCUITO344TRECHO</styleUrl><LineString><coordinates>-47.514271,-5.560556,0 -47.514248,-5.560548,0</coordinates></LineString></Placemark>
<Placemark><name>38895404</name><styleUrl>#styleDaimonCIRCUITO344TRECHO</styleUrl><LineString><coordinates>-47.514271,-5.560556,0 -47.514261,-5.560576,0</coordinates></LineString></Placemark>
<Placemark><name>28044793</name><styleUrl>#styleDaimonCIRCUITO344TRECHO</styleUrl><LineString><coordinates>-47.514813,-5.560332,0 -47.514271,-5.560556,0</coordinates></LineString></Placemark>
<Placemark><name>38895391</name><styleUrl>#styleDaimonCIRCUITO344TRECHO</styleUrl><LineString><coordinates>-47.514261,-5.560576,0 -47.514575,-5.561078,0</coordinates></LineString></Placemark>
<Placemark><name>28044804</name><styleUrl>#styleDaimonCIRCUITO344TRECHO</styleUrl><LineString><coordinates>-47.515388,-5.560176,0 -47.514813,-5.560332,0</coordinates></LineString></Placemark>
<Placemark><name>28044803</name><styleUrl>#styleDaimonCIRCUITO344TRECHO</styleUrl><LineString><coordinates>-47.515834,-5.560116,0 -47.515388,-5.560176,0</coordinates></LineString></Placemark>
<Placemark><name>32557506</name><styleUrl>#styleDaimonCIRCUITO344TRECHO</styleUrl><LineString><coordinates>-47.583321,-5.485455,0 -47.583395,-5.485435,0</coordinates></LineString></Placemark>
<Placemark><name>32557588</name><styleUrl>#styleDaimonCIRCUITO344TRECHO</styleUrl><LineString><coordinates>-47.583310,-5.485456,0 -47.583321,-5.485455,0</coordinates></LineString></Placemark>
<Placemark><name>2786857</name><styleUrl>#styleDaimonCIRCUITO344TRECHO</styleUrl><LineString><coordinates>-47.583310,-5.485456,0 -47.583311,-5.485335,0</coordinates></LineString></Placemark>
<Placemark><name>32557431</name><styleUrl>#styleDaimonCIRCUITO344TRECHO</styleUrl><LineString><coordinates>-47.583301,-5.486419,0 -47.583310,-5.485456,0</coordinates></LineString></Placemark>
<Placemark><name>23041697</name><styleUrl>#styleDaimonCIRCUITO344TRECHO</styleUrl><LineString><coordinates>-47.583270,-5.487297,0 -47.583062,-5.487174,0</coordinates></LineString></Placemark>
<Placemark><name>23041701</name><styleUrl>#styleDaimonCIRCUITO344TRECHO</styleUrl><LineString><coordinates>-47.583062,-5.487174,0 -47.582840,-5.487173,0</coordinates></LineString></Placemark>
<Placemark><name>30534642</name><styleUrl>#styleDaimonCIRCUITO344TRECHO</styleUrl><LineString><coordinates>-47.582486,-5.489043,0 -47.581809,-5.489039,0</coordinates></LineString></Placemark>
<Placemark><name>30534639</name><styleUrl>#styleDaimonCIRCUITO344TRECHO</styleUrl><LineString><coordinates>-47.583091,-5.489043,0 -47.582486,-5.489043,0</coordinates></LineString></Placemark>
<Placemark><name>2777589</name><styleUrl>#styleDaimonCIRCUITO344TRECHO</styleUrl><LineString><coordinates>-47.583763,-5.544548,0 -47.583196,-5.544130,0</coordinates></LineString></Placemark>
<Placemark><name>29182153</name><styleUrl>#styleDaimonCIRCUITO344TRECHO</styleUrl><LineString><coordinates>-47.577283,-5.553668,0 -47.577247,-5.553652,0</coordinates></LineString></Placemark>
<Placemark><name>46128941</name><styleUrl>#styleDaimonCIRCUITO344TRECHO</styleUrl><LineString><coordinates>-47.577247,-5.553652,0 -47.577233,-5.553555,0</coordinates></LineString></Placemark>
<Placemark><name>2790499</name><styleUrl>#styleDaimonCIRCUITO344TRECHO</styleUrl><LineString><coordinates>-47.576620,-5.556901,0 -47.576431,-5.557135,0</coordinates></LineString></Placemark>
<Placemark><name>2790497</name><styleUrl>#styleDaimonCIRCUITO344TRECHO</styleUrl><LineString><coordinates>-47.576620,-5.556901,0 -47.576520,-5.556783,0</coordinates></LineString></Placemark>
<Placemark><name>2790498</name><styleUrl>#styleDaimonCIRCUITO344TRECHO</styleUrl><LineString><coordinates>-47.576682,-5.556822,0 -47.576620,-5.556901,0</coordinates></LineString></Placemark>
<Placemark><name>2790496</name><styleUrl>#styleDaimonCIRCUITO344TRECHO</styleUrl><LineString><coordinates>-47.576620,-5.556901,0 -47.576712,-5.557031,0</coordinates></LineString></Placemark>
<Placemark><name>2788785</name><styleUrl>#styleDaimonCIRCUITO344TRECHO</styleUrl><LineString><coordinates>-47.576431,-5.557135,0 -47.576287,-5.557317,0</coordinates></LineString></Placemark>
<Placemark><name>2778024</name><styleUrl>#styleDaimonCIRCUITO344TRECHO</styleUrl><LineString><coordinates>-47.576856,-5.556605,0 -47.576682,-5.556822,0</coordinates></LineString></Placemark>
<Placemark><name>3665850</name><styleUrl>#styleDaimonCIRCUITO344TRECHO</styleUrl><LineString><coordinates>-47.576287,-5.557317,0 -47.576289,-5.557332,0</coordinates></LineString></Placemark>
<Placemark><name>2778023</name><styleUrl>#styleDaimonCIRCUITO344TRECHO</styleUrl><LineString><coordinates>-47.577087,-5.556318,0 -47.576856,-5.556605,0</coordinates></LineString></Placemark>
<Placemark><name>2791266</name><styleUrl>#styleDaimonCIRCUITO344TRECHO</styleUrl><LineString><coordinates>-47.577237,-5.556129,0 -47.577087,-5.556318,0</coordinates></LineString></Placemark>
<Placemark><name>2791267</name><styleUrl>#styleDaimonCIRCUITO344TRECHO</styleUrl><LineString><coordinates>-47.577237,-5.556129,0 -47.577121,-5.556082,0</coordinates></LineString></Placemark>
<Placemark><name>2791268</name><styleUrl>#styleDaimonCIRCUITO344TRECHO</styleUrl><LineString><coordinates>-47.577237,-5.556129,0 -47.577407,-5.556198,0</coordinates></LineString></Placemark>
<Placemark><name>2791172</name><styleUrl>#styleDaimonCIRCUITO344TRECHO</styleUrl><LineString><coordinates>-47.577296,-5.556058,0 -47.577237,-5.556129,0</coordinates></LineString></Placemark>
<Placemark><name>2778020</name><styleUrl>#styleDaimonCIRCUITO344TRECHO</styleUrl><LineString><coordinates>-47.577384,-5.555947,0 -47.577296,-5.556058,0</coordinates></LineString></Placemark>
<Placemark><name>2776863</name><styleUrl>#styleDaimonCIRCUITO344TRECHO</styleUrl><LineString><coordinates>-47.577525,-5.555772,0 -47.577384,-5.555947,0</coordinates></LineString></Placemark>
<Placemark><name>2776861</name><styleUrl>#styleDaimonCIRCUITO344TRECHO</styleUrl><LineString><coordinates>-47.577660,-5.555603,0 -47.577525,-5.555772,0</coordinates></LineString></Placemark>
<Placemark><name>2787391</name><styleUrl>#styleDaimonCIRCUITO344TRECHO</styleUrl><LineString><coordinates>-47.577804,-5.555424,0 -47.577660,-5.555603,0</coordinates></LineString></Placemark>
<Placemark><name>2787390</name><styleUrl>#styleDaimonCIRCUITO344TRECHO</styleUrl><LineString><coordinates>-47.577945,-5.555248,0 -47.577804,-5.555424,0</coordinates></LineString></Placemark>
<Placemark><name>3170701</name><styleUrl>#styleDaimonCIRCUITO344TRECHO</styleUrl><LineString><coordinates>-47.578103,-5.555050,0 -47.577945,-5.555248,0</coordinates></LineString></Placemark>
<Placemark><name>3640028</name><styleUrl>#styleDaimonCIRCUITO344TRECHO</styleUrl><LineString><coordinates>-47.577355,-5.553530,0 -47.577435,-5.553367,0</coordinates></LineString></Placemark>
<Placemark><name>3661379</name><styleUrl>#styleDaimonCIRCUITO344TRECHO</styleUrl><LineString><coordinates>-47.581714,-5.553157,0 -47.581730,-5.553160,0</coordinates></LineString></Placemark>
<Placemark><name>2788328</name><styleUrl>#styleDaimonCIRCUITO344TRECHO</styleUrl><LineString><coordinates>-47.508541,-5.552351,0 -47.508408,-5.551453,0</coordinates></LineString></Placemark>
<Placemark><name>3653378</name><styleUrl>#styleDaimonCIRCUITO344TRECHO</styleUrl><LineString><coordinates>-47.508631,-5.553229,0 -47.508541,-5.552351,0</coordinates></LineString></Placemark>
<Placemark><name>12115294</name><styleUrl>#styleDaimonCIRCUITO344TRECHO</styleUrl><LineString><coordinates>-47.508641,-5.553246,0 -47.508631,-5.553229,0</coordinates></LineString></Placemark>
<Placemark><name>3653384</name><styleUrl>#styleDaimonCIRCUITO344TRECHO</styleUrl><LineString><coordinates>-47.508974,-5.553832,0 -47.508641,-5.553246,0</coordinates></LineString></Placemark>
<Placemark><name>3653106</name><styleUrl>#styleDaimonCIRCUITO344TRECHO</styleUrl><LineString><coordinates>-47.509421,-5.554528,0 -47.508974,-5.553832,0</coordinates></LineString></Placemark>
<Placemark><name>3653108</name><styleUrl>#styleDaimonCIRCUITO344TRECHO</styleUrl><LineString><coordinates>-47.509766,-5.555090,0 -47.509421,-5.554528,0</coordinates></LineString></Placemark>
<Placemark><name>12115296</name><styleUrl>#styleDaimonCIRCUITO344TRECHO</styleUrl><LineString><coordinates>-47.509771,-5.555110,0 -47.509766,-5.555090,0</coordinates></LineString></Placemark>
<Placemark><name>3667118</name><styleUrl>#styleDaimonCIRCUITO344TRECHO</styleUrl><LineString><coordinates>-47.509766,-5.555090,0 -47.509777,-5.555100,0</coordinates></LineString></Placemark>
<Placemark><name>20997950</name><styleUrl>#styleDaimonCIRCUITO344TRECHO</styleUrl><LineString><coordinates>-47.509866,-5.555478,0 -47.509771,-5.555110,0</coordinates></LineString></Placemark>
<Placemark><name>20997958</name><styleUrl>#styleDaimonCIRCUITO344TRECHO</styleUrl><LineString><coordinates>-47.509930,-5.555725,0 -47.509866,-5.555478,0</coordinates></LineString></Placemark>
<Placemark><name>2777433</name><styleUrl>#styleDaimonCIRCUITO344TRECHO</styleUrl><LineString><coordinates>-47.509992,-5.555970,0 -47.509930,-5.555725,0</coordinates></LineString></Placemark>
<Placemark><name>2777549</name><styleUrl>#styleDaimonCIRCUITO344TRECHO</styleUrl><LineString><coordinates>-47.510149,-5.556860,0 -47.509992,-5.555970,0</coordinates></LineString></Placemark>
<Placemark><name>3653382</name><styleUrl>#styleDaimonCIRCUITO344TRECHO</styleUrl><LineString><coordinates>-47.510251,-5.557428,0 -47.510149,-5.556860,0</coordinates></LineString></Placemark>
<Placemark><name>3643783</name><styleUrl>#styleDaimonCIRCUITO344TRECHO</styleUrl><LineString><coordinates>-47.510353,-5.557984,0 -47.510251,-5.557428,0</coordinates></LineString></Placemark>
<Placemark><name>12115298</name><styleUrl>#styleDaimonCIRCUITO344TRECHO</styleUrl><LineString><coordinates>-47.510358,-5.558011,0 -47.510353,-5.557984,0</coordinates></LineString></Placemark>
<Placemark><name>3653380</name><styleUrl>#styleDaimonCIRCUITO344TRECHO</styleUrl><LineString><coordinates>-47.510511,-5.558474,0 -47.510358,-5.558011,0</coordinates></LineString></Placemark>
<Placemark><name>12115299</name><styleUrl>#styleDaimonCIRCUITO344TRECHO</styleUrl><LineString><coordinates>-47.510529,-5.558483,0 -47.510511,-5.558474,0</coordinates></LineString></Placemark>
<Placemark><name>3667116</name><styleUrl>#styleDaimonCIRCUITO344TRECHO</styleUrl><LineString><coordinates>-47.510511,-5.558474,0 -47.510526,-5.558472,0</coordinates></LineString></Placemark>
<Placemark><name>2777553</name><styleUrl>#styleDaimonCIRCUITO344TRECHO</styleUrl><LineString><coordinates>-47.511326,-5.558713,0 -47.510529,-5.558483,0</coordinates></LineString></Placemark>
<Placemark><name>3653379</name><styleUrl>#styleDaimonCIRCUITO344TRECHO</styleUrl><LineString><coordinates>-47.512101,-5.558940,0 -47.511326,-5.558713,0</coordinates></LineString></Placemark>
<Placemark><name>3653107</name><styleUrl>#styleDaimonCIRCUITO344TRECHO</styleUrl><LineString><coordinates>-47.512878,-5.559165,0 -47.512101,-5.558940,0</coordinates></LineString></Placemark>
<Placemark><name>12115295</name><styleUrl>#styleDaimonCIRCUITO344TRECHO</styleUrl><LineString><coordinates>-47.512895,-5.559176,0 -47.512878,-5.559165,0</coordinates></LineString></Placemark>
<Placemark><name>3629318</name><styleUrl>#styleDaimonCIRCUITO344TRECHO</styleUrl><LineString><coordinates>-47.513413,-5.559651,0 -47.512895,-5.559176,0</coordinates></LineString></Placemark>
<Placemark><name>3653109</name><styleUrl>#styleDaimonCIRCUITO344TRECHO</styleUrl><LineString><coordinates>-47.513755,-5.559972,0 -47.513413,-5.559651,0</coordinates></LineString></Placemark>
<Placemark><name>49990756</name><styleUrl>#styleDaimonCIRCUITO344TRECHO</styleUrl><LineString><coordinates>-47.514546,-5.561032,0 -47.514565,-5.561062,0</coordinates></LineString></Placemark>
<Placemark><name>38895576</name><styleUrl>#styleDaimonCIRCUITO344TRECHO</styleUrl><LineString><coordinates>-47.512530,-5.560611,0 -47.511919,-5.560758,0</coordinates></LineString></Placemark>
<Placemark><name>38895586</name><styleUrl>#styleDaimonCIRCUITO344TRECHO</styleUrl><LineString><coordinates>-47.511919,-5.560758,0 -47.511310,-5.560902,0</coordinates></LineString></Placemark>
<Placemark><name>38895565</name><styleUrl>#styleDaimonCIRCUITO344TRECHO</styleUrl><LineString><coordinates>-47.513136,-5.560470,0 -47.512530,-5.560611,0</coordinates></LineString></Placemark>
<Placemark><name>38895596</name><styleUrl>#styleDaimonCIRCUITO344TRECHO</styleUrl><LineString><coordinates>-47.511310,-5.560902,0 -47.510704,-5.561052,0</coordinates></LineString></Placemark>
<Placemark><name>38895555</name><styleUrl>#styleDaimonCIRCUITO344TRECHO</styleUrl><LineString><coordinates>-47.513160,-5.560457,0 -47.513136,-5.560470,0</coordinates></LineString></Placemark>
<Placemark><name>38895606</name><styleUrl>#styleDaimonCIRCUITO344TRECHO</styleUrl><LineString><coordinates>-47.510704,-5.561052,0 -47.510107,-5.561199,0</coordinates></LineString></Placemark>
<Placemark><name>38895547</name><styleUrl>#styleDaimonCIRCUITO344TRECHO</styleUrl><LineString><coordinates>-47.513595,-5.560275,0 -47.513160,-5.560457,0</coordinates></LineString></Placemark>
<Placemark><name>38895614</name><styleUrl>#styleDaimonCIRCUITO344TRECHO</styleUrl><LineString><coordinates>-47.510107,-5.561199,0 -47.510079,-5.561206,0</coordinates></LineString></Placemark>
<Placemark><name>38895522</name><styleUrl>#styleDaimonCIRCUITO344TRECHO</styleUrl><LineString><coordinates>-47.514015,-5.560299,0 -47.513595,-5.560275,0</coordinates></LineString></Placemark>
<Placemark><name>38895624</name><styleUrl>#styleDaimonCIRCUITO344TRECHO</styleUrl><LineString><coordinates>-47.510079,-5.561206,0 -47.509470,-5.561352,0</coordinates></LineString></Placemark>
<Placemark><name>38895635</name><styleUrl>#styleDaimonCIRCUITO344TRECHO</styleUrl><LineString><coordinates>-47.509470,-5.561352,0 -47.508884,-5.561492,0</coordinates></LineString></Placemark>
<Placemark><name>38895645</name><styleUrl>#styleDaimonCIRCUITO344TRECHO</styleUrl><LineString><coordinates>-47.508884,-5.561492,0 -47.508279,-5.561640,0</coordinates></LineString></Placemark>
<Placemark><name>38895655</name><styleUrl>#styleDaimonCIRCUITO344TRECHO</styleUrl><LineString><coordinates>-47.508279,-5.561640,0 -47.507680,-5.561798,0</coordinates></LineString></Placemark>
<Placemark><name>38895663</name><styleUrl>#styleDaimonCIRCUITO344TRECHO</styleUrl><LineString><coordinates>-47.507680,-5.561798,0 -47.507652,-5.561804,0</coordinates></LineString></Placemark>
<Placemark><name>38895673</name><styleUrl>#styleDaimonCIRCUITO344TRECHO</styleUrl><LineString><coordinates>-47.507652,-5.561804,0 -47.507052,-5.561961,0</coordinates></LineString></Placemark>
<Placemark><name>38895684</name><styleUrl>#styleDaimonCIRCUITO344TRECHO</styleUrl><LineString><coordinates>-47.507052,-5.561961,0 -47.506460,-5.562118,0</coordinates></LineString></Placemark>
<Placemark><name>38895692</name><styleUrl>#styleDaimonCIRCUITO344TRECHO</styleUrl><LineString><coordinates>-47.506460,-5.562118,0 -47.506435,-5.562125,0</coordinates></LineString></Placemark>
<Placemark><name>38895702</name><styleUrl>#styleDaimonCIRCUITO344TRECHO</styleUrl><LineString><coordinates>-47.506435,-5.562125,0 -47.505832,-5.562278,0</coordinates></LineString></Placemark>
<Placemark><name>38895713</name><styleUrl>#styleDaimonCIRCUITO344TRECHO</styleUrl><LineString><coordinates>-47.505832,-5.562278,0 -47.505236,-5.562437,0</coordinates></LineString></Placemark>
<Placemark><name>38895723</name><styleUrl>#styleDaimonCIRCUITO344TRECHO</styleUrl><LineString><coordinates>-47.505236,-5.562437,0 -47.504559,-5.562650,0</coordinates></LineString></Placemark>
<Placemark><name>38895733</name><styleUrl>#styleDaimonCIRCUITO344TRECHO</styleUrl><LineString><coordinates>-47.504559,-5.562650,0 -47.503910,-5.562765,0</coordinates></LineString></Placemark>
<Placemark><name>38895743</name><styleUrl>#styleDaimonCIRCUITO344TRECHO</styleUrl><LineString><coordinates>-47.503910,-5.562765,0 -47.503274,-5.562866,0</coordinates></LineString></Placemark>
<Placemark><name>38895751</name><styleUrl>#styleDaimonCIRCUITO344TRECHO</styleUrl><LineString><coordinates>-47.503274,-5.562866,0 -47.503249,-5.562869,0</coordinates></LineString></Placemark>
<Placemark><name>38895761</name><styleUrl>#styleDaimonCIRCUITO344TRECHO</styleUrl><LineString><coordinates>-47.503249,-5.562869,0 -47.502681,-5.562966,0</coordinates></LineString></Placemark>
<Placemark><name>38895786</name><styleUrl>#styleDaimonCIRCUITO344TRECHO</styleUrl><LineString><coordinates>-47.502681,-5.562966,0 -47.502095,-5.563051,0</coordinates></LineString></Placemark>
<Placemark><name>38895787</name><styleUrl>#styleDaimonCIRCUITO344TRECHO</styleUrl><LineString><coordinates>-47.502095,-5.563051,0 -47.501519,-5.563140,0</coordinates></LineString></Placemark>
<Placemark><name>38895776</name><styleUrl>#styleDaimonCIRCUITO344TRECHO</styleUrl><LineString><coordinates>-47.501519,-5.563140,0 -47.500933,-5.563225,0</coordinates></LineString></Placemark>
<Placemark><name>38895804</name><styleUrl>#styleDaimonCIRCUITO344TRECHO</styleUrl><LineString><coordinates>-47.500933,-5.563225,0 -47.500348,-5.563322,0</coordinates></LineString></Placemark>
<Placemark><name>38895812</name><styleUrl>#styleDaimonCIRCUITO344TRECHO</styleUrl><LineString><coordinates>-47.500348,-5.563322,0 -47.500322,-5.563323,0</coordinates></LineString></Placemark>
<Placemark><name>38895822</name><styleUrl>#styleDaimonCIRCUITO344TRECHO</styleUrl><LineString><coordinates>-47.500322,-5.563323,0 -47.499815,-5.563299,0</coordinates></LineString></Placemark>
<Placemark><name>3647249</name><styleUrl>#styleDaimonCIRCUITO344TRECHO</styleUrl><LineString><coordinates>-47.514083,-5.560194,0 -47.514767,-5.559863,0</coordinates></LineString></Placemark>
<Placemark><name>32557602</name><styleUrl>#styleDaimonCIRCUITO344TRECHO</styleUrl><LineString><coordinates>-47.583552,-5.479707,0 -47.583552,-5.479678,0</coordinates></LineString></Placemark>
<Placemark><name>32557548</name><styleUrl>#styleDaimonCIRCUITO344TRECHO</styleUrl><LineString><coordinates>-47.583552,-5.479678,0 -47.583556,-5.478925,0</coordinates></LineString></Placemark>
<Placemark><name>32557510</name><styleUrl>#styleDaimonCIRCUITO344TRECHO</styleUrl><LineString><coordinates>-47.583532,-5.480446,0 -47.583552,-5.479707,0</coordinates></LineString></Placemark>
<Placemark><name>32557549</name><styleUrl>#styleDaimonCIRCUITO344TRECHO</styleUrl><LineString><coordinates>-47.583556,-5.478925,0 -47.583598,-5.478267,0</coordinates></LineString></Placemark>
<Placemark><name>32557524</name><styleUrl>#styleDaimonCIRCUITO344TRECHO</styleUrl><LineString><coordinates>-47.583511,-5.481257,0 -47.583532,-5.480446,0</coordinates></LineString></Placemark>
<Placemark><name>32557550</name><styleUrl>#styleDaimonCIRCUITO344TRECHO</styleUrl><LineString><coordinates>-47.583598,-5.478267,0 -47.583647,-5.477579,0</coordinates></LineString></Placemark>
<Placemark><name>32557523</name><styleUrl>#styleDaimonCIRCUITO344TRECHO</styleUrl><LineString><coordinates>-47.583490,-5.482067,0 -47.583511,-5.481257,0</coordinates></LineString></Placemark>
<Placemark><name>32557540</name><styleUrl>#styleDaimonCIRCUITO344TRECHO</styleUrl><LineString><coordinates>-47.583647,-5.477579,0 -47.583676,-5.476678,0</coordinates></LineString></Placemark>
<Placemark><name>32557522</name><styleUrl>#styleDaimonCIRCUITO344TRECHO</styleUrl><LineString><coordinates>-47.583472,-5.482880,0 -47.583490,-5.482067,0</coordinates></LineString></Placemark>
<Placemark><name>32557606</name><styleUrl>#styleDaimonCIRCUITO344TRECHO</styleUrl><LineString><coordinates>-47.583676,-5.476678,0 -47.583677,-5.476654,0</coordinates></LineString></Placemark>
<Placemark><name>32557521</name><styleUrl>#styleDaimonCIRCUITO344TRECHO</styleUrl><LineString><coordinates>-47.583499,-5.484006,0 -47.583472,-5.482880,0</coordinates></LineString></Placemark>
<Placemark><name>32557561</name><styleUrl>#styleDaimonCIRCUITO344TRECHO</styleUrl><LineString><coordinates>-47.583677,-5.476654,0 -47.583653,-5.476112,0</coordinates></LineString></Placemark>
<Placemark><name>32557520</name><styleUrl>#styleDaimonCIRCUITO344TRECHO</styleUrl><LineString><coordinates>-47.583517,-5.484768,0 -47.583499,-5.484006,0</coordinates></LineString></Placemark>
<Placemark><name>32557610</name><styleUrl>#styleDaimonCIRCUITO344TRECHO</styleUrl><LineString><coordinates>-47.583653,-5.476112,0 -47.583654,-5.476082,0</coordinates></LineString></Placemark>
<Placemark><name>37327960</name><styleUrl>#styleDaimonCIRCUITO344TRECHO</styleUrl><LineString><coordinates>-47.583522,-5.484988,0 -47.583517,-5.484768,0</coordinates></LineString></Placemark>
<Placemark><name>32557573</name><styleUrl>#styleDaimonCIRCUITO344TRECHO</styleUrl><LineString><coordinates>-47.583654,-5.476082,0 -47.583602,-5.475643,0</coordinates></LineString></Placemark>
<Placemark><name>32557595</name><styleUrl>#styleDaimonCIRCUITO344TRECHO</styleUrl><LineString><coordinates>-47.583524,-5.485013,0 -47.583522,-5.484988,0</coordinates></LineString></Placemark>
<Placemark><name>32557574</name><styleUrl>#styleDaimonCIRCUITO344TRECHO</styleUrl><LineString><coordinates>-47.583602,-5.475643,0 -47.583526,-5.474970,0</coordinates></LineString></Placemark>
<Placemark><name>32557500</name><styleUrl>#styleDaimonCIRCUITO344TRECHO</styleUrl><LineString><coordinates>-47.583408,-5.485394,0 -47.583524,-5.485013,0</coordinates></LineString></Placemark>
<Placemark><name>32557566</name><styleUrl>#styleDaimonCIRCUITO344TRECHO</styleUrl><LineString><coordinates>-47.583526,-5.474970,0 -47.583377,-5.474093,0</coordinates></LineString></Placemark>
<Placemark><name>2776862</name><styleUrl>#styleDaimonCIRCUITO344TRECHO</styleUrl><LineString><coordinates>-47.577645,-5.555598,0 -47.577508,-5.555554,0</coordinates></LineString></Placemark>
<Placemark><name>2787203</name><styleUrl>#styleDaimonCIRCUITO344TRECHO</styleUrl><LineString><coordinates>-47.577508,-5.555554,0 -47.577271,-5.555430,0</coordinates></LineString></Placemark>
<Placemark><name>2787202</name><styleUrl>#styleDaimonCIRCUITO344TRECHO</styleUrl><LineString><coordinates>-47.577271,-5.555430,0 -47.577021,-5.555298,0</coordinates></LineString></Placemark>
<Placemark><name>2787201</name><styleUrl>#styleDaimonCIRCUITO344TRECHO</styleUrl><LineString><coordinates>-47.577021,-5.555298,0 -47.576747,-5.555155,0</coordinates></LineString></Placemark>
<Placemark><name>2777593</name><styleUrl>#styleDaimonCIRCUITO344TRECHO</styleUrl><LineString><coordinates>-47.578772,-5.556762,0 -47.579022,-5.556865,0</coordinates></LineString></Placemark>
<Placemark><name>2775523</name><styleUrl>#styleDaimonCIRCUITO344TRECHO</styleUrl><LineString><coordinates>-47.579022,-5.556865,0 -47.579207,-5.556941,0</coordinates></LineString></Placemark>
<Placemark><name>2777595</name><styleUrl>#styleDaimonCIRCUITO344TRECHO</styleUrl><LineString><coordinates>-47.578457,-5.556632,0 -47.578772,-5.556762,0</coordinates></LineString></Placemark>
<Placemark><name>31724471</name><styleUrl>#styleDaimonCIRCUITO344TRECHO</styleUrl><LineString><coordinates>-47.579207,-5.556941,0 -47.579453,-5.557045,0</coordinates></LineString></Placemark>
<Placemark><name>2777587</name><styleUrl>#styleDaimonCIRCUITO344TRECHO</styleUrl><LineString><coordinates>-47.578230,-5.556539,0 -47.578457,-5.556632,0</coordinates></LineString></Placemark>
<Placemark><name>31724934</name><styleUrl>#styleDaimonCIRCUITO344TRECHO</styleUrl><LineString><coordinates>-47.579453,-5.557045,0 -47.579476,-5.557053,0</coordinates></LineString></Placemark>
<Placemark><name>2777591</name><styleUrl>#styleDaimonCIRCUITO344TRECHO</styleUrl><LineString><coordinates>-47.577995,-5.556442,0 -47.578230,-5.556539,0</coordinates></LineString></Placemark>
<Placemark><name>31724480</name><styleUrl>#styleDaimonCIRCUITO344TRECHO</styleUrl><LineString><coordinates>-47.579476,-5.557053,0 -47.579654,-5.557125,0</coordinates></LineString></Placemark>
<Placemark><name>2546026</name><styleUrl>#styleDaimonCIRCUITO344TRECHO</styleUrl><LineString><coordinates>-47.577682,-5.556313,0 -47.577995,-5.556442,0</coordinates></LineString></Placemark>
<Placemark><name>31724547</name><styleUrl>#styleDaimonCIRCUITO344TRECHO</styleUrl><LineString><coordinates>-47.579654,-5.557125,0 -47.579760,-5.557169,0</coordinates></LineString></Placemark>
<Placemark><name>2546024</name><styleUrl>#styleDaimonCIRCUITO344TRECHO</styleUrl><LineString><coordinates>-47.577435,-5.556210,0 -47.577682,-5.556313,0</coordinates></LineString></Placemark>
<Placemark><name>31724505</name><styleUrl>#styleDaimonCIRCUITO344TRECHO</styleUrl><LineString><coordinates>-47.579760,-5.557169,0 -47.579949,-5.557245,0</coordinates></LineString></Placemark>
<Placemark><name>31724556</name><styleUrl>#styleDaimonCIRCUITO344TRECHO</styleUrl><LineString><coordinates>-47.579760,-5.557169,0 -47.579724,-5.557255,0</coordinates></LineString></Placemark>
<Placemark><name>31724566</name><styleUrl>#styleDaimonCIRCUITO344TRECHO</styleUrl><LineString><coordinates>-47.579760,-5.557169,0 -47.579790,-5.557098,0</coordinates></LineString></Placemark>
<Placemark><name>31724506</name><styleUrl>#styleDaimonCIRCUITO344TRECHO</styleUrl><LineString><coordinates>-47.579949,-5.557245,0 -47.580286,-5.557386,0</coordinates></LineString></Placemark>
<Placemark><name>31724507</name><styleUrl>#styleDaimonCIRCUITO344TRECHO</styleUrl><LineString><coordinates>-47.580286,-5.557386,0 -47.580644,-5.557533,0</coordinates></LineString></Placemark>
<Placemark><name>31724508</name><styleUrl>#styleDaimonCIRCUITO344TRECHO</styleUrl><LineString><coordinates>-47.580644,-5.557533,0 -47.581005,-5.557678,0</coordinates></LineString></Placemark>
<Placemark><name>31724491</name><styleUrl>#styleDaimonCIRCUITO344TRECHO</styleUrl><LineString><coordinates>-47.581005,-5.557678,0 -47.581267,-5.557775,0</coordinates></LineString></Placemark>
<Placemark><name>2776854</name><styleUrl>#styleDaimonCIRCUITO344TRECHO</styleUrl><LineString><coordinates>-47.576287,-5.557336,0 -47.576268,-5.557370,0</coordinates></LineString></Placemark>
<Placemark><name>66174857</name><styleUrl>#styleDaimonCIRCUITO344TRECHO</styleUrl><LineString><coordinates>-47.572634,-5.553375,0 -47.572682,-5.553111,0</coordinates></LineString></Placemark>
<Placemark><name>2779083</name><styleUrl>#styleDaimonCIRCUITO344TRECHO</styleUrl><LineString><coordinates>-47.572583,-5.553649,0 -47.572634,-5.553375,0</coordinates></LineString></Placemark>
<Placemark><name>37044902</name><styleUrl>#styleDaimonCIRCUITO344TRECHO</styleUrl><LineString><coordinates>-47.572682,-5.553111,0 -47.572719,-5.552908,0</coordinates></LineString></Placemark>
<Placemark><name>2777582</name><styleUrl>#styleDaimonCIRCUITO344TRECHO</styleUrl><LineString><coordinates>-47.572535,-5.554048,0 -47.572583,-5.553649,0</coordinates></LineString></Placemark>
<Placemark><name>37045027</name><styleUrl>#styleDaimonCIRCUITO344TRECHO</styleUrl><LineString><coordinates>-47.572719,-5.552908,0 -47.572424,-5.552871,0</coordinates></LineString></Placemark>
<Placemark><name>37045003</name><styleUrl>#styleDaimonCIRCUITO344TRECHO</styleUrl><LineString><coordinates>-47.572719,-5.552908,0 -47.572757,-5.552912,0</coordinates></LineString></Placemark>
<Placemark><name>2789815</name><styleUrl>#styleDaimonCIRCUITO344TRECHO</styleUrl><LineString><coordinates>-47.572719,-5.552908,0 -47.572754,-5.552728,0</coordinates></LineString></Placemark>
<Placemark><name>2776864</name><styleUrl>#styleDaimonCIRCUITO344TRECHO</styleUrl><LineString><coordinates>-47.572496,-5.554385,0 -47.572535,-5.554048,0</coordinates></LineString></Placemark>
<Placemark><name>12099095</name><styleUrl>#styleDaimonCIRCUITO344TRECHO</styleUrl><LineString><coordinates>-47.572492,-5.554403,0 -47.572496,-5.554385,0</coordinates></LineString></Placemark>
<Placemark><name>2787233</name><styleUrl>#styleDaimonCIRCUITO344TRECHO</styleUrl><LineString><coordinates>-47.572912,-5.554454,0 -47.572492,-5.554403,0</coordinates></LineString></Placemark>
<Placemark><name>2787232</name><styleUrl>#styleDaimonCIRCUITO344TRECHO</styleUrl><LineString><coordinates>-47.572492,-5.554403,0 -47.572276,-5.554353,0</coordinates></LineString></Placemark>
<Placemark><name>2787396</name><styleUrl>#styleDaimonCIRCUITO344TRECHO</styleUrl><LineString><coordinates>-47.573303,-5.554492,0 -47.572912,-5.554454,0</coordinates></LineString></Placemark>
<Placemark><name>2787394</name><styleUrl>#styleDaimonCIRCUITO344TRECHO</styleUrl><LineString><coordinates>-47.573641,-5.554484,0 -47.573303,-5.554492,0</coordinates></LineString></Placemark>
<Placemark><name>2787393</name><styleUrl>#styleDaimonCIRCUITO344TRECHO</styleUrl><LineString><coordinates>-47.573852,-5.554283,0 -47.573641,-5.554484,0</coordinates></LineString></Placemark>
<Placemark><name>2787814</name><styleUrl>#styleDaimonCIRCUITO344TRECHO</styleUrl><LineString><coordinates>-47.574028,-5.554274,0 -47.573852,-5.554283,0</coordinates></LineString></Placemark>
<Placemark><name>12097648</name><styleUrl>#styleDaimonCIRCUITO344TRECHO</styleUrl><LineString><coordinates>-47.574057,-5.554287,0 -47.574028,-5.554274,0</coordinates></LineString></Placemark>
<Placemark><name>2787813</name><styleUrl>#styleDaimonCIRCUITO344TRECHO</styleUrl><LineString><coordinates>-47.574393,-5.554628,0 -47.574057,-5.554287,0</coordinates></LineString></Placemark>
<Placemark><name>2788012</name><styleUrl>#styleDaimonCIRCUITO344TRECHO</styleUrl><LineString><coordinates>-47.574733,-5.554996,0 -47.574393,-5.554628,0</coordinates></LineString></Placemark>
<Placemark><name>2787812</name><styleUrl>#styleDaimonCIRCUITO344TRECHO</styleUrl><LineString><coordinates>-47.575103,-5.555258,0 -47.574733,-5.554996,0</coordinates></LineString></Placemark>
<Placemark><name>2787811</name><styleUrl>#styleDaimonCIRCUITO344TRECHO</styleUrl><LineString><coordinates>-47.575430,-5.555518,0 -47.575103,-5.555258,0</coordinates></LineString></Placemark>
<Placemark><name>2787810</name><styleUrl>#styleDaimonCIRCUITO344TRECHO</styleUrl><LineString><coordinates>-47.575766,-5.555812,0 -47.575430,-5.555518,0</coordinates></LineString></Placemark>
<Placemark><name>2787809</name><styleUrl>#styleDaimonCIRCUITO344TRECHO</styleUrl><LineString><coordinates>-47.576066,-5.556163,0 -47.575766,-5.555812,0</coordinates></LineString></Placemark>
<Placemark><name>2787808</name><styleUrl>#styleDaimonCIRCUITO344TRECHO</styleUrl><LineString><coordinates>-47.576314,-5.556484,0 -47.576066,-5.556163,0</coordinates></LineString></Placemark>
<Placemark><name>2779203</name><styleUrl>#styleDaimonCIRCUITO344TRECHO</styleUrl><LineString><coordinates>-47.576499,-5.556753,0 -47.576314,-5.556484,0</coordinates></LineString></Placemark>
<Placemark><name>2777766</name><styleUrl>#styleDaimonCIRCUITO344TRECHO</styleUrl><LineString><coordinates>-47.574810,-5.560912,0 -47.574439,-5.561576,0</coordinates></LineString></Placemark>
<Placemark><name>2777757</name><styleUrl>#styleDaimonCIRCUITO344TRECHO</styleUrl><LineString><coordinates>-47.574439,-5.561576,0 -47.573582,-5.563103,0</coordinates></LineString></Placemark>
<Placemark><name>2777767</name><styleUrl>#styleDaimonCIRCUITO344TRECHO</styleUrl><LineString><coordinates>-47.575156,-5.560281,0 -47.574810,-5.560912,0</coordinates></LineString></Placemark>
<Placemark><name>12138594</name><styleUrl>#styleDaimonCIRCUITO344TRECHO</styleUrl><LineString><coordinates>-47.573582,-5.563103,0 -47.573564,-5.563131,0</coordinates></LineString></Placemark>
<Placemark><name>2788975</name><styleUrl>#styleDaimonCIRCUITO344TRECHO</styleUrl><LineString><coordinates>-47.575550,-5.559234,0 -47.575156,-5.560281,0</coordinates></LineString></Placemark>
<Placemark><name>2788982</name><styleUrl>#styleDaimonCIRCUITO344TRECHO</styleUrl><LineString><coordinates>-47.573564,-5.563131,0 -47.573351,-5.563378,0</coordinates></LineString></Placemark>
<Placemark><name>2788978</name><styleUrl>#styleDaimonCIRCUITO344TRECHO</styleUrl><LineString><coordinates>-47.575852,-5.558503,0 -47.575550,-5.559234,0</coordinates></LineString></Placemark>
<Placemark><name>2789399</name><styleUrl>#styleDaimonCIRCUITO344TRECHO</styleUrl><LineString><coordinates>-47.573351,-5.563378,0 -47.573068,-5.563720,0</coordinates></LineString></Placemark>
<Placemark><name>2776855</name><styleUrl>#styleDaimonCIRCUITO344TRECHO</styleUrl><LineString><coordinates>-47.576244,-5.557436,0 -47.575852,-5.558503,0</coordinates></LineString></Placemark>
<Placemark><name>2777776</name><styleUrl>#styleDaimonCIRCUITO344TRECHO</styleUrl><LineString><coordinates>-47.573068,-5.563720,0 -47.572776,-5.564061,0</coordinates></LineString></Placemark>
<Placemark><name>2777777</name><styleUrl>#styleDaimonCIRCUITO344TRECHO</styleUrl><LineString><coordinates>-47.572776,-5.564061,0 -47.572541,-5.564328,0</coordinates></LineString></Placemark>
<Placemark><name>2777799</name><styleUrl>#styleDaimonCIRCUITO344TRECHO</styleUrl><LineString><coordinates>-47.572541,-5.564328,0 -47.572250,-5.564606,0</coordinates></LineString></Placemark>
<Placemark><name>2778029</name><styleUrl>#styleDaimonCIRCUITO344TRECHO</styleUrl><LineString><coordinates>-47.572250,-5.564606,0 -47.572048,-5.564882,0</coordinates></LineString></Placemark>
<Placemark><name>2778031</name><styleUrl>#styleDaimonCIRCUITO344TRECHO</styleUrl><LineString><coordinates>-47.572048,-5.564882,0 -47.571701,-5.565268,0</coordinates></LineString></Placemark>
<Placemark><name>2778033</name><styleUrl>#styleDaimonCIRCUITO344TRECHO</styleUrl><LineString><coordinates>-47.571701,-5.565268,0 -47.571305,-5.565668,0</coordinates></LineString></Placemark>
<Placemark><name>12138587</name><styleUrl>#styleDaimonCIRCUITO344TRECHO</styleUrl><LineString><coordinates>-47.571305,-5.565668,0 -47.571315,-5.565683,0</coordinates></LineString></Placemark>
<Placemark><name>2788787</name><styleUrl>#styleDaimonCIRCUITO344TRECHO</styleUrl><LineString><coordinates>-47.571305,-5.565668,0 -47.571041,-5.565814,0</coordinates></LineString></Placemark>
<Placemark><name>2777790</name><styleUrl>#styleDaimonCIRCUITO344TRECHO</styleUrl><LineString><coordinates>-47.571315,-5.565683,0 -47.571435,-5.565866,0</coordinates></LineString></Placemark>
<Placemark><name>2788720</name><styleUrl>#styleDaimonCIRCUITO344TRECHO</styleUrl><LineString><coordinates>-47.571041,-5.565814,0 -47.570767,-5.565975,0</coordinates></LineString></Placemark>
<Placemark><name>2789594</name><styleUrl>#styleDaimonCIRCUITO344TRECHO</styleUrl><LineString><coordinates>-47.570767,-5.565975,0 -47.570296,-5.566177,0</coordinates></LineString></Placemark>
<Placemark><name>2789595</name><styleUrl>#styleDaimonCIRCUITO344TRECHO</styleUrl><LineString><coordinates>-47.570296,-5.566177,0 -47.569798,-5.566388,0</coordinates></LineString></Placemark>
<Placemark><name>2789597</name><styleUrl>#styleDaimonCIRCUITO344TRECHO</styleUrl><LineString><coordinates>-47.569798,-5.566388,0 -47.569359,-5.566596,0</coordinates></LineString></Placemark>
<Placemark><name>2789598</name><styleUrl>#styleDaimonCIRCUITO344TRECHO</styleUrl><LineString><coordinates>-47.569359,-5.566596,0 -47.568872,-5.566823,0</coordinates></LineString></Placemark>
<Placemark><name>2789599</name><styleUrl>#styleDaimonCIRCUITO344TRECHO</styleUrl><LineString><coordinates>-47.568872,-5.566823,0 -47.568576,-5.567061,0</coordinates></LineString></Placemark>
<Placemark><name>2789600</name><styleUrl>#styleDaimonCIRCUITO344TRECHO</styleUrl><LineString><coordinates>-47.568576,-5.567061,0 -47.568304,-5.567332,0</coordinates></LineString></Placemark>
<Placemark><name>2789811</name><styleUrl>#styleDaimonCIRCUITO344TRECHO</styleUrl><LineString><coordinates>-47.568304,-5.567332,0 -47.568095,-5.567582,0</coordinates></LineString></Placemark>
<Placemark><name>12138588</name><styleUrl>#styleDaimonCIRCUITO344TRECHO</styleUrl><LineString><coordinates>-47.568095,-5.567582,0 -47.568084,-5.567596,0</coordinates></LineString></Placemark>
<Placemark><name>3552138</name><styleUrl>#styleDaimonCIRCUITO344TRECHO</styleUrl><LineString><coordinates>-47.568084,-5.567596,0 -47.567341,-5.568851,0</coordinates></LineString></Placemark>
<Placemark><name>3552136</name><styleUrl>#styleDaimonCIRCUITO344TRECHO</styleUrl><LineString><coordinates>-47.567341,-5.568851,0 -47.567003,-5.569422,0</coordinates></LineString></Placemark>
<Placemark><name>2779208</name><styleUrl>#styleDaimonCIRCUITO344TRECHO</styleUrl><LineString><coordinates>-47.567003,-5.569422,0 -47.566771,-5.569863,0</coordinates></LineString></Placemark>
<Placemark><name>2788790</name><styleUrl>#styleDaimonCIRCUITO344TRECHO</styleUrl><LineString><coordinates>-47.566771,-5.569863,0 -47.566520,-5.570324,0</coordinates></LineString></Placemark>
<Placemark><name>12138255</name><styleUrl>#styleDaimonCIRCUITO344TRECHO</styleUrl><LineString><coordinates>-47.566520,-5.570324,0 -47.566505,-5.570354,0</coordinates></LineString></Placemark>
<Placemark><name>2788791</name><styleUrl>#styleDaimonCIRCUITO344TRECHO</styleUrl><LineString><coordinates>-47.566505,-5.570354,0 -47.566357,-5.570691,0</coordinates></LineString></Placemark>
<Placemark><name>2788793</name><styleUrl>#styleDaimonCIRCUITO344TRECHO</styleUrl><LineString><coordinates>-47.566357,-5.570691,0 -47.566131,-5.571141,0</coordinates></LineString></Placemark>
<Placemark><name>2787400</name><styleUrl>#styleDaimonCIRCUITO344TRECHO</styleUrl><LineString><coordinates>-47.566131,-5.571141,0 -47.565874,-5.571625,0</coordinates></LineString></Placemark>
<Placemark><name>2779449</name><styleUrl>#styleDaimonCIRCUITO344TRECHO</styleUrl><LineString><coordinates>-47.565874,-5.571625,0 -47.565601,-5.572128,0</coordinates></LineString></Placemark>
<Placemark><name>2779450</name><styleUrl>#styleDaimonCIRCUITO344TRECHO</styleUrl><LineString><coordinates>-47.565601,-5.572128,0 -47.565355,-5.572603,0</coordinates></LineString></Placemark>
<Placemark><name>2788804</name><styleUrl>#styleDaimonCIRCUITO344TRECHO</styleUrl><LineString><coordinates>-47.565355,-5.572603,0 -47.565141,-5.573077,0</coordinates></LineString></Placemark>
<Placemark><name>12138586</name><styleUrl>#styleDaimonCIRCUITO344TRECHO</styleUrl><LineString><coordinates>-47.565141,-5.573077,0 -47.565124,-5.573073,0</coordinates></LineString></Placemark>
<Placemark><name>2788801</name><styleUrl>#styleDaimonCIRCUITO344TRECHO</styleUrl><LineString><coordinates>-47.565141,-5.573077,0 -47.564616,-5.574062,0</coordinates></LineString></Placemark>
<Placemark><name>2787816</name><styleUrl>#styleDaimonCIRCUITO344TRECHO</styleUrl><LineString><coordinates>-47.565124,-5.573073,0 -47.564722,-5.572976,0</coordinates></LineString></Placemark>
<Placemark><name>2788800</name><styleUrl>#styleDaimonCIRCUITO344TRECHO</styleUrl><LineString><coordinates>-47.564616,-5.574062,0 -47.564153,-5.575016,0</coordinates></LineString></Placemark>
<Placemark><name>2788799</name><styleUrl>#styleDaimonCIRCUITO344TRECHO</styleUrl><LineString><coordinates>-47.564153,-5.575016,0 -47.563724,-5.575819,0</coordinates></LineString></Placemark>
<Placemark><name>2788796</name><styleUrl>#styleDaimonCIRCUITO344TRECHO</styleUrl><LineString><coordinates>-47.563724,-5.575819,0 -47.563312,-5.576630,0</coordinates></LineString></Placemark>
<Placemark><name>2788795</name><styleUrl>#styleDaimonCIRCUITO344TRECHO</styleUrl><LineString><coordinates>-47.563312,-5.576630,0 -47.562860,-5.577634,0</coordinates></LineString></Placemark>
<Placemark><name>2777762</name><styleUrl>#styleDaimonCIRCUITO344TRECHO</styleUrl><LineString><coordinates>-47.562860,-5.577634,0 -47.562392,-5.578606,0</coordinates></LineString></Placemark>
<Placemark><name>59579394</name><styleUrl>#styleDaimonCIRCUITO344TRECHO</styleUrl><LineString><coordinates>-47.562392,-5.578606,0 -47.562230,-5.578942,0</coordinates></LineString></Placemark>
<Placemark><name>56410637</name><styleUrl>#styleDaimonCIRCUITO344TRECHO</styleUrl><LineString><coordinates>-47.586674,-5.560152,0 -47.586676,-5.560134,0</coordinates></LineString></Placemark>
<Placemark><name>2778260</name><styleUrl>#styleDaimonCIRCUITO344TRECHO</styleUrl><LineString><coordinates>-47.585856,-5.559518,0 -47.586674,-5.560152,0</coordinates></LineString></Placemark>
<Placemark><name>2778261</name><styleUrl>#styleDaimonCIRCUITO344TRECHO</styleUrl><LineString><coordinates>-47.586674,-5.560152,0 -47.587691,-5.560866,0</coordinates></LineString></Placemark>
<Placemark><name>56410544</name><styleUrl>#styleDaimonCIRCUITO344TRECHO</styleUrl><LineString><coordinates>-47.586676,-5.560134,0 -47.586725,-5.559883,0</coordinates></LineString></Placemark>
<Placemark><name>12097749</name><styleUrl>#styleDaimonCIRCUITO344TRECHO</styleUrl><LineString><coordinates>-47.585838,-5.559492,0 -47.585856,-5.559518,0</coordinates></LineString></Placemark>
<Placemark><name>2775875</name><styleUrl>#styleDaimonCIRCUITO344TRECHO</styleUrl><LineString><coordinates>-47.585856,-5.559518,0 -47.585816,-5.559532,0</coordinates></LineString></Placemark>
<Placemark><name>2778262</name><styleUrl>#styleDaimonCIRCUITO344TRECHO</styleUrl><LineString><coordinates>-47.587691,-5.560866,0 -47.588563,-5.561516,0</coordinates></LineString></Placemark>
<Placemark><name>2778258</name><styleUrl>#styleDaimonCIRCUITO344TRECHO</styleUrl><LineString><coordinates>-47.585674,-5.558856,0 -47.585838,-5.559492,0</coordinates></LineString></Placemark>
<Placemark><name>2778264</name><styleUrl>#styleDaimonCIRCUITO344TRECHO</styleUrl><LineString><coordinates>-47.588563,-5.561516,0 -47.589310,-5.562101,0</coordinates></LineString></Placemark>
<Placemark><name>2789381</name><styleUrl>#styleDaimonCIRCUITO344TRECHO</styleUrl><LineString><coordinates>-47.585470,-5.558266,0 -47.585674,-5.558856,0</coordinates></LineString></Placemark>
<Placemark><name>2778265</name><styleUrl>#styleDaimonCIRCUITO344TRECHO</styleUrl><LineString><coordinates>-47.589310,-5.562101,0 -47.590364,-5.562825,0</coordinates></LineString></Placemark>
<Placemark><name>2789172</name><styleUrl>#styleDaimonCIRCUITO344TRECHO</styleUrl><LineString><coordinates>-47.585307,-5.557490,0 -47.585470,-5.558266,0</coordinates></LineString></Placemark>
<Placemark><name>2778266</name><styleUrl>#styleDaimonCIRCUITO344TRECHO</styleUrl><LineString><coordinates>-47.590364,-5.562825,0 -47.591326,-5.563522,0</coordinates></LineString></Placemark>
<Placemark><name>12069897</name><styleUrl>#styleDaimonCIRCUITO344TRECHO</styleUrl><LineString><coordinates>-47.585307,-5.557490,0 -47.585349,-5.557467,0</coordinates></LineString></Placemark>
<Placemark><name>3631516</name><styleUrl>#styleDaimonCIRCUITO344TRECHO</styleUrl><LineString><coordinates>-47.585048,-5.556516,0 -47.585307,-5.557490,0</coordinates></LineString></Placemark>
<Placemark><name>2778268</name><styleUrl>#styleDaimonCIRCUITO344TRECHO</styleUrl><LineString><coordinates>-47.591326,-5.563522,0 -47.592350,-5.564277,0</coordinates></LineString></Placemark>
<Placemark><name>2777596</name><styleUrl>#styleDaimonCIRCUITO344TRECHO</styleUrl><LineString><coordinates>-47.584369,-5.555155,0 -47.585048,-5.556516,0</coordinates></LineString></Placemark>
<Placemark><name>2778269</name><styleUrl>#styleDaimonCIRCUITO344TRECHO</styleUrl><LineString><coordinates>-47.592350,-5.564277,0 -47.593191,-5.564875,0</coordinates></LineString></Placemark>
<Placemark><name>2777796</name><styleUrl>#styleDaimonCIRCUITO344TRECHO</styleUrl><LineString><coordinates>-47.584085,-5.554531,0 -47.584369,-5.555155,0</coordinates></LineString></Placemark>
<Placemark><name>2778270</name><styleUrl>#styleDaimonCIRCUITO344TRECHO</styleUrl><LineString><coordinates>-47.593191,-5.564875,0 -47.594088,-5.565499,0</coordinates></LineString></Placemark>
<Placemark><name>2777797</name><styleUrl>#styleDaimonCIRCUITO344TRECHO</styleUrl><LineString><coordinates>-47.583831,-5.553929,0 -47.584085,-5.554531,0</coordinates></LineString></Placemark>
<Placemark><name>2778271</name><styleUrl>#styleDaimonCIRCUITO344TRECHO</styleUrl><LineString><coordinates>-47.594088,-5.565499,0 -47.594638,-5.565911,0</coordinates></LineString></Placemark>
<Placemark><name>3634478</name><styleUrl>#styleDaimonCIRCUITO344TRECHO</styleUrl><LineString><coordinates>-47.583468,-5.553304,0 -47.583831,-5.553929,0</coordinates></LineString></Placemark>
<Placemark><name>2778275</name><styleUrl>#styleDaimonCIRCUITO344TRECHO</styleUrl><LineString><coordinates>-47.594638,-5.565911,0 -47.594779,-5.566082,0</coordinates></LineString></Placemark>
<Placemark><name>12116051</name><styleUrl>#styleDaimonCIRCUITO344TRECHO</styleUrl><LineString><coordinates>-47.583449,-5.553318,0 -47.583468,-5.553304,0</coordinates></LineString></Placemark>
<Placemark><name>3634477</name><styleUrl>#styleDaimonCIRCUITO344TRECHO</styleUrl><LineString><coordinates>-47.583468,-5.553304,0 -47.583244,-5.552791,0</coordinates></LineString></Placemark>
<Placemark><name>12097750</name><styleUrl>#styleDaimonCIRCUITO344TRECHO</styleUrl><LineString><coordinates>-47.594779,-5.566082,0 -47.594801,-5.566109,0</coordinates></LineString></Placemark>
<Placemark><name>3634479</name><styleUrl>#styleDaimonCIRCUITO344TRECHO</styleUrl><LineString><coordinates>-47.583254,-5.553601,0 -47.583449,-5.553318,0</coordinates></LineString></Placemark>
<Placemark><name>2789397</name><styleUrl>#styleDaimonCIRCUITO344TRECHO</styleUrl><LineString><coordinates>-47.583244,-5.552791,0 -47.583269,-5.552765,0</coordinates></LineString></Placemark>
<Placemark><name>2775876</name><styleUrl>#styleDaimonCIRCUITO344TRECHO</styleUrl><LineString><coordinates>-47.594801,-5.566109,0 -47.594816,-5.566073,0</coordinates></LineString></Placemark>
<Placemark><name>2778276</name><styleUrl>#styleDaimonCIRCUITO344TRECHO</styleUrl><LineString><coordinates>-47.594801,-5.566109,0 -47.595344,-5.566763,0</coordinates></LineString></Placemark>
<Placemark><name>12116052</name><styleUrl>#styleDaimonCIRCUITO344TRECHO</styleUrl><LineString><coordinates>-47.583219,-5.553612,0 -47.583254,-5.553601,0</coordinates></LineString></Placemark>
<Placemark><name>2776314</name><styleUrl>#styleDaimonCIRCUITO344TRECHO</styleUrl><LineString><coordinates>-47.595344,-5.566763,0 -47.595978,-5.567453,0</coordinates></LineString></Placemark>
<Placemark><name>3634480</name><styleUrl>#styleDaimonCIRCUITO344TRECHO</styleUrl><LineString><coordinates>-47.582129,-5.553300,0 -47.583219,-5.553612,0</coordinates></LineString></Placemark>
<Placemark><name>2778026</name><styleUrl>#styleDaimonCIRCUITO344TRECHO</styleUrl><LineString><coordinates>-47.595978,-5.567453,0 -47.596604,-5.568193,0</coordinates></LineString></Placemark>
<Placemark><name>12116053</name><styleUrl>#styleDaimonCIRCUITO344TRECHO</styleUrl><LineString><coordinates>-47.582095,-5.553285,0 -47.582129,-5.553300,0</coordinates></LineString></Placemark>
<Placemark><name>2778027</name><styleUrl>#styleDaimonCIRCUITO344TRECHO</styleUrl><LineString><coordinates>-47.596604,-5.568193,0 -47.597133,-5.568917,0</coordinates></LineString></Placemark>
<Placemark><name>3634772</name><styleUrl>#styleDaimonCIRCUITO344TRECHO</styleUrl><LineString><coordinates>-47.581745,-5.553182,0 -47.582095,-5.553285,0</coordinates></LineString></Placemark>
<Placemark><name>2778028</name><styleUrl>#styleDaimonCIRCUITO344TRECHO</styleUrl><LineString><coordinates>-47.597133,-5.568917,0 -47.597814,-5.569760,0</coordinates></LineString></Placemark>
<Placemark><name>3657816</name><styleUrl>#styleDaimonCIRCUITO344TRECHO</styleUrl><LineString><coordinates>-47.581732,-5.553163,0 -47.581745,-5.553182,0</coordinates></LineString></Placemark>
<Placemark><name>3661378</name><styleUrl>#styleDaimonCIRCUITO344TRECHO</styleUrl><LineString><coordinates>-47.581745,-5.553182,0 -47.581711,-5.553200,0</coordinates></LineString></Placemark>
<Placemark><name>2778257</name><styleUrl>#styleDaimonCIRCUITO344TRECHO</styleUrl><LineString><coordinates>-47.597814,-5.569760,0 -47.598257,-5.570329,0</coordinates></LineString></Placemark>
<Placemark><name>12097753</name><styleUrl>#styleDaimonCIRCUITO344TRECHO</styleUrl><LineString><coordinates>-47.598257,-5.570329,0 -47.598279,-5.570356,0</coordinates></LineString></Placemark>
<Placemark><name>48363322</name><styleUrl>#styleDaimonCIRCUITO344TRECHO</styleUrl><LineString><coordinates>-47.598279,-5.570356,0 -47.598954,-5.571191,0</coordinates></LineString></Placemark>
<Placemark><name>2775878</name><styleUrl>#styleDaimonCIRCUITO344TRECHO</styleUrl><LineString><coordinates>-47.598279,-5.570356,0 -47.598297,-5.570324,0</coordinates></LineString></Placemark>
<Placemark><name>2776104</name><styleUrl>#styleDaimonCIRCUITO344TRECHO</styleUrl><LineString><coordinates>-47.598954,-5.571191,0 -47.599609,-5.572000,0</coordinates></LineString></Placemark>
<Placemark><name>12097752</name><styleUrl>#styleDaimonCIRCUITO344TRECHO</styleUrl><LineString><coordinates>-47.599609,-5.572000,0 -47.599631,-5.572026,0</coordinates></LineString></Placemark>
<Placemark><name>2776106</name><styleUrl>#styleDaimonCIRCUITO344TRECHO</styleUrl><LineString><coordinates>-47.599631,-5.572026,0 -47.600080,-5.572512,0</coordinates></LineString></Placemark>
<Placemark><name>2775877</name><styleUrl>#styleDaimonCIRCUITO344TRECHO</styleUrl><LineString><coordinates>-47.599631,-5.572026,0 -47.599645,-5.571989,0</coordinates></LineString></Placemark>
<Placemark><name>2776294</name><styleUrl>#styleDaimonCIRCUITO344TRECHO</styleUrl><LineString><coordinates>-47.600080,-5.572512,0 -47.600523,-5.573123,0</coordinates></LineString></Placemark>
<Placemark><name>2776295</name><styleUrl>#styleDaimonCIRCUITO344TRECHO</styleUrl><LineString><coordinates>-47.600523,-5.573123,0 -47.601460,-5.574200,0</coordinates></LineString></Placemark>
<Placemark><name>2776297</name><styleUrl>#styleDaimonCIRCUITO344TRECHO</styleUrl><LineString><coordinates>-47.601460,-5.574200,0 -47.601997,-5.574807,0</coordinates></LineString></Placemark>
<Placemark><name>12114649</name><styleUrl>#styleDaimonCIRCUITO344TRECHO</styleUrl><LineString><coordinates>-47.601997,-5.574807,0 -47.602020,-5.574832,0</coordinates></LineString></Placemark>
<Placemark><name>30324458</name><styleUrl>#styleDaimonCIRCUITO344TRECHO</styleUrl><LineString><coordinates>-47.602020,-5.574832,0 -47.602395,-5.575137,0</coordinates></LineString></Placemark>
<Placemark><name>3625448</name><styleUrl>#styleDaimonCIRCUITO344TRECHO</styleUrl><LineString><coordinates>-47.602020,-5.574832,0 -47.601986,-5.574849,0</coordinates></LineString></Placemark>
<Placemark><name>20998023</name><styleUrl>#styleDaimonCIRCUITO344TRECHO</styleUrl><LineString><coordinates>-47.509894,-5.555479,0 -47.510139,-5.555478,0</coordinates></LineString></Placemark>
<Placemark><name>20998028</name><styleUrl>#styleDaimonCIRCUITO344TRECHO</styleUrl><LineString><coordinates>-47.510139,-5.555478,0 -47.510411,-5.555480,0</coordinates></LineString></Placemark>
<Placemark><name>3629317</name><styleUrl>#styleDaimonCIRCUITO344TRECHO</styleUrl><LineString><coordinates>-47.512918,-5.559084,0 -47.513274,-5.558352,0</coordinates></LineString></Placemark>
<Placemark><name>3629320</name><styleUrl>#styleDaimonCIRCUITO344TRECHO</styleUrl><LineString><coordinates>-47.513274,-5.558352,0 -47.513507,-5.557582,0</coordinates></LineString></Placemark>
<Placemark><name>12070353</name><styleUrl>#styleDaimonCIRCUITO344TRECHO</styleUrl><LineString><coordinates>-47.513507,-5.557582,0 -47.513521,-5.557560,0</coordinates></LineString></Placemark>
<Placemark><name>3629321</name><styleUrl>#styleDaimonCIRCUITO344TRECHO</styleUrl><LineString><coordinates>-47.513521,-5.557560,0 -47.513952,-5.557185,0</coordinates></LineString></Placemark>
<Placemark><name>3629319</name><styleUrl>#styleDaimonCIRCUITO344TRECHO</styleUrl><LineString><coordinates>-47.513952,-5.557185,0 -47.514428,-5.556764,0</coordinates></LineString></Placemark>
<Placemark><name>44326991</name><styleUrl>#styleDaimonCIRCUITO344TRECHO</styleUrl><LineString><coordinates>-47.510542,-5.558445,0 -47.510689,-5.558200,0</coordinates></LineString></Placemark>
<Placemark><name>2531925</name><styleUrl>#styleDaimonCIRCUITO344TRECHO</styleUrl><LineString><coordinates>-47.510689,-5.558200,0 -47.510922,-5.557814,0</coordinates></LineString></Placemark>
<Placemark><name>3652658</name><styleUrl>#styleDaimonCIRCUITO344TRECHO</styleUrl><LineString><coordinates>-47.509788,-5.555057,0 -47.509880,-5.554676,0</coordinates></LineString></Placemark>
<Placemark><name>2788325</name><styleUrl>#styleDaimonCIRCUITO344TRECHO</styleUrl><LineString><coordinates>-47.504931,-5.546323,0 -47.504725,-5.546069,0</coordinates></LineString></Placemark>
<Placemark><name>2788324</name><styleUrl>#styleDaimonCIRCUITO344TRECHO</styleUrl><LineString><coordinates>-47.505146,-5.546588,0 -47.504931,-5.546323,0</coordinates></LineString></Placemark>
<Placemark><name>2787187</name><styleUrl>#styleDaimonCIRCUITO344TRECHO</styleUrl><LineString><coordinates>-47.505370,-5.546864,0 -47.505146,-5.546588,0</coordinates></LineString></Placemark>
<Placemark><name>2788335</name><styleUrl>#styleDaimonCIRCUITO344TRECHO</styleUrl><LineString><coordinates>-47.505598,-5.547281,0 -47.505370,-5.546864,0</coordinates></LineString></Placemark>
<Placemark><name>2787188</name><styleUrl>#styleDaimonCIRCUITO344TRECHO</styleUrl><LineString><coordinates>-47.505833,-5.547687,0 -47.505598,-5.547281,0</coordinates></LineString></Placemark>
<Placemark><name>2788120</name><styleUrl>#styleDaimonCIRCUITO344TRECHO</styleUrl><LineString><coordinates>-47.506061,-5.548023,0 -47.505833,-5.547687,0</coordinates></LineString></Placemark>
<Placemark><name>2788119</name><styleUrl>#styleDaimonCIRCUITO344TRECHO</styleUrl><LineString><coordinates>-47.506261,-5.548347,0 -47.506061,-5.548023,0</coordinates></LineString></Placemark>
<Placemark><name>2787944</name><styleUrl>#styleDaimonCIRCUITO344TRECHO</styleUrl><LineString><coordinates>-47.506500,-5.548734,0 -47.506261,-5.548347,0</coordinates></LineString></Placemark>
<Placemark><name>2787943</name><styleUrl>#styleDaimonCIRCUITO344TRECHO</styleUrl><LineString><coordinates>-47.506759,-5.549084,0 -47.506500,-5.548734,0</coordinates></LineString></Placemark>
<Placemark><name>2787942</name><styleUrl>#styleDaimonCIRCUITO344TRECHO</styleUrl><LineString><coordinates>-47.506986,-5.549379,0 -47.506759,-5.549084,0</coordinates></LineString></Placemark>
<Placemark><name>2787941</name><styleUrl>#styleDaimonCIRCUITO344TRECHO</styleUrl><LineString><coordinates>-47.507279,-5.549751,0 -47.506986,-5.549379,0</coordinates></LineString></Placemark>
<Placemark><name>2787940</name><styleUrl>#styleDaimonCIRCUITO344TRECHO</styleUrl><LineString><coordinates>-47.507493,-5.550023,0 -47.507279,-5.549751,0</coordinates></LineString></Placemark>
<Placemark><name>2787939</name><styleUrl>#styleDaimonCIRCUITO344TRECHO</styleUrl><LineString><coordinates>-47.507743,-5.550340,0 -47.507493,-5.550023,0</coordinates></LineString></Placemark>
<Placemark><name>2788726</name><styleUrl>#styleDaimonCIRCUITO344TRECHO</styleUrl><LineString><coordinates>-47.508038,-5.550671,0 -47.507743,-5.550340,0</coordinates></LineString></Placemark>
<Placemark><name>12114613</name><styleUrl>#styleDaimonCIRCUITO344TRECHO</styleUrl><LineString><coordinates>-47.508038,-5.550671,0 -47.508045,-5.550665,0</coordinates></LineString></Placemark>
<Placemark><name>3613702</name><styleUrl>#styleDaimonCIRCUITO344TRECHO</styleUrl><LineString><coordinates>-47.508214,-5.550893,0 -47.508038,-5.550671,0</coordinates></LineString></Placemark>
<Placemark><name>2531081</name><styleUrl>#styleDaimonCIRCUITO344TRECHO</styleUrl><LineString><coordinates>-47.508045,-5.550665,0 -47.508135,-5.550609,0</coordinates></LineString></Placemark>
<Placemark><name>12115297</name><styleUrl>#styleDaimonCIRCUITO344TRECHO</styleUrl><LineString><coordinates>-47.508231,-5.550914,0 -47.508214,-5.550893,0</coordinates></LineString></Placemark>
<Placemark><name>3653381</name><styleUrl>#styleDaimonCIRCUITO344TRECHO</styleUrl><LineString><coordinates>-47.508312,-5.551178,0 -47.508231,-5.550914,0</coordinates></LineString></Placemark>
<Placemark><name>3653383</name><styleUrl>#styleDaimonCIRCUITO344TRECHO</styleUrl><LineString><coordinates>-47.508399,-5.551426,0 -47.508312,-5.551178,0</coordinates></LineString></Placemark>
<Placemark><name>12042587</name><styleUrl>#styleDaimonCIRCUITO344TRECHO</styleUrl><LineString><coordinates>-47.516023,-5.566600,0 -47.516037,-5.566630,0</coordinates></LineString></Placemark>
<Placemark><name>2788624</name><styleUrl>#styleDaimonCIRCUITO344TRECHO</styleUrl><LineString><coordinates>-47.516037,-5.566630,0 -47.516639,-5.567354,0</coordinates></LineString></Placemark>
<Placemark><name>2788626</name><styleUrl>#styleDaimonCIRCUITO344TRECHO</styleUrl><LineString><coordinates>-47.515824,-5.565492,0 -47.516023,-5.566600,0</coordinates></LineString></Placemark>
<Placemark><name>2788623</name><styleUrl>#styleDaimonCIRCUITO344TRECHO</styleUrl><LineString><coordinates>-47.516639,-5.567354,0 -47.517335,-5.568116,0</coordinates></LineString></Placemark>
<Placemark><name>2788631</name><styleUrl>#styleDaimonCIRCUITO344TRECHO</styleUrl><LineString><coordinates>-47.515690,-5.564315,0 -47.515824,-5.565492,0</coordinates></LineString></Placemark>
<Placemark><name>2788618</name><styleUrl>#styleDaimonCIRCUITO344TRECHO</styleUrl><LineString><coordinates>-47.517335,-5.568116,0 -47.518220,-5.569037,0</coordinates></LineString></Placemark>
<Placemark><name>12042021</name><styleUrl>#styleDaimonCIRCUITO344TRECHO</styleUrl><LineString><coordinates>-47.515690,-5.564315,0 -47.515708,-5.564313,0</coordinates></LineString></Placemark>
<Placemark><name>2788416</name><styleUrl>#styleDaimonCIRCUITO344TRECHO</styleUrl><LineString><coordinates>-47.515521,-5.563320,0 -47.515690,-5.564315,0</coordinates></LineString></Placemark>
<Placemark><name>12042011</name><styleUrl>#styleDaimonCIRCUITO344TRECHO</styleUrl><LineString><coordinates>-47.518220,-5.569037,0 -47.518246,-5.569040,0</coordinates></LineString></Placemark>
<Placemark><name>3667110</name><styleUrl>#styleDaimonCIRCUITO344TRECHO</styleUrl><LineString><coordinates>-47.518220,-5.569037,0 -47.518213,-5.569049,0</coordinates></LineString></Placemark>
<Placemark><name>2788417</name><styleUrl>#styleDaimonCIRCUITO344TRECHO</styleUrl><LineString><coordinates>-47.515708,-5.564313,0 -47.516128,-5.564228,0</coordinates></LineString></Placemark>
<Placemark><name>2777023</name><styleUrl>#styleDaimonCIRCUITO344TRECHO</styleUrl><LineString><coordinates>-47.515457,-5.562779,0 -47.515521,-5.563320,0</coordinates></LineString></Placemark>
<Placemark><name>12042012</name><styleUrl>#styleDaimonCIRCUITO344TRECHO</styleUrl><LineString><coordinates>-47.518246,-5.569040,0 -47.518242,-5.569062,0</coordinates></LineString></Placemark>
<Placemark><name>2788616</name><styleUrl>#styleDaimonCIRCUITO344TRECHO</styleUrl><LineString><coordinates>-47.518246,-5.569040,0 -47.518875,-5.568666,0</coordinates></LineString></Placemark>
<Placemark><name>12042020</name><styleUrl>#styleDaimonCIRCUITO344TRECHO</styleUrl><LineString><coordinates>-47.515447,-5.562746,0 -47.515457,-5.562779,0</coordinates></LineString></Placemark>
<Placemark><name>2779337</name><styleUrl>#styleDaimonCIRCUITO344TRECHO</styleUrl><LineString><coordinates>-47.518242,-5.569062,0 -47.518488,-5.569366,0</coordinates></LineString></Placemark>
<Placemark><name>2788615</name><styleUrl>#styleDaimonCIRCUITO344TRECHO</styleUrl><LineString><coordinates>-47.518875,-5.568666,0 -47.519452,-5.568285,0</coordinates></LineString></Placemark>
<Placemark><name>2777021</name><styleUrl>#styleDaimonCIRCUITO344TRECHO</styleUrl><LineString><coordinates>-47.514827,-5.561481,0 -47.515447,-5.562746,0</coordinates></LineString></Placemark>
<Placemark><name>3639786</name><styleUrl>#styleDaimonCIRCUITO344TRECHO</styleUrl><LineString><coordinates>-47.514592,-5.561105,0 -47.514827,-5.561481,0</coordinates></LineString></Placemark>
<Placemark><name>38895850</name><styleUrl>#styleDaimonCIRCUITO344TRECHO</styleUrl><LineString><coordinates>-47.499278,-5.563288,0 -47.498716,-5.563203,0</coordinates></LineString></Placemark>
<Placemark><name>38895869</name><styleUrl>#styleDaimonCIRCUITO344TRECHO</styleUrl><LineString><coordinates>-47.498716,-5.563203,0 -47.498095,-5.563118,0</coordinates></LineString></Placemark>
<Placemark><name>38895859</name><styleUrl>#styleDaimonCIRCUITO344TRECHO</styleUrl><LineString><coordinates>-47.499304,-5.563289,0 -47.499278,-5.563288,0</coordinates></LineString></Placemark>
<Placemark><name>38895879</name><styleUrl>#styleDaimonCIRCUITO344TRECHO</styleUrl><LineString><coordinates>-47.498095,-5.563118,0 -47.497478,-5.563035,0</coordinates></LineString></Placemark>
<Placemark><name>38895833</name><styleUrl>#styleDaimonCIRCUITO344TRECHO</styleUrl><LineString><coordinates>-47.499764,-5.563299,0 -47.499304,-5.563289,0</coordinates></LineString></Placemark>
<Placemark><name>38895887</name><styleUrl>#styleDaimonCIRCUITO344TRECHO</styleUrl><LineString><coordinates>-47.497478,-5.563035,0 -47.497452,-5.563031,0</coordinates></LineString></Placemark>
<Placemark><name>38895897</name><styleUrl>#styleDaimonCIRCUITO344TRECHO</styleUrl><LineString><coordinates>-47.497452,-5.563031,0 -47.496843,-5.562912,0</coordinates></LineString></Placemark>
<Placemark><name>38895908</name><styleUrl>#styleDaimonCIRCUITO344TRECHO</styleUrl><LineString><coordinates>-47.496843,-5.562912,0 -47.496380,-5.562812,0</coordinates></LineString></Placemark>
<Placemark><name>38895916</name><styleUrl>#styleDaimonCIRCUITO344TRECHO</styleUrl><LineString><coordinates>-47.496380,-5.562812,0 -47.496352,-5.562807,0</coordinates></LineString></Placemark>
<Placemark><name>38895926</name><styleUrl>#styleDaimonCIRCUITO344TRECHO</styleUrl><LineString><coordinates>-47.496352,-5.562807,0 -47.495845,-5.562625,0</coordinates></LineString></Placemark>
<Placemark><name>38895937</name><styleUrl>#styleDaimonCIRCUITO344TRECHO</styleUrl><LineString><coordinates>-47.495845,-5.562625,0 -47.495235,-5.562395,0</coordinates></LineString></Placemark>
<Placemark><name>38895947</name><styleUrl>#styleDaimonCIRCUITO344TRECHO</styleUrl><LineString><coordinates>-47.495235,-5.562395,0 -47.494703,-5.562200,0</coordinates></LineString></Placemark>
<Placemark><name>38895957</name><styleUrl>#styleDaimonCIRCUITO344TRECHO</styleUrl><LineString><coordinates>-47.494703,-5.562200,0 -47.494154,-5.562000,0</coordinates></LineString></Placemark>
<Placemark><name>38895967</name><styleUrl>#styleDaimonCIRCUITO344TRECHO</styleUrl><LineString><coordinates>-47.494154,-5.562000,0 -47.493596,-5.561791,0</coordinates></LineString></Placemark>
<Placemark><name>38895977</name><styleUrl>#styleDaimonCIRCUITO344TRECHO</styleUrl><LineString><coordinates>-47.493596,-5.561791,0 -47.493105,-5.561609,0</coordinates></LineString></Placemark>
<Placemark><name>38895985</name><styleUrl>#styleDaimonCIRCUITO344TRECHO</styleUrl><LineString><coordinates>-47.493105,-5.561609,0 -47.493080,-5.561602,0</coordinates></LineString></Placemark>
<Placemark><name>38895995</name><styleUrl>#styleDaimonCIRCUITO344TRECHO</styleUrl><LineString><coordinates>-47.493080,-5.561602,0 -47.492591,-5.561450,0</coordinates></LineString></Placemark>
<Placemark><name>38896006</name><styleUrl>#styleDaimonCIRCUITO344TRECHO</styleUrl><LineString><coordinates>-47.492591,-5.561450,0 -47.492130,-5.561303,0</coordinates></LineString></Placemark>
<Placemark><name>38896016</name><styleUrl>#styleDaimonCIRCUITO344TRECHO</styleUrl><LineString><coordinates>-47.492130,-5.561303,0 -47.491592,-5.561136,0</coordinates></LineString></Placemark>
<Placemark><name>38896026</name><styleUrl>#styleDaimonCIRCUITO344TRECHO</styleUrl><LineString><coordinates>-47.491592,-5.561136,0 -47.491179,-5.561036,0</coordinates></LineString></Placemark>
<Placemark><name>38896034</name><styleUrl>#styleDaimonCIRCUITO344TRECHO</styleUrl><LineString><coordinates>-47.491179,-5.561036,0 -47.491152,-5.561031,0</coordinates></LineString></Placemark>
<Placemark><name>38896045</name><styleUrl>#styleDaimonCIRCUITO344TRECHO</styleUrl><LineString><coordinates>-47.491152,-5.561031,0 -47.490660,-5.560893,0</coordinates></LineString></Placemark>
<Placemark><name>37328091</name><styleUrl>#styleDaimonCIRCUITO344TRECHO</styleUrl><LineString><coordinates>-47.575070,-5.485491,0 -47.575044,-5.485491,0</coordinates></LineString></Placemark>
<Placemark><name>37328068</name><styleUrl>#styleDaimonCIRCUITO344TRECHO</styleUrl><LineString><coordinates>-47.575044,-5.485491,0 -47.574368,-5.485539,0</coordinates></LineString></Placemark>
<Placemark><name>37328048</name><styleUrl>#styleDaimonCIRCUITO344TRECHO</styleUrl><LineString><coordinates>-47.575782,-5.485446,0 -47.575070,-5.485491,0</coordinates></LineString></Placemark>
<Placemark><name>37328095</name><styleUrl>#styleDaimonCIRCUITO344TRECHO</styleUrl><LineString><coordinates>-47.574368,-5.485539,0 -47.574347,-5.485540,0</coordinates></LineString></Placemark>
<Placemark><name>37328058</name><styleUrl>#styleDaimonCIRCUITO344TRECHO</styleUrl><LineString><coordinates>-47.576513,-5.485398,0 -47.575782,-5.485446,0</coordinates></LineString></Placemark>
<Placemark><name>37328079</name><styleUrl>#styleDaimonCIRCUITO344TRECHO</styleUrl><LineString><coordinates>-47.574347,-5.485540,0 -47.573402,-5.485603,0</coordinates></LineString></Placemark>
<Placemark><name>37328057</name><styleUrl>#styleDaimonCIRCUITO344TRECHO</styleUrl><LineString><coordinates>-47.577340,-5.485344,0 -47.576513,-5.485398,0</coordinates></LineString></Placemark>
<Placemark><name>37328080</name><styleUrl>#styleDaimonCIRCUITO344TRECHO</styleUrl><LineString><coordinates>-47.573402,-5.485603,0 -47.572575,-5.485659,0</coordinates></LineString></Placemark>
<Placemark><name>37328056</name><styleUrl>#styleDaimonCIRCUITO344TRECHO</styleUrl><LineString><coordinates>-47.577944,-5.485276,0 -47.577340,-5.485344,0</coordinates></LineString></Placemark>
<Placemark><name>37328073</name><styleUrl>#styleDaimonCIRCUITO344TRECHO</styleUrl><LineString><coordinates>-47.572575,-5.485659,0 -47.571856,-5.485703,0</coordinates></LineString></Placemark>
<Placemark><name>37328087</name><styleUrl>#styleDaimonCIRCUITO344TRECHO</styleUrl><LineString><coordinates>-47.577967,-5.485278,0 -47.577944,-5.485276,0</coordinates></LineString></Placemark>
<Placemark><name>37328018</name><styleUrl>#styleDaimonCIRCUITO344TRECHO</styleUrl><LineString><coordinates>-47.578905,-5.485211,0 -47.577967,-5.485278,0</coordinates></LineString></Placemark>
<Placemark><name>37328032</name><styleUrl>#styleDaimonCIRCUITO344TRECHO</styleUrl><LineString><coordinates>-47.579804,-5.485146,0 -47.578905,-5.485211,0</coordinates></LineString></Placemark>
<Placemark><name>37328031</name><styleUrl>#styleDaimonCIRCUITO344TRECHO</styleUrl><LineString><coordinates>-47.580730,-5.485079,0 -47.579804,-5.485146,0</coordinates></LineString></Placemark>
<Placemark><name>37328030</name><styleUrl>#styleDaimonCIRCUITO344TRECHO</styleUrl><LineString><coordinates>-47.581783,-5.485002,0 -47.580730,-5.485079,0</coordinates></LineString></Placemark>
<Placemark><name>37328029</name><styleUrl>#styleDaimonCIRCUITO344TRECHO</styleUrl><LineString><coordinates>-47.582886,-5.484861,0 -47.581783,-5.485002,0</coordinates></LineString></Placemark>
<Placemark><name>37328028</name><styleUrl>#styleDaimonCIRCUITO344TRECHO</styleUrl><LineString><coordinates>-47.583455,-5.484778,0 -47.582886,-5.484861,0</coordinates></LineString></Placemark>
<Placemark><name>31724632</name><styleUrl>#styleDaimonCIRCUITO344TRECHO</styleUrl><LineString><coordinates>-47.580291,-5.555953,0 -47.580109,-5.555825,0</coordinates></LineString></Placemark>
<Placemark><name>31724595</name><styleUrl>#styleDaimonCIRCUITO344TRECHO</styleUrl><LineString><coordinates>-47.580149,-5.556299,0 -47.580291,-5.555953,0</coordinates></LineString></Placemark>
<Placemark><name>31724654</name><styleUrl>#styleDaimonCIRCUITO344TRECHO</styleUrl><LineString><coordinates>-47.580291,-5.555953,0 -47.580316,-5.555970,0</coordinates></LineString></Placemark>
<Placemark><name>31724578</name><styleUrl>#styleDaimonCIRCUITO344TRECHO</styleUrl><LineString><coordinates>-47.580291,-5.555953,0 -47.580320,-5.555885,0</coordinates></LineString></Placemark>
<Placemark><name>31724594</name><styleUrl>#styleDaimonCIRCUITO344TRECHO</styleUrl><LineString><coordinates>-47.580049,-5.556503,0 -47.580149,-5.556299,0</coordinates></LineString></Placemark>
<Placemark><name>31724593</name><styleUrl>#styleDaimonCIRCUITO344TRECHO</styleUrl><LineString><coordinates>-47.579954,-5.556733,0 -47.580049,-5.556503,0</coordinates></LineString></Placemark>
<Placemark><name>31724592</name><styleUrl>#styleDaimonCIRCUITO344TRECHO</styleUrl><LineString><coordinates>-47.579806,-5.557062,0 -47.579954,-5.556733,0</coordinates></LineString></Placemark>
<Placemark><name>2789403</name><styleUrl>#styleDaimonCIRCUITO344TRECHO</styleUrl><LineString><coordinates>-47.571387,-5.554230,0 -47.571122,-5.554207,0</coordinates></LineString></Placemark>
<Placemark><name>2787019</name><styleUrl>#styleDaimonCIRCUITO344TRECHO</styleUrl><LineString><coordinates>-47.571122,-5.554207,0 -47.570661,-5.554088,0</coordinates></LineString></Placemark>
<Placemark><name>2789402</name><styleUrl>#styleDaimonCIRCUITO344TRECHO</styleUrl><LineString><coordinates>-47.571684,-5.554256,0 -47.571387,-5.554230,0</coordinates></LineString></Placemark>
<Placemark><name>2777760</name><styleUrl>#styleDaimonCIRCUITO344TRECHO</styleUrl><LineString><coordinates>-47.570661,-5.554088,0 -47.570228,-5.553913,0</coordinates></LineString></Placemark>
<Placemark><name>2789401</name><styleUrl>#styleDaimonCIRCUITO344TRECHO</styleUrl><LineString><coordinates>-47.571946,-5.554279,0 -47.571684,-5.554256,0</coordinates></LineString></Placemark>
<Placemark><name>2787018</name><styleUrl>#styleDaimonCIRCUITO344TRECHO</styleUrl><LineString><coordinates>-47.570228,-5.553913,0 -47.569854,-5.553713,0</coordinates></LineString></Placemark>
<Placemark><name>3003320</name><styleUrl>#styleDaimonCIRCUITO344TRECHO</styleUrl><LineString><coordinates>-47.572244,-5.554346,0 -47.571946,-5.554279,0</coordinates></LineString></Placemark>
<Placemark><name>2777795</name><styleUrl>#styleDaimonCIRCUITO344TRECHO</styleUrl><LineString><coordinates>-47.569854,-5.553713,0 -47.569446,-5.553494,0</coordinates></LineString></Placemark>
<Placemark><name>2546017</name><styleUrl>#styleDaimonCIRCUITO344TRECHO</styleUrl><LineString><coordinates>-47.556885,-5.569470,0 -47.555740,-5.568549,0</coordinates></LineString></Placemark>
<Placemark><name>2779453</name><styleUrl>#styleDaimonCIRCUITO344TRECHO</styleUrl><LineString><coordinates>-47.555740,-5.568549,0 -47.554742,-5.567748,0</coordinates></LineString></Placemark>
<Placemark><name>2546018</name><styleUrl>#styleDaimonCIRCUITO344TRECHO</styleUrl><LineString><coordinates>-47.558134,-5.570457,0 -47.556885,-5.569470,0</coordinates></LineString></Placemark>
<Placemark><name>2779452</name><styleUrl>#styleDaimonCIRCUITO344TRECHO</styleUrl><LineString><coordinates>-47.554742,-5.567748,0 -47.553685,-5.566919,0</coordinates></LineString></Placemark>
<Placemark><name>2788708</name><styleUrl>#styleDaimonCIRCUITO344TRECHO</styleUrl><LineString><coordinates>-47.558979,-5.571137,0 -47.558134,-5.570457,0</coordinates></LineString></Placemark>
<Placemark><name>2779451</name><styleUrl>#styleDaimonCIRCUITO344TRECHO</styleUrl><LineString><coordinates>-47.553685,-5.566919,0 -47.552582,-5.566026,0</coordinates></LineString></Placemark>
<Placemark><name>2788710</name><styleUrl>#styleDaimonCIRCUITO344TRECHO</styleUrl><LineString><coordinates>-47.559902,-5.571870,0 -47.558979,-5.571137,0</coordinates></LineString></Placemark>
<Placemark><name>12138589</name><styleUrl>#styleDaimonCIRCUITO344TRECHO</styleUrl><LineString><coordinates>-47.559931,-5.571884,0 -47.559902,-5.571870,0</coordinates></LineString></Placemark>
<Placemark><name>2788711</name><styleUrl>#styleDaimonCIRCUITO344TRECHO</styleUrl><LineString><coordinates>-47.561090,-5.572168,0 -47.559931,-5.571884,0</coordinates></LineString></Placemark>
<Placemark><name>2788712</name><styleUrl>#styleDaimonCIRCUITO344TRECHO</styleUrl><LineString><coordinates>-47.562458,-5.572482,0 -47.561090,-5.572168,0</coordinates></LineString></Placemark>
<Placemark><name>2788715</name><styleUrl>#styleDaimonCIRCUITO344TRECHO</styleUrl><LineString><coordinates>-47.563308,-5.572683,0 -47.562458,-5.572482,0</coordinates></LineString></Placemark>
<Placemark><name>3558098</name><styleUrl>#styleDaimonCIRCUITO344TRECHO</styleUrl><LineString><coordinates>-47.563911,-5.572808,0 -47.563308,-5.572683,0</coordinates></LineString></Placemark>
<Placemark><name>3558097</name><styleUrl>#styleDaimonCIRCUITO344TRECHO</styleUrl><LineString><coordinates>-47.564641,-5.572960,0 -47.563911,-5.572808,0</coordinates></LineString></Placemark>
<Placemark><name>2777768</name><styleUrl>#styleDaimonCIRCUITO344TRECHO</styleUrl><LineString><coordinates>-47.575218,-5.560332,0 -47.575771,-5.560793,0</coordinates></LineString></Placemark>
<Placemark><name>3552137</name><styleUrl>#styleDaimonCIRCUITO344TRECHO</styleUrl><LineString><coordinates>-47.567294,-5.568836,0 -47.566871,-5.568703,0</coordinates></LineString></Placemark>
<Placemark><name>2788979</name><styleUrl>#styleDaimonCIRCUITO344TRECHO</styleUrl><LineString><coordinates>-47.574424,-5.561561,0 -47.574280,-5.561425,0</coordinates></LineString></Placemark>
<Placemark><name>2778030</name><styleUrl>#styleDaimonCIRCUITO344TRECHO</styleUrl><LineString><coordinates>-47.561299,-5.582249,0 -47.561302,-5.582565,0</coordinates></LineString></Placemark>
<Placemark><name>2777800</name><styleUrl>#styleDaimonCIRCUITO344TRECHO</styleUrl><LineString><coordinates>-47.561302,-5.582565,0 -47.561308,-5.582899,0</coordinates></LineString></Placemark>
<Placemark><name>2778032</name><styleUrl>#styleDaimonCIRCUITO344TRECHO</styleUrl><LineString><coordinates>-47.561283,-5.581973,0 -47.561299,-5.582249,0</coordinates></LineString></Placemark>
<Placemark><name>2777798</name><styleUrl>#styleDaimonCIRCUITO344TRECHO</styleUrl><LineString><coordinates>-47.561308,-5.582899,0 -47.561305,-5.582964,0</coordinates></LineString></Placemark>
<Placemark><name>2788786</name><styleUrl>#styleDaimonCIRCUITO344TRECHO</styleUrl><LineString><coordinates>-47.561248,-5.581604,0 -47.561283,-5.581973,0</coordinates></LineString></Placemark>
<Placemark><name>2777775</name><styleUrl>#styleDaimonCIRCUITO344TRECHO</styleUrl><LineString><coordinates>-47.561305,-5.582964,0 -47.561342,-5.583160,0</coordinates></LineString></Placemark>
<Placemark><name>2791586</name><styleUrl>#styleDaimonCIRCUITO344TRECHO</styleUrl><LineString><coordinates>-47.561241,-5.581473,0 -47.561248,-5.581604,0</coordinates></LineString></Placemark>
<Placemark><name>2777774</name><styleUrl>#styleDaimonCIRCUITO344TRECHO</styleUrl><LineString><coordinates>-47.561342,-5.583160,0 -47.561368,-5.583547,0</coordinates></LineString></Placemark>
<Placemark><name>2791587</name><styleUrl>#styleDaimonCIRCUITO344TRECHO</styleUrl><LineString><coordinates>-47.561241,-5.581473,0 -47.561203,-5.581472,0</coordinates></LineString></Placemark>
<Placemark><name>2791585</name><styleUrl>#styleDaimonCIRCUITO344TRECHO</styleUrl><LineString><coordinates>-47.561231,-5.581246,0 -47.561241,-5.581473,0</coordinates></LineString></Placemark>
<Placemark><name>2791588</name><styleUrl>#styleDaimonCIRCUITO344TRECHO</styleUrl><LineString><coordinates>-47.561241,-5.581473,0 -47.561590,-5.581487,0</coordinates></LineString></Placemark>
<Placemark><name>2779082</name><styleUrl>#styleDaimonCIRCUITO344TRECHO</styleUrl><LineString><coordinates>-47.561355,-5.580930,0 -47.561231,-5.581246,0</coordinates></LineString></Placemark>
<Placemark><name>2789596</name><styleUrl>#styleDaimonCIRCUITO344TRECHO</styleUrl><LineString><coordinates>-47.561507,-5.580605,0 -47.561355,-5.580930,0</coordinates></LineString></Placemark>
<Placemark><name>2788794</name><styleUrl>#styleDaimonCIRCUITO344TRECHO</styleUrl><LineString><coordinates>-47.561968,-5.579616,0 -47.561507,-5.580605,0</coordinates></LineString></Placemark>
<Placemark><name>2777584</name><styleUrl>#styleDaimonCIRCUITO344TRECHO</styleUrl><LineString><coordinates>-47.562085,-5.579312,0 -47.561968,-5.579616,0</coordinates></LineString></Placemark>
<Placemark><name>2777585</name><styleUrl>#styleDaimonCIRCUITO344TRECHO</styleUrl><LineString><coordinates>-47.562216,-5.578979,0 -47.562085,-5.579312,0</coordinates></LineString></Placemark>
<Placemark><name>2789813</name><styleUrl>#styleDaimonCIRCUITO344TRECHO</styleUrl><LineString><coordinates>-47.572360,-5.567670,0 -47.572886,-5.568789,0</coordinates></LineString></Placemark>
<Placemark><name>2789812</name><styleUrl>#styleDaimonCIRCUITO344TRECHO</styleUrl><LineString><coordinates>-47.572886,-5.568789,0 -47.573373,-5.569747,0</coordinates></LineString></Placemark>
<Placemark><name>2787195</name><styleUrl>#styleDaimonCIRCUITO344TRECHO</styleUrl><LineString><coordinates>-47.571925,-5.566816,0 -47.572360,-5.567670,0</coordinates></LineString></Placemark>
<Placemark><name>2788005</name><styleUrl>#styleDaimonCIRCUITO344TRECHO</styleUrl><LineString><coordinates>-47.573373,-5.569747,0 -47.573868,-5.570683,0</coordinates></LineString></Placemark>
<Placemark><name>2777763</name><styleUrl>#styleDaimonCIRCUITO344TRECHO</styleUrl><LineString><coordinates>-47.571484,-5.565961,0 -47.571925,-5.566816,0</coordinates></LineString></Placemark>
<Placemark><name>2787825</name><styleUrl>#styleDaimonCIRCUITO344TRECHO</styleUrl><LineString><coordinates>-47.573868,-5.570683,0 -47.574501,-5.571884,0</coordinates></LineString></Placemark>
<Placemark><name>12138591</name><styleUrl>#styleDaimonCIRCUITO344TRECHO</styleUrl><LineString><coordinates>-47.574501,-5.571884,0 -47.574523,-5.571907,0</coordinates></LineString></Placemark>
<Placemark><name>2787822</name><styleUrl>#styleDaimonCIRCUITO344TRECHO</styleUrl><LineString><coordinates>-47.574523,-5.571907,0 -47.575885,-5.572731,0</coordinates></LineString></Placemark>
<Placemark><name>2787820</name><styleUrl>#styleDaimonCIRCUITO344TRECHO</styleUrl><LineString><coordinates>-47.575885,-5.572731,0 -47.576940,-5.573407,0</coordinates></LineString></Placemark>
<Placemark><name>3650077</name><styleUrl>#styleDaimonCIRCUITO344TRECHO</styleUrl><LineString><coordinates>-47.576940,-5.573407,0 -47.577157,-5.573545,0</coordinates></LineString></Placemark>
<Placemark><name>2789379</name><styleUrl>#styleDaimonCIRCUITO344TRECHO</styleUrl><LineString><coordinates>-47.594013,-5.565582,0 -47.593337,-5.566319,0</coordinates></LineString></Placemark>
<Placemark><name>2789380</name><styleUrl>#styleDaimonCIRCUITO344TRECHO</styleUrl><LineString><coordinates>-47.593337,-5.566319,0 -47.593052,-5.566704,0</coordinates></LineString></Placemark>
<Placemark><name>2778259</name><styleUrl>#styleDaimonCIRCUITO344TRECHO</styleUrl><LineString><coordinates>-47.585598,-5.558961,0 -47.584904,-5.559902,0</coordinates></LineString></Placemark>
<Placemark><name>44400275</name><styleUrl>#styleDaimonCIRCUITO344TRECHO</styleUrl><LineString><coordinates>-47.588806,-5.555063,0 -47.589451,-5.554935,0</coordinates></LineString></Placemark>
<Placemark><name>44400276</name><styleUrl>#styleDaimonCIRCUITO344TRECHO</styleUrl><LineString><coordinates>-47.589451,-5.554935,0 -47.590529,-5.554244,0</coordinates></LineString></Placemark>
<Placemark><name>44400274</name><styleUrl>#styleDaimonCIRCUITO344TRECHO</styleUrl><LineString><coordinates>-47.587935,-5.555707,0 -47.588806,-5.555063,0</coordinates></LineString></Placemark>
<Placemark><name>44400267</name><styleUrl>#styleDaimonCIRCUITO344TRECHO</styleUrl><LineString><coordinates>-47.590529,-5.554244,0 -47.591403,-5.553685,0</coordinates></LineString></Placemark>
<Placemark><name>3598492</name><styleUrl>#styleDaimonCIRCUITO344TRECHO</styleUrl><LineString><coordinates>-47.587549,-5.555805,0 -47.587935,-5.555707,0</coordinates></LineString></Placemark>
<Placemark><name>3598493</name><styleUrl>#styleDaimonCIRCUITO344TRECHO</styleUrl><LineString><coordinates>-47.585739,-5.556267,0 -47.587549,-5.555805,0</coordinates></LineString></Placemark>
<Placemark><name>12066049</name><styleUrl>#styleDaimonCIRCUITO344TRECHO</styleUrl><LineString><coordinates>-47.585708,-5.556280,0 -47.585739,-5.556267,0</coordinates></LineString></Placemark>
<Placemark><name>3631515</name><styleUrl>#styleDaimonCIRCUITO344TRECHO</styleUrl><LineString><coordinates>-47.585619,-5.556312,0 -47.585708,-5.556280,0</coordinates></LineString></Placemark>
<Placemark><name>3631514</name><styleUrl>#styleDaimonCIRCUITO344TRECHO</styleUrl><LineString><coordinates>-47.585106,-5.556496,0 -47.585619,-5.556312,0</coordinates></LineString></Placemark>
<Placemark><name>12097751</name><styleUrl>#styleDaimonCIRCUITO344TRECHO</styleUrl><LineString><coordinates>-47.593948,-5.566741,0 -47.593926,-5.566767,0</coordinates></LineString></Placemark>
<Placemark><name>2778272</name><styleUrl>#styleDaimonCIRCUITO344TRECHO</styleUrl><LineString><coordinates>-47.594569,-5.565995,0 -47.593948,-5.566741,0</coordinates></LineString></Placemark>
<Placemark><name>2778273</name><styleUrl>#styleDaimonCIRCUITO344TRECHO</styleUrl><LineString><coordinates>-47.593926,-5.566767,0 -47.593554,-5.567175,0</coordinates></LineString></Placemark>
<Placemark><name>2778274</name><styleUrl>#styleDaimonCIRCUITO344TRECHO</styleUrl><LineString><coordinates>-47.593554,-5.567175,0 -47.592941,-5.567935,0</coordinates></LineString></Placemark>
<Placemark><name>2778263</name><styleUrl>#styleDaimonCIRCUITO344TRECHO</styleUrl><LineString><coordinates>-47.588535,-5.561555,0 -47.588281,-5.561900,0</coordinates></LineString></Placemark>
<Placemark><name>2791352</name><styleUrl>#styleDaimonCIRCUITO344TRECHO</styleUrl><LineString><coordinates>-47.602765,-5.575436,0 -47.602852,-5.575506,0</coordinates></LineString></Placemark>
<Placemark><name>3625447</name><styleUrl>#styleDaimonCIRCUITO344TRECHO</styleUrl><LineString><coordinates>-47.602432,-5.575167,0 -47.602765,-5.575436,0</coordinates></LineString></Placemark>
<Placemark><name>2791353</name><styleUrl>#styleDaimonCIRCUITO344TRECHO</styleUrl><LineString><coordinates>-47.602765,-5.575436,0 -47.602839,-5.575372,0</coordinates></LineString></Placemark>
<Placemark><name>2791354</name><styleUrl>#styleDaimonCIRCUITO344TRECHO</styleUrl><LineString><coordinates>-47.602765,-5.575436,0 -47.602647,-5.575545,0</coordinates></LineString></Placemark>
<Placemark><name>12116533</name><styleUrl>#styleDaimonCIRCUITO344TRECHO</styleUrl><LineString><coordinates>-47.602852,-5.575506,0 -47.602841,-5.575520,0</coordinates></LineString></Placemark>
<Placemark><name>3608962</name><styleUrl>#styleDaimonCIRCUITO344TRECHO</styleUrl><LineString><coordinates>-47.602852,-5.575506,0 -47.603596,-5.576087,0</coordinates></LineString></Placemark>
<Placemark><name>T_0300137088</name><styleUrl>#styleDaimonCIRCUITO344TRECHO</styleUrl><LineString><coordinates>-47.602839,-5.575372,0 -47.602846,-5.575365,0</coordinates></LineString></Placemark>
<Placemark><name>3608964</name><styleUrl>#styleDaimonCIRCUITO344TRECHO</styleUrl><LineString><coordinates>-47.602841,-5.575520,0 -47.602822,-5.575543,0</coordinates></LineString></Placemark>
<Placemark><name>12048455</name><styleUrl>#styleDaimonCIRCUITO344TRECHO</styleUrl><LineString><coordinates>-47.582675,-5.551633,0 -47.582692,-5.551633,0</coordinates></LineString></Placemark>
<Placemark><name>2777793</name><styleUrl>#styleDaimonCIRCUITO344TRECHO</styleUrl><LineString><coordinates>-47.582973,-5.552222,0 -47.582675,-5.551633,0</coordinates></LineString></Placemark>
<Placemark><name>2788009</name><styleUrl>#styleDaimonCIRCUITO344TRECHO</styleUrl><LineString><coordinates>-47.582675,-5.551633,0 -47.582461,-5.551170,0</coordinates></LineString></Placemark>
<Placemark><name>2788010</name><styleUrl>#styleDaimonCIRCUITO344TRECHO</styleUrl><LineString><coordinates>-47.582692,-5.551633,0 -47.583247,-5.551634,0</coordinates></LineString></Placemark>
<Placemark><name>2777794</name><styleUrl>#styleDaimonCIRCUITO344TRECHO</styleUrl><LineString><coordinates>-47.583218,-5.552734,0 -47.582973,-5.552222,0</coordinates></LineString></Placemark>
<Placemark><name>2788008</name><styleUrl>#styleDaimonCIRCUITO344TRECHO</styleUrl><LineString><coordinates>-47.582461,-5.551170,0 -47.582287,-5.550781,0</coordinates></LineString></Placemark>
<Placemark><name>56410539</name><styleUrl>#styleDaimonCIRCUITO344TRECHO</styleUrl><LineString><coordinates>-47.586745,-5.559774,0 -47.586924,-5.558796,0</coordinates></LineString></Placemark>
<Placemark><name>2788327</name><styleUrl>#styleDaimonCIRCUITO344TRECHO</styleUrl><LineString><coordinates>-47.504430,-5.545706,0 -47.504206,-5.545429,0</coordinates></LineString></Placemark>
<Placemark><name>2788326</name><styleUrl>#styleDaimonCIRCUITO344TRECHO</styleUrl><LineString><coordinates>-47.504696,-5.546032,0 -47.504430,-5.545706,0</coordinates></LineString></Placemark>
<Placemark><name>2788536</name><styleUrl>#styleDaimonCIRCUITO344TRECHO</styleUrl><LineString><coordinates>-47.504206,-5.545429,0 -47.504029,-5.545212,0</coordinates></LineString></Placemark>
<Placemark><name>12097637</name><styleUrl>#styleDaimonCIRCUITO344TRECHO</styleUrl><LineString><coordinates>-47.504029,-5.545212,0 -47.504040,-5.545200,0</coordinates></LineString></Placemark>
<Placemark><name>2788534</name><styleUrl>#styleDaimonCIRCUITO344TRECHO</styleUrl><LineString><coordinates>-47.504029,-5.545212,0 -47.503838,-5.544975,0</coordinates></LineString></Placemark>
<Placemark><name>2788535</name><styleUrl>#styleDaimonCIRCUITO344TRECHO</styleUrl><LineString><coordinates>-47.504040,-5.545200,0 -47.504119,-5.545096,0</coordinates></LineString></Placemark>
<Placemark><name>12097638</name><styleUrl>#styleDaimonCIRCUITO344TRECHO</styleUrl><LineString><coordinates>-47.503838,-5.544975,0 -47.503815,-5.544950,0</coordinates></LineString></Placemark>
<Placemark><name>12097636</name><styleUrl>#styleDaimonCIRCUITO344TRECHO</styleUrl><LineString><coordinates>-47.504119,-5.545096,0 -47.504137,-5.545067,0</coordinates></LineString></Placemark>
<Placemark><name>2788531</name><styleUrl>#styleDaimonCIRCUITO344TRECHO</styleUrl><LineString><coordinates>-47.503815,-5.544950,0 -47.503646,-5.544740,0</coordinates></LineString></Placemark>
<Placemark><name>2788532</name><styleUrl>#styleDaimonCIRCUITO344TRECHO</styleUrl><LineString><coordinates>-47.504137,-5.545067,0 -47.504385,-5.544724,0</coordinates></LineString></Placemark>
<Placemark><name>2788539</name><styleUrl>#styleDaimonCIRCUITO344TRECHO</styleUrl><LineString><coordinates>-47.503646,-5.544740,0 -47.503342,-5.544366,0</coordinates></LineString></Placemark>
<Placemark><name>2809244</name><styleUrl>#styleDaimonCIRCUITO344TRECHO</styleUrl><LineString><coordinates>-47.504385,-5.544724,0 -47.504485,-5.544305,0</coordinates></LineString></Placemark>
<Placemark><name>2546941</name><styleUrl>#styleDaimonCIRCUITO344TRECHO</styleUrl><LineString><coordinates>-47.503342,-5.544366,0 -47.503288,-5.544298,0</coordinates></LineString></Placemark>
<Placemark><name>12101847</name><styleUrl>#styleDaimonCIRCUITO344TRECHO</styleUrl><LineString><coordinates>-47.504485,-5.544305,0 -47.504503,-5.544308,0</coordinates></LineString></Placemark>
<Placemark><name>2809248</name><styleUrl>#styleDaimonCIRCUITO344TRECHO</styleUrl><LineString><coordinates>-47.504485,-5.544305,0 -47.504506,-5.544239,0</coordinates></LineString></Placemark>
<Placemark><name>2546944</name><styleUrl>#styleDaimonCIRCUITO344TRECHO</styleUrl><LineString><coordinates>-47.503288,-5.544298,0 -47.503062,-5.544488,0</coordinates></LineString></Placemark>
<Placemark><name>2546942</name><styleUrl>#styleDaimonCIRCUITO344TRECHO</styleUrl><LineString><coordinates>-47.503288,-5.544298,0 -47.503153,-5.544132,0</coordinates></LineString></Placemark>
<Placemark><name>2546943</name><styleUrl>#styleDaimonCIRCUITO344TRECHO</styleUrl><LineString><coordinates>-47.503288,-5.544298,0 -47.503346,-5.544251,0</coordinates></LineString></Placemark>
<Placemark><name>2809418</name><styleUrl>#styleDaimonCIRCUITO344TRECHO</styleUrl><LineString><coordinates>-47.504503,-5.544308,0 -47.504764,-5.544374,0</coordinates></LineString></Placemark>
<Placemark><name>2788530</name><styleUrl>#styleDaimonCIRCUITO344TRECHO</styleUrl><LineString><coordinates>-47.504506,-5.544239,0 -47.504600,-5.543861,0</coordinates></LineString></Placemark>
<Placemark><name>2788321</name><styleUrl>#styleDaimonCIRCUITO344TRECHO</styleUrl><LineString><coordinates>-47.503062,-5.544488,0 -47.502765,-5.544734,0</coordinates></LineString></Placemark>
<Placemark><name>2809249</name><styleUrl>#styleDaimonCIRCUITO344TRECHO</styleUrl><LineString><coordinates>-47.504764,-5.544374,0 -47.505209,-5.544475,0</coordinates></LineString></Placemark>
<Placemark><name>2788529</name><styleUrl>#styleDaimonCIRCUITO344TRECHO</styleUrl><LineString><coordinates>-47.504600,-5.543861,0 -47.504641,-5.543387,0</coordinates></LineString></Placemark>
<Placemark><name>2791584</name><styleUrl>#styleDaimonCIRCUITO344TRECHO</styleUrl><LineString><coordinates>-47.502765,-5.544734,0 -47.502718,-5.544775,0</coordinates></LineString></Placemark>
<Placemark><name>2788528</name><styleUrl>#styleDaimonCIRCUITO344TRECHO</styleUrl><LineString><coordinates>-47.504641,-5.543387,0 -47.504681,-5.542941,0</coordinates></LineString></Placemark>
<Placemark><name>2791466</name><styleUrl>#styleDaimonCIRCUITO344TRECHO</styleUrl><LineString><coordinates>-47.502718,-5.544775,0 -47.502756,-5.544836,0</coordinates></LineString></Placemark>
<Placemark><name>2791467</name><styleUrl>#styleDaimonCIRCUITO344TRECHO</styleUrl><LineString><coordinates>-47.502718,-5.544775,0 -47.502562,-5.544527,0</coordinates></LineString></Placemark>
<Placemark><name>3609310</name><styleUrl>#styleDaimonCIRCUITO344TRECHO</styleUrl><LineString><coordinates>-47.502718,-5.544775,0 -47.502595,-5.544876,0</coordinates></LineString></Placemark>
<Placemark><name>2788527</name><styleUrl>#styleDaimonCIRCUITO344TRECHO</styleUrl><LineString><coordinates>-47.504681,-5.542941,0 -47.504719,-5.542497,0</coordinates></LineString></Placemark>
<Placemark><name>2788541</name><styleUrl>#styleDaimonCIRCUITO344TRECHO</styleUrl><LineString><coordinates>-47.502562,-5.544527,0 -47.502315,-5.544253,0</coordinates></LineString></Placemark>
<Placemark><name>3609311</name><styleUrl>#styleDaimonCIRCUITO344TRECHO</styleUrl><LineString><coordinates>-47.502595,-5.544876,0 -47.502501,-5.544954,0</coordinates></LineString></Placemark>
<Placemark><name>2788526</name><styleUrl>#styleDaimonCIRCUITO344TRECHO</styleUrl><LineString><coordinates>-47.504719,-5.542497,0 -47.504757,-5.542067,0</coordinates></LineString></Placemark>
<Placemark><name>2788542</name><styleUrl>#styleDaimonCIRCUITO344TRECHO</styleUrl><LineString><coordinates>-47.502315,-5.544253,0 -47.502090,-5.543984,0</coordinates></LineString></Placemark>
<Placemark><name>2788337</name><styleUrl>#styleDaimonCIRCUITO344TRECHO</styleUrl><LineString><coordinates>-47.504757,-5.542067,0 -47.504776,-5.541846,0</coordinates></LineString></Placemark>
<Placemark><name>2787726</name><styleUrl>#styleDaimonCIRCUITO344TRECHO</styleUrl><LineString><coordinates>-47.502090,-5.543984,0 -47.501870,-5.543726,0</coordinates></LineString></Placemark>
<Placemark><name>22384891</name><styleUrl>#styleDaimonCIRCUITO344TRECHO</styleUrl><LineString><coordinates>-47.504776,-5.541846,0 -47.504797,-5.541621,0</coordinates></LineString></Placemark>
<Placemark><name>12105859</name><styleUrl>#styleDaimonCIRCUITO344TRECHO</styleUrl><LineString><coordinates>-47.501870,-5.543726,0 -47.501848,-5.543701,0</coordinates></LineString></Placemark>
<Placemark><name>2890241</name><styleUrl>#styleDaimonCIRCUITO344TRECHO</styleUrl><LineString><coordinates>-47.501848,-5.543701,0 -47.501669,-5.543507,0</coordinates></LineString></Placemark>
<Placemark><name>2531086</name><styleUrl>#styleDaimonCIRCUITO344TRECHO</styleUrl><LineString><coordinates>-47.508028,-5.550291,0 -47.507961,-5.549191,0</coordinates></LineString></Placemark>
<Placemark><name>2531080</name><styleUrl>#styleDaimonCIRCUITO344TRECHO</styleUrl><LineString><coordinates>-47.507961,-5.549191,0 -47.507881,-5.548065,0</coordinates></LineString></Placemark>
<Placemark><name>12067984</name><styleUrl>#styleDaimonCIRCUITO344TRECHO</styleUrl><LineString><coordinates>-47.508038,-5.550331,0 -47.508028,-5.550291,0</coordinates></LineString></Placemark>
<Placemark><name>2531085</name><styleUrl>#styleDaimonCIRCUITO344TRECHO</styleUrl><LineString><coordinates>-47.507881,-5.548065,0 -47.507799,-5.546939,0</coordinates></LineString></Placemark>
<Placemark><name>2531083</name><styleUrl>#styleDaimonCIRCUITO344TRECHO</styleUrl><LineString><coordinates>-47.508126,-5.550582,0 -47.508038,-5.550331,0</coordinates></LineString></Placemark>
<Placemark><name>2531082</name><styleUrl>#styleDaimonCIRCUITO344TRECHO</styleUrl><LineString><coordinates>-47.507799,-5.546939,0 -47.507916,-5.545953,0</coordinates></LineString></Placemark>
<Placemark><name>2531087</name><styleUrl>#styleDaimonCIRCUITO344TRECHO</styleUrl><LineString><coordinates>-47.507916,-5.545953,0 -47.507999,-5.545164,0</coordinates></LineString></Placemark>
<Placemark><name>12031028</name><styleUrl>#styleDaimonCIRCUITO344TRECHO</styleUrl><LineString><coordinates>-47.507999,-5.545164,0 -47.508018,-5.545147,0</coordinates></LineString></Placemark>
<Placemark><name>2531084</name><styleUrl>#styleDaimonCIRCUITO344TRECHO</styleUrl><LineString><coordinates>-47.508018,-5.545147,0 -47.508297,-5.545177,0</coordinates></LineString></Placemark>
<Placemark><name>12042009</name><styleUrl>#styleDaimonCIRCUITO344TRECHO</styleUrl><LineString><coordinates>-47.513034,-5.577646,0 -47.513038,-5.577679,0</coordinates></LineString></Placemark>
<Placemark><name>2788430</name><styleUrl>#styleDaimonCIRCUITO344TRECHO</styleUrl><LineString><coordinates>-47.513038,-5.577679,0 -47.513204,-5.578837,0</coordinates></LineString></Placemark>
<Placemark><name>2788431</name><styleUrl>#styleDaimonCIRCUITO344TRECHO</styleUrl><LineString><coordinates>-47.512905,-5.576435,0 -47.513034,-5.577646,0</coordinates></LineString></Placemark>
<Placemark><name>2788429</name><styleUrl>#styleDaimonCIRCUITO344TRECHO</styleUrl><LineString><coordinates>-47.513204,-5.578837,0 -47.513397,-5.580426,0</coordinates></LineString></Placemark>
<Placemark><name>2788629</name><styleUrl>#styleDaimonCIRCUITO344TRECHO</styleUrl><LineString><coordinates>-47.512771,-5.575509,0 -47.512905,-5.576435,0</coordinates></LineString></Placemark>
<Placemark><name>2788428</name><styleUrl>#styleDaimonCIRCUITO344TRECHO</styleUrl><LineString><coordinates>-47.513397,-5.580426,0 -47.513560,-5.581629,0</coordinates></LineString></Placemark>
<Placemark><name>12042601</name><styleUrl>#styleDaimonCIRCUITO344TRECHO</styleUrl><LineString><coordinates>-47.512780,-5.575480,0 -47.512771,-5.575509,0</coordinates></LineString></Placemark>
<Placemark><name>12042010</name><styleUrl>#styleDaimonCIRCUITO344TRECHO</styleUrl><LineString><coordinates>-47.513560,-5.581629,0 -47.513564,-5.581663,0</coordinates></LineString></Placemark>
<Placemark><name>2788627</name><styleUrl>#styleDaimonCIRCUITO344TRECHO</styleUrl><LineString><coordinates>-47.513620,-5.574545,0 -47.512780,-5.575480,0</coordinates></LineString></Placemark>
<Placemark><name>2788425</name><styleUrl>#styleDaimonCIRCUITO344TRECHO</styleUrl><LineString><coordinates>-47.513564,-5.581663,0 -47.513666,-5.582813,0</coordinates></LineString></Placemark>
<Placemark><name>2788625</name><styleUrl>#styleDaimonCIRCUITO344TRECHO</styleUrl><LineString><coordinates>-47.514397,-5.573593,0 -47.513620,-5.574545,0</coordinates></LineString></Placemark>
<Placemark><name>2788423</name><styleUrl>#styleDaimonCIRCUITO344TRECHO</styleUrl><LineString><coordinates>-47.513666,-5.582813,0 -47.513744,-5.584170,0</coordinates></LineString></Placemark>
<Placemark><name>2788622</name><styleUrl>#styleDaimonCIRCUITO344TRECHO</styleUrl><LineString><coordinates>-47.515180,-5.572630,0 -47.514397,-5.573593,0</coordinates></LineString></Placemark>
<Placemark><name>2788217</name><styleUrl>#styleDaimonCIRCUITO344TRECHO</styleUrl><LineString><coordinates>-47.513744,-5.584170,0 -47.513845,-5.585526,0</coordinates></LineString></Placemark>
<Placemark><name>2788621</name><styleUrl>#styleDaimonCIRCUITO344TRECHO</styleUrl><LineString><coordinates>-47.515885,-5.571791,0 -47.515180,-5.572630,0</coordinates></LineString></Placemark>
<Placemark><name>2788216</name><styleUrl>#styleDaimonCIRCUITO344TRECHO</styleUrl><LineString><coordinates>-47.513845,-5.585526,0 -47.513944,-5.586850,0</coordinates></LineString></Placemark>
<Placemark><name>2788620</name><styleUrl>#styleDaimonCIRCUITO344TRECHO</styleUrl><LineString><coordinates>-47.516634,-5.570942,0 -47.515885,-5.571791,0</coordinates></LineString></Placemark>
<Placemark><name>2777022</name><styleUrl>#styleDaimonCIRCUITO344TRECHO</styleUrl><LineString><coordinates>-47.513944,-5.586850,0 -47.514051,-5.588046,0</coordinates></LineString></Placemark>
<Placemark><name>2788619</name><styleUrl>#styleDaimonCIRCUITO344TRECHO</styleUrl><LineString><coordinates>-47.517303,-5.569999,0 -47.516634,-5.570942,0</coordinates></LineString></Placemark>
<Placemark><name>2777019</name><styleUrl>#styleDaimonCIRCUITO344TRECHO</styleUrl><LineString><coordinates>-47.514051,-5.588046,0 -47.514133,-5.589269,0</coordinates></LineString></Placemark>
<Placemark><name>2788420</name><styleUrl>#styleDaimonCIRCUITO344TRECHO</styleUrl><LineString><coordinates>-47.518122,-5.569144,0 -47.517303,-5.569999,0</coordinates></LineString></Placemark>
<Placemark><name>2777015</name><styleUrl>#styleDaimonCIRCUITO344TRECHO</styleUrl><LineString><coordinates>-47.514133,-5.589269,0 -47.514183,-5.590114,0</coordinates></LineString></Placemark>
<Placemark><name>3650103</name><styleUrl>#styleDaimonCIRCUITO344TRECHO</styleUrl><LineString><coordinates>-47.514183,-5.590114,0 -47.514206,-5.590477,0</coordinates></LineString></Placemark>
<Placemark><name>2777016</name><styleUrl>#styleDaimonCIRCUITO344TRECHO</styleUrl><LineString><coordinates>-47.514206,-5.590477,0 -47.514320,-5.591852,0</coordinates></LineString></Placemark>
<Placemark><name>2788419</name><styleUrl>#styleDaimonCIRCUITO344TRECHO</styleUrl><LineString><coordinates>-47.516214,-5.564206,0 -47.516986,-5.564007,0</coordinates></LineString></Placemark>
<Placemark><name>2788426</name><styleUrl>#styleDaimonCIRCUITO344TRECHO</styleUrl><LineString><coordinates>-47.516986,-5.564007,0 -47.518543,-5.563576,0</coordinates></LineString></Placemark>
<Placemark><name>2788427</name><styleUrl>#styleDaimonCIRCUITO344TRECHO</styleUrl><LineString><coordinates>-47.518543,-5.563576,0 -47.519903,-5.563199,0</coordinates></LineString></Placemark>
<Placemark><name>12042022</name><styleUrl>#styleDaimonCIRCUITO344TRECHO</styleUrl><LineString><coordinates>-47.519903,-5.563199,0 -47.519929,-5.563180,0</coordinates></LineString></Placemark>
<Placemark><name>2788784</name><styleUrl>#styleDaimonCIRCUITO344TRECHO</styleUrl><LineString><coordinates>-47.519929,-5.563180,0 -47.520913,-5.561880,0</coordinates></LineString></Placemark>
<Placemark><name>2779227</name><styleUrl>#styleDaimonCIRCUITO344TRECHO</styleUrl><LineString><coordinates>-47.520913,-5.561880,0 -47.522138,-5.560389,0</coordinates></LineString></Placemark>
<Placemark><name>2779226</name><styleUrl>#styleDaimonCIRCUITO344TRECHO</styleUrl><LineString><coordinates>-47.522138,-5.560389,0 -47.522773,-5.559597,0</coordinates></LineString></Placemark>
<Placemark><name>2779225</name><styleUrl>#styleDaimonCIRCUITO344TRECHO</styleUrl><LineString><coordinates>-47.522773,-5.559597,0 -47.523420,-5.558733,0</coordinates></LineString></Placemark>
<Placemark><name>2779348</name><styleUrl>#styleDaimonCIRCUITO344TRECHO</styleUrl><LineString><coordinates>-47.520243,-5.570558,0 -47.520631,-5.570769,0</coordinates></LineString></Placemark>
<Placemark><name>2779351</name><styleUrl>#styleDaimonCIRCUITO344TRECHO</styleUrl><LineString><coordinates>-47.520631,-5.570769,0 -47.521008,-5.570978,0</coordinates></LineString></Placemark>
<Placemark><name>2779346</name><styleUrl>#styleDaimonCIRCUITO344TRECHO</styleUrl><LineString><coordinates>-47.519693,-5.570291,0 -47.520243,-5.570558,0</coordinates></LineString></Placemark>
<Placemark><name>2779352</name><styleUrl>#styleDaimonCIRCUITO344TRECHO</styleUrl><LineString><coordinates>-47.521008,-5.570978,0 -47.521294,-5.571442,0</coordinates></LineString></Placemark>
<Placemark><name>2779343</name><styleUrl>#styleDaimonCIRCUITO344TRECHO</styleUrl><LineString><coordinates>-47.519343,-5.570146,0 -47.519693,-5.570291,0</coordinates></LineString></Placemark>
<Placemark><name>2786862</name><styleUrl>#styleDaimonCIRCUITO344TRECHO</styleUrl><LineString><coordinates>-47.521294,-5.571442,0 -47.521379,-5.572210,0</coordinates></LineString></Placemark>
<Placemark><name>2779341</name><styleUrl>#styleDaimonCIRCUITO344TRECHO</styleUrl><LineString><coordinates>-47.518938,-5.569938,0 -47.519343,-5.570146,0</coordinates></LineString></Placemark>
<Placemark><name>2786864</name><styleUrl>#styleDaimonCIRCUITO344TRECHO</styleUrl><LineString><coordinates>-47.521379,-5.572210,0 -47.521507,-5.573140,0</coordinates></LineString></Placemark>
<Placemark><name>2779336</name><styleUrl>#styleDaimonCIRCUITO344TRECHO</styleUrl><LineString><coordinates>-47.518780,-5.569713,0 -47.518938,-5.569938,0</coordinates></LineString></Placemark>
<Placemark><name>2786867</name><styleUrl>#styleDaimonCIRCUITO344TRECHO</styleUrl><LineString><coordinates>-47.521507,-5.573140,0 -47.521542,-5.573644,0</coordinates></LineString></Placemark>
<Placemark><name>2779231</name><styleUrl>#styleDaimonCIRCUITO344TRECHO</styleUrl><LineString><coordinates>-47.518517,-5.569401,0 -47.518780,-5.569713,0</coordinates></LineString></Placemark>
<Placemark><name>2786869</name><styleUrl>#styleDaimonCIRCUITO344TRECHO</styleUrl><LineString><coordinates>-47.521542,-5.573644,0 -47.521511,-5.574371,0</coordinates></LineString></Placemark>
<Placemark><name>2786870</name><styleUrl>#styleDaimonCIRCUITO344TRECHO</styleUrl><LineString><coordinates>-47.521511,-5.574371,0 -47.521888,-5.575702,0</coordinates></LineString></Placemark>
<Placemark><name>2786871</name><styleUrl>#styleDaimonCIRCUITO344TRECHO</styleUrl><LineString><coordinates>-47.521888,-5.575702,0 -47.521921,-5.576145,0</coordinates></LineString></Placemark>
<Placemark><name>2787078</name><styleUrl>#styleDaimonCIRCUITO344TRECHO</styleUrl><LineString><coordinates>-47.521921,-5.576145,0 -47.521949,-5.576600,0</coordinates></LineString></Placemark>
<Placemark><name>2787079</name><styleUrl>#styleDaimonCIRCUITO344TRECHO</styleUrl><LineString><coordinates>-47.521949,-5.576600,0 -47.522056,-5.577039,0</coordinates></LineString></Placemark>
<Placemark><name>2787080</name><styleUrl>#styleDaimonCIRCUITO344TRECHO</styleUrl><LineString><coordinates>-47.522056,-5.577039,0 -47.522210,-5.577445,0</coordinates></LineString></Placemark>
<Placemark><name>2788207</name><styleUrl>#styleDaimonCIRCUITO344TRECHO</styleUrl><LineString><coordinates>-47.522210,-5.577445,0 -47.522351,-5.577880,0</coordinates></LineString></Placemark>
<Placemark><name>2788208</name><styleUrl>#styleDaimonCIRCUITO344TRECHO</styleUrl><LineString><coordinates>-47.522351,-5.577880,0 -47.522478,-5.578305,0</coordinates></LineString></Placemark>
<Placemark><name>2788209</name><styleUrl>#styleDaimonCIRCUITO344TRECHO</styleUrl><LineString><coordinates>-47.522478,-5.578305,0 -47.522646,-5.578827,0</coordinates></LineString></Placemark>
<Placemark><name>2788210</name><styleUrl>#styleDaimonCIRCUITO344TRECHO</styleUrl><LineString><coordinates>-47.522646,-5.578827,0 -47.522829,-5.579333,0</coordinates></LineString></Placemark>
<Placemark><name>2788211</name><styleUrl>#styleDaimonCIRCUITO344TRECHO</styleUrl><LineString><coordinates>-47.522829,-5.579333,0 -47.522972,-5.579856,0</coordinates></LineString></Placemark>
<Placemark><name>2788212</name><styleUrl>#styleDaimonCIRCUITO344TRECHO</styleUrl><LineString><coordinates>-47.522972,-5.579856,0 -47.523116,-5.580425,0</coordinates></LineString></Placemark>
<Placemark><name>2788213</name><styleUrl>#styleDaimonCIRCUITO344TRECHO</styleUrl><LineString><coordinates>-47.523116,-5.580425,0 -47.523184,-5.580720,0</coordinates></LineString></Placemark>
<Placemark><name>2788214</name><styleUrl>#styleDaimonCIRCUITO344TRECHO</styleUrl><LineString><coordinates>-47.523184,-5.580720,0 -47.523258,-5.581207,0</coordinates></LineString></Placemark>
<Placemark><name>12042612</name><styleUrl>#styleDaimonCIRCUITO344TRECHO</styleUrl><LineString><coordinates>-47.523258,-5.581207,0 -47.523265,-5.581240,0</coordinates></LineString></Placemark>
<Placemark><name>2788215</name><styleUrl>#styleDaimonCIRCUITO344TRECHO</styleUrl><LineString><coordinates>-47.523265,-5.581240,0 -47.523387,-5.581660,0</coordinates></LineString></Placemark>
<Placemark><name>2777786</name><styleUrl>#styleDaimonCIRCUITO344TRECHO</styleUrl><LineString><coordinates>-47.523387,-5.581660,0 -47.523502,-5.582111,0</coordinates></LineString></Placemark>
<Placemark><name>2777787</name><styleUrl>#styleDaimonCIRCUITO344TRECHO</styleUrl><LineString><coordinates>-47.523502,-5.582111,0 -47.523648,-5.582527,0</coordinates></LineString></Placemark>
<Placemark><name>2527205</name><styleUrl>#styleDaimonCIRCUITO344TRECHO</styleUrl><LineString><coordinates>-47.523648,-5.582527,0 -47.523706,-5.582980,0</coordinates></LineString></Placemark>
<Placemark><name>12030780</name><styleUrl>#styleDaimonCIRCUITO344TRECHO</styleUrl><LineString><coordinates>-47.523706,-5.582980,0 -47.523673,-5.582986,0</coordinates></LineString></Placemark>
<Placemark><name>2527209</name><styleUrl>#styleDaimonCIRCUITO344TRECHO</styleUrl><LineString><coordinates>-47.523706,-5.582980,0 -47.523723,-5.583067,0</coordinates></LineString></Placemark>
<Placemark><name>2527206</name><styleUrl>#styleDaimonCIRCUITO344TRECHO</styleUrl><LineString><coordinates>-47.523673,-5.582986,0 -47.523294,-5.583045,0</coordinates></LineString></Placemark>
<Placemark><name>3655633</name><styleUrl>#styleDaimonCIRCUITO344TRECHO</styleUrl><LineString><coordinates>-47.523294,-5.583045,0 -47.522940,-5.583113,0</coordinates></LineString></Placemark>
<Placemark><name>2527207</name><styleUrl>#styleDaimonCIRCUITO344TRECHO</styleUrl><LineString><coordinates>-47.522940,-5.583113,0 -47.522461,-5.583196,0</coordinates></LineString></Placemark>
<Placemark><name>2527208</name><styleUrl>#styleDaimonCIRCUITO344TRECHO</styleUrl><LineString><coordinates>-47.522461,-5.583196,0 -47.522007,-5.583276,0</coordinates></LineString></Placemark>
<Placemark><name>2527210</name><styleUrl>#styleDaimonCIRCUITO344TRECHO</styleUrl><LineString><coordinates>-47.522007,-5.583276,0 -47.521567,-5.583353,0</coordinates></LineString></Placemark>
<Placemark><name>12173264</name><styleUrl>#styleDaimonCIRCUITO344TRECHO</styleUrl><LineString><coordinates>-47.492522,-5.549752,0 -47.492512,-5.549776,0</coordinates></LineString></Placemark>
<Placemark><name>3465277</name><styleUrl>#styleDaimonCIRCUITO344TRECHO</styleUrl><LineString><coordinates>-47.492512,-5.549776,0 -47.492000,-5.551091,0</coordinates></LineString></Placemark>
<Placemark><name>12097643</name><styleUrl>#styleDaimonCIRCUITO344TRECHO</styleUrl><LineString><coordinates>-47.492535,-5.549771,0 -47.492522,-5.549752,0</coordinates></LineString></Placemark>
<Placemark><name>2787923</name><styleUrl>#styleDaimonCIRCUITO344TRECHO</styleUrl><LineString><coordinates>-47.492522,-5.549752,0 -47.492816,-5.548886,0</coordinates></LineString></Placemark>
<Placemark><name>2787725</name><styleUrl>#styleDaimonCIRCUITO344TRECHO</styleUrl><LineString><coordinates>-47.492818,-5.549906,0 -47.492535,-5.549771,0</coordinates></LineString></Placemark>
<Placemark><name>3465286</name><styleUrl>#styleDaimonCIRCUITO344TRECHO</styleUrl><LineString><coordinates>-47.492816,-5.548886,0 -47.493213,-5.547737,0</coordinates></LineString></Placemark>
<Placemark><name>12097644</name><styleUrl>#styleDaimonCIRCUITO344TRECHO</styleUrl><LineString><coordinates>-47.492830,-5.549928,0 -47.492818,-5.549906,0</coordinates></LineString></Placemark>
<Placemark><name>12114329</name><styleUrl>#styleDaimonCIRCUITO344TRECHO</styleUrl><LineString><coordinates>-47.493213,-5.547737,0 -47.493225,-5.547714,0</coordinates></LineString></Placemark>
<Placemark><name>2787724</name><styleUrl>#styleDaimonCIRCUITO344TRECHO</styleUrl><LineString><coordinates>-47.492557,-5.551032,0 -47.492830,-5.549928,0</coordinates></LineString></Placemark>
<Placemark><name>3465285</name><styleUrl>#styleDaimonCIRCUITO344TRECHO</styleUrl><LineString><coordinates>-47.493225,-5.547714,0 -47.493695,-5.546816,0</coordinates></LineString></Placemark>
<Placemark><name>2787721</name><styleUrl>#styleDaimonCIRCUITO344TRECHO</styleUrl><LineString><coordinates>-47.492407,-5.552358,0 -47.492557,-5.551032,0</coordinates></LineString></Placemark>
<Placemark><name>3465284</name><styleUrl>#styleDaimonCIRCUITO344TRECHO</styleUrl><LineString><coordinates>-47.493695,-5.546816,0 -47.493972,-5.546336,0</coordinates></LineString></Placemark>
<Placemark><name>12112590</name><styleUrl>#styleDaimonCIRCUITO344TRECHO</styleUrl><LineString><coordinates>-47.492400,-5.552383,0 -47.492407,-5.552358,0</coordinates></LineString></Placemark>
<Placemark><name>3465283</name><styleUrl>#styleDaimonCIRCUITO344TRECHO</styleUrl><LineString><coordinates>-47.493972,-5.546336,0 -47.494726,-5.545034,0</coordinates></LineString></Placemark>
<Placemark><name>3465408</name><styleUrl>#styleDaimonCIRCUITO344TRECHO</styleUrl><LineString><coordinates>-47.492263,-5.552764,0 -47.492400,-5.552383,0</coordinates></LineString></Placemark>
<Placemark><name>12114328</name><styleUrl>#styleDaimonCIRCUITO344TRECHO</styleUrl><LineString><coordinates>-47.494726,-5.545034,0 -47.494743,-5.545013,0</coordinates></LineString></Placemark>
<Placemark><name>2787720</name><styleUrl>#styleDaimonCIRCUITO344TRECHO</styleUrl><LineString><coordinates>-47.492066,-5.553292,0 -47.492263,-5.552764,0</coordinates></LineString></Placemark>
<Placemark><name>3465281</name><styleUrl>#styleDaimonCIRCUITO344TRECHO</styleUrl><LineString><coordinates>-47.494743,-5.545013,0 -47.495247,-5.544814,0</coordinates></LineString></Placemark>
<Placemark><name>2787719</name><styleUrl>#styleDaimonCIRCUITO344TRECHO</styleUrl><LineString><coordinates>-47.491921,-5.553673,0 -47.492066,-5.553292,0</coordinates></LineString></Placemark>
<Placemark><name>12114327</name><styleUrl>#styleDaimonCIRCUITO344TRECHO</styleUrl><LineString><coordinates>-47.495247,-5.544814,0 -47.495264,-5.544794,0</coordinates></LineString></Placemark>
<Placemark><name>2787718</name><styleUrl>#styleDaimonCIRCUITO344TRECHO</styleUrl><LineString><coordinates>-47.491743,-5.554110,0 -47.491921,-5.553673,0</coordinates></LineString></Placemark>
<Placemark><name>3465280</name><styleUrl>#styleDaimonCIRCUITO344TRECHO</styleUrl><LineString><coordinates>-47.495264,-5.544794,0 -47.495450,-5.544435,0</coordinates></LineString></Placemark>
<Placemark><name>2787717</name><styleUrl>#styleDaimonCIRCUITO344TRECHO</styleUrl><LineString><coordinates>-47.491600,-5.554492,0 -47.491743,-5.554110,0</coordinates></LineString></Placemark>
<Placemark><name>3465279</name><styleUrl>#styleDaimonCIRCUITO344TRECHO</styleUrl><LineString><coordinates>-47.495450,-5.544435,0 -47.495754,-5.543871,0</coordinates></LineString></Placemark>
<Placemark><name>2787716</name><styleUrl>#styleDaimonCIRCUITO344TRECHO</styleUrl><LineString><coordinates>-47.491423,-5.554964,0 -47.491600,-5.554492,0</coordinates></LineString></Placemark>
<Placemark><name>3465278</name><styleUrl>#styleDaimonCIRCUITO344TRECHO</styleUrl><LineString><coordinates>-47.495754,-5.543871,0 -47.496073,-5.543290,0</coordinates></LineString></Placemark>
<Placemark><name>2787184</name><styleUrl>#styleDaimonCIRCUITO344TRECHO</styleUrl><LineString><coordinates>-47.491247,-5.555425,0 -47.491423,-5.554964,0</coordinates></LineString></Placemark>
<Placemark><name>12114326</name><styleUrl>#styleDaimonCIRCUITO344TRECHO</styleUrl><LineString><coordinates>-47.496073,-5.543290,0 -47.496092,-5.543283,0</coordinates></LineString></Placemark>
<Placemark><name>12112591</name><styleUrl>#styleDaimonCIRCUITO344TRECHO</styleUrl><LineString><coordinates>-47.491235,-5.555456,0 -47.491247,-5.555425,0</coordinates></LineString></Placemark>
<Placemark><name>3618556</name><styleUrl>#styleDaimonCIRCUITO344TRECHO</styleUrl><LineString><coordinates>-47.496092,-5.543283,0 -47.496349,-5.543385,0</coordinates></LineString></Placemark>
<Placemark><name>3465410</name><styleUrl>#styleDaimonCIRCUITO344TRECHO</styleUrl><LineString><coordinates>-47.490906,-5.556349,0 -47.491235,-5.555456,0</coordinates></LineString></Placemark>
<Placemark><name>3618554</name><styleUrl>#styleDaimonCIRCUITO344TRECHO</styleUrl><LineString><coordinates>-47.496349,-5.543385,0 -47.496692,-5.543518,0</coordinates></LineString></Placemark>
<Placemark><name>3465411</name><styleUrl>#styleDaimonCIRCUITO344TRECHO</styleUrl><LineString><coordinates>-47.490575,-5.557194,0 -47.490906,-5.556349,0</coordinates></LineString></Placemark>
<Placemark><name>3618564</name><styleUrl>#styleDaimonCIRCUITO344TRECHO</styleUrl><LineString><coordinates>-47.496692,-5.543518,0 -47.496926,-5.543644,0</coordinates></LineString></Placemark>
<Placemark><name>3465409</name><styleUrl>#styleDaimonCIRCUITO344TRECHO</styleUrl><LineString><coordinates>-47.490255,-5.558068,0 -47.490575,-5.557194,0</coordinates></LineString></Placemark>
<Placemark><name>3618562</name><styleUrl>#styleDaimonCIRCUITO344TRECHO</styleUrl><LineString><coordinates>-47.496926,-5.543644,0 -47.497143,-5.543770,0</coordinates></LineString></Placemark>
<Placemark><name>3465412</name><styleUrl>#styleDaimonCIRCUITO344TRECHO</styleUrl><LineString><coordinates>-47.489929,-5.558937,0 -47.490255,-5.558068,0</coordinates></LineString></Placemark>
<Placemark><name>3618558</name><styleUrl>#styleDaimonCIRCUITO344TRECHO</styleUrl><LineString><coordinates>-47.497143,-5.543770,0 -47.497303,-5.543868,0</coordinates></LineString></Placemark>
<Placemark><name>3465413</name><styleUrl>#styleDaimonCIRCUITO344TRECHO</styleUrl><LineString><coordinates>-47.489641,-5.559696,0 -47.489929,-5.558937,0</coordinates></LineString></Placemark>
<Placemark><name>12116074</name><styleUrl>#styleDaimonCIRCUITO344TRECHO</styleUrl><LineString><coordinates>-47.497303,-5.543868,0 -47.497316,-5.543869,0</coordinates></LineString></Placemark>
<Placemark><name>12112592</name><styleUrl>#styleDaimonCIRCUITO344TRECHO</styleUrl><LineString><coordinates>-47.489626,-5.559729,0 -47.489641,-5.559696,0</coordinates></LineString></Placemark>
<Placemark><name>3613293</name><styleUrl>#styleDaimonCIRCUITO344TRECHO</styleUrl><LineString><coordinates>-47.497316,-5.543869,0 -47.497181,-5.544106,0</coordinates></LineString></Placemark>
<Placemark><name>3618560</name><styleUrl>#styleDaimonCIRCUITO344TRECHO</styleUrl><LineString><coordinates>-47.497316,-5.543869,0 -47.497402,-5.543737,0</coordinates></LineString></Placemark>
<Placemark><name>3465414</name><styleUrl>#styleDaimonCIRCUITO344TRECHO</styleUrl><LineString><coordinates>-47.489368,-5.560409,0 -47.489626,-5.559729,0</coordinates></LineString></Placemark>
<Placemark><name>3613294</name><styleUrl>#styleDaimonCIRCUITO344TRECHO</styleUrl><LineString><coordinates>-47.497181,-5.544106,0 -47.497155,-5.544171,0</coordinates></LineString></Placemark>
<Placemark><name>12116892</name><styleUrl>#styleDaimonCIRCUITO344TRECHO</styleUrl><LineString><coordinates>-47.497402,-5.543737,0 -47.497407,-5.543705,0</coordinates></LineString></Placemark>
<Placemark><name>12112593</name><styleUrl>#styleDaimonCIRCUITO344TRECHO</styleUrl><LineString><coordinates>-47.489378,-5.560431,0 -47.489368,-5.560409,0</coordinates></LineString></Placemark>
<Placemark><name>3646254</name><styleUrl>#styleDaimonCIRCUITO344TRECHO</styleUrl><LineString><coordinates>-47.497155,-5.544171,0 -47.496861,-5.544121,0</coordinates></LineString></Placemark>
<Placemark><name>3646067</name><styleUrl>#styleDaimonCIRCUITO344TRECHO</styleUrl><LineString><coordinates>-47.497155,-5.544171,0 -47.497198,-5.544186,0</coordinates></LineString></Placemark>
<Placemark><name>3646253</name><styleUrl>#styleDaimonCIRCUITO344TRECHO</styleUrl><LineString><coordinates>-47.497155,-5.544171,0 -47.496981,-5.544625,0</coordinates></LineString></Placemark>
<Placemark><name>3465415</name><styleUrl>#styleDaimonCIRCUITO344TRECHO</styleUrl><LineString><coordinates>-47.490027,-5.560714,0 -47.489378,-5.560431,0</coordinates></LineString></Placemark>
<Placemark><name>3465276</name><styleUrl>#styleDaimonCIRCUITO344TRECHO</styleUrl><LineString><coordinates>-47.497198,-5.544186,0 -47.497397,-5.544190,0</coordinates></LineString></Placemark>
<Placemark><name>3465416</name><styleUrl>#styleDaimonCIRCUITO344TRECHO</styleUrl><LineString><coordinates>-47.490628,-5.560971,0 -47.490027,-5.560714,0</coordinates></LineString></Placemark>
<Placemark><name>2891653</name><styleUrl>#styleDaimonCIRCUITO344TRECHO</styleUrl><LineString><coordinates>-47.497397,-5.544190,0 -47.497703,-5.544191,0</coordinates></LineString></Placemark>
<Placemark><name>38896069</name><styleUrl>#styleDaimonCIRCUITO344TRECHO</styleUrl><LineString><coordinates>-47.490645,-5.560959,0 -47.490628,-5.560971,0</coordinates></LineString></Placemark>
<Placemark><name>12113317</name><styleUrl>#styleDaimonCIRCUITO344TRECHO</styleUrl><LineString><coordinates>-47.490628,-5.560971,0 -47.490667,-5.560987,0</coordinates></LineString></Placemark>
<Placemark><name>12112594</name><styleUrl>#styleDaimonCIRCUITO344TRECHO</styleUrl><LineString><coordinates>-47.490628,-5.560971,0 -47.490643,-5.560993,0</coordinates></LineString></Placemark>
<Placemark><name>2891652</name><styleUrl>#styleDaimonCIRCUITO344TRECHO</styleUrl><LineString><coordinates>-47.497703,-5.544191,0 -47.498015,-5.544191,0</coordinates></LineString></Placemark>
<Placemark><name>38896054</name><styleUrl>#styleDaimonCIRCUITO344TRECHO</styleUrl><LineString><coordinates>-47.490659,-5.560901,0 -47.490645,-5.560959,0</coordinates></LineString></Placemark>
<Placemark><name>3443591</name><styleUrl>#styleDaimonCIRCUITO344TRECHO</styleUrl><LineString><coordinates>-47.490667,-5.560987,0 -47.491496,-5.561287,0</coordinates></LineString></Placemark>
<Placemark><name>3465417</name><styleUrl>#styleDaimonCIRCUITO344TRECHO</styleUrl><LineString><coordinates>-47.490643,-5.560993,0 -47.490509,-5.561366,0</coordinates></LineString></Placemark>
<Placemark><name>31724655</name><styleUrl>#styleDaimonCIRCUITO344TRECHO</styleUrl><LineString><coordinates>-47.580343,-5.555988,0 -47.580582,-5.556144,0</coordinates></LineString></Placemark>
<Placemark><name>31724656</name><styleUrl>#styleDaimonCIRCUITO344TRECHO</styleUrl><LineString><coordinates>-47.580582,-5.556144,0 -47.580920,-5.556347,0</coordinates></LineString></Placemark>
<Placemark><name>31724642</name><styleUrl>#styleDaimonCIRCUITO344TRECHO</styleUrl><LineString><coordinates>-47.580920,-5.556347,0 -47.581203,-5.556521,0</coordinates></LineString></Placemark>
<Placemark><name>2788707</name><styleUrl>#styleDaimonCIRCUITO344TRECHO</styleUrl><LineString><coordinates>-47.558076,-5.570493,0 -47.557547,-5.570808,0</coordinates></LineString></Placemark>
<Placemark><name>2779081</name><styleUrl>#styleDaimonCIRCUITO344TRECHO</styleUrl><LineString><coordinates>-47.552265,-5.583415,0 -47.551171,-5.583489,0</coordinates></LineString></Placemark>
<Placemark><name>3003295</name><styleUrl>#styleDaimonCIRCUITO344TRECHO</styleUrl><LineString><coordinates>-47.551171,-5.583489,0 -47.550713,-5.583503,0</coordinates></LineString></Placemark>
<Placemark><name>2777761</name><styleUrl>#styleDaimonCIRCUITO344TRECHO</styleUrl><LineString><coordinates>-47.553404,-5.583349,0 -47.552265,-5.583415,0</coordinates></LineString></Placemark>
<Placemark><name>3003296</name><styleUrl>#styleDaimonCIRCUITO344TRECHO</styleUrl><LineString><coordinates>-47.550713,-5.583503,0 -47.550255,-5.583524,0</coordinates></LineString></Placemark>
<Placemark><name>2779206</name><styleUrl>#styleDaimonCIRCUITO344TRECHO</styleUrl><LineString><coordinates>-47.554039,-5.583301,0 -47.553404,-5.583349,0</coordinates></LineString></Placemark>
<Placemark><name>3003297</name><styleUrl>#styleDaimonCIRCUITO344TRECHO</styleUrl><LineString><coordinates>-47.550255,-5.583524,0 -47.549111,-5.583572,0</coordinates></LineString></Placemark>
<Placemark><name>2787194</name><styleUrl>#styleDaimonCIRCUITO344TRECHO</styleUrl><LineString><coordinates>-47.554566,-5.583290,0 -47.554039,-5.583301,0</coordinates></LineString></Placemark>
<Placemark><name>2777586</name><styleUrl>#styleDaimonCIRCUITO344TRECHO</styleUrl><LineString><coordinates>-47.549111,-5.583572,0 -47.548027,-5.583632,0</coordinates></LineString></Placemark>
<Placemark><name>2787193</name><styleUrl>#styleDaimonCIRCUITO344TRECHO</styleUrl><LineString><coordinates>-47.555092,-5.583283,0 -47.554566,-5.583290,0</coordinates></LineString></Placemark>
<Placemark><name>2787819</name><styleUrl>#styleDaimonCIRCUITO344TRECHO</styleUrl><LineString><coordinates>-47.548027,-5.583632,0 -47.547035,-5.583667,0</coordinates></LineString></Placemark>
<Placemark><name>2787192</name><styleUrl>#styleDaimonCIRCUITO344TRECHO</styleUrl><LineString><coordinates>-47.555653,-5.583221,0 -47.555092,-5.583283,0</coordinates></LineString></Placemark>
<Placemark><name>2787817</name><styleUrl>#styleDaimonCIRCUITO344TRECHO</styleUrl><LineString><coordinates>-47.547035,-5.583667,0 -47.546070,-5.583707,0</coordinates></LineString></Placemark>
<Placemark><name>2787191</name><styleUrl>#styleDaimonCIRCUITO344TRECHO</styleUrl><LineString><coordinates>-47.556750,-5.583197,0 -47.555653,-5.583221,0</coordinates></LineString></Placemark>
<Placemark><name>12138592</name><styleUrl>#styleDaimonCIRCUITO344TRECHO</styleUrl><LineString><coordinates>-47.546070,-5.583707,0 -47.546036,-5.583709,0</coordinates></LineString></Placemark>
<Placemark><name>2787190</name><styleUrl>#styleDaimonCIRCUITO344TRECHO</styleUrl><LineString><coordinates>-47.557993,-5.583100,0 -47.556750,-5.583197,0</coordinates></LineString></Placemark>
<Placemark><name>2775525</name><styleUrl>#styleDaimonCIRCUITO344TRECHO</styleUrl><LineString><coordinates>-47.546036,-5.583709,0 -47.545077,-5.583748,0</coordinates></LineString></Placemark>
<Placemark><name>2676293</name><styleUrl>#styleDaimonCIRCUITO344TRECHO</styleUrl><LineString><coordinates>-47.558352,-5.583070,0 -47.557993,-5.583100,0</coordinates></LineString></Placemark>
<Placemark><name>2779205</name><styleUrl>#styleDaimonCIRCUITO344TRECHO</styleUrl><LineString><coordinates>-47.545077,-5.583748,0 -47.544232,-5.583780,0</coordinates></LineString></Placemark>
<Placemark><name>2676291</name><styleUrl>#styleDaimonCIRCUITO344TRECHO</styleUrl><LineString><coordinates>-47.558786,-5.583034,0 -47.558352,-5.583070,0</coordinates></LineString></Placemark>
<Placemark><name>2779204</name><styleUrl>#styleDaimonCIRCUITO344TRECHO</styleUrl><LineString><coordinates>-47.544232,-5.583780,0 -47.542978,-5.583833,0</coordinates></LineString></Placemark>
<Placemark><name>12138713</name><styleUrl>#styleDaimonCIRCUITO344TRECHO</styleUrl><LineString><coordinates>-47.558818,-5.583031,0 -47.558786,-5.583034,0</coordinates></LineString></Placemark>
<Placemark><name>2788714</name><styleUrl>#styleDaimonCIRCUITO344TRECHO</styleUrl><LineString><coordinates>-47.542978,-5.583833,0 -47.541929,-5.583883,0</coordinates></LineString></Placemark>
<Placemark><name>2676292</name><styleUrl>#styleDaimonCIRCUITO344TRECHO</styleUrl><LineString><coordinates>-47.559180,-5.583023,0 -47.558818,-5.583031,0</coordinates></LineString></Placemark>
<Placemark><name>2788546</name><styleUrl>#styleDaimonCIRCUITO344TRECHO</styleUrl><LineString><coordinates>-47.541929,-5.583883,0 -47.540849,-5.583814,0</coordinates></LineString></Placemark>
<Placemark><name>2676290</name><styleUrl>#styleDaimonCIRCUITO344TRECHO</styleUrl><LineString><coordinates>-47.559487,-5.583014,0 -47.559180,-5.583023,0</coordinates></LineString></Placemark>
<Placemark><name>12138593</name><styleUrl>#styleDaimonCIRCUITO344TRECHO</styleUrl><LineString><coordinates>-47.540849,-5.583814,0 -47.540857,-5.583830,0</coordinates></LineString></Placemark>
<Placemark><name>2788706</name><styleUrl>#styleDaimonCIRCUITO344TRECHO</styleUrl><LineString><coordinates>-47.540849,-5.583814,0 -47.539876,-5.583728,0</coordinates></LineString></Placemark>
<Placemark><name>2676289</name><styleUrl>#styleDaimonCIRCUITO344TRECHO</styleUrl><LineString><coordinates>-47.559857,-5.583005,0 -47.559487,-5.583014,0</coordinates></LineString></Placemark>
<Placemark><name>2788709</name><styleUrl>#styleDaimonCIRCUITO344TRECHO</styleUrl><LineString><coordinates>-47.540857,-5.583830,0 -47.541300,-5.584720,0</coordinates></LineString></Placemark>
<Placemark><name>12157213</name><styleUrl>#styleDaimonCIRCUITO344TRECHO</styleUrl><LineString><coordinates>-47.539876,-5.583728,0 -47.539849,-5.583725,0</coordinates></LineString></Placemark>
<Placemark><name>2546068</name><styleUrl>#styleDaimonCIRCUITO344TRECHO</styleUrl><LineString><coordinates>-47.560779,-5.582997,0 -47.559857,-5.583005,0</coordinates></LineString></Placemark>
<Placemark><name>2789814</name><styleUrl>#styleDaimonCIRCUITO344TRECHO</styleUrl><LineString><coordinates>-47.541300,-5.584720,0 -47.541705,-5.585595,0</coordinates></LineString></Placemark>
<Placemark><name>2788713</name><styleUrl>#styleDaimonCIRCUITO344TRECHO</styleUrl><LineString><coordinates>-47.539849,-5.583725,0 -47.539296,-5.583694,0</coordinates></LineString></Placemark>
<Placemark><name>2779454</name><styleUrl>#styleDaimonCIRCUITO344TRECHO</styleUrl><LineString><coordinates>-47.561253,-5.582967,0 -47.560779,-5.582997,0</coordinates></LineString></Placemark>
<Placemark><name>2788792</name><styleUrl>#styleDaimonCIRCUITO344TRECHO</styleUrl><LineString><coordinates>-47.541705,-5.585595,0 -47.542028,-5.586239,0</coordinates></LineString></Placemark>
<Placemark><name>3647055</name><styleUrl>#styleDaimonCIRCUITO344TRECHO</styleUrl><LineString><coordinates>-47.539296,-5.583694,0 -47.539224,-5.583689,0</coordinates></LineString></Placemark>
<Placemark><name>2787935</name><styleUrl>#styleDaimonCIRCUITO344TRECHO</styleUrl><LineString><coordinates>-47.542028,-5.586239,0 -47.542338,-5.586876,0</coordinates></LineString></Placemark>
<Placemark><name>3643630</name><styleUrl>#styleDaimonCIRCUITO344TRECHO</styleUrl><LineString><coordinates>-47.539224,-5.583689,0 -47.538784,-5.583658,0</coordinates></LineString></Placemark>
<Placemark><name>2787934</name><styleUrl>#styleDaimonCIRCUITO344TRECHO</styleUrl><LineString><coordinates>-47.542338,-5.586876,0 -47.542587,-5.587237,0</coordinates></LineString></Placemark>
<Placemark><name>12138595</name><styleUrl>#styleDaimonCIRCUITO344TRECHO</styleUrl><LineString><coordinates>-47.542587,-5.587237,0 -47.542585,-5.587261,0</coordinates></LineString></Placemark>
<Placemark><name>2787933</name><styleUrl>#styleDaimonCIRCUITO344TRECHO</styleUrl><LineString><coordinates>-47.542585,-5.587261,0 -47.541797,-5.587903,0</coordinates></LineString></Placemark>
<Placemark><name>2787821</name><styleUrl>#styleDaimonCIRCUITO344TRECHO</styleUrl><LineString><coordinates>-47.541797,-5.587903,0 -47.541079,-5.588492,0</coordinates></LineString></Placemark>
<Placemark><name>2787823</name><styleUrl>#styleDaimonCIRCUITO344TRECHO</styleUrl><LineString><coordinates>-47.541079,-5.588492,0 -47.540129,-5.589309,0</coordinates></LineString></Placemark>
<Placemark><name>2789601</name><styleUrl>#styleDaimonCIRCUITO344TRECHO</styleUrl><LineString><coordinates>-47.561638,-5.581491,0 -47.562069,-5.581518,0</coordinates></LineString></Placemark>
<Placemark><name>2788976</name><styleUrl>#styleDaimonCIRCUITO344TRECHO</styleUrl><LineString><coordinates>-47.561220,-5.584449,0 -47.561097,-5.584878,0</coordinates></LineString></Placemark>
<Placemark><name>2777758</name><styleUrl>#styleDaimonCIRCUITO344TRECHO</styleUrl><LineString><coordinates>-47.561097,-5.584878,0 -47.561021,-5.585410,0</coordinates></LineString></Placemark>
<Placemark><name>2788977</name><styleUrl>#styleDaimonCIRCUITO344TRECHO</styleUrl><LineString><coordinates>-47.561308,-5.584125,0 -47.561220,-5.584449,0</coordinates></LineString></Placemark>
<Placemark><name>2788980</name><styleUrl>#styleDaimonCIRCUITO344TRECHO</styleUrl><LineString><coordinates>-47.561362,-5.583828,0 -47.561308,-5.584125,0</coordinates></LineString></Placemark>
<Placemark><name>2788981</name><styleUrl>#styleDaimonCIRCUITO344TRECHO</styleUrl><LineString><coordinates>-47.561367,-5.583575,0 -47.561362,-5.583828,0</coordinates></LineString></Placemark>
<Placemark><name>12156469</name><styleUrl>#styleDaimonCIRCUITO344TRECHO</styleUrl><LineString><coordinates>-47.580867,-5.573525,0 -47.580894,-5.573525,0</coordinates></LineString></Placemark>
<Placemark><name>3650080</name><styleUrl>#styleDaimonCIRCUITO344TRECHO</styleUrl><LineString><coordinates>-47.580894,-5.573525,0 -47.581263,-5.573325,0</coordinates></LineString></Placemark>
<Placemark><name>3650081</name><styleUrl>#styleDaimonCIRCUITO344TRECHO</styleUrl><LineString><coordinates>-47.580293,-5.573203,0 -47.580867,-5.573525,0</coordinates></LineString></Placemark>
<Placemark><name>3649789</name><styleUrl>#styleDaimonCIRCUITO344TRECHO</styleUrl><LineString><coordinates>-47.579721,-5.572877,0 -47.580293,-5.573203,0</coordinates></LineString></Placemark>
<Placemark><name>12156466</name><styleUrl>#styleDaimonCIRCUITO344TRECHO</styleUrl><LineString><coordinates>-47.579694,-5.572877,0 -47.579721,-5.572877,0</coordinates></LineString></Placemark>
<Placemark><name>3650079</name><styleUrl>#styleDaimonCIRCUITO344TRECHO</styleUrl><LineString><coordinates>-47.578953,-5.573155,0 -47.579694,-5.572877,0</coordinates></LineString></Placemark>
<Placemark><name>3650078</name><styleUrl>#styleDaimonCIRCUITO344TRECHO</styleUrl><LineString><coordinates>-47.578180,-5.573444,0 -47.578953,-5.573155,0</coordinates></LineString></Placemark>
<Placemark><name>12156467</name><styleUrl>#styleDaimonCIRCUITO344TRECHO</styleUrl><LineString><coordinates>-47.578153,-5.573444,0 -47.578180,-5.573444,0</coordinates></LineString></Placemark>
<Placemark><name>3650083</name><styleUrl>#styleDaimonCIRCUITO344TRECHO</styleUrl><LineString><coordinates>-47.577170,-5.573238,0 -47.578153,-5.573444,0</coordinates></LineString></Placemark>
<Placemark><name>12156468</name><styleUrl>#styleDaimonCIRCUITO344TRECHO</styleUrl><LineString><coordinates>-47.577143,-5.573238,0 -47.577170,-5.573238,0</coordinates></LineString></Placemark>
<Placemark><name>3650082</name><styleUrl>#styleDaimonCIRCUITO344TRECHO</styleUrl><LineString><coordinates>-47.576961,-5.573391,0 -47.577143,-5.573238,0</coordinates></LineString></Placemark>
<Placemark><name>44515961</name><styleUrl>#styleDaimonCIRCUITO344TRECHO</styleUrl><LineString><coordinates>-47.593894,-5.552323,0 -47.594128,-5.552225,0</coordinates></LineString></Placemark>
<Placemark><name>44400297</name><styleUrl>#styleDaimonCIRCUITO344TRECHO</styleUrl><LineString><coordinates>-47.594128,-5.552225,0 -47.594377,-5.552118,0</coordinates></LineString></Placemark>
<Placemark><name>44400302</name><styleUrl>#styleDaimonCIRCUITO344TRECHO</styleUrl><LineString><coordinates>-47.593866,-5.552338,0 -47.593894,-5.552323,0</coordinates></LineString></Placemark>
<Placemark><name>44400293</name><styleUrl>#styleDaimonCIRCUITO344TRECHO</styleUrl><LineString><coordinates>-47.591650,-5.553551,0 -47.593866,-5.552338,0</coordinates></LineString></Placemark>
<Placemark><name>12176886</name><styleUrl>#styleDaimonCIRCUITO344TRECHO</styleUrl><LineString><coordinates>-47.603072,-5.575152,0 -47.603096,-5.575129,0</coordinates></LineString></Placemark>
<Placemark><name>2776299</name><styleUrl>#styleDaimonCIRCUITO344TRECHO</styleUrl><LineString><coordinates>-47.602869,-5.575344,0 -47.603072,-5.575152,0</coordinates></LineString></Placemark>
<Placemark><name>2776302</name><styleUrl>#styleDaimonCIRCUITO344TRECHO</styleUrl><LineString><coordinates>-47.603096,-5.575129,0 -47.603680,-5.574564,0</coordinates></LineString></Placemark>
<Placemark><name>12097747</name><styleUrl>#styleDaimonCIRCUITO344TRECHO</styleUrl><LineString><coordinates>-47.605644,-5.577759,0 -47.605654,-5.577746,0</coordinates></LineString></Placemark>
<Placemark><name>2775690</name><styleUrl>#styleDaimonCIRCUITO344TRECHO</styleUrl><LineString><coordinates>-47.605654,-5.577746,0 -47.605664,-5.577730,0</coordinates></LineString></Placemark>
<Placemark><name>3666166</name><styleUrl>#styleDaimonCIRCUITO344TRECHO</styleUrl><LineString><coordinates>-47.605644,-5.577759,0 -47.605643,-5.577773,0</coordinates></LineString></Placemark>
<Placemark><name>2776305</name><styleUrl>#styleDaimonCIRCUITO344TRECHO</styleUrl><LineString><coordinates>-47.605644,-5.577759,0 -47.606367,-5.578329,0</coordinates></LineString></Placemark>
<Placemark><name>2788969</name><styleUrl>#styleDaimonCIRCUITO344TRECHO</styleUrl><LineString><coordinates>-47.604940,-5.577205,0 -47.605644,-5.577759,0</coordinates></LineString></Placemark>
<Placemark><name>3608963</name><styleUrl>#styleDaimonCIRCUITO344TRECHO</styleUrl><LineString><coordinates>-47.603731,-5.576199,0 -47.604940,-5.577205,0</coordinates></LineString></Placemark>
<Placemark><name>2786858</name><styleUrl>#styleDaimonCIRCUITO344TRECHO</styleUrl><LineString><coordinates>-47.604940,-5.577205,0 -47.604920,-5.577235,0</coordinates></LineString></Placemark>
<Placemark><name>2787392</name><styleUrl>#styleDaimonCIRCUITO344TRECHO</styleUrl><LineString><coordinates>-47.583839,-5.551169,0 -47.584556,-5.550628,0</coordinates></LineString></Placemark>
<Placemark><name>2788011</name><styleUrl>#styleDaimonCIRCUITO344TRECHO</styleUrl><LineString><coordinates>-47.583307,-5.551588,0 -47.583839,-5.551169,0</coordinates></LineString></Placemark>
<Placemark><name>2777792</name><styleUrl>#styleDaimonCIRCUITO344TRECHO</styleUrl><LineString><coordinates>-47.584556,-5.550628,0 -47.585153,-5.549678,0</coordinates></LineString></Placemark>
<Placemark><name>2809250</name><styleUrl>#styleDaimonCIRCUITO344TRECHO</styleUrl><LineString><coordinates>-47.505630,-5.544985,0 -47.505732,-5.545121,0</coordinates></LineString></Placemark>
<Placemark><name>2809420</name><styleUrl>#styleDaimonCIRCUITO344TRECHO</styleUrl><LineString><coordinates>-47.505585,-5.544923,0 -47.505630,-5.544985,0</coordinates></LineString></Placemark>
<Placemark><name>2809419</name><styleUrl>#styleDaimonCIRCUITO344TRECHO</styleUrl><LineString><coordinates>-47.505630,-5.544985,0 -47.505755,-5.544700,0</coordinates></LineString></Placemark>
<Placemark><name>2809245</name><styleUrl>#styleDaimonCIRCUITO344TRECHO</styleUrl><LineString><coordinates>-47.505630,-5.544985,0 -47.505590,-5.545102,0</coordinates></LineString></Placemark>
<Placemark><name>3604489</name><styleUrl>#styleDaimonCIRCUITO344TRECHO</styleUrl><LineString><coordinates>-47.505397,-5.544679,0 -47.505585,-5.544923,0</coordinates></LineString></Placemark>
<Placemark><name>12101848</name><styleUrl>#styleDaimonCIRCUITO344TRECHO</styleUrl><LineString><coordinates>-47.505755,-5.544700,0 -47.505764,-5.544675,0</coordinates></LineString></Placemark>
<Placemark><name>3604779</name><styleUrl>#styleDaimonCIRCUITO344TRECHO</styleUrl><LineString><coordinates>-47.505228,-5.544496,0 -47.505397,-5.544679,0</coordinates></LineString></Placemark>
<Placemark><name>2809246</name><styleUrl>#styleDaimonCIRCUITO344TRECHO</styleUrl><LineString><coordinates>-47.505764,-5.544675,0 -47.505878,-5.544392,0</coordinates></LineString></Placemark>
<Placemark><name>2809252</name><styleUrl>#styleDaimonCIRCUITO344TRECHO</styleUrl><LineString><coordinates>-47.505878,-5.544392,0 -47.506005,-5.544086,0</coordinates></LineString></Placemark>
<Placemark><name>2809421</name><styleUrl>#styleDaimonCIRCUITO344TRECHO</styleUrl><LineString><coordinates>-47.506005,-5.544086,0 -47.506167,-5.543688,0</coordinates></LineString></Placemark>
<Placemark><name>2809251</name><styleUrl>#styleDaimonCIRCUITO344TRECHO</styleUrl><LineString><coordinates>-47.506167,-5.543688,0 -47.506321,-5.543326,0</coordinates></LineString></Placemark>
<Placemark><name>2809247</name><styleUrl>#styleDaimonCIRCUITO344TRECHO</styleUrl><LineString><coordinates>-47.506321,-5.543326,0 -47.506470,-5.542959,0</coordinates></LineString></Placemark>
<Placemark><name>2890245</name><styleUrl>#styleDaimonCIRCUITO344TRECHO</styleUrl><LineString><coordinates>-47.501475,-5.543246,0 -47.501509,-5.543067,0</coordinates></LineString></Placemark>
<Placemark><name>2890243</name><styleUrl>#styleDaimonCIRCUITO344TRECHO</styleUrl><LineString><coordinates>-47.501509,-5.543067,0 -47.501552,-5.542749,0</coordinates></LineString></Placemark>
<Placemark><name>12105861</name><styleUrl>#styleDaimonCIRCUITO344TRECHO</styleUrl><LineString><coordinates>-47.501481,-5.543272,0 -47.501475,-5.543246,0</coordinates></LineString></Placemark>
<Placemark><name>2890242</name><styleUrl>#styleDaimonCIRCUITO344TRECHO</styleUrl><LineString><coordinates>-47.501552,-5.542749,0 -47.501595,-5.542404,0</coordinates></LineString></Placemark>
<Placemark><name>2890244</name><styleUrl>#styleDaimonCIRCUITO344TRECHO</styleUrl><LineString><coordinates>-47.501650,-5.543484,0 -47.501481,-5.543272,0</coordinates></LineString></Placemark>
<Placemark><name>12105860</name><styleUrl>#styleDaimonCIRCUITO344TRECHO</styleUrl><LineString><coordinates>-47.501595,-5.542404,0 -47.501584,-5.542389,0</coordinates></LineString></Placemark>
<Placemark><name>2890247</name><styleUrl>#styleDaimonCIRCUITO344TRECHO</styleUrl><LineString><coordinates>-47.501584,-5.542389,0 -47.501304,-5.542524,0</coordinates></LineString></Placemark>
<Placemark><name>2890248</name><styleUrl>#styleDaimonCIRCUITO344TRECHO</styleUrl><LineString><coordinates>-47.501304,-5.542524,0 -47.500936,-5.542649,0</coordinates></LineString></Placemark>
<Placemark><name>2890246</name><styleUrl>#styleDaimonCIRCUITO344TRECHO</styleUrl><LineString><coordinates>-47.500936,-5.542649,0 -47.500673,-5.542731,0</coordinates></LineString></Placemark>
<Placemark><name>12042602</name><styleUrl>#styleDaimonCIRCUITO344TRECHO</styleUrl><LineString><coordinates>-47.512951,-5.596408,0 -47.512966,-5.596415,0</coordinates></LineString></Placemark>
<Placemark><name>2777614</name><styleUrl>#styleDaimonCIRCUITO344TRECHO</styleUrl><LineString><coordinates>-47.513331,-5.595148,0 -47.512951,-5.596408,0</coordinates></LineString></Placemark>
<Placemark><name>2777357</name><styleUrl>#styleDaimonCIRCUITO344TRECHO</styleUrl><LineString><coordinates>-47.512951,-5.596408,0 -47.512579,-5.597652,0</coordinates></LineString></Placemark>
<Placemark><name>2777615</name><styleUrl>#styleDaimonCIRCUITO344TRECHO</styleUrl><LineString><coordinates>-47.512966,-5.596415,0 -47.513103,-5.596479,0</coordinates></LineString></Placemark>
<Placemark><name>2777613</name><styleUrl>#styleDaimonCIRCUITO344TRECHO</styleUrl><LineString><coordinates>-47.513700,-5.594000,0 -47.513331,-5.595148,0</coordinates></LineString></Placemark>
<Placemark><name>2777358</name><styleUrl>#styleDaimonCIRCUITO344TRECHO</styleUrl><LineString><coordinates>-47.512579,-5.597652,0 -47.512193,-5.598838,0</coordinates></LineString></Placemark>
<Placemark><name>2788414</name><styleUrl>#styleDaimonCIRCUITO344TRECHO</styleUrl><LineString><coordinates>-47.514014,-5.592935,0 -47.513700,-5.594000,0</coordinates></LineString></Placemark>
<Placemark><name>2777359</name><styleUrl>#styleDaimonCIRCUITO344TRECHO</styleUrl><LineString><coordinates>-47.512193,-5.598838,0 -47.511833,-5.599979,0</coordinates></LineString></Placemark>
<Placemark><name>2777017</name><styleUrl>#styleDaimonCIRCUITO344TRECHO</styleUrl><LineString><coordinates>-47.514290,-5.591961,0 -47.514014,-5.592935,0</coordinates></LineString></Placemark>
<Placemark><name>2777360</name><styleUrl>#styleDaimonCIRCUITO344TRECHO</styleUrl><LineString><coordinates>-47.511833,-5.599979,0 -47.511420,-5.601406,0</coordinates></LineString></Placemark>
<Placemark><name>12042604</name><styleUrl>#styleDaimonCIRCUITO344TRECHO</styleUrl><LineString><coordinates>-47.511420,-5.601406,0 -47.511413,-5.601438,0</coordinates></LineString></Placemark>
<Placemark><name>12042603</name><styleUrl>#styleDaimonCIRCUITO344TRECHO</styleUrl><LineString><coordinates>-47.511420,-5.601406,0 -47.511402,-5.601411,0</coordinates></LineString></Placemark>
<Placemark><name>2777026</name><styleUrl>#styleDaimonCIRCUITO344TRECHO</styleUrl><LineString><coordinates>-47.511413,-5.601438,0 -47.511283,-5.602596,0</coordinates></LineString></Placemark>
<Placemark><name>2777361</name><styleUrl>#styleDaimonCIRCUITO344TRECHO</styleUrl><LineString><coordinates>-47.511402,-5.601411,0 -47.510523,-5.600701,0</coordinates></LineString></Placemark>
<Placemark><name>2777028</name><styleUrl>#styleDaimonCIRCUITO344TRECHO</styleUrl><LineString><coordinates>-47.511283,-5.602596,0 -47.511050,-5.604791,0</coordinates></LineString></Placemark>
<Placemark><name>2777538</name><styleUrl>#styleDaimonCIRCUITO344TRECHO</styleUrl><LineString><coordinates>-47.510523,-5.600701,0 -47.509661,-5.600041,0</coordinates></LineString></Placemark>
<Placemark><name>2777029</name><styleUrl>#styleDaimonCIRCUITO344TRECHO</styleUrl><LineString><coordinates>-47.511050,-5.604791,0 -47.510889,-5.606422,0</coordinates></LineString></Placemark>
<Placemark><name>12042605</name><styleUrl>#styleDaimonCIRCUITO344TRECHO</styleUrl><LineString><coordinates>-47.509661,-5.600041,0 -47.509634,-5.600020,0</coordinates></LineString></Placemark>
<Placemark><name>2777201</name><styleUrl>#styleDaimonCIRCUITO344TRECHO</styleUrl><LineString><coordinates>-47.510889,-5.606422,0 -47.510805,-5.607344,0</coordinates></LineString></Placemark>
<Placemark><name>2777539</name><styleUrl>#styleDaimonCIRCUITO344TRECHO</styleUrl><LineString><coordinates>-47.509634,-5.600020,0 -47.509281,-5.599735,0</coordinates></LineString></Placemark>
<Placemark><name>2777202</name><styleUrl>#styleDaimonCIRCUITO344TRECHO</styleUrl><LineString><coordinates>-47.510805,-5.607344,0 -47.510813,-5.608317,0</coordinates></LineString></Placemark>
<Placemark><name>2777540</name><styleUrl>#styleDaimonCIRCUITO344TRECHO</styleUrl><LineString><coordinates>-47.509281,-5.599735,0 -47.508883,-5.599449,0</coordinates></LineString></Placemark>
<Placemark><name>2777203</name><styleUrl>#styleDaimonCIRCUITO344TRECHO</styleUrl><LineString><coordinates>-47.510813,-5.608317,0 -47.510811,-5.609336,0</coordinates></LineString></Placemark>
<Placemark><name>2777541</name><styleUrl>#styleDaimonCIRCUITO344TRECHO</styleUrl><LineString><coordinates>-47.508883,-5.599449,0 -47.508544,-5.599163,0</coordinates></LineString></Placemark>
<Placemark><name>2777204</name><styleUrl>#styleDaimonCIRCUITO344TRECHO</styleUrl><LineString><coordinates>-47.510811,-5.609336,0 -47.510671,-5.610548,0</coordinates></LineString></Placemark>
<Placemark><name>2777542</name><styleUrl>#styleDaimonCIRCUITO344TRECHO</styleUrl><LineString><coordinates>-47.508544,-5.599163,0 -47.508194,-5.598911,0</coordinates></LineString></Placemark>
<Placemark><name>2777205</name><styleUrl>#styleDaimonCIRCUITO344TRECHO</styleUrl><LineString><coordinates>-47.510671,-5.610548,0 -47.510546,-5.611770,0</coordinates></LineString></Placemark>
<Placemark><name>12042606</name><styleUrl>#styleDaimonCIRCUITO344TRECHO</styleUrl><LineString><coordinates>-47.508194,-5.598911,0 -47.508183,-5.598925,0</coordinates></LineString></Placemark>
<Placemark><name>2777543</name><styleUrl>#styleDaimonCIRCUITO344TRECHO</styleUrl><LineString><coordinates>-47.508194,-5.598911,0 -47.507803,-5.598655,0</coordinates></LineString></Placemark>
<Placemark><name>2777206</name><styleUrl>#styleDaimonCIRCUITO344TRECHO</styleUrl><LineString><coordinates>-47.510546,-5.611770,0 -47.510420,-5.612831,0</coordinates></LineString></Placemark>
<Placemark><name>2777545</name><styleUrl>#styleDaimonCIRCUITO344TRECHO</styleUrl><LineString><coordinates>-47.508183,-5.598925,0 -47.507711,-5.599494,0</coordinates></LineString></Placemark>
<Placemark><name>2777544</name><styleUrl>#styleDaimonCIRCUITO344TRECHO</styleUrl><LineString><coordinates>-47.507803,-5.598655,0 -47.507405,-5.598400,0</coordinates></LineString></Placemark>
<Placemark><name>2777207</name><styleUrl>#styleDaimonCIRCUITO344TRECHO</styleUrl><LineString><coordinates>-47.510420,-5.612831,0 -47.510281,-5.614055,0</coordinates></LineString></Placemark>
<Placemark><name>2777024</name><styleUrl>#styleDaimonCIRCUITO344TRECHO</styleUrl><LineString><coordinates>-47.507711,-5.599494,0 -47.507431,-5.600354,0</coordinates></LineString></Placemark>
<Placemark><name>2777208</name><styleUrl>#styleDaimonCIRCUITO344TRECHO</styleUrl><LineString><coordinates>-47.510281,-5.614055,0 -47.510167,-5.615236,0</coordinates></LineString></Placemark>
<Placemark><name>2777025</name><styleUrl>#styleDaimonCIRCUITO344TRECHO</styleUrl><LineString><coordinates>-47.507431,-5.600354,0 -47.507073,-5.601301,0</coordinates></LineString></Placemark>
<Placemark><name>12042607</name><styleUrl>#styleDaimonCIRCUITO344TRECHO</styleUrl><LineString><coordinates>-47.510167,-5.615236,0 -47.510149,-5.615250,0</coordinates></LineString></Placemark>
<Placemark><name>2777209</name><styleUrl>#styleDaimonCIRCUITO344TRECHO</styleUrl><LineString><coordinates>-47.510149,-5.615250,0 -47.508973,-5.615003,0</coordinates></LineString></Placemark>
<Placemark><name>2777210</name><styleUrl>#styleDaimonCIRCUITO344TRECHO</styleUrl><LineString><coordinates>-47.508973,-5.615003,0 -47.507729,-5.614730,0</coordinates></LineString></Placemark>
<Placemark><name>2777211</name><styleUrl>#styleDaimonCIRCUITO344TRECHO</styleUrl><LineString><coordinates>-47.507729,-5.614730,0 -47.506014,-5.614385,0</coordinates></LineString></Placemark>
<Placemark><name>2777212</name><styleUrl>#styleDaimonCIRCUITO344TRECHO</styleUrl><LineString><coordinates>-47.506014,-5.614385,0 -47.504987,-5.614184,0</coordinates></LineString></Placemark>
<Placemark><name>2777213</name><styleUrl>#styleDaimonCIRCUITO344TRECHO</styleUrl><LineString><coordinates>-47.504987,-5.614184,0 -47.504162,-5.614044,0</coordinates></LineString></Placemark>
<Placemark><name>2777214</name><styleUrl>#styleDaimonCIRCUITO344TRECHO</styleUrl><LineString><coordinates>-47.504162,-5.614044,0 -47.502966,-5.613790,0</coordinates></LineString></Placemark>
<Placemark><name>2777216</name><styleUrl>#styleDaimonCIRCUITO344TRECHO</styleUrl><LineString><coordinates>-47.502966,-5.613790,0 -47.501783,-5.613545,0</coordinates></LineString></Placemark>
<Placemark><name>2777218</name><styleUrl>#styleDaimonCIRCUITO344TRECHO</styleUrl><LineString><coordinates>-47.501783,-5.613545,0 -47.500595,-5.613294,0</coordinates></LineString></Placemark>
<Placemark><name>2777219</name><styleUrl>#styleDaimonCIRCUITO344TRECHO</styleUrl><LineString><coordinates>-47.500595,-5.613294,0 -47.499388,-5.613069,0</coordinates></LineString></Placemark>
<Placemark><name>2777220</name><styleUrl>#styleDaimonCIRCUITO344TRECHO</styleUrl><LineString><coordinates>-47.499388,-5.613069,0 -47.498186,-5.612812,0</coordinates></LineString></Placemark>
<Placemark><name>2777416</name><styleUrl>#styleDaimonCIRCUITO344TRECHO</styleUrl><LineString><coordinates>-47.498186,-5.612812,0 -47.497019,-5.612575,0</coordinates></LineString></Placemark>
<Placemark><name>12068565</name><styleUrl>#styleDaimonCIRCUITO344TRECHO</styleUrl><LineString><coordinates>-47.513765,-5.589968,0 -47.513738,-5.589964,0</coordinates></LineString></Placemark>
<Placemark><name>3650102</name><styleUrl>#styleDaimonCIRCUITO344TRECHO</styleUrl><LineString><coordinates>-47.513738,-5.589964,0 -47.513082,-5.590054,0</coordinates></LineString></Placemark>
<Placemark><name>3650104</name><styleUrl>#styleDaimonCIRCUITO344TRECHO</styleUrl><LineString><coordinates>-47.514142,-5.590100,0 -47.513765,-5.589968,0</coordinates></LineString></Placemark>
<Placemark><name>3650099</name><styleUrl>#styleDaimonCIRCUITO344TRECHO</styleUrl><LineString><coordinates>-47.513082,-5.590054,0 -47.512439,-5.590139,0</coordinates></LineString></Placemark>
<Placemark><name>3650100</name><styleUrl>#styleDaimonCIRCUITO344TRECHO</styleUrl><LineString><coordinates>-47.512439,-5.590139,0 -47.511489,-5.590420,0</coordinates></LineString></Placemark>
<Placemark><name>3650101</name><styleUrl>#styleDaimonCIRCUITO344TRECHO</styleUrl><LineString><coordinates>-47.511489,-5.590420,0 -47.510464,-5.590724,0</coordinates></LineString></Placemark>
<Placemark><name>2788415</name><styleUrl>#styleDaimonCIRCUITO344TRECHO</styleUrl><LineString><coordinates>-47.513121,-5.585515,0 -47.512392,-5.585497,0</coordinates></LineString></Placemark>
<Placemark><name>2788421</name><styleUrl>#styleDaimonCIRCUITO344TRECHO</styleUrl><LineString><coordinates>-47.512392,-5.585497,0 -47.511643,-5.585449,0</coordinates></LineString></Placemark>
<Placemark><name>2788418</name><styleUrl>#styleDaimonCIRCUITO344TRECHO</styleUrl><LineString><coordinates>-47.513773,-5.585525,0 -47.513121,-5.585515,0</coordinates></LineString></Placemark>
<Placemark><name>2788617</name><styleUrl>#styleDaimonCIRCUITO344TRECHO</styleUrl><LineString><coordinates>-47.514662,-5.577484,0 -47.515880,-5.578253,0</coordinates></LineString></Placemark>
<Placemark><name>2788614</name><styleUrl>#styleDaimonCIRCUITO344TRECHO</styleUrl><LineString><coordinates>-47.513081,-5.576540,0 -47.514662,-5.577484,0</coordinates></LineString></Placemark>
<Placemark><name>2545958</name><styleUrl>#styleDaimonCIRCUITO344TRECHO</styleUrl><LineString><coordinates>-47.522799,-5.590600,0 -47.522816,-5.590939,0</coordinates></LineString></Placemark>
<Placemark><name>2545959</name><styleUrl>#styleDaimonCIRCUITO344TRECHO</styleUrl><LineString><coordinates>-47.522816,-5.590939,0 -47.522818,-5.591273,0</coordinates></LineString></Placemark>
<Placemark><name>2545957</name><styleUrl>#styleDaimonCIRCUITO344TRECHO</styleUrl><LineString><coordinates>-47.522832,-5.590191,0 -47.522799,-5.590600,0</coordinates></LineString></Placemark>
<Placemark><name>2545960</name><styleUrl>#styleDaimonCIRCUITO344TRECHO</styleUrl><LineString><coordinates>-47.522818,-5.591273,0 -47.522858,-5.591723,0</coordinates></LineString></Placemark>
<Placemark><name>2545956</name><styleUrl>#styleDaimonCIRCUITO344TRECHO</styleUrl><LineString><coordinates>-47.522941,-5.589964,0 -47.522832,-5.590191,0</coordinates></LineString></Placemark>
<Placemark><name>2545961</name><styleUrl>#styleDaimonCIRCUITO344TRECHO</styleUrl><LineString><coordinates>-47.522858,-5.591723,0 -47.523077,-5.591941,0</coordinates></LineString></Placemark>
<Placemark><name>3653352</name><styleUrl>#styleDaimonCIRCUITO344TRECHO</styleUrl><LineString><coordinates>-47.523023,-5.589611,0 -47.522941,-5.589964,0</coordinates></LineString></Placemark>
<Placemark><name>2545966</name><styleUrl>#styleDaimonCIRCUITO344TRECHO</styleUrl><LineString><coordinates>-47.523077,-5.591941,0 -47.523387,-5.592298,0</coordinates></LineString></Placemark>
<Placemark><name>2784249</name><styleUrl>#styleDaimonCIRCUITO344TRECHO</styleUrl><LineString><coordinates>-47.523255,-5.588753,0 -47.523023,-5.589611,0</coordinates></LineString></Placemark>
<Placemark><name>2784252</name><styleUrl>#styleDaimonCIRCUITO344TRECHO</styleUrl><LineString><coordinates>-47.523387,-5.592298,0 -47.523679,-5.592616,0</coordinates></LineString></Placemark>
<Placemark><name>2784250</name><styleUrl>#styleDaimonCIRCUITO344TRECHO</styleUrl><LineString><coordinates>-47.523324,-5.588416,0 -47.523255,-5.588753,0</coordinates></LineString></Placemark>
<Placemark><name>2784253</name><styleUrl>#styleDaimonCIRCUITO344TRECHO</styleUrl><LineString><coordinates>-47.523679,-5.592616,0 -47.523974,-5.592975,0</coordinates></LineString></Placemark>
<Placemark><name>2784251</name><styleUrl>#styleDaimonCIRCUITO344TRECHO</styleUrl><LineString><coordinates>-47.523436,-5.588063,0 -47.523324,-5.588416,0</coordinates></LineString></Placemark>
<Placemark><name>2784254</name><styleUrl>#styleDaimonCIRCUITO344TRECHO</styleUrl><LineString><coordinates>-47.523974,-5.592975,0 -47.524275,-5.593264,0</coordinates></LineString></Placemark>
<Placemark><name>2545955</name><styleUrl>#styleDaimonCIRCUITO344TRECHO</styleUrl><LineString><coordinates>-47.523497,-5.587612,0 -47.523436,-5.588063,0</coordinates></LineString></Placemark>
<Placemark><name>2784255</name><styleUrl>#styleDaimonCIRCUITO344TRECHO</styleUrl><LineString><coordinates>-47.524275,-5.593264,0 -47.525060,-5.594185,0</coordinates></LineString></Placemark>
<Placemark><name>2777780</name><styleUrl>#styleDaimonCIRCUITO344TRECHO</styleUrl><LineString><coordinates>-47.523524,-5.587524,0 -47.523497,-5.587612,0</coordinates></LineString></Placemark>
<Placemark><name>2784256</name><styleUrl>#styleDaimonCIRCUITO344TRECHO</styleUrl><LineString><coordinates>-47.525060,-5.594185,0 -47.525821,-5.595113,0</coordinates></LineString></Placemark>
<Placemark><name>56363119</name><styleUrl>#styleDaimonCIRCUITO344TRECHO</styleUrl><LineString><coordinates>-47.523626,-5.587195,0 -47.523524,-5.587524,0</coordinates></LineString></Placemark>
<Placemark><name>2545965</name><styleUrl>#styleDaimonCIRCUITO344TRECHO</styleUrl><LineString><coordinates>-47.525821,-5.595113,0 -47.526362,-5.595901,0</coordinates></LineString></Placemark>
<Placemark><name>2777617</name><styleUrl>#styleDaimonCIRCUITO344TRECHO</styleUrl><LineString><coordinates>-47.523780,-5.586729,0 -47.523626,-5.587195,0</coordinates></LineString></Placemark>
<Placemark><name>2545964</name><styleUrl>#styleDaimonCIRCUITO344TRECHO</styleUrl><LineString><coordinates>-47.526362,-5.595901,0 -47.526412,-5.596309,0</coordinates></LineString></Placemark>
<Placemark><name>2777616</name><styleUrl>#styleDaimonCIRCUITO344TRECHO</styleUrl><LineString><coordinates>-47.523879,-5.586316,0 -47.523780,-5.586729,0</coordinates></LineString></Placemark>
<Placemark><name>2784257</name><styleUrl>#styleDaimonCIRCUITO344TRECHO</styleUrl><LineString><coordinates>-47.526412,-5.596309,0 -47.526605,-5.596674,0</coordinates></LineString></Placemark>
<Placemark><name>2545736</name><styleUrl>#styleDaimonCIRCUITO344TRECHO</styleUrl><LineString><coordinates>-47.524008,-5.586001,0 -47.523879,-5.586316,0</coordinates></LineString></Placemark>
<Placemark><name>2784258</name><styleUrl>#styleDaimonCIRCUITO344TRECHO</styleUrl><LineString><coordinates>-47.526605,-5.596674,0 -47.526713,-5.596982,0</coordinates></LineString></Placemark>
<Placemark><name>2545735</name><styleUrl>#styleDaimonCIRCUITO344TRECHO</styleUrl><LineString><coordinates>-47.524127,-5.585574,0 -47.524008,-5.586001,0</coordinates></LineString></Placemark>
<Placemark><name>12042599</name><styleUrl>#styleDaimonCIRCUITO344TRECHO</styleUrl><LineString><coordinates>-47.526713,-5.596982,0 -47.526736,-5.596996,0</coordinates></LineString></Placemark>
<Placemark><name>2545734</name><styleUrl>#styleDaimonCIRCUITO344TRECHO</styleUrl><LineString><coordinates>-47.524220,-5.585130,0 -47.524127,-5.585574,0</coordinates></LineString></Placemark>
<Placemark><name>12042598</name><styleUrl>#styleDaimonCIRCUITO344TRECHO</styleUrl><LineString><coordinates>-47.526736,-5.596996,0 -47.526720,-5.597014,0</coordinates></LineString></Placemark>
<Placemark><name>2545963</name><styleUrl>#styleDaimonCIRCUITO344TRECHO</styleUrl><LineString><coordinates>-47.526736,-5.596996,0 -47.527087,-5.596964,0</coordinates></LineString></Placemark>
<Placemark><name>2545733</name><styleUrl>#styleDaimonCIRCUITO344TRECHO</styleUrl><LineString><coordinates>-47.524297,-5.584676,0 -47.524220,-5.585130,0</coordinates></LineString></Placemark>
<Placemark><name>2784496</name><styleUrl>#styleDaimonCIRCUITO344TRECHO</styleUrl><LineString><coordinates>-47.526720,-5.597014,0 -47.526741,-5.597220,0</coordinates></LineString></Placemark>
<Placemark><name>2545732</name><styleUrl>#styleDaimonCIRCUITO344TRECHO</styleUrl><LineString><coordinates>-47.524019,-5.584025,0 -47.524297,-5.584676,0</coordinates></LineString></Placemark>
<Placemark><name>2777788</name><styleUrl>#styleDaimonCIRCUITO344TRECHO</styleUrl><LineString><coordinates>-47.523852,-5.583513,0 -47.524019,-5.584025,0</coordinates></LineString></Placemark>
<Placemark><name>3639775</name><styleUrl>#styleDaimonCIRCUITO344TRECHO</styleUrl><LineString><coordinates>-47.523736,-5.583112,0 -47.523852,-5.583513,0</coordinates></LineString></Placemark>
<Placemark><name>3581930</name><styleUrl>#styleDaimonCIRCUITO344TRECHO</styleUrl><LineString><coordinates>-47.491569,-5.561313,0 -47.492231,-5.561547,0</coordinates></LineString></Placemark>
<Placemark><name>2788320</name><styleUrl>#styleDaimonCIRCUITO344TRECHO</styleUrl><LineString><coordinates>-47.491993,-5.551121,0 -47.491926,-5.551381,0</coordinates></LineString></Placemark>
<Placemark><name>3618563</name><styleUrl>#styleDaimonCIRCUITO344TRECHO</styleUrl><LineString><coordinates>-47.497369,-5.542472,0 -47.497337,-5.542196,0</coordinates></LineString></Placemark>
<Placemark><name>3618555</name><styleUrl>#styleDaimonCIRCUITO344TRECHO</styleUrl><LineString><coordinates>-47.497400,-5.542836,0 -47.497369,-5.542472,0</coordinates></LineString></Placemark>
<Placemark><name>3618561</name><styleUrl>#styleDaimonCIRCUITO344TRECHO</styleUrl><LineString><coordinates>-47.497337,-5.542196,0 -47.497311,-5.541809,0</coordinates></LineString></Placemark>
<Placemark><name>3618557</name><styleUrl>#styleDaimonCIRCUITO344TRECHO</styleUrl><LineString><coordinates>-47.497394,-5.543124,0 -47.497400,-5.542836,0</coordinates></LineString></Placemark>
<Placemark><name>12114324</name><styleUrl>#styleDaimonCIRCUITO344TRECHO</styleUrl><LineString><coordinates>-47.497311,-5.541809,0 -47.497313,-5.541781,0</coordinates></LineString></Placemark>
<Placemark><name>3618559</name><styleUrl>#styleDaimonCIRCUITO344TRECHO</styleUrl><LineString><coordinates>-47.497402,-5.543427,0 -47.497394,-5.543124,0</coordinates></LineString></Placemark>
<Placemark><name>3465275</name><styleUrl>#styleDaimonCIRCUITO344TRECHO</styleUrl><LineString><coordinates>-47.497313,-5.541781,0 -47.497354,-5.541684,0</coordinates></LineString></Placemark>
<Placemark><name>3618565</name><styleUrl>#styleDaimonCIRCUITO344TRECHO</styleUrl><LineString><coordinates>-47.497407,-5.543678,0 -47.497402,-5.543427,0</coordinates></LineString></Placemark>
<Placemark><name>12114325</name><styleUrl>#styleDaimonCIRCUITO344TRECHO</styleUrl><LineString><coordinates>-47.497354,-5.541684,0 -47.497363,-5.541675,0</coordinates></LineString></Placemark>
<Placemark><name>2787924</name><styleUrl>#styleDaimonCIRCUITO344TRECHO</styleUrl><LineString><coordinates>-47.497363,-5.541675,0 -47.497534,-5.541309,0</coordinates></LineString></Placemark>
<Placemark><name>3465274</name><styleUrl>#styleDaimonCIRCUITO344TRECHO</styleUrl><LineString><coordinates>-47.497534,-5.541309,0 -47.497691,-5.540966,0</coordinates></LineString></Placemark>
<Placemark><name>3465273</name><styleUrl>#styleDaimonCIRCUITO344TRECHO</styleUrl><LineString><coordinates>-47.497691,-5.540966,0 -47.497843,-5.540605,0</coordinates></LineString></Placemark>
<Placemark><name>3179575</name><styleUrl>#styleDaimonCIRCUITO344TRECHO</styleUrl><LineString><coordinates>-47.489274,-5.567237,0 -47.489092,-5.567250,0</coordinates></LineString></Placemark>
<Placemark><name>3179573</name><styleUrl>#styleDaimonCIRCUITO344TRECHO</styleUrl><LineString><coordinates>-47.489274,-5.567157,0 -47.489274,-5.567237,0</coordinates></LineString></Placemark>
<Placemark><name>3179574</name><styleUrl>#styleDaimonCIRCUITO344TRECHO</styleUrl><LineString><coordinates>-47.489274,-5.567237,0 -47.489273,-5.567414,0</coordinates></LineString></Placemark>
<Placemark><name>3179576</name><styleUrl>#styleDaimonCIRCUITO344TRECHO</styleUrl><LineString><coordinates>-47.489274,-5.567237,0 -47.489415,-5.567250,0</coordinates></LineString></Placemark>
<Placemark><name>3177825</name><styleUrl>#styleDaimonCIRCUITO344TRECHO</styleUrl><LineString><coordinates>-47.489275,-5.566594,0 -47.489274,-5.567157,0</coordinates></LineString></Placemark>
<Placemark><name>3179577</name><styleUrl>#styleDaimonCIRCUITO344TRECHO</styleUrl><LineString><coordinates>-47.489415,-5.567250,0 -47.489669,-5.567249,0</coordinates></LineString></Placemark>
<Placemark><name>3177826</name><styleUrl>#styleDaimonCIRCUITO344TRECHO</styleUrl><LineString><coordinates>-47.489275,-5.566305,0 -47.489275,-5.566594,0</coordinates></LineString></Placemark>
<Placemark><name>3177827</name><styleUrl>#styleDaimonCIRCUITO344TRECHO</styleUrl><LineString><coordinates>-47.489274,-5.566027,0 -47.489275,-5.566305,0</coordinates></LineString></Placemark>
<Placemark><name>3179384</name><styleUrl>#styleDaimonCIRCUITO344TRECHO</styleUrl><LineString><coordinates>-47.489274,-5.565305,0 -47.489274,-5.566027,0</coordinates></LineString></Placemark>
<Placemark><name>3179385</name><styleUrl>#styleDaimonCIRCUITO344TRECHO</styleUrl><LineString><coordinates>-47.489274,-5.564928,0 -47.489274,-5.565305,0</coordinates></LineString></Placemark>
<Placemark><name>3180840</name><styleUrl>#styleDaimonCIRCUITO344TRECHO</styleUrl><LineString><coordinates>-47.489334,-5.564685,0 -47.489274,-5.564928,0</coordinates></LineString></Placemark>
<Placemark><name>3180842</name><styleUrl>#styleDaimonCIRCUITO344TRECHO</styleUrl><LineString><coordinates>-47.489334,-5.564685,0 -47.489452,-5.564716,0</coordinates></LineString></Placemark>
<Placemark><name>3180839</name><styleUrl>#styleDaimonCIRCUITO344TRECHO</styleUrl><LineString><coordinates>-47.489350,-5.564618,0 -47.489334,-5.564685,0</coordinates></LineString></Placemark>
<Placemark><name>3180841</name><styleUrl>#styleDaimonCIRCUITO344TRECHO</styleUrl><LineString><coordinates>-47.489334,-5.564685,0 -47.489132,-5.564670,0</coordinates></LineString></Placemark>
<Placemark><name>3181039</name><styleUrl>#styleDaimonCIRCUITO344TRECHO</styleUrl><LineString><coordinates>-47.489452,-5.564716,0 -47.489681,-5.564749,0</coordinates></LineString></Placemark>
<Placemark><name>3179386</name><styleUrl>#styleDaimonCIRCUITO344TRECHO</styleUrl><LineString><coordinates>-47.489459,-5.564318,0 -47.489350,-5.564618,0</coordinates></LineString></Placemark>
<Placemark><name>3181040</name><styleUrl>#styleDaimonCIRCUITO344TRECHO</styleUrl><LineString><coordinates>-47.489681,-5.564749,0 -47.490018,-5.564798,0</coordinates></LineString></Placemark>
<Placemark><name>3179565</name><styleUrl>#styleDaimonCIRCUITO344TRECHO</styleUrl><LineString><coordinates>-47.489580,-5.563978,0 -47.489459,-5.564318,0</coordinates></LineString></Placemark>
<Placemark><name>3181038</name><styleUrl>#styleDaimonCIRCUITO344TRECHO</styleUrl><LineString><coordinates>-47.490018,-5.564798,0 -47.490246,-5.564830,0</coordinates></LineString></Placemark>
<Placemark><name>3179566</name><styleUrl>#styleDaimonCIRCUITO344TRECHO</styleUrl><LineString><coordinates>-47.489689,-5.563671,0 -47.489580,-5.563978,0</coordinates></LineString></Placemark>
<Placemark><name>3181037</name><styleUrl>#styleDaimonCIRCUITO344TRECHO</styleUrl><LineString><coordinates>-47.490246,-5.564830,0 -47.490613,-5.564883,0</coordinates></LineString></Placemark>
<Placemark><name>3179567</name><styleUrl>#styleDaimonCIRCUITO344TRECHO</styleUrl><LineString><coordinates>-47.489811,-5.563332,0 -47.489689,-5.563671,0</coordinates></LineString></Placemark>
<Placemark><name>3181036</name><styleUrl>#styleDaimonCIRCUITO344TRECHO</styleUrl><LineString><coordinates>-47.490613,-5.564883,0 -47.490828,-5.564914,0</coordinates></LineString></Placemark>
<Placemark><name>3179568</name><styleUrl>#styleDaimonCIRCUITO344TRECHO</styleUrl><LineString><coordinates>-47.489933,-5.562989,0 -47.489811,-5.563332,0</coordinates></LineString></Placemark>
<Placemark><name>3181035</name><styleUrl>#styleDaimonCIRCUITO344TRECHO</styleUrl><LineString><coordinates>-47.490828,-5.564914,0 -47.491024,-5.564942,0</coordinates></LineString></Placemark>
<Placemark><name>3179569</name><styleUrl>#styleDaimonCIRCUITO344TRECHO</styleUrl><LineString><coordinates>-47.490054,-5.562651,0 -47.489933,-5.562989,0</coordinates></LineString></Placemark>
<Placemark><name>3179570</name><styleUrl>#styleDaimonCIRCUITO344TRECHO</styleUrl><LineString><coordinates>-47.490176,-5.562310,0 -47.490054,-5.562651,0</coordinates></LineString></Placemark>
<Placemark><name>3180826</name><styleUrl>#styleDaimonCIRCUITO344TRECHO</styleUrl><LineString><coordinates>-47.490248,-5.562109,0 -47.490176,-5.562310,0</coordinates></LineString></Placemark>
<Placemark><name>3180827</name><styleUrl>#styleDaimonCIRCUITO344TRECHO</styleUrl><LineString><coordinates>-47.490248,-5.562109,0 -47.490178,-5.562099,0</coordinates></LineString></Placemark>
<Placemark><name>3180825</name><styleUrl>#styleDaimonCIRCUITO344TRECHO</styleUrl><LineString><coordinates>-47.490288,-5.561996,0 -47.490248,-5.562109,0</coordinates></LineString></Placemark>
<Placemark><name>3180828</name><styleUrl>#styleDaimonCIRCUITO344TRECHO</styleUrl><LineString><coordinates>-47.490248,-5.562109,0 -47.490440,-5.562191,0</coordinates></LineString></Placemark>
<Placemark><name>3179572</name><styleUrl>#styleDaimonCIRCUITO344TRECHO</styleUrl><LineString><coordinates>-47.490378,-5.561742,0 -47.490288,-5.561996,0</coordinates></LineString></Placemark>
<Placemark><name>3179571</name><styleUrl>#styleDaimonCIRCUITO344TRECHO</styleUrl><LineString><coordinates>-47.490496,-5.561404,0 -47.490378,-5.561742,0</coordinates></LineString></Placemark>
<Placemark><name>2787824</name><styleUrl>#styleDaimonCIRCUITO344TRECHO</styleUrl><LineString><coordinates>-47.540063,-5.589363,0 -47.539475,-5.589853,0</coordinates></LineString></Placemark>
<Placemark><name>3643631</name><styleUrl>#styleDaimonCIRCUITO344TRECHO</styleUrl><LineString><coordinates>-47.539209,-5.583620,0 -47.539071,-5.582993,0</coordinates></LineString></Placemark>
<Placemark><name>12157560</name><styleUrl>#styleDaimonCIRCUITO344TRECHO</styleUrl><LineString><coordinates>-47.539053,-5.585147,0 -47.539041,-5.585158,0</coordinates></LineString></Placemark>
<Placemark><name>3647127</name><styleUrl>#styleDaimonCIRCUITO344TRECHO</styleUrl><LineString><coordinates>-47.539041,-5.585158,0 -47.538886,-5.585132,0</coordinates></LineString></Placemark>
<Placemark><name>3647128</name><styleUrl>#styleDaimonCIRCUITO344TRECHO</styleUrl><LineString><coordinates>-47.539176,-5.584402,0 -47.539053,-5.585147,0</coordinates></LineString></Placemark>
<Placemark><name>3647126</name><styleUrl>#styleDaimonCIRCUITO344TRECHO</styleUrl><LineString><coordinates>-47.539285,-5.583765,0 -47.539176,-5.584402,0</coordinates></LineString></Placemark>
<Placemark><name>2787818</name><styleUrl>#styleDaimonCIRCUITO344TRECHO</styleUrl><LineString><coordinates>-47.547034,-5.583574,0 -47.547021,-5.582735,0</coordinates></LineString></Placemark>
<Placemark><name>2777603</name><styleUrl>#styleDaimonCIRCUITO344TRECHO</styleUrl><LineString><coordinates>-47.557460,-5.619389,0 -47.557509,-5.620328,0</coordinates></LineString></Placemark>
<Placemark><name>2777604</name><styleUrl>#styleDaimonCIRCUITO344TRECHO</styleUrl><LineString><coordinates>-47.557509,-5.620328,0 -47.557625,-5.621205,0</coordinates></LineString></Placemark>
<Placemark><name>2777607</name><styleUrl>#styleDaimonCIRCUITO344TRECHO</styleUrl><LineString><coordinates>-47.557389,-5.618561,0 -47.557460,-5.619389,0</coordinates></LineString></Placemark>
<Placemark><name>2777608</name><styleUrl>#styleDaimonCIRCUITO344TRECHO</styleUrl><LineString><coordinates>-47.557297,-5.617638,0 -47.557389,-5.618561,0</coordinates></LineString></Placemark>
<Placemark><name>2777606</name><styleUrl>#styleDaimonCIRCUITO344TRECHO</styleUrl><LineString><coordinates>-47.557228,-5.616582,0 -47.557297,-5.617638,0</coordinates></LineString></Placemark>
<Placemark><name>2777605</name><styleUrl>#styleDaimonCIRCUITO344TRECHO</styleUrl><LineString><coordinates>-47.557153,-5.615626,0 -47.557228,-5.616582,0</coordinates></LineString></Placemark>
<Placemark><name>2777609</name><styleUrl>#styleDaimonCIRCUITO344TRECHO</styleUrl><LineString><coordinates>-47.557188,-5.614591,0 -47.557153,-5.615626,0</coordinates></LineString></Placemark>
<Placemark><name>12138611</name><styleUrl>#styleDaimonCIRCUITO344TRECHO</styleUrl><LineString><coordinates>-47.557189,-5.614557,0 -47.557188,-5.614591,0</coordinates></LineString></Placemark>
<Placemark><name>2777356</name><styleUrl>#styleDaimonCIRCUITO344TRECHO</styleUrl><LineString><coordinates>-47.557074,-5.612813,0 -47.557189,-5.614557,0</coordinates></LineString></Placemark>
<Placemark><name>3665848</name><styleUrl>#styleDaimonCIRCUITO344TRECHO</styleUrl><LineString><coordinates>-47.557189,-5.614557,0 -47.557202,-5.614562,0</coordinates></LineString></Placemark>
<Placemark><name>2777611</name><styleUrl>#styleDaimonCIRCUITO344TRECHO</styleUrl><LineString><coordinates>-47.557051,-5.611915,0 -47.557074,-5.612813,0</coordinates></LineString></Placemark>
<Placemark><name>2776680</name><styleUrl>#styleDaimonCIRCUITO344TRECHO</styleUrl><LineString><coordinates>-47.556998,-5.611054,0 -47.557051,-5.611915,0</coordinates></LineString></Placemark>
<Placemark><name>2786947</name><styleUrl>#styleDaimonCIRCUITO344TRECHO</styleUrl><LineString><coordinates>-47.556968,-5.610604,0 -47.556998,-5.611054,0</coordinates></LineString></Placemark>
<Placemark><name>2776679</name><styleUrl>#styleDaimonCIRCUITO344TRECHO</styleUrl><LineString><coordinates>-47.556927,-5.609754,0 -47.556968,-5.610604,0</coordinates></LineString></Placemark>
<Placemark><name>2786949</name><styleUrl>#styleDaimonCIRCUITO344TRECHO</styleUrl><LineString><coordinates>-47.556854,-5.608826,0 -47.556927,-5.609754,0</coordinates></LineString></Placemark>
<Placemark><name>2786951</name><styleUrl>#styleDaimonCIRCUITO344TRECHO</styleUrl><LineString><coordinates>-47.556825,-5.608301,0 -47.556854,-5.608826,0</coordinates></LineString></Placemark>
<Placemark><name>30238390</name><styleUrl>#styleDaimonCIRCUITO344TRECHO</styleUrl><LineString><coordinates>-47.556797,-5.607766,0 -47.556825,-5.608301,0</coordinates></LineString></Placemark>
<Placemark><name>30238362</name><styleUrl>#styleDaimonCIRCUITO344TRECHO</styleUrl><LineString><coordinates>-47.556825,-5.608301,0 -47.555743,-5.608309,0</coordinates></LineString></Placemark>
<Placemark><name>12138613</name><styleUrl>#styleDaimonCIRCUITO344TRECHO</styleUrl><LineString><coordinates>-47.556793,-5.607733,0 -47.556797,-5.607766,0</coordinates></LineString></Placemark>
<Placemark><name>30238365</name><styleUrl>#styleDaimonCIRCUITO344TRECHO</styleUrl><LineString><coordinates>-47.555743,-5.608309,0 -47.554573,-5.608333,0</coordinates></LineString></Placemark>
<Placemark><name>2786950</name><styleUrl>#styleDaimonCIRCUITO344TRECHO</styleUrl><LineString><coordinates>-47.556714,-5.606797,0 -47.556793,-5.607733,0</coordinates></LineString></Placemark>
<Placemark><name>2786952</name><styleUrl>#styleDaimonCIRCUITO344TRECHO</styleUrl><LineString><coordinates>-47.556705,-5.606376,0 -47.556714,-5.606797,0</coordinates></LineString></Placemark>
<Placemark><name>2786954</name><styleUrl>#styleDaimonCIRCUITO344TRECHO</styleUrl><LineString><coordinates>-47.556673,-5.606077,0 -47.556705,-5.606376,0</coordinates></LineString></Placemark>
<Placemark><name>2786955</name><styleUrl>#styleDaimonCIRCUITO344TRECHO</styleUrl><LineString><coordinates>-47.556587,-5.605180,0 -47.556673,-5.606077,0</coordinates></LineString></Placemark>
<Placemark><name>2786956</name><styleUrl>#styleDaimonCIRCUITO344TRECHO</styleUrl><LineString><coordinates>-47.556521,-5.604089,0 -47.556587,-5.605180,0</coordinates></LineString></Placemark>
<Placemark><name>2786957</name><styleUrl>#styleDaimonCIRCUITO344TRECHO</styleUrl><LineString><coordinates>-47.556493,-5.603749,0 -47.556521,-5.604089,0</coordinates></LineString></Placemark>
<Placemark><name>2787166</name><styleUrl>#styleDaimonCIRCUITO344TRECHO</styleUrl><LineString><coordinates>-47.556474,-5.603245,0 -47.556493,-5.603749,0</coordinates></LineString></Placemark>
<Placemark><name>2787167</name><styleUrl>#styleDaimonCIRCUITO344TRECHO</styleUrl><LineString><coordinates>-47.556398,-5.602085,0 -47.556474,-5.603245,0</coordinates></LineString></Placemark>
<Placemark><name>2787169</name><styleUrl>#styleDaimonCIRCUITO344TRECHO</styleUrl><LineString><coordinates>-47.556326,-5.600967,0 -47.556398,-5.602085,0</coordinates></LineString></Placemark>
<Placemark><name>12138601</name><styleUrl>#styleDaimonCIRCUITO344TRECHO</styleUrl><LineString><coordinates>-47.556334,-5.600936,0 -47.556326,-5.600967,0</coordinates></LineString></Placemark>
<Placemark><name>2787170</name><styleUrl>#styleDaimonCIRCUITO344TRECHO</styleUrl><LineString><coordinates>-47.556566,-5.600563,0 -47.556334,-5.600936,0</coordinates></LineString></Placemark>
<Placemark><name>2787172</name><styleUrl>#styleDaimonCIRCUITO344TRECHO</styleUrl><LineString><coordinates>-47.556777,-5.600210,0 -47.556566,-5.600563,0</coordinates></LineString></Placemark>
<Placemark><name>2787174</name><styleUrl>#styleDaimonCIRCUITO344TRECHO</styleUrl><LineString><coordinates>-47.557272,-5.599455,0 -47.556777,-5.600210,0</coordinates></LineString></Placemark>
<Placemark><name>2787175</name><styleUrl>#styleDaimonCIRCUITO344TRECHO</styleUrl><LineString><coordinates>-47.557764,-5.598694,0 -47.557272,-5.599455,0</coordinates></LineString></Placemark>
<Placemark><name>2787176</name><styleUrl>#styleDaimonCIRCUITO344TRECHO</styleUrl><LineString><coordinates>-47.557840,-5.598549,0 -47.557764,-5.598694,0</coordinates></LineString></Placemark>
<Placemark><name>2787177</name><styleUrl>#styleDaimonCIRCUITO344TRECHO</styleUrl><LineString><coordinates>-47.558242,-5.597924,0 -47.557840,-5.598549,0</coordinates></LineString></Placemark>
<Placemark><name>2787180</name><styleUrl>#styleDaimonCIRCUITO344TRECHO</styleUrl><LineString><coordinates>-47.558824,-5.596988,0 -47.558242,-5.597924,0</coordinates></LineString></Placemark>
<Placemark><name>2787179</name><styleUrl>#styleDaimonCIRCUITO344TRECHO</styleUrl><LineString><coordinates>-47.559406,-5.596083,0 -47.558824,-5.596988,0</coordinates></LineString></Placemark>
<Placemark><name>2787181</name><styleUrl>#styleDaimonCIRCUITO344TRECHO</styleUrl><LineString><coordinates>-47.559903,-5.595184,0 -47.559406,-5.596083,0</coordinates></LineString></Placemark>
<Placemark><name>2787183</name><styleUrl>#styleDaimonCIRCUITO344TRECHO</styleUrl><LineString><coordinates>-47.560541,-5.594233,0 -47.559903,-5.595184,0</coordinates></LineString></Placemark>
<Placemark><name>2787371</name><styleUrl>#styleDaimonCIRCUITO344TRECHO</styleUrl><LineString><coordinates>-47.560877,-5.593110,0 -47.560541,-5.594233,0</coordinates></LineString></Placemark>
<Placemark><name>2787373</name><styleUrl>#styleDaimonCIRCUITO344TRECHO</styleUrl><LineString><coordinates>-47.561149,-5.592397,0 -47.560877,-5.593110,0</coordinates></LineString></Placemark>
<Placemark><name>2787377</name><styleUrl>#styleDaimonCIRCUITO344TRECHO</styleUrl><LineString><coordinates>-47.561247,-5.591934,0 -47.561149,-5.592397,0</coordinates></LineString></Placemark>
<Placemark><name>2787376</name><styleUrl>#styleDaimonCIRCUITO344TRECHO</styleUrl><LineString><coordinates>-47.561385,-5.591481,0 -47.561247,-5.591934,0</coordinates></LineString></Placemark>
<Placemark><name>2787375</name><styleUrl>#styleDaimonCIRCUITO344TRECHO</styleUrl><LineString><coordinates>-47.561524,-5.591013,0 -47.561385,-5.591481,0</coordinates></LineString></Placemark>
<Placemark><name>12138712</name><styleUrl>#styleDaimonCIRCUITO344TRECHO</styleUrl><LineString><coordinates>-47.561526,-5.590979,0 -47.561524,-5.591013,0</coordinates></LineString></Placemark>
<Placemark><name>3665847</name><styleUrl>#styleDaimonCIRCUITO344TRECHO</styleUrl><LineString><coordinates>-47.561526,-5.590979,0 -47.561514,-5.590988,0</coordinates></LineString></Placemark>
<Placemark><name>2778294</name><styleUrl>#styleDaimonCIRCUITO344TRECHO</styleUrl><LineString><coordinates>-47.561494,-5.590611,0 -47.561526,-5.590979,0</coordinates></LineString></Placemark>
<Placemark><name>2778293</name><styleUrl>#styleDaimonCIRCUITO344TRECHO</styleUrl><LineString><coordinates>-47.561446,-5.590272,0 -47.561494,-5.590611,0</coordinates></LineString></Placemark>
<Placemark><name>2778292</name><styleUrl>#styleDaimonCIRCUITO344TRECHO</styleUrl><LineString><coordinates>-47.561449,-5.589966,0 -47.561446,-5.590272,0</coordinates></LineString></Placemark>
<Placemark><name>2787596</name><styleUrl>#styleDaimonCIRCUITO344TRECHO</styleUrl><LineString><coordinates>-47.561388,-5.589604,0 -47.561449,-5.589966,0</coordinates></LineString></Placemark>
<Placemark><name>2779207</name><styleUrl>#styleDaimonCIRCUITO344TRECHO</styleUrl><LineString><coordinates>-47.561394,-5.589234,0 -47.561388,-5.589604,0</coordinates></LineString></Placemark>
<Placemark><name>2788797</name><styleUrl>#styleDaimonCIRCUITO344TRECHO</styleUrl><LineString><coordinates>-47.561430,-5.588850,0 -47.561394,-5.589234,0</coordinates></LineString></Placemark>
<Placemark><name>2788798</name><styleUrl>#styleDaimonCIRCUITO344TRECHO</styleUrl><LineString><coordinates>-47.561358,-5.588541,0 -47.561430,-5.588850,0</coordinates></LineString></Placemark>
<Placemark><name>2788802</name><styleUrl>#styleDaimonCIRCUITO344TRECHO</styleUrl><LineString><coordinates>-47.561341,-5.588246,0 -47.561358,-5.588541,0</coordinates></LineString></Placemark>
<Placemark><name>2788803</name><styleUrl>#styleDaimonCIRCUITO344TRECHO</styleUrl><LineString><coordinates>-47.561331,-5.587898,0 -47.561341,-5.588246,0</coordinates></LineString></Placemark>
<Placemark><name>2788970</name><styleUrl>#styleDaimonCIRCUITO344TRECHO</styleUrl><LineString><coordinates>-47.561279,-5.587613,0 -47.561331,-5.587898,0</coordinates></LineString></Placemark>
<Placemark><name>2777597</name><styleUrl>#styleDaimonCIRCUITO344TRECHO</styleUrl><LineString><coordinates>-47.561275,-5.587276,0 -47.561279,-5.587613,0</coordinates></LineString></Placemark>
<Placemark><name>2777764</name><styleUrl>#styleDaimonCIRCUITO344TRECHO</styleUrl><LineString><coordinates>-47.561185,-5.587005,0 -47.561275,-5.587276,0</coordinates></LineString></Placemark>
<Placemark><name>2777765</name><styleUrl>#styleDaimonCIRCUITO344TRECHO</styleUrl><LineString><coordinates>-47.561143,-5.586675,0 -47.561185,-5.587005,0</coordinates></LineString></Placemark>
<Placemark><name>2788971</name><styleUrl>#styleDaimonCIRCUITO344TRECHO</styleUrl><LineString><coordinates>-47.561085,-5.586348,0 -47.561143,-5.586675,0</coordinates></LineString></Placemark>
<Placemark><name>2788972</name><styleUrl>#styleDaimonCIRCUITO344TRECHO</styleUrl><LineString><coordinates>-47.561075,-5.586053,0 -47.561085,-5.586348,0</coordinates></LineString></Placemark>
<Placemark><name>2788973</name><styleUrl>#styleDaimonCIRCUITO344TRECHO</styleUrl><LineString><coordinates>-47.560995,-5.585721,0 -47.561075,-5.586053,0</coordinates></LineString></Placemark>
<Placemark><name>2788974</name><styleUrl>#styleDaimonCIRCUITO344TRECHO</styleUrl><LineString><coordinates>-47.561019,-5.585442,0 -47.560995,-5.585721,0</coordinates></LineString></Placemark>
<Placemark><name>44516095</name><styleUrl>#styleDaimonCIRCUITO344TRECHO</styleUrl><LineString><coordinates>-47.598393,-5.546672,0 -47.598399,-5.546645,0</coordinates></LineString></Placemark>
<Placemark><name>38783433</name><styleUrl>#styleDaimonCIRCUITO344TRECHO</styleUrl><LineString><coordinates>-47.598399,-5.546645,0 -47.598412,-5.546524,0</coordinates></LineString></Placemark>
<Placemark><name>44516009</name><styleUrl>#styleDaimonCIRCUITO344TRECHO</styleUrl><LineString><coordinates>-47.598257,-5.547461,0 -47.598393,-5.546672,0</coordinates></LineString></Placemark>
<Placemark><name>38783474</name><styleUrl>#styleDaimonCIRCUITO344TRECHO</styleUrl><LineString><coordinates>-47.598412,-5.546524,0 -47.598387,-5.546521,0</coordinates></LineString></Placemark>
<Placemark><name>44516033</name><styleUrl>#styleDaimonCIRCUITO344TRECHO</styleUrl><LineString><coordinates>-47.598412,-5.546524,0 -47.598483,-5.545906,0</coordinates></LineString></Placemark>
<Placemark><name>44516017</name><styleUrl>#styleDaimonCIRCUITO344TRECHO</styleUrl><LineString><coordinates>-47.598116,-5.548280,0 -47.598257,-5.547461,0</coordinates></LineString></Placemark>
<Placemark><name>38783470</name><styleUrl>#styleDaimonCIRCUITO344TRECHO</styleUrl><LineString><coordinates>-47.598387,-5.546521,0 -47.598122,-5.546449,0</coordinates></LineString></Placemark>
<Placemark><name>44516034</name><styleUrl>#styleDaimonCIRCUITO344TRECHO</styleUrl><LineString><coordinates>-47.598483,-5.545906,0 -47.598581,-5.545099,0</coordinates></LineString></Placemark>
<Placemark><name>44516016</name><styleUrl>#styleDaimonCIRCUITO344TRECHO</styleUrl><LineString><coordinates>-47.597756,-5.549132,0 -47.598116,-5.548280,0</coordinates></LineString></Placemark>
<Placemark><name>36675511</name><styleUrl>#styleDaimonCIRCUITO344TRECHO</styleUrl><LineString><coordinates>-47.598122,-5.546449,0 -47.597801,-5.546048,0</coordinates></LineString></Placemark>
<Placemark><name>27762301</name><styleUrl>#styleDaimonCIRCUITO344TRECHO</styleUrl><LineString><coordinates>-47.598122,-5.546449,0 -47.597711,-5.546440,0</coordinates></LineString></Placemark>
<Placemark><name>44516035</name><styleUrl>#styleDaimonCIRCUITO344TRECHO</styleUrl><LineString><coordinates>-47.598581,-5.545099,0 -47.598689,-5.544221,0</coordinates></LineString></Placemark>
<Placemark><name>44516091</name><styleUrl>#styleDaimonCIRCUITO344TRECHO</styleUrl><LineString><coordinates>-47.597741,-5.549166,0 -47.597756,-5.549132,0</coordinates></LineString></Placemark>
<Placemark><name>36675529</name><styleUrl>#styleDaimonCIRCUITO344TRECHO</styleUrl><LineString><coordinates>-47.597801,-5.546048,0 -47.597765,-5.546049,0</coordinates></LineString></Placemark>
<Placemark><name>27762319</name><styleUrl>#styleDaimonCIRCUITO344TRECHO</styleUrl><LineString><coordinates>-47.597711,-5.546440,0 -47.597685,-5.546438,0</coordinates></LineString></Placemark>
<Placemark><name>30929822</name><styleUrl>#styleDaimonCIRCUITO344TRECHO</styleUrl><LineString><coordinates>-47.598689,-5.544221,0 -47.598761,-5.543638,0</coordinates></LineString></Placemark>
<Placemark><name>44515994</name><styleUrl>#styleDaimonCIRCUITO344TRECHO</styleUrl><LineString><coordinates>-47.597219,-5.550042,0 -47.597741,-5.549166,0</coordinates></LineString></Placemark>
<Placemark><name>36675515</name><styleUrl>#styleDaimonCIRCUITO344TRECHO</styleUrl><LineString><coordinates>-47.597765,-5.546049,0 -47.597224,-5.546315,0</coordinates></LineString></Placemark>
<Placemark><name>40002980</name><styleUrl>#styleDaimonCIRCUITO344TRECHO</styleUrl><LineString><coordinates>-47.597685,-5.546438,0 -47.597223,-5.546377,0</coordinates></LineString></Placemark>
<Placemark><name>44516036</name><styleUrl>#styleDaimonCIRCUITO344TRECHO</styleUrl><LineString><coordinates>-47.598761,-5.543638,0 -47.598823,-5.543145,0</coordinates></LineString></Placemark>
<Placemark><name>44516002</name><styleUrl>#styleDaimonCIRCUITO344TRECHO</styleUrl><LineString><coordinates>-47.596696,-5.550919,0 -47.597219,-5.550042,0</coordinates></LineString></Placemark>
<Placemark><name>36675533</name><styleUrl>#styleDaimonCIRCUITO344TRECHO</styleUrl><LineString><coordinates>-47.597224,-5.546315,0 -47.597198,-5.546328,0</coordinates></LineString></Placemark>
<Placemark><name>27762305</name><styleUrl>#styleDaimonCIRCUITO344TRECHO</styleUrl><LineString><coordinates>-47.597223,-5.546377,0 -47.597103,-5.546362,0</coordinates></LineString></Placemark>
<Placemark><name>44516024</name><styleUrl>#styleDaimonCIRCUITO344TRECHO</styleUrl><LineString><coordinates>-47.598823,-5.543145,0 -47.598958,-5.542048,0</coordinates></LineString></Placemark>
<Placemark><name>44516001</name><styleUrl>#styleDaimonCIRCUITO344TRECHO</styleUrl><LineString><coordinates>-47.596209,-5.551505,0 -47.596696,-5.550919,0</coordinates></LineString></Placemark>
<Placemark><name>36675520</name><styleUrl>#styleDaimonCIRCUITO344TRECHO</styleUrl><LineString><coordinates>-47.597198,-5.546328,0 -47.596216,-5.546189,0</coordinates></LineString></Placemark>
<Placemark><name>27762315</name><styleUrl>#styleDaimonCIRCUITO344TRECHO</styleUrl><LineString><coordinates>-47.597103,-5.546362,0 -47.597077,-5.546359,0</coordinates></LineString></Placemark>
<Placemark><name>44516099</name><styleUrl>#styleDaimonCIRCUITO344TRECHO</styleUrl><LineString><coordinates>-47.598958,-5.542048,0 -47.598962,-5.542019,0</coordinates></LineString></Placemark>
<Placemark><name>44516087</name><styleUrl>#styleDaimonCIRCUITO344TRECHO</styleUrl><LineString><coordinates>-47.596179,-5.551522,0 -47.596209,-5.551505,0</coordinates></LineString></Placemark>
<Placemark><name>36675525</name><styleUrl>#styleDaimonCIRCUITO344TRECHO</styleUrl><LineString><coordinates>-47.596216,-5.546189,0 -47.595650,-5.546220,0</coordinates></LineString></Placemark>
<Placemark><name>27762310</name><styleUrl>#styleDaimonCIRCUITO344TRECHO</styleUrl><LineString><coordinates>-47.597077,-5.546359,0 -47.597320,-5.545820,0</coordinates></LineString></Placemark>
<Placemark><name>44516059</name><styleUrl>#styleDaimonCIRCUITO344TRECHO</styleUrl><LineString><coordinates>-47.598962,-5.542019,0 -47.599421,-5.540906,0</coordinates></LineString></Placemark>
<Placemark><name>44515979</name><styleUrl>#styleDaimonCIRCUITO344TRECHO</styleUrl><LineString><coordinates>-47.595373,-5.551883,0 -47.596179,-5.551522,0</coordinates></LineString></Placemark>
<Placemark><name>42983003</name><styleUrl>#styleDaimonCIRCUITO344TRECHO</styleUrl><LineString><coordinates>-47.595650,-5.546220,0 -47.595317,-5.546238,0</coordinates></LineString></Placemark>
<Placemark><name>44516060</name><styleUrl>#styleDaimonCIRCUITO344TRECHO</styleUrl><LineString><coordinates>-47.599421,-5.540906,0 -47.599827,-5.539910,0</coordinates></LineString></Placemark>
<Placemark><name>44515987</name><styleUrl>#styleDaimonCIRCUITO344TRECHO</styleUrl><LineString><coordinates>-47.594860,-5.552167,0 -47.595373,-5.551883,0</coordinates></LineString></Placemark>
<Placemark><name>44516061</name><styleUrl>#styleDaimonCIRCUITO344TRECHO</styleUrl><LineString><coordinates>-47.599827,-5.539910,0 -47.600308,-5.539115,0</coordinates></LineString></Placemark>
<Placemark><name>44515986</name><styleUrl>#styleDaimonCIRCUITO344TRECHO</styleUrl><LineString><coordinates>-47.594397,-5.552399,0 -47.594860,-5.552167,0</coordinates></LineString></Placemark>
<Placemark><name>21264616</name><styleUrl>#styleDaimonCIRCUITO344TRECHO</styleUrl><LineString><coordinates>-47.600308,-5.539115,0 -47.600465,-5.538953,0</coordinates></LineString></Placemark>
<Placemark><name>44516083</name><styleUrl>#styleDaimonCIRCUITO344TRECHO</styleUrl><LineString><coordinates>-47.594368,-5.552385,0 -47.594397,-5.552399,0</coordinates></LineString></Placemark>
<Placemark><name>44516062</name><styleUrl>#styleDaimonCIRCUITO344TRECHO</styleUrl><LineString><coordinates>-47.600465,-5.538953,0 -47.600816,-5.538590,0</coordinates></LineString></Placemark>
<Placemark><name>44515975</name><styleUrl>#styleDaimonCIRCUITO344TRECHO</styleUrl><LineString><coordinates>-47.594152,-5.552241,0 -47.594368,-5.552385,0</coordinates></LineString></Placemark>
<Placemark><name>44516063</name><styleUrl>#styleDaimonCIRCUITO344TRECHO</styleUrl><LineString><coordinates>-47.600816,-5.538590,0 -47.601375,-5.538012,0</coordinates></LineString></Placemark>
<Placemark><name>44516049</name><styleUrl>#styleDaimonCIRCUITO344TRECHO</styleUrl><LineString><coordinates>-47.601375,-5.538012,0 -47.601864,-5.537507,0</coordinates></LineString></Placemark>
<Placemark><name>45228753</name><styleUrl>#styleDaimonCIRCUITO344TRECHO</styleUrl><LineString><coordinates>-47.601864,-5.537507,0 -47.602703,-5.536650,0</coordinates></LineString></Placemark>
<Placemark><name>45228737</name><styleUrl>#styleDaimonCIRCUITO344TRECHO</styleUrl><LineString><coordinates>-47.602703,-5.536650,0 -47.602699,-5.536631,0</coordinates></LineString></Placemark>
<Placemark><name>45228749</name><styleUrl>#styleDaimonCIRCUITO344TRECHO</styleUrl><LineString><coordinates>-47.602699,-5.536631,0 -47.602153,-5.535850,0</coordinates></LineString></Placemark>
<Placemark><name>45228744</name><styleUrl>#styleDaimonCIRCUITO344TRECHO</styleUrl><LineString><coordinates>-47.602153,-5.535850,0 -47.601631,-5.535038,0</coordinates></LineString></Placemark>
<Placemark><name>2775874</name><styleUrl>#styleDaimonCIRCUITO344TRECHO</styleUrl><LineString><coordinates>-47.603592,-5.583814,0 -47.603707,-5.584097,0</coordinates></LineString></Placemark>
<Placemark><name>2789712</name><styleUrl>#styleDaimonCIRCUITO344TRECHO</styleUrl><LineString><coordinates>-47.603707,-5.584097,0 -47.604046,-5.584843,0</coordinates></LineString></Placemark>
<Placemark><name>53438908</name><styleUrl>#styleDaimonCIRCUITO344TRECHO</styleUrl><LineString><coordinates>-47.603477,-5.583530,0 -47.603592,-5.583814,0</coordinates></LineString></Placemark>
<Placemark><name>2789711</name><styleUrl>#styleDaimonCIRCUITO344TRECHO</styleUrl><LineString><coordinates>-47.604046,-5.584843,0 -47.604293,-5.585293,0</coordinates></LineString></Placemark>
<Placemark><name>12138253</name><styleUrl>#styleDaimonCIRCUITO344TRECHO</styleUrl><LineString><coordinates>-47.603463,-5.583498,0 -47.603477,-5.583530,0</coordinates></LineString></Placemark>
<Placemark><name>2789713</name><styleUrl>#styleDaimonCIRCUITO344TRECHO</styleUrl><LineString><coordinates>-47.604293,-5.585293,0 -47.604334,-5.585949,0</coordinates></LineString></Placemark>
<Placemark><name>2775873</name><styleUrl>#styleDaimonCIRCUITO344TRECHO</styleUrl><LineString><coordinates>-47.602781,-5.582030,0 -47.603463,-5.583498,0</coordinates></LineString></Placemark>
<Placemark><name>12147380</name><styleUrl>#styleDaimonCIRCUITO344TRECHO</styleUrl><LineString><coordinates>-47.604334,-5.585949,0 -47.604336,-5.585983,0</coordinates></LineString></Placemark>
<Placemark><name>2778512</name><styleUrl>#styleDaimonCIRCUITO344TRECHO</styleUrl><LineString><coordinates>-47.602591,-5.581638,0 -47.602781,-5.582030,0</coordinates></LineString></Placemark>
<Placemark><name>3616704</name><styleUrl>#styleDaimonCIRCUITO344TRECHO</styleUrl><LineString><coordinates>-47.604336,-5.585983,0 -47.604305,-5.586307,0</coordinates></LineString></Placemark>
<Placemark><name>12138254</name><styleUrl>#styleDaimonCIRCUITO344TRECHO</styleUrl><LineString><coordinates>-47.602595,-5.581610,0 -47.602591,-5.581638,0</coordinates></LineString></Placemark>
<Placemark><name>3616706</name><styleUrl>#styleDaimonCIRCUITO344TRECHO</styleUrl><LineString><coordinates>-47.604305,-5.586307,0 -47.604266,-5.586629,0</coordinates></LineString></Placemark>
<Placemark><name>2775872</name><styleUrl>#styleDaimonCIRCUITO344TRECHO</styleUrl><LineString><coordinates>-47.602991,-5.581069,0 -47.602595,-5.581610,0</coordinates></LineString></Placemark>
<Placemark><name>3616970</name><styleUrl>#styleDaimonCIRCUITO344TRECHO</styleUrl><LineString><coordinates>-47.604266,-5.586629,0 -47.604249,-5.586947,0</coordinates></LineString></Placemark>
<Placemark><name>2788966</name><styleUrl>#styleDaimonCIRCUITO344TRECHO</styleUrl><LineString><coordinates>-47.603890,-5.579940,0 -47.602991,-5.581069,0</coordinates></LineString></Placemark>
<Placemark><name>2775888</name><styleUrl>#styleDaimonCIRCUITO344TRECHO</styleUrl><LineString><coordinates>-47.604249,-5.586947,0 -47.604240,-5.587268,0</coordinates></LineString></Placemark>
<Placemark><name>2788967</name><styleUrl>#styleDaimonCIRCUITO344TRECHO</styleUrl><LineString><coordinates>-47.604484,-5.579083,0 -47.603890,-5.579940,0</coordinates></LineString></Placemark>
<Placemark><name>2789714</name><styleUrl>#styleDaimonCIRCUITO344TRECHO</styleUrl><LineString><coordinates>-47.604240,-5.587268,0 -47.604254,-5.587595,0</coordinates></LineString></Placemark>
<Placemark><name>2788968</name><styleUrl>#styleDaimonCIRCUITO344TRECHO</styleUrl><LineString><coordinates>-47.605005,-5.578434,0 -47.604484,-5.579083,0</coordinates></LineString></Placemark>
<Placemark><name>2789715</name><styleUrl>#styleDaimonCIRCUITO344TRECHO</styleUrl><LineString><coordinates>-47.604254,-5.587595,0 -47.604271,-5.587937,0</coordinates></LineString></Placemark>
<Placemark><name>2789159</name><styleUrl>#styleDaimonCIRCUITO344TRECHO</styleUrl><LineString><coordinates>-47.605414,-5.577882,0 -47.605005,-5.578434,0</coordinates></LineString></Placemark>
<Placemark><name>3616168</name><styleUrl>#styleDaimonCIRCUITO344TRECHO</styleUrl><LineString><coordinates>-47.604271,-5.587937,0 -47.604287,-5.588177,0</coordinates></LineString></Placemark>
<Placemark><name>12138252</name><styleUrl>#styleDaimonCIRCUITO344TRECHO</styleUrl><LineString><coordinates>-47.605439,-5.577861,0 -47.605414,-5.577882,0</coordinates></LineString></Placemark>
<Placemark><name>3616164</name><styleUrl>#styleDaimonCIRCUITO344TRECHO</styleUrl><LineString><coordinates>-47.604287,-5.588177,0 -47.604430,-5.588166,0</coordinates></LineString></Placemark>
<Placemark><name>3616166</name><styleUrl>#styleDaimonCIRCUITO344TRECHO</styleUrl><LineString><coordinates>-47.604287,-5.588177,0 -47.604247,-5.588199,0</coordinates></LineString></Placemark>
<Placemark><name>3616167</name><styleUrl>#styleDaimonCIRCUITO344TRECHO</styleUrl><LineString><coordinates>-47.604287,-5.588177,0 -47.604298,-5.588331,0</coordinates></LineString></Placemark>
<Placemark><name>2776304</name><styleUrl>#styleDaimonCIRCUITO344TRECHO</styleUrl><LineString><coordinates>-47.605624,-5.577782,0 -47.605439,-5.577861,0</coordinates></LineString></Placemark>
<Placemark><name>2789716</name><styleUrl>#styleDaimonCIRCUITO344TRECHO</styleUrl><LineString><coordinates>-47.604298,-5.588331,0 -47.604333,-5.588591,0</coordinates></LineString></Placemark>
<Placemark><name>12138597</name><styleUrl>#styleDaimonCIRCUITO344TRECHO</styleUrl><LineString><coordinates>-47.604333,-5.588591,0 -47.604340,-5.588625,0</coordinates></LineString></Placemark>
<Placemark><name>2775886</name><styleUrl>#styleDaimonCIRCUITO344TRECHO</styleUrl><LineString><coordinates>-47.604340,-5.588625,0 -47.604403,-5.588889,0</coordinates></LineString></Placemark>
<Placemark><name>12158267</name><styleUrl>#styleDaimonCIRCUITO344TRECHO</styleUrl><LineString><coordinates>-47.604403,-5.588889,0 -47.604378,-5.588900,0</coordinates></LineString></Placemark>
<Placemark><name>3616703</name><styleUrl>#styleDaimonCIRCUITO344TRECHO</styleUrl><LineString><coordinates>-47.604403,-5.588889,0 -47.604476,-5.589145,0</coordinates></LineString></Placemark>
<Placemark><name>3616705</name><styleUrl>#styleDaimonCIRCUITO344TRECHO</styleUrl><LineString><coordinates>-47.604378,-5.588900,0 -47.604192,-5.588944,0</coordinates></LineString></Placemark>
<Placemark><name>3616707</name><styleUrl>#styleDaimonCIRCUITO344TRECHO</styleUrl><LineString><coordinates>-47.604476,-5.589145,0 -47.604555,-5.589375,0</coordinates></LineString></Placemark>
<Placemark><name>3616971</name><styleUrl>#styleDaimonCIRCUITO344TRECHO</styleUrl><LineString><coordinates>-47.604192,-5.588944,0 -47.603954,-5.588998,0</coordinates></LineString></Placemark>
<Placemark><name>2775887</name><styleUrl>#styleDaimonCIRCUITO344TRECHO</styleUrl><LineString><coordinates>-47.604555,-5.589375,0 -47.604681,-5.589666,0</coordinates></LineString></Placemark>
<Placemark><name>3616972</name><styleUrl>#styleDaimonCIRCUITO344TRECHO</styleUrl><LineString><coordinates>-47.603954,-5.588998,0 -47.603656,-5.589061,0</coordinates></LineString></Placemark>
<Placemark><name>3613612</name><styleUrl>#styleDaimonCIRCUITO344TRECHO</styleUrl><LineString><coordinates>-47.604681,-5.589666,0 -47.604765,-5.589888,0</coordinates></LineString></Placemark>
<Placemark><name>3613615</name><styleUrl>#styleDaimonCIRCUITO344TRECHO</styleUrl><LineString><coordinates>-47.604765,-5.589888,0 -47.604874,-5.590183,0</coordinates></LineString></Placemark>
<Placemark><name>3613613</name><styleUrl>#styleDaimonCIRCUITO344TRECHO</styleUrl><LineString><coordinates>-47.604874,-5.590183,0 -47.604974,-5.590465,0</coordinates></LineString></Placemark>
<Placemark><name>3613614</name><styleUrl>#styleDaimonCIRCUITO344TRECHO</styleUrl><LineString><coordinates>-47.604974,-5.590465,0 -47.605058,-5.590690,0</coordinates></LineString></Placemark>
<Placemark><name>3613616</name><styleUrl>#styleDaimonCIRCUITO344TRECHO</styleUrl><LineString><coordinates>-47.605058,-5.590690,0 -47.605165,-5.590985,0</coordinates></LineString></Placemark>
<Placemark><name>3585605</name><styleUrl>#styleDaimonCIRCUITO344TRECHO</styleUrl><LineString><coordinates>-47.605165,-5.590985,0 -47.605203,-5.591093,0</coordinates></LineString></Placemark>
<Placemark><name>3616708</name><styleUrl>#styleDaimonCIRCUITO344TRECHO</styleUrl><LineString><coordinates>-47.605203,-5.591093,0 -47.605266,-5.591268,0</coordinates></LineString></Placemark>
<Placemark><name>12138251</name><styleUrl>#styleDaimonCIRCUITO344TRECHO</styleUrl><LineString><coordinates>-47.623388,-5.591639,0 -47.623379,-5.591654,0</coordinates></LineString></Placemark>
<Placemark><name>2779688</name><styleUrl>#styleDaimonCIRCUITO344TRECHO</styleUrl><LineString><coordinates>-47.623379,-5.591654,0 -47.623303,-5.591806,0</coordinates></LineString></Placemark>
<Placemark><name>2776101</name><styleUrl>#styleDaimonCIRCUITO344TRECHO</styleUrl><LineString><coordinates>-47.623388,-5.591639,0 -47.624473,-5.592182,0</coordinates></LineString></Placemark>
<Placemark><name>2776099</name><styleUrl>#styleDaimonCIRCUITO344TRECHO</styleUrl><LineString><coordinates>-47.622833,-5.591437,0 -47.623388,-5.591639,0</coordinates></LineString></Placemark>
<Placemark><name>12097755</name><styleUrl>#styleDaimonCIRCUITO344TRECHO</styleUrl><LineString><coordinates>-47.624473,-5.592182,0 -47.624502,-5.592200,0</coordinates></LineString></Placemark>
<Placemark><name>12048468</name><styleUrl>#styleDaimonCIRCUITO344TRECHO</styleUrl><LineString><coordinates>-47.624473,-5.592182,0 -47.624501,-5.592178,0</coordinates></LineString></Placemark>
<Placemark><name>2778518</name><styleUrl>#styleDaimonCIRCUITO344TRECHO</styleUrl><LineString><coordinates>-47.624473,-5.592182,0 -47.624467,-5.592218,0</coordinates></LineString></Placemark>
<Placemark><name>48363334</name><styleUrl>#styleDaimonCIRCUITO344TRECHO</styleUrl><LineString><coordinates>-47.622266,-5.591230,0 -47.622833,-5.591437,0</coordinates></LineString></Placemark>
<Placemark><name>2788898</name><styleUrl>#styleDaimonCIRCUITO344TRECHO</styleUrl><LineString><coordinates>-47.624502,-5.592200,0 -47.625175,-5.592703,0</coordinates></LineString></Placemark>
<Placemark><name>2776311</name><styleUrl>#styleDaimonCIRCUITO344TRECHO</styleUrl><LineString><coordinates>-47.624501,-5.592178,0 -47.624730,-5.591985,0</coordinates></LineString></Placemark>
<Placemark><name>12097754</name><styleUrl>#styleDaimonCIRCUITO344TRECHO</styleUrl><LineString><coordinates>-47.622236,-5.591213,0 -47.622266,-5.591230,0</coordinates></LineString></Placemark>
<Placemark><name>2778517</name><styleUrl>#styleDaimonCIRCUITO344TRECHO</styleUrl><LineString><coordinates>-47.622266,-5.591230,0 -47.622270,-5.591194,0</coordinates></LineString></Placemark>
<Placemark><name>12097756</name><styleUrl>#styleDaimonCIRCUITO344TRECHO</styleUrl><LineString><coordinates>-47.625175,-5.592703,0 -47.625185,-5.592690,0</coordinates></LineString></Placemark>
<Placemark><name>2788899</name><styleUrl>#styleDaimonCIRCUITO344TRECHO</styleUrl><LineString><coordinates>-47.625175,-5.592703,0 -47.626027,-5.593225,0</coordinates></LineString></Placemark>
<Placemark><name>2776098</name><styleUrl>#styleDaimonCIRCUITO344TRECHO</styleUrl><LineString><coordinates>-47.621436,-5.590550,0 -47.622236,-5.591213,0</coordinates></LineString></Placemark>
<Placemark><name>2778519</name><styleUrl>#styleDaimonCIRCUITO344TRECHO</styleUrl><LineString><coordinates>-47.625185,-5.592690,0 -47.625195,-5.592675,0</coordinates></LineString></Placemark>
<Placemark><name>12097757</name><styleUrl>#styleDaimonCIRCUITO344TRECHO</styleUrl><LineString><coordinates>-47.626027,-5.593225,0 -47.626055,-5.593245,0</coordinates></LineString></Placemark>
<Placemark><name>2775879</name><styleUrl>#styleDaimonCIRCUITO344TRECHO</styleUrl><LineString><coordinates>-47.626027,-5.593225,0 -47.626021,-5.593265,0</coordinates></LineString></Placemark>
<Placemark><name>12097745</name><styleUrl>#styleDaimonCIRCUITO344TRECHO</styleUrl><LineString><coordinates>-47.621410,-5.590528,0 -47.621436,-5.590550,0</coordinates></LineString></Placemark>
<Placemark><name>30324430</name><styleUrl>#styleDaimonCIRCUITO344TRECHO</styleUrl><LineString><coordinates>-47.626055,-5.593245,0 -47.627074,-5.594090,0</coordinates></LineString></Placemark>
<Placemark><name>2776094</name><styleUrl>#styleDaimonCIRCUITO344TRECHO</styleUrl><LineString><coordinates>-47.618562,-5.588264,0 -47.621410,-5.590528,0</coordinates></LineString></Placemark>
<Placemark><name>2778516</name><styleUrl>#styleDaimonCIRCUITO344TRECHO</styleUrl><LineString><coordinates>-47.621410,-5.590528,0 -47.621447,-5.590512,0</coordinates></LineString></Placemark>
<Placemark><name>30324442</name><styleUrl>#styleDaimonCIRCUITO344TRECHO</styleUrl><LineString><coordinates>-47.627074,-5.594090,0 -47.627099,-5.594111,0</coordinates></LineString></Placemark>
<Placemark><name>12097744</name><styleUrl>#styleDaimonCIRCUITO344TRECHO</styleUrl><LineString><coordinates>-47.618537,-5.588241,0 -47.618562,-5.588264,0</coordinates></LineString></Placemark>
<Placemark><name>2775885</name><styleUrl>#styleDaimonCIRCUITO344TRECHO</styleUrl><LineString><coordinates>-47.627099,-5.594111,0 -47.628130,-5.594965,0</coordinates></LineString></Placemark>
<Placemark><name>2789171</name><styleUrl>#styleDaimonCIRCUITO344TRECHO</styleUrl><LineString><coordinates>-47.618172,-5.587914,0 -47.618537,-5.588241,0</coordinates></LineString></Placemark>
<Placemark><name>2778510</name><styleUrl>#styleDaimonCIRCUITO344TRECHO</styleUrl><LineString><coordinates>-47.618537,-5.588241,0 -47.618572,-5.588226,0</coordinates></LineString></Placemark>
<Placemark><name>12116927</name><styleUrl>#styleDaimonCIRCUITO344TRECHO</styleUrl><LineString><coordinates>-47.628130,-5.594965,0 -47.628163,-5.594970,0</coordinates></LineString></Placemark>
<Placemark><name>12097746</name><styleUrl>#styleDaimonCIRCUITO344TRECHO</styleUrl><LineString><coordinates>-47.618172,-5.587914,0 -47.618182,-5.587903,0</coordinates></LineString></Placemark>
<Placemark><name>3665853</name><styleUrl>#styleDaimonCIRCUITO344TRECHO</styleUrl><LineString><coordinates>-47.618172,-5.587914,0 -47.618175,-5.587929,0</coordinates></LineString></Placemark>
<Placemark><name>2789170</name><styleUrl>#styleDaimonCIRCUITO344TRECHO</styleUrl><LineString><coordinates>-47.617454,-5.587277,0 -47.618172,-5.587914,0</coordinates></LineString></Placemark>
<Placemark><name>3525669</name><styleUrl>#styleDaimonCIRCUITO344TRECHO</styleUrl><LineString><coordinates>-47.628163,-5.594970,0 -47.629019,-5.595111,0</coordinates></LineString></Placemark>
<Placemark><name>3518628</name><styleUrl>#styleDaimonCIRCUITO344TRECHO</styleUrl><LineString><coordinates>-47.628163,-5.594970,0 -47.628140,-5.595011,0</coordinates></LineString></Placemark>
<Placemark><name>2778267</name><styleUrl>#styleDaimonCIRCUITO344TRECHO</styleUrl><LineString><coordinates>-47.618182,-5.587903,0 -47.618194,-5.587887,0</coordinates></LineString></Placemark>
<Placemark><name>12097743</name><styleUrl>#styleDaimonCIRCUITO344TRECHO</styleUrl><LineString><coordinates>-47.617454,-5.587277,0 -47.617444,-5.587290,0</coordinates></LineString></Placemark>
<Placemark><name>2789168</name><styleUrl>#styleDaimonCIRCUITO344TRECHO</styleUrl><LineString><coordinates>-47.615928,-5.586115,0 -47.617454,-5.587277,0</coordinates></LineString></Placemark>
<Placemark><name>12051780</name><styleUrl>#styleDaimonCIRCUITO344TRECHO</styleUrl><LineString><coordinates>-47.629019,-5.595111,0 -47.629022,-5.595086,0</coordinates></LineString></Placemark>
<Placemark><name>3567343</name><styleUrl>#styleDaimonCIRCUITO344TRECHO</styleUrl><LineString><coordinates>-47.629019,-5.595111,0 -47.629283,-5.595145,0</coordinates></LineString></Placemark>
<Placemark><name>3665854</name><styleUrl>#styleDaimonCIRCUITO344TRECHO</styleUrl><LineString><coordinates>-47.629019,-5.595111,0 -47.629008,-5.595132,0</coordinates></LineString></Placemark>
<Placemark><name>12156480</name><styleUrl>#styleDaimonCIRCUITO344TRECHO</styleUrl><LineString><coordinates>-47.617444,-5.587290,0 -47.617423,-5.587313,0</coordinates></LineString></Placemark>
<Placemark><name>2778509</name><styleUrl>#styleDaimonCIRCUITO344TRECHO</styleUrl><LineString><coordinates>-47.617444,-5.587290,0 -47.617433,-5.587304,0</coordinates></LineString></Placemark>
<Placemark><name>12097748</name><styleUrl>#styleDaimonCIRCUITO344TRECHO</styleUrl><LineString><coordinates>-47.615928,-5.586115,0 -47.615940,-5.586102,0</coordinates></LineString></Placemark>
<Placemark><name>2789167</name><styleUrl>#styleDaimonCIRCUITO344TRECHO</styleUrl><LineString><coordinates>-47.614705,-5.585132,0 -47.615928,-5.586115,0</coordinates></LineString></Placemark>
<Placemark><name>3665849</name><styleUrl>#styleDaimonCIRCUITO344TRECHO</styleUrl><LineString><coordinates>-47.615928,-5.586115,0 -47.615913,-5.586112,0</coordinates></LineString></Placemark>
<Placemark><name>3525872</name><styleUrl>#styleDaimonCIRCUITO344TRECHO</styleUrl><LineString><coordinates>-47.629022,-5.595086,0 -47.629027,-5.595068,0</coordinates></LineString></Placemark>
<Placemark><name>3657815</name><styleUrl>#styleDaimonCIRCUITO344TRECHO</styleUrl><LineString><coordinates>-47.629283,-5.595145,0 -47.629318,-5.595174,0</coordinates></LineString></Placemark>
<Placemark><name>3650989</name><styleUrl>#styleDaimonCIRCUITO344TRECHO</styleUrl><LineString><coordinates>-47.617423,-5.587313,0 -47.617348,-5.587533,0</coordinates></LineString></Placemark>
<Placemark><name>2775694</name><styleUrl>#styleDaimonCIRCUITO344TRECHO</styleUrl><LineString><coordinates>-47.615940,-5.586102,0 -47.615953,-5.586090,0</coordinates></LineString></Placemark>
<Placemark><name>12048466</name><styleUrl>#styleDaimonCIRCUITO344TRECHO</styleUrl><LineString><coordinates>-47.614705,-5.585132,0 -47.614716,-5.585118,0</coordinates></LineString></Placemark>
<Placemark><name>2789374</name><styleUrl>#styleDaimonCIRCUITO344TRECHO</styleUrl><LineString><coordinates>-47.613934,-5.584416,0 -47.614705,-5.585132,0</coordinates></LineString></Placemark>
<Placemark><name>2789375</name><styleUrl>#styleDaimonCIRCUITO344TRECHO</styleUrl><LineString><coordinates>-47.614716,-5.585118,0 -47.614917,-5.584870,0</coordinates></LineString></Placemark>
<Placemark><name>12097742</name><styleUrl>#styleDaimonCIRCUITO344TRECHO</styleUrl><LineString><coordinates>-47.613934,-5.584416,0 -47.613924,-5.584429,0</coordinates></LineString></Placemark>
<Placemark><name>2789178</name><styleUrl>#styleDaimonCIRCUITO344TRECHO</styleUrl><LineString><coordinates>-47.612437,-5.583213,0 -47.613934,-5.584416,0</coordinates></LineString></Placemark>
<Placemark><name>2778508</name><styleUrl>#styleDaimonCIRCUITO344TRECHO</styleUrl><LineString><coordinates>-47.613924,-5.584429,0 -47.613913,-5.584444,0</coordinates></LineString></Placemark>
<Placemark><name>12097654</name><styleUrl>#styleDaimonCIRCUITO344TRECHO</styleUrl><LineString><coordinates>-47.612437,-5.583213,0 -47.612427,-5.583228,0</coordinates></LineString></Placemark>
<Placemark><name>2789177</name><styleUrl>#styleDaimonCIRCUITO344TRECHO</styleUrl><LineString><coordinates>-47.611694,-5.582655,0 -47.612437,-5.583213,0</coordinates></LineString></Placemark>
<Placemark><name>2778507</name><styleUrl>#styleDaimonCIRCUITO344TRECHO</styleUrl><LineString><coordinates>-47.612427,-5.583228,0 -47.612417,-5.583242,0</coordinates></LineString></Placemark>
<Placemark><name>12138598</name><styleUrl>#styleDaimonCIRCUITO344TRECHO</styleUrl><LineString><coordinates>-47.611694,-5.582655,0 -47.611708,-5.582645,0</coordinates></LineString></Placemark>
<Placemark><name>2789174</name><styleUrl>#styleDaimonCIRCUITO344TRECHO</styleUrl><LineString><coordinates>-47.610982,-5.582047,0 -47.611694,-5.582655,0</coordinates></LineString></Placemark>
<Placemark><name>2778511</name><styleUrl>#styleDaimonCIRCUITO344TRECHO</styleUrl><LineString><coordinates>-47.611708,-5.582645,0 -47.611807,-5.582578,0</coordinates></LineString></Placemark>
<Placemark><name>12097653</name><styleUrl>#styleDaimonCIRCUITO344TRECHO</styleUrl><LineString><coordinates>-47.610955,-5.582026,0 -47.610982,-5.582047,0</coordinates></LineString></Placemark>
<Placemark><name>2789173</name><styleUrl>#styleDaimonCIRCUITO344TRECHO</styleUrl><LineString><coordinates>-47.609939,-5.581256,0 -47.610955,-5.582026,0</coordinates></LineString></Placemark>
<Placemark><name>2778506</name><styleUrl>#styleDaimonCIRCUITO344TRECHO</styleUrl><LineString><coordinates>-47.610955,-5.582026,0 -47.610949,-5.582064,0</coordinates></LineString></Placemark>
<Placemark><name>2776313</name><styleUrl>#styleDaimonCIRCUITO344TRECHO</styleUrl><LineString><coordinates>-47.609135,-5.580557,0 -47.609939,-5.581256,0</coordinates></LineString></Placemark>
<Placemark><name>2776312</name><styleUrl>#styleDaimonCIRCUITO344TRECHO</styleUrl><LineString><coordinates>-47.608596,-5.580150,0 -47.609135,-5.580557,0</coordinates></LineString></Placemark>
<Placemark><name>12099096</name><styleUrl>#styleDaimonCIRCUITO344TRECHO</styleUrl><LineString><coordinates>-47.608596,-5.580150,0 -47.608587,-5.580165,0</coordinates></LineString></Placemark>
<Placemark><name>2776309</name><styleUrl>#styleDaimonCIRCUITO344TRECHO</styleUrl><LineString><coordinates>-47.607159,-5.578943,0 -47.608596,-5.580150,0</coordinates></LineString></Placemark>
<Placemark><name>2789710</name><styleUrl>#styleDaimonCIRCUITO344TRECHO</styleUrl><LineString><coordinates>-47.608587,-5.580165,0 -47.608579,-5.580178,0</coordinates></LineString></Placemark>
<Placemark><name>12099098</name><styleUrl>#styleDaimonCIRCUITO344TRECHO</styleUrl><LineString><coordinates>-47.607159,-5.578943,0 -47.607148,-5.578955,0</coordinates></LineString></Placemark>
<Placemark><name>3584963</name><styleUrl>#styleDaimonCIRCUITO344TRECHO</styleUrl><LineString><coordinates>-47.606447,-5.578391,0 -47.607159,-5.578943,0</coordinates></LineString></Placemark>
<Placemark><name>2786859</name><styleUrl>#styleDaimonCIRCUITO344TRECHO</styleUrl><LineString><coordinates>-47.607148,-5.578955,0 -47.607136,-5.578969,0</coordinates></LineString></Placemark>
<Placemark><name>2789530</name><styleUrl>#styleDaimonCIRCUITO344TRECHO</styleUrl><LineString><coordinates>-47.607524,-5.561868,0 -47.608866,-5.561650,0</coordinates></LineString></Placemark>
<Placemark><name>2789529</name><styleUrl>#styleDaimonCIRCUITO344TRECHO</styleUrl><LineString><coordinates>-47.606161,-5.562077,0 -47.607524,-5.561868,0</coordinates></LineString></Placemark>
<Placemark><name>2789528</name><styleUrl>#styleDaimonCIRCUITO344TRECHO</styleUrl><LineString><coordinates>-47.605305,-5.562244,0 -47.606161,-5.562077,0</coordinates></LineString></Placemark>
<Placemark><name>12048465</name><styleUrl>#styleDaimonCIRCUITO344TRECHO</styleUrl><LineString><coordinates>-47.605286,-5.562262,0 -47.605305,-5.562244,0</coordinates></LineString></Placemark>
<Placemark><name>2789526</name><styleUrl>#styleDaimonCIRCUITO344TRECHO</styleUrl><LineString><coordinates>-47.605183,-5.562744,0 -47.605286,-5.562262,0</coordinates></LineString></Placemark>
<Placemark><name>2789527</name><styleUrl>#styleDaimonCIRCUITO344TRECHO</styleUrl><LineString><coordinates>-47.604898,-5.563715,0 -47.605183,-5.562744,0</coordinates></LineString></Placemark>
<Placemark><name>2789382</name><styleUrl>#styleDaimonCIRCUITO344TRECHO</styleUrl><LineString><coordinates>-47.604845,-5.564500,0 -47.604898,-5.563715,0</coordinates></LineString></Placemark>
<Placemark><name>2789524</name><styleUrl>#styleDaimonCIRCUITO344TRECHO</styleUrl><LineString><coordinates>-47.604799,-5.565863,0 -47.604845,-5.564500,0</coordinates></LineString></Placemark>
<Placemark><name>2789525</name><styleUrl>#styleDaimonCIRCUITO344TRECHO</styleUrl><LineString><coordinates>-47.604798,-5.567357,0 -47.604799,-5.565863,0</coordinates></LineString></Placemark>
<Placemark><name>2789162</name><styleUrl>#styleDaimonCIRCUITO344TRECHO</styleUrl><LineString><coordinates>-47.604783,-5.568677,0 -47.604798,-5.567357,0</coordinates></LineString></Placemark>
<Placemark><name>12048470</name><styleUrl>#styleDaimonCIRCUITO344TRECHO</styleUrl><LineString><coordinates>-47.604790,-5.568710,0 -47.604783,-5.568677,0</coordinates></LineString></Placemark>
<Placemark><name>2789164</name><styleUrl>#styleDaimonCIRCUITO344TRECHO</styleUrl><LineString><coordinates>-47.605129,-5.569357,0 -47.604790,-5.568710,0</coordinates></LineString></Placemark>
<Placemark><name>2789163</name><styleUrl>#styleDaimonCIRCUITO344TRECHO</styleUrl><LineString><coordinates>-47.605846,-5.570835,0 -47.605129,-5.569357,0</coordinates></LineString></Placemark>
<Placemark><name>12048469</name><styleUrl>#styleDaimonCIRCUITO344TRECHO</styleUrl><LineString><coordinates>-47.605854,-5.570867,0 -47.605846,-5.570835,0</coordinates></LineString></Placemark>
<Placemark><name>2789161</name><styleUrl>#styleDaimonCIRCUITO344TRECHO</styleUrl><LineString><coordinates>-47.605942,-5.572982,0 -47.605854,-5.570867,0</coordinates></LineString></Placemark>
<Placemark><name>12048471</name><styleUrl>#styleDaimonCIRCUITO344TRECHO</styleUrl><LineString><coordinates>-47.605939,-5.573016,0 -47.605942,-5.572982,0</coordinates></LineString></Placemark>
<Placemark><name>2789165</name><styleUrl>#styleDaimonCIRCUITO344TRECHO</styleUrl><LineString><coordinates>-47.605573,-5.574533,0 -47.605939,-5.573016,0</coordinates></LineString></Placemark>
<Placemark><name>2789166</name><styleUrl>#styleDaimonCIRCUITO344TRECHO</styleUrl><LineString><coordinates>-47.605456,-5.575178,0 -47.605573,-5.574533,0</coordinates></LineString></Placemark>
<Placemark><name>2789160</name><styleUrl>#styleDaimonCIRCUITO344TRECHO</styleUrl><LineString><coordinates>-47.605086,-5.576963,0 -47.605456,-5.575178,0</coordinates></LineString></Placemark>
<Placemark><name>12042016</name><styleUrl>#styleDaimonCIRCUITO344TRECHO</styleUrl><LineString><coordinates>-47.605077,-5.576990,0 -47.605086,-5.576963,0</coordinates></LineString></Placemark>
<Placemark><name>2776303</name><styleUrl>#styleDaimonCIRCUITO344TRECHO</styleUrl><LineString><coordinates>-47.604955,-5.577184,0 -47.605077,-5.576990,0</coordinates></LineString></Placemark>
<Placemark><name>2777612</name><styleUrl>#styleDaimonCIRCUITO344TRECHO</styleUrl><LineString><coordinates>-47.513421,-5.595158,0 -47.514226,-5.595241,0</coordinates></LineString></Placemark>
<Placemark><name>12042608</name><styleUrl>#styleDaimonCIRCUITO344TRECHO</styleUrl><LineString><coordinates>-47.491031,-5.611334,0 -47.491030,-5.611317,0</coordinates></LineString></Placemark>
<Placemark><name>2777421</name><styleUrl>#styleDaimonCIRCUITO344TRECHO</styleUrl><LineString><coordinates>-47.492181,-5.611550,0 -47.491031,-5.611334,0</coordinates></LineString></Placemark>
<Placemark><name>2777422</name><styleUrl>#styleDaimonCIRCUITO344TRECHO</styleUrl><LineString><coordinates>-47.491031,-5.611334,0 -47.489819,-5.611084,0</coordinates></LineString></Placemark>
<Placemark><name>2777423</name><styleUrl>#styleDaimonCIRCUITO344TRECHO</styleUrl><LineString><coordinates>-47.491030,-5.611317,0 -47.491010,-5.609808,0</coordinates></LineString></Placemark>
<Placemark><name>2777420</name><styleUrl>#styleDaimonCIRCUITO344TRECHO</styleUrl><LineString><coordinates>-47.493426,-5.611818,0 -47.492181,-5.611550,0</coordinates></LineString></Placemark>
<Placemark><name>12042609</name><styleUrl>#styleDaimonCIRCUITO344TRECHO</styleUrl><LineString><coordinates>-47.489819,-5.611084,0 -47.489797,-5.611097,0</coordinates></LineString></Placemark>
<Placemark><name>3667113</name><styleUrl>#styleDaimonCIRCUITO344TRECHO</styleUrl><LineString><coordinates>-47.489819,-5.611084,0 -47.489813,-5.611071,0</coordinates></LineString></Placemark>
<Placemark><name>2777555</name><styleUrl>#styleDaimonCIRCUITO344TRECHO</styleUrl><LineString><coordinates>-47.491010,-5.609808,0 -47.491032,-5.608320,0</coordinates></LineString></Placemark>
<Placemark><name>2777419</name><styleUrl>#styleDaimonCIRCUITO344TRECHO</styleUrl><LineString><coordinates>-47.494621,-5.612065,0 -47.493426,-5.611818,0</coordinates></LineString></Placemark>
<Placemark><name>2777424</name><styleUrl>#styleDaimonCIRCUITO344TRECHO</styleUrl><LineString><coordinates>-47.489797,-5.611097,0 -47.489462,-5.612221,0</coordinates></LineString></Placemark>
<Placemark><name>2777720</name><styleUrl>#styleDaimonCIRCUITO344TRECHO</styleUrl><LineString><coordinates>-47.491032,-5.608320,0 -47.491039,-5.606770,0</coordinates></LineString></Placemark>
<Placemark><name>2777418</name><styleUrl>#styleDaimonCIRCUITO344TRECHO</styleUrl><LineString><coordinates>-47.495817,-5.612311,0 -47.494621,-5.612065,0</coordinates></LineString></Placemark>
<Placemark><name>2777425</name><styleUrl>#styleDaimonCIRCUITO344TRECHO</styleUrl><LineString><coordinates>-47.489462,-5.612221,0 -47.489146,-5.613341,0</coordinates></LineString></Placemark>
<Placemark><name>2777721</name><styleUrl>#styleDaimonCIRCUITO344TRECHO</styleUrl><LineString><coordinates>-47.491039,-5.606770,0 -47.491108,-5.605476,0</coordinates></LineString></Placemark>
<Placemark><name>2777417</name><styleUrl>#styleDaimonCIRCUITO344TRECHO</styleUrl><LineString><coordinates>-47.496899,-5.612549,0 -47.495817,-5.612311,0</coordinates></LineString></Placemark>
<Placemark><name>2777427</name><styleUrl>#styleDaimonCIRCUITO344TRECHO</styleUrl><LineString><coordinates>-47.489146,-5.613341,0 -47.488808,-5.614450,0</coordinates></LineString></Placemark>
<Placemark><name>2777723</name><styleUrl>#styleDaimonCIRCUITO344TRECHO</styleUrl><LineString><coordinates>-47.491108,-5.605476,0 -47.491130,-5.604463,0</coordinates></LineString></Placemark>
<Placemark><name>12042005</name><styleUrl>#styleDaimonCIRCUITO344TRECHO</styleUrl><LineString><coordinates>-47.488808,-5.614450,0 -47.488797,-5.614482,0</coordinates></LineString></Placemark>
<Placemark><name>2777430</name><styleUrl>#styleDaimonCIRCUITO344TRECHO</styleUrl><LineString><coordinates>-47.488797,-5.614482,0 -47.488405,-5.615752,0</coordinates></LineString></Placemark>
<Placemark><name>2777431</name><styleUrl>#styleDaimonCIRCUITO344TRECHO</styleUrl><LineString><coordinates>-47.488405,-5.615752,0 -47.487997,-5.617206,0</coordinates></LineString></Placemark>
<Placemark><name>12042006</name><styleUrl>#styleDaimonCIRCUITO344TRECHO</styleUrl><LineString><coordinates>-47.487997,-5.617206,0 -47.487988,-5.617239,0</coordinates></LineString></Placemark>
<Placemark><name>2777546</name><styleUrl>#styleDaimonCIRCUITO344TRECHO</styleUrl><LineString><coordinates>-47.487988,-5.617239,0 -47.487654,-5.618348,0</coordinates></LineString></Placemark>
<Placemark><name>2777547</name><styleUrl>#styleDaimonCIRCUITO344TRECHO</styleUrl><LineString><coordinates>-47.487654,-5.618348,0 -47.487404,-5.619229,0</coordinates></LineString></Placemark>
<Placemark><name>2777548</name><styleUrl>#styleDaimonCIRCUITO344TRECHO</styleUrl><LineString><coordinates>-47.487404,-5.619229,0 -47.487040,-5.620433,0</coordinates></LineString></Placemark>
<Placemark><name>2777550</name><styleUrl>#styleDaimonCIRCUITO344TRECHO</styleUrl><LineString><coordinates>-47.487040,-5.620433,0 -47.486818,-5.621173,0</coordinates></LineString></Placemark>
<Placemark><name>12042007</name><styleUrl>#styleDaimonCIRCUITO344TRECHO</styleUrl><LineString><coordinates>-47.486818,-5.621173,0 -47.486808,-5.621207,0</coordinates></LineString></Placemark>
<Placemark><name>2777551</name><styleUrl>#styleDaimonCIRCUITO344TRECHO</styleUrl><LineString><coordinates>-47.486808,-5.621207,0 -47.486050,-5.623757,0</coordinates></LineString></Placemark>
<Placemark><name>12042008</name><styleUrl>#styleDaimonCIRCUITO344TRECHO</styleUrl><LineString><coordinates>-47.486050,-5.623757,0 -47.486041,-5.623790,0</coordinates></LineString></Placemark>
<Placemark><name>2777552</name><styleUrl>#styleDaimonCIRCUITO344TRECHO</styleUrl><LineString><coordinates>-47.486041,-5.623790,0 -47.485717,-5.624935,0</coordinates></LineString></Placemark>
<Placemark><name>2777554</name><styleUrl>#styleDaimonCIRCUITO344TRECHO</styleUrl><LineString><coordinates>-47.485717,-5.624935,0 -47.485378,-5.626124,0</coordinates></LineString></Placemark>
<Placemark><name>2777722</name><styleUrl>#styleDaimonCIRCUITO344TRECHO</styleUrl><LineString><coordinates>-47.485378,-5.626124,0 -47.485077,-5.627296,0</coordinates></LineString></Placemark>
<Placemark><name>2777725</name><styleUrl>#styleDaimonCIRCUITO344TRECHO</styleUrl><LineString><coordinates>-47.485077,-5.627296,0 -47.484686,-5.628623,0</coordinates></LineString></Placemark>
<Placemark><name>3667112</name><styleUrl>#styleDaimonCIRCUITO344TRECHO</styleUrl><LineString><coordinates>-47.484686,-5.628623,0 -47.484674,-5.628630,0</coordinates></LineString></Placemark>
<Placemark><name>3667111</name><styleUrl>#styleDaimonCIRCUITO344TRECHO</styleUrl><LineString><coordinates>-47.484686,-5.628623,0 -47.484697,-5.628632,0</coordinates></LineString></Placemark>
<Placemark><name>2777217</name><styleUrl>#styleDaimonCIRCUITO344TRECHO</styleUrl><LineString><coordinates>-47.501813,-5.613633,0 -47.502084,-5.614423,0</coordinates></LineString></Placemark>
<Placemark><name>2777215</name><styleUrl>#styleDaimonCIRCUITO344TRECHO</styleUrl><LineString><coordinates>-47.502084,-5.614423,0 -47.502394,-5.615321,0</coordinates></LineString></Placemark>
<Placemark><name>3662176</name><styleUrl>#styleDaimonCIRCUITO344TRECHO</styleUrl><LineString><coordinates>-47.513105,-5.596481,0 -47.513115,-5.596493,0</coordinates></LineString></Placemark>
<Placemark><name>2777027</name><styleUrl>#styleDaimonCIRCUITO344TRECHO</styleUrl><LineString><coordinates>-47.507005,-5.601482,0 -47.506392,-5.603105,0</coordinates></LineString></Placemark>
<Placemark><name>56363202</name><styleUrl>#styleDaimonCIRCUITO344TRECHO</styleUrl><LineString><coordinates>-47.526063,-5.587567,0 -47.527025,-5.587562,0</coordinates></LineString></Placemark>
<Placemark><name>56363192</name><styleUrl>#styleDaimonCIRCUITO344TRECHO</styleUrl><LineString><coordinates>-47.527025,-5.587562,0 -47.527945,-5.587597,0</coordinates></LineString></Placemark>
<Placemark><name>56363201</name><styleUrl>#styleDaimonCIRCUITO344TRECHO</styleUrl><LineString><coordinates>-47.525049,-5.587552,0 -47.526063,-5.587567,0</coordinates></LineString></Placemark>
<Placemark><name>56363167</name><styleUrl>#styleDaimonCIRCUITO344TRECHO</styleUrl><LineString><coordinates>-47.527945,-5.587597,0 -47.527970,-5.587600,0</coordinates></LineString></Placemark>
<Placemark><name>56363200</name><styleUrl>#styleDaimonCIRCUITO344TRECHO</styleUrl><LineString><coordinates>-47.524158,-5.587530,0 -47.525049,-5.587552,0</coordinates></LineString></Placemark>
<Placemark><name>56363218</name><styleUrl>#styleDaimonCIRCUITO344TRECHO</styleUrl><LineString><coordinates>-47.527970,-5.587600,0 -47.528867,-5.587825,0</coordinates></LineString></Placemark>
<Placemark><name>56363162</name><styleUrl>#styleDaimonCIRCUITO344TRECHO</styleUrl><LineString><coordinates>-47.524130,-5.587530,0 -47.524158,-5.587530,0</coordinates></LineString></Placemark>
<Placemark><name>56363212</name><styleUrl>#styleDaimonCIRCUITO344TRECHO</styleUrl><LineString><coordinates>-47.528867,-5.587825,0 -47.529757,-5.588040,0</coordinates></LineString></Placemark>
<Placemark><name>56363188</name><styleUrl>#styleDaimonCIRCUITO344TRECHO</styleUrl><LineString><coordinates>-47.523585,-5.587526,0 -47.524130,-5.587530,0</coordinates></LineString></Placemark>
<Placemark><name>56363228</name><styleUrl>#styleDaimonCIRCUITO344TRECHO</styleUrl><LineString><coordinates>-47.529757,-5.588040,0 -47.530434,-5.588197,0</coordinates></LineString></Placemark>
<Placemark><name>56363222</name><styleUrl>#styleDaimonCIRCUITO344TRECHO</styleUrl><LineString><coordinates>-47.530434,-5.588197,0 -47.531175,-5.588363,0</coordinates></LineString></Placemark>
<Placemark><name>56363178</name><styleUrl>#styleDaimonCIRCUITO344TRECHO</styleUrl><LineString><coordinates>-47.531175,-5.588363,0 -47.531199,-5.588370,0</coordinates></LineString></Placemark>
<Placemark><name>56363237</name><styleUrl>#styleDaimonCIRCUITO344TRECHO</styleUrl><LineString><coordinates>-47.531199,-5.588370,0 -47.532176,-5.588688,0</coordinates></LineString></Placemark>
<Placemark><name>56363232</name><styleUrl>#styleDaimonCIRCUITO344TRECHO</styleUrl><LineString><coordinates>-47.532176,-5.588688,0 -47.532881,-5.588913,0</coordinates></LineString></Placemark>
<Placemark><name>56363183</name><styleUrl>#styleDaimonCIRCUITO344TRECHO</styleUrl><LineString><coordinates>-47.532881,-5.588913,0 -47.532899,-5.588904,0</coordinates></LineString></Placemark>
<Placemark><name>56363247</name><styleUrl>#styleDaimonCIRCUITO344TRECHO</styleUrl><LineString><coordinates>-47.532899,-5.588904,0 -47.533417,-5.587909,0</coordinates></LineString></Placemark>
<Placemark><name>56363241</name><styleUrl>#styleDaimonCIRCUITO344TRECHO</styleUrl><LineString><coordinates>-47.533417,-5.587909,0 -47.533905,-5.586981,0</coordinates></LineString></Placemark>
<Placemark><name>12042600</name><styleUrl>#styleDaimonCIRCUITO344TRECHO</styleUrl><LineString><coordinates>-47.536561,-5.598012,0 -47.536584,-5.598030,0</coordinates></LineString></Placemark>
<Placemark><name>2777784</name><styleUrl>#styleDaimonCIRCUITO344TRECHO</styleUrl><LineString><coordinates>-47.536584,-5.598030,0 -47.536705,-5.598446,0</coordinates></LineString></Placemark>
<Placemark><name>2777783</name><styleUrl>#styleDaimonCIRCUITO344TRECHO</styleUrl><LineString><coordinates>-47.536261,-5.597987,0 -47.536561,-5.598012,0</coordinates></LineString></Placemark>
<Placemark><name>2777785</name><styleUrl>#styleDaimonCIRCUITO344TRECHO</styleUrl><LineString><coordinates>-47.536705,-5.598446,0 -47.536849,-5.598872,0</coordinates></LineString></Placemark>
<Placemark><name>2777782</name><styleUrl>#styleDaimonCIRCUITO344TRECHO</styleUrl><LineString><coordinates>-47.535950,-5.597939,0 -47.536261,-5.597987,0</coordinates></LineString></Placemark>
<Placemark><name>2777781</name><styleUrl>#styleDaimonCIRCUITO344TRECHO</styleUrl><LineString><coordinates>-47.535557,-5.597796,0 -47.535950,-5.597939,0</coordinates></LineString></Placemark>
<Placemark><name>2787067</name><styleUrl>#styleDaimonCIRCUITO344TRECHO</styleUrl><LineString><coordinates>-47.535134,-5.597668,0 -47.535557,-5.597796,0</coordinates></LineString></Placemark>
<Placemark><name>2545962</name><styleUrl>#styleDaimonCIRCUITO344TRECHO</styleUrl><LineString><coordinates>-47.533443,-5.597150,0 -47.535134,-5.597668,0</coordinates></LineString></Placemark>
<Placemark><name>2787066</name><styleUrl>#styleDaimonCIRCUITO344TRECHO</styleUrl><LineString><coordinates>-47.532926,-5.596994,0 -47.533443,-5.597150,0</coordinates></LineString></Placemark>
<Placemark><name>2787065</name><styleUrl>#styleDaimonCIRCUITO344TRECHO</styleUrl><LineString><coordinates>-47.532437,-5.596871,0 -47.532926,-5.596994,0</coordinates></LineString></Placemark>
<Placemark><name>2787064</name><styleUrl>#styleDaimonCIRCUITO344TRECHO</styleUrl><LineString><coordinates>-47.532015,-5.596703,0 -47.532437,-5.596871,0</coordinates></LineString></Placemark>
<Placemark><name>2787063</name><styleUrl>#styleDaimonCIRCUITO344TRECHO</styleUrl><LineString><coordinates>-47.531535,-5.596613,0 -47.532015,-5.596703,0</coordinates></LineString></Placemark>
<Placemark><name>2784502</name><styleUrl>#styleDaimonCIRCUITO344TRECHO</styleUrl><LineString><coordinates>-47.529813,-5.596433,0 -47.531535,-5.596613,0</coordinates></LineString></Placemark>
<Placemark><name>2784501</name><styleUrl>#styleDaimonCIRCUITO344TRECHO</styleUrl><LineString><coordinates>-47.528826,-5.596724,0 -47.529813,-5.596433,0</coordinates></LineString></Placemark>
<Placemark><name>2784500</name><styleUrl>#styleDaimonCIRCUITO344TRECHO</styleUrl><LineString><coordinates>-47.528177,-5.596848,0 -47.528826,-5.596724,0</coordinates></LineString></Placemark>
<Placemark><name>3639776</name><styleUrl>#styleDaimonCIRCUITO344TRECHO</styleUrl><LineString><coordinates>-47.527197,-5.596953,0 -47.528177,-5.596848,0</coordinates></LineString></Placemark>
<Placemark><name>2784247</name><styleUrl>#styleDaimonCIRCUITO344TRECHO</styleUrl><LineString><coordinates>-47.522839,-5.592231,0 -47.522625,-5.592253,0</coordinates></LineString></Placemark>
<Placemark><name>2784246</name><styleUrl>#styleDaimonCIRCUITO344TRECHO</styleUrl><LineString><coordinates>-47.523054,-5.591971,0 -47.522839,-5.592231,0</coordinates></LineString></Placemark>
<Placemark><name>2784248</name><styleUrl>#styleDaimonCIRCUITO344TRECHO</styleUrl><LineString><coordinates>-47.522625,-5.592253,0 -47.522411,-5.592298,0</coordinates></LineString></Placemark>
<Placemark><name>23303766</name><styleUrl>#styleDaimonCIRCUITO344TRECHO</styleUrl><LineString><coordinates>-47.525071,-5.594163,0 -47.525166,-5.593964,0</coordinates></LineString></Placemark>
<Placemark><name>2784498</name><styleUrl>#styleDaimonCIRCUITO344TRECHO</styleUrl><LineString><coordinates>-47.526738,-5.597475,0 -47.526729,-5.597704,0</coordinates></LineString></Placemark>
<Placemark><name>2784499</name><styleUrl>#styleDaimonCIRCUITO344TRECHO</styleUrl><LineString><coordinates>-47.526729,-5.597704,0 -47.526745,-5.597952,0</coordinates></LineString></Placemark>
<Placemark><name>2784497</name><styleUrl>#styleDaimonCIRCUITO344TRECHO</styleUrl><LineString><coordinates>-47.526741,-5.597246,0 -47.526738,-5.597475,0</coordinates></LineString></Placemark>
<Placemark><name>48758774</name><styleUrl>#styleDaimonCIRCUITO344TRECHO</styleUrl><LineString><coordinates>-47.526745,-5.597952,0 -47.526853,-5.598326,0</coordinates></LineString></Placemark>
<Placemark><name>48758781</name><styleUrl>#styleDaimonCIRCUITO344TRECHO</styleUrl><LineString><coordinates>-47.526853,-5.598326,0 -47.526948,-5.598401,0</coordinates></LineString></Placemark>
<Placemark><name>48758791</name><styleUrl>#styleDaimonCIRCUITO344TRECHO</styleUrl><LineString><coordinates>-47.526948,-5.598401,0 -47.526954,-5.598423,0</coordinates></LineString></Placemark>
<Placemark><name>48758786</name><styleUrl>#styleDaimonCIRCUITO344TRECHO</styleUrl><LineString><coordinates>-47.526954,-5.598423,0 -47.526542,-5.599164,0</coordinates></LineString></Placemark>
<Placemark><name>3179585</name><styleUrl>#styleDaimonCIRCUITO344TRECHO</styleUrl><LineString><coordinates>-47.496460,-5.567243,0 -47.496797,-5.567242,0</coordinates></LineString></Placemark>
<Placemark><name>3179584</name><styleUrl>#styleDaimonCIRCUITO344TRECHO</styleUrl><LineString><coordinates>-47.496797,-5.567242,0 -47.497135,-5.567242,0</coordinates></LineString></Placemark>
<Placemark><name>3179586</name><styleUrl>#styleDaimonCIRCUITO344TRECHO</styleUrl><LineString><coordinates>-47.496124,-5.567242,0 -47.496460,-5.567243,0</coordinates></LineString></Placemark>
<Placemark><name>3179583</name><styleUrl>#styleDaimonCIRCUITO344TRECHO</styleUrl><LineString><coordinates>-47.497135,-5.567242,0 -47.497481,-5.567241,0</coordinates></LineString></Placemark>
<Placemark><name>3171758</name><styleUrl>#styleDaimonCIRCUITO344TRECHO</styleUrl><LineString><coordinates>-47.496008,-5.567242,0 -47.496124,-5.567242,0</coordinates></LineString></Placemark>
<Placemark><name>3179582</name><styleUrl>#styleDaimonCIRCUITO344TRECHO</styleUrl><LineString><coordinates>-47.497481,-5.567241,0 -47.497814,-5.567241,0</coordinates></LineString></Placemark>
<Placemark><name>3171759</name><styleUrl>#styleDaimonCIRCUITO344TRECHO</styleUrl><LineString><coordinates>-47.496008,-5.567242,0 -47.496021,-5.567399,0</coordinates></LineString></Placemark>
<Placemark><name>3171761</name><styleUrl>#styleDaimonCIRCUITO344TRECHO</styleUrl><LineString><coordinates>-47.496008,-5.567242,0 -47.496021,-5.567051,0</coordinates></LineString></Placemark>
<Placemark><name>3171757</name><styleUrl>#styleDaimonCIRCUITO344TRECHO</styleUrl><LineString><coordinates>-47.495790,-5.567244,0 -47.496008,-5.567242,0</coordinates></LineString></Placemark>
<Placemark><name>3179581</name><styleUrl>#styleDaimonCIRCUITO344TRECHO</styleUrl><LineString><coordinates>-47.497814,-5.567241,0 -47.498151,-5.567241,0</coordinates></LineString></Placemark>
<Placemark><name>3171762</name><styleUrl>#styleDaimonCIRCUITO344TRECHO</styleUrl><LineString><coordinates>-47.496021,-5.567051,0 -47.496021,-5.566684,0</coordinates></LineString></Placemark>
<Placemark><name>3179791</name><styleUrl>#styleDaimonCIRCUITO344TRECHO</styleUrl><LineString><coordinates>-47.495428,-5.567244,0 -47.495790,-5.567244,0</coordinates></LineString></Placemark>
<Placemark><name>3179580</name><styleUrl>#styleDaimonCIRCUITO344TRECHO</styleUrl><LineString><coordinates>-47.498151,-5.567241,0 -47.498494,-5.567240,0</coordinates></LineString></Placemark>
<Placemark><name>3171760</name><styleUrl>#styleDaimonCIRCUITO344TRECHO</styleUrl><LineString><coordinates>-47.496021,-5.566684,0 -47.496020,-5.566461,0</coordinates></LineString></Placemark>
<Placemark><name>3179792</name><styleUrl>#styleDaimonCIRCUITO344TRECHO</styleUrl><LineString><coordinates>-47.495157,-5.567244,0 -47.495428,-5.567244,0</coordinates></LineString></Placemark>
<Placemark><name>3179579</name><styleUrl>#styleDaimonCIRCUITO344TRECHO</styleUrl><LineString><coordinates>-47.498494,-5.567240,0 -47.498766,-5.567240,0</coordinates></LineString></Placemark>
<Placemark><name>3179793</name><styleUrl>#styleDaimonCIRCUITO344TRECHO</styleUrl><LineString><coordinates>-47.494889,-5.567245,0 -47.495157,-5.567244,0</coordinates></LineString></Placemark>
<Placemark><name>3179578</name><styleUrl>#styleDaimonCIRCUITO344TRECHO</styleUrl><LineString><coordinates>-47.498766,-5.567240,0 -47.499109,-5.567240,0</coordinates></LineString></Placemark>
<Placemark><name>3179794</name><styleUrl>#styleDaimonCIRCUITO344TRECHO</styleUrl><LineString><coordinates>-47.494617,-5.567246,0 -47.494889,-5.567245,0</coordinates></LineString></Placemark>
<Placemark><name>3179795</name><styleUrl>#styleDaimonCIRCUITO344TRECHO</styleUrl><LineString><coordinates>-47.494298,-5.567246,0 -47.494617,-5.567246,0</coordinates></LineString></Placemark>
<Placemark><name>3179796</name><styleUrl>#styleDaimonCIRCUITO344TRECHO</styleUrl><LineString><coordinates>-47.493989,-5.567248,0 -47.494298,-5.567246,0</coordinates></LineString></Placemark>
<Placemark><name>3179797</name><styleUrl>#styleDaimonCIRCUITO344TRECHO</styleUrl><LineString><coordinates>-47.493626,-5.567247,0 -47.493989,-5.567248,0</coordinates></LineString></Placemark>
<Placemark><name>3179798</name><styleUrl>#styleDaimonCIRCUITO344TRECHO</styleUrl><LineString><coordinates>-47.493374,-5.567246,0 -47.493626,-5.567247,0</coordinates></LineString></Placemark>
<Placemark><name>3180831</name><styleUrl>#styleDaimonCIRCUITO344TRECHO</styleUrl><LineString><coordinates>-47.493225,-5.567246,0 -47.493374,-5.567246,0</coordinates></LineString></Placemark>
<Placemark><name>3180832</name><styleUrl>#styleDaimonCIRCUITO344TRECHO</styleUrl><LineString><coordinates>-47.493225,-5.567246,0 -47.493241,-5.567311,0</coordinates></LineString></Placemark>
<Placemark><name>3180833</name><styleUrl>#styleDaimonCIRCUITO344TRECHO</styleUrl><LineString><coordinates>-47.493225,-5.567246,0 -47.493241,-5.567051,0</coordinates></LineString></Placemark>
<Placemark><name>3180830</name><styleUrl>#styleDaimonCIRCUITO344TRECHO</styleUrl><LineString><coordinates>-47.492966,-5.567246,0 -47.493225,-5.567246,0</coordinates></LineString></Placemark>
<Placemark><name>3180837</name><styleUrl>#styleDaimonCIRCUITO344TRECHO</styleUrl><LineString><coordinates>-47.493241,-5.567051,0 -47.493239,-5.566690,0</coordinates></LineString></Placemark>
<Placemark><name>3179799</name><styleUrl>#styleDaimonCIRCUITO344TRECHO</styleUrl><LineString><coordinates>-47.492606,-5.567247,0 -47.492966,-5.567246,0</coordinates></LineString></Placemark>
<Placemark><name>3180838</name><styleUrl>#styleDaimonCIRCUITO344TRECHO</styleUrl><LineString><coordinates>-47.493239,-5.566690,0 -47.493240,-5.566420,0</coordinates></LineString></Placemark>
<Placemark><name>3179800</name><styleUrl>#styleDaimonCIRCUITO344TRECHO</styleUrl><LineString><coordinates>-47.492245,-5.567247,0 -47.492606,-5.567247,0</coordinates></LineString></Placemark>
<Placemark><name>3180836</name><styleUrl>#styleDaimonCIRCUITO344TRECHO</styleUrl><LineString><coordinates>-47.493240,-5.566420,0 -47.493240,-5.566146,0</coordinates></LineString></Placemark>
<Placemark><name>3179801</name><styleUrl>#styleDaimonCIRCUITO344TRECHO</styleUrl><LineString><coordinates>-47.491886,-5.567248,0 -47.492245,-5.567247,0</coordinates></LineString></Placemark>
<Placemark><name>3180835</name><styleUrl>#styleDaimonCIRCUITO344TRECHO</styleUrl><LineString><coordinates>-47.493240,-5.566146,0 -47.493239,-5.565880,0</coordinates></LineString></Placemark>
<Placemark><name>3179802</name><styleUrl>#styleDaimonCIRCUITO344TRECHO</styleUrl><LineString><coordinates>-47.491612,-5.567247,0 -47.491886,-5.567248,0</coordinates></LineString></Placemark>
<Placemark><name>3180834</name><styleUrl>#styleDaimonCIRCUITO344TRECHO</styleUrl><LineString><coordinates>-47.493239,-5.565880,0 -47.493239,-5.565549,0</coordinates></LineString></Placemark>
<Placemark><name>3179804</name><styleUrl>#styleDaimonCIRCUITO344TRECHO</styleUrl><LineString><coordinates>-47.491495,-5.567247,0 -47.491612,-5.567247,0</coordinates></LineString></Placemark>
<Placemark><name>3179806</name><styleUrl>#styleDaimonCIRCUITO344TRECHO</styleUrl><LineString><coordinates>-47.491495,-5.567247,0 -47.491511,-5.567497,0</coordinates></LineString></Placemark>
<Placemark><name>3179803</name><styleUrl>#styleDaimonCIRCUITO344TRECHO</styleUrl><LineString><coordinates>-47.491305,-5.567248,0 -47.491495,-5.567247,0</coordinates></LineString></Placemark>
<Placemark><name>3179805</name><styleUrl>#styleDaimonCIRCUITO344TRECHO</styleUrl><LineString><coordinates>-47.491495,-5.567247,0 -47.491508,-5.567167,0</coordinates></LineString></Placemark>
<Placemark><name>3179807</name><styleUrl>#styleDaimonCIRCUITO344TRECHO</styleUrl><LineString><coordinates>-47.491511,-5.567497,0 -47.491510,-5.567695,0</coordinates></LineString></Placemark>
<Placemark><name>3179808</name><styleUrl>#styleDaimonCIRCUITO344TRECHO</styleUrl><LineString><coordinates>-47.491039,-5.567248,0 -47.491305,-5.567248,0</coordinates></LineString></Placemark>
<Placemark><name>3179809</name><styleUrl>#styleDaimonCIRCUITO344TRECHO</styleUrl><LineString><coordinates>-47.490768,-5.567247,0 -47.491039,-5.567248,0</coordinates></LineString></Placemark>
<Placemark><name>3179810</name><styleUrl>#styleDaimonCIRCUITO344TRECHO</styleUrl><LineString><coordinates>-47.490405,-5.567249,0 -47.490768,-5.567247,0</coordinates></LineString></Placemark>
<Placemark><name>3171756</name><styleUrl>#styleDaimonCIRCUITO344TRECHO</styleUrl><LineString><coordinates>-47.490046,-5.567248,0 -47.490405,-5.567249,0</coordinates></LineString></Placemark>
<Placemark><name>3179811</name><styleUrl>#styleDaimonCIRCUITO344TRECHO</styleUrl><LineString><coordinates>-47.489707,-5.567249,0 -47.490046,-5.567248,0</coordinates></LineString></Placemark>
<Placemark><name>3172019</name><styleUrl>#styleDaimonCIRCUITO344TRECHO</styleUrl><LineString><coordinates>-47.496398,-5.566300,0 -47.496722,-5.566303,0</coordinates></LineString></Placemark>
<Placemark><name>3172017</name><styleUrl>#styleDaimonCIRCUITO344TRECHO</styleUrl><LineString><coordinates>-47.496722,-5.566303,0 -47.497083,-5.566303,0</coordinates></LineString></Placemark>
<Placemark><name>3172018</name><styleUrl>#styleDaimonCIRCUITO344TRECHO</styleUrl><LineString><coordinates>-47.496165,-5.566213,0 -47.496398,-5.566300,0</coordinates></LineString></Placemark>
<Placemark><name>3172016</name><styleUrl>#styleDaimonCIRCUITO344TRECHO</styleUrl><LineString><coordinates>-47.497083,-5.566303,0 -47.497444,-5.566305,0</coordinates></LineString></Placemark>
<Placemark><name>3171769</name><styleUrl>#styleDaimonCIRCUITO344TRECHO</styleUrl><LineString><coordinates>-47.496042,-5.566152,0 -47.496165,-5.566213,0</coordinates></LineString></Placemark>
<Placemark><name>3172015</name><styleUrl>#styleDaimonCIRCUITO344TRECHO</styleUrl><LineString><coordinates>-47.497444,-5.566305,0 -47.497805,-5.566301,0</coordinates></LineString></Placemark>
<Placemark><name>3171768</name><styleUrl>#styleDaimonCIRCUITO344TRECHO</styleUrl><LineString><coordinates>-47.496046,-5.566088,0 -47.496042,-5.566152,0</coordinates></LineString></Placemark>
<Placemark><name>3171767</name><styleUrl>#styleDaimonCIRCUITO344TRECHO</styleUrl><LineString><coordinates>-47.496042,-5.566152,0 -47.496019,-5.566436,0</coordinates></LineString></Placemark>
<Placemark><name>3171770</name><styleUrl>#styleDaimonCIRCUITO344TRECHO</styleUrl><LineString><coordinates>-47.496042,-5.566152,0 -47.495874,-5.566108,0</coordinates></LineString></Placemark>
<Placemark><name>3172014</name><styleUrl>#styleDaimonCIRCUITO344TRECHO</styleUrl><LineString><coordinates>-47.497805,-5.566301,0 -47.498167,-5.566301,0</coordinates></LineString></Placemark>
<Placemark><name>3171766</name><styleUrl>#styleDaimonCIRCUITO344TRECHO</styleUrl><LineString><coordinates>-47.496180,-5.565708,0 -47.496046,-5.566088,0</coordinates></LineString></Placemark>
<Placemark><name>3171775</name><styleUrl>#styleDaimonCIRCUITO344TRECHO</styleUrl><LineString><coordinates>-47.495874,-5.566108,0 -47.495579,-5.565996,0</coordinates></LineString></Placemark>
<Placemark><name>3172013</name><styleUrl>#styleDaimonCIRCUITO344TRECHO</styleUrl><LineString><coordinates>-47.498167,-5.566301,0 -47.498509,-5.566301,0</coordinates></LineString></Placemark>
<Placemark><name>3171765</name><styleUrl>#styleDaimonCIRCUITO344TRECHO</styleUrl><LineString><coordinates>-47.496304,-5.565366,0 -47.496180,-5.565708,0</coordinates></LineString></Placemark>
<Placemark><name>3171776</name><styleUrl>#styleDaimonCIRCUITO344TRECHO</styleUrl><LineString><coordinates>-47.495579,-5.565996,0 -47.495311,-5.565896,0</coordinates></LineString></Placemark>
<Placemark><name>3172012</name><styleUrl>#styleDaimonCIRCUITO344TRECHO</styleUrl><LineString><coordinates>-47.498509,-5.566301,0 -47.498867,-5.566300,0</coordinates></LineString></Placemark>
<Placemark><name>3171764</name><styleUrl>#styleDaimonCIRCUITO344TRECHO</styleUrl><LineString><coordinates>-47.496427,-5.565025,0 -47.496304,-5.565366,0</coordinates></LineString></Placemark>
<Placemark><name>3171774</name><styleUrl>#styleDaimonCIRCUITO344TRECHO</styleUrl><LineString><coordinates>-47.495311,-5.565896,0 -47.495059,-5.565801,0</coordinates></LineString></Placemark>
<Placemark><name>3172011</name><styleUrl>#styleDaimonCIRCUITO344TRECHO</styleUrl><LineString><coordinates>-47.498867,-5.566300,0 -47.499229,-5.566301,0</coordinates></LineString></Placemark>
<Placemark><name>3171763</name><styleUrl>#styleDaimonCIRCUITO344TRECHO</styleUrl><LineString><coordinates>-47.496548,-5.564684,0 -47.496427,-5.565025,0</coordinates></LineString></Placemark>
<Placemark><name>3171773</name><styleUrl>#styleDaimonCIRCUITO344TRECHO</styleUrl><LineString><coordinates>-47.495059,-5.565801,0 -47.494809,-5.565707,0</coordinates></LineString></Placemark>
<Placemark><name>3171777</name><styleUrl>#styleDaimonCIRCUITO344TRECHO</styleUrl><LineString><coordinates>-47.499229,-5.566301,0 -47.499482,-5.566300,0</coordinates></LineString></Placemark>
<Placemark><name>3172020</name><styleUrl>#styleDaimonCIRCUITO344TRECHO</styleUrl><LineString><coordinates>-47.496602,-5.564488,0 -47.496548,-5.564684,0</coordinates></LineString></Placemark>
<Placemark><name>3171772</name><styleUrl>#styleDaimonCIRCUITO344TRECHO</styleUrl><LineString><coordinates>-47.494809,-5.565707,0 -47.494616,-5.565635,0</coordinates></LineString></Placemark>
<Placemark><name>3172022</name><styleUrl>#styleDaimonCIRCUITO344TRECHO</styleUrl><LineString><coordinates>-47.496416,-5.564419,0 -47.496602,-5.564488,0</coordinates></LineString></Placemark>
<Placemark><name>3172021</name><styleUrl>#styleDaimonCIRCUITO344TRECHO</styleUrl><LineString><coordinates>-47.496602,-5.564488,0 -47.496645,-5.564407,0</coordinates></LineString></Placemark>
<Placemark><name>3172023</name><styleUrl>#styleDaimonCIRCUITO344TRECHO</styleUrl><LineString><coordinates>-47.496602,-5.564488,0 -47.496750,-5.564543,0</coordinates></LineString></Placemark>
<Placemark><name>3171771</name><styleUrl>#styleDaimonCIRCUITO344TRECHO</styleUrl><LineString><coordinates>-47.494616,-5.565635,0 -47.494316,-5.565525,0</coordinates></LineString></Placemark>
<Placemark><name>3180593</name><styleUrl>#styleDaimonCIRCUITO344TRECHO</styleUrl><LineString><coordinates>-47.496079,-5.564294,0 -47.496416,-5.564419,0</coordinates></LineString></Placemark>
<Placemark><name>3180588</name><styleUrl>#styleDaimonCIRCUITO344TRECHO</styleUrl><LineString><coordinates>-47.496750,-5.564543,0 -47.496921,-5.564608,0</coordinates></LineString></Placemark>
<Placemark><name>3180594</name><styleUrl>#styleDaimonCIRCUITO344TRECHO</styleUrl><LineString><coordinates>-47.495826,-5.564199,0 -47.496079,-5.564294,0</coordinates></LineString></Placemark>
<Placemark><name>3180589</name><styleUrl>#styleDaimonCIRCUITO344TRECHO</styleUrl><LineString><coordinates>-47.496921,-5.564608,0 -47.497173,-5.564702,0</coordinates></LineString></Placemark>
<Placemark><name>3180592</name><styleUrl>#styleDaimonCIRCUITO344TRECHO</styleUrl><LineString><coordinates>-47.495571,-5.564105,0 -47.495826,-5.564199,0</coordinates></LineString></Placemark>
<Placemark><name>3180587</name><styleUrl>#styleDaimonCIRCUITO344TRECHO</styleUrl><LineString><coordinates>-47.497173,-5.564702,0 -47.497427,-5.564797,0</coordinates></LineString></Placemark>
<Placemark><name>3180591</name><styleUrl>#styleDaimonCIRCUITO344TRECHO</styleUrl><LineString><coordinates>-47.495318,-5.564010,0 -47.495571,-5.564105,0</coordinates></LineString></Placemark>
<Placemark><name>3180586</name><styleUrl>#styleDaimonCIRCUITO344TRECHO</styleUrl><LineString><coordinates>-47.497427,-5.564797,0 -47.497690,-5.564892,0</coordinates></LineString></Placemark>
<Placemark><name>3180590</name><styleUrl>#styleDaimonCIRCUITO344TRECHO</styleUrl><LineString><coordinates>-47.495079,-5.563926,0 -47.495318,-5.564010,0</coordinates></LineString></Placemark>
<Placemark><name>3180585</name><styleUrl>#styleDaimonCIRCUITO344TRECHO</styleUrl><LineString><coordinates>-47.497690,-5.564892,0 -47.497899,-5.564893,0</coordinates></LineString></Placemark>
<Placemark><name>12107483</name><styleUrl>#styleDaimonCIRCUITO344TRECHO</styleUrl><LineString><coordinates>-47.495049,-5.563910,0 -47.495079,-5.563926,0</coordinates></LineString></Placemark>
<Placemark><name>3180390</name><styleUrl>#styleDaimonCIRCUITO344TRECHO</styleUrl><LineString><coordinates>-47.497899,-5.564893,0 -47.498168,-5.564894,0</coordinates></LineString></Placemark>
<Placemark><name>3180823</name><styleUrl>#styleDaimonCIRCUITO344TRECHO</styleUrl><LineString><coordinates>-47.494813,-5.563822,0 -47.495049,-5.563910,0</coordinates></LineString></Placemark>
<Placemark><name>3180389</name><styleUrl>#styleDaimonCIRCUITO344TRECHO</styleUrl><LineString><coordinates>-47.498168,-5.564894,0 -47.498477,-5.564892,0</coordinates></LineString></Placemark>
<Placemark><name>3180824</name><styleUrl>#styleDaimonCIRCUITO344TRECHO</styleUrl><LineString><coordinates>-47.494641,-5.563758,0 -47.494813,-5.563822,0</coordinates></LineString></Placemark>
<Placemark><name>3172026</name><styleUrl>#styleDaimonCIRCUITO344TRECHO</styleUrl><LineString><coordinates>-47.498477,-5.564892,0 -47.498754,-5.564892,0</coordinates></LineString></Placemark>
<Placemark><name>3180822</name><styleUrl>#styleDaimonCIRCUITO344TRECHO</styleUrl><LineString><coordinates>-47.494229,-5.563605,0 -47.494641,-5.563758,0</coordinates></LineString></Placemark>
<Placemark><name>3172025</name><styleUrl>#styleDaimonCIRCUITO344TRECHO</styleUrl><LineString><coordinates>-47.498754,-5.564892,0 -47.499113,-5.564893,0</coordinates></LineString></Placemark>
<Placemark><name>3180606</name><styleUrl>#styleDaimonCIRCUITO344TRECHO</styleUrl><LineString><coordinates>-47.493894,-5.563480,0 -47.494229,-5.563605,0</coordinates></LineString></Placemark>
<Placemark><name>3172024</name><styleUrl>#styleDaimonCIRCUITO344TRECHO</styleUrl><LineString><coordinates>-47.499113,-5.564893,0 -47.499458,-5.564892,0</coordinates></LineString></Placemark>
<Placemark><name>3180605</name><styleUrl>#styleDaimonCIRCUITO344TRECHO</styleUrl><LineString><coordinates>-47.493557,-5.563354,0 -47.493894,-5.563480,0</coordinates></LineString></Placemark>
<Placemark><name>3180604</name><styleUrl>#styleDaimonCIRCUITO344TRECHO</styleUrl><LineString><coordinates>-47.493220,-5.563228,0 -47.493557,-5.563354,0</coordinates></LineString></Placemark>
<Placemark><name>3180603</name><styleUrl>#styleDaimonCIRCUITO344TRECHO</styleUrl><LineString><coordinates>-47.492967,-5.563133,0 -47.493220,-5.563228,0</coordinates></LineString></Placemark>
<Placemark><name>3180602</name><styleUrl>#styleDaimonCIRCUITO344TRECHO</styleUrl><LineString><coordinates>-47.492714,-5.563039,0 -47.492967,-5.563133,0</coordinates></LineString></Placemark>
<Placemark><name>3180601</name><styleUrl>#styleDaimonCIRCUITO344TRECHO</styleUrl><LineString><coordinates>-47.492458,-5.562945,0 -47.492714,-5.563039,0</coordinates></LineString></Placemark>
<Placemark><name>3180600</name><styleUrl>#styleDaimonCIRCUITO344TRECHO</styleUrl><LineString><coordinates>-47.492144,-5.562827,0 -47.492458,-5.562945,0</coordinates></LineString></Placemark>
<Placemark><name>3180599</name><styleUrl>#styleDaimonCIRCUITO344TRECHO</styleUrl><LineString><coordinates>-47.491805,-5.562701,0 -47.492144,-5.562827,0</coordinates></LineString></Placemark>
<Placemark><name>3180598</name><styleUrl>#styleDaimonCIRCUITO344TRECHO</styleUrl><LineString><coordinates>-47.491555,-5.562607,0 -47.491805,-5.562701,0</coordinates></LineString></Placemark>
<Placemark><name>3180597</name><styleUrl>#styleDaimonCIRCUITO344TRECHO</styleUrl><LineString><coordinates>-47.491294,-5.562511,0 -47.491555,-5.562607,0</coordinates></LineString></Placemark>
<Placemark><name>3180596</name><styleUrl>#styleDaimonCIRCUITO344TRECHO</styleUrl><LineString><coordinates>-47.491048,-5.562417,0 -47.491294,-5.562511,0</coordinates></LineString></Placemark>
<Placemark><name>3180595</name><styleUrl>#styleDaimonCIRCUITO344TRECHO</styleUrl><LineString><coordinates>-47.490787,-5.562322,0 -47.491048,-5.562417,0</coordinates></LineString></Placemark>
<Placemark><name>3180829</name><styleUrl>#styleDaimonCIRCUITO344TRECHO</styleUrl><LineString><coordinates>-47.490475,-5.562204,0 -47.490787,-5.562322,0</coordinates></LineString></Placemark>
<Placemark><name>2787372</name><styleUrl>#styleDaimonCIRCUITO344TRECHO</styleUrl><LineString><coordinates>-47.560913,-5.593117,0 -47.561238,-5.593175,0</coordinates></LineString></Placemark>
<Placemark><name>2787173</name><styleUrl>#styleDaimonCIRCUITO344TRECHO</styleUrl><LineString><coordinates>-47.556826,-5.600230,0 -47.557260,-5.600402,0</coordinates></LineString></Placemark>
<Placemark><name>2787171</name><styleUrl>#styleDaimonCIRCUITO344TRECHO</styleUrl><LineString><coordinates>-47.556520,-5.600542,0 -47.556104,-5.600351,0</coordinates></LineString></Placemark>
<Placemark><name>2787165</name><styleUrl>#styleDaimonCIRCUITO344TRECHO</styleUrl><LineString><coordinates>-47.556476,-5.603749,0 -47.556320,-5.603746,0</coordinates></LineString></Placemark>
<Placemark><name>2777610</name><styleUrl>#styleDaimonCIRCUITO344TRECHO</styleUrl><LineString><coordinates>-47.557218,-5.614564,0 -47.557362,-5.614575,0</coordinates></LineString></Placemark>
<Placemark><name>2787599</name><styleUrl>#styleDaimonCIRCUITO344TRECHO</styleUrl><LineString><coordinates>-47.557944,-5.622946,0 -47.558108,-5.623220,0</coordinates></LineString></Placemark>
<Placemark><name>2787597</name><styleUrl>#styleDaimonCIRCUITO344TRECHO</styleUrl><LineString><coordinates>-47.558108,-5.623220,0 -47.558249,-5.623401,0</coordinates></LineString></Placemark>
<Placemark><name>2787600</name><styleUrl>#styleDaimonCIRCUITO344TRECHO</styleUrl><LineString><coordinates>-47.557800,-5.622661,0 -47.557944,-5.622946,0</coordinates></LineString></Placemark>
<Placemark><name>2787598</name><styleUrl>#styleDaimonCIRCUITO344TRECHO</styleUrl><LineString><coordinates>-47.558249,-5.623401,0 -47.558414,-5.623618,0</coordinates></LineString></Placemark>
<Placemark><name>2771716</name><styleUrl>#styleDaimonCIRCUITO344TRECHO</styleUrl><LineString><coordinates>-47.557729,-5.622371,0 -47.557800,-5.622661,0</coordinates></LineString></Placemark>
<Placemark><name>2787601</name><styleUrl>#styleDaimonCIRCUITO344TRECHO</styleUrl><LineString><coordinates>-47.558414,-5.623618,0 -47.558620,-5.623765,0</coordinates></LineString></Placemark>
<Placemark><name>12140007</name><styleUrl>#styleDaimonCIRCUITO344TRECHO</styleUrl><LineString><coordinates>-47.557721,-5.622335,0 -47.557729,-5.622371,0</coordinates></LineString></Placemark>
<Placemark><name>2787602</name><styleUrl>#styleDaimonCIRCUITO344TRECHO</styleUrl><LineString><coordinates>-47.558620,-5.623765,0 -47.558892,-5.623951,0</coordinates></LineString></Placemark>
<Placemark><name>2777601</name><styleUrl>#styleDaimonCIRCUITO344TRECHO</styleUrl><LineString><coordinates>-47.557693,-5.621944,0 -47.557721,-5.622335,0</coordinates></LineString></Placemark>
<Placemark><name>2787603</name><styleUrl>#styleDaimonCIRCUITO344TRECHO</styleUrl><LineString><coordinates>-47.558892,-5.623951,0 -47.559170,-5.624112,0</coordinates></LineString></Placemark>
<Placemark><name>2777602</name><styleUrl>#styleDaimonCIRCUITO344TRECHO</styleUrl><LineString><coordinates>-47.557697,-5.621570,0 -47.557693,-5.621944,0</coordinates></LineString></Placemark>
<Placemark><name>2787604</name><styleUrl>#styleDaimonCIRCUITO344TRECHO</styleUrl><LineString><coordinates>-47.559170,-5.624112,0 -47.559453,-5.624241,0</coordinates></LineString></Placemark>
<Placemark><name>2777600</name><styleUrl>#styleDaimonCIRCUITO344TRECHO</styleUrl><LineString><coordinates>-47.557633,-5.621242,0 -47.557697,-5.621570,0</coordinates></LineString></Placemark>
<Placemark><name>12138602</name><styleUrl>#styleDaimonCIRCUITO344TRECHO</styleUrl><LineString><coordinates>-47.559453,-5.624241,0 -47.559436,-5.624270,0</coordinates></LineString></Placemark>
<Placemark><name>2787605</name><styleUrl>#styleDaimonCIRCUITO344TRECHO</styleUrl><LineString><coordinates>-47.559436,-5.624270,0 -47.559250,-5.624592,0</coordinates></LineString></Placemark>
<Placemark><name>2787606</name><styleUrl>#styleDaimonCIRCUITO344TRECHO</styleUrl><LineString><coordinates>-47.559250,-5.624592,0 -47.559058,-5.624880,0</coordinates></LineString></Placemark>
<Placemark><name>2787607</name><styleUrl>#styleDaimonCIRCUITO344TRECHO</styleUrl><LineString><coordinates>-47.559058,-5.624880,0 -47.558856,-5.625155,0</coordinates></LineString></Placemark>
<Placemark><name>2787807</name><styleUrl>#styleDaimonCIRCUITO344TRECHO</styleUrl><LineString><coordinates>-47.558856,-5.625155,0 -47.558704,-5.625406,0</coordinates></LineString></Placemark>
<Placemark><name>2787806</name><styleUrl>#styleDaimonCIRCUITO344TRECHO</styleUrl><LineString><coordinates>-47.558704,-5.625406,0 -47.558540,-5.625665,0</coordinates></LineString></Placemark>
<Placemark><name>2787608</name><styleUrl>#styleDaimonCIRCUITO344TRECHO</styleUrl><LineString><coordinates>-47.558540,-5.625665,0 -47.558385,-5.625908,0</coordinates></LineString></Placemark>
<Placemark><name>2787609</name><styleUrl>#styleDaimonCIRCUITO344TRECHO</styleUrl><LineString><coordinates>-47.558385,-5.625908,0 -47.558209,-5.626214,0</coordinates></LineString></Placemark>
<Placemark><name>2787610</name><styleUrl>#styleDaimonCIRCUITO344TRECHO</styleUrl><LineString><coordinates>-47.558209,-5.626214,0 -47.558117,-5.626459,0</coordinates></LineString></Placemark>
<Placemark><name>2787612</name><styleUrl>#styleDaimonCIRCUITO344TRECHO</styleUrl><LineString><coordinates>-47.558117,-5.626459,0 -47.558057,-5.626698,0</coordinates></LineString></Placemark>
<Placemark><name>2787611</name><styleUrl>#styleDaimonCIRCUITO344TRECHO</styleUrl><LineString><coordinates>-47.558057,-5.626698,0 -47.557939,-5.627020,0</coordinates></LineString></Placemark>
<Placemark><name>2787805</name><styleUrl>#styleDaimonCIRCUITO344TRECHO</styleUrl><LineString><coordinates>-47.557939,-5.627020,0 -47.557858,-5.627329,0</coordinates></LineString></Placemark>
<Placemark><name>2777599</name><styleUrl>#styleDaimonCIRCUITO344TRECHO</styleUrl><LineString><coordinates>-47.557858,-5.627329,0 -47.557780,-5.627611,0</coordinates></LineString></Placemark>
<Placemark><name>12138603</name><styleUrl>#styleDaimonCIRCUITO344TRECHO</styleUrl><LineString><coordinates>-47.557780,-5.627611,0 -47.557745,-5.627620,0</coordinates></LineString></Placemark>
<Placemark><name>3665846</name><styleUrl>#styleDaimonCIRCUITO344TRECHO</styleUrl><LineString><coordinates>-47.557780,-5.627611,0 -47.557786,-5.627623,0</coordinates></LineString></Placemark>
<Placemark><name>2777435</name><styleUrl>#styleDaimonCIRCUITO344TRECHO</styleUrl><LineString><coordinates>-47.557745,-5.627620,0 -47.557671,-5.627519,0</coordinates></LineString></Placemark>
<Placemark><name>2786948</name><styleUrl>#styleDaimonCIRCUITO344TRECHO</styleUrl><LineString><coordinates>-47.556995,-5.610606,0 -47.557232,-5.610623,0</coordinates></LineString></Placemark>
<Placemark><name>2787178</name><styleUrl>#styleDaimonCIRCUITO344TRECHO</styleUrl><LineString><coordinates>-47.557747,-5.598490,0 -47.556903,-5.597964,0</coordinates></LineString></Placemark>
<Placemark><name>2787168</name><styleUrl>#styleDaimonCIRCUITO344TRECHO</styleUrl><LineString><coordinates>-47.556387,-5.602086,0 -47.556280,-5.602090,0</coordinates></LineString></Placemark>
<Placemark><name>2787182</name><styleUrl>#styleDaimonCIRCUITO344TRECHO</styleUrl><LineString><coordinates>-47.559894,-5.595184,0 -47.559817,-5.595182,0</coordinates></LineString></Placemark>
<Placemark><name>2786953</name><styleUrl>#styleDaimonCIRCUITO344TRECHO</styleUrl><LineString><coordinates>-47.556698,-5.606388,0 -47.556630,-5.606497,0</coordinates></LineString></Placemark>
<Placemark><name>2787374</name><styleUrl>#styleDaimonCIRCUITO344TRECHO</styleUrl><LineString><coordinates>-47.561436,-5.591055,0 -47.560720,-5.591660,0</coordinates></LineString></Placemark>
<Placemark><name>2778971</name><styleUrl>#styleDaimonCIRCUITO344TRECHO</styleUrl><LineString><coordinates>-47.564554,-5.591473,0 -47.565524,-5.591936,0</coordinates></LineString></Placemark>
<Placemark><name>2778968</name><styleUrl>#styleDaimonCIRCUITO344TRECHO</styleUrl><LineString><coordinates>-47.565524,-5.591936,0 -47.566550,-5.592452,0</coordinates></LineString></Placemark>
<Placemark><name>2778296</name><styleUrl>#styleDaimonCIRCUITO344TRECHO</styleUrl><LineString><coordinates>-47.563577,-5.590976,0 -47.564554,-5.591473,0</coordinates></LineString></Placemark>
<Placemark><name>2778970</name><styleUrl>#styleDaimonCIRCUITO344TRECHO</styleUrl><LineString><coordinates>-47.566550,-5.592452,0 -47.567629,-5.592978,0</coordinates></LineString></Placemark>
<Placemark><name>2778297</name><styleUrl>#styleDaimonCIRCUITO344TRECHO</styleUrl><LineString><coordinates>-47.562563,-5.590484,0 -47.563577,-5.590976,0</coordinates></LineString></Placemark>
<Placemark><name>2778969</name><styleUrl>#styleDaimonCIRCUITO344TRECHO</styleUrl><LineString><coordinates>-47.567629,-5.592978,0 -47.568577,-5.593455,0</coordinates></LineString></Placemark>
<Placemark><name>2778295</name><styleUrl>#styleDaimonCIRCUITO344TRECHO</styleUrl><LineString><coordinates>-47.561665,-5.590046,0 -47.562563,-5.590484,0</coordinates></LineString></Placemark>
<Placemark><name>2778038</name><styleUrl>#styleDaimonCIRCUITO344TRECHO</styleUrl><LineString><coordinates>-47.568577,-5.593455,0 -47.569557,-5.593945,0</coordinates></LineString></Placemark>
<Placemark><name>12130576</name><styleUrl>#styleDaimonCIRCUITO344TRECHO</styleUrl><LineString><coordinates>-47.561634,-5.590033,0 -47.561665,-5.590046,0</coordinates></LineString></Placemark>
<Placemark><name>2778039</name><styleUrl>#styleDaimonCIRCUITO344TRECHO</styleUrl><LineString><coordinates>-47.569557,-5.593945,0 -47.570574,-5.594462,0</coordinates></LineString></Placemark>
<Placemark><name>2656093</name><styleUrl>#styleDaimonCIRCUITO344TRECHO</styleUrl><LineString><coordinates>-47.561468,-5.589973,0 -47.561634,-5.590033,0</coordinates></LineString></Placemark>
<Placemark><name>2778040</name><styleUrl>#styleDaimonCIRCUITO344TRECHO</styleUrl><LineString><coordinates>-47.570574,-5.594462,0 -47.571537,-5.594914,0</coordinates></LineString></Placemark>
<Placemark><name>2778279</name><styleUrl>#styleDaimonCIRCUITO344TRECHO</styleUrl><LineString><coordinates>-47.571537,-5.594914,0 -47.572251,-5.595278,0</coordinates></LineString></Placemark>
<Placemark><name>12138711</name><styleUrl>#styleDaimonCIRCUITO344TRECHO</styleUrl><LineString><coordinates>-47.572251,-5.595278,0 -47.572260,-5.595263,0</coordinates></LineString></Placemark>
<Placemark><name>2787379</name><styleUrl>#styleDaimonCIRCUITO344TRECHO</styleUrl><LineString><coordinates>-47.572251,-5.595278,0 -47.572386,-5.595324,0</coordinates></LineString></Placemark>
<Placemark><name>2787378</name><styleUrl>#styleDaimonCIRCUITO344TRECHO</styleUrl><LineString><coordinates>-47.572260,-5.595263,0 -47.572395,-5.595056,0</coordinates></LineString></Placemark>
<Placemark><name>12138710</name><styleUrl>#styleDaimonCIRCUITO344TRECHO</styleUrl><LineString><coordinates>-47.572395,-5.595056,0 -47.572420,-5.595044,0</coordinates></LineString></Placemark>
<Placemark><name>2787380</name><styleUrl>#styleDaimonCIRCUITO344TRECHO</styleUrl><LineString><coordinates>-47.572420,-5.595044,0 -47.573666,-5.595187,0</coordinates></LineString></Placemark>
<Placemark><name>2778041</name><styleUrl>#styleDaimonCIRCUITO344TRECHO</styleUrl><LineString><coordinates>-47.573666,-5.595187,0 -47.574757,-5.595322,0</coordinates></LineString></Placemark>
<Placemark><name>2778043</name><styleUrl>#styleDaimonCIRCUITO344TRECHO</styleUrl><LineString><coordinates>-47.574757,-5.595322,0 -47.576081,-5.595517,0</coordinates></LineString></Placemark>
<Placemark><name>12138709</name><styleUrl>#styleDaimonCIRCUITO344TRECHO</styleUrl><LineString><coordinates>-47.576081,-5.595517,0 -47.576091,-5.595531,0</coordinates></LineString></Placemark>
<Placemark><name>2778975</name><styleUrl>#styleDaimonCIRCUITO344TRECHO</styleUrl><LineString><coordinates>-47.576081,-5.595517,0 -47.577487,-5.595741,0</coordinates></LineString></Placemark>
<Placemark><name>2778280</name><styleUrl>#styleDaimonCIRCUITO344TRECHO</styleUrl><LineString><coordinates>-47.576091,-5.595531,0 -47.577022,-5.597009,0</coordinates></LineString></Placemark>
<Placemark><name>12138708</name><styleUrl>#styleDaimonCIRCUITO344TRECHO</styleUrl><LineString><coordinates>-47.577022,-5.597009,0 -47.577026,-5.597039,0</coordinates></LineString></Placemark>
<Placemark><name>2778037</name><styleUrl>#styleDaimonCIRCUITO344TRECHO</styleUrl><LineString><coordinates>-47.577026,-5.597039,0 -47.575873,-5.600201,0</coordinates></LineString></Placemark>
<Placemark><name>12138612</name><styleUrl>#styleDaimonCIRCUITO344TRECHO</styleUrl><LineString><coordinates>-47.575873,-5.600201,0 -47.575860,-5.600232,0</coordinates></LineString></Placemark>
<Placemark><name>2778045</name><styleUrl>#styleDaimonCIRCUITO344TRECHO</styleUrl><LineString><coordinates>-47.575860,-5.600232,0 -47.575284,-5.601275,0</coordinates></LineString></Placemark>
<Placemark><name>2778281</name><styleUrl>#styleDaimonCIRCUITO344TRECHO</styleUrl><LineString><coordinates>-47.575284,-5.601275,0 -47.574711,-5.602264,0</coordinates></LineString></Placemark>
<Placemark><name>60034499</name><styleUrl>#styleDaimonCIRCUITO344TRECHO</styleUrl><LineString><coordinates>-47.574711,-5.602264,0 -47.573997,-5.603413,0</coordinates></LineString></Placemark>
<Placemark><name>30929841</name><styleUrl>#styleDaimonCIRCUITO344TRECHO</styleUrl><LineString><coordinates>-47.598162,-5.543564,0 -47.597715,-5.543509,0</coordinates></LineString></Placemark>
<Placemark><name>30929846</name><styleUrl>#styleDaimonCIRCUITO344TRECHO</styleUrl><LineString><coordinates>-47.598702,-5.543632,0 -47.598162,-5.543564,0</coordinates></LineString></Placemark>
<Placemark><name>44516079</name><styleUrl>#styleDaimonCIRCUITO344TRECHO</styleUrl><LineString><coordinates>-47.601362,-5.538000,0 -47.601244,-5.537886,0</coordinates></LineString></Placemark>
<Placemark><name>21264624</name><styleUrl>#styleDaimonCIRCUITO344TRECHO</styleUrl><LineString><coordinates>-47.600421,-5.538895,0 -47.600026,-5.538371,0</coordinates></LineString></Placemark>
<Placemark><name>42983011</name><styleUrl>#styleDaimonCIRCUITO344TRECHO</styleUrl><LineString><coordinates>-47.595652,-5.546234,0 -47.595673,-5.546348,0</coordinates></LineString></Placemark>
<Placemark><name>3610584</name><styleUrl>#styleDaimonCIRCUITO344TRECHO</styleUrl><LineString><coordinates>-47.604078,-5.587097,0 -47.603850,-5.587194,0</coordinates></LineString></Placemark>
<Placemark><name>3610586</name><styleUrl>#styleDaimonCIRCUITO344TRECHO</styleUrl><LineString><coordinates>-47.603850,-5.587194,0 -47.603571,-5.587310,0</coordinates></LineString></Placemark>
<Placemark><name>3616165</name><styleUrl>#styleDaimonCIRCUITO344TRECHO</styleUrl><LineString><coordinates>-47.604233,-5.586962,0 -47.604078,-5.587097,0</coordinates></LineString></Placemark>
<Placemark><name>3610589</name><styleUrl>#styleDaimonCIRCUITO344TRECHO</styleUrl><LineString><coordinates>-47.603571,-5.587310,0 -47.603324,-5.587391,0</coordinates></LineString></Placemark>
<Placemark><name>3610582</name><styleUrl>#styleDaimonCIRCUITO344TRECHO</styleUrl><LineString><coordinates>-47.603324,-5.587391,0 -47.603041,-5.587489,0</coordinates></LineString></Placemark>
<Placemark><name>3610588</name><styleUrl>#styleDaimonCIRCUITO344TRECHO</styleUrl><LineString><coordinates>-47.603041,-5.587489,0 -47.602765,-5.587583,0</coordinates></LineString></Placemark>
<Placemark><name>3610585</name><styleUrl>#styleDaimonCIRCUITO344TRECHO</styleUrl><LineString><coordinates>-47.602765,-5.587583,0 -47.602456,-5.587688,0</coordinates></LineString></Placemark>
<Placemark><name>3610590</name><styleUrl>#styleDaimonCIRCUITO344TRECHO</styleUrl><LineString><coordinates>-47.602456,-5.587688,0 -47.602189,-5.587776,0</coordinates></LineString></Placemark>
<Placemark><name>3610587</name><styleUrl>#styleDaimonCIRCUITO344TRECHO</styleUrl><LineString><coordinates>-47.602189,-5.587776,0 -47.601950,-5.587854,0</coordinates></LineString></Placemark>
<Placemark><name>3610583</name><styleUrl>#styleDaimonCIRCUITO344TRECHO</styleUrl><LineString><coordinates>-47.601950,-5.587854,0 -47.601692,-5.587942,0</coordinates></LineString></Placemark>
<Placemark><name>3609875</name><styleUrl>#styleDaimonCIRCUITO344TRECHO</styleUrl><LineString><coordinates>-47.604468,-5.588160,0 -47.604804,-5.588100,0</coordinates></LineString></Placemark>
<Placemark><name>2775889</name><styleUrl>#styleDaimonCIRCUITO344TRECHO</styleUrl><LineString><coordinates>-47.604804,-5.588100,0 -47.605287,-5.587967,0</coordinates></LineString></Placemark>
<Placemark><name>2778514</name><styleUrl>#styleDaimonCIRCUITO344TRECHO</styleUrl><LineString><coordinates>-47.605287,-5.587967,0 -47.605639,-5.587870,0</coordinates></LineString></Placemark>
<Placemark><name>12138250</name><styleUrl>#styleDaimonCIRCUITO344TRECHO</styleUrl><LineString><coordinates>-47.605639,-5.587870,0 -47.605660,-5.587883,0</coordinates></LineString></Placemark>
<Placemark><name>2778515</name><styleUrl>#styleDaimonCIRCUITO344TRECHO</styleUrl><LineString><coordinates>-47.605660,-5.587883,0 -47.605755,-5.588225,0</coordinates></LineString></Placemark>
<Placemark><name>2775880</name><styleUrl>#styleDaimonCIRCUITO344TRECHO</styleUrl><LineString><coordinates>-47.605755,-5.588225,0 -47.605857,-5.588597,0</coordinates></LineString></Placemark>
<Placemark><name>2775881</name><styleUrl>#styleDaimonCIRCUITO344TRECHO</styleUrl><LineString><coordinates>-47.605857,-5.588597,0 -47.605955,-5.588952,0</coordinates></LineString></Placemark>
<Placemark><name>2775882</name><styleUrl>#styleDaimonCIRCUITO344TRECHO</styleUrl><LineString><coordinates>-47.605955,-5.588952,0 -47.606031,-5.589227,0</coordinates></LineString></Placemark>
<Placemark><name>2775883</name><styleUrl>#styleDaimonCIRCUITO344TRECHO</styleUrl><LineString><coordinates>-47.606031,-5.589227,0 -47.606122,-5.589551,0</coordinates></LineString></Placemark>
<Placemark><name>12148584</name><styleUrl>#styleDaimonCIRCUITO344TRECHO</styleUrl><LineString><coordinates>-47.606122,-5.589551,0 -47.606132,-5.589581,0</coordinates></LineString></Placemark>
<Placemark><name>3665845</name><styleUrl>#styleDaimonCIRCUITO344TRECHO</styleUrl><LineString><coordinates>-47.606122,-5.589551,0 -47.606135,-5.589556,0</coordinates></LineString></Placemark>
<Placemark><name>3536514</name><styleUrl>#styleDaimonCIRCUITO344TRECHO</styleUrl><LineString><coordinates>-47.606132,-5.589581,0 -47.606208,-5.589912,0</coordinates></LineString></Placemark>
<Placemark><name>3536515</name><styleUrl>#styleDaimonCIRCUITO344TRECHO</styleUrl><LineString><coordinates>-47.606208,-5.589912,0 -47.606293,-5.590212,0</coordinates></LineString></Placemark>
<Placemark><name>3536513</name><styleUrl>#styleDaimonCIRCUITO344TRECHO</styleUrl><LineString><coordinates>-47.606293,-5.590212,0 -47.606343,-5.590410,0</coordinates></LineString></Placemark>
<Placemark><name>3536518</name><styleUrl>#styleDaimonCIRCUITO344TRECHO</styleUrl><LineString><coordinates>-47.606343,-5.590410,0 -47.606244,-5.590421,0</coordinates></LineString></Placemark>
<Placemark><name>3536517</name><styleUrl>#styleDaimonCIRCUITO344TRECHO</styleUrl><LineString><coordinates>-47.606343,-5.590410,0 -47.606613,-5.590379,0</coordinates></LineString></Placemark>
<Placemark><name>3536516</name><styleUrl>#styleDaimonCIRCUITO344TRECHO</styleUrl><LineString><coordinates>-47.606343,-5.590410,0 -47.606369,-5.590535,0</coordinates></LineString></Placemark>
<Placemark><name>3536511</name><styleUrl>#styleDaimonCIRCUITO344TRECHO</styleUrl><LineString><coordinates>-47.606244,-5.590421,0 -47.606024,-5.590454,0</coordinates></LineString></Placemark>
<Placemark><name>3536512</name><styleUrl>#styleDaimonCIRCUITO344TRECHO</styleUrl><LineString><coordinates>-47.606024,-5.590454,0 -47.605747,-5.590498,0</coordinates></LineString></Placemark>
<Placemark><name>2775701</name><styleUrl>#styleDaimonCIRCUITO344TRECHO</styleUrl><LineString><coordinates>-47.598737,-5.579379,0 -47.598378,-5.579092,0</coordinates></LineString></Placemark>
<Placemark><name>2775697</name><styleUrl>#styleDaimonCIRCUITO344TRECHO</styleUrl><LineString><coordinates>-47.598378,-5.579092,0 -47.598073,-5.578785,0</coordinates></LineString></Placemark>
<Placemark><name>2775702</name><styleUrl>#styleDaimonCIRCUITO344TRECHO</styleUrl><LineString><coordinates>-47.600109,-5.579851,0 -47.598737,-5.579379,0</coordinates></LineString></Placemark>
<Placemark><name>2775700</name><styleUrl>#styleDaimonCIRCUITO344TRECHO</styleUrl><LineString><coordinates>-47.598073,-5.578785,0 -47.597709,-5.578514,0</coordinates></LineString></Placemark>
<Placemark><name>2775869</name><styleUrl>#styleDaimonCIRCUITO344TRECHO</styleUrl><LineString><coordinates>-47.601265,-5.580347,0 -47.600109,-5.579851,0</coordinates></LineString></Placemark>
<Placemark><name>2775699</name><styleUrl>#styleDaimonCIRCUITO344TRECHO</styleUrl><LineString><coordinates>-47.597709,-5.578514,0 -47.597344,-5.578279,0</coordinates></LineString></Placemark>
<Placemark><name>2775870</name><styleUrl>#styleDaimonCIRCUITO344TRECHO</styleUrl><LineString><coordinates>-47.602358,-5.580839,0 -47.601265,-5.580347,0</coordinates></LineString></Placemark>
<Placemark><name>2775698</name><styleUrl>#styleDaimonCIRCUITO344TRECHO</styleUrl><LineString><coordinates>-47.597344,-5.578279,0 -47.597005,-5.577994,0</coordinates></LineString></Placemark>
<Placemark><name>2775871</name><styleUrl>#styleDaimonCIRCUITO344TRECHO</styleUrl><LineString><coordinates>-47.602928,-5.581046,0 -47.602358,-5.580839,0</coordinates></LineString></Placemark>
<Placemark><name>2775693</name><styleUrl>#styleDaimonCIRCUITO344TRECHO</styleUrl><LineString><coordinates>-47.597005,-5.577994,0 -47.596621,-5.577777,0</coordinates></LineString></Placemark>
<Placemark><name>2775696</name><styleUrl>#styleDaimonCIRCUITO344TRECHO</styleUrl><LineString><coordinates>-47.596621,-5.577777,0 -47.596368,-5.577598,0</coordinates></LineString></Placemark>
<Placemark><name>2775695</name><styleUrl>#styleDaimonCIRCUITO344TRECHO</styleUrl><LineString><coordinates>-47.596368,-5.577598,0 -47.596122,-5.577415,0</coordinates></LineString></Placemark>
<Placemark><name>12138596</name><styleUrl>#styleDaimonCIRCUITO344TRECHO</styleUrl><LineString><coordinates>-47.596122,-5.577415,0 -47.596092,-5.577404,0</coordinates></LineString></Placemark>
<Placemark><name>2789532</name><styleUrl>#styleDaimonCIRCUITO344TRECHO</styleUrl><LineString><coordinates>-47.596092,-5.577404,0 -47.594956,-5.577443,0</coordinates></LineString></Placemark>
<Placemark><name>2775691</name><styleUrl>#styleDaimonCIRCUITO344TRECHO</styleUrl><LineString><coordinates>-47.594956,-5.577443,0 -47.594011,-5.577476,0</coordinates></LineString></Placemark>
<Placemark><name>2778513</name><styleUrl>#styleDaimonCIRCUITO344TRECHO</styleUrl><LineString><coordinates>-47.602739,-5.582048,0 -47.602357,-5.582204,0</coordinates></LineString></Placemark>
<Placemark><name>3661375</name><styleUrl>#styleDaimonCIRCUITO344TRECHO</styleUrl><LineString><coordinates>-47.629286,-5.595144,0 -47.629309,-5.595134,0</coordinates></LineString></Placemark>
<Placemark><name>2788897</name><styleUrl>#styleDaimonCIRCUITO344TRECHO</styleUrl><LineString><coordinates>-47.624823,-5.591925,0 -47.625656,-5.591380,0</coordinates></LineString></Placemark>
<Placemark><name>2788900</name><styleUrl>#styleDaimonCIRCUITO344TRECHO</styleUrl><LineString><coordinates>-47.625656,-5.591380,0 -47.626229,-5.591000,0</coordinates></LineString></Placemark>
<Placemark><name>2789377</name><styleUrl>#styleDaimonCIRCUITO344TRECHO</styleUrl><LineString><coordinates>-47.615590,-5.584036,0 -47.615918,-5.583198,0</coordinates></LineString></Placemark>
<Placemark><name>2789378</name><styleUrl>#styleDaimonCIRCUITO344TRECHO</styleUrl><LineString><coordinates>-47.615918,-5.583198,0 -47.616267,-5.582343,0</coordinates></LineString></Placemark>
<Placemark><name>2789376</name><styleUrl>#styleDaimonCIRCUITO344TRECHO</styleUrl><LineString><coordinates>-47.614898,-5.584893,0 -47.615590,-5.584036,0</coordinates></LineString></Placemark>
<Placemark><name>3650990</name><styleUrl>#styleDaimonCIRCUITO344TRECHO</styleUrl><LineString><coordinates>-47.617309,-5.587635,0 -47.616957,-5.588543,0</coordinates></LineString></Placemark>
<Placemark><name>2788965</name><styleUrl>#styleDaimonCIRCUITO344TRECHO</styleUrl><LineString><coordinates>-47.614924,-5.596275,0 -47.613570,-5.596300,0</coordinates></LineString></Placemark>
<Placemark><name>2788964</name><styleUrl>#styleDaimonCIRCUITO344TRECHO</styleUrl><LineString><coordinates>-47.613570,-5.596300,0 -47.612665,-5.596347,0</coordinates></LineString></Placemark>
<Placemark><name>2788962</name><styleUrl>#styleDaimonCIRCUITO344TRECHO</styleUrl><LineString><coordinates>-47.616081,-5.596224,0 -47.614924,-5.596275,0</coordinates></LineString></Placemark>
<Placemark><name>2788905</name><styleUrl>#styleDaimonCIRCUITO344TRECHO</styleUrl><LineString><coordinates>-47.617087,-5.596242,0 -47.616081,-5.596224,0</coordinates></LineString></Placemark>
<Placemark><name>2788904</name><styleUrl>#styleDaimonCIRCUITO344TRECHO</styleUrl><LineString><coordinates>-47.618148,-5.596173,0 -47.617087,-5.596242,0</coordinates></LineString></Placemark>
<Placemark><name>2788903</name><styleUrl>#styleDaimonCIRCUITO344TRECHO</styleUrl><LineString><coordinates>-47.618985,-5.596168,0 -47.618148,-5.596173,0</coordinates></LineString></Placemark>
<Placemark><name>2788902</name><styleUrl>#styleDaimonCIRCUITO344TRECHO</styleUrl><LineString><coordinates>-47.619433,-5.595970,0 -47.618985,-5.596168,0</coordinates></LineString></Placemark>
<Placemark><name>2776306</name><styleUrl>#styleDaimonCIRCUITO344TRECHO</styleUrl><LineString><coordinates>-47.621055,-5.595346,0 -47.619433,-5.595970,0</coordinates></LineString></Placemark>
<Placemark><name>12167050</name><styleUrl>#styleDaimonCIRCUITO344TRECHO</styleUrl><LineString><coordinates>-47.621060,-5.595326,0 -47.621055,-5.595346,0</coordinates></LineString></Placemark>
<Placemark><name>2776301</name><styleUrl>#styleDaimonCIRCUITO344TRECHO</styleUrl><LineString><coordinates>-47.620834,-5.595069,0 -47.621060,-5.595326,0</coordinates></LineString></Placemark>
<Placemark><name>2776300</name><styleUrl>#styleDaimonCIRCUITO344TRECHO</styleUrl><LineString><coordinates>-47.620640,-5.594713,0 -47.620834,-5.595069,0</coordinates></LineString></Placemark>
<Placemark><name>2776298</name><styleUrl>#styleDaimonCIRCUITO344TRECHO</styleUrl><LineString><coordinates>-47.620459,-5.594368,0 -47.620640,-5.594713,0</coordinates></LineString></Placemark>
<Placemark><name>2776296</name><styleUrl>#styleDaimonCIRCUITO344TRECHO</styleUrl><LineString><coordinates>-47.620221,-5.593961,0 -47.620459,-5.594368,0</coordinates></LineString></Placemark>
<Placemark><name>2776107</name><styleUrl>#styleDaimonCIRCUITO344TRECHO</styleUrl><LineString><coordinates>-47.619624,-5.593294,0 -47.620221,-5.593961,0</coordinates></LineString></Placemark>
<Placemark><name>2776105</name><styleUrl>#styleDaimonCIRCUITO344TRECHO</styleUrl><LineString><coordinates>-47.618843,-5.592354,0 -47.619624,-5.593294,0</coordinates></LineString></Placemark>
<Placemark><name>2776103</name><styleUrl>#styleDaimonCIRCUITO344TRECHO</styleUrl><LineString><coordinates>-47.617490,-5.591179,0 -47.618843,-5.592354,0</coordinates></LineString></Placemark>
<Placemark><name>2776102</name><styleUrl>#styleDaimonCIRCUITO344TRECHO</styleUrl><LineString><coordinates>-47.617228,-5.590978,0 -47.617490,-5.591179,0</coordinates></LineString></Placemark>
<Placemark><name>12167049</name><styleUrl>#styleDaimonCIRCUITO344TRECHO</styleUrl><LineString><coordinates>-47.617220,-5.590950,0 -47.617228,-5.590978,0</coordinates></LineString></Placemark>
<Placemark><name>12171026</name><styleUrl>#styleDaimonCIRCUITO344TRECHO</styleUrl><LineString><coordinates>-47.617220,-5.590950,0 -47.617191,-5.590934,0</coordinates></LineString></Placemark>
<Placemark><name>2776097</name><styleUrl>#styleDaimonCIRCUITO344TRECHO</styleUrl><LineString><coordinates>-47.617600,-5.589825,0 -47.617220,-5.590950,0</coordinates></LineString></Placemark>
<Placemark><name>3004999</name><styleUrl>#styleDaimonCIRCUITO344TRECHO</styleUrl><LineString><coordinates>-47.617191,-5.590934,0 -47.617085,-5.590783,0</coordinates></LineString></Placemark>
<Placemark><name>12167048</name><styleUrl>#styleDaimonCIRCUITO344TRECHO</styleUrl><LineString><coordinates>-47.617609,-5.589791,0 -47.617600,-5.589825,0</coordinates></LineString></Placemark>
<Placemark><name>12171027</name><styleUrl>#styleDaimonCIRCUITO344TRECHO</styleUrl><LineString><coordinates>-47.617085,-5.590783,0 -47.617061,-5.590761,0</coordinates></LineString></Placemark>
<Placemark><name>2776096</name><styleUrl>#styleDaimonCIRCUITO344TRECHO</styleUrl><LineString><coordinates>-47.617799,-5.589167,0 -47.617609,-5.589791,0</coordinates></LineString></Placemark>
<Placemark><name>3004998</name><styleUrl>#styleDaimonCIRCUITO344TRECHO</styleUrl><LineString><coordinates>-47.617061,-5.590761,0 -47.616370,-5.590374,0</coordinates></LineString></Placemark>
<Placemark><name>2776095</name><styleUrl>#styleDaimonCIRCUITO344TRECHO</styleUrl><LineString><coordinates>-47.618138,-5.588053,0 -47.617799,-5.589167,0</coordinates></LineString></Placemark>
<Placemark><name>3004997</name><styleUrl>#styleDaimonCIRCUITO344TRECHO</styleUrl><LineString><coordinates>-47.616370,-5.590374,0 -47.615669,-5.589983,0</coordinates></LineString></Placemark>
<Placemark><name>3004996</name><styleUrl>#styleDaimonCIRCUITO344TRECHO</styleUrl><LineString><coordinates>-47.615669,-5.589983,0 -47.615169,-5.589655,0</coordinates></LineString></Placemark>
<Placemark><name>3593397</name><styleUrl>#styleDaimonCIRCUITO344TRECHO</styleUrl><LineString><coordinates>-47.615169,-5.589655,0 -47.614841,-5.589442,0</coordinates></LineString></Placemark>
<Placemark><name>3593400</name><styleUrl>#styleDaimonCIRCUITO344TRECHO</styleUrl><LineString><coordinates>-47.614841,-5.589442,0 -47.614674,-5.589333,0</coordinates></LineString></Placemark>
<Placemark><name>2789169</name><styleUrl>#styleDaimonCIRCUITO344TRECHO</styleUrl><LineString><coordinates>-47.615903,-5.586118,0 -47.615802,-5.586173,0</coordinates></LineString></Placemark>
<Placemark><name>2806152</name><styleUrl>#styleDaimonCIRCUITO344TRECHO</styleUrl><LineString><coordinates>-47.628960,-5.595136,0 -47.628524,-5.595172,0</coordinates></LineString></Placemark>
<Placemark><name>2789175</name><styleUrl>#styleDaimonCIRCUITO344TRECHO</styleUrl><LineString><coordinates>-47.611792,-5.582513,0 -47.611650,-5.581925,0</coordinates></LineString></Placemark>
<Placemark><name>2789176</name><styleUrl>#styleDaimonCIRCUITO344TRECHO</styleUrl><LineString><coordinates>-47.611650,-5.581925,0 -47.611419,-5.581323,0</coordinates></LineString></Placemark>
<Placemark><name>2776307</name><styleUrl>#styleDaimonCIRCUITO344TRECHO</styleUrl><LineString><coordinates>-47.622585,-5.592322,0 -47.622593,-5.593457,0</coordinates></LineString></Placemark>
<Placemark><name>2776310</name><styleUrl>#styleDaimonCIRCUITO344TRECHO</styleUrl><LineString><coordinates>-47.622593,-5.593457,0 -47.622494,-5.594303,0</coordinates></LineString></Placemark>
<Placemark><name>12138599</name><styleUrl>#styleDaimonCIRCUITO344TRECHO</styleUrl><LineString><coordinates>-47.622585,-5.592305,0 -47.622585,-5.592322,0</coordinates></LineString></Placemark>
<Placemark><name>2776100</name><styleUrl>#styleDaimonCIRCUITO344TRECHO</styleUrl><LineString><coordinates>-47.623231,-5.591857,0 -47.622585,-5.592305,0</coordinates></LineString></Placemark>
<Placemark><name>2776308</name><styleUrl>#styleDaimonCIRCUITO344TRECHO</styleUrl><LineString><coordinates>-47.622585,-5.592305,0 -47.621913,-5.592767,0</coordinates></LineString></Placemark>
<Placemark><name>2789531</name><styleUrl>#styleDaimonCIRCUITO344TRECHO</styleUrl><LineString><coordinates>-47.608921,-5.561654,0 -47.609408,-5.561688,0</coordinates></LineString></Placemark>
<Placemark><name>2779230</name><styleUrl>#styleDaimonCIRCUITO344TRECHO</styleUrl><LineString><coordinates>-47.493465,-5.630602,0 -47.494438,-5.630601,0</coordinates></LineString></Placemark>
<Placemark><name>2779229</name><styleUrl>#styleDaimonCIRCUITO344TRECHO</styleUrl><LineString><coordinates>-47.494438,-5.630601,0 -47.495562,-5.630621,0</coordinates></LineString></Placemark>
<Placemark><name>2779338</name><styleUrl>#styleDaimonCIRCUITO344TRECHO</styleUrl><LineString><coordinates>-47.492469,-5.630561,0 -47.493465,-5.630602,0</coordinates></LineString></Placemark>
<Placemark><name>2779228</name><styleUrl>#styleDaimonCIRCUITO344TRECHO</styleUrl><LineString><coordinates>-47.495562,-5.630621,0 -47.496545,-5.630674,0</coordinates></LineString></Placemark>
<Placemark><name>2779339</name><styleUrl>#styleDaimonCIRCUITO344TRECHO</styleUrl><LineString><coordinates>-47.491536,-5.630566,0 -47.492469,-5.630561,0</coordinates></LineString></Placemark>
<Placemark><name>2788783</name><styleUrl>#styleDaimonCIRCUITO344TRECHO</styleUrl><LineString><coordinates>-47.496545,-5.630674,0 -47.497174,-5.630720,0</coordinates></LineString></Placemark>
<Placemark><name>2779340</name><styleUrl>#styleDaimonCIRCUITO344TRECHO</styleUrl><LineString><coordinates>-47.490596,-5.630537,0 -47.491536,-5.630566,0</coordinates></LineString></Placemark>
<Placemark><name>2788630</name><styleUrl>#styleDaimonCIRCUITO344TRECHO</styleUrl><LineString><coordinates>-47.497174,-5.630720,0 -47.497821,-5.630770,0</coordinates></LineString></Placemark>
<Placemark><name>2779342</name><styleUrl>#styleDaimonCIRCUITO344TRECHO</styleUrl><LineString><coordinates>-47.489700,-5.630563,0 -47.490596,-5.630537,0</coordinates></LineString></Placemark>
<Placemark><name>2779344</name><styleUrl>#styleDaimonCIRCUITO344TRECHO</styleUrl><LineString><coordinates>-47.488790,-5.630498,0 -47.489700,-5.630563,0</coordinates></LineString></Placemark>
<Placemark><name>2779345</name><styleUrl>#styleDaimonCIRCUITO344TRECHO</styleUrl><LineString><coordinates>-47.487790,-5.630491,0 -47.488790,-5.630498,0</coordinates></LineString></Placemark>
<Placemark><name>2779347</name><styleUrl>#styleDaimonCIRCUITO344TRECHO</styleUrl><LineString><coordinates>-47.486961,-5.630515,0 -47.487790,-5.630491,0</coordinates></LineString></Placemark>
<Placemark><name>2779349</name><styleUrl>#styleDaimonCIRCUITO344TRECHO</styleUrl><LineString><coordinates>-47.486076,-5.630436,0 -47.486961,-5.630515,0</coordinates></LineString></Placemark>
<Placemark><name>2786866</name><styleUrl>#styleDaimonCIRCUITO344TRECHO</styleUrl><LineString><coordinates>-47.485237,-5.630444,0 -47.486076,-5.630436,0</coordinates></LineString></Placemark>
<Placemark><name>12042611</name><styleUrl>#styleDaimonCIRCUITO344TRECHO</styleUrl><LineString><coordinates>-47.485222,-5.630427,0 -47.485237,-5.630444,0</coordinates></LineString></Placemark>
<Placemark><name>2786865</name><styleUrl>#styleDaimonCIRCUITO344TRECHO</styleUrl><LineString><coordinates>-47.485246,-5.630079,0 -47.485222,-5.630427,0</coordinates></LineString></Placemark>
<Placemark><name>2786863</name><styleUrl>#styleDaimonCIRCUITO344TRECHO</styleUrl><LineString><coordinates>-47.485331,-5.629778,0 -47.485246,-5.630079,0</coordinates></LineString></Placemark>
<Placemark><name>2786861</name><styleUrl>#styleDaimonCIRCUITO344TRECHO</styleUrl><LineString><coordinates>-47.485419,-5.629497,0 -47.485331,-5.629778,0</coordinates></LineString></Placemark>
<Placemark><name>2786860</name><styleUrl>#styleDaimonCIRCUITO344TRECHO</styleUrl><LineString><coordinates>-47.485498,-5.629246,0 -47.485419,-5.629497,0</coordinates></LineString></Placemark>
<Placemark><name>2788013</name><styleUrl>#styleDaimonCIRCUITO344TRECHO</styleUrl><LineString><coordinates>-47.485549,-5.628918,0 -47.485498,-5.629246,0</coordinates></LineString></Placemark>
<Placemark><name>2779350</name><styleUrl>#styleDaimonCIRCUITO344TRECHO</styleUrl><LineString><coordinates>-47.485497,-5.628764,0 -47.485549,-5.628918,0</coordinates></LineString></Placemark>
<Placemark><name>2788424</name><styleUrl>#styleDaimonCIRCUITO344TRECHO</styleUrl><LineString><coordinates>-47.485157,-5.628752,0 -47.485497,-5.628764,0</coordinates></LineString></Placemark>
<Placemark><name>2777020</name><styleUrl>#styleDaimonCIRCUITO344TRECHO</styleUrl><LineString><coordinates>-47.484844,-5.628715,0 -47.485157,-5.628752,0</coordinates></LineString></Placemark>
<Placemark><name>12042610</name><styleUrl>#styleDaimonCIRCUITO344TRECHO</styleUrl><LineString><coordinates>-47.484812,-5.628705,0 -47.484844,-5.628715,0</coordinates></LineString></Placemark>
<Placemark><name>2777018</name><styleUrl>#styleDaimonCIRCUITO344TRECHO</styleUrl><LineString><coordinates>-47.484709,-5.628640,0 -47.484812,-5.628705,0</coordinates></LineString></Placemark>
<Placemark><name>2787076</name><styleUrl>#styleDaimonCIRCUITO344TRECHO</styleUrl><LineString><coordinates>-47.484316,-5.631201,0 -47.484148,-5.632479,0</coordinates></LineString></Placemark>
<Placemark><name>2787077</name><styleUrl>#styleDaimonCIRCUITO344TRECHO</styleUrl><LineString><coordinates>-47.484423,-5.630067,0 -47.484316,-5.631201,0</coordinates></LineString></Placemark>
<Placemark><name>2788422</name><styleUrl>#styleDaimonCIRCUITO344TRECHO</styleUrl><LineString><coordinates>-47.484649,-5.628774,0 -47.484423,-5.630067,0</coordinates></LineString></Placemark>
<Placemark><name>2777428</name><styleUrl>#styleDaimonCIRCUITO344TRECHO</styleUrl><LineString><coordinates>-47.488791,-5.610204,0 -47.487829,-5.609375,0</coordinates></LineString></Placemark>
<Placemark><name>2777426</name><styleUrl>#styleDaimonCIRCUITO344TRECHO</styleUrl><LineString><coordinates>-47.489711,-5.610984,0 -47.488791,-5.610204,0</coordinates></LineString></Placemark>
<Placemark><name>2777429</name><styleUrl>#styleDaimonCIRCUITO344TRECHO</styleUrl><LineString><coordinates>-47.487829,-5.609375,0 -47.487275,-5.608935,0</coordinates></LineString></Placemark>
<Placemark><name>2777724</name><styleUrl>#styleDaimonCIRCUITO344TRECHO</styleUrl><LineString><coordinates>-47.491138,-5.604339,0 -47.491204,-5.603222,0</coordinates></LineString></Placemark>
<Placemark><name>12138609</name><styleUrl>#styleDaimonCIRCUITO344TRECHO</styleUrl><LineString><coordinates>-47.550014,-5.629386,0 -47.549987,-5.629392,0</coordinates></LineString></Placemark>
<Placemark><name>2779088</name><styleUrl>#styleDaimonCIRCUITO344TRECHO</styleUrl><LineString><coordinates>-47.549987,-5.629392,0 -47.549468,-5.629811,0</coordinates></LineString></Placemark>
<Placemark><name>3665852</name><styleUrl>#styleDaimonCIRCUITO344TRECHO</styleUrl><LineString><coordinates>-47.550014,-5.629386,0 -47.550008,-5.629373,0</coordinates></LineString></Placemark>
<Placemark><name>2779084</name><styleUrl>#styleDaimonCIRCUITO344TRECHO</styleUrl><LineString><coordinates>-47.553209,-5.630559,0 -47.550014,-5.629386,0</coordinates></LineString></Placemark>
<Placemark><name>2779087</name><styleUrl>#styleDaimonCIRCUITO344TRECHO</styleUrl><LineString><coordinates>-47.549468,-5.629811,0 -47.548970,-5.630223,0</coordinates></LineString></Placemark>
<Placemark><name>12138701</name><styleUrl>#styleDaimonCIRCUITO344TRECHO</styleUrl><LineString><coordinates>-47.553241,-5.630571,0 -47.553209,-5.630559,0</coordinates></LineString></Placemark>
<Placemark><name>12138610</name><styleUrl>#styleDaimonCIRCUITO344TRECHO</styleUrl><LineString><coordinates>-47.548970,-5.630223,0 -47.548942,-5.630245,0</coordinates></LineString></Placemark>
<Placemark><name>2779091</name><styleUrl>#styleDaimonCIRCUITO344TRECHO</styleUrl><LineString><coordinates>-47.554094,-5.630889,0 -47.553241,-5.630571,0</coordinates></LineString></Placemark>
<Placemark><name>2779085</name><styleUrl>#styleDaimonCIRCUITO344TRECHO</styleUrl><LineString><coordinates>-47.548942,-5.630245,0 -47.546982,-5.631838,0</coordinates></LineString></Placemark>
<Placemark><name>2779090</name><styleUrl>#styleDaimonCIRCUITO344TRECHO</styleUrl><LineString><coordinates>-47.555318,-5.631328,0 -47.554094,-5.630889,0</coordinates></LineString></Placemark>
<Placemark><name>2779092</name><styleUrl>#styleDaimonCIRCUITO344TRECHO</styleUrl><LineString><coordinates>-47.556033,-5.631574,0 -47.555318,-5.631328,0</coordinates></LineString></Placemark>
<Placemark><name>2779100</name><styleUrl>#styleDaimonCIRCUITO344TRECHO</styleUrl><LineString><coordinates>-47.556610,-5.631780,0 -47.556033,-5.631574,0</coordinates></LineString></Placemark>
<Placemark><name>12138608</name><styleUrl>#styleDaimonCIRCUITO344TRECHO</styleUrl><LineString><coordinates>-47.556629,-5.631770,0 -47.556610,-5.631780,0</coordinates></LineString></Placemark>
<Placemark><name>29791834</name><styleUrl>#styleDaimonCIRCUITO344TRECHO</styleUrl><LineString><coordinates>-47.556629,-5.631770,0 -47.556635,-5.631796,0</coordinates></LineString></Placemark>
<Placemark><name>2779098</name><styleUrl>#styleDaimonCIRCUITO344TRECHO</styleUrl><LineString><coordinates>-47.556822,-5.630936,0 -47.556629,-5.631770,0</coordinates></LineString></Placemark>
<Placemark><name>29791864</name><styleUrl>#styleDaimonCIRCUITO344TRECHO</styleUrl><LineString><coordinates>-47.556635,-5.631796,0 -47.556690,-5.632153,0</coordinates></LineString></Placemark>
<Placemark><name>12138607</name><styleUrl>#styleDaimonCIRCUITO344TRECHO</styleUrl><LineString><coordinates>-47.556829,-5.630903,0 -47.556822,-5.630936,0</coordinates></LineString></Placemark>
<Placemark><name>12138606</name><styleUrl>#styleDaimonCIRCUITO344TRECHO</styleUrl><LineString><coordinates>-47.556829,-5.630903,0 -47.556831,-5.630935,0</coordinates></LineString></Placemark>
<Placemark><name>2779099</name><styleUrl>#styleDaimonCIRCUITO344TRECHO</styleUrl><LineString><coordinates>-47.557044,-5.629840,0 -47.556829,-5.630903,0</coordinates></LineString></Placemark>
<Placemark><name>2779094</name><styleUrl>#styleDaimonCIRCUITO344TRECHO</styleUrl><LineString><coordinates>-47.556831,-5.630935,0 -47.557104,-5.631789,0</coordinates></LineString></Placemark>
<Placemark><name>2779101</name><styleUrl>#styleDaimonCIRCUITO344TRECHO</styleUrl><LineString><coordinates>-47.557396,-5.628720,0 -47.557044,-5.629840,0</coordinates></LineString></Placemark>
<Placemark><name>2779095</name><styleUrl>#styleDaimonCIRCUITO344TRECHO</styleUrl><LineString><coordinates>-47.557104,-5.631789,0 -47.557505,-5.632869,0</coordinates></LineString></Placemark>
<Placemark><name>2779102</name><styleUrl>#styleDaimonCIRCUITO344TRECHO</styleUrl><LineString><coordinates>-47.557747,-5.627733,0 -47.557396,-5.628720,0</coordinates></LineString></Placemark>
<Placemark><name>2779096</name><styleUrl>#styleDaimonCIRCUITO344TRECHO</styleUrl><LineString><coordinates>-47.557505,-5.632869,0 -47.557943,-5.633942,0</coordinates></LineString></Placemark>
<Placemark><name>30839516</name><styleUrl>#styleDaimonCIRCUITO344TRECHO</styleUrl><LineString><coordinates>-47.556083,-5.626232,0 -47.555488,-5.626039,0</coordinates></LineString></Placemark>
<Placemark><name>2779103</name><styleUrl>#styleDaimonCIRCUITO344TRECHO</styleUrl><LineString><coordinates>-47.555488,-5.626039,0 -47.555178,-5.625939,0</coordinates></LineString></Placemark>
<Placemark><name>2780276</name><styleUrl>#styleDaimonCIRCUITO344TRECHO</styleUrl><LineString><coordinates>-47.556433,-5.626564,0 -47.556083,-5.626232,0</coordinates></LineString></Placemark>
<Placemark><name>12138604</name><styleUrl>#styleDaimonCIRCUITO344TRECHO</styleUrl><LineString><coordinates>-47.555178,-5.625939,0 -47.555151,-5.625921,0</coordinates></LineString></Placemark>
<Placemark><name>12139456</name><styleUrl>#styleDaimonCIRCUITO344TRECHO</styleUrl><LineString><coordinates>-47.556456,-5.626586,0 -47.556433,-5.626564,0</coordinates></LineString></Placemark>
<Placemark><name>2779211</name><styleUrl>#styleDaimonCIRCUITO344TRECHO</styleUrl><LineString><coordinates>-47.555151,-5.625921,0 -47.554527,-5.625109,0</coordinates></LineString></Placemark>
<Placemark><name>2779222</name><styleUrl>#styleDaimonCIRCUITO344TRECHO</styleUrl><LineString><coordinates>-47.556683,-5.626821,0 -47.556456,-5.626586,0</coordinates></LineString></Placemark>
<Placemark><name>2779104</name><styleUrl>#styleDaimonCIRCUITO344TRECHO</styleUrl><LineString><coordinates>-47.554527,-5.625109,0 -47.553775,-5.624233,0</coordinates></LineString></Placemark>
<Placemark><name>2777434</name><styleUrl>#styleDaimonCIRCUITO344TRECHO</styleUrl><LineString><coordinates>-47.556925,-5.626996,0 -47.556683,-5.626821,0</coordinates></LineString></Placemark>
<Placemark><name>2779212</name><styleUrl>#styleDaimonCIRCUITO344TRECHO</styleUrl><LineString><coordinates>-47.553775,-5.624233,0 -47.553185,-5.623531,0</coordinates></LineString></Placemark>
<Placemark><name>2779224</name><styleUrl>#styleDaimonCIRCUITO344TRECHO</styleUrl><LineString><coordinates>-47.557186,-5.627162,0 -47.556925,-5.626996,0</coordinates></LineString></Placemark>
<Placemark><name>12138605</name><styleUrl>#styleDaimonCIRCUITO344TRECHO</styleUrl><LineString><coordinates>-47.553185,-5.623531,0 -47.553185,-5.623514,0</coordinates></LineString></Placemark>
<Placemark><name>64774999</name><styleUrl>#styleDaimonCIRCUITO344TRECHO</styleUrl><LineString><coordinates>-47.553185,-5.623531,0 -47.552869,-5.623103,0</coordinates></LineString></Placemark>
<Placemark><name>2779223</name><styleUrl>#styleDaimonCIRCUITO344TRECHO</styleUrl><LineString><coordinates>-47.557418,-5.627329,0 -47.557186,-5.627162,0</coordinates></LineString></Placemark>
<Placemark><name>2779214</name><styleUrl>#styleDaimonCIRCUITO344TRECHO</styleUrl><LineString><coordinates>-47.553185,-5.623514,0 -47.553194,-5.623306,0</coordinates></LineString></Placemark>
<Placemark><name>2779213</name><styleUrl>#styleDaimonCIRCUITO344TRECHO</styleUrl><LineString><coordinates>-47.552869,-5.623103,0 -47.552594,-5.622731,0</coordinates></LineString></Placemark>
<Placemark><name>2777598</name><styleUrl>#styleDaimonCIRCUITO344TRECHO</styleUrl><LineString><coordinates>-47.557646,-5.627501,0 -47.557418,-5.627329,0</coordinates></LineString></Placemark>
<Placemark><name>2779216</name><styleUrl>#styleDaimonCIRCUITO344TRECHO</styleUrl><LineString><coordinates>-47.552594,-5.622731,0 -47.551805,-5.621735,0</coordinates></LineString></Placemark>
<Placemark><name>2779215</name><styleUrl>#styleDaimonCIRCUITO344TRECHO</styleUrl><LineString><coordinates>-47.551805,-5.621735,0 -47.551046,-5.620873,0</coordinates></LineString></Placemark>
<Placemark><name>2779218</name><styleUrl>#styleDaimonCIRCUITO344TRECHO</styleUrl><LineString><coordinates>-47.551046,-5.620873,0 -47.550421,-5.619913,0</coordinates></LineString></Placemark>
<Placemark><name>2779219</name><styleUrl>#styleDaimonCIRCUITO344TRECHO</styleUrl><LineString><coordinates>-47.550421,-5.619913,0 -47.549740,-5.618916,0</coordinates></LineString></Placemark>
<Placemark><name>2779217</name><styleUrl>#styleDaimonCIRCUITO344TRECHO</styleUrl><LineString><coordinates>-47.549740,-5.618916,0 -47.549136,-5.618032,0</coordinates></LineString></Placemark>
<Placemark><name>2779220</name><styleUrl>#styleDaimonCIRCUITO344TRECHO</styleUrl><LineString><coordinates>-47.549136,-5.618032,0 -47.548972,-5.617043,0</coordinates></LineString></Placemark>
<Placemark><name>2778042</name><styleUrl>#styleDaimonCIRCUITO344TRECHO</styleUrl><LineString><coordinates>-47.574748,-5.595364,0 -47.574660,-5.595733,0</coordinates></LineString></Placemark>
<Placemark><name>2778044</name><styleUrl>#styleDaimonCIRCUITO344TRECHO</styleUrl><LineString><coordinates>-47.577611,-5.595759,0 -47.578715,-5.595911,0</coordinates></LineString></Placemark>
<Placemark><name>2778291</name><styleUrl>#styleDaimonCIRCUITO344TRECHO</styleUrl><LineString><coordinates>-47.572962,-5.608206,0 -47.572624,-5.609042,0</coordinates></LineString></Placemark>
<Placemark><name>2778285</name><styleUrl>#styleDaimonCIRCUITO344TRECHO</styleUrl><LineString><coordinates>-47.573312,-5.607189,0 -47.572962,-5.608206,0</coordinates></LineString></Placemark>
<Placemark><name>12138705</name><styleUrl>#styleDaimonCIRCUITO344TRECHO</styleUrl><LineString><coordinates>-47.572624,-5.609042,0 -47.572607,-5.609072,0</coordinates></LineString></Placemark>
<Placemark><name>2778047</name><styleUrl>#styleDaimonCIRCUITO344TRECHO</styleUrl><LineString><coordinates>-47.573855,-5.605621,0 -47.573312,-5.607189,0</coordinates></LineString></Placemark>
<Placemark><name>2778290</name><styleUrl>#styleDaimonCIRCUITO344TRECHO</styleUrl><LineString><coordinates>-47.572607,-5.609072,0 -47.572139,-5.609776,0</coordinates></LineString></Placemark>
<Placemark><name>2778048</name><styleUrl>#styleDaimonCIRCUITO344TRECHO</styleUrl><LineString><coordinates>-47.574192,-5.604663,0 -47.573855,-5.605621,0</coordinates></LineString></Placemark>
<Placemark><name>2778289</name><styleUrl>#styleDaimonCIRCUITO344TRECHO</styleUrl><LineString><coordinates>-47.572139,-5.609776,0 -47.571589,-5.610618,0</coordinates></LineString></Placemark>
<Placemark><name>2778046</name><styleUrl>#styleDaimonCIRCUITO344TRECHO</styleUrl><LineString><coordinates>-47.574596,-5.603532,0 -47.574192,-5.604663,0</coordinates></LineString></Placemark>
<Placemark><name>2778288</name><styleUrl>#styleDaimonCIRCUITO344TRECHO</styleUrl><LineString><coordinates>-47.571589,-5.610618,0 -47.570935,-5.611555,0</coordinates></LineString></Placemark>
<Placemark><name>2778283</name><styleUrl>#styleDaimonCIRCUITO344TRECHO</styleUrl><LineString><coordinates>-47.574984,-5.602442,0 -47.574596,-5.603532,0</coordinates></LineString></Placemark>
<Placemark><name>2778287</name><styleUrl>#styleDaimonCIRCUITO344TRECHO</styleUrl><LineString><coordinates>-47.570935,-5.611555,0 -47.570365,-5.612483,0</coordinates></LineString></Placemark>
<Placemark><name>12138707</name><styleUrl>#styleDaimonCIRCUITO344TRECHO</styleUrl><LineString><coordinates>-47.574975,-5.602418,0 -47.574984,-5.602442,0</coordinates></LineString></Placemark>
<Placemark><name>2778972</name><styleUrl>#styleDaimonCIRCUITO344TRECHO</styleUrl><LineString><coordinates>-47.570365,-5.612483,0 -47.569722,-5.613476,0</coordinates></LineString></Placemark>
<Placemark><name>2778282</name><styleUrl>#styleDaimonCIRCUITO344TRECHO</styleUrl><LineString><coordinates>-47.574738,-5.602279,0 -47.574975,-5.602418,0</coordinates></LineString></Placemark>
<Placemark><name>2778973</name><styleUrl>#styleDaimonCIRCUITO344TRECHO</styleUrl><LineString><coordinates>-47.569722,-5.613476,0 -47.569274,-5.614130,0</coordinates></LineString></Placemark>
<Placemark><name>12138706</name><styleUrl>#styleDaimonCIRCUITO344TRECHO</styleUrl><LineString><coordinates>-47.569274,-5.614130,0 -47.569268,-5.614161,0</coordinates></LineString></Placemark>
<Placemark><name>2778974</name><styleUrl>#styleDaimonCIRCUITO344TRECHO</styleUrl><LineString><coordinates>-47.569268,-5.614161,0 -47.569423,-5.615065,0</coordinates></LineString></Placemark>
<Placemark><name>2775884</name><styleUrl>#styleDaimonCIRCUITO344TRECHO</styleUrl><LineString><coordinates>-47.606143,-5.589553,0 -47.606216,-5.589517,0</coordinates></LineString></Placemark>
<Placemark><name>2775692</name><styleUrl>#styleDaimonCIRCUITO344TRECHO</styleUrl><LineString><coordinates>-47.593904,-5.577462,0 -47.592936,-5.577334,0</coordinates></LineString></Placemark>
<Placemark><name>2775868</name><styleUrl>#styleDaimonCIRCUITO344TRECHO</styleUrl><LineString><coordinates>-47.599371,-5.580330,0 -47.598966,-5.580632,0</coordinates></LineString></Placemark>
<Placemark><name>2775703</name><styleUrl>#styleDaimonCIRCUITO344TRECHO</styleUrl><LineString><coordinates>-47.600036,-5.579899,0 -47.599371,-5.580330,0</coordinates></LineString></Placemark>
<Placemark><name>3661376</name><styleUrl>#styleDaimonCIRCUITO344TRECHO</styleUrl><LineString><coordinates>-47.629310,-5.595135,0 -47.629326,-5.595135,0</coordinates></LineString></Placemark>
<Placemark><name>53141178</name><styleUrl>#styleDaimonCIRCUITO344TRECHO</styleUrl><LineString><coordinates>-47.627876,-5.589850,0 -47.627926,-5.589368,0</coordinates></LineString></Placemark>
<Placemark><name>53141164</name><styleUrl>#styleDaimonCIRCUITO344TRECHO</styleUrl><LineString><coordinates>-47.627853,-5.589872,0 -47.627876,-5.589850,0</coordinates></LineString></Placemark>
<Placemark><name>53141159</name><styleUrl>#styleDaimonCIRCUITO344TRECHO</styleUrl><LineString><coordinates>-47.627543,-5.590107,0 -47.627853,-5.589872,0</coordinates></LineString></Placemark>
<Placemark><name>53141155</name><styleUrl>#styleDaimonCIRCUITO344TRECHO</styleUrl><LineString><coordinates>-47.627520,-5.590123,0 -47.627543,-5.590107,0</coordinates></LineString></Placemark>
<Placemark><name>53141151</name><styleUrl>#styleDaimonCIRCUITO344TRECHO</styleUrl><LineString><coordinates>-47.627459,-5.590172,0 -47.627520,-5.590123,0</coordinates></LineString></Placemark>
<Placemark><name>2788901</name><styleUrl>#styleDaimonCIRCUITO344TRECHO</styleUrl><LineString><coordinates>-47.626352,-5.590917,0 -47.627459,-5.590172,0</coordinates></LineString></Placemark>
<Placemark><name>2788906</name><styleUrl>#styleDaimonCIRCUITO344TRECHO</styleUrl><LineString><coordinates>-47.616053,-5.596296,0 -47.615800,-5.596938,0</coordinates></LineString></Placemark>
<Placemark><name>3593399</name><styleUrl>#styleDaimonCIRCUITO344TRECHO</styleUrl><LineString><coordinates>-47.613618,-5.590768,0 -47.613006,-5.591431,0</coordinates></LineString></Placemark>
<Placemark><name>3593398</name><styleUrl>#styleDaimonCIRCUITO344TRECHO</styleUrl><LineString><coordinates>-47.613006,-5.591431,0 -47.612393,-5.592094,0</coordinates></LineString></Placemark>
<Placemark><name>3593402</name><styleUrl>#styleDaimonCIRCUITO344TRECHO</styleUrl><LineString><coordinates>-47.614229,-5.590105,0 -47.613618,-5.590768,0</coordinates></LineString></Placemark>
<Placemark><name>3593394</name><styleUrl>#styleDaimonCIRCUITO344TRECHO</styleUrl><LineString><coordinates>-47.612393,-5.592094,0 -47.611976,-5.592546,0</coordinates></LineString></Placemark>
<Placemark><name>3593395</name><styleUrl>#styleDaimonCIRCUITO344TRECHO</styleUrl><LineString><coordinates>-47.614781,-5.589509,0 -47.614229,-5.590105,0</coordinates></LineString></Placemark>
<Placemark><name>12179884</name><styleUrl>#styleDaimonCIRCUITO344TRECHO</styleUrl><LineString><coordinates>-47.611976,-5.592546,0 -47.611955,-5.592548,0</coordinates></LineString></Placemark>
<Placemark><name>3593401</name><styleUrl>#styleDaimonCIRCUITO344TRECHO</styleUrl><LineString><coordinates>-47.611955,-5.592548,0 -47.611781,-5.592385,0</coordinates></LineString></Placemark>
<Placemark><name>12179883</name><styleUrl>#styleDaimonCIRCUITO344TRECHO</styleUrl><LineString><coordinates>-47.611781,-5.592385,0 -47.611768,-5.592355,0</coordinates></LineString></Placemark>
<Placemark><name>3593396</name><styleUrl>#styleDaimonCIRCUITO344TRECHO</styleUrl><LineString><coordinates>-47.611768,-5.592355,0 -47.611783,-5.591258,0</coordinates></LineString></Placemark>
<Placemark><name>2788963</name><styleUrl>#styleDaimonCIRCUITO344TRECHO</styleUrl><LineString><coordinates>-47.612593,-5.596406,0 -47.611945,-5.596932,0</coordinates></LineString></Placemark>
<Placemark><name>3661374</name><styleUrl>#styleDaimonCIRCUITO344TRECHO</styleUrl><LineString><coordinates>-47.617492,-5.591179,0 -47.617506,-5.591171,0</coordinates></LineString></Placemark>
<Placemark><name>2788628</name><styleUrl>#styleDaimonCIRCUITO344TRECHO</styleUrl><LineString><coordinates>-47.497833,-5.630713,0 -47.497935,-5.630186,0</coordinates></LineString></Placemark>
<Placemark><name>2786868</name><styleUrl>#styleDaimonCIRCUITO344TRECHO</styleUrl><LineString><coordinates>-47.484140,-5.632505,0 -47.484069,-5.632724,0</coordinates></LineString></Placemark>
<Placemark><name>2779089</name><styleUrl>#styleDaimonCIRCUITO344TRECHO</styleUrl><LineString><coordinates>-47.549985,-5.629370,0 -47.549782,-5.629334,0</coordinates></LineString></Placemark>
<Placemark><name>2591926</name><styleUrl>#styleDaimonCIRCUITO344TRECHO</styleUrl><LineString><coordinates>-47.546064,-5.632438,0 -47.545109,-5.633011,0</coordinates></LineString></Placemark>
<Placemark><name>2591927</name><styleUrl>#styleDaimonCIRCUITO344TRECHO</styleUrl><LineString><coordinates>-47.545109,-5.633011,0 -47.544141,-5.633590,0</coordinates></LineString></Placemark>
<Placemark><name>12132646</name><styleUrl>#styleDaimonCIRCUITO344TRECHO</styleUrl><LineString><coordinates>-47.546094,-5.632422,0 -47.546064,-5.632438,0</coordinates></LineString></Placemark>
<Placemark><name>2591928</name><styleUrl>#styleDaimonCIRCUITO344TRECHO</styleUrl><LineString><coordinates>-47.544141,-5.633590,0 -47.543174,-5.634169,0</coordinates></LineString></Placemark>
<Placemark><name>2591925</name><styleUrl>#styleDaimonCIRCUITO344TRECHO</styleUrl><LineString><coordinates>-47.546504,-5.632197,0 -47.546094,-5.632422,0</coordinates></LineString></Placemark>
<Placemark><name>2594816</name><styleUrl>#styleDaimonCIRCUITO344TRECHO</styleUrl><LineString><coordinates>-47.543174,-5.634169,0 -47.542207,-5.634748,0</coordinates></LineString></Placemark>
<Placemark><name>2779086</name><styleUrl>#styleDaimonCIRCUITO344TRECHO</styleUrl><LineString><coordinates>-47.546935,-5.631875,0 -47.546504,-5.632197,0</coordinates></LineString></Placemark>
<Placemark><name>2594818</name><styleUrl>#styleDaimonCIRCUITO344TRECHO</styleUrl><LineString><coordinates>-47.542207,-5.634748,0 -47.541252,-5.635320,0</coordinates></LineString></Placemark>
<Placemark><name>12132647</name><styleUrl>#styleDaimonCIRCUITO344TRECHO</styleUrl><LineString><coordinates>-47.541252,-5.635320,0 -47.541227,-5.635332,0</coordinates></LineString></Placemark>
<Placemark><name>2594817</name><styleUrl>#styleDaimonCIRCUITO344TRECHO</styleUrl><LineString><coordinates>-47.541227,-5.635332,0 -47.540180,-5.635709,0</coordinates></LineString></Placemark>
<Placemark><name>2594819</name><styleUrl>#styleDaimonCIRCUITO344TRECHO</styleUrl><LineString><coordinates>-47.540180,-5.635709,0 -47.539119,-5.636091,0</coordinates></LineString></Placemark>
<Placemark><name>2594820</name><styleUrl>#styleDaimonCIRCUITO344TRECHO</styleUrl><LineString><coordinates>-47.539119,-5.636091,0 -47.538058,-5.636472,0</coordinates></LineString></Placemark>
<Placemark><name>2594822</name><styleUrl>#styleDaimonCIRCUITO344TRECHO</styleUrl><LineString><coordinates>-47.538058,-5.636472,0 -47.537008,-5.636849,0</coordinates></LineString></Placemark>
<Placemark><name>12132648</name><styleUrl>#styleDaimonCIRCUITO344TRECHO</styleUrl><LineString><coordinates>-47.537008,-5.636849,0 -47.536984,-5.636868,0</coordinates></LineString></Placemark>
<Placemark><name>2594821</name><styleUrl>#styleDaimonCIRCUITO344TRECHO</styleUrl><LineString><coordinates>-47.536984,-5.636868,0 -47.536412,-5.637695,0</coordinates></LineString></Placemark>
<Placemark><name>2594823</name><styleUrl>#styleDaimonCIRCUITO344TRECHO</styleUrl><LineString><coordinates>-47.536412,-5.637695,0 -47.535847,-5.638513,0</coordinates></LineString></Placemark>
<Placemark><name>2594824</name><styleUrl>#styleDaimonCIRCUITO344TRECHO</styleUrl><LineString><coordinates>-47.535847,-5.638513,0 -47.535281,-5.639328,0</coordinates></LineString></Placemark>
<Placemark><name>2594825</name><styleUrl>#styleDaimonCIRCUITO344TRECHO</styleUrl><LineString><coordinates>-47.535281,-5.639328,0 -47.534716,-5.640145,0</coordinates></LineString></Placemark>
<Placemark><name>2594826</name><styleUrl>#styleDaimonCIRCUITO344TRECHO</styleUrl><LineString><coordinates>-47.534716,-5.640145,0 -47.534152,-5.640960,0</coordinates></LineString></Placemark>
<Placemark><name>3212024</name><styleUrl>#styleDaimonCIRCUITO344TRECHO</styleUrl><LineString><coordinates>-47.534152,-5.640960,0 -47.533587,-5.641776,0</coordinates></LineString></Placemark>
<Placemark><name>3212023</name><styleUrl>#styleDaimonCIRCUITO344TRECHO</styleUrl><LineString><coordinates>-47.533587,-5.641776,0 -47.533029,-5.642581,0</coordinates></LineString></Placemark>
<Placemark><name>12132649</name><styleUrl>#styleDaimonCIRCUITO344TRECHO</styleUrl><LineString><coordinates>-47.533029,-5.642581,0 -47.533007,-5.642599,0</coordinates></LineString></Placemark>
<Placemark><name>2594827</name><styleUrl>#styleDaimonCIRCUITO344TRECHO</styleUrl><LineString><coordinates>-47.533007,-5.642599,0 -47.531968,-5.643112,0</coordinates></LineString></Placemark>
<Placemark><name>2594828</name><styleUrl>#styleDaimonCIRCUITO344TRECHO</styleUrl><LineString><coordinates>-47.531968,-5.643112,0 -47.530909,-5.643635,0</coordinates></LineString></Placemark>
<Placemark><name>2594830</name><styleUrl>#styleDaimonCIRCUITO344TRECHO</styleUrl><LineString><coordinates>-47.530909,-5.643635,0 -47.529862,-5.644152,0</coordinates></LineString></Placemark>
<Placemark><name>12138130</name><styleUrl>#styleDaimonCIRCUITO344TRECHO</styleUrl><LineString><coordinates>-47.529862,-5.644152,0 -47.529839,-5.644162,0</coordinates></LineString></Placemark>
<Placemark><name>2594829</name><styleUrl>#styleDaimonCIRCUITO344TRECHO</styleUrl><LineString><coordinates>-47.529839,-5.644162,0 -47.528806,-5.644672,0</coordinates></LineString></Placemark>
<Placemark><name>2779097</name><styleUrl>#styleDaimonCIRCUITO344TRECHO</styleUrl><LineString><coordinates>-47.557950,-5.633969,0 -47.558008,-5.634205,0</coordinates></LineString></Placemark>
<Placemark><name>2779093</name><styleUrl>#styleDaimonCIRCUITO344TRECHO</styleUrl><LineString><coordinates>-47.556026,-5.631594,0 -47.555958,-5.631777,0</coordinates></LineString></Placemark>
<Placemark><name>29791909</name><styleUrl>#styleDaimonCIRCUITO344TRECHO</styleUrl><LineString><coordinates>-47.556291,-5.636242,0 -47.556144,-5.637161,0</coordinates></LineString></Placemark>
<Placemark><name>29791914</name><styleUrl>#styleDaimonCIRCUITO344TRECHO</styleUrl><LineString><coordinates>-47.556144,-5.637161,0 -47.555777,-5.637796,0</coordinates></LineString></Placemark>
<Placemark><name>29791898</name><styleUrl>#styleDaimonCIRCUITO344TRECHO</styleUrl><LineString><coordinates>-47.556296,-5.636218,0 -47.556291,-5.636242,0</coordinates></LineString></Placemark>
<Placemark><name>29791918</name><styleUrl>#styleDaimonCIRCUITO344TRECHO</styleUrl><LineString><coordinates>-47.555777,-5.637796,0 -47.555537,-5.638629,0</coordinates></LineString></Placemark>
<Placemark><name>29791904</name><styleUrl>#styleDaimonCIRCUITO344TRECHO</styleUrl><LineString><coordinates>-47.556495,-5.635353,0 -47.556296,-5.636218,0</coordinates></LineString></Placemark>
<Placemark><name>29791922</name><styleUrl>#styleDaimonCIRCUITO344TRECHO</styleUrl><LineString><coordinates>-47.555537,-5.638629,0 -47.555324,-5.639371,0</coordinates></LineString></Placemark>
<Placemark><name>29791888</name><styleUrl>#styleDaimonCIRCUITO344TRECHO</styleUrl><LineString><coordinates>-47.556497,-5.635334,0 -47.556495,-5.635353,0</coordinates></LineString></Placemark>
<Placemark><name>29791937</name><styleUrl>#styleDaimonCIRCUITO344TRECHO</styleUrl><LineString><coordinates>-47.555324,-5.639371,0 -47.555123,-5.640335,0</coordinates></LineString></Placemark>
<Placemark><name>29791894</name><styleUrl>#styleDaimonCIRCUITO344TRECHO</styleUrl><LineString><coordinates>-47.556521,-5.634666,0 -47.556497,-5.635334,0</coordinates></LineString></Placemark>
<Placemark><name>29791926</name><styleUrl>#styleDaimonCIRCUITO344TRECHO</styleUrl><LineString><coordinates>-47.555123,-5.640335,0 -47.555118,-5.640358,0</coordinates></LineString></Placemark>
<Placemark><name>29791883</name><styleUrl>#styleDaimonCIRCUITO344TRECHO</styleUrl><LineString><coordinates>-47.556554,-5.633961,0 -47.556521,-5.634666,0</coordinates></LineString></Placemark>
<Placemark><name>29791941</name><styleUrl>#styleDaimonCIRCUITO344TRECHO</styleUrl><LineString><coordinates>-47.555118,-5.640358,0 -47.554947,-5.641307,0</coordinates></LineString></Placemark>
<Placemark><name>29791879</name><styleUrl>#styleDaimonCIRCUITO344TRECHO</styleUrl><LineString><coordinates>-47.556649,-5.633129,0 -47.556554,-5.633961,0</coordinates></LineString></Placemark>
<Placemark><name>29791932</name><styleUrl>#styleDaimonCIRCUITO344TRECHO</styleUrl><LineString><coordinates>-47.554947,-5.641307,0 -47.554941,-5.641336,0</coordinates></LineString></Placemark>
<Placemark><name>29791874</name><styleUrl>#styleDaimonCIRCUITO344TRECHO</styleUrl><LineString><coordinates>-47.556630,-5.632571,0 -47.556649,-5.633129,0</coordinates></LineString></Placemark>
<Placemark><name>29791946</name><styleUrl>#styleDaimonCIRCUITO344TRECHO</styleUrl><LineString><coordinates>-47.554941,-5.641336,0 -47.554642,-5.642166,0</coordinates></LineString></Placemark>
<Placemark><name>29791858</name><styleUrl>#styleDaimonCIRCUITO344TRECHO</styleUrl><LineString><coordinates>-47.556631,-5.632547,0 -47.556630,-5.632571,0</coordinates></LineString></Placemark>
<Placemark><name>29791869</name><styleUrl>#styleDaimonCIRCUITO344TRECHO</styleUrl><LineString><coordinates>-47.556685,-5.632193,0 -47.556631,-5.632547,0</coordinates></LineString></Placemark>
<Placemark><name>2779221</name><styleUrl>#styleDaimonCIRCUITO344TRECHO</styleUrl><LineString><coordinates>-47.548965,-5.617015,0 -47.548898,-5.616754,0</coordinates></LineString></Placemark>
<Placemark><name>30015265</name><styleUrl>#styleDaimonCIRCUITO344TRECHO</styleUrl><LineString><coordinates>-47.536567,-5.615430,0 -47.535477,-5.614872,0</coordinates></LineString></Placemark>
<Placemark><name>30015266</name><styleUrl>#styleDaimonCIRCUITO344TRECHO</styleUrl><LineString><coordinates>-47.535477,-5.614872,0 -47.534382,-5.614315,0</coordinates></LineString></Placemark>
<Placemark><name>30015264</name><styleUrl>#styleDaimonCIRCUITO344TRECHO</styleUrl><LineString><coordinates>-47.537712,-5.615676,0 -47.536567,-5.615430,0</coordinates></LineString></Placemark>
<Placemark><name>30015267</name><styleUrl>#styleDaimonCIRCUITO344TRECHO</styleUrl><LineString><coordinates>-47.534382,-5.614315,0 -47.533227,-5.613785,0</coordinates></LineString></Placemark>
<Placemark><name>30015263</name><styleUrl>#styleDaimonCIRCUITO344TRECHO</styleUrl><LineString><coordinates>-47.538869,-5.615895,0 -47.537712,-5.615676,0</coordinates></LineString></Placemark>
<Placemark><name>30015268</name><styleUrl>#styleDaimonCIRCUITO344TRECHO</styleUrl><LineString><coordinates>-47.533227,-5.613785,0 -47.532200,-5.613282,0</coordinates></LineString></Placemark>
<Placemark><name>56393461</name><styleUrl>#styleDaimonCIRCUITO344TRECHO</styleUrl><LineString><coordinates>-47.538897,-5.615901,0 -47.538869,-5.615895,0</coordinates></LineString></Placemark>
<Placemark><name>30015269</name><styleUrl>#styleDaimonCIRCUITO344TRECHO</styleUrl><LineString><coordinates>-47.532200,-5.613282,0 -47.531134,-5.612756,0</coordinates></LineString></Placemark>
<Placemark><name>56393472</name><styleUrl>#styleDaimonCIRCUITO344TRECHO</styleUrl><LineString><coordinates>-47.539924,-5.616103,0 -47.538897,-5.615901,0</coordinates></LineString></Placemark>
<Placemark><name>30015247</name><styleUrl>#styleDaimonCIRCUITO344TRECHO</styleUrl><LineString><coordinates>-47.531134,-5.612756,0 -47.530093,-5.612447,0</coordinates></LineString></Placemark>
<Placemark><name>56393467</name><styleUrl>#styleDaimonCIRCUITO344TRECHO</styleUrl><LineString><coordinates>-47.539954,-5.616111,0 -47.539924,-5.616103,0</coordinates></LineString></Placemark>
<Placemark><name>30015261</name><styleUrl>#styleDaimonCIRCUITO344TRECHO</styleUrl><LineString><coordinates>-47.541068,-5.616366,0 -47.539954,-5.616111,0</coordinates></LineString></Placemark>
<Placemark><name>30015311</name><styleUrl>#styleDaimonCIRCUITO344TRECHO</styleUrl><LineString><coordinates>-47.541085,-5.616371,0 -47.541068,-5.616366,0</coordinates></LineString></Placemark>
<Placemark><name>30015243</name><styleUrl>#styleDaimonCIRCUITO344TRECHO</styleUrl><LineString><coordinates>-47.542113,-5.616585,0 -47.541085,-5.616371,0</coordinates></LineString></Placemark>
<Placemark><name>30015228</name><styleUrl>#styleDaimonCIRCUITO344TRECHO</styleUrl><LineString><coordinates>-47.543338,-5.616861,0 -47.542113,-5.616585,0</coordinates></LineString></Placemark>
<Placemark><name>30015236</name><styleUrl>#styleDaimonCIRCUITO344TRECHO</styleUrl><LineString><coordinates>-47.544472,-5.617078,0 -47.543338,-5.616861,0</coordinates></LineString></Placemark>
<Placemark><name>30015235</name><styleUrl>#styleDaimonCIRCUITO344TRECHO</styleUrl><LineString><coordinates>-47.545686,-5.617345,0 -47.544472,-5.617078,0</coordinates></LineString></Placemark>
<Placemark><name>30015307</name><styleUrl>#styleDaimonCIRCUITO344TRECHO</styleUrl><LineString><coordinates>-47.545709,-5.617351,0 -47.545686,-5.617345,0</coordinates></LineString></Placemark>
<Placemark><name>30015219</name><styleUrl>#styleDaimonCIRCUITO344TRECHO</styleUrl><LineString><coordinates>-47.547929,-5.617873,0 -47.545709,-5.617351,0</coordinates></LineString></Placemark>
<Placemark><name>30015224</name><styleUrl>#styleDaimonCIRCUITO344TRECHO</styleUrl><LineString><coordinates>-47.549015,-5.618017,0 -47.547929,-5.617873,0</coordinates></LineString></Placemark>
<Placemark><name>2787594</name><styleUrl>#styleDaimonCIRCUITO344TRECHO</styleUrl><LineString><coordinates>-47.584037,-5.614617,0 -47.585146,-5.615229,0</coordinates></LineString></Placemark>
<Placemark><name>2787593</name><styleUrl>#styleDaimonCIRCUITO344TRECHO</styleUrl><LineString><coordinates>-47.585146,-5.615229,0 -47.586465,-5.615977,0</coordinates></LineString></Placemark>
<Placemark><name>2787591</name><styleUrl>#styleDaimonCIRCUITO344TRECHO</styleUrl><LineString><coordinates>-47.583066,-5.614052,0 -47.584037,-5.614617,0</coordinates></LineString></Placemark>
<Placemark><name>2787592</name><styleUrl>#styleDaimonCIRCUITO344TRECHO</styleUrl><LineString><coordinates>-47.586465,-5.615977,0 -47.587646,-5.616663,0</coordinates></LineString></Placemark>
<Placemark><name>2787385</name><styleUrl>#styleDaimonCIRCUITO344TRECHO</styleUrl><LineString><coordinates>-47.582478,-5.613696,0 -47.583066,-5.614052,0</coordinates></LineString></Placemark>
<Placemark><name>2787595</name><styleUrl>#styleDaimonCIRCUITO344TRECHO</styleUrl><LineString><coordinates>-47.587646,-5.616663,0 -47.588567,-5.617678,0</coordinates></LineString></Placemark>
<Placemark><name>38376476</name><styleUrl>#styleDaimonCIRCUITO344TRECHO</styleUrl><LineString><coordinates>-47.581900,-5.613346,0 -47.582478,-5.613696,0</coordinates></LineString></Placemark>
<Placemark><name>3626985</name><styleUrl>#styleDaimonCIRCUITO344TRECHO</styleUrl><LineString><coordinates>-47.588567,-5.617678,0 -47.588965,-5.618071,0</coordinates></LineString></Placemark>
<Placemark><name>2787386</name><styleUrl>#styleDaimonCIRCUITO344TRECHO</styleUrl><LineString><coordinates>-47.580894,-5.612818,0 -47.581900,-5.613346,0</coordinates></LineString></Placemark>
<Placemark><name>3626986</name><styleUrl>#styleDaimonCIRCUITO344TRECHO</styleUrl><LineString><coordinates>-47.588965,-5.618071,0 -47.589235,-5.618337,0</coordinates></LineString></Placemark>
<Placemark><name>12138702</name><styleUrl>#styleDaimonCIRCUITO344TRECHO</styleUrl><LineString><coordinates>-47.580864,-5.612802,0 -47.580894,-5.612818,0</coordinates></LineString></Placemark>
<Placemark><name>2787387</name><styleUrl>#styleDaimonCIRCUITO344TRECHO</styleUrl><LineString><coordinates>-47.579920,-5.612244,0 -47.580864,-5.612802,0</coordinates></LineString></Placemark>
<Placemark><name>2787388</name><styleUrl>#styleDaimonCIRCUITO344TRECHO</styleUrl><LineString><coordinates>-47.578878,-5.611645,0 -47.579920,-5.612244,0</coordinates></LineString></Placemark>
<Placemark><name>2787389</name><styleUrl>#styleDaimonCIRCUITO344TRECHO</styleUrl><LineString><coordinates>-47.577934,-5.611050,0 -47.578878,-5.611645,0</coordinates></LineString></Placemark>
<Placemark><name>2787382</name><styleUrl>#styleDaimonCIRCUITO344TRECHO</styleUrl><LineString><coordinates>-47.576910,-5.610528,0 -47.577934,-5.611050,0</coordinates></LineString></Placemark>
<Placemark><name>2787384</name><styleUrl>#styleDaimonCIRCUITO344TRECHO</styleUrl><LineString><coordinates>-47.576024,-5.610018,0 -47.576910,-5.610528,0</coordinates></LineString></Placemark>
<Placemark><name>2787383</name><styleUrl>#styleDaimonCIRCUITO344TRECHO</styleUrl><LineString><coordinates>-47.575085,-5.609466,0 -47.576024,-5.610018,0</coordinates></LineString></Placemark>
<Placemark><name>2787381</name><styleUrl>#styleDaimonCIRCUITO344TRECHO</styleUrl><LineString><coordinates>-47.573594,-5.608554,0 -47.575085,-5.609466,0</coordinates></LineString></Placemark>
<Placemark><name>2778286</name><styleUrl>#styleDaimonCIRCUITO344TRECHO</styleUrl><LineString><coordinates>-47.573026,-5.608242,0 -47.573594,-5.608554,0</coordinates></LineString></Placemark>
<Placemark><name>12117600</name><styleUrl>#styleDaimonCIRCUITO344TRECHO</styleUrl><LineString><coordinates>-47.629685,-5.595192,0 -47.629684,-5.595222,0</coordinates></LineString></Placemark>
<Placemark><name>3567345</name><styleUrl>#styleDaimonCIRCUITO344TRECHO</styleUrl><LineString><coordinates>-47.629346,-5.595151,0 -47.629685,-5.595192,0</coordinates></LineString></Placemark>
<Placemark><name>3576303</name><styleUrl>#styleDaimonCIRCUITO344TRECHO</styleUrl><LineString><coordinates>-47.629685,-5.595192,0 -47.629757,-5.595201,0</coordinates></LineString></Placemark>
<Placemark><name>3023902</name><styleUrl>#styleDaimonCIRCUITO344TRECHO</styleUrl><LineString><coordinates>-47.629684,-5.595222,0 -47.629573,-5.595284,0</coordinates></LineString></Placemark>
<Placemark><name>3567344</name><styleUrl>#styleDaimonCIRCUITO344TRECHO</styleUrl><LineString><coordinates>-47.629684,-5.595222,0 -47.629669,-5.595270,0</coordinates></LineString></Placemark>
<Placemark><name>3657814</name><styleUrl>#styleDaimonCIRCUITO344TRECHO</styleUrl><LineString><coordinates>-47.629346,-5.595151,0 -47.629322,-5.595173,0</coordinates></LineString></Placemark>
<Placemark><name>3657813</name><styleUrl>#styleDaimonCIRCUITO344TRECHO</styleUrl><LineString><coordinates>-47.629328,-5.595136,0 -47.629346,-5.595151,0</coordinates></LineString></Placemark>
<Placemark><name>3660224</name><styleUrl>#styleDaimonCIRCUITO344TRECHO</styleUrl><LineString><coordinates>-47.629757,-5.595201,0 -47.629774,-5.595223,0</coordinates></LineString></Placemark>
<Placemark><name>2961604</name><styleUrl>#styleDaimonCIRCUITO344TRECHO</styleUrl><LineString><coordinates>-47.629669,-5.595270,0 -47.629636,-5.595379,0</coordinates></LineString></Placemark>
<Placemark><name>3660225</name><styleUrl>#styleDaimonCIRCUITO344TRECHO</styleUrl><LineString><coordinates>-47.629774,-5.595223,0 -47.629784,-5.595237,0</coordinates></LineString></Placemark>
<Placemark><name>53141179</name><styleUrl>#styleDaimonCIRCUITO344TRECHO</styleUrl><LineString><coordinates>-47.627939,-5.589273,0 -47.628048,-5.588418,0</coordinates></LineString></Placemark>
<Placemark><name>30015298</name><styleUrl>#styleDaimonCIRCUITO344TRECHO</styleUrl><LineString><coordinates>-47.529990,-5.612416,0 -47.529060,-5.612141,0</coordinates></LineString></Placemark>
<Placemark><name>3626987</name><styleUrl>#styleDaimonCIRCUITO344TRECHO</styleUrl><LineString><coordinates>-47.589186,-5.618957,0 -47.589348,-5.619650,0</coordinates></LineString></Placemark>
<Placemark><name>3626984</name><styleUrl>#styleDaimonCIRCUITO344TRECHO</styleUrl><LineString><coordinates>-47.588987,-5.618160,0 -47.589186,-5.618957,0</coordinates></LineString></Placemark>
<Placemark><name>3658437</name><styleUrl>#styleDaimonCIRCUITO344TRECHO</styleUrl><LineString><coordinates>-47.629760,-5.595200,0 -47.629782,-5.595191,0</coordinates></LineString></Placemark>
<Placemark><name>53141182</name><styleUrl>#styleDaimonCIRCUITO344TRECHO</styleUrl><LineString><coordinates>-47.627073,-5.587162,0 -47.626588,-5.586534,0</coordinates></LineString></Placemark>
<Placemark><name>53141168</name><styleUrl>#styleDaimonCIRCUITO344TRECHO</styleUrl><LineString><coordinates>-47.626588,-5.586534,0 -47.626115,-5.585921,0</coordinates></LineString></Placemark>
<Placemark><name>53141181</name><styleUrl>#styleDaimonCIRCUITO344TRECHO</styleUrl><LineString><coordinates>-47.627559,-5.587791,0 -47.627073,-5.587162,0</coordinates></LineString></Placemark>
<Placemark><name>53141180</name><styleUrl>#styleDaimonCIRCUITO344TRECHO</styleUrl><LineString><coordinates>-47.628000,-5.588356,0 -47.627559,-5.587791,0</coordinates></LineString></Placemark>
<Placemark><name>Suporte Chave DJ_LD01076103_FICT</name><styleUrl>#styleDaimonCIRCUITO344TRECHO</styleUrl><LineString><coordinates>-47.555373,-5.548717,0 -47.555581,-5.548530,0</coordinates></LineString></Placemark>
<Placemark><name>Suporte Chave 8800001103</name><styleUrl>#styleDaimonCIRCUITO344TRECHO</styleUrl><LineString><coordinates>-47.555692,-5.548524,0 -47.555707,-5.548525,0</coordinates></LineString></Placemark>
<Placemark><name>Suporte Chave 0310019103</name><styleUrl>#styleDaimonCIRCUITO344TRECHO</styleUrl><LineString><coordinates>-47.558963,-5.548303,0 -47.558985,-5.548273,0</coordinates></LineString></Placemark>
<Placemark><name>Suporte Chave 3301750103</name><styleUrl>#styleDaimonCIRCUITO344TRECHO</styleUrl><LineString><coordinates>-47.564197,-5.549740,0 -47.564156,-5.549800,0</coordinates></LineString></Placemark>
<Placemark><name>Suporte Chave 0300002103</name><styleUrl>#styleDaimonCIRCUITO344TRECHO</styleUrl><LineString><coordinates>-47.562462,-5.549196,0 -47.562444,-5.549213,0</coordinates></LineString></Placemark>
<Placemark><name>Suporte Chave 8836431103</name><styleUrl>#styleDaimonCIRCUITO344TRECHO</styleUrl><LineString><coordinates>-47.569869,-5.551172,0 -47.569831,-5.551169,0</coordinates></LineString></Placemark>
<Placemark><name>Suporte Chave 8852715103</name><styleUrl>#styleDaimonCIRCUITO344TRECHO</styleUrl><LineString><coordinates>-47.569193,-5.551164,0 -47.569190,-5.551191,0</coordinates></LineString></Placemark>
<Placemark><name>Suporte Chave 0301209103</name><styleUrl>#styleDaimonCIRCUITO344TRECHO</styleUrl><LineString><coordinates>-47.566666,-5.550523,0 -47.566656,-5.550539,0</coordinates></LineString></Placemark>
<Placemark><name>Suporte Chave 3310001103</name><styleUrl>#styleDaimonCIRCUITO344TRECHO</styleUrl><LineString><coordinates>-47.568162,-5.550099,0 -47.568158,-5.550060,0</coordinates></LineString></Placemark>
<Placemark><name>Suporte Chave 0201227103</name><styleUrl>#styleDaimonCIRCUITO344TRECHO</styleUrl><LineString><coordinates>-47.564496,-5.549852,0 -47.564497,-5.549911,0</coordinates></LineString></Placemark>
<Placemark><name>Suporte Chave 0322656103</name><styleUrl>#styleDaimonCIRCUITO344TRECHO</styleUrl><LineString><coordinates>-47.563383,-5.525698,0 -47.563378,-5.525698,0</coordinates></LineString></Placemark>
<Placemark><name>Suporte Chave 0301092103</name><styleUrl>#styleDaimonCIRCUITO344TRECHO</styleUrl><LineString><coordinates>-47.563250,-5.551186,0 -47.563237,-5.551228,0</coordinates></LineString></Placemark>
<Placemark><name>Suporte Chave 0301091103</name><styleUrl>#styleDaimonCIRCUITO344TRECHO</styleUrl><LineString><coordinates>-47.563782,-5.550340,0 -47.563783,-5.550409,0</coordinates></LineString></Placemark>
<Placemark><name>Suporte Chave 8800177103</name><styleUrl>#styleDaimonCIRCUITO344TRECHO</styleUrl><LineString><coordinates>-47.572111,-5.551229,0 -47.572346,-5.551246,0</coordinates></LineString></Placemark>
<Placemark><name>Suporte Chave 0331926103</name><styleUrl>#styleDaimonCIRCUITO344TRECHO</styleUrl><LineString><coordinates>-47.571865,-5.551246,0 -47.571867,-5.551237,0</coordinates></LineString></Placemark>
<Placemark><name>Suporte Chave 7952705103</name><styleUrl>#styleDaimonCIRCUITO344TRECHO</styleUrl><LineString><coordinates>-47.568544,-5.551482,0 -47.568487,-5.551484,0</coordinates></LineString></Placemark>
<Placemark><name>Suporte Chave 0301340103</name><styleUrl>#styleDaimonCIRCUITO344TRECHO</styleUrl><LineString><coordinates>-47.568120,-5.549702,0 -47.568215,-5.549688,0</coordinates></LineString></Placemark>
<Placemark><name>Suporte Chave 0349965103</name><styleUrl>#styleDaimonCIRCUITO344TRECHO</styleUrl><LineString><coordinates>-47.568116,-5.540552,0 -47.568202,-5.540578,0</coordinates></LineString></Placemark>
<Placemark><name>Suporte Chave 0310016103</name><styleUrl>#styleDaimonCIRCUITO344TRECHO</styleUrl><LineString><coordinates>-47.571871,-5.531614,0 -47.571854,-5.531598,0</coordinates></LineString></Placemark>
<Placemark><name>Suporte Chave 0301374103</name><styleUrl>#styleDaimonCIRCUITO344TRECHO</styleUrl><LineString><coordinates>-47.576771,-5.525280,0 -47.576747,-5.525250,0</coordinates></LineString></Placemark>
<Placemark><name>Suporte Chave 0300125103</name><styleUrl>#styleDaimonCIRCUITO344TRECHO</styleUrl><LineString><coordinates>-47.569393,-5.537312,0 -47.569324,-5.537220,0</coordinates></LineString></Placemark>
<Placemark><name>Suporte Chave 0343825103</name><styleUrl>#styleDaimonCIRCUITO344TRECHO</styleUrl><LineString><coordinates>-47.581111,-5.519983,0 -47.581287,-5.520034,0</coordinates></LineString></Placemark>
<Placemark><name>Suporte Chave 0310011103</name><styleUrl>#styleDaimonCIRCUITO344TRECHO</styleUrl><LineString><coordinates>-47.567814,-5.541264,0 -47.567886,-5.541322,0</coordinates></LineString></Placemark>
<Placemark><name>Suporte Chave 0301341103</name><styleUrl>#styleDaimonCIRCUITO344TRECHO</styleUrl><LineString><coordinates>-47.579365,-5.522889,0 -47.579461,-5.522890,0</coordinates></LineString></Placemark>
<Placemark><name>Suporte Chave 3310026103</name><styleUrl>#styleDaimonCIRCUITO344TRECHO</styleUrl><LineString><coordinates>-47.579144,-5.520182,0 -47.579146,-5.520181,0</coordinates></LineString></Placemark>
<Placemark><name>Suporte Chave 0336407103</name><styleUrl>#styleDaimonCIRCUITO344TRECHO</styleUrl><LineString><coordinates>-47.575919,-5.526201,0 -47.575854,-5.526133,0</coordinates></LineString></Placemark>
<Placemark><name>Suporte Chave 0310012103</name><styleUrl>#styleDaimonCIRCUITO344TRECHO</styleUrl><LineString><coordinates>-47.573551,-5.528926,0 -47.573528,-5.528904,0</coordinates></LineString></Placemark>
<Placemark><name>Suporte Chave 0329049103</name><styleUrl>#styleDaimonCIRCUITO344TRECHO</styleUrl><LineString><coordinates>-47.562985,-5.552001,0 -47.562954,-5.552000,0</coordinates></LineString></Placemark>
<Placemark><name>Suporte Chave 8830876103</name><styleUrl>#styleDaimonCIRCUITO344TRECHO</styleUrl><LineString><coordinates>-47.575802,-5.551662,0 -47.575832,-5.551664,0</coordinates></LineString></Placemark>
<Placemark><name>Suporte Chave 0301043103</name><styleUrl>#styleDaimonCIRCUITO344TRECHO</styleUrl><LineString><coordinates>-47.575139,-5.551516,0 -47.575111,-5.551542,0</coordinates></LineString></Placemark>
<Placemark><name>Suporte Chave 0350172103</name><styleUrl>#styleDaimonCIRCUITO344TRECHO</styleUrl><LineString><coordinates>-47.572189,-5.549781,0 -47.572194,-5.549758,0</coordinates></LineString></Placemark>
<Placemark><name>Suporte Chave 0319241103</name><styleUrl>#styleDaimonCIRCUITO344TRECHO</styleUrl><LineString><coordinates>-47.572113,-5.550150,0 -47.572097,-5.550151,0</coordinates></LineString></Placemark>
<Placemark><name>Suporte Chave 8852729103</name><styleUrl>#styleDaimonCIRCUITO344TRECHO</styleUrl><LineString><coordinates>-47.560070,-5.551655,0 -47.560122,-5.551653,0</coordinates></LineString></Placemark>
<Placemark><name>Suporte Chave 4010026103</name><styleUrl>#styleDaimonCIRCUITO344TRECHO</styleUrl><LineString><coordinates>-47.579158,-5.520165,0 -47.579179,-5.520139,0</coordinates></LineString></Placemark>
<Placemark><name>Suporte Chave 8847321103</name><styleUrl>#styleDaimonCIRCUITO344TRECHO</styleUrl><LineString><coordinates>-47.578074,-5.551970,0 -47.578117,-5.551985,0</coordinates></LineString></Placemark>
<Placemark><name>Suporte Chave 0300003103</name><styleUrl>#styleDaimonCIRCUITO344TRECHO</styleUrl><LineString><coordinates>-47.576364,-5.551281,0 -47.576378,-5.551245,0</coordinates></LineString></Placemark>
<Placemark><name>Suporte Chave 0312566103</name><styleUrl>#styleDaimonCIRCUITO344TRECHO</styleUrl><LineString><coordinates>-47.576542,-5.547631,0 -47.576463,-5.547550,0</coordinates></LineString></Placemark>
<Placemark><name>Suporte Chave 0363136103</name><styleUrl>#styleDaimonCIRCUITO344TRECHO</styleUrl><LineString><coordinates>-47.551363,-5.552177,0 -47.551361,-5.552262,0</coordinates></LineString></Placemark>
<Placemark><name>Suporte Chave 0352731103</name><styleUrl>#styleDaimonCIRCUITO344TRECHO</styleUrl><LineString><coordinates>-47.554111,-5.551763,0 -47.554115,-5.551791,0</coordinates></LineString></Placemark>
<Placemark><name>Suporte Chave 8852717103</name><styleUrl>#styleDaimonCIRCUITO344TRECHO</styleUrl><LineString><coordinates>-47.545242,-5.552501,0 -47.545174,-5.552508,0</coordinates></LineString></Placemark>
<Placemark><name>Suporte Chave 0352730103</name><styleUrl>#styleDaimonCIRCUITO344TRECHO</styleUrl><LineString><coordinates>-47.555077,-5.551739,0 -47.555072,-5.551764,0</coordinates></LineString></Placemark>
<Placemark><name>Suporte Chave 3110023103</name><styleUrl>#styleDaimonCIRCUITO344TRECHO</styleUrl><LineString><coordinates>-47.578339,-5.517084,0 -47.578321,-5.517048,0</coordinates></LineString></Placemark>
<Placemark><name>Suporte Chave 0300033103</name><styleUrl>#styleDaimonCIRCUITO344TRECHO</styleUrl><LineString><coordinates>-47.578804,-5.552027,0 -47.578820,-5.551986,0</coordinates></LineString></Placemark>
<Placemark><name>Suporte Chave 8800005103</name><styleUrl>#styleDaimonCIRCUITO344TRECHO</styleUrl><LineString><coordinates>-47.578818,-5.552239,0 -47.578810,-5.552260,0</coordinates></LineString></Placemark>
<Placemark><name>Suporte Chave 8847333103</name><styleUrl>#styleDaimonCIRCUITO344TRECHO</styleUrl><LineString><coordinates>-47.579105,-5.552327,0 -47.579137,-5.552336,0</coordinates></LineString></Placemark>
<Placemark><name>Suporte Chave 0301281103</name><styleUrl>#styleDaimonCIRCUITO344TRECHO</styleUrl><LineString><coordinates>-47.554243,-5.553097,0 -47.554253,-5.553205,0</coordinates></LineString></Placemark>
<Placemark><name>Suporte Chave 0352732103</name><styleUrl>#styleDaimonCIRCUITO344TRECHO</styleUrl><LineString><coordinates>-47.540743,-5.553619,0 -47.540744,-5.553638,0</coordinates></LineString></Placemark>
<Placemark><name>Suporte Chave 8853039103</name><styleUrl>#styleDaimonCIRCUITO344TRECHO</styleUrl><LineString><coordinates>-47.540021,-5.553795,0 -47.540002,-5.553797,0</coordinates></LineString></Placemark>
<Placemark><name>Suporte Chave 0301045103</name><styleUrl>#styleDaimonCIRCUITO344TRECHO</styleUrl><LineString><coordinates>-47.576709,-5.511377,0 -47.576821,-5.511365,0</coordinates></LineString></Placemark>
<Placemark><name>Suporte Chave 0347169103</name><styleUrl>#styleDaimonCIRCUITO344TRECHO</styleUrl><LineString><coordinates>-47.582680,-5.494512,0 -47.582656,-5.494528,0</coordinates></LineString></Placemark>
<Placemark><name>Suporte Chave 0355581103</name><styleUrl>#styleDaimonCIRCUITO344TRECHO</styleUrl><LineString><coordinates>-47.582377,-5.495607,0 -47.582283,-5.495605,0</coordinates></LineString></Placemark>
<Placemark><name>Suporte Chave 0341262103</name><styleUrl>#styleDaimonCIRCUITO344TRECHO</styleUrl><LineString><coordinates>-47.577769,-5.515765,0 -47.577696,-5.515720,0</coordinates></LineString></Placemark>
<Placemark><name>Suporte Chave 0301047103</name><styleUrl>#styleDaimonCIRCUITO344TRECHO</styleUrl><LineString><coordinates>-47.577286,-5.503635,0 -47.577207,-5.503611,0</coordinates></LineString></Placemark>
<Placemark><name>Suporte Chave 0301284103</name><styleUrl>#styleDaimonCIRCUITO344TRECHO</styleUrl><LineString><coordinates>-47.576546,-5.510332,0 -47.576512,-5.510328,0</coordinates></LineString></Placemark>
<Placemark><name>Suporte Chave 3110029103</name><styleUrl>#styleDaimonCIRCUITO344TRECHO</styleUrl><LineString><coordinates>-47.583304,-5.490410,0 -47.583304,-5.490326,0</coordinates></LineString></Placemark>
<Placemark><name>Suporte Chave 0348148103</name><styleUrl>#styleDaimonCIRCUITO344TRECHO</styleUrl><LineString><coordinates>-47.577354,-5.503551,0 -47.577418,-5.503570,0</coordinates></LineString></Placemark>
<Placemark><name>Suporte Chave 0301337103</name><styleUrl>#styleDaimonCIRCUITO344TRECHO</styleUrl><LineString><coordinates>-47.577043,-5.513332,0 -47.577119,-5.513365,0</coordinates></LineString></Placemark>
<Placemark><name>Suporte Chave 0342826103</name><styleUrl>#styleDaimonCIRCUITO344TRECHO</styleUrl><LineString><coordinates>-47.582892,-5.493635,0 -47.582875,-5.493632,0</coordinates></LineString></Placemark>
<Placemark><name>Suporte Chave 0343831103</name><styleUrl>#styleDaimonCIRCUITO344TRECHO</styleUrl><LineString><coordinates>-47.582444,-5.495362,0 -47.582418,-5.495360,0</coordinates></LineString></Placemark>
<Placemark><name>Suporte Chave 0301046103</name><styleUrl>#styleDaimonCIRCUITO344TRECHO</styleUrl><LineString><coordinates>-47.577997,-5.502754,0 -47.578040,-5.502788,0</coordinates></LineString></Placemark>
<Placemark><name>Suporte Chave 0301086103</name><styleUrl>#styleDaimonCIRCUITO344TRECHO</styleUrl><LineString><coordinates>-47.579729,-5.549386,0 -47.579743,-5.549347,0</coordinates></LineString></Placemark>
<Placemark><name>Suporte Chave 0301087103</name><styleUrl>#styleDaimonCIRCUITO344TRECHO</styleUrl><LineString><coordinates>-47.579642,-5.549448,0 -47.579604,-5.549435,0</coordinates></LineString></Placemark>
<Placemark><name>Suporte Chave 7955559103</name><styleUrl>#styleDaimonCIRCUITO344TRECHO</styleUrl><LineString><coordinates>-47.578667,-5.552646,0 -47.578659,-5.552669,0</coordinates></LineString></Placemark>
<Placemark><name>Suporte Chave 9030871103</name><styleUrl>#styleDaimonCIRCUITO344TRECHO</styleUrl><LineString><coordinates>-47.581686,-5.553161,0 -47.581688,-5.553161,0</coordinates></LineString></Placemark>
<Placemark><name>Suporte Chave 8853040103</name><styleUrl>#styleDaimonCIRCUITO344TRECHO</styleUrl><LineString><coordinates>-47.515884,-5.560109,0 -47.515834,-5.560116,0</coordinates></LineString></Placemark>
<Placemark><name>Suporte Chave 3101048103</name><styleUrl>#styleDaimonCIRCUITO344TRECHO</styleUrl><LineString><coordinates>-47.583302,-5.486330,0 -47.583301,-5.486419,0</coordinates></LineString></Placemark>
<Placemark><name>Suporte Chave ETO327027A</name><styleUrl>#styleDaimonCIRCUITO344TRECHO</styleUrl><LineString><coordinates>-47.583292,-5.487311,0 -47.583270,-5.487297,0</coordinates></LineString></Placemark>
<Placemark><name>Suporte Chave 0343744103</name><styleUrl>#styleDaimonCIRCUITO344TRECHO</styleUrl><LineString><coordinates>-47.583158,-5.489042,0 -47.583091,-5.489043,0</coordinates></LineString></Placemark>
<Placemark><name>Suporte Chave 0301059103</name><styleUrl>#styleDaimonCIRCUITO344TRECHO</styleUrl><LineString><coordinates>-47.583826,-5.544593,0 -47.583763,-5.544548,0</coordinates></LineString></Placemark>
<Placemark><name>Suporte Chave 0334200103</name><styleUrl>#styleDaimonCIRCUITO344TRECHO</styleUrl><LineString><coordinates>-47.577287,-5.553670,0 -47.577283,-5.553668,0</coordinates></LineString></Placemark>
<Placemark><name>Suporte Chave 8801296103</name><styleUrl>#styleDaimonCIRCUITO344TRECHO</styleUrl><LineString><coordinates>-47.578083,-5.555075,0 -47.578103,-5.555050,0</coordinates></LineString></Placemark>
<Placemark><name>Suporte Chave 0347330103</name><styleUrl>#styleDaimonCIRCUITO344TRECHO</styleUrl><LineString><coordinates>-47.577362,-5.553518,0 -47.577355,-5.553530,0</coordinates></LineString></Placemark>
<Placemark><name>Suporte Chave 7930871103</name><styleUrl>#styleDaimonCIRCUITO344TRECHO</styleUrl><LineString><coordinates>-47.581713,-5.553157,0 -47.581714,-5.553157,0</coordinates></LineString></Placemark>
<Placemark><name>Suporte Chave 8852718103</name><styleUrl>#styleDaimonCIRCUITO344TRECHO</styleUrl><LineString><coordinates>-47.513736,-5.559954,0 -47.513755,-5.559972,0</coordinates></LineString></Placemark>
<Placemark><name>Suporte Chave 3336416103</name><styleUrl>#styleDaimonCIRCUITO344TRECHO</styleUrl><LineString><coordinates>-47.514575,-5.561078,0 -47.514546,-5.561032,0</coordinates></LineString></Placemark>
<Placemark><name>Suporte Chave 8852712103</name><styleUrl>#styleDaimonCIRCUITO344TRECHO</styleUrl><LineString><coordinates>-47.514061,-5.560301,0 -47.514015,-5.560299,0</coordinates></LineString></Placemark>
<Placemark><name>Suporte Chave 0336967103</name><styleUrl>#styleDaimonCIRCUITO344TRECHO</styleUrl><LineString><coordinates>-47.514006,-5.560230,0 -47.514083,-5.560194,0</coordinates></LineString></Placemark>
<Placemark><name>Suporte Chave 8857812103</name><styleUrl>#styleDaimonCIRCUITO344TRECHO</styleUrl><LineString><coordinates>-47.583395,-5.485435,0 -47.583408,-5.485394,0</coordinates></LineString></Placemark>
<Placemark><name>Suporte Chave 0300006103</name><styleUrl>#styleDaimonCIRCUITO344TRECHO</styleUrl><LineString><coordinates>-47.577660,-5.555603,0 -47.577645,-5.555598,0</coordinates></LineString></Placemark>
<Placemark><name>Suporte Chave 0300009103</name><styleUrl>#styleDaimonCIRCUITO344TRECHO</styleUrl><LineString><coordinates>-47.577407,-5.556198,0 -47.577435,-5.556210,0</coordinates></LineString></Placemark>
<Placemark><name>Suporte Chave 0301290103</name><styleUrl>#styleDaimonCIRCUITO344TRECHO</styleUrl><LineString><coordinates>-47.576289,-5.557332,0 -47.576287,-5.557336,0</coordinates></LineString></Placemark>
<Placemark><name>Suporte Chave 0300017103</name><styleUrl>#styleDaimonCIRCUITO344TRECHO</styleUrl><LineString><coordinates>-47.576520,-5.556783,0 -47.576499,-5.556753,0</coordinates></LineString></Placemark>
<Placemark><name>Suporte Chave 4000013103</name><styleUrl>#styleDaimonCIRCUITO344TRECHO</styleUrl><LineString><coordinates>-47.576287,-5.557317,0 -47.576244,-5.557436,0</coordinates></LineString></Placemark>
<Placemark><name>Suporte Chave 9001758103</name><styleUrl>#styleDaimonCIRCUITO344TRECHO</styleUrl><LineString><coordinates>-47.581730,-5.553160,0 -47.581732,-5.553163,0</coordinates></LineString></Placemark>
<Placemark><name>Suporte Chave 0398999103</name><styleUrl>#styleDaimonCIRCUITO344TRECHO</styleUrl><LineString><coordinates>-47.509866,-5.555478,0 -47.509894,-5.555479,0</coordinates></LineString></Placemark>
<Placemark><name>Suporte Chave 0345983103</name><styleUrl>#styleDaimonCIRCUITO344TRECHO</styleUrl><LineString><coordinates>-47.512878,-5.559165,0 -47.512918,-5.559084,0</coordinates></LineString></Placemark>
<Placemark><name>Suporte Chave 0301746103</name><styleUrl>#styleDaimonCIRCUITO344TRECHO</styleUrl><LineString><coordinates>-47.510526,-5.558472,0 -47.510542,-5.558445,0</coordinates></LineString></Placemark>
<Placemark><name>Suporte Chave 0342254103</name><styleUrl>#styleDaimonCIRCUITO344TRECHO</styleUrl><LineString><coordinates>-47.509777,-5.555100,0 -47.509788,-5.555057,0</coordinates></LineString></Placemark>
<Placemark><name>Suporte Chave 8836973103</name><styleUrl>#styleDaimonCIRCUITO344TRECHO</styleUrl><LineString><coordinates>-47.508408,-5.551453,0 -47.508399,-5.551426,0</coordinates></LineString></Placemark>
<Placemark><name>Suporte Chave 4036416103</name><styleUrl>#styleDaimonCIRCUITO344TRECHO</styleUrl><LineString><coordinates>-47.514565,-5.561062,0 -47.514592,-5.561105,0</coordinates></LineString></Placemark>
<Placemark><name>Suporte Chave 8852713103</name><styleUrl>#styleDaimonCIRCUITO344TRECHO</styleUrl><LineString><coordinates>-47.499815,-5.563299,0 -47.499764,-5.563299,0</coordinates></LineString></Placemark>
<Placemark><name>Suporte Chave 8855569103</name><styleUrl>#styleDaimonCIRCUITO344TRECHO</styleUrl><LineString><coordinates>-47.583517,-5.484768,0 -47.583455,-5.484778,0</coordinates></LineString></Placemark>
<Placemark><name>Suporte Chave 8850167103</name><styleUrl>#styleDaimonCIRCUITO344TRECHO</styleUrl><LineString><coordinates>-47.579790,-5.557098,0 -47.579806,-5.557062,0</coordinates></LineString></Placemark>
<Placemark><name>Suporte Chave 0301754103</name><styleUrl>#styleDaimonCIRCUITO344TRECHO</styleUrl><LineString><coordinates>-47.572276,-5.554353,0 -47.572244,-5.554346,0</coordinates></LineString></Placemark>
<Placemark><name>Suporte Chave 0301359103</name><styleUrl>#styleDaimonCIRCUITO344TRECHO</styleUrl><LineString><coordinates>-47.564722,-5.572976,0 -47.564641,-5.572960,0</coordinates></LineString></Placemark>
<Placemark><name>Suporte Chave 0300139103</name><styleUrl>#styleDaimonCIRCUITO344TRECHO</styleUrl><LineString><coordinates>-47.575156,-5.560281,0 -47.575218,-5.560332,0</coordinates></LineString></Placemark>
<Placemark><name>Suporte Chave 0334520103</name><styleUrl>#styleDaimonCIRCUITO344TRECHO</styleUrl><LineString><coordinates>-47.567341,-5.568851,0 -47.567294,-5.568836,0</coordinates></LineString></Placemark>
<Placemark><name>Suporte Chave 0310014103</name><styleUrl>#styleDaimonCIRCUITO344TRECHO</styleUrl><LineString><coordinates>-47.574439,-5.561576,0 -47.574424,-5.561561,0</coordinates></LineString></Placemark>
<Placemark><name>Suporte Chave 0300001238</name><styleUrl>#styleDaimonCIRCUITO344TRECHO</styleUrl><LineString><coordinates>-47.562230,-5.578942,0 -47.562216,-5.578979,0</coordinates></LineString></Placemark>
<Placemark><name>Suporte Chave 3301367103</name><styleUrl>#styleDaimonCIRCUITO344TRECHO</styleUrl><LineString><coordinates>-47.571435,-5.565866,0 -47.571484,-5.565961,0</coordinates></LineString></Placemark>
<Placemark><name>Suporte Chave 0300001231</name><styleUrl>#styleDaimonCIRCUITO344TRECHO</styleUrl><LineString><coordinates>-47.594088,-5.565499,0 -47.594013,-5.565582,0</coordinates></LineString></Placemark>
<Placemark><name>Suporte Chave 0301358103</name><styleUrl>#styleDaimonCIRCUITO344TRECHO</styleUrl><LineString><coordinates>-47.585674,-5.558856,0 -47.585598,-5.558961,0</coordinates></LineString></Placemark>
<Placemark><name>Suporte Chave 0335869103</name><styleUrl>#styleDaimonCIRCUITO344TRECHO</styleUrl><LineString><coordinates>-47.585048,-5.556516,0 -47.585106,-5.556496,0</coordinates></LineString></Placemark>
<Placemark><name>Suporte Chave 0320003231</name><styleUrl>#styleDaimonCIRCUITO344TRECHO</styleUrl><LineString><coordinates>-47.594638,-5.565911,0 -47.594569,-5.565995,0</coordinates></LineString></Placemark>
<Placemark><name>Suporte Chave 0300012231</name><styleUrl>#styleDaimonCIRCUITO344TRECHO</styleUrl><LineString><coordinates>-47.588563,-5.561516,0 -47.588535,-5.561555,0</coordinates></LineString></Placemark>
<Placemark><name>Suporte Chave 0301137088</name><styleUrl>#styleDaimonCIRCUITO344TRECHO</styleUrl><LineString><coordinates>-47.602395,-5.575137,0 -47.602432,-5.575167,0</coordinates></LineString></Placemark>
<Placemark><name>Suporte Chave 8801054103</name><styleUrl>#styleDaimonCIRCUITO344TRECHO</styleUrl><LineString><coordinates>-47.583244,-5.552791,0 -47.583218,-5.552734,0</coordinates></LineString></Placemark>
<Placemark><name>Suporte Chave 3359416103</name><styleUrl>#styleDaimonCIRCUITO344TRECHO</styleUrl><LineString><coordinates>-47.586725,-5.559883,0 -47.586745,-5.559774,0</coordinates></LineString></Placemark>
<Placemark><name>Suporte Chave 8847323103</name><styleUrl>#styleDaimonCIRCUITO344TRECHO</styleUrl><LineString><coordinates>-47.504725,-5.546069,0 -47.504696,-5.546032,0</coordinates></LineString></Placemark>
<Placemark><name>Suporte Chave 0336139103</name><styleUrl>#styleDaimonCIRCUITO344TRECHO</styleUrl><LineString><coordinates>-47.508135,-5.550609,0 -47.508126,-5.550582,0</coordinates></LineString></Placemark>
<Placemark><name>Suporte Chave 3101225103</name><styleUrl>#styleDaimonCIRCUITO344TRECHO</styleUrl><LineString><coordinates>-47.518213,-5.569049,0 -47.518122,-5.569144,0</coordinates></LineString></Placemark>
<Placemark><name>Suporte Chave 0301294103</name><styleUrl>#styleDaimonCIRCUITO344TRECHO</styleUrl><LineString><coordinates>-47.516128,-5.564228,0 -47.516214,-5.564206,0</coordinates></LineString></Placemark>
<Placemark><name>Suporte Chave 3300130103</name><styleUrl>#styleDaimonCIRCUITO344TRECHO</styleUrl><LineString><coordinates>-47.518488,-5.569366,0 -47.518517,-5.569401,0</coordinates></LineString></Placemark>
<Placemark><name>Suporte Chave 8852714103</name><styleUrl>#styleDaimonCIRCUITO344TRECHO</styleUrl><LineString><coordinates>-47.490660,-5.560893,0 -47.490659,-5.560901,0</coordinates></LineString></Placemark>
<Placemark><name>Suporte Chave 8850169103</name><styleUrl>#styleDaimonCIRCUITO344TRECHO</styleUrl><LineString><coordinates>-47.580316,-5.555970,0 -47.580343,-5.555988,0</coordinates></LineString></Placemark>
<Placemark><name>Suporte Chave 0301360103</name><styleUrl>#styleDaimonCIRCUITO344TRECHO</styleUrl><LineString><coordinates>-47.558134,-5.570457,0 -47.558076,-5.570493,0</coordinates></LineString></Placemark>
<Placemark><name>Suporte Chave 3301207103</name><styleUrl>#styleDaimonCIRCUITO344TRECHO</styleUrl><LineString><coordinates>-47.561305,-5.582964,0 -47.561253,-5.582967,0</coordinates></LineString></Placemark>
<Placemark><name>Suporte Chave 0301143103</name><styleUrl>#styleDaimonCIRCUITO344TRECHO</styleUrl><LineString><coordinates>-47.561590,-5.581487,0 -47.561638,-5.581491,0</coordinates></LineString></Placemark>
<Placemark><name>Suporte Chave 0360916103</name><styleUrl>#styleDaimonCIRCUITO344TRECHO</styleUrl><LineString><coordinates>-47.561368,-5.583547,0 -47.561367,-5.583575,0</coordinates></LineString></Placemark>
<Placemark><name>Suporte Chave 0342262103</name><styleUrl>#styleDaimonCIRCUITO344TRECHO</styleUrl><LineString><coordinates>-47.576940,-5.573407,0 -47.576961,-5.573391,0</coordinates></LineString></Placemark>
<Placemark><name>Suporte Chave 0351280103</name><styleUrl>#styleDaimonCIRCUITO344TRECHO</styleUrl><LineString><coordinates>-47.591403,-5.553685,0 -47.591650,-5.553551,0</coordinates></LineString></Placemark>
<Placemark><name>Suporte Chave 0300137088</name><styleUrl>#styleDaimonCIRCUITO344TRECHO</styleUrl><LineString><coordinates>-47.602846,-5.575365,0 -47.602869,-5.575344,0</coordinates></LineString></Placemark>
<Placemark><name>Suporte Chave 8834993088</name><styleUrl>#styleDaimonCIRCUITO344TRECHO</styleUrl><LineString><coordinates>-47.603596,-5.576087,0 -47.603731,-5.576199,0</coordinates></LineString></Placemark>
<Placemark><name>Suporte Chave 0301041103</name><styleUrl>#styleDaimonCIRCUITO344TRECHO</styleUrl><LineString><coordinates>-47.583247,-5.551634,0 -47.583307,-5.551588,0</coordinates></LineString></Placemark>
<Placemark><name>Suporte Chave 0309950103</name><styleUrl>#styleDaimonCIRCUITO344TRECHO</styleUrl><LineString><coordinates>-47.505209,-5.544475,0 -47.505228,-5.544496,0</coordinates></LineString></Placemark>
<Placemark><name>Suporte Chave 0301755130</name><styleUrl>#styleDaimonCIRCUITO344TRECHO</styleUrl><LineString><coordinates>-47.501669,-5.543507,0 -47.501650,-5.543484,0</coordinates></LineString></Placemark>
<Placemark><name>Suporte Chave 3101128103</name><styleUrl>#styleDaimonCIRCUITO344TRECHO</styleUrl><LineString><coordinates>-47.514320,-5.591852,0 -47.514290,-5.591961,0</coordinates></LineString></Placemark>
<Placemark><name>Suporte Chave 0341277103</name><styleUrl>#styleDaimonCIRCUITO344TRECHO</styleUrl><LineString><coordinates>-47.514183,-5.590114,0 -47.514142,-5.590100,0</coordinates></LineString></Placemark>
<Placemark><name>Suporte Chave 0301126103</name><styleUrl>#styleDaimonCIRCUITO344TRECHO</styleUrl><LineString><coordinates>-47.513845,-5.585526,0 -47.513773,-5.585525,0</coordinates></LineString></Placemark>
<Placemark><name>Suporte Chave 0310009103</name><styleUrl>#styleDaimonCIRCUITO344TRECHO</styleUrl><LineString><coordinates>-47.512905,-5.576435,0 -47.513081,-5.576540,0</coordinates></LineString></Placemark>
<Placemark><name>Suporte Chave 0334440103</name><styleUrl>#styleDaimonCIRCUITO344TRECHO</styleUrl><LineString><coordinates>-47.523723,-5.583067,0 -47.523736,-5.583112,0</coordinates></LineString></Placemark>
<Placemark><name>Suporte Chave 0323026103</name><styleUrl>#styleDaimonCIRCUITO344TRECHO</styleUrl><LineString><coordinates>-47.491496,-5.561287,0 -47.491569,-5.561313,0</coordinates></LineString></Placemark>
<Placemark><name>Suporte Chave 0301282103</name><styleUrl>#styleDaimonCIRCUITO344TRECHO</styleUrl><LineString><coordinates>-47.492000,-5.551091,0 -47.491993,-5.551121,0</coordinates></LineString></Placemark>
<Placemark><name>Suporte Chave 8856440130</name><styleUrl>#styleDaimonCIRCUITO344TRECHO</styleUrl><LineString><coordinates>-47.497407,-5.543705,0 -47.497407,-5.543678,0</coordinates></LineString></Placemark>
<Placemark><name>Suporte Chave 0319729103</name><styleUrl>#styleDaimonCIRCUITO344TRECHO</styleUrl><LineString><coordinates>-47.490509,-5.561366,0 -47.490496,-5.561404,0</coordinates></LineString></Placemark>
<Placemark><name>Suporte Chave 0301147103</name><styleUrl>#styleDaimonCIRCUITO344TRECHO</styleUrl><LineString><coordinates>-47.540129,-5.589309,0 -47.540063,-5.589363,0</coordinates></LineString></Placemark>
<Placemark><name>Suporte Chave 0336992103</name><styleUrl>#styleDaimonCIRCUITO344TRECHO</styleUrl><LineString><coordinates>-47.539224,-5.583689,0 -47.539209,-5.583620,0</coordinates></LineString></Placemark>
<Placemark><name>Suporte Chave 0335219103</name><styleUrl>#styleDaimonCIRCUITO344TRECHO</styleUrl><LineString><coordinates>-47.539296,-5.583694,0 -47.539285,-5.583765,0</coordinates></LineString></Placemark>
<Placemark><name>Suporte Chave 0301145103</name><styleUrl>#styleDaimonCIRCUITO344TRECHO</styleUrl><LineString><coordinates>-47.547035,-5.583667,0 -47.547034,-5.583574,0</coordinates></LineString></Placemark>
<Placemark><name>Suporte Chave 0358756103</name><styleUrl>#styleDaimonCIRCUITO344TRECHO</styleUrl><LineString><coordinates>-47.561021,-5.585410,0 -47.561019,-5.585442,0</coordinates></LineString></Placemark>
<Placemark><name>Suporte Chave 0328359103</name><styleUrl>#styleDaimonCIRCUITO344TRECHO</styleUrl><LineString><coordinates>-47.594128,-5.552225,0 -47.594152,-5.552241,0</coordinates></LineString></Placemark>
<Placemark><name>Suporte Chave 4000004088</name><styleUrl>#styleDaimonCIRCUITO344TRECHO</styleUrl><LineString><coordinates>-47.605643,-5.577773,0 -47.605624,-5.577782,0</coordinates></LineString></Placemark>
<Placemark><name>Suporte Chave 8834992088</name><styleUrl>#styleDaimonCIRCUITO344TRECHO</styleUrl><LineString><coordinates>-47.606367,-5.578329,0 -47.606447,-5.578391,0</coordinates></LineString></Placemark>
<Placemark><name>Suporte Chave 0379088088</name><styleUrl>#styleDaimonCIRCUITO344TRECHO</styleUrl><LineString><coordinates>-47.604940,-5.577205,0 -47.604955,-5.577184,0</coordinates></LineString></Placemark>
<Placemark><name>Suporte Chave 0301129103</name><styleUrl>#styleDaimonCIRCUITO344TRECHO</styleUrl><LineString><coordinates>-47.513331,-5.595148,0 -47.513421,-5.595158,0</coordinates></LineString></Placemark>
<Placemark><name>Suporte Chave 3101268103</name><styleUrl>#styleDaimonCIRCUITO344TRECHO</styleUrl><LineString><coordinates>-47.497019,-5.612575,0 -47.496899,-5.612549,0</coordinates></LineString></Placemark>
<Placemark><name>Suporte Chave 0301267103</name><styleUrl>#styleDaimonCIRCUITO344TRECHO</styleUrl><LineString><coordinates>-47.501783,-5.613545,0 -47.501813,-5.613633,0</coordinates></LineString></Placemark>
<Placemark><name>Suporte Chave 0301130103</name><styleUrl>#styleDaimonCIRCUITO344TRECHO</styleUrl><LineString><coordinates>-47.513103,-5.596479,0 -47.513105,-5.596481,0</coordinates></LineString></Placemark>
<Placemark><name>Suporte Chave 0300098103</name><styleUrl>#styleDaimonCIRCUITO344TRECHO</styleUrl><LineString><coordinates>-47.507073,-5.601301,0 -47.507005,-5.601482,0</coordinates></LineString></Placemark>
<Placemark><name>Suporte Chave 0357758103</name><styleUrl>#styleDaimonCIRCUITO344TRECHO</styleUrl><LineString><coordinates>-47.523524,-5.587524,0 -47.523585,-5.587526,0</coordinates></LineString></Placemark>
<Placemark><name>Suporte Chave 3136423103</name><styleUrl>#styleDaimonCIRCUITO344TRECHO</styleUrl><LineString><coordinates>-47.527087,-5.596964,0 -47.527197,-5.596953,0</coordinates></LineString></Placemark>
<Placemark><name>Suporte Chave 0348158103</name><styleUrl>#styleDaimonCIRCUITO344TRECHO</styleUrl><LineString><coordinates>-47.523077,-5.591941,0 -47.523054,-5.591971,0</coordinates></LineString></Placemark>
<Placemark><name>Suporte Chave 0343846103</name><styleUrl>#styleDaimonCIRCUITO344TRECHO</styleUrl><LineString><coordinates>-47.525060,-5.594185,0 -47.525071,-5.594163,0</coordinates></LineString></Placemark>
<Placemark><name>Suporte Chave 0301288103</name><styleUrl>#styleDaimonCIRCUITO344TRECHO</styleUrl><LineString><coordinates>-47.526741,-5.597220,0 -47.526741,-5.597246,0</coordinates></LineString></Placemark>
<Placemark><name>Suporte Chave 0319727103</name><styleUrl>#styleDaimonCIRCUITO344TRECHO</styleUrl><LineString><coordinates>-47.489669,-5.567249,0 -47.489707,-5.567249,0</coordinates></LineString></Placemark>
<Placemark><name>Suporte Chave 0319728103</name><styleUrl>#styleDaimonCIRCUITO344TRECHO</styleUrl><LineString><coordinates>-47.490440,-5.562191,0 -47.490475,-5.562204,0</coordinates></LineString></Placemark>
<Placemark><name>Suporte Chave 0300004238</name><styleUrl>#styleDaimonCIRCUITO344TRECHO</styleUrl><LineString><coordinates>-47.560877,-5.593110,0 -47.560913,-5.593117,0</coordinates></LineString></Placemark>
<Placemark><name>Suporte Chave 0301355103</name><styleUrl>#styleDaimonCIRCUITO344TRECHO</styleUrl><LineString><coordinates>-47.556777,-5.600210,0 -47.556826,-5.600230,0</coordinates></LineString></Placemark>
<Placemark><name>Suporte Chave 0301356103</name><styleUrl>#styleDaimonCIRCUITO344TRECHO</styleUrl><LineString><coordinates>-47.556566,-5.600563,0 -47.556520,-5.600542,0</coordinates></LineString></Placemark>
<Placemark><name>Suporte Chave 0301214103</name><styleUrl>#styleDaimonCIRCUITO344TRECHO</styleUrl><LineString><coordinates>-47.556493,-5.603749,0 -47.556476,-5.603749,0</coordinates></LineString></Placemark>
<Placemark><name>Suporte Chave 0301140103</name><styleUrl>#styleDaimonCIRCUITO344TRECHO</styleUrl><LineString><coordinates>-47.557202,-5.614562,0 -47.557218,-5.614564,0</coordinates></LineString></Placemark>
<Placemark><name>Suporte Chave 0300003239</name><styleUrl>#styleDaimonCIRCUITO344TRECHO</styleUrl><LineString><coordinates>-47.557625,-5.621205,0 -47.557633,-5.621242,0</coordinates></LineString></Placemark>
<Placemark><name>Suporte Chave 0300001103</name><styleUrl>#styleDaimonCIRCUITO344TRECHO</styleUrl><LineString><coordinates>-47.556968,-5.610604,0 -47.556995,-5.610606,0</coordinates></LineString></Placemark>
<Placemark><name>Suporte Chave 0301357103</name><styleUrl>#styleDaimonCIRCUITO344TRECHO</styleUrl><LineString><coordinates>-47.557840,-5.598549,0 -47.557747,-5.598490,0</coordinates></LineString></Placemark>
<Placemark><name>Suporte Chave 0300001239</name><styleUrl>#styleDaimonCIRCUITO344TRECHO</styleUrl><LineString><coordinates>-47.556398,-5.602085,0 -47.556387,-5.602086,0</coordinates></LineString></Placemark>
<Placemark><name>Suporte Chave 0300038103</name><styleUrl>#styleDaimonCIRCUITO344TRECHO</styleUrl><LineString><coordinates>-47.559903,-5.595184,0 -47.559894,-5.595184,0</coordinates></LineString></Placemark>
<Placemark><name>Suporte Chave 0301354103</name><styleUrl>#styleDaimonCIRCUITO344TRECHO</styleUrl><LineString><coordinates>-47.556705,-5.606376,0 -47.556698,-5.606388,0</coordinates></LineString></Placemark>
<Placemark><name>Suporte Chave 0300037103</name><styleUrl>#styleDaimonCIRCUITO344TRECHO</styleUrl><LineString><coordinates>-47.561514,-5.590988,0 -47.561436,-5.591055,0</coordinates></LineString></Placemark>
<Placemark><name>Suporte Chave 3300003238</name><styleUrl>#styleDaimonCIRCUITO344TRECHO</styleUrl><LineString><coordinates>-47.561449,-5.589966,0 -47.561468,-5.589973,0</coordinates></LineString></Placemark>
<Placemark><name>Suporte Chave 0348176103</name><styleUrl>#styleDaimonCIRCUITO344TRECHO</styleUrl><LineString><coordinates>-47.598761,-5.543638,0 -47.598702,-5.543632,0</coordinates></LineString></Placemark>
<Placemark><name>Suporte Chave 0350198103</name><styleUrl>#styleDaimonCIRCUITO344TRECHO</styleUrl><LineString><coordinates>-47.601375,-5.538012,0 -47.601362,-5.538000,0</coordinates></LineString></Placemark>
<Placemark><name>Suporte Chave 0348154103</name><styleUrl>#styleDaimonCIRCUITO344TRECHO</styleUrl><LineString><coordinates>-47.600465,-5.538953,0 -47.600421,-5.538895,0</coordinates></LineString></Placemark>
<Placemark><name>Suporte Chave 3354934103</name><styleUrl>#styleDaimonCIRCUITO344TRECHO</styleUrl><LineString><coordinates>-47.595650,-5.546220,0 -47.595652,-5.546234,0</coordinates></LineString></Placemark>
<Placemark><name>Suporte Chave 0335908141</name><styleUrl>#styleDaimonCIRCUITO344TRECHO</styleUrl><LineString><coordinates>-47.604249,-5.586947,0 -47.604233,-5.586962,0</coordinates></LineString></Placemark>
<Placemark><name>Suporte Chave 0300003141</name><styleUrl>#styleDaimonCIRCUITO344TRECHO</styleUrl><LineString><coordinates>-47.604430,-5.588166,0 -47.604468,-5.588160,0</coordinates></LineString></Placemark>
<Placemark><name>Suporte Chave 0300319088</name><styleUrl>#styleDaimonCIRCUITO344TRECHO</styleUrl><LineString><coordinates>-47.602991,-5.581069,0 -47.602928,-5.581046,0</coordinates></LineString></Placemark>
<Placemark><name>Suporte Chave 0300275088</name><styleUrl>#styleDaimonCIRCUITO344TRECHO</styleUrl><LineString><coordinates>-47.602781,-5.582030,0 -47.602739,-5.582048,0</coordinates></LineString></Placemark>
<Placemark><name>Suporte Chave 9024925088</name><styleUrl>#styleDaimonCIRCUITO344TRECHO</styleUrl><LineString><coordinates>-47.629283,-5.595145,0 -47.629286,-5.595144,0</coordinates></LineString></Placemark>
<Placemark><name>Suporte Chave 0300367088</name><styleUrl>#styleDaimonCIRCUITO344TRECHO</styleUrl><LineString><coordinates>-47.624730,-5.591985,0 -47.624823,-5.591925,0</coordinates></LineString></Placemark>
<Placemark><name>Suporte Chave 0300140088</name><styleUrl>#styleDaimonCIRCUITO344TRECHO</styleUrl><LineString><coordinates>-47.614917,-5.584870,0 -47.614898,-5.584893,0</coordinates></LineString></Placemark>
<Placemark><name>Suporte Chave 0341288088</name><styleUrl>#styleDaimonCIRCUITO344TRECHO</styleUrl><LineString><coordinates>-47.617348,-5.587533,0 -47.617309,-5.587635,0</coordinates></LineString></Placemark>
<Placemark><name>Suporte Chave 3309088088</name><styleUrl>#styleDaimonCIRCUITO344TRECHO</styleUrl><LineString><coordinates>-47.618175,-5.587929,0 -47.618138,-5.588053,0</coordinates></LineString></Placemark>
<Placemark><name>Suporte Chave 0300364088</name><styleUrl>#styleDaimonCIRCUITO344TRECHO</styleUrl><LineString><coordinates>-47.615913,-5.586112,0 -47.615903,-5.586118,0</coordinates></LineString></Placemark>
<Placemark><name>Suporte Chave 0300355088</name><styleUrl>#styleDaimonCIRCUITO344TRECHO</styleUrl><LineString><coordinates>-47.629008,-5.595132,0 -47.628960,-5.595136,0</coordinates></LineString></Placemark>
<Placemark><name>Suporte Chave 0300030088</name><styleUrl>#styleDaimonCIRCUITO344TRECHO</styleUrl><LineString><coordinates>-47.611807,-5.582578,0 -47.611792,-5.582513,0</coordinates></LineString></Placemark>
<Placemark><name>Suporte Chave 0300031088</name><styleUrl>#styleDaimonCIRCUITO344TRECHO</styleUrl><LineString><coordinates>-47.623303,-5.591806,0 -47.623231,-5.591857,0</coordinates></LineString></Placemark>
<Placemark><name>Suporte Chave 0300280088</name><styleUrl>#styleDaimonCIRCUITO344TRECHO</styleUrl><LineString><coordinates>-47.608866,-5.561650,0 -47.608921,-5.561654,0</coordinates></LineString></Placemark>
<Placemark><name>Suporte Chave 3101271103</name><styleUrl>#styleDaimonCIRCUITO344TRECHO</styleUrl><LineString><coordinates>-47.484697,-5.628632,0 -47.484709,-5.628640,0</coordinates></LineString></Placemark>
<Placemark><name>Suporte Chave 0301272103</name><styleUrl>#styleDaimonCIRCUITO344TRECHO</styleUrl><LineString><coordinates>-47.484674,-5.628630,0 -47.484649,-5.628774,0</coordinates></LineString></Placemark>
<Placemark><name>Suporte Chave 0301269103</name><styleUrl>#styleDaimonCIRCUITO344TRECHO</styleUrl><LineString><coordinates>-47.489813,-5.611071,0 -47.489711,-5.610984,0</coordinates></LineString></Placemark>
<Placemark><name>Suporte Chave 0301093103</name><styleUrl>#styleDaimonCIRCUITO344TRECHO</styleUrl><LineString><coordinates>-47.491130,-5.604463,0 -47.491138,-5.604339,0</coordinates></LineString></Placemark>
<Placemark><name>Suporte Chave 0300005239</name><styleUrl>#styleDaimonCIRCUITO344TRECHO</styleUrl><LineString><coordinates>-47.557786,-5.627623,0 -47.557747,-5.627733,0</coordinates></LineString></Placemark>
<Placemark><name>Suporte Chave 0300006239</name><styleUrl>#styleDaimonCIRCUITO344TRECHO</styleUrl><LineString><coordinates>-47.557671,-5.627519,0 -47.557646,-5.627501,0</coordinates></LineString></Placemark>
<Placemark><name>Suporte Chave 0300257088</name><styleUrl>#styleDaimonCIRCUITO344TRECHO</styleUrl><LineString><coordinates>-47.574757,-5.595322,0 -47.574748,-5.595364,0</coordinates></LineString></Placemark>
<Placemark><name>Suporte Chave 0300028088</name><styleUrl>#styleDaimonCIRCUITO344TRECHO</styleUrl><LineString><coordinates>-47.577487,-5.595741,0 -47.577611,-5.595759,0</coordinates></LineString></Placemark>
<Placemark><name>Suporte Chave 0301377103</name><styleUrl>#styleDaimonCIRCUITO344TRECHO</styleUrl><LineString><coordinates>-47.574711,-5.602264,0 -47.574738,-5.602279,0</coordinates></LineString></Placemark>
<Placemark><name>Suporte Chave 0300002141</name><styleUrl>#styleDaimonCIRCUITO344TRECHO</styleUrl><LineString><coordinates>-47.606135,-5.589556,0 -47.606143,-5.589553,0</coordinates></LineString></Placemark>
<Placemark><name>Suporte Chave 0300029088</name><styleUrl>#styleDaimonCIRCUITO344TRECHO</styleUrl><LineString><coordinates>-47.594011,-5.577476,0 -47.593904,-5.577462,0</coordinates></LineString></Placemark>
<Placemark><name>Suporte Chave 0300365088</name><styleUrl>#styleDaimonCIRCUITO344TRECHO</styleUrl><LineString><coordinates>-47.600109,-5.579851,0 -47.600036,-5.579899,0</coordinates></LineString></Placemark>
<Placemark><name>Suporte Chave 7924925088</name><styleUrl>#styleDaimonCIRCUITO344TRECHO</styleUrl><LineString><coordinates>-47.629309,-5.595134,0 -47.629310,-5.595135,0</coordinates></LineString></Placemark>
<Placemark><name>Suporte Chave 0300366088</name><styleUrl>#styleDaimonCIRCUITO344TRECHO</styleUrl><LineString><coordinates>-47.626229,-5.591000,0 -47.626352,-5.590917,0</coordinates></LineString></Placemark>
<Placemark><name>Suporte Chave 0303088088</name><styleUrl>#styleDaimonCIRCUITO344TRECHO</styleUrl><LineString><coordinates>-47.616081,-5.596224,0 -47.616053,-5.596296,0</coordinates></LineString></Placemark>
<Placemark><name>Suporte Chave 0335873088</name><styleUrl>#styleDaimonCIRCUITO344TRECHO</styleUrl><LineString><coordinates>-47.614841,-5.589442,0 -47.614781,-5.589509,0</coordinates></LineString></Placemark>
<Placemark><name>Suporte Chave 0304088088</name><styleUrl>#styleDaimonCIRCUITO344TRECHO</styleUrl><LineString><coordinates>-47.612665,-5.596347,0 -47.612593,-5.596406,0</coordinates></LineString></Placemark>
<Placemark><name>Suporte Chave 0300088088</name><styleUrl>#styleDaimonCIRCUITO344TRECHO</styleUrl><LineString><coordinates>-47.617490,-5.591179,0 -47.617492,-5.591179,0</coordinates></LineString></Placemark>
<Placemark><name>Suporte Chave 0301266103</name><styleUrl>#styleDaimonCIRCUITO344TRECHO</styleUrl><LineString><coordinates>-47.497821,-5.630770,0 -47.497833,-5.630713,0</coordinates></LineString></Placemark>
<Placemark><name>Suporte Chave 0301273103</name><styleUrl>#styleDaimonCIRCUITO344TRECHO</styleUrl><LineString><coordinates>-47.484148,-5.632479,0 -47.484140,-5.632505,0</coordinates></LineString></Placemark>
<Placemark><name>Suporte Chave 0301317103</name><styleUrl>#styleDaimonCIRCUITO344TRECHO</styleUrl><LineString><coordinates>-47.550008,-5.629373,0 -47.549985,-5.629370,0</coordinates></LineString></Placemark>
<Placemark><name>Suporte Chave 0310137103</name><styleUrl>#styleDaimonCIRCUITO344TRECHO</styleUrl><LineString><coordinates>-47.546982,-5.631838,0 -47.546935,-5.631875,0</coordinates></LineString></Placemark>
<Placemark><name>Suporte Chave 0301285103</name><styleUrl>#styleDaimonCIRCUITO344TRECHO</styleUrl><LineString><coordinates>-47.557943,-5.633942,0 -47.557950,-5.633969,0</coordinates></LineString></Placemark>
<Placemark><name>Suporte Chave 0300039103</name><styleUrl>#styleDaimonCIRCUITO344TRECHO</styleUrl><LineString><coordinates>-47.556033,-5.631574,0 -47.556026,-5.631594,0</coordinates></LineString></Placemark>
<Placemark><name>Suporte Chave 0358333103</name><styleUrl>#styleDaimonCIRCUITO344TRECHO</styleUrl><LineString><coordinates>-47.556690,-5.632153,0 -47.556685,-5.632193,0</coordinates></LineString></Placemark>
<Placemark><name>Suporte Chave 0301040103</name><styleUrl>#styleDaimonCIRCUITO344TRECHO</styleUrl><LineString><coordinates>-47.548972,-5.617043,0 -47.548965,-5.617015,0</coordinates></LineString></Placemark>
<Placemark><name>Suporte Chave 0350186103</name><styleUrl>#styleDaimonCIRCUITO344TRECHO</styleUrl><LineString><coordinates>-47.549136,-5.618032,0 -47.549015,-5.618017,0</coordinates></LineString></Placemark>
<Placemark><name>Suporte Chave 0301381103</name><styleUrl>#styleDaimonCIRCUITO344TRECHO</styleUrl><LineString><coordinates>-47.572962,-5.608206,0 -47.573026,-5.608242,0</coordinates></LineString></Placemark>
<Placemark><name>Suporte Chave 9000396088</name><styleUrl>#styleDaimonCIRCUITO344TRECHO</styleUrl><LineString><coordinates>-47.629326,-5.595135,0 -47.629328,-5.595136,0</coordinates></LineString></Placemark>
<Placemark><name>Suporte Chave 0359408088</name><styleUrl>#styleDaimonCIRCUITO344TRECHO</styleUrl><LineString><coordinates>-47.627926,-5.589368,0 -47.627939,-5.589273,0</coordinates></LineString></Placemark>
<Placemark><name>Suporte Chave 0353736103</name><styleUrl>#styleDaimonCIRCUITO344TRECHO</styleUrl><LineString><coordinates>-47.530093,-5.612447,0 -47.529990,-5.612416,0</coordinates></LineString></Placemark>
<Placemark><name>Suporte Chave 0328554088</name><styleUrl>#styleDaimonCIRCUITO344TRECHO</styleUrl><LineString><coordinates>-47.588965,-5.618071,0 -47.588987,-5.618160,0</coordinates></LineString></Placemark>
<Placemark><name>Suporte Chave 9024930088</name><styleUrl>#styleDaimonCIRCUITO344TRECHO</styleUrl><LineString><coordinates>-47.629757,-5.595201,0 -47.629760,-5.595200,0</coordinates></LineString></Placemark>
<Placemark><name>Suporte Chave 0359414088</name><styleUrl>#styleDaimonCIRCUITO344TRECHO</styleUrl><LineString><coordinates>-47.628048,-5.588418,0 -47.628000,-5.588356,0</coordinates></LineString></Placemark>
<Placemark><name>Suporte Chave 3130871103</name><styleUrl>#styleDaimonCIRCUITO344TRECHO</styleUrl><LineString><coordinates>-47.581706,-5.553202,0 -47.581711,-5.553200,0</coordinates></LineString></Placemark>
<Placemark><name>Suporte Chave 8024925088</name><styleUrl>#styleDaimonCIRCUITO344TRECHO</styleUrl><LineString><coordinates>-47.629318,-5.595174,0 -47.629322,-5.595173,0</coordinates></LineString></Placemark>
<Placemark><name>Suporte Chave 0319726103</name><styleUrl>#styleDaimonCIRCUITO344TRECHO</styleUrl><LineString><coordinates>-47.496019,-5.566436,0 -47.496020,-5.566461,0</coordinates></LineString></Placemark>
<Placemark><name>Suporte Chave 8853047103</name><styleUrl>#styleDaimonCIRCUITO344TRECHO</styleUrl><LineString><coordinates>-47.572390,-5.552866,0 -47.572424,-5.552871,0</coordinates></LineString></Placemark>
</Folder>
<Folder>
<name>RedeBT</name>
</Folder>
</Folder>
</Document>
</kml>