<?xml version="1.0" encoding="UTF-8"?>
<kml xmlns="http://www.opengis.net/kml/2.2" xmlns:gx="http://www.google.com/kml/ext/2.2" xmlns:kml="http://www.opengis.net/kml/2.2" xmlns:atom="http://www.w3.org/2005/Atom">
<Document>
<open>1</open>
<Style id="styleDaimonBarra0"><IconStyle><scale>1.00</scale><Icon><href>http://maps.google.com/mapfiles/kml/paddle/wht-blank.png</href></Icon><hotSpot x="32" y="1" xunits="pixels" yunits="pixels"/></IconStyle><LabelStyle><color>ffffffff</color><colorMode>normal</colorMode><scale>1.00</scale></LabelStyle><ListStyle><ItemIcon><href>http://maps.google.com/mapfiles/kml/paddle/wht-blank.png</href></ItemIcon></ListStyle></Style>
<Style id="styleDaimonBarra1"><IconStyle><scale>1.00</scale><Icon><href>http://maps.google.com/mapfiles/kml/paddle/wht-blank.png</href></Icon><hotSpot x="32" y="1" xunits="pixels" yunits="pixels"/></IconStyle><LabelStyle><color>ffffffff</color><colorMode>normal</colorMode><scale>1.00</scale></LabelStyle><ListStyle><ItemIcon><href>http://maps.google.com/mapfiles/kml/paddle/wht-blank.png</href></ItemIcon></ListStyle></Style>
<StyleMap id="mapDaimonBarra"><Pair><key>normal</key><styleUrl>#styleDaimonBarra0</styleUrl></Pair><Pair><key>highlight</key><styleUrl>#styleDaimonBarra1</styleUrl></Pair></StyleMap>
<Style id="styleDaimonBarraBT0"><IconStyle><scale>1.00</scale><Icon><href>http://maps.google.com/mapfiles/kml/paddle/wht-blank.png</href></Icon><hotSpot x="32" y="1" xunits="pixels" yunits="pixels"/></IconStyle><LabelStyle><color>ffffffff</color><colorMode>normal</colorMode><scale>1.00</scale></LabelStyle><ListStyle><ItemIcon><href>http://maps.google.com/mapfiles/kml/paddle/wht-blank.png</href></ItemIcon></ListStyle></Style>
<Style id="styleDaimonBarraBT1"><IconStyle><scale>1.00</scale><Icon><href>http://maps.google.com/mapfiles/kml/paddle/wht-blank.png</href></Icon><hotSpot x="32" y="1" xunits="pixels" yunits="pixels"/></IconStyle><LabelStyle><color>ffffffff</color><colorMode>normal</colorMode><scale>1.00</scale></LabelStyle><ListStyle><ItemIcon><href>http://maps.google.com/mapfiles/kml/paddle/wht-blank.png</href></ItemIcon></ListStyle></Style>
<StyleMap id="mapDaimonBarraBT"><Pair><key>normal</key><styleUrl>#styleDaimonBarraBT0</styleUrl></Pair><Pair><key>highlight</key><styleUrl>#styleDaimonBarraBT1</styleUrl></Pair></StyleMap>
<Style id="styleDaimonCapacitor0"><IconStyle><scale>1.00</scale><Icon><href>http://maps.google.com/mapfiles/kml/paddle/purple-blank.png</href></Icon><hotSpot x="32" y="1" xunits="pixels" yunits="pixels"/></IconStyle><LabelStyle><color>ffffffff</color><colorMode>normal</colorMode><scale>1.00</scale></LabelStyle><ListStyle><ItemIcon><href>http://maps.google.com/mapfiles/kml/paddle/purple-blank.png</href></ItemIcon></ListStyle></Style>
<Style id="styleDaimonCapacitor1"><IconStyle><scale>1.00</scale><Icon><href>http://maps.google.com/mapfiles/kml/paddle/purple-blank.png</href></Icon><hotSpot x="32" y="1" xunits="pixels" yunits="pixels"/></IconStyle><LabelStyle><color>ffffffff</color><colorMode>normal</colorMode><scale>1.00</scale></LabelStyle><ListStyle><ItemIcon><href>http://maps.google.com/mapfiles/kml/paddle/purple-blank.png</href></ItemIcon></ListStyle></Style>
<StyleMap id="mapDaimonCapacitor"><Pair><key>normal</key><styleUrl>#styleDaimonCapacitor0</styleUrl></Pair><Pair><key>highlight</key><styleUrl>#styleDaimonCapacitor1</styleUrl></Pair></StyleMap>
<Style id="styleDaimonCapacitorBT0"><IconStyle><scale>1.00</scale><Icon><href>http://maps.google.com/mapfiles/kml/paddle/purple-blank.png</href></Icon><hotSpot x="32" y="1" xunits="pixels" yunits="pixels"/></IconStyle><LabelStyle><color>ffffffff</color><colorMode>normal</colorMode><scale>1.00</scale></LabelStyle><ListStyle><ItemIcon><href>http://maps.google.com/mapfiles/kml/paddle/purple-blank.png</href></ItemIcon></ListStyle></Style>
<Style id="styleDaimonCapacitorBT1"><IconStyle><scale>1.00</scale><Icon><href>http://maps.google.com/mapfiles/kml/paddle/purple-blank.png</href></Icon><hotSpot x="32" y="1" xunits="pixels" yunits="pixels"/></IconStyle><LabelStyle><color>ffffffff</color><colorMode>normal</colorMode><scale>1.00</scale></LabelStyle><ListStyle><ItemIcon><href>http://maps.google.com/mapfiles/kml/paddle/purple-blank.png</href></ItemIcon></ListStyle></Style>
<StyleMap id="mapDaimonCapacitorBT"><Pair><key>normal</key><styleUrl>#styleDaimonCapacitorBT0</styleUrl></Pair><Pair><key>highlight</key><styleUrl>#styleDaimonCapacitorBT1</styleUrl></Pair></StyleMap>
<Style id="styleDaimonCapacitorSerie0"><IconStyle><scale>0.60</scale><Icon><href>http://maps.google.com/mapfiles/kml/paddle/purple-blank.png</href></Icon><hotSpot x="32" y="1" xunits="pixels" yunits="pixels"/></IconStyle><LabelStyle><color>ff00ffff</color><colorMode>normal</colorMode><scale>0.60</scale></LabelStyle><ListStyle><ItemIcon><href>http://maps.google.com/mapfiles/kml/paddle/purple-blank.png</href></ItemIcon></ListStyle></Style>
<Style id="styleDaimonCapacitorSerie1"><IconStyle><scale>0.60</scale><Icon><href>http://maps.google.com/mapfiles/kml/paddle/purple-blank.png</href></Icon><hotSpot x="32" y="1" xunits="pixels" yunits="pixels"/></IconStyle><LabelStyle><color>ff00ffff</color><colorMode>normal</colorMode><scale>0.60</scale></LabelStyle><ListStyle><ItemIcon><href>http://maps.google.com/mapfiles/kml/paddle/purple-blank.png</href></ItemIcon></ListStyle></Style>
<StyleMap id="mapDaimonCapacitorSerie"><Pair><key>normal</key><styleUrl>#styleDaimonCapacitorSerie0</styleUrl></Pair><Pair><key>highlight</key><styleUrl>#styleDaimonCapacitorSerie1</styleUrl></Pair></StyleMap>
<Style id="styleDaimonChave0"><IconStyle><scale>0.60</scale><Icon><href>http://maps.google.com/mapfiles/kml/paddle/red-circle.png</href></Icon><hotSpot x="32" y="1" xunits="pixels" yunits="pixels"/></IconStyle><LabelStyle><color>ff0000ff</color><colorMode>normal</colorMode><scale>0.60</scale></LabelStyle><ListStyle><ItemIcon><href>http://maps.google.com/mapfiles/kml/paddle/red-circle.png</href></ItemIcon></ListStyle></Style>
<Style id="styleDaimonChave1"><IconStyle><scale>0.60</scale><Icon><href>http://maps.google.com/mapfiles/kml/paddle/red-circle.png</href></Icon><hotSpot x="32" y="1" xunits="pixels" yunits="pixels"/></IconStyle><LabelStyle><color>ff0000ff</color><colorMode>normal</colorMode><scale>0.60</scale></LabelStyle><ListStyle><ItemIcon><href>http://maps.google.com/mapfiles/kml/paddle/red-circle.png</href></ItemIcon></ListStyle></Style>
<StyleMap id="mapDaimonChave"><Pair><key>normal</key><styleUrl>#styleDaimonChave0</styleUrl></Pair><Pair><key>highlight</key><styleUrl>#styleDaimonChave1</styleUrl></Pair></StyleMap>
<Style id="styleDaimonEP0"><IconStyle><scale>0.80</scale><Icon><href>http://maps.google.com/mapfiles/kml/paddle/ylw-circle.png</href></Icon><hotSpot x="32" y="1" xunits="pixels" yunits="pixels"/></IconStyle><LabelStyle><color>ff00ffff</color><colorMode>normal</colorMode><scale>0.80</scale></LabelStyle><ListStyle><ItemIcon><href>http://maps.google.com/mapfiles/kml/paddle/ylw-circle.png</href></ItemIcon></ListStyle></Style>
<Style id="styleDaimonEP1"><IconStyle><scale>0.80</scale><Icon><href>http://maps.google.com/mapfiles/kml/paddle/ylw-circle.png</href></Icon><hotSpot x="32" y="1" xunits="pixels" yunits="pixels"/></IconStyle><LabelStyle><color>ff00ffff</color><colorMode>normal</colorMode><scale>0.80</scale></LabelStyle><ListStyle><ItemIcon><href>http://maps.google.com/mapfiles/kml/paddle/ylw-circle.png</href></ItemIcon></ListStyle></Style>
<StyleMap id="mapDaimonEP"><Pair><key>normal</key><styleUrl>#styleDaimonEP0</styleUrl></Pair><Pair><key>highlight</key><styleUrl>#styleDaimonEP1</styleUrl></Pair></StyleMap>
<Style id="styleDaimonET0"><IconStyle><scale>0.80</scale><Icon><href>http://maps.google.com/mapfiles/kml/paddle/blu-blank.png</href></Icon><hotSpot x="32" y="1" xunits="pixels" yunits="pixels"/></IconStyle><LabelStyle><color>ffffff00</color><colorMode>normal</colorMode><scale>0.80</scale></LabelStyle><ListStyle><ItemIcon><href>http://maps.google.com/mapfiles/kml/paddle/blu-blank.png</href></ItemIcon></ListStyle></Style>
<Style id="styleDaimonET1"><IconStyle><scale>0.80</scale><Icon><href>http://maps.google.com/mapfiles/kml/paddle/blu-blank.png</href></Icon><hotSpot x="32" y="1" xunits="pixels" yunits="pixels"/></IconStyle><LabelStyle><color>ffffff00</color><colorMode>normal</colorMode><scale>0.80</scale></LabelStyle><ListStyle><ItemIcon><href>http://maps.google.com/mapfiles/kml/paddle/blu-blank.png</href></ItemIcon></ListStyle></Style>
<StyleMap id="mapDaimonET"><Pair><key>normal</key><styleUrl>#styleDaimonET0</styleUrl></Pair><Pair><key>highlight</key><styleUrl>#styleDaimonET1</styleUrl></Pair></StyleMap>
<Style id="styleDaimonGerador0"><IconStyle><scale>1.00</scale><Icon><href>http://maps.google.com/mapfiles/kml/paddle/orange-diamond.png</href></Icon><hotSpot x="32" y="1" xunits="pixels" yunits="pixels"/></IconStyle><LabelStyle><color>ffffffff</color><colorMode>normal</colorMode><scale>1.00</scale></LabelStyle><ListStyle><ItemIcon><href>http://maps.google.com/mapfiles/kml/paddle/orange-diamond.png</href></ItemIcon></ListStyle></Style>
<Style id="styleDaimonGerador1"><IconStyle><scale>1.00</scale><Icon><href>http://maps.google.com/mapfiles/kml/paddle/orange-diamond.png</href></Icon><hotSpot x="32" y="1" xunits="pixels" yunits="pixels"/></IconStyle><LabelStyle><color>ffffffff</color><colorMode>normal</colorMode><scale>1.00</scale></LabelStyle><ListStyle><ItemIcon><href>http://maps.google.com/mapfiles/kml/paddle/orange-diamond.png</href></ItemIcon></ListStyle></Style>
<StyleMap id="mapDaimonGerador"><Pair><key>normal</key><styleUrl>#styleDaimonGerador0</styleUrl></Pair><Pair><key>highlight</key><styleUrl>#styleDaimonGerador1</styleUrl></Pair></StyleMap>
<Style id="styleDaimonReator0"><IconStyle><scale>1.00</scale><Icon><href>http://maps.google.com/mapfiles/kml/paddle/wht-square.png</href></Icon><hotSpot x="32" y="1" xunits="pixels" yunits="pixels"/></IconStyle><LabelStyle><color>ff00ffff</color><colorMode>normal</colorMode><scale>1.00</scale></LabelStyle><ListStyle><ItemIcon><href>http://maps.google.com/mapfiles/kml/paddle/wht-square.png</href></ItemIcon></ListStyle></Style>
<Style id="styleDaimonReator1"><IconStyle><scale>1.00</scale><Icon><href>http://maps.google.com/mapfiles/kml/paddle/wht-square.png</href></Icon><hotSpot x="32" y="1" xunits="pixels" yunits="pixels"/></IconStyle><LabelStyle><color>ff00ffff</color><colorMode>normal</colorMode><scale>1.00</scale></LabelStyle><ListStyle><ItemIcon><href>http://maps.google.com/mapfiles/kml/paddle/wht-square.png</href></ItemIcon></ListStyle></Style>
<StyleMap id="mapDaimonReator"><Pair><key>normal</key><styleUrl>#styleDaimonReator0</styleUrl></Pair><Pair><key>highlight</key><styleUrl>#styleDaimonReator1</styleUrl></Pair></StyleMap>
<Style id="styleDaimonRegulador0"><IconStyle><scale>1.00</scale><Icon><href>http://maps.google.com/mapfiles/kml/paddle/orange-diamond.png</href></Icon><hotSpot x="32" y="1" xunits="pixels" yunits="pixels"/></IconStyle><LabelStyle><color>ff00a5ff</color><colorMode>normal</colorMode><scale>1.00</scale></LabelStyle><ListStyle><ItemIcon><href>http://maps.google.com/mapfiles/kml/paddle/orange-diamond.png</href></ItemIcon></ListStyle></Style>
<Style id="styleDaimonRegulador1"><IconStyle><scale>1.00</scale><Icon><href>http://maps.google.com/mapfiles/kml/paddle/orange-diamond.png</href></Icon><hotSpot x="32" y="1" xunits="pixels" yunits="pixels"/></IconStyle><LabelStyle><color>ff00a5ff</color><colorMode>normal</colorMode><scale>1.00</scale></LabelStyle><ListStyle><ItemIcon><href>http://maps.google.com/mapfiles/kml/paddle/orange-diamond.png</href></ItemIcon></ListStyle></Style>
<StyleMap id="mapDaimonRegulador"><Pair><key>normal</key><styleUrl>#styleDaimonRegulador0</styleUrl></Pair><Pair><key>highlight</key><styleUrl>#styleDaimonRegulador1</styleUrl></Pair></StyleMap>
<Style id="styleDaimonTransformador0"><IconStyle><scale>1.00</scale><Icon><href>http://maps.google.com/mapfiles/kml/paddle/pink-circle.png</href></Icon><hotSpot x="32" y="1" xunits="pixels" yunits="pixels"/></IconStyle><LabelStyle><color>ffff00ff</color><colorMode>normal</colorMode><scale>1.00</scale></LabelStyle><ListStyle><ItemIcon><href>http://maps.google.com/mapfiles/kml/paddle/pink-circle.png</href></ItemIcon></ListStyle></Style>
<Style id="styleDaimonTransformador1"><IconStyle><scale>1.00</scale><Icon><href>http://maps.google.com/mapfiles/kml/paddle/pink-circle.png</href></Icon><hotSpot x="32" y="1" xunits="pixels" yunits="pixels"/></IconStyle><LabelStyle><color>ffff00ff</color><colorMode>normal</colorMode><scale>1.00</scale></LabelStyle><ListStyle><ItemIcon><href>http://maps.google.com/mapfiles/kml/paddle/pink-circle.png</href></ItemIcon></ListStyle></Style>
<StyleMap id="mapDaimonTransformador"><Pair><key>normal</key><styleUrl>#styleDaimonTransformador0</styleUrl></Pair><Pair><key>highlight</key><styleUrl>#styleDaimonTransformador1</styleUrl></Pair></StyleMap>
<Style id="styleDaimonTrecho"><LineStyle><color>ffffffff</color><width>1.00</width></LineStyle></Style>
<Style id="styleDaimonTrechoBT"><LineStyle><color>ffff0000</color><width>1.00</width></LineStyle></Style>
<Style id="styleDaimonChaveNA0"><IconStyle><scale>0.60</scale><Icon><href>http://maps.google.com/mapfiles/kml/paddle/grn-blank.png</href></Icon><hotSpot x="32" y="1" xunits="pixels" yunits="pixels"/></IconStyle><LabelStyle><color>ff00ff00</color><colorMode>normal</colorMode><scale>0.60</scale></LabelStyle><ListStyle><ItemIcon><href>http://maps.google.com/mapfiles/kml/paddle/grn-blank.png</href></ItemIcon></ListStyle></Style>
<Style id="styleDaimonChaveNA1"><IconStyle><scale>0.60</scale><Icon><href>http://maps.google.com/mapfiles/kml/paddle/grn-blank.png</href></Icon><hotSpot x="32" y="1" xunits="pixels" yunits="pixels"/></IconStyle><LabelStyle><color>ff00ff00</color><colorMode>normal</colorMode><scale>0.60</scale></LabelStyle><ListStyle><ItemIcon><href>http://maps.google.com/mapfiles/kml/paddle/grn-blank.png</href></ItemIcon></ListStyle></Style>
<StyleMap id="mapDaimonChaveNA"><Pair><key>normal</key><styleUrl>#styleDaimonChaveNA0</styleUrl></Pair><Pair><key>highlight</key><styleUrl>#styleDaimonChaveNA1</styleUrl></Pair></StyleMap>
<Style id="styleDaimonChaveSoco0"><IconStyle><scale>0.60</scale><Icon><href>http://maps.google.com/mapfiles/kml/paddle/grn-blank.png</href></Icon><hotSpot x="32" y="1" xunits="pixels" yunits="pixels"/></IconStyle><LabelStyle><color>ff00ff00</color><colorMode>normal</colorMode><scale>0.60</scale></LabelStyle><ListStyle><ItemIcon><href>http://maps.google.com/mapfiles/kml/paddle/grn-blank.png</href></ItemIcon></ListStyle></Style>
<Style id="styleDaimonChaveSoco1"><IconStyle><scale>0.60</scale><Icon><href>http://maps.google.com/mapfiles/kml/paddle/grn-blank.png</href></Icon><hotSpot x="32" y="1" xunits="pixels" yunits="pixels"/></IconStyle><LabelStyle><color>ff00ff00</color><colorMode>normal</colorMode><scale>0.60</scale></LabelStyle><ListStyle><ItemIcon><href>http://maps.google.com/mapfiles/kml/paddle/grn-blank.png</href></ItemIcon></ListStyle></Style>
<StyleMap id="mapDaimonChaveSoco"><Pair><key>normal</key><styleUrl>#styleDaimonChaveSoco0</styleUrl></Pair><Pair><key>highlight</key><styleUrl>#styleDaimonChaveSoco1</styleUrl></Pair></StyleMap>
<Style id="styleDaimonSE0"><IconStyle><scale>1.20</scale><Icon><href>http://maps.google.com/mapfiles/kml/paddle/wht-circle.png</href></Icon><hotSpot x="32" y="1" xunits="pixels" yunits="pixels"/></IconStyle><LabelStyle><color>ffffffff</color><colorMode>normal</colorMode><scale>1.20</scale></LabelStyle><ListStyle><ItemIcon><href>http://maps.google.com/mapfiles/kml/paddle/wht-circle.png</href></ItemIcon></ListStyle></Style>
<Style id="styleDaimonSE1"><IconStyle><scale>1.20</scale><Icon><href>http://maps.google.com/mapfiles/kml/paddle/wht-circle.png</href></Icon><hotSpot x="32" y="1" xunits="pixels" yunits="pixels"/></IconStyle><LabelStyle><color>ffffffff</color><colorMode>normal</colorMode><scale>1.20</scale></LabelStyle><ListStyle><ItemIcon><href>http://maps.google.com/mapfiles/kml/paddle/wht-circle.png</href></ItemIcon></ListStyle></Style>
<StyleMap id="mapDaimonSE"><Pair><key>normal</key><styleUrl>#styleDaimonSE0</styleUrl></Pair><Pair><key>highlight</key><styleUrl>#styleDaimonSE1</styleUrl></Pair></StyleMap>
<Style id="styleDaimonDiag_BOM"><LineStyle><color>ff80ff80</color><width>3.20</width></LineStyle></Style>
<Style id="styleDaimonDiag_REGULAR"><LineStyle><color>ff00ffff</color><width>3.20</width></LineStyle></Style>
<Style id="styleDaimonDiag_RUIM"><LineStyle><color>ff0000ff</color><width>3.20</width></LineStyle></Style>
<Style id="styleDaimonDiag_INDEF"><LineStyle><color>ff808080</color><width>3.20</width></LineStyle></Style>
<Style id="styleDaimonDiag_BARRA_BOM0"><IconStyle><scale>0.60</scale><Icon><href>http://maps.google.com/mapfiles/kml/paddle/grn-blank.png</href></Icon><hotSpot x="32" y="1" xunits="pixels" yunits="pixels"/></IconStyle><LabelStyle><color>ffffffff</color><colorMode>normal</colorMode><scale>0.60</scale></LabelStyle><ListStyle><ItemIcon><href>http://maps.google.com/mapfiles/kml/paddle/grn-blank.png</href></ItemIcon></ListStyle></Style>
<Style id="styleDaimonDiag_BARRA_BOM1"><IconStyle><scale>0.60</scale><Icon><href>http://maps.google.com/mapfiles/kml/paddle/grn-blank.png</href></Icon><hotSpot x="32" y="1" xunits="pixels" yunits="pixels"/></IconStyle><LabelStyle><color>ffffffff</color><colorMode>normal</colorMode><scale>0.60</scale></LabelStyle><ListStyle><ItemIcon><href>http://maps.google.com/mapfiles/kml/paddle/grn-blank.png</href></ItemIcon></ListStyle></Style>
<StyleMap id="mapDaimonDiag_BARRA_BOM"><Pair><key>normal</key><styleUrl>#styleDaimonDiag_BARRA_BOM0</styleUrl></Pair><Pair><key>highlight</key><styleUrl>#styleDaimonDiag_BARRA_BOM1</styleUrl></Pair></StyleMap>
<Style id="styleDaimonDiag_BARRA_REGULAR0"><IconStyle><scale>0.60</scale><Icon><href>http://maps.google.com/mapfiles/kml/paddle/ylw-blank.png</href></Icon><hotSpot x="32" y="1" xunits="pixels" yunits="pixels"/></IconStyle><LabelStyle><color>ffffffff</color><colorMode>normal</colorMode><scale>0.60</scale></LabelStyle><ListStyle><ItemIcon><href>http://maps.google.com/mapfiles/kml/paddle/ylw-blank.png</href></ItemIcon></ListStyle></Style>
<Style id="styleDaimonDiag_BARRA_REGULAR1"><IconStyle><scale>0.60</scale><Icon><href>http://maps.google.com/mapfiles/kml/paddle/ylw-blank.png</href></Icon><hotSpot x="32" y="1" xunits="pixels" yunits="pixels"/></IconStyle><LabelStyle><color>ffffffff</color><colorMode>normal</colorMode><scale>0.60</scale></LabelStyle><ListStyle><ItemIcon><href>http://maps.google.com/mapfiles/kml/paddle/ylw-blank.png</href></ItemIcon></ListStyle></Style>
<StyleMap id="mapDaimonDiag_BARRA_REGULAR"><Pair><key>normal</key><styleUrl>#styleDaimonDiag_BARRA_REGULAR0</styleUrl></Pair><Pair><key>highlight</key><styleUrl>#styleDaimonDiag_BARRA_REGULAR1</styleUrl></Pair></StyleMap>
<Style id="styleDaimonDiag_BARRA_RUIM0"><IconStyle><scale>0.60</scale><Icon><href>http://maps.google.com/mapfiles/kml/paddle/red-blank.png</href></Icon><hotSpot x="32" y="1" xunits="pixels" yunits="pixels"/></IconStyle><LabelStyle><color>ffffffff</color><colorMode>normal</colorMode><scale>0.60</scale></LabelStyle><ListStyle><ItemIcon><href>http://maps.google.com/mapfiles/kml/paddle/red-blank.png</href></ItemIcon></ListStyle></Style>
<Style id="styleDaimonDiag_BARRA_RUIM1"><IconStyle><scale>0.60</scale><Icon><href>http://maps.google.com/mapfiles/kml/paddle/red-blank.png</href></Icon><hotSpot x="32" y="1" xunits="pixels" yunits="pixels"/></IconStyle><LabelStyle><color>ffffffff</color><colorMode>normal</colorMode><scale>0.60</scale></LabelStyle><ListStyle><ItemIcon><href>http://maps.google.com/mapfiles/kml/paddle/red-blank.png</href></ItemIcon></ListStyle></Style>
<StyleMap id="mapDaimonDiag_BARRA_RUIM"><Pair><key>normal</key><styleUrl>#styleDaimonDiag_BARRA_RUIM0</styleUrl></Pair><Pair><key>highlight</key><styleUrl>#styleDaimonDiag_BARRA_RUIM1</styleUrl></Pair></StyleMap>
<Style id="styleDaimonDiag_BARRA_INDEF0"><IconStyle><scale>0.60</scale><Icon><href>http://maps.google.com/mapfiles/kml/paddle/wht-blank.png</href></Icon><hotSpot x="32" y="1" xunits="pixels" yunits="pixels"/></IconStyle><LabelStyle><color>ffffffff</color><colorMode>normal</colorMode><scale>0.60</scale></LabelStyle><ListStyle><ItemIcon><href>http://maps.google.com/mapfiles/kml/paddle/wht-blank.png</href></ItemIcon></ListStyle></Style>
<Style id="styleDaimonDiag_BARRA_INDEF1"><IconStyle><scale>0.60</scale><Icon><href>http://maps.google.com/mapfiles/kml/paddle/wht-blank.png</href></Icon><hotSpot x="32" y="1" xunits="pixels" yunits="pixels"/></IconStyle><LabelStyle><color>ffffffff</color><colorMode>normal</colorMode><scale>0.60</scale></LabelStyle><ListStyle><ItemIcon><href>http://maps.google.com/mapfiles/kml/paddle/wht-blank.png</href></ItemIcon></ListStyle></Style>
<StyleMap id="mapDaimonDiag_BARRA_INDEF"><Pair><key>normal</key><styleUrl>#styleDaimonDiag_BARRA_INDEF0</styleUrl></Pair><Pair><key>highlight</key><styleUrl>#styleDaimonDiag_BARRA_INDEF1</styleUrl></Pair></StyleMap>
<Style id="styleDaimonMONO"><LineStyle><color>ff0000ff</color><width>2.00</width></LineStyle></Style>
<Style id="styleDaimonBI"><LineStyle><color>ff00ff00</color><width>2.00</width></LineStyle></Style>
<Style id="styleDaimonTRI"><LineStyle><color>ffff0000</color><width>2.00</width></LineStyle></Style>
<Style id="styleDaimonMONO_BT"><LineStyle><color>ffffff00</color><width>1.00</width></LineStyle></Style>
<Style id="styleDaimonBI_BT"><LineStyle><color>ffff00ff</color><width>1.00</width></LineStyle></Style>
<Style id="styleDaimonTRI_BT"><LineStyle><color>ff00ffff</color><width>1.00</width></LineStyle></Style>
<Style id="styleDaimonCIRCUITO77TRECHO"><LineStyle><color>ff0080ff</color><width>2.00</width></LineStyle></Style>
<Style id="styleDaimonFolderCirc_AL02019068"><ListStyle><bgColor>ff0080ff</bgColor></ListStyle></Style>
<Folder>
<name>Circ_AL02019068</name>
<styleUrl>#styleDaimonFolderCirc_AL02019068</styleUrl><Folder>
<name>Capacitor</name>
<visibility>0</visibility>
</Folder>
<Folder>
<name>CapacitorSerie</name>
<visibility>0</visibility>
</Folder>
<Folder>
<name>Chave</name>
<visibility>0</visibility>
<Placemark><name>DJ_AL02019068_FICT</name><visibility>0</visibility><LookAt><longitude>-48.203436</longitude><latitude>-5.296855</latitude><altitude>1200.0</altitude><altitudeMode>absolute</altitudeMode></LookAt><styleUrl>#mapDaimonChave</styleUrl><Point><coordinates>-48.203436,-5.296855,0</coordinates></Point></Placemark>
<Placemark><name>8800162068</name><visibility>0</visibility><LookAt><longitude>-48.203669</longitude><latitude>-5.296856</latitude><altitude>1200.0</altitude><altitudeMode>absolute</altitudeMode></LookAt><styleUrl>#mapDaimonChave</styleUrl><Point><coordinates>-48.203669,-5.296856,0</coordinates></Point></Placemark>
<Placemark><name>0353569069</name><visibility>0</visibility><LookAt><longitude>-48.205823</longitude><latitude>-5.282151</latitude><altitude>1200.0</altitude><altitudeMode>absolute</altitudeMode></LookAt><styleUrl>#mapDaimonChave</styleUrl><Point><coordinates>-48.205823,-5.282151,0</coordinates></Point></Placemark>
<Placemark><name>3300136069</name><visibility>0</visibility><LookAt><longitude>-48.205744</longitude><latitude>-5.280966</latitude><altitude>1200.0</altitude><altitudeMode>absolute</altitudeMode></LookAt><styleUrl>#mapDaimonChave</styleUrl><Point><coordinates>-48.205744,-5.280966,0</coordinates></Point></Placemark>
<Placemark><name>0353184068</name><visibility>0</visibility><LookAt><longitude>-48.204435</longitude><latitude>-5.296215</latitude><altitude>1200.0</altitude><altitudeMode>absolute</altitudeMode></LookAt><styleUrl>#mapDaimonChave</styleUrl><Point><coordinates>-48.204435,-5.296215,0</coordinates></Point></Placemark>
<Placemark><name>8800001069</name><visibility>0</visibility><LookAt><longitude>-48.203403</longitude><latitude>-5.262575</latitude><altitude>1200.0</altitude><altitudeMode>absolute</altitudeMode></LookAt><styleUrl>#mapDaimonChave</styleUrl><Point><coordinates>-48.203403,-5.262575,0</coordinates></Point></Placemark>
<Placemark><name>0300138069</name><visibility>0</visibility><LookAt><longitude>-48.173842</longitude><latitude>-5.287472</latitude><altitude>1200.0</altitude><altitudeMode>absolute</altitudeMode></LookAt><styleUrl>#mapDaimonChave</styleUrl><Point><coordinates>-48.173842,-5.287472,0</coordinates></Point></Placemark>
<Placemark><name>0336965068</name><visibility>0</visibility><LookAt><longitude>-48.186832</longitude><latitude>-5.284127</latitude><altitude>1200.0</altitude><altitudeMode>absolute</altitudeMode></LookAt><styleUrl>#mapDaimonChave</styleUrl><Point><coordinates>-48.186832,-5.284127,0</coordinates></Point></Placemark>
<Placemark><name>0300165069</name><visibility>0</visibility><LookAt><longitude>-48.200450</longitude><latitude>-5.281258</latitude><altitude>1200.0</altitude><altitudeMode>absolute</altitudeMode></LookAt><styleUrl>#mapDaimonChave</styleUrl><Point><coordinates>-48.200450,-5.281258,0</coordinates></Point></Placemark>
<Placemark><name>8842226069</name><visibility>0</visibility><LookAt><longitude>-48.202622</longitude><latitude>-5.260015</latitude><altitude>1200.0</altitude><altitudeMode>absolute</altitudeMode></LookAt><styleUrl>#mapDaimonChave</styleUrl><Point><coordinates>-48.202622,-5.260015,0</coordinates></Point></Placemark>
<Placemark><name>0300137068</name><visibility>0</visibility><LookAt><longitude>-48.187071</longitude><latitude>-5.281804</latitude><altitude>1200.0</altitude><altitudeMode>absolute</altitudeMode></LookAt><styleUrl>#mapDaimonChave</styleUrl><Point><coordinates>-48.187071,-5.281804,0</coordinates></Point></Placemark>
<Placemark><name>0300170068</name><visibility>0</visibility><LookAt><longitude>-48.185352</longitude><latitude>-5.277718</latitude><altitude>1200.0</altitude><altitudeMode>absolute</altitudeMode></LookAt><styleUrl>#mapDaimonChave</styleUrl><Point><coordinates>-48.185352,-5.277718,0</coordinates></Point></Placemark>
<Placemark><name>0343726068</name><visibility>0</visibility><LookAt><longitude>-48.181326</longitude><latitude>-5.278015</latitude><altitude>1200.0</altitude><altitudeMode>absolute</altitudeMode></LookAt><styleUrl>#mapDaimonChave</styleUrl><Point><coordinates>-48.181326,-5.278015,0</coordinates></Point></Placemark>
<Placemark><name>0300139069</name><visibility>0</visibility><LookAt><longitude>-48.175353</longitude><latitude>-5.269996</latitude><altitude>1200.0</altitude><altitudeMode>absolute</altitudeMode></LookAt><styleUrl>#mapDaimonChave</styleUrl><Point><coordinates>-48.175353,-5.269996,0</coordinates></Point></Placemark>
<Placemark><name>0300189068</name><visibility>0</visibility><LookAt><longitude>-48.182890</longitude><latitude>-5.277405</latitude><altitude>1200.0</altitude><altitudeMode>absolute</altitudeMode></LookAt><styleUrl>#mapDaimonChave</styleUrl><Point><coordinates>-48.182890,-5.277405,0</coordinates></Point></Placemark>
<Placemark><name>0300004069</name><visibility>0</visibility><LookAt><longitude>-48.203931</longitude><latitude>-5.258234</latitude><altitude>1200.0</altitude><altitudeMode>absolute</altitudeMode></LookAt><styleUrl>#mapDaimonChave</styleUrl><Point><coordinates>-48.203931,-5.258234,0</coordinates></Point></Placemark>
<Placemark><name>8855563069</name><visibility>0</visibility><LookAt><longitude>-48.202165</longitude><latitude>-5.259398</latitude><altitude>1200.0</altitude><altitudeMode>absolute</altitudeMode></LookAt><styleUrl>#mapDaimonChave</styleUrl><Point><coordinates>-48.202165,-5.259398,0</coordinates></Point></Placemark>
<Placemark><name>8808434069</name><visibility>0</visibility><LookAt><longitude>-48.205309</longitude><latitude>-5.259042</latitude><altitude>1200.0</altitude><altitudeMode>absolute</altitudeMode></LookAt><styleUrl>#mapDaimonChave</styleUrl><Point><coordinates>-48.205309,-5.259042,0</coordinates></Point></Placemark>
<Placemark><name>8848182069</name><visibility>0</visibility><LookAt><longitude>-48.205478</longitude><latitude>-5.260484</latitude><altitude>1200.0</altitude><altitudeMode>absolute</altitudeMode></LookAt><styleUrl>#mapDaimonChave</styleUrl><Point><coordinates>-48.205478,-5.260484,0</coordinates></Point></Placemark>
<Placemark><name>0353721069</name><visibility>0</visibility><LookAt><longitude>-48.199928</longitude><latitude>-5.256116</latitude><altitude>1200.0</altitude><altitudeMode>absolute</altitudeMode></LookAt><styleUrl>#mapDaimonChave</styleUrl><Point><coordinates>-48.199928,-5.256116,0</coordinates></Point></Placemark>
<Placemark><name>3300122069</name><visibility>0</visibility><LookAt><longitude>-48.208854</longitude><latitude>-5.256378</latitude><altitude>1200.0</altitude><altitudeMode>absolute</altitudeMode></LookAt><styleUrl>#mapDaimonChave</styleUrl><Point><coordinates>-48.208854,-5.256378,0</coordinates></Point></Placemark>
<Placemark><name>0200178069</name><visibility>0</visibility><LookAt><longitude>-48.209141</longitude><latitude>-5.256440</latitude><altitude>1200.0</altitude><altitudeMode>absolute</altitudeMode></LookAt><styleUrl>#mapDaimonChave</styleUrl><Point><coordinates>-48.209141,-5.256440,0</coordinates></Point></Placemark>
<Placemark><name>0300006069</name><visibility>0</visibility><LookAt><longitude>-48.206460</longitude><latitude>-5.257777</latitude><altitude>1200.0</altitude><altitudeMode>absolute</altitudeMode></LookAt><styleUrl>#mapDaimonChave</styleUrl><Point><coordinates>-48.206460,-5.257777,0</coordinates></Point></Placemark>
<Placemark><name>8858769069</name><visibility>0</visibility><LookAt><longitude>-48.208378</longitude><latitude>-5.260698</latitude><altitude>1200.0</altitude><altitudeMode>absolute</altitudeMode></LookAt><styleUrl>#mapDaimonChave</styleUrl><Point><coordinates>-48.208378,-5.260698,0</coordinates></Point></Placemark>
<Placemark><name>0300180069</name><visibility>0</visibility><LookAt><longitude>-48.199652</longitude><latitude>-5.255100</latitude><altitude>1200.0</altitude><altitudeMode>absolute</altitudeMode></LookAt><styleUrl>#mapDaimonChave</styleUrl><Point><coordinates>-48.199652,-5.255100,0</coordinates></Point></Placemark>
<Placemark><name>8867085069</name><visibility>0</visibility><LookAt><longitude>-48.199902</longitude><latitude>-5.255204</latitude><altitude>1200.0</altitude><altitudeMode>absolute</altitudeMode></LookAt><styleUrl>#mapDaimonChave</styleUrl><Point><coordinates>-48.199902,-5.255204,0</coordinates></Point></Placemark>
<Placemark><name>4000122069</name><visibility>0</visibility><LookAt><longitude>-48.208860</longitude><latitude>-5.256268</latitude><altitude>1200.0</altitude><altitudeMode>absolute</altitudeMode></LookAt><styleUrl>#mapDaimonChave</styleUrl><Point><coordinates>-48.208860,-5.256268,0</coordinates></Point></Placemark>
<Placemark><name>0343739069</name><visibility>0</visibility><LookAt><longitude>-48.206900</longitude><latitude>-5.256866</latitude><altitude>1200.0</altitude><altitudeMode>absolute</altitudeMode></LookAt><styleUrl>#mapDaimonChave</styleUrl><Point><coordinates>-48.206900,-5.256866,0</coordinates></Point></Placemark>
<Placemark><name>0200176069</name><visibility>0</visibility><LookAt><longitude>-48.206646</longitude><latitude>-5.257052</latitude><altitude>1200.0</altitude><altitudeMode>absolute</altitudeMode></LookAt><styleUrl>#mapDaimonChave</styleUrl><Point><coordinates>-48.206646,-5.257052,0</coordinates></Point></Placemark>
<Placemark><name>0310003069</name><visibility>0</visibility><LookAt><longitude>-48.217092</longitude><latitude>-5.249029</latitude><altitude>1200.0</altitude><altitudeMode>absolute</altitudeMode></LookAt><styleUrl>#mapDaimonChave</styleUrl><Point><coordinates>-48.217092,-5.249029,0</coordinates></Point></Placemark>
<Placemark><name>0310002069</name><visibility>0</visibility><LookAt><longitude>-48.212641</longitude><latitude>-5.251179</latitude><altitude>1200.0</altitude><altitudeMode>absolute</altitudeMode></LookAt><styleUrl>#mapDaimonChave</styleUrl><Point><coordinates>-48.212641,-5.251179,0</coordinates></Point></Placemark>
<Placemark><name>3300179069</name><visibility>0</visibility><LookAt><longitude>-48.254936</longitude><latitude>-5.231310</latitude><altitude>1200.0</altitude><altitudeMode>absolute</altitudeMode></LookAt><styleUrl>#mapDaimonChave</styleUrl><Point><coordinates>-48.254936,-5.231310,0</coordinates></Point></Placemark>
<Placemark><name>0310001069</name><visibility>0</visibility><LookAt><longitude>-48.221606</longitude><latitude>-5.246165</latitude><altitude>1200.0</altitude><altitudeMode>absolute</altitudeMode></LookAt><styleUrl>#mapDaimonChave</styleUrl><Point><coordinates>-48.221606,-5.246165,0</coordinates></Point></Placemark>
<Placemark><name>8848200069</name><visibility>0</visibility><LookAt><longitude>-48.204152</longitude><latitude>-5.260207</latitude><altitude>1200.0</altitude><altitudeMode>absolute</altitudeMode></LookAt><styleUrl>#mapDaimonChaveNA</styleUrl><Point><coordinates>-48.204152,-5.260207,0</coordinates></Point></Placemark>
</Folder>
<Folder>
<name>EP</name>
<visibility>0</visibility>
<Placemark><name>5600178069</name><visibility>0</visibility><LookAt><longitude>-48.209238</longitude><latitude>-5.256464</latitude><altitude>1200.0</altitude><altitudeMode>absolute</altitudeMode></LookAt><styleUrl>#mapDaimonEP</styleUrl><Point><coordinates>-48.209238,-5.256464,0</coordinates></Point></Placemark>
<Placemark><name>5600176069</name><visibility>0</visibility><LookAt><longitude>-48.206609</longitude><latitude>-5.257001</latitude><altitude>1200.0</altitude><altitudeMode>absolute</altitudeMode></LookAt><styleUrl>#mapDaimonEP</styleUrl><Point><coordinates>-48.206609,-5.257001,0</coordinates></Point></Placemark>
</Folder>
<Folder>
<name>ET</name>
<visibility>0</visibility>
<Placemark><name>5712963069</name><visibility>0</visibility><LookAt><longitude>-48.204027</longitude><latitude>-5.268874</latitude><altitude>1200.0</altitude><altitudeMode>absolute</altitudeMode></LookAt><styleUrl>#mapDaimonET</styleUrl><Point><coordinates>-48.204027,-5.268874,0</coordinates></Point></Placemark>
<Placemark><name>5700104069</name><visibility>0</visibility><LookAt><longitude>-48.205009</longitude><latitude>-5.282190</latitude><altitude>1200.0</altitude><altitudeMode>absolute</altitudeMode></LookAt><styleUrl>#mapDaimonET</styleUrl><Point><coordinates>-48.205009,-5.282190,0</coordinates></Point></Placemark>
<Placemark><name>5700168068</name><visibility>0</visibility><LookAt><longitude>-48.179889</longitude><latitude>-5.287176</latitude><altitude>1200.0</altitude><altitudeMode>absolute</altitudeMode></LookAt><styleUrl>#mapDaimonET</styleUrl><Point><coordinates>-48.179889,-5.287176,0</coordinates></Point></Placemark>
<Placemark><name>5700166068</name><visibility>0</visibility><LookAt><longitude>-48.187621</longitude><latitude>-5.284613</latitude><altitude>1200.0</altitude><altitudeMode>absolute</altitudeMode></LookAt><styleUrl>#mapDaimonET</styleUrl><Point><coordinates>-48.187621,-5.284613,0</coordinates></Point></Placemark>
<Placemark><name>5753185068</name><visibility>0</visibility><LookAt><longitude>-48.204604</longitude><latitude>-5.295919</latitude><altitude>1200.0</altitude><altitudeMode>absolute</altitudeMode></LookAt><styleUrl>#mapDaimonET</styleUrl><Point><coordinates>-48.204604,-5.295919,0</coordinates></Point></Placemark>
<Placemark><name>5700002069</name><visibility>0</visibility><LookAt><longitude>-48.203044</longitude><latitude>-5.260587</latitude><altitude>1200.0</altitude><altitudeMode>absolute</altitudeMode></LookAt><styleUrl>#mapDaimonET</styleUrl><Point><coordinates>-48.203044,-5.260587,0</coordinates></Point></Placemark>
<Placemark><name>5744174068</name><visibility>0</visibility><LookAt><longitude>-48.172879</longitude><latitude>-5.287474</latitude><altitude>1200.0</altitude><altitudeMode>absolute</altitudeMode></LookAt><styleUrl>#mapDaimonET</styleUrl><Point><coordinates>-48.172879,-5.287474,0</coordinates></Point></Placemark>
<Placemark><name>5700172068</name><visibility>0</visibility><LookAt><longitude>-48.180735</longitude><latitude>-5.277969</latitude><altitude>1200.0</altitude><altitudeMode>absolute</altitudeMode></LookAt><styleUrl>#mapDaimonET</styleUrl><Point><coordinates>-48.180735,-5.277969,0</coordinates></Point></Placemark>
<Placemark><name>5700173069</name><visibility>0</visibility><LookAt><longitude>-48.178799</longitude><latitude>-5.272298</latitude><altitude>1200.0</altitude><altitudeMode>absolute</altitudeMode></LookAt><styleUrl>#mapDaimonET</styleUrl><Point><coordinates>-48.178799,-5.272298,0</coordinates></Point></Placemark>
<Placemark><name>5700165069</name><visibility>0</visibility><LookAt><longitude>-48.200527</longitude><latitude>-5.280672</latitude><altitude>1200.0</altitude><altitudeMode>absolute</altitudeMode></LookAt><styleUrl>#mapDaimonET</styleUrl><Point><coordinates>-48.200527,-5.280672,0</coordinates></Point></Placemark>
<Placemark><name>5700119069</name><visibility>0</visibility><LookAt><longitude>-48.203106</longitude><latitude>-5.258866</latitude><altitude>1200.0</altitude><altitudeMode>absolute</altitudeMode></LookAt><styleUrl>#mapDaimonET</styleUrl><Point><coordinates>-48.203106,-5.258866,0</coordinates></Point></Placemark>
<Placemark><name>5700175068</name><visibility>0</visibility><LookAt><longitude>-48.187723</longitude><latitude>-5.281559</latitude><altitude>1200.0</altitude><altitudeMode>absolute</altitudeMode></LookAt><styleUrl>#mapDaimonET</styleUrl><Point><coordinates>-48.187723,-5.281559,0</coordinates></Point></Placemark>
<Placemark><name>5700170069</name><visibility>0</visibility><LookAt><longitude>-48.185095</longitude><latitude>-5.277704</latitude><altitude>1200.0</altitude><altitudeMode>absolute</altitudeMode></LookAt><styleUrl>#mapDaimonET</styleUrl><Point><coordinates>-48.185095,-5.277704,0</coordinates></Point></Placemark>
<Placemark><name>5743727068</name><visibility>0</visibility><LookAt><longitude>-48.181860</longitude><latitude>-5.280927</latitude><altitude>1200.0</altitude><altitudeMode>absolute</altitudeMode></LookAt><styleUrl>#mapDaimonET</styleUrl><Point><coordinates>-48.181860,-5.280927,0</coordinates></Point></Placemark>
<Placemark><name>5700174069</name><visibility>0</visibility><LookAt><longitude>-48.174450</longitude><latitude>-5.270119</latitude><altitude>1200.0</altitude><altitudeMode>absolute</altitudeMode></LookAt><styleUrl>#mapDaimonET</styleUrl><Point><coordinates>-48.174450,-5.270119,0</coordinates></Point></Placemark>
<Placemark><name>5712966069</name><visibility>0</visibility><LookAt><longitude>-48.184793</longitude><latitude>-5.273065</latitude><altitude>1200.0</altitude><altitudeMode>absolute</altitudeMode></LookAt><styleUrl>#mapDaimonET</styleUrl><Point><coordinates>-48.184793,-5.273065,0</coordinates></Point></Placemark>
<Placemark><name>5713002069</name><visibility>0</visibility><LookAt><longitude>-48.187586</longitude><latitude>-5.260548</latitude><altitude>1200.0</altitude><altitudeMode>absolute</altitudeMode></LookAt><styleUrl>#mapDaimonET</styleUrl><Point><coordinates>-48.187586,-5.260548,0</coordinates></Point></Placemark>
<Placemark><name>5713003069</name><visibility>0</visibility><LookAt><longitude>-48.192729</longitude><latitude>-5.266403</latitude><altitude>1200.0</altitude><altitudeMode>absolute</altitudeMode></LookAt><styleUrl>#mapDaimonET</styleUrl><Point><coordinates>-48.192729,-5.266403,0</coordinates></Point></Placemark>
<Placemark><name>5700003069</name><visibility>0</visibility><LookAt><longitude>-48.201322</longitude><latitude>-5.258200</latitude><altitude>1200.0</altitude><altitudeMode>absolute</altitudeMode></LookAt><styleUrl>#mapDaimonET</styleUrl><Point><coordinates>-48.201322,-5.258200,0</coordinates></Point></Placemark>
<Placemark><name>5700005069</name><visibility>0</visibility><LookAt><longitude>-48.206158</longitude><latitude>-5.258404</latitude><altitude>1200.0</altitude><altitudeMode>absolute</altitudeMode></LookAt><styleUrl>#mapDaimonET</styleUrl><Point><coordinates>-48.206158,-5.258404,0</coordinates></Point></Placemark>
<Placemark><name>5700008069</name><visibility>0</visibility><LookAt><longitude>-48.207197</longitude><latitude>-5.260076</latitude><altitude>1200.0</altitude><altitudeMode>absolute</altitudeMode></LookAt><styleUrl>#mapDaimonET</styleUrl><Point><coordinates>-48.207197,-5.260076,0</coordinates></Point></Placemark>
<Placemark><name>5700076069</name><visibility>0</visibility><LookAt><longitude>-48.209316</longitude><latitude>-5.258547</latitude><altitude>1200.0</altitude><altitudeMode>absolute</altitudeMode></LookAt><styleUrl>#mapDaimonET</styleUrl><Point><coordinates>-48.209316,-5.258547,0</coordinates></Point></Placemark>
<Placemark><name>5700130069</name><visibility>0</visibility><LookAt><longitude>-48.209816</longitude><latitude>-5.261825</latitude><altitude>1200.0</altitude><altitudeMode>absolute</altitudeMode></LookAt><styleUrl>#mapDaimonET</styleUrl><Point><coordinates>-48.209816,-5.261825,0</coordinates></Point></Placemark>
<Placemark><name>5700013069</name><visibility>0</visibility><LookAt><longitude>-48.199553</longitude><latitude>-5.254758</latitude><altitude>1200.0</altitude><altitudeMode>absolute</altitudeMode></LookAt><styleUrl>#mapDaimonET</styleUrl><Point><coordinates>-48.199553,-5.254758,0</coordinates></Point></Placemark>
<Placemark><name>5735218069</name><visibility>0</visibility><LookAt><longitude>-48.197932</longitude><latitude>-5.254705</latitude><altitude>1200.0</altitude><altitudeMode>absolute</altitudeMode></LookAt><styleUrl>#mapDaimonET</styleUrl><Point><coordinates>-48.197932,-5.254705,0</coordinates></Point></Placemark>
<Placemark><name>5700012069</name><visibility>0</visibility><LookAt><longitude>-48.207701</longitude><latitude>-5.261193</latitude><altitude>1200.0</altitude><altitudeMode>absolute</altitudeMode></LookAt><styleUrl>#mapDaimonET</styleUrl><Point><coordinates>-48.207701,-5.261193,0</coordinates></Point></Placemark>
<Placemark><name>5767084069</name><visibility>0</visibility><LookAt><longitude>-48.200444</longitude><latitude>-5.254732</latitude><altitude>1200.0</altitude><altitudeMode>absolute</altitudeMode></LookAt><styleUrl>#mapDaimonET</styleUrl><Point><coordinates>-48.200444,-5.254732,0</coordinates></Point></Placemark>
<Placemark><name>5710005069</name><visibility>0</visibility><LookAt><longitude>-48.223923</longitude><latitude>-5.244797</latitude><altitude>1200.0</altitude><altitudeMode>absolute</altitudeMode></LookAt><styleUrl>#mapDaimonET</styleUrl><Point><coordinates>-48.223923,-5.244797,0</coordinates></Point></Placemark>
<Placemark><name>5710006069</name><visibility>0</visibility><LookAt><longitude>-48.229430</longitude><latitude>-5.238799</latitude><altitude>1200.0</altitude><altitudeMode>absolute</altitudeMode></LookAt><styleUrl>#mapDaimonET</styleUrl><Point><coordinates>-48.229430,-5.238799,0</coordinates></Point></Placemark>
<Placemark><name>5710007069</name><visibility>0</visibility><LookAt><longitude>-48.236334</longitude><latitude>-5.233815</latitude><altitude>1200.0</altitude><altitudeMode>absolute</altitudeMode></LookAt><styleUrl>#mapDaimonET</styleUrl><Point><coordinates>-48.236334,-5.233815,0</coordinates></Point></Placemark>
<Placemark><name>5712633069</name><visibility>0</visibility><LookAt><longitude>-48.224314</longitude><latitude>-5.250413</latitude><altitude>1200.0</altitude><altitudeMode>absolute</altitudeMode></LookAt><styleUrl>#mapDaimonET</styleUrl><Point><coordinates>-48.224314,-5.250413,0</coordinates></Point></Placemark>
<Placemark><name>5710008069</name><visibility>0</visibility><LookAt><longitude>-48.243368</longitude><latitude>-5.232251</latitude><altitude>1200.0</altitude><altitudeMode>absolute</altitudeMode></LookAt><styleUrl>#mapDaimonET</styleUrl><Point><coordinates>-48.243368,-5.232251,0</coordinates></Point></Placemark>
<Placemark><name>5710009069</name><visibility>0</visibility><LookAt><longitude>-48.253487</longitude><latitude>-5.230926</latitude><altitude>1200.0</altitude><altitudeMode>absolute</altitudeMode></LookAt><styleUrl>#mapDaimonET</styleUrl><Point><coordinates>-48.253487,-5.230926,0</coordinates></Point></Placemark>
<Placemark><name>5643960069</name><visibility>0</visibility><LookAt><longitude>-48.206849</longitude><latitude>-5.256796</latitude><altitude>1200.0</altitude><altitudeMode>absolute</altitudeMode></LookAt><styleUrl>#mapDaimonET</styleUrl><Point><coordinates>-48.206849,-5.256796,0</coordinates></Point></Placemark>
<Placemark><name>5710003069</name><visibility>0</visibility><LookAt><longitude>-48.217011</longitude><latitude>-5.248900</latitude><altitude>1200.0</altitude><altitudeMode>absolute</altitudeMode></LookAt><styleUrl>#mapDaimonET</styleUrl><Point><coordinates>-48.217011,-5.248900,0</coordinates></Point></Placemark>
<Placemark><name>5710002069</name><visibility>0</visibility><LookAt><longitude>-48.211988</longitude><latitude>-5.250635</latitude><altitude>1200.0</altitude><altitudeMode>absolute</altitudeMode></LookAt><styleUrl>#mapDaimonET</styleUrl><Point><coordinates>-48.211988,-5.250635,0</coordinates></Point></Placemark>
<Placemark><name>5710060069</name><visibility>0</visibility><LookAt><longitude>-48.259867</longitude><latitude>-5.229468</latitude><altitude>1200.0</altitude><altitudeMode>absolute</altitudeMode></LookAt><styleUrl>#mapDaimonET</styleUrl><Point><coordinates>-48.259867,-5.229468,0</coordinates></Point></Placemark>
<Placemark><name>5710061069</name><visibility>0</visibility><LookAt><longitude>-48.265182</longitude><latitude>-5.228515</latitude><altitude>1200.0</altitude><altitudeMode>absolute</altitudeMode></LookAt><styleUrl>#mapDaimonET</styleUrl><Point><coordinates>-48.265182,-5.228515,0</coordinates></Point></Placemark>
<Placemark><name>5710062069</name><visibility>0</visibility><LookAt><longitude>-48.272119</longitude><latitude>-5.224144</latitude><altitude>1200.0</altitude><altitudeMode>absolute</altitudeMode></LookAt><styleUrl>#mapDaimonET</styleUrl><Point><coordinates>-48.272119,-5.224144,0</coordinates></Point></Placemark>
<Placemark><name>5710063069</name><visibility>0</visibility><LookAt><longitude>-48.280003</longitude><latitude>-5.220285</latitude><altitude>1200.0</altitude><altitudeMode>absolute</altitudeMode></LookAt><styleUrl>#mapDaimonET</styleUrl><Point><coordinates>-48.280003,-5.220285,0</coordinates></Point></Placemark>
<Placemark><name>5310064069</name><visibility>0</visibility><LookAt><longitude>-48.287325</longitude><latitude>-5.216874</latitude><altitude>1200.0</altitude><altitudeMode>absolute</altitudeMode></LookAt><styleUrl>#mapDaimonET</styleUrl><Point><coordinates>-48.287325,-5.216874,0</coordinates></Point></Placemark>
</Folder>
<Folder>
<name>Gerador</name>
<visibility>0</visibility>
<Placemark><name>991067</name><visibility>0</visibility><LookAt><longitude>-48.209238</longitude><latitude>-5.256464</latitude><altitude>1200.0</altitude><altitudeMode>absolute</altitudeMode></LookAt><styleUrl>#mapDaimonGerador</styleUrl><Point><coordinates>-48.209238,-5.256464,0</coordinates></Point></Placemark>
</Folder>
<Folder>
<name>Reator</name>
<visibility>0</visibility>
</Folder>
<Folder>
<name>Regulador</name>
<visibility>0</visibility>
</Folder>
<Folder>
<name>Transformador</name>
<visibility>0</visibility>
</Folder>
<Folder>
<name>Trecho</name>
<Placemark><name>2708820</name><styleUrl>#styleDaimonCIRCUITO77TRECHO</styleUrl><LineString><coordinates>-48.203441,-5.296794,0 -48.203662,-5.296854,0</coordinates></LineString></Placemark>
<Placemark><name>2506447</name><styleUrl>#styleDaimonCIRCUITO77TRECHO</styleUrl><LineString><coordinates>-48.206018,-5.282047,0 -48.205865,-5.282149,0</coordinates></LineString></Placemark>
<Placemark><name>12119056</name><styleUrl>#styleDaimonCIRCUITO77TRECHO</styleUrl><LineString><coordinates>-48.206032,-5.282037,0 -48.206018,-5.282047,0</coordinates></LineString></Placemark>
<Placemark><name>2506448</name><styleUrl>#styleDaimonCIRCUITO77TRECHO</styleUrl><LineString><coordinates>-48.205851,-5.282892,0 -48.206032,-5.282037,0</coordinates></LineString></Placemark>
<Placemark><name>2506450</name><styleUrl>#styleDaimonCIRCUITO77TRECHO</styleUrl><LineString><coordinates>-48.206032,-5.282037,0 -48.206226,-5.280936,0</coordinates></LineString></Placemark>
<Placemark><name>2506446</name><styleUrl>#styleDaimonCIRCUITO77TRECHO</styleUrl><LineString><coordinates>-48.205689,-5.283795,0 -48.205851,-5.282892,0</coordinates></LineString></Placemark>
<Placemark><name>12119057</name><styleUrl>#styleDaimonCIRCUITO77TRECHO</styleUrl><LineString><coordinates>-48.206226,-5.280936,0 -48.206209,-5.280937,0</coordinates></LineString></Placemark>
<Placemark><name>2708257</name><styleUrl>#styleDaimonCIRCUITO77TRECHO</styleUrl><LineString><coordinates>-48.206226,-5.280936,0 -48.206500,-5.279569,0</coordinates></LineString></Placemark>
<Placemark><name>2506445</name><styleUrl>#styleDaimonCIRCUITO77TRECHO</styleUrl><LineString><coordinates>-48.205481,-5.284930,0 -48.205689,-5.283795,0</coordinates></LineString></Placemark>
<Placemark><name>2506451</name><styleUrl>#styleDaimonCIRCUITO77TRECHO</styleUrl><LineString><coordinates>-48.206209,-5.280937,0 -48.205801,-5.280962,0</coordinates></LineString></Placemark>
<Placemark><name>2708645</name><styleUrl>#styleDaimonCIRCUITO77TRECHO</styleUrl><LineString><coordinates>-48.206500,-5.279569,0 -48.206730,-5.278470,0</coordinates></LineString></Placemark>
<Placemark><name>2506444</name><styleUrl>#styleDaimonCIRCUITO77TRECHO</styleUrl><LineString><coordinates>-48.205262,-5.286164,0 -48.205481,-5.284930,0</coordinates></LineString></Placemark>
<Placemark><name>2708646</name><styleUrl>#styleDaimonCIRCUITO77TRECHO</styleUrl><LineString><coordinates>-48.206730,-5.278470,0 -48.206899,-5.277541,0</coordinates></LineString></Placemark>
<Placemark><name>2506409</name><styleUrl>#styleDaimonCIRCUITO77TRECHO</styleUrl><LineString><coordinates>-48.204958,-5.287493,0 -48.205262,-5.286164,0</coordinates></LineString></Placemark>
<Placemark><name>2708649</name><styleUrl>#styleDaimonCIRCUITO77TRECHO</styleUrl><LineString><coordinates>-48.206899,-5.277541,0 -48.207145,-5.276209,0</coordinates></LineString></Placemark>
<Placemark><name>2506408</name><styleUrl>#styleDaimonCIRCUITO77TRECHO</styleUrl><LineString><coordinates>-48.204752,-5.288787,0 -48.204958,-5.287493,0</coordinates></LineString></Placemark>
<Placemark><name>2708650</name><styleUrl>#styleDaimonCIRCUITO77TRECHO</styleUrl><LineString><coordinates>-48.207145,-5.276209,0 -48.207332,-5.275342,0</coordinates></LineString></Placemark>
<Placemark><name>2506407</name><styleUrl>#styleDaimonCIRCUITO77TRECHO</styleUrl><LineString><coordinates>-48.204430,-5.290090,0 -48.204752,-5.288787,0</coordinates></LineString></Placemark>
<Placemark><name>2708652</name><styleUrl>#styleDaimonCIRCUITO77TRECHO</styleUrl><LineString><coordinates>-48.207332,-5.275342,0 -48.207518,-5.274305,0</coordinates></LineString></Placemark>
<Placemark><name>2506406</name><styleUrl>#styleDaimonCIRCUITO77TRECHO</styleUrl><LineString><coordinates>-48.204211,-5.291286,0 -48.204430,-5.290090,0</coordinates></LineString></Placemark>
<Placemark><name>2708654</name><styleUrl>#styleDaimonCIRCUITO77TRECHO</styleUrl><LineString><coordinates>-48.207518,-5.274305,0 -48.207729,-5.273237,0</coordinates></LineString></Placemark>
<Placemark><name>2506405</name><styleUrl>#styleDaimonCIRCUITO77TRECHO</styleUrl><LineString><coordinates>-48.204052,-5.292300,0 -48.204211,-5.291286,0</coordinates></LineString></Placemark>
<Placemark><name>2708655</name><styleUrl>#styleDaimonCIRCUITO77TRECHO</styleUrl><LineString><coordinates>-48.207729,-5.273237,0 -48.208000,-5.271716,0</coordinates></LineString></Placemark>
<Placemark><name>12070612</name><styleUrl>#styleDaimonCIRCUITO77TRECHO</styleUrl><LineString><coordinates>-48.204044,-5.292333,0 -48.204052,-5.292300,0</coordinates></LineString></Placemark>
<Placemark><name>2708656</name><styleUrl>#styleDaimonCIRCUITO77TRECHO</styleUrl><LineString><coordinates>-48.208000,-5.271716,0 -48.208243,-5.270575,0</coordinates></LineString></Placemark>
<Placemark><name>2711115</name><styleUrl>#styleDaimonCIRCUITO77TRECHO</styleUrl><LineString><coordinates>-48.204044,-5.292333,0 -48.203987,-5.292306,0</coordinates></LineString></Placemark>
<Placemark><name>2506404</name><styleUrl>#styleDaimonCIRCUITO77TRECHO</styleUrl><LineString><coordinates>-48.203834,-5.293201,0 -48.204044,-5.292333,0</coordinates></LineString></Placemark>
<Placemark><name>2708819</name><styleUrl>#styleDaimonCIRCUITO77TRECHO</styleUrl><LineString><coordinates>-48.208243,-5.270575,0 -48.208388,-5.269699,0</coordinates></LineString></Placemark>
<Placemark><name>2506403</name><styleUrl>#styleDaimonCIRCUITO77TRECHO</styleUrl><LineString><coordinates>-48.203676,-5.294092,0 -48.203834,-5.293201,0</coordinates></LineString></Placemark>
<Placemark><name>12070613</name><styleUrl>#styleDaimonCIRCUITO77TRECHO</styleUrl><LineString><coordinates>-48.208388,-5.269699,0 -48.208385,-5.269665,0</coordinates></LineString></Placemark>
<Placemark><name>2708254</name><styleUrl>#styleDaimonCIRCUITO77TRECHO</styleUrl><LineString><coordinates>-48.208388,-5.269699,0 -48.208438,-5.269683,0</coordinates></LineString></Placemark>
<Placemark><name>3460823</name><styleUrl>#styleDaimonCIRCUITO77TRECHO</styleUrl><LineString><coordinates>-48.203524,-5.294967,0 -48.203676,-5.294092,0</coordinates></LineString></Placemark>
<Placemark><name>2712299</name><styleUrl>#styleDaimonCIRCUITO77TRECHO</styleUrl><LineString><coordinates>-48.208385,-5.269665,0 -48.207952,-5.268356,0</coordinates></LineString></Placemark>
<Placemark><name>3460822</name><styleUrl>#styleDaimonCIRCUITO77TRECHO</styleUrl><LineString><coordinates>-48.203410,-5.295435,0 -48.203524,-5.294967,0</coordinates></LineString></Placemark>
<Placemark><name>2708821</name><styleUrl>#styleDaimonCIRCUITO77TRECHO</styleUrl><LineString><coordinates>-48.207952,-5.268356,0 -48.207650,-5.267462,0</coordinates></LineString></Placemark>
<Placemark><name>12076071</name><styleUrl>#styleDaimonCIRCUITO77TRECHO</styleUrl><LineString><coordinates>-48.203402,-5.295478,0 -48.203410,-5.295435,0</coordinates></LineString></Placemark>
<Placemark><name>2708824</name><styleUrl>#styleDaimonCIRCUITO77TRECHO</styleUrl><LineString><coordinates>-48.207650,-5.267462,0 -48.207150,-5.266003,0</coordinates></LineString></Placemark>
<Placemark><name>2506402</name><styleUrl>#styleDaimonCIRCUITO77TRECHO</styleUrl><LineString><coordinates>-48.203387,-5.295560,0 -48.203402,-5.295478,0</coordinates></LineString></Placemark>
<Placemark><name>2708825</name><styleUrl>#styleDaimonCIRCUITO77TRECHO</styleUrl><LineString><coordinates>-48.207150,-5.266003,0 -48.206872,-5.265189,0</coordinates></LineString></Placemark>
<Placemark><name>12067956</name><styleUrl>#styleDaimonCIRCUITO77TRECHO</styleUrl><LineString><coordinates>-48.203382,-5.295594,0 -48.203387,-5.295560,0</coordinates></LineString></Placemark>
<Placemark><name>2708826</name><styleUrl>#styleDaimonCIRCUITO77TRECHO</styleUrl><LineString><coordinates>-48.206872,-5.265189,0 -48.206519,-5.264142,0</coordinates></LineString></Placemark>
<Placemark><name>2504783</name><styleUrl>#styleDaimonCIRCUITO77TRECHO</styleUrl><LineString><coordinates>-48.203336,-5.295931,0 -48.203382,-5.295594,0</coordinates></LineString></Placemark>
<Placemark><name>2708827</name><styleUrl>#styleDaimonCIRCUITO77TRECHO</styleUrl><LineString><coordinates>-48.206519,-5.264142,0 -48.206202,-5.263265,0</coordinates></LineString></Placemark>
<Placemark><name>2504782</name><styleUrl>#styleDaimonCIRCUITO77TRECHO</styleUrl><LineString><coordinates>-48.203336,-5.295931,0 -48.203252,-5.295899,0</coordinates></LineString></Placemark>
<Placemark><name>2504781</name><styleUrl>#styleDaimonCIRCUITO77TRECHO</styleUrl><LineString><coordinates>-48.203481,-5.295988,0 -48.203336,-5.295931,0</coordinates></LineString></Placemark>
<Placemark><name>2504784</name><styleUrl>#styleDaimonCIRCUITO77TRECHO</styleUrl><LineString><coordinates>-48.203336,-5.295931,0 -48.203327,-5.296013,0</coordinates></LineString></Placemark>
<Placemark><name>12070614</name><styleUrl>#styleDaimonCIRCUITO77TRECHO</styleUrl><LineString><coordinates>-48.206202,-5.263265,0 -48.206179,-5.263250,0</coordinates></LineString></Placemark>
<Placemark><name>12067955</name><styleUrl>#styleDaimonCIRCUITO77TRECHO</styleUrl><LineString><coordinates>-48.203513,-5.296001,0 -48.203481,-5.295988,0</coordinates></LineString></Placemark>
<Placemark><name>2708828</name><styleUrl>#styleDaimonCIRCUITO77TRECHO</styleUrl><LineString><coordinates>-48.206179,-5.263250,0 -48.205328,-5.263182,0</coordinates></LineString></Placemark>
<Placemark><name>2945045</name><styleUrl>#styleDaimonCIRCUITO77TRECHO</styleUrl><LineString><coordinates>-48.203734,-5.296100,0 -48.203513,-5.296001,0</coordinates></LineString></Placemark>
<Placemark><name>2708829</name><styleUrl>#styleDaimonCIRCUITO77TRECHO</styleUrl><LineString><coordinates>-48.205328,-5.263182,0 -48.204415,-5.263110,0</coordinates></LineString></Placemark>
<Placemark><name>2945044</name><styleUrl>#styleDaimonCIRCUITO77TRECHO</styleUrl><LineString><coordinates>-48.204124,-5.296248,0 -48.203734,-5.296100,0</coordinates></LineString></Placemark>
<Placemark><name>2708430</name><styleUrl>#styleDaimonCIRCUITO77TRECHO</styleUrl><LineString><coordinates>-48.204415,-5.263110,0 -48.203541,-5.263056,0</coordinates></LineString></Placemark>
<Placemark><name>57453779</name><styleUrl>#styleDaimonCIRCUITO77TRECHO</styleUrl><LineString><coordinates>-48.204347,-5.296334,0 -48.204124,-5.296248,0</coordinates></LineString></Placemark>
<Placemark><name>12070624</name><styleUrl>#styleDaimonCIRCUITO77TRECHO</styleUrl><LineString><coordinates>-48.203541,-5.263056,0 -48.203525,-5.263061,0</coordinates></LineString></Placemark>
<Placemark><name>57453837</name><styleUrl>#styleDaimonCIRCUITO77TRECHO</styleUrl><LineString><coordinates>-48.204347,-5.296334,0 -48.204371,-5.296325,0</coordinates></LineString></Placemark>
<Placemark><name>12067954</name><styleUrl>#styleDaimonCIRCUITO77TRECHO</styleUrl><LineString><coordinates>-48.204355,-5.296355,0 -48.204347,-5.296334,0</coordinates></LineString></Placemark>
<Placemark><name>2712789</name><styleUrl>#styleDaimonCIRCUITO77TRECHO</styleUrl><LineString><coordinates>-48.203525,-5.263061,0 -48.203409,-5.262597,0</coordinates></LineString></Placemark>
<Placemark><name>2712791</name><styleUrl>#styleDaimonCIRCUITO77TRECHO</styleUrl><LineString><coordinates>-48.203525,-5.263061,0 -48.203621,-5.263333,0</coordinates></LineString></Placemark>
<Placemark><name>57453799</name><styleUrl>#styleDaimonCIRCUITO77TRECHO</styleUrl><LineString><coordinates>-48.204371,-5.296325,0 -48.204426,-5.296230,0</coordinates></LineString></Placemark>
<Placemark><name>2708822</name><styleUrl>#styleDaimonCIRCUITO77TRECHO</styleUrl><LineString><coordinates>-48.204293,-5.296468,0 -48.204355,-5.296355,0</coordinates></LineString></Placemark>
<Placemark><name>12024157</name><styleUrl>#styleDaimonCIRCUITO77TRECHO</styleUrl><LineString><coordinates>-48.203621,-5.263333,0 -48.203629,-5.263366,0</coordinates></LineString></Placemark>
<Placemark><name>57453767</name><styleUrl>#styleDaimonCIRCUITO77TRECHO</styleUrl><LineString><coordinates>-48.204035,-5.296947,0 -48.204293,-5.296468,0</coordinates></LineString></Placemark>
<Placemark><name>2557593</name><styleUrl>#styleDaimonCIRCUITO77TRECHO</styleUrl><LineString><coordinates>-48.203629,-5.263366,0 -48.203753,-5.263317,0</coordinates></LineString></Placemark>
<Placemark><name>12070611</name><styleUrl>#styleDaimonCIRCUITO77TRECHO</styleUrl><LineString><coordinates>-48.204010,-5.296957,0 -48.204035,-5.296947,0</coordinates></LineString></Placemark>
<Placemark><name>12024158</name><styleUrl>#styleDaimonCIRCUITO77TRECHO</styleUrl><LineString><coordinates>-48.203753,-5.263317,0 -48.203785,-5.263310,0</coordinates></LineString></Placemark>
<Placemark><name>12075277</name><styleUrl>#styleDaimonCIRCUITO77TRECHO</styleUrl><LineString><coordinates>-48.204010,-5.296957,0 -48.204018,-5.296977,0</coordinates></LineString></Placemark>
<Placemark><name>3618468</name><styleUrl>#styleDaimonCIRCUITO77TRECHO</styleUrl><LineString><coordinates>-48.203946,-5.296938,0 -48.204010,-5.296957,0</coordinates></LineString></Placemark>
<Placemark><name>2557594</name><styleUrl>#styleDaimonCIRCUITO77TRECHO</styleUrl><LineString><coordinates>-48.203785,-5.263310,0 -48.203905,-5.264189,0</coordinates></LineString></Placemark>
<Placemark><name>2945043</name><styleUrl>#styleDaimonCIRCUITO77TRECHO</styleUrl><LineString><coordinates>-48.204018,-5.296977,0 -48.203938,-5.297128,0</coordinates></LineString></Placemark>
<Placemark><name>3612689</name><styleUrl>#styleDaimonCIRCUITO77TRECHO</styleUrl><LineString><coordinates>-48.203821,-5.296901,0 -48.203946,-5.296938,0</coordinates></LineString></Placemark>
<Placemark><name>2557595</name><styleUrl>#styleDaimonCIRCUITO77TRECHO</styleUrl><LineString><coordinates>-48.203905,-5.264189,0 -48.204082,-5.265328,0</coordinates></LineString></Placemark>
<Placemark><name>12084091</name><styleUrl>#styleDaimonCIRCUITO77TRECHO</styleUrl><LineString><coordinates>-48.203794,-5.296894,0 -48.203821,-5.296901,0</coordinates></LineString></Placemark>
<Placemark><name>2557596</name><styleUrl>#styleDaimonCIRCUITO77TRECHO</styleUrl><LineString><coordinates>-48.204082,-5.265328,0 -48.204269,-5.266544,0</coordinates></LineString></Placemark>
<Placemark><name>3618469</name><styleUrl>#styleDaimonCIRCUITO77TRECHO</styleUrl><LineString><coordinates>-48.203676,-5.296858,0 -48.203794,-5.296894,0</coordinates></LineString></Placemark>
<Placemark><name>2557597</name><styleUrl>#styleDaimonCIRCUITO77TRECHO</styleUrl><LineString><coordinates>-48.204269,-5.266544,0 -48.204152,-5.267666,0</coordinates></LineString></Placemark>
<Placemark><name>2557598</name><styleUrl>#styleDaimonCIRCUITO77TRECHO</styleUrl><LineString><coordinates>-48.204152,-5.267666,0 -48.204027,-5.268874,0</coordinates></LineString></Placemark>
<Placemark><name>2506449</name><styleUrl>#styleDaimonCIRCUITO77TRECHO</styleUrl><LineString><coordinates>-48.205780,-5.282153,0 -48.205009,-5.282190,0</coordinates></LineString></Placemark>
<Placemark><name>2712303</name><styleUrl>#styleDaimonCIRCUITO77TRECHO</styleUrl><LineString><coordinates>-48.179889,-5.287176,0 -48.179412,-5.287207,0</coordinates></LineString></Placemark>
<Placemark><name>2712302</name><styleUrl>#styleDaimonCIRCUITO77TRECHO</styleUrl><LineString><coordinates>-48.179412,-5.287207,0 -48.178839,-5.287222,0</coordinates></LineString></Placemark>
<Placemark><name>2712538</name><styleUrl>#styleDaimonCIRCUITO77TRECHO</styleUrl><LineString><coordinates>-48.180464,-5.287146,0 -48.179889,-5.287176,0</coordinates></LineString></Placemark>
<Placemark><name>2712301</name><styleUrl>#styleDaimonCIRCUITO77TRECHO</styleUrl><LineString><coordinates>-48.178839,-5.287222,0 -48.178305,-5.287240,0</coordinates></LineString></Placemark>
<Placemark><name>2712539</name><styleUrl>#styleDaimonCIRCUITO77TRECHO</styleUrl><LineString><coordinates>-48.180931,-5.287122,0 -48.180464,-5.287146,0</coordinates></LineString></Placemark>
<Placemark><name>2712300</name><styleUrl>#styleDaimonCIRCUITO77TRECHO</styleUrl><LineString><coordinates>-48.178305,-5.287240,0 -48.177736,-5.287284,0</coordinates></LineString></Placemark>
<Placemark><name>2712540</name><styleUrl>#styleDaimonCIRCUITO77TRECHO</styleUrl><LineString><coordinates>-48.181349,-5.287100,0 -48.180931,-5.287122,0</coordinates></LineString></Placemark>
<Placemark><name>2708251</name><styleUrl>#styleDaimonCIRCUITO77TRECHO</styleUrl><LineString><coordinates>-48.177736,-5.287284,0 -48.176465,-5.287326,0</coordinates></LineString></Placemark>
<Placemark><name>12119058</name><styleUrl>#styleDaimonCIRCUITO77TRECHO</styleUrl><LineString><coordinates>-48.181366,-5.287099,0 -48.181349,-5.287100,0</coordinates></LineString></Placemark>
<Placemark><name>2708250</name><styleUrl>#styleDaimonCIRCUITO77TRECHO</styleUrl><LineString><coordinates>-48.176465,-5.287326,0 -48.175207,-5.287411,0</coordinates></LineString></Placemark>
<Placemark><name>2712541</name><styleUrl>#styleDaimonCIRCUITO77TRECHO</styleUrl><LineString><coordinates>-48.182526,-5.286445,0 -48.181366,-5.287099,0</coordinates></LineString></Placemark>
<Placemark><name>2708249</name><styleUrl>#styleDaimonCIRCUITO77TRECHO</styleUrl><LineString><coordinates>-48.175207,-5.287411,0 -48.173893,-5.287471,0</coordinates></LineString></Placemark>
<Placemark><name>2712542</name><styleUrl>#styleDaimonCIRCUITO77TRECHO</styleUrl><LineString><coordinates>-48.183301,-5.286020,0 -48.182526,-5.286445,0</coordinates></LineString></Placemark>
<Placemark><name>2712543</name><styleUrl>#styleDaimonCIRCUITO77TRECHO</styleUrl><LineString><coordinates>-48.184445,-5.285393,0 -48.183301,-5.286020,0</coordinates></LineString></Placemark>
<Placemark><name>2712544</name><styleUrl>#styleDaimonCIRCUITO77TRECHO</styleUrl><LineString><coordinates>-48.185624,-5.284751,0 -48.184445,-5.285393,0</coordinates></LineString></Placemark>
<Placemark><name>2712545</name><styleUrl>#styleDaimonCIRCUITO77TRECHO</styleUrl><LineString><coordinates>-48.186030,-5.284574,0 -48.185624,-5.284751,0</coordinates></LineString></Placemark>
<Placemark><name>2708252</name><styleUrl>#styleDaimonCIRCUITO77TRECHO</styleUrl><LineString><coordinates>-48.186846,-5.284185,0 -48.186030,-5.284574,0</coordinates></LineString></Placemark>
<Placemark><name>2708484</name><styleUrl>#styleDaimonCIRCUITO77TRECHO</styleUrl><LineString><coordinates>-48.187703,-5.283831,0 -48.186846,-5.284185,0</coordinates></LineString></Placemark>
<Placemark><name>12124526</name><styleUrl>#styleDaimonCIRCUITO77TRECHO</styleUrl><LineString><coordinates>-48.187703,-5.283831,0 -48.187700,-5.283863,0</coordinates></LineString></Placemark>
<Placemark><name>2708481</name><styleUrl>#styleDaimonCIRCUITO77TRECHO</styleUrl><LineString><coordinates>-48.188698,-5.283424,0 -48.187703,-5.283831,0</coordinates></LineString></Placemark>
<Placemark><name>2708479</name><styleUrl>#styleDaimonCIRCUITO77TRECHO</styleUrl><LineString><coordinates>-48.187700,-5.283863,0 -48.187621,-5.284613,0</coordinates></LineString></Placemark>
<Placemark><name>2708478</name><styleUrl>#styleDaimonCIRCUITO77TRECHO</styleUrl><LineString><coordinates>-48.190211,-5.282785,0 -48.188698,-5.283424,0</coordinates></LineString></Placemark>
<Placemark><name>2708427</name><styleUrl>#styleDaimonCIRCUITO77TRECHO</styleUrl><LineString><coordinates>-48.191573,-5.282192,0 -48.190211,-5.282785,0</coordinates></LineString></Placemark>
<Placemark><name>2708477</name><styleUrl>#styleDaimonCIRCUITO77TRECHO</styleUrl><LineString><coordinates>-48.192653,-5.281728,0 -48.191573,-5.282192,0</coordinates></LineString></Placemark>
<Placemark><name>12119063</name><styleUrl>#styleDaimonCIRCUITO77TRECHO</styleUrl><LineString><coordinates>-48.192671,-5.281727,0 -48.192653,-5.281728,0</coordinates></LineString></Placemark>
<Placemark><name>2708426</name><styleUrl>#styleDaimonCIRCUITO77TRECHO</styleUrl><LineString><coordinates>-48.193561,-5.281669,0 -48.192671,-5.281727,0</coordinates></LineString></Placemark>
<Placemark><name>2708425</name><styleUrl>#styleDaimonCIRCUITO77TRECHO</styleUrl><LineString><coordinates>-48.194700,-5.281593,0 -48.193561,-5.281669,0</coordinates></LineString></Placemark>
<Placemark><name>2708421</name><styleUrl>#styleDaimonCIRCUITO77TRECHO</styleUrl><LineString><coordinates>-48.195787,-5.281534,0 -48.194700,-5.281593,0</coordinates></LineString></Placemark>
<Placemark><name>2708419</name><styleUrl>#styleDaimonCIRCUITO77TRECHO</styleUrl><LineString><coordinates>-48.197139,-5.281481,0 -48.195787,-5.281534,0</coordinates></LineString></Placemark>
<Placemark><name>2708418</name><styleUrl>#styleDaimonCIRCUITO77TRECHO</styleUrl><LineString><coordinates>-48.198643,-5.281389,0 -48.197139,-5.281481,0</coordinates></LineString></Placemark>
<Placemark><name>2708417</name><styleUrl>#styleDaimonCIRCUITO77TRECHO</styleUrl><LineString><coordinates>-48.200445,-5.281289,0 -48.198643,-5.281389,0</coordinates></LineString></Placemark>
<Placemark><name>2708413</name><styleUrl>#styleDaimonCIRCUITO77TRECHO</styleUrl><LineString><coordinates>-48.201331,-5.281243,0 -48.200445,-5.281289,0</coordinates></LineString></Placemark>
<Placemark><name>2708258</name><styleUrl>#styleDaimonCIRCUITO77TRECHO</styleUrl><LineString><coordinates>-48.202234,-5.281194,0 -48.201331,-5.281243,0</coordinates></LineString></Placemark>
<Placemark><name>2506454</name><styleUrl>#styleDaimonCIRCUITO77TRECHO</styleUrl><LineString><coordinates>-48.203596,-5.281102,0 -48.202234,-5.281194,0</coordinates></LineString></Placemark>
<Placemark><name>2506453</name><styleUrl>#styleDaimonCIRCUITO77TRECHO</styleUrl><LineString><coordinates>-48.204663,-5.281045,0 -48.203596,-5.281102,0</coordinates></LineString></Placemark>
<Placemark><name>2506452</name><styleUrl>#styleDaimonCIRCUITO77TRECHO</styleUrl><LineString><coordinates>-48.205688,-5.280971,0 -48.204663,-5.281045,0</coordinates></LineString></Placemark>
<Placemark><name>57453791</name><styleUrl>#styleDaimonCIRCUITO77TRECHO</styleUrl><LineString><coordinates>-48.204444,-5.296199,0 -48.204604,-5.295919,0</coordinates></LineString></Placemark>
<Placemark><name>2504848</name><styleUrl>#styleDaimonCIRCUITO77TRECHO</styleUrl><LineString><coordinates>-48.203912,-5.260359,0 -48.203750,-5.260195,0</coordinates></LineString></Placemark>
<Placemark><name>2504763</name><styleUrl>#styleDaimonCIRCUITO77TRECHO</styleUrl><LineString><coordinates>-48.203912,-5.260359,0 -48.204136,-5.260220,0</coordinates></LineString></Placemark>
<Placemark><name>2504762</name><styleUrl>#styleDaimonCIRCUITO77TRECHO</styleUrl><LineString><coordinates>-48.203850,-5.260464,0 -48.203912,-5.260359,0</coordinates></LineString></Placemark>
<Placemark><name>2504761</name><styleUrl>#styleDaimonCIRCUITO77TRECHO</styleUrl><LineString><coordinates>-48.203912,-5.260359,0 -48.203996,-5.260470,0</coordinates></LineString></Placemark>
<Placemark><name>2708976</name><styleUrl>#styleDaimonCIRCUITO77TRECHO</styleUrl><LineString><coordinates>-48.203569,-5.260647,0 -48.203850,-5.260464,0</coordinates></LineString></Placemark>
<Placemark><name>2708772</name><styleUrl>#styleDaimonCIRCUITO77TRECHO</styleUrl><LineString><coordinates>-48.203996,-5.260470,0 -48.204254,-5.260700,0</coordinates></LineString></Placemark>
<Placemark><name>2708977</name><styleUrl>#styleDaimonCIRCUITO77TRECHO</styleUrl><LineString><coordinates>-48.203305,-5.260871,0 -48.203569,-5.260647,0</coordinates></LineString></Placemark>
<Placemark><name>12070715</name><styleUrl>#styleDaimonCIRCUITO77TRECHO</styleUrl><LineString><coordinates>-48.203279,-5.260894,0 -48.203305,-5.260871,0</coordinates></LineString></Placemark>
<Placemark><name>12070627</name><styleUrl>#styleDaimonCIRCUITO77TRECHO</styleUrl><LineString><coordinates>-48.203279,-5.260894,0 -48.203277,-5.260872,0</coordinates></LineString></Placemark>
<Placemark><name>2708978</name><styleUrl>#styleDaimonCIRCUITO77TRECHO</styleUrl><LineString><coordinates>-48.203005,-5.261123,0 -48.203279,-5.260894,0</coordinates></LineString></Placemark>
<Placemark><name>2709388</name><styleUrl>#styleDaimonCIRCUITO77TRECHO</styleUrl><LineString><coordinates>-48.203277,-5.260872,0 -48.203241,-5.260845,0</coordinates></LineString></Placemark>
<Placemark><name>12070619</name><styleUrl>#styleDaimonCIRCUITO77TRECHO</styleUrl><LineString><coordinates>-48.202997,-5.261151,0 -48.203005,-5.261123,0</coordinates></LineString></Placemark>
<Placemark><name>12070617</name><styleUrl>#styleDaimonCIRCUITO77TRECHO</styleUrl><LineString><coordinates>-48.203241,-5.260845,0 -48.203217,-5.260820,0</coordinates></LineString></Placemark>
<Placemark><name>2708586</name><styleUrl>#styleDaimonCIRCUITO77TRECHO</styleUrl><LineString><coordinates>-48.203076,-5.261409,0 -48.202997,-5.261151,0</coordinates></LineString></Placemark>
<Placemark><name>2710141</name><styleUrl>#styleDaimonCIRCUITO77TRECHO</styleUrl><LineString><coordinates>-48.203217,-5.260820,0 -48.203044,-5.260587,0</coordinates></LineString></Placemark>
<Placemark><name>2708627</name><styleUrl>#styleDaimonCIRCUITO77TRECHO</styleUrl><LineString><coordinates>-48.203160,-5.261740,0 -48.203076,-5.261409,0</coordinates></LineString></Placemark>
<Placemark><name>2709590</name><styleUrl>#styleDaimonCIRCUITO77TRECHO</styleUrl><LineString><coordinates>-48.203044,-5.260587,0 -48.202845,-5.260318,0</coordinates></LineString></Placemark>
<Placemark><name>2708629</name><styleUrl>#styleDaimonCIRCUITO77TRECHO</styleUrl><LineString><coordinates>-48.203278,-5.262148,0 -48.203160,-5.261740,0</coordinates></LineString></Placemark>
<Placemark><name>2710321</name><styleUrl>#styleDaimonCIRCUITO77TRECHO</styleUrl><LineString><coordinates>-48.202845,-5.260318,0 -48.202611,-5.260001,0</coordinates></LineString></Placemark>
<Placemark><name>2708630</name><styleUrl>#styleDaimonCIRCUITO77TRECHO</styleUrl><LineString><coordinates>-48.203397,-5.262552,0 -48.203278,-5.262148,0</coordinates></LineString></Placemark>
<Placemark><name>2708248</name><styleUrl>#styleDaimonCIRCUITO77TRECHO</styleUrl><LineString><coordinates>-48.173792,-5.287472,0 -48.172879,-5.287474,0</coordinates></LineString></Placemark>
<Placemark><name>2506272</name><styleUrl>#styleDaimonCIRCUITO77TRECHO</styleUrl><LineString><coordinates>-48.180735,-5.277969,0 -48.180356,-5.276856,0</coordinates></LineString></Placemark>
<Placemark><name>2506273</name><styleUrl>#styleDaimonCIRCUITO77TRECHO</styleUrl><LineString><coordinates>-48.180356,-5.276856,0 -48.179979,-5.275799,0</coordinates></LineString></Placemark>
<Placemark><name>2506271</name><styleUrl>#styleDaimonCIRCUITO77TRECHO</styleUrl><LineString><coordinates>-48.180786,-5.278127,0 -48.180735,-5.277969,0</coordinates></LineString></Placemark>
<Placemark><name>2506274</name><styleUrl>#styleDaimonCIRCUITO77TRECHO</styleUrl><LineString><coordinates>-48.179979,-5.275799,0 -48.179612,-5.274713,0</coordinates></LineString></Placemark>
<Placemark><name>12119060</name><styleUrl>#styleDaimonCIRCUITO77TRECHO</styleUrl><LineString><coordinates>-48.180808,-5.278137,0 -48.180786,-5.278127,0</coordinates></LineString></Placemark>
<Placemark><name>2506275</name><styleUrl>#styleDaimonCIRCUITO77TRECHO</styleUrl><LineString><coordinates>-48.179612,-5.274713,0 -48.179351,-5.273858,0</coordinates></LineString></Placemark>
<Placemark><name>2712788</name><styleUrl>#styleDaimonCIRCUITO77TRECHO</styleUrl><LineString><coordinates>-48.181306,-5.277971,0 -48.180808,-5.278137,0</coordinates></LineString></Placemark>
<Placemark><name>2711116</name><styleUrl>#styleDaimonCIRCUITO77TRECHO</styleUrl><LineString><coordinates>-48.179351,-5.273858,0 -48.179154,-5.273321,0</coordinates></LineString></Placemark>
<Placemark><name>30122444</name><styleUrl>#styleDaimonCIRCUITO77TRECHO</styleUrl><LineString><coordinates>-48.181857,-5.277785,0 -48.181306,-5.277971,0</coordinates></LineString></Placemark>
<Placemark><name>2708239</name><styleUrl>#styleDaimonCIRCUITO77TRECHO</styleUrl><LineString><coordinates>-48.179154,-5.273321,0 -48.178980,-5.272815,0</coordinates></LineString></Placemark>
<Placemark><name>2712551</name><styleUrl>#styleDaimonCIRCUITO77TRECHO</styleUrl><LineString><coordinates>-48.182864,-5.277463,0 -48.181857,-5.277785,0</coordinates></LineString></Placemark>
<Placemark><name>2708240</name><styleUrl>#styleDaimonCIRCUITO77TRECHO</styleUrl><LineString><coordinates>-48.178980,-5.272815,0 -48.178799,-5.272298,0</coordinates></LineString></Placemark>
<Placemark><name>2712550</name><styleUrl>#styleDaimonCIRCUITO77TRECHO</styleUrl><LineString><coordinates>-48.183986,-5.277101,0 -48.182864,-5.277463,0</coordinates></LineString></Placemark>
<Placemark><name>2708241</name><styleUrl>#styleDaimonCIRCUITO77TRECHO</styleUrl><LineString><coordinates>-48.178799,-5.272298,0 -48.178619,-5.271739,0</coordinates></LineString></Placemark>
<Placemark><name>2712549</name><styleUrl>#styleDaimonCIRCUITO77TRECHO</styleUrl><LineString><coordinates>-48.185131,-5.276724,0 -48.183986,-5.277101,0</coordinates></LineString></Placemark>
<Placemark><name>2708242</name><styleUrl>#styleDaimonCIRCUITO77TRECHO</styleUrl><LineString><coordinates>-48.178619,-5.271739,0 -48.178482,-5.271355,0</coordinates></LineString></Placemark>
<Placemark><name>12119059</name><styleUrl>#styleDaimonCIRCUITO77TRECHO</styleUrl><LineString><coordinates>-48.185151,-5.276736,0 -48.185131,-5.276724,0</coordinates></LineString></Placemark>
<Placemark><name>12119061</name><styleUrl>#styleDaimonCIRCUITO77TRECHO</styleUrl><LineString><coordinates>-48.178482,-5.271355,0 -48.178462,-5.271332,0</coordinates></LineString></Placemark>
<Placemark><name>2712546</name><styleUrl>#styleDaimonCIRCUITO77TRECHO</styleUrl><LineString><coordinates>-48.185366,-5.277718,0 -48.185151,-5.276736,0</coordinates></LineString></Placemark>
<Placemark><name>2708243</name><styleUrl>#styleDaimonCIRCUITO77TRECHO</styleUrl><LineString><coordinates>-48.178462,-5.271332,0 -48.178057,-5.271147,0</coordinates></LineString></Placemark>
<Placemark><name>2712548</name><styleUrl>#styleDaimonCIRCUITO77TRECHO</styleUrl><LineString><coordinates>-48.185578,-5.278459,0 -48.185366,-5.277718,0</coordinates></LineString></Placemark>
<Placemark><name>2708244</name><styleUrl>#styleDaimonCIRCUITO77TRECHO</styleUrl><LineString><coordinates>-48.178057,-5.271147,0 -48.177651,-5.270973,0</coordinates></LineString></Placemark>
<Placemark><name>2708253</name><styleUrl>#styleDaimonCIRCUITO77TRECHO</styleUrl><LineString><coordinates>-48.185866,-5.279711,0 -48.185578,-5.278459,0</coordinates></LineString></Placemark>
<Placemark><name>2708245</name><styleUrl>#styleDaimonCIRCUITO77TRECHO</styleUrl><LineString><coordinates>-48.177651,-5.270973,0 -48.176564,-5.270503,0</coordinates></LineString></Placemark>
<Placemark><name>2708255</name><styleUrl>#styleDaimonCIRCUITO77TRECHO</styleUrl><LineString><coordinates>-48.186060,-5.280707,0 -48.185866,-5.279711,0</coordinates></LineString></Placemark>
<Placemark><name>2708246</name><styleUrl>#styleDaimonCIRCUITO77TRECHO</styleUrl><LineString><coordinates>-48.176564,-5.270503,0 -48.175401,-5.269990,0</coordinates></LineString></Placemark>
<Placemark><name>2708641</name><styleUrl>#styleDaimonCIRCUITO77TRECHO</styleUrl><LineString><coordinates>-48.186339,-5.282005,0 -48.186060,-5.280707,0</coordinates></LineString></Placemark>
<Placemark><name>12119062</name><styleUrl>#styleDaimonCIRCUITO77TRECHO</styleUrl><LineString><coordinates>-48.186339,-5.282005,0 -48.186356,-5.282001,0</coordinates></LineString></Placemark>
<Placemark><name>2708639</name><styleUrl>#styleDaimonCIRCUITO77TRECHO</styleUrl><LineString><coordinates>-48.186563,-5.283014,0 -48.186339,-5.282005,0</coordinates></LineString></Placemark>
<Placemark><name>2708256</name><styleUrl>#styleDaimonCIRCUITO77TRECHO</styleUrl><LineString><coordinates>-48.186356,-5.282001,0 -48.187036,-5.281816,0</coordinates></LineString></Placemark>
<Placemark><name>3616673</name><styleUrl>#styleDaimonCIRCUITO77TRECHO</styleUrl><LineString><coordinates>-48.186818,-5.284069,0 -48.186563,-5.283014,0</coordinates></LineString></Placemark>
<Placemark><name>2708416</name><styleUrl>#styleDaimonCIRCUITO77TRECHO</styleUrl><LineString><coordinates>-48.200454,-5.281227,0 -48.200527,-5.280672,0</coordinates></LineString></Placemark>
<Placemark><name>45164421</name><styleUrl>#styleDaimonCIRCUITO77TRECHO</styleUrl><LineString><coordinates>-48.202632,-5.260029,0 -48.202487,-5.259833,0</coordinates></LineString></Placemark>
<Placemark><name>2504768</name><styleUrl>#styleDaimonCIRCUITO77TRECHO</styleUrl><LineString><coordinates>-48.202487,-5.259833,0 -48.202304,-5.259586,0</coordinates></LineString></Placemark>
<Placemark><name>2710525</name><styleUrl>#styleDaimonCIRCUITO77TRECHO</styleUrl><LineString><coordinates>-48.202304,-5.259586,0 -48.202266,-5.259536,0</coordinates></LineString></Placemark>
<Placemark><name>2504769</name><styleUrl>#styleDaimonCIRCUITO77TRECHO</styleUrl><LineString><coordinates>-48.202266,-5.259536,0 -48.202161,-5.259391,0</coordinates></LineString></Placemark>
<Placemark><name>2504771</name><styleUrl>#styleDaimonCIRCUITO77TRECHO</styleUrl><LineString><coordinates>-48.202266,-5.259536,0 -48.202407,-5.259426,0</coordinates></LineString></Placemark>
<Placemark><name>45164672</name><styleUrl>#styleDaimonCIRCUITO77TRECHO</styleUrl><LineString><coordinates>-48.202266,-5.259536,0 -48.202126,-5.259648,0</coordinates></LineString></Placemark>
<Placemark><name>2709587</name><styleUrl>#styleDaimonCIRCUITO77TRECHO</styleUrl><LineString><coordinates>-48.202407,-5.259426,0 -48.202545,-5.259315,0</coordinates></LineString></Placemark>
<Placemark><name>2709586</name><styleUrl>#styleDaimonCIRCUITO77TRECHO</styleUrl><LineString><coordinates>-48.202545,-5.259315,0 -48.202835,-5.259083,0</coordinates></LineString></Placemark>
<Placemark><name>2708591</name><styleUrl>#styleDaimonCIRCUITO77TRECHO</styleUrl><LineString><coordinates>-48.202835,-5.259083,0 -48.203106,-5.258866,0</coordinates></LineString></Placemark>
<Placemark><name>2709015</name><styleUrl>#styleDaimonCIRCUITO77TRECHO</styleUrl><LineString><coordinates>-48.203106,-5.258866,0 -48.203346,-5.258675,0</coordinates></LineString></Placemark>
<Placemark><name>2709016</name><styleUrl>#styleDaimonCIRCUITO77TRECHO</styleUrl><LineString><coordinates>-48.203346,-5.258675,0 -48.203671,-5.258414,0</coordinates></LineString></Placemark>
<Placemark><name>2709785</name><styleUrl>#styleDaimonCIRCUITO77TRECHO</styleUrl><LineString><coordinates>-48.203671,-5.258414,0 -48.203917,-5.258217,0</coordinates></LineString></Placemark>
<Placemark><name>2708640</name><styleUrl>#styleDaimonCIRCUITO77TRECHO</styleUrl><LineString><coordinates>-48.187105,-5.281791,0 -48.187723,-5.281559,0</coordinates></LineString></Placemark>
<Placemark><name>2712547</name><styleUrl>#styleDaimonCIRCUITO77TRECHO</styleUrl><LineString><coordinates>-48.185339,-5.277717,0 -48.185095,-5.277704,0</coordinates></LineString></Placemark>
<Placemark><name>30122416</name><styleUrl>#styleDaimonCIRCUITO77TRECHO</styleUrl><LineString><coordinates>-48.181693,-5.278846,0 -48.182085,-5.279719,0</coordinates></LineString></Placemark>
<Placemark><name>30122419</name><styleUrl>#styleDaimonCIRCUITO77TRECHO</styleUrl><LineString><coordinates>-48.182085,-5.279719,0 -48.182452,-5.280603,0</coordinates></LineString></Placemark>
<Placemark><name>30122413</name><styleUrl>#styleDaimonCIRCUITO77TRECHO</styleUrl><LineString><coordinates>-48.181346,-5.278059,0 -48.181693,-5.278846,0</coordinates></LineString></Placemark>
<Placemark><name>30122428</name><styleUrl>#styleDaimonCIRCUITO77TRECHO</styleUrl><LineString><coordinates>-48.182452,-5.280603,0 -48.181860,-5.280927,0</coordinates></LineString></Placemark>
<Placemark><name>2708247</name><styleUrl>#styleDaimonCIRCUITO77TRECHO</styleUrl><LineString><coordinates>-48.175306,-5.270003,0 -48.174450,-5.270119,0</coordinates></LineString></Placemark>
<Placemark><name>2779559</name><styleUrl>#styleDaimonCIRCUITO77TRECHO</styleUrl><LineString><coordinates>-48.186828,-5.271699,0 -48.187426,-5.270567,0</coordinates></LineString></Placemark>
<Placemark><name>2779555</name><styleUrl>#styleDaimonCIRCUITO77TRECHO</styleUrl><LineString><coordinates>-48.187426,-5.270567,0 -48.188022,-5.269437,0</coordinates></LineString></Placemark>
<Placemark><name>2779551</name><styleUrl>#styleDaimonCIRCUITO77TRECHO</styleUrl><LineString><coordinates>-48.185954,-5.272112,0 -48.186828,-5.271699,0</coordinates></LineString></Placemark>
<Placemark><name>2779442</name><styleUrl>#styleDaimonCIRCUITO77TRECHO</styleUrl><LineString><coordinates>-48.188022,-5.269437,0 -48.188540,-5.268454,0</coordinates></LineString></Placemark>
<Placemark><name>2779563</name><styleUrl>#styleDaimonCIRCUITO77TRECHO</styleUrl><LineString><coordinates>-48.185019,-5.272540,0 -48.185954,-5.272112,0</coordinates></LineString></Placemark>
<Placemark><name>2779564</name><styleUrl>#styleDaimonCIRCUITO77TRECHO</styleUrl><LineString><coordinates>-48.188540,-5.268454,0 -48.189030,-5.267520,0</coordinates></LineString></Placemark>
<Placemark><name>12119086</name><styleUrl>#styleDaimonCIRCUITO77TRECHO</styleUrl><LineString><coordinates>-48.185010,-5.272572,0 -48.185019,-5.272540,0</coordinates></LineString></Placemark>
<Placemark><name>12119088</name><styleUrl>#styleDaimonCIRCUITO77TRECHO</styleUrl><LineString><coordinates>-48.189030,-5.267520,0 -48.189046,-5.267493,0</coordinates></LineString></Placemark>
<Placemark><name>2779441</name><styleUrl>#styleDaimonCIRCUITO77TRECHO</styleUrl><LineString><coordinates>-48.184793,-5.273065,0 -48.185010,-5.272572,0</coordinates></LineString></Placemark>
<Placemark><name>2779552</name><styleUrl>#styleDaimonCIRCUITO77TRECHO</styleUrl><LineString><coordinates>-48.189046,-5.267493,0 -48.188813,-5.266411,0</coordinates></LineString></Placemark>
<Placemark><name>2779554</name><styleUrl>#styleDaimonCIRCUITO77TRECHO</styleUrl><LineString><coordinates>-48.184283,-5.274224,0 -48.184793,-5.273065,0</coordinates></LineString></Placemark>
<Placemark><name>2779560</name><styleUrl>#styleDaimonCIRCUITO77TRECHO</styleUrl><LineString><coordinates>-48.188813,-5.266411,0 -48.188593,-5.265371,0</coordinates></LineString></Placemark>
<Placemark><name>2779558</name><styleUrl>#styleDaimonCIRCUITO77TRECHO</styleUrl><LineString><coordinates>-48.183857,-5.275198,0 -48.184283,-5.274224,0</coordinates></LineString></Placemark>
<Placemark><name>12119087</name><styleUrl>#styleDaimonCIRCUITO77TRECHO</styleUrl><LineString><coordinates>-48.188593,-5.265371,0 -48.188625,-5.265376,0</coordinates></LineString></Placemark>
<Placemark><name>2779561</name><styleUrl>#styleDaimonCIRCUITO77TRECHO</styleUrl><LineString><coordinates>-48.188593,-5.265371,0 -48.188358,-5.264250,0</coordinates></LineString></Placemark>
<Placemark><name>2779445</name><styleUrl>#styleDaimonCIRCUITO77TRECHO</styleUrl><LineString><coordinates>-48.183373,-5.276308,0 -48.183857,-5.275198,0</coordinates></LineString></Placemark>
<Placemark><name>2779556</name><styleUrl>#styleDaimonCIRCUITO77TRECHO</styleUrl><LineString><coordinates>-48.188625,-5.265376,0 -48.189830,-5.265507,0</coordinates></LineString></Placemark>
<Placemark><name>2779557</name><styleUrl>#styleDaimonCIRCUITO77TRECHO</styleUrl><LineString><coordinates>-48.188358,-5.264250,0 -48.188111,-5.263013,0</coordinates></LineString></Placemark>
<Placemark><name>2779562</name><styleUrl>#styleDaimonCIRCUITO77TRECHO</styleUrl><LineString><coordinates>-48.182915,-5.277347,0 -48.183373,-5.276308,0</coordinates></LineString></Placemark>
<Placemark><name>2779443</name><styleUrl>#styleDaimonCIRCUITO77TRECHO</styleUrl><LineString><coordinates>-48.189830,-5.265507,0 -48.190681,-5.265599,0</coordinates></LineString></Placemark>
<Placemark><name>2779444</name><styleUrl>#styleDaimonCIRCUITO77TRECHO</styleUrl><LineString><coordinates>-48.188111,-5.263013,0 -48.187831,-5.261725,0</coordinates></LineString></Placemark>
<Placemark><name>2779565</name><styleUrl>#styleDaimonCIRCUITO77TRECHO</styleUrl><LineString><coordinates>-48.190681,-5.265599,0 -48.191454,-5.265683,0</coordinates></LineString></Placemark>
<Placemark><name>2779566</name><styleUrl>#styleDaimonCIRCUITO77TRECHO</styleUrl><LineString><coordinates>-48.187831,-5.261725,0 -48.187586,-5.260548,0</coordinates></LineString></Placemark>
<Placemark><name>2779553</name><styleUrl>#styleDaimonCIRCUITO77TRECHO</styleUrl><LineString><coordinates>-48.191454,-5.265683,0 -48.192729,-5.266403,0</coordinates></LineString></Placemark>
<Placemark><name>2709382</name><styleUrl>#styleDaimonCIRCUITO77TRECHO</styleUrl><LineString><coordinates>-48.205141,-5.260025,0 -48.205312,-5.260259,0</coordinates></LineString></Placemark>
<Placemark><name>2709381</name><styleUrl>#styleDaimonCIRCUITO77TRECHO</styleUrl><LineString><coordinates>-48.205312,-5.260259,0 -48.205467,-5.260469,0</coordinates></LineString></Placemark>
<Placemark><name>2709383</name><styleUrl>#styleDaimonCIRCUITO77TRECHO</styleUrl><LineString><coordinates>-48.204977,-5.259802,0 -48.205141,-5.260025,0</coordinates></LineString></Placemark>
<Placemark><name>2709797</name><styleUrl>#styleDaimonCIRCUITO77TRECHO</styleUrl><LineString><coordinates>-48.204735,-5.259473,0 -48.204977,-5.259802,0</coordinates></LineString></Placemark>
<Placemark><name>12070616</name><styleUrl>#styleDaimonCIRCUITO77TRECHO</styleUrl><LineString><coordinates>-48.204749,-5.259463,0 -48.204735,-5.259473,0</coordinates></LineString></Placemark>
<Placemark><name>2708801</name><styleUrl>#styleDaimonCIRCUITO77TRECHO</styleUrl><LineString><coordinates>-48.204735,-5.259473,0 -48.204500,-5.259151,0</coordinates></LineString></Placemark>
<Placemark><name>2504787</name><styleUrl>#styleDaimonCIRCUITO77TRECHO</styleUrl><LineString><coordinates>-48.204810,-5.259409,0 -48.204749,-5.259463,0</coordinates></LineString></Placemark>
<Placemark><name>2504786</name><styleUrl>#styleDaimonCIRCUITO77TRECHO</styleUrl><LineString><coordinates>-48.204810,-5.259409,0 -48.204917,-5.259555,0</coordinates></LineString></Placemark>
<Placemark><name>2504785</name><styleUrl>#styleDaimonCIRCUITO77TRECHO</styleUrl><LineString><coordinates>-48.204667,-5.259212,0 -48.204810,-5.259409,0</coordinates></LineString></Placemark>
<Placemark><name>3475206</name><styleUrl>#styleDaimonCIRCUITO77TRECHO</styleUrl><LineString><coordinates>-48.204810,-5.259409,0 -48.204866,-5.259378,0</coordinates></LineString></Placemark>
<Placemark><name>51167419</name><styleUrl>#styleDaimonCIRCUITO77TRECHO</styleUrl><LineString><coordinates>-48.204917,-5.259555,0 -48.204915,-5.259575,0</coordinates></LineString></Placemark>
<Placemark><name>2708813</name><styleUrl>#styleDaimonCIRCUITO77TRECHO</styleUrl><LineString><coordinates>-48.204420,-5.258875,0 -48.204667,-5.259212,0</coordinates></LineString></Placemark>
<Placemark><name>3475207</name><styleUrl>#styleDaimonCIRCUITO77TRECHO</styleUrl><LineString><coordinates>-48.204866,-5.259378,0 -48.204985,-5.259285,0</coordinates></LineString></Placemark>
<Placemark><name>51167393</name><styleUrl>#styleDaimonCIRCUITO77TRECHO</styleUrl><LineString><coordinates>-48.204915,-5.259575,0 -48.204692,-5.259744,0</coordinates></LineString></Placemark>
<Placemark><name>2708814</name><styleUrl>#styleDaimonCIRCUITO77TRECHO</styleUrl><LineString><coordinates>-48.204186,-5.258556,0 -48.204420,-5.258875,0</coordinates></LineString></Placemark>
<Placemark><name>2708803</name><styleUrl>#styleDaimonCIRCUITO77TRECHO</styleUrl><LineString><coordinates>-48.204985,-5.259285,0 -48.205325,-5.259031,0</coordinates></LineString></Placemark>
<Placemark><name>51167385</name><styleUrl>#styleDaimonCIRCUITO77TRECHO</styleUrl><LineString><coordinates>-48.204692,-5.259744,0 -48.204676,-5.259757,0</coordinates></LineString></Placemark>
<Placemark><name>2708816</name><styleUrl>#styleDaimonCIRCUITO77TRECHO</styleUrl><LineString><coordinates>-48.203944,-5.258251,0 -48.204186,-5.258556,0</coordinates></LineString></Placemark>
<Placemark><name>51167370</name><styleUrl>#styleDaimonCIRCUITO77TRECHO</styleUrl><LineString><coordinates>-48.204676,-5.259757,0 -48.204436,-5.259955,0</coordinates></LineString></Placemark>
<Placemark><name>51167362</name><styleUrl>#styleDaimonCIRCUITO77TRECHO</styleUrl><LineString><coordinates>-48.204436,-5.259955,0 -48.204167,-5.260194,0</coordinates></LineString></Placemark>
<Placemark><name>2708635</name><styleUrl>#styleDaimonCIRCUITO77TRECHO</styleUrl><LineString><coordinates>-48.201963,-5.259124,0 -48.201741,-5.258824,0</coordinates></LineString></Placemark>
<Placemark><name>2708634</name><styleUrl>#styleDaimonCIRCUITO77TRECHO</styleUrl><LineString><coordinates>-48.201741,-5.258824,0 -48.201537,-5.258521,0</coordinates></LineString></Placemark>
<Placemark><name>2708637</name><styleUrl>#styleDaimonCIRCUITO77TRECHO</styleUrl><LineString><coordinates>-48.202170,-5.259404,0 -48.201963,-5.259124,0</coordinates></LineString></Placemark>
<Placemark><name>2708633</name><styleUrl>#styleDaimonCIRCUITO77TRECHO</styleUrl><LineString><coordinates>-48.201537,-5.258521,0 -48.201322,-5.258200,0</coordinates></LineString></Placemark>
<Placemark><name>2708632</name><styleUrl>#styleDaimonCIRCUITO77TRECHO</styleUrl><LineString><coordinates>-48.201322,-5.258200,0 -48.201137,-5.257924,0</coordinates></LineString></Placemark>
<Placemark><name>2710529</name><styleUrl>#styleDaimonCIRCUITO77TRECHO</styleUrl><LineString><coordinates>-48.201137,-5.257924,0 -48.200896,-5.257565,0</coordinates></LineString></Placemark>
<Placemark><name>2710528</name><styleUrl>#styleDaimonCIRCUITO77TRECHO</styleUrl><LineString><coordinates>-48.200896,-5.257565,0 -48.200730,-5.257319,0</coordinates></LineString></Placemark>
<Placemark><name>2506699</name><styleUrl>#styleDaimonCIRCUITO77TRECHO</styleUrl><LineString><coordinates>-48.200730,-5.257319,0 -48.200522,-5.257009,0</coordinates></LineString></Placemark>
<Placemark><name>2506697</name><styleUrl>#styleDaimonCIRCUITO77TRECHO</styleUrl><LineString><coordinates>-48.200522,-5.257009,0 -48.200318,-5.256706,0</coordinates></LineString></Placemark>
<Placemark><name>2506695</name><styleUrl>#styleDaimonCIRCUITO77TRECHO</styleUrl><LineString><coordinates>-48.200318,-5.256706,0 -48.200128,-5.256421,0</coordinates></LineString></Placemark>
<Placemark><name>2506694</name><styleUrl>#styleDaimonCIRCUITO77TRECHO</styleUrl><LineString><coordinates>-48.200128,-5.256421,0 -48.199933,-5.256132,0</coordinates></LineString></Placemark>
<Placemark><name>2709794</name><styleUrl>#styleDaimonCIRCUITO77TRECHO</styleUrl><LineString><coordinates>-48.207866,-5.257121,0 -48.208203,-5.256868,0</coordinates></LineString></Placemark>
<Placemark><name>2709952</name><styleUrl>#styleDaimonCIRCUITO77TRECHO</styleUrl><LineString><coordinates>-48.208203,-5.256868,0 -48.208529,-5.256623,0</coordinates></LineString></Placemark>
<Placemark><name>2709793</name><styleUrl>#styleDaimonCIRCUITO77TRECHO</styleUrl><LineString><coordinates>-48.207543,-5.257364,0 -48.207866,-5.257121,0</coordinates></LineString></Placemark>
<Placemark><name>2708763</name><styleUrl>#styleDaimonCIRCUITO77TRECHO</styleUrl><LineString><coordinates>-48.208529,-5.256623,0 -48.208853,-5.256379,0</coordinates></LineString></Placemark>
<Placemark><name>2709576</name><styleUrl>#styleDaimonCIRCUITO77TRECHO</styleUrl><LineString><coordinates>-48.207309,-5.257486,0 -48.207543,-5.257364,0</coordinates></LineString></Placemark>
<Placemark><name>2708764</name><styleUrl>#styleDaimonCIRCUITO77TRECHO</styleUrl><LineString><coordinates>-48.208853,-5.256379,0 -48.209136,-5.256438,0</coordinates></LineString></Placemark>
<Placemark><name>2709792</name><styleUrl>#styleDaimonCIRCUITO77TRECHO</styleUrl><LineString><coordinates>-48.207049,-5.257681,0 -48.207309,-5.257486,0</coordinates></LineString></Placemark>
<Placemark><name>2709791</name><styleUrl>#styleDaimonCIRCUITO77TRECHO</styleUrl><LineString><coordinates>-48.206791,-5.257929,0 -48.207049,-5.257681,0</coordinates></LineString></Placemark>
<Placemark><name>12070625</name><styleUrl>#styleDaimonCIRCUITO77TRECHO</styleUrl><LineString><coordinates>-48.206770,-5.257945,0 -48.206791,-5.257929,0</coordinates></LineString></Placemark>
<Placemark><name>2504845</name><styleUrl>#styleDaimonCIRCUITO77TRECHO</styleUrl><LineString><coordinates>-48.206651,-5.258034,0 -48.206770,-5.257945,0</coordinates></LineString></Placemark>
<Placemark><name>2504846</name><styleUrl>#styleDaimonCIRCUITO77TRECHO</styleUrl><LineString><coordinates>-48.206651,-5.258034,0 -48.206779,-5.258220,0</coordinates></LineString></Placemark>
<Placemark><name>3155766</name><styleUrl>#styleDaimonCIRCUITO77TRECHO</styleUrl><LineString><coordinates>-48.206461,-5.258176,0 -48.206651,-5.258034,0</coordinates></LineString></Placemark>
<Placemark><name>2504847</name><styleUrl>#styleDaimonCIRCUITO77TRECHO</styleUrl><LineString><coordinates>-48.206651,-5.258034,0 -48.206471,-5.257798,0</coordinates></LineString></Placemark>
<Placemark><name>3155765</name><styleUrl>#styleDaimonCIRCUITO77TRECHO</styleUrl><LineString><coordinates>-48.206180,-5.258388,0 -48.206461,-5.258176,0</coordinates></LineString></Placemark>
<Placemark><name>12070626</name><styleUrl>#styleDaimonCIRCUITO77TRECHO</styleUrl><LineString><coordinates>-48.206158,-5.258404,0 -48.206180,-5.258388,0</coordinates></LineString></Placemark>
<Placemark><name>2709018</name><styleUrl>#styleDaimonCIRCUITO77TRECHO</styleUrl><LineString><coordinates>-48.205877,-5.258616,0 -48.206158,-5.258404,0</coordinates></LineString></Placemark>
<Placemark><name>2709017</name><styleUrl>#styleDaimonCIRCUITO77TRECHO</styleUrl><LineString><coordinates>-48.205589,-5.258831,0 -48.205877,-5.258616,0</coordinates></LineString></Placemark>
<Placemark><name>2680743</name><styleUrl>#styleDaimonCIRCUITO77TRECHO</styleUrl><LineString><coordinates>-48.205294,-5.259053,0 -48.205589,-5.258831,0</coordinates></LineString></Placemark>
<Placemark><name>12119173</name><styleUrl>#styleDaimonCIRCUITO77TRECHO</styleUrl><LineString><coordinates>-48.206264,-5.260750,0 -48.206275,-5.260764,0</coordinates></LineString></Placemark>
<Placemark><name>2709789</name><styleUrl>#styleDaimonCIRCUITO77TRECHO</styleUrl><LineString><coordinates>-48.206275,-5.260764,0 -48.206352,-5.260864,0</coordinates></LineString></Placemark>
<Placemark><name>2708809</name><styleUrl>#styleDaimonCIRCUITO77TRECHO</styleUrl><LineString><coordinates>-48.206264,-5.260750,0 -48.206538,-5.260552,0</coordinates></LineString></Placemark>
<Placemark><name>2708810</name><styleUrl>#styleDaimonCIRCUITO77TRECHO</styleUrl><LineString><coordinates>-48.206087,-5.260878,0 -48.206264,-5.260750,0</coordinates></LineString></Placemark>
<Placemark><name>12119073</name><styleUrl>#styleDaimonCIRCUITO77TRECHO</styleUrl><LineString><coordinates>-48.206352,-5.260864,0 -48.206372,-5.260891,0</coordinates></LineString></Placemark>
<Placemark><name>2708808</name><styleUrl>#styleDaimonCIRCUITO77TRECHO</styleUrl><LineString><coordinates>-48.206538,-5.260552,0 -48.206764,-5.260389,0</coordinates></LineString></Placemark>
<Placemark><name>2709004</name><styleUrl>#styleDaimonCIRCUITO77TRECHO</styleUrl><LineString><coordinates>-48.205890,-5.261018,0 -48.206087,-5.260878,0</coordinates></LineString></Placemark>
<Placemark><name>2710323</name><styleUrl>#styleDaimonCIRCUITO77TRECHO</styleUrl><LineString><coordinates>-48.206372,-5.260891,0 -48.206513,-5.261075,0</coordinates></LineString></Placemark>
<Placemark><name>2708805</name><styleUrl>#styleDaimonCIRCUITO77TRECHO</styleUrl><LineString><coordinates>-48.206764,-5.260389,0 -48.206997,-5.260221,0</coordinates></LineString></Placemark>
<Placemark><name>12070615</name><styleUrl>#styleDaimonCIRCUITO77TRECHO</styleUrl><LineString><coordinates>-48.205878,-5.261029,0 -48.205890,-5.261018,0</coordinates></LineString></Placemark>
<Placemark><name>2710322</name><styleUrl>#styleDaimonCIRCUITO77TRECHO</styleUrl><LineString><coordinates>-48.206513,-5.261075,0 -48.206666,-5.261277,0</coordinates></LineString></Placemark>
<Placemark><name>2708631</name><styleUrl>#styleDaimonCIRCUITO77TRECHO</styleUrl><LineString><coordinates>-48.206997,-5.260221,0 -48.207197,-5.260076,0</coordinates></LineString></Placemark>
<Placemark><name>2709009</name><styleUrl>#styleDaimonCIRCUITO77TRECHO</styleUrl><LineString><coordinates>-48.205878,-5.261029,0 -48.206039,-5.261250,0</coordinates></LineString></Placemark>
<Placemark><name>2709013</name><styleUrl>#styleDaimonCIRCUITO77TRECHO</styleUrl><LineString><coordinates>-48.205683,-5.260764,0 -48.205878,-5.261029,0</coordinates></LineString></Placemark>
<Placemark><name>2709780</name><styleUrl>#styleDaimonCIRCUITO77TRECHO</styleUrl><LineString><coordinates>-48.206666,-5.261277,0 -48.206812,-5.261466,0</coordinates></LineString></Placemark>
<Placemark><name>2709001</name><styleUrl>#styleDaimonCIRCUITO77TRECHO</styleUrl><LineString><coordinates>-48.207197,-5.260076,0 -48.207581,-5.259800,0</coordinates></LineString></Placemark>
<Placemark><name>2709379</name><styleUrl>#styleDaimonCIRCUITO77TRECHO</styleUrl><LineString><coordinates>-48.205489,-5.260499,0 -48.205683,-5.260764,0</coordinates></LineString></Placemark>
<Placemark><name>2504764</name><styleUrl>#styleDaimonCIRCUITO77TRECHO</styleUrl><LineString><coordinates>-48.206812,-5.261466,0 -48.207010,-5.261727,0</coordinates></LineString></Placemark>
<Placemark><name>2504823</name><styleUrl>#styleDaimonCIRCUITO77TRECHO</styleUrl><LineString><coordinates>-48.207581,-5.259800,0 -48.207761,-5.259668,0</coordinates></LineString></Placemark>
<Placemark><name>2504824</name><styleUrl>#styleDaimonCIRCUITO77TRECHO</styleUrl><LineString><coordinates>-48.207761,-5.259668,0 -48.207914,-5.259559,0</coordinates></LineString></Placemark>
<Placemark><name>2504826</name><styleUrl>#styleDaimonCIRCUITO77TRECHO</styleUrl><LineString><coordinates>-48.207761,-5.259668,0 -48.207837,-5.259768,0</coordinates></LineString></Placemark>
<Placemark><name>2504825</name><styleUrl>#styleDaimonCIRCUITO77TRECHO</styleUrl><LineString><coordinates>-48.207761,-5.259668,0 -48.207571,-5.259408,0</coordinates></LineString></Placemark>
<Placemark><name>12070727</name><styleUrl>#styleDaimonCIRCUITO77TRECHO</styleUrl><LineString><coordinates>-48.207914,-5.259559,0 -48.207942,-5.259539,0</coordinates></LineString></Placemark>
<Placemark><name>2708757</name><styleUrl>#styleDaimonCIRCUITO77TRECHO</styleUrl><LineString><coordinates>-48.207837,-5.259768,0 -48.207978,-5.259962,0</coordinates></LineString></Placemark>
<Placemark><name>2709000</name><styleUrl>#styleDaimonCIRCUITO77TRECHO</styleUrl><LineString><coordinates>-48.207942,-5.259539,0 -48.208261,-5.259309,0</coordinates></LineString></Placemark>
<Placemark><name>2708756</name><styleUrl>#styleDaimonCIRCUITO77TRECHO</styleUrl><LineString><coordinates>-48.207978,-5.259962,0 -48.208155,-5.260202,0</coordinates></LineString></Placemark>
<Placemark><name>2708817</name><styleUrl>#styleDaimonCIRCUITO77TRECHO</styleUrl><LineString><coordinates>-48.208261,-5.259309,0 -48.208561,-5.259092,0</coordinates></LineString></Placemark>
<Placemark><name>2708755</name><styleUrl>#styleDaimonCIRCUITO77TRECHO</styleUrl><LineString><coordinates>-48.208155,-5.260202,0 -48.208299,-5.260398,0</coordinates></LineString></Placemark>
<Placemark><name>2708815</name><styleUrl>#styleDaimonCIRCUITO77TRECHO</styleUrl><LineString><coordinates>-48.208561,-5.259092,0 -48.208878,-5.258863,0</coordinates></LineString></Placemark>
<Placemark><name>37276497</name><styleUrl>#styleDaimonCIRCUITO77TRECHO</styleUrl><LineString><coordinates>-48.208299,-5.260398,0 -48.208468,-5.260627,0</coordinates></LineString></Placemark>
<Placemark><name>2708812</name><styleUrl>#styleDaimonCIRCUITO77TRECHO</styleUrl><LineString><coordinates>-48.208878,-5.258863,0 -48.209316,-5.258547,0</coordinates></LineString></Placemark>
<Placemark><name>2708747</name><styleUrl>#styleDaimonCIRCUITO77TRECHO</styleUrl><LineString><coordinates>-48.208468,-5.260627,0 -48.208520,-5.260697,0</coordinates></LineString></Placemark>
<Placemark><name>37276602</name><styleUrl>#styleDaimonCIRCUITO77TRECHO</styleUrl><LineString><coordinates>-48.208468,-5.260627,0 -48.208374,-5.260702,0</coordinates></LineString></Placemark>
<Placemark><name>37276591</name><styleUrl>#styleDaimonCIRCUITO77TRECHO</styleUrl><LineString><coordinates>-48.208468,-5.260627,0 -48.208662,-5.260475,0</coordinates></LineString></Placemark>
<Placemark><name>2708811</name><styleUrl>#styleDaimonCIRCUITO77TRECHO</styleUrl><LineString><coordinates>-48.209316,-5.258547,0 -48.209627,-5.258323,0</coordinates></LineString></Placemark>
<Placemark><name>2708746</name><styleUrl>#styleDaimonCIRCUITO77TRECHO</styleUrl><LineString><coordinates>-48.208520,-5.260697,0 -48.208691,-5.260930,0</coordinates></LineString></Placemark>
<Placemark><name>2708745</name><styleUrl>#styleDaimonCIRCUITO77TRECHO</styleUrl><LineString><coordinates>-48.208691,-5.260930,0 -48.208994,-5.261340,0</coordinates></LineString></Placemark>
<Placemark><name>2708744</name><styleUrl>#styleDaimonCIRCUITO77TRECHO</styleUrl><LineString><coordinates>-48.208994,-5.261340,0 -48.209245,-5.261682,0</coordinates></LineString></Placemark>
<Placemark><name>2708465</name><styleUrl>#styleDaimonCIRCUITO77TRECHO</styleUrl><LineString><coordinates>-48.209245,-5.261682,0 -48.209485,-5.262013,0</coordinates></LineString></Placemark>
<Placemark><name>12070620</name><styleUrl>#styleDaimonCIRCUITO77TRECHO</styleUrl><LineString><coordinates>-48.209485,-5.262013,0 -48.209497,-5.262026,0</coordinates></LineString></Placemark>
<Placemark><name>2708464</name><styleUrl>#styleDaimonCIRCUITO77TRECHO</styleUrl><LineString><coordinates>-48.209497,-5.262026,0 -48.209816,-5.261825,0</coordinates></LineString></Placemark>
<Placemark><name>2708621</name><styleUrl>#styleDaimonCIRCUITO77TRECHO</styleUrl><LineString><coordinates>-48.209497,-5.262026,0 -48.209107,-5.262272,0</coordinates></LineString></Placemark>
<Placemark><name>2708748</name><styleUrl>#styleDaimonCIRCUITO77TRECHO</styleUrl><LineString><coordinates>-48.209816,-5.261825,0 -48.210188,-5.261590,0</coordinates></LineString></Placemark>
<Placemark><name>2506221</name><styleUrl>#styleDaimonCIRCUITO77TRECHO</styleUrl><LineString><coordinates>-48.199819,-5.255814,0 -48.199740,-5.255463,0</coordinates></LineString></Placemark>
<Placemark><name>2506693</name><styleUrl>#styleDaimonCIRCUITO77TRECHO</styleUrl><LineString><coordinates>-48.199923,-5.256101,0 -48.199819,-5.255814,0</coordinates></LineString></Placemark>
<Placemark><name>58080739</name><styleUrl>#styleDaimonCIRCUITO77TRECHO</styleUrl><LineString><coordinates>-48.199740,-5.255463,0 -48.199694,-5.255274,0</coordinates></LineString></Placemark>
<Placemark><name>58080758</name><styleUrl>#styleDaimonCIRCUITO77TRECHO</styleUrl><LineString><coordinates>-48.199694,-5.255274,0 -48.199886,-5.255209,0</coordinates></LineString></Placemark>
<Placemark><name>58080748</name><styleUrl>#styleDaimonCIRCUITO77TRECHO</styleUrl><LineString><coordinates>-48.199694,-5.255274,0 -48.199588,-5.255309,0</coordinates></LineString></Placemark>
<Placemark><name>2506179</name><styleUrl>#styleDaimonCIRCUITO77TRECHO</styleUrl><LineString><coordinates>-48.199694,-5.255274,0 -48.199651,-5.255100,0</coordinates></LineString></Placemark>
<Placemark><name>2506178</name><styleUrl>#styleDaimonCIRCUITO77TRECHO</styleUrl><LineString><coordinates>-48.199651,-5.255100,0 -48.199553,-5.254758,0</coordinates></LineString></Placemark>
<Placemark><name>2506177</name><styleUrl>#styleDaimonCIRCUITO77TRECHO</styleUrl><LineString><coordinates>-48.199553,-5.254758,0 -48.199506,-5.254555,0</coordinates></LineString></Placemark>
<Placemark><name>12084199</name><styleUrl>#styleDaimonCIRCUITO77TRECHO</styleUrl><LineString><coordinates>-48.199506,-5.254555,0 -48.199502,-5.254535,0</coordinates></LineString></Placemark>
<Placemark><name>3651007</name><styleUrl>#styleDaimonCIRCUITO77TRECHO</styleUrl><LineString><coordinates>-48.199502,-5.254535,0 -48.199467,-5.254395,0</coordinates></LineString></Placemark>
<Placemark><name>3647573</name><styleUrl>#styleDaimonCIRCUITO77TRECHO</styleUrl><LineString><coordinates>-48.199467,-5.254395,0 -48.199646,-5.254344,0</coordinates></LineString></Placemark>
<Placemark><name>3647570</name><styleUrl>#styleDaimonCIRCUITO77TRECHO</styleUrl><LineString><coordinates>-48.199467,-5.254395,0 -48.199305,-5.254416,0</coordinates></LineString></Placemark>
<Placemark><name>3647572</name><styleUrl>#styleDaimonCIRCUITO77TRECHO</styleUrl><LineString><coordinates>-48.199467,-5.254395,0 -48.199454,-5.254347,0</coordinates></LineString></Placemark>
<Placemark><name>3647571</name><styleUrl>#styleDaimonCIRCUITO77TRECHO</styleUrl><LineString><coordinates>-48.199305,-5.254416,0 -48.198928,-5.254498,0</coordinates></LineString></Placemark>
<Placemark><name>3651269</name><styleUrl>#styleDaimonCIRCUITO77TRECHO</styleUrl><LineString><coordinates>-48.198928,-5.254498,0 -48.198459,-5.254586,0</coordinates></LineString></Placemark>
<Placemark><name>3647574</name><styleUrl>#styleDaimonCIRCUITO77TRECHO</styleUrl><LineString><coordinates>-48.198459,-5.254586,0 -48.198180,-5.254654,0</coordinates></LineString></Placemark>
<Placemark><name>3651268</name><styleUrl>#styleDaimonCIRCUITO77TRECHO</styleUrl><LineString><coordinates>-48.198180,-5.254654,0 -48.197932,-5.254705,0</coordinates></LineString></Placemark>
<Placemark><name>3647575</name><styleUrl>#styleDaimonCIRCUITO77TRECHO</styleUrl><LineString><coordinates>-48.197932,-5.254705,0 -48.197622,-5.254764,0</coordinates></LineString></Placemark>
<Placemark><name>49991129</name><styleUrl>#styleDaimonCIRCUITO77TRECHO</styleUrl><LineString><coordinates>-48.208854,-5.256376,0 -48.208855,-5.256344,0</coordinates></LineString></Placemark>
<Placemark><name>2710319</name><styleUrl>#styleDaimonCIRCUITO77TRECHO</styleUrl><LineString><coordinates>-48.209147,-5.256441,0 -48.209238,-5.256464,0</coordinates></LineString></Placemark>
<Placemark><name>2709946</name><styleUrl>#styleDaimonCIRCUITO77TRECHO</styleUrl><LineString><coordinates>-48.209238,-5.256464,0 -48.209230,-5.256499,0</coordinates></LineString></Placemark>
<Placemark><name>24502133</name><styleUrl>#styleDaimonCIRCUITO77TRECHO</styleUrl><LineString><coordinates>-48.209238,-5.256464,0 -48.209101,-5.256468,0</coordinates></LineString></Placemark>
<Placemark><name>12070618</name><styleUrl>#styleDaimonCIRCUITO77TRECHO</styleUrl><LineString><coordinates>-48.206242,-5.257373,0 -48.206232,-5.257360,0</coordinates></LineString></Placemark>
<Placemark><name>2709950</name><styleUrl>#styleDaimonCIRCUITO77TRECHO</styleUrl><LineString><coordinates>-48.206232,-5.257360,0 -48.205982,-5.257543,0</coordinates></LineString></Placemark>
<Placemark><name>2709949</name><styleUrl>#styleDaimonCIRCUITO77TRECHO</styleUrl><LineString><coordinates>-48.206232,-5.257360,0 -48.206648,-5.257055,0</coordinates></LineString></Placemark>
<Placemark><name>2709951</name><styleUrl>#styleDaimonCIRCUITO77TRECHO</styleUrl><LineString><coordinates>-48.206449,-5.257756,0 -48.206242,-5.257373,0</coordinates></LineString></Placemark>
<Placemark><name>20916232</name><styleUrl>#styleDaimonCIRCUITO77TRECHO</styleUrl><LineString><coordinates>-48.206648,-5.257055,0 -48.206794,-5.256948,0</coordinates></LineString></Placemark>
<Placemark><name>2708955</name><styleUrl>#styleDaimonCIRCUITO77TRECHO</styleUrl><LineString><coordinates>-48.206794,-5.256948,0 -48.206902,-5.256869,0</coordinates></LineString></Placemark>
<Placemark><name>20916242</name><styleUrl>#styleDaimonCIRCUITO77TRECHO</styleUrl><LineString><coordinates>-48.206902,-5.256869,0 -48.207092,-5.256731,0</coordinates></LineString></Placemark>
<Placemark><name>37276533</name><styleUrl>#styleDaimonCIRCUITO77TRECHO</styleUrl><LineString><coordinates>-48.207444,-5.261371,0 -48.207204,-5.261539,0</coordinates></LineString></Placemark>
<Placemark><name>37276534</name><styleUrl>#styleDaimonCIRCUITO77TRECHO</styleUrl><LineString><coordinates>-48.207701,-5.261193,0 -48.207444,-5.261371,0</coordinates></LineString></Placemark>
<Placemark><name>37276532</name><styleUrl>#styleDaimonCIRCUITO77TRECHO</styleUrl><LineString><coordinates>-48.207204,-5.261539,0 -48.207039,-5.261667,0</coordinates></LineString></Placemark>
<Placemark><name>37276535</name><styleUrl>#styleDaimonCIRCUITO77TRECHO</styleUrl><LineString><coordinates>-48.207960,-5.260992,0 -48.207701,-5.261193,0</coordinates></LineString></Placemark>
<Placemark><name>37276506</name><styleUrl>#styleDaimonCIRCUITO77TRECHO</styleUrl><LineString><coordinates>-48.207039,-5.261667,0 -48.206738,-5.261889,0</coordinates></LineString></Placemark>
<Placemark><name>37276536</name><styleUrl>#styleDaimonCIRCUITO77TRECHO</styleUrl><LineString><coordinates>-48.208183,-5.260832,0 -48.207960,-5.260992,0</coordinates></LineString></Placemark>
<Placemark><name>37276516</name><styleUrl>#styleDaimonCIRCUITO77TRECHO</styleUrl><LineString><coordinates>-48.208382,-5.260694,0 -48.208183,-5.260832,0</coordinates></LineString></Placemark>
<Placemark><name>3661797</name><styleUrl>#styleDaimonCIRCUITO77TRECHO</styleUrl><LineString><coordinates>-48.199653,-5.255100,0 -48.199669,-5.255095,0</coordinates></LineString></Placemark>
<Placemark><name>58080807</name><styleUrl>#styleDaimonCIRCUITO77TRECHO</styleUrl><LineString><coordinates>-48.200532,-5.254987,0 -48.200444,-5.254732,0</coordinates></LineString></Placemark>
<Placemark><name>58080862</name><styleUrl>#styleDaimonCIRCUITO77TRECHO</styleUrl><LineString><coordinates>-48.200444,-5.254732,0 -48.200411,-5.254596,0</coordinates></LineString></Placemark>
<Placemark><name>58080851</name><styleUrl>#styleDaimonCIRCUITO77TRECHO</styleUrl><LineString><coordinates>-48.200511,-5.254996,0 -48.200532,-5.254987,0</coordinates></LineString></Placemark>
<Placemark><name>58080794</name><styleUrl>#styleDaimonCIRCUITO77TRECHO</styleUrl><LineString><coordinates>-48.200532,-5.254987,0 -48.200663,-5.255295,0</coordinates></LineString></Placemark>
<Placemark><name>58080817</name><styleUrl>#styleDaimonCIRCUITO77TRECHO</styleUrl><LineString><coordinates>-48.200210,-5.255098,0 -48.200511,-5.254996,0</coordinates></LineString></Placemark>
<Placemark><name>58080768</name><styleUrl>#styleDaimonCIRCUITO77TRECHO</styleUrl><LineString><coordinates>-48.199919,-5.255199,0 -48.200210,-5.255098,0</coordinates></LineString></Placemark>
<Placemark><name>2506668</name><styleUrl>#styleDaimonCIRCUITO77TRECHO</styleUrl><LineString><coordinates>-48.225349,-5.243069,0 -48.225654,-5.242744,0</coordinates></LineString></Placemark>
<Placemark><name>2506669</name><styleUrl>#styleDaimonCIRCUITO77TRECHO</styleUrl><LineString><coordinates>-48.225654,-5.242744,0 -48.225935,-5.242399,0</coordinates></LineString></Placemark>
<Placemark><name>2506667</name><styleUrl>#styleDaimonCIRCUITO77TRECHO</styleUrl><LineString><coordinates>-48.225070,-5.243416,0 -48.225349,-5.243069,0</coordinates></LineString></Placemark>
<Placemark><name>2506670</name><styleUrl>#styleDaimonCIRCUITO77TRECHO</styleUrl><LineString><coordinates>-48.225935,-5.242399,0 -48.226966,-5.241542,0</coordinates></LineString></Placemark>
<Placemark><name>2506666</name><styleUrl>#styleDaimonCIRCUITO77TRECHO</styleUrl><LineString><coordinates>-48.224766,-5.243765,0 -48.225070,-5.243416,0</coordinates></LineString></Placemark>
<Placemark><name>2506671</name><styleUrl>#styleDaimonCIRCUITO77TRECHO</styleUrl><LineString><coordinates>-48.226966,-5.241542,0 -48.227983,-5.240703,0</coordinates></LineString></Placemark>
<Placemark><name>2506665</name><styleUrl>#styleDaimonCIRCUITO77TRECHO</styleUrl><LineString><coordinates>-48.224496,-5.244095,0 -48.224766,-5.243765,0</coordinates></LineString></Placemark>
<Placemark><name>12119171</name><styleUrl>#styleDaimonCIRCUITO77TRECHO</styleUrl><LineString><coordinates>-48.227983,-5.240703,0 -48.228005,-5.240679,0</coordinates></LineString></Placemark>
<Placemark><name>2506664</name><styleUrl>#styleDaimonCIRCUITO77TRECHO</styleUrl><LineString><coordinates>-48.224200,-5.244455,0 -48.224496,-5.244095,0</coordinates></LineString></Placemark>
<Placemark><name>2506672</name><styleUrl>#styleDaimonCIRCUITO77TRECHO</styleUrl><LineString><coordinates>-48.228005,-5.240679,0 -48.228267,-5.240325,0</coordinates></LineString></Placemark>
<Placemark><name>2506193</name><styleUrl>#styleDaimonCIRCUITO77TRECHO</styleUrl><LineString><coordinates>-48.223923,-5.244797,0 -48.224200,-5.244455,0</coordinates></LineString></Placemark>
<Placemark><name>2506673</name><styleUrl>#styleDaimonCIRCUITO77TRECHO</styleUrl><LineString><coordinates>-48.228267,-5.240325,0 -48.228542,-5.239964,0</coordinates></LineString></Placemark>
<Placemark><name>2506192</name><styleUrl>#styleDaimonCIRCUITO77TRECHO</styleUrl><LineString><coordinates>-48.223647,-5.245128,0 -48.223923,-5.244797,0</coordinates></LineString></Placemark>
<Placemark><name>2506674</name><styleUrl>#styleDaimonCIRCUITO77TRECHO</styleUrl><LineString><coordinates>-48.228542,-5.239964,0 -48.228816,-5.239604,0</coordinates></LineString></Placemark>
<Placemark><name>2506191</name><styleUrl>#styleDaimonCIRCUITO77TRECHO</styleUrl><LineString><coordinates>-48.223370,-5.245483,0 -48.223647,-5.245128,0</coordinates></LineString></Placemark>
<Placemark><name>2506675</name><styleUrl>#styleDaimonCIRCUITO77TRECHO</styleUrl><LineString><coordinates>-48.228816,-5.239604,0 -48.229091,-5.239230,0</coordinates></LineString></Placemark>
<Placemark><name>2506190</name><styleUrl>#styleDaimonCIRCUITO77TRECHO</styleUrl><LineString><coordinates>-48.223059,-5.245812,0 -48.223370,-5.245483,0</coordinates></LineString></Placemark>
<Placemark><name>2506676</name><styleUrl>#styleDaimonCIRCUITO77TRECHO</styleUrl><LineString><coordinates>-48.229091,-5.239230,0 -48.229430,-5.238799,0</coordinates></LineString></Placemark>
<Placemark><name>2506189</name><styleUrl>#styleDaimonCIRCUITO77TRECHO</styleUrl><LineString><coordinates>-48.222704,-5.246069,0 -48.223059,-5.245812,0</coordinates></LineString></Placemark>
<Placemark><name>2506677</name><styleUrl>#styleDaimonCIRCUITO77TRECHO</styleUrl><LineString><coordinates>-48.229430,-5.238799,0 -48.229728,-5.238400,0</coordinates></LineString></Placemark>
<Placemark><name>2506188</name><styleUrl>#styleDaimonCIRCUITO77TRECHO</styleUrl><LineString><coordinates>-48.222333,-5.246346,0 -48.222704,-5.246069,0</coordinates></LineString></Placemark>
<Placemark><name>2506678</name><styleUrl>#styleDaimonCIRCUITO77TRECHO</styleUrl><LineString><coordinates>-48.229728,-5.238400,0 -48.229997,-5.237991,0</coordinates></LineString></Placemark>
<Placemark><name>2506187</name><styleUrl>#styleDaimonCIRCUITO77TRECHO</styleUrl><LineString><coordinates>-48.221991,-5.246594,0 -48.222333,-5.246346,0</coordinates></LineString></Placemark>
<Placemark><name>2506679</name><styleUrl>#styleDaimonCIRCUITO77TRECHO</styleUrl><LineString><coordinates>-48.229997,-5.237991,0 -48.230315,-5.237592,0</coordinates></LineString></Placemark>
<Placemark><name>12119170</name><styleUrl>#styleDaimonCIRCUITO77TRECHO</styleUrl><LineString><coordinates>-48.221963,-5.246614,0 -48.221991,-5.246594,0</coordinates></LineString></Placemark>
<Placemark><name>12119172</name><styleUrl>#styleDaimonCIRCUITO77TRECHO</styleUrl><LineString><coordinates>-48.230315,-5.237592,0 -48.230335,-5.237565,0</coordinates></LineString></Placemark>
<Placemark><name>2506186</name><styleUrl>#styleDaimonCIRCUITO77TRECHO</styleUrl><LineString><coordinates>-48.221614,-5.246876,0 -48.221963,-5.246614,0</coordinates></LineString></Placemark>
<Placemark><name>2506707</name><styleUrl>#styleDaimonCIRCUITO77TRECHO</styleUrl><LineString><coordinates>-48.230335,-5.237565,0 -48.230619,-5.237181,0</coordinates></LineString></Placemark>
<Placemark><name>2506185</name><styleUrl>#styleDaimonCIRCUITO77TRECHO</styleUrl><LineString><coordinates>-48.221376,-5.246998,0 -48.221614,-5.246876,0</coordinates></LineString></Placemark>
<Placemark><name>2506708</name><styleUrl>#styleDaimonCIRCUITO77TRECHO</styleUrl><LineString><coordinates>-48.230619,-5.237181,0 -48.230985,-5.236729,0</coordinates></LineString></Placemark>
<Placemark><name>12119082</name><styleUrl>#styleDaimonCIRCUITO77TRECHO</styleUrl><LineString><coordinates>-48.221346,-5.246996,0 -48.221376,-5.246998,0</coordinates></LineString></Placemark>
<Placemark><name>2506709</name><styleUrl>#styleDaimonCIRCUITO77TRECHO</styleUrl><LineString><coordinates>-48.230985,-5.236729,0 -48.231506,-5.236039,0</coordinates></LineString></Placemark>
<Placemark><name>2506184</name><styleUrl>#styleDaimonCIRCUITO77TRECHO</styleUrl><LineString><coordinates>-48.220868,-5.246703,0 -48.221346,-5.246996,0</coordinates></LineString></Placemark>
<Placemark><name>2506710</name><styleUrl>#styleDaimonCIRCUITO77TRECHO</styleUrl><LineString><coordinates>-48.231506,-5.236039,0 -48.232444,-5.235437,0</coordinates></LineString></Placemark>
<Placemark><name>12119081</name><styleUrl>#styleDaimonCIRCUITO77TRECHO</styleUrl><LineString><coordinates>-48.220853,-5.246694,0 -48.220868,-5.246703,0</coordinates></LineString></Placemark>
<Placemark><name>2506711</name><styleUrl>#styleDaimonCIRCUITO77TRECHO</styleUrl><LineString><coordinates>-48.232444,-5.235437,0 -48.233365,-5.234853,0</coordinates></LineString></Placemark>
<Placemark><name>2506182</name><styleUrl>#styleDaimonCIRCUITO77TRECHO</styleUrl><LineString><coordinates>-48.219581,-5.247536,0 -48.220853,-5.246694,0</coordinates></LineString></Placemark>
<Placemark><name>2506183</name><styleUrl>#styleDaimonCIRCUITO77TRECHO</styleUrl><LineString><coordinates>-48.220853,-5.246694,0 -48.221605,-5.246165,0</coordinates></LineString></Placemark>
<Placemark><name>2506712</name><styleUrl>#styleDaimonCIRCUITO77TRECHO</styleUrl><LineString><coordinates>-48.233365,-5.234853,0 -48.233765,-5.234545,0</coordinates></LineString></Placemark>
<Placemark><name>12119083</name><styleUrl>#styleDaimonCIRCUITO77TRECHO</styleUrl><LineString><coordinates>-48.219581,-5.247536,0 -48.219591,-5.247566,0</coordinates></LineString></Placemark>
<Placemark><name>2506181</name><styleUrl>#styleDaimonCIRCUITO77TRECHO</styleUrl><LineString><coordinates>-48.218491,-5.248268,0 -48.219581,-5.247536,0</coordinates></LineString></Placemark>
<Placemark><name>2506194</name><styleUrl>#styleDaimonCIRCUITO77TRECHO</styleUrl><LineString><coordinates>-48.233765,-5.234545,0 -48.234110,-5.234344,0</coordinates></LineString></Placemark>
<Placemark><name>2773495</name><styleUrl>#styleDaimonCIRCUITO77TRECHO</styleUrl><LineString><coordinates>-48.219591,-5.247566,0 -48.219739,-5.248050,0</coordinates></LineString></Placemark>
<Placemark><name>12119080</name><styleUrl>#styleDaimonCIRCUITO77TRECHO</styleUrl><LineString><coordinates>-48.218461,-5.248286,0 -48.218491,-5.248268,0</coordinates></LineString></Placemark>
<Placemark><name>2506195</name><styleUrl>#styleDaimonCIRCUITO77TRECHO</styleUrl><LineString><coordinates>-48.234110,-5.234344,0 -48.234567,-5.234216,0</coordinates></LineString></Placemark>
<Placemark><name>2773496</name><styleUrl>#styleDaimonCIRCUITO77TRECHO</styleUrl><LineString><coordinates>-48.219739,-5.248050,0 -48.220059,-5.249102,0</coordinates></LineString></Placemark>
<Placemark><name>2506180</name><styleUrl>#styleDaimonCIRCUITO77TRECHO</styleUrl><LineString><coordinates>-48.217096,-5.249035,0 -48.218461,-5.248286,0</coordinates></LineString></Placemark>
<Placemark><name>2506196</name><styleUrl>#styleDaimonCIRCUITO77TRECHO</styleUrl><LineString><coordinates>-48.234567,-5.234216,0 -48.235014,-5.234130,0</coordinates></LineString></Placemark>
<Placemark><name>12119084</name><styleUrl>#styleDaimonCIRCUITO77TRECHO</styleUrl><LineString><coordinates>-48.220059,-5.249102,0 -48.220078,-5.249130,0</coordinates></LineString></Placemark>
<Placemark><name>2506140</name><styleUrl>#styleDaimonCIRCUITO77TRECHO</styleUrl><LineString><coordinates>-48.215796,-5.249743,0 -48.217096,-5.249035,0</coordinates></LineString></Placemark>
<Placemark><name>2506578</name><styleUrl>#styleDaimonCIRCUITO77TRECHO</styleUrl><LineString><coordinates>-48.235014,-5.234130,0 -48.235437,-5.234016,0</coordinates></LineString></Placemark>
<Placemark><name>2773497</name><styleUrl>#styleDaimonCIRCUITO77TRECHO</styleUrl><LineString><coordinates>-48.220078,-5.249130,0 -48.221009,-5.249936,0</coordinates></LineString></Placemark>
<Placemark><name>2709417</name><styleUrl>#styleDaimonCIRCUITO77TRECHO</styleUrl><LineString><coordinates>-48.214406,-5.250499,0 -48.215796,-5.249743,0</coordinates></LineString></Placemark>
<Placemark><name>2506579</name><styleUrl>#styleDaimonCIRCUITO77TRECHO</styleUrl><LineString><coordinates>-48.235437,-5.234016,0 -48.235880,-5.233935,0</coordinates></LineString></Placemark>
<Placemark><name>2773498</name><styleUrl>#styleDaimonCIRCUITO77TRECHO</styleUrl><LineString><coordinates>-48.221009,-5.249936,0 -48.221951,-5.250749,0</coordinates></LineString></Placemark>
<Placemark><name>2709416</name><styleUrl>#styleDaimonCIRCUITO77TRECHO</styleUrl><LineString><coordinates>-48.212869,-5.251326,0 -48.214406,-5.250499,0</coordinates></LineString></Placemark>
<Placemark><name>2506580</name><styleUrl>#styleDaimonCIRCUITO77TRECHO</styleUrl><LineString><coordinates>-48.235880,-5.233935,0 -48.236334,-5.233815,0</coordinates></LineString></Placemark>
<Placemark><name>12119085</name><styleUrl>#styleDaimonCIRCUITO77TRECHO</styleUrl><LineString><coordinates>-48.221951,-5.250749,0 -48.221983,-5.250759,0</coordinates></LineString></Placemark>
<Placemark><name>12119078</name><styleUrl>#styleDaimonCIRCUITO77TRECHO</styleUrl><LineString><coordinates>-48.212848,-5.251351,0 -48.212869,-5.251326,0</coordinates></LineString></Placemark>
<Placemark><name>2506581</name><styleUrl>#styleDaimonCIRCUITO77TRECHO</styleUrl><LineString><coordinates>-48.236334,-5.233815,0 -48.236845,-5.233679,0</coordinates></LineString></Placemark>
<Placemark><name>2773499</name><styleUrl>#styleDaimonCIRCUITO77TRECHO</styleUrl><LineString><coordinates>-48.221983,-5.250759,0 -48.223213,-5.250577,0</coordinates></LineString></Placemark>
<Placemark><name>12119079</name><styleUrl>#styleDaimonCIRCUITO77TRECHO</styleUrl><LineString><coordinates>-48.212848,-5.251351,0 -48.212840,-5.251326,0</coordinates></LineString></Placemark>
<Placemark><name>3565001</name><styleUrl>#styleDaimonCIRCUITO77TRECHO</styleUrl><LineString><coordinates>-48.212345,-5.252632,0 -48.212848,-5.251351,0</coordinates></LineString></Placemark>
<Placemark><name>2506582</name><styleUrl>#styleDaimonCIRCUITO77TRECHO</styleUrl><LineString><coordinates>-48.236845,-5.233679,0 -48.237259,-5.233570,0</coordinates></LineString></Placemark>
<Placemark><name>2773500</name><styleUrl>#styleDaimonCIRCUITO77TRECHO</styleUrl><LineString><coordinates>-48.223213,-5.250577,0 -48.224314,-5.250413,0</coordinates></LineString></Placemark>
<Placemark><name>2710984</name><styleUrl>#styleDaimonCIRCUITO77TRECHO</styleUrl><LineString><coordinates>-48.212840,-5.251326,0 -48.212659,-5.251194,0</coordinates></LineString></Placemark>
<Placemark><name>3567033</name><styleUrl>#styleDaimonCIRCUITO77TRECHO</styleUrl><LineString><coordinates>-48.211850,-5.253900,0 -48.212345,-5.252632,0</coordinates></LineString></Placemark>
<Placemark><name>2506583</name><styleUrl>#styleDaimonCIRCUITO77TRECHO</styleUrl><LineString><coordinates>-48.237259,-5.233570,0 -48.237836,-5.233389,0</coordinates></LineString></Placemark>
<Placemark><name>12119077</name><styleUrl>#styleDaimonCIRCUITO77TRECHO</styleUrl><LineString><coordinates>-48.211827,-5.253922,0 -48.211850,-5.253900,0</coordinates></LineString></Placemark>
<Placemark><name>2506584</name><styleUrl>#styleDaimonCIRCUITO77TRECHO</styleUrl><LineString><coordinates>-48.237836,-5.233389,0 -48.238452,-5.233228,0</coordinates></LineString></Placemark>
<Placemark><name>2710981</name><styleUrl>#styleDaimonCIRCUITO77TRECHO</styleUrl><LineString><coordinates>-48.210157,-5.254453,0 -48.211827,-5.253922,0</coordinates></LineString></Placemark>
<Placemark><name>2506585</name><styleUrl>#styleDaimonCIRCUITO77TRECHO</styleUrl><LineString><coordinates>-48.238452,-5.233228,0 -48.239333,-5.232958,0</coordinates></LineString></Placemark>
<Placemark><name>2710982</name><styleUrl>#styleDaimonCIRCUITO77TRECHO</styleUrl><LineString><coordinates>-48.208983,-5.254818,0 -48.210157,-5.254453,0</coordinates></LineString></Placemark>
<Placemark><name>2506586</name><styleUrl>#styleDaimonCIRCUITO77TRECHO</styleUrl><LineString><coordinates>-48.239333,-5.232958,0 -48.240272,-5.232783,0</coordinates></LineString></Placemark>
<Placemark><name>12119076</name><styleUrl>#styleDaimonCIRCUITO77TRECHO</styleUrl><LineString><coordinates>-48.208949,-5.254827,0 -48.208983,-5.254818,0</coordinates></LineString></Placemark>
<Placemark><name>2506587</name><styleUrl>#styleDaimonCIRCUITO77TRECHO</styleUrl><LineString><coordinates>-48.240272,-5.232783,0 -48.241145,-5.232624,0</coordinates></LineString></Placemark>
<Placemark><name>2710983</name><styleUrl>#styleDaimonCIRCUITO77TRECHO</styleUrl><LineString><coordinates>-48.208865,-5.256193,0 -48.208949,-5.254827,0</coordinates></LineString></Placemark>
<Placemark><name>2506588</name><styleUrl>#styleDaimonCIRCUITO77TRECHO</styleUrl><LineString><coordinates>-48.241145,-5.232624,0 -48.241576,-5.232546,0</coordinates></LineString></Placemark>
<Placemark><name>2506589</name><styleUrl>#styleDaimonCIRCUITO77TRECHO</styleUrl><LineString><coordinates>-48.241576,-5.232546,0 -48.242059,-5.232487,0</coordinates></LineString></Placemark>
<Placemark><name>2506590</name><styleUrl>#styleDaimonCIRCUITO77TRECHO</styleUrl><LineString><coordinates>-48.242059,-5.232487,0 -48.242430,-5.232393,0</coordinates></LineString></Placemark>
<Placemark><name>12118841</name><styleUrl>#styleDaimonCIRCUITO77TRECHO</styleUrl><LineString><coordinates>-48.242430,-5.232393,0 -48.242464,-5.232387,0</coordinates></LineString></Placemark>
<Placemark><name>2506591</name><styleUrl>#styleDaimonCIRCUITO77TRECHO</styleUrl><LineString><coordinates>-48.242464,-5.232387,0 -48.242903,-5.232324,0</coordinates></LineString></Placemark>
<Placemark><name>2506592</name><styleUrl>#styleDaimonCIRCUITO77TRECHO</styleUrl><LineString><coordinates>-48.242903,-5.232324,0 -48.243368,-5.232251,0</coordinates></LineString></Placemark>
<Placemark><name>2506628</name><styleUrl>#styleDaimonCIRCUITO77TRECHO</styleUrl><LineString><coordinates>-48.243368,-5.232251,0 -48.243783,-5.232157,0</coordinates></LineString></Placemark>
<Placemark><name>2506629</name><styleUrl>#styleDaimonCIRCUITO77TRECHO</styleUrl><LineString><coordinates>-48.243783,-5.232157,0 -48.244200,-5.232074,0</coordinates></LineString></Placemark>
<Placemark><name>2506630</name><styleUrl>#styleDaimonCIRCUITO77TRECHO</styleUrl><LineString><coordinates>-48.244200,-5.232074,0 -48.244668,-5.231986,0</coordinates></LineString></Placemark>
<Placemark><name>2506631</name><styleUrl>#styleDaimonCIRCUITO77TRECHO</styleUrl><LineString><coordinates>-48.244668,-5.231986,0 -48.245118,-5.231920,0</coordinates></LineString></Placemark>
<Placemark><name>2506632</name><styleUrl>#styleDaimonCIRCUITO77TRECHO</styleUrl><LineString><coordinates>-48.245118,-5.231920,0 -48.245499,-5.231841,0</coordinates></LineString></Placemark>
<Placemark><name>2506633</name><styleUrl>#styleDaimonCIRCUITO77TRECHO</styleUrl><LineString><coordinates>-48.245499,-5.231841,0 -48.245963,-5.231765,0</coordinates></LineString></Placemark>
<Placemark><name>2506634</name><styleUrl>#styleDaimonCIRCUITO77TRECHO</styleUrl><LineString><coordinates>-48.245963,-5.231765,0 -48.247049,-5.231568,0</coordinates></LineString></Placemark>
<Placemark><name>2506635</name><styleUrl>#styleDaimonCIRCUITO77TRECHO</styleUrl><LineString><coordinates>-48.247049,-5.231568,0 -48.248146,-5.231362,0</coordinates></LineString></Placemark>
<Placemark><name>2506636</name><styleUrl>#styleDaimonCIRCUITO77TRECHO</styleUrl><LineString><coordinates>-48.248146,-5.231362,0 -48.249504,-5.231258,0</coordinates></LineString></Placemark>
<Placemark><name>2506637</name><styleUrl>#styleDaimonCIRCUITO77TRECHO</styleUrl><LineString><coordinates>-48.249504,-5.231258,0 -48.250825,-5.231163,0</coordinates></LineString></Placemark>
<Placemark><name>2506638</name><styleUrl>#styleDaimonCIRCUITO77TRECHO</styleUrl><LineString><coordinates>-48.250825,-5.231163,0 -48.251315,-5.231119,0</coordinates></LineString></Placemark>
<Placemark><name>2506639</name><styleUrl>#styleDaimonCIRCUITO77TRECHO</styleUrl><LineString><coordinates>-48.251315,-5.231119,0 -48.251682,-5.231052,0</coordinates></LineString></Placemark>
<Placemark><name>2506640</name><styleUrl>#styleDaimonCIRCUITO77TRECHO</styleUrl><LineString><coordinates>-48.251682,-5.231052,0 -48.252303,-5.231021,0</coordinates></LineString></Placemark>
<Placemark><name>2506641</name><styleUrl>#styleDaimonCIRCUITO77TRECHO</styleUrl><LineString><coordinates>-48.252303,-5.231021,0 -48.252972,-5.230995,0</coordinates></LineString></Placemark>
<Placemark><name>2506642</name><styleUrl>#styleDaimonCIRCUITO77TRECHO</styleUrl><LineString><coordinates>-48.252972,-5.230995,0 -48.253487,-5.230926,0</coordinates></LineString></Placemark>
<Placemark><name>2506643</name><styleUrl>#styleDaimonCIRCUITO77TRECHO</styleUrl><LineString><coordinates>-48.253487,-5.230926,0 -48.253909,-5.230910,0</coordinates></LineString></Placemark>
<Placemark><name>2506644</name><styleUrl>#styleDaimonCIRCUITO77TRECHO</styleUrl><LineString><coordinates>-48.253909,-5.230910,0 -48.254328,-5.231146,0</coordinates></LineString></Placemark>
<Placemark><name>2506645</name><styleUrl>#styleDaimonCIRCUITO77TRECHO</styleUrl><LineString><coordinates>-48.254328,-5.231146,0 -48.254663,-5.231398,0</coordinates></LineString></Placemark>
<Placemark><name>12118842</name><styleUrl>#styleDaimonCIRCUITO77TRECHO</styleUrl><LineString><coordinates>-48.254663,-5.231398,0 -48.254692,-5.231402,0</coordinates></LineString></Placemark>
<Placemark><name>2506646</name><styleUrl>#styleDaimonCIRCUITO77TRECHO</styleUrl><LineString><coordinates>-48.254692,-5.231402,0 -48.254903,-5.231332,0</coordinates></LineString></Placemark>
<Placemark><name>45216392</name><styleUrl>#styleDaimonCIRCUITO77TRECHO</styleUrl><LineString><coordinates>-48.206849,-5.256796,0 -48.206936,-5.256764,0</coordinates></LineString></Placemark>
<Placemark><name>23681453</name><styleUrl>#styleDaimonCIRCUITO77TRECHO</styleUrl><LineString><coordinates>-48.206897,-5.256862,0 -48.206849,-5.256796,0</coordinates></LineString></Placemark>
<Placemark><name>24583620</name><styleUrl>#styleDaimonCIRCUITO77TRECHO</styleUrl><LineString><coordinates>-48.206609,-5.257001,0 -48.206463,-5.256986,0</coordinates></LineString></Placemark>
<Placemark><name>2709392</name><styleUrl>#styleDaimonCIRCUITO77TRECHO</styleUrl><LineString><coordinates>-48.206609,-5.257001,0 -48.206576,-5.257019,0</coordinates></LineString></Placemark>
<Placemark><name>2708956</name><styleUrl>#styleDaimonCIRCUITO77TRECHO</styleUrl><LineString><coordinates>-48.206645,-5.257050,0 -48.206609,-5.257001,0</coordinates></LineString></Placemark>
<Placemark><name>2506141</name><styleUrl>#styleDaimonCIRCUITO77TRECHO</styleUrl><LineString><coordinates>-48.217088,-5.249023,0 -48.217011,-5.248900,0</coordinates></LineString></Placemark>
<Placemark><name>3613461</name><styleUrl>#styleDaimonCIRCUITO77TRECHO</styleUrl><LineString><coordinates>-48.212623,-5.251163,0 -48.212285,-5.250884,0</coordinates></LineString></Placemark>
<Placemark><name>3613460</name><styleUrl>#styleDaimonCIRCUITO77TRECHO</styleUrl><LineString><coordinates>-48.212285,-5.250884,0 -48.211988,-5.250635,0</coordinates></LineString></Placemark>
<Placemark><name>12118844</name><styleUrl>#styleDaimonCIRCUITO77TRECHO</styleUrl><LineString><coordinates>-48.257731,-5.229894,0 -48.257757,-5.229876,0</coordinates></LineString></Placemark>
<Placemark><name>2710989</name><styleUrl>#styleDaimonCIRCUITO77TRECHO</styleUrl><LineString><coordinates>-48.257757,-5.229876,0 -48.258809,-5.229658,0</coordinates></LineString></Placemark>
<Placemark><name>2710988</name><styleUrl>#styleDaimonCIRCUITO77TRECHO</styleUrl><LineString><coordinates>-48.257288,-5.230628,0 -48.257731,-5.229894,0</coordinates></LineString></Placemark>
<Placemark><name>2710990</name><styleUrl>#styleDaimonCIRCUITO77TRECHO</styleUrl><LineString><coordinates>-48.258809,-5.229658,0 -48.259867,-5.229468,0</coordinates></LineString></Placemark>
<Placemark><name>12118843</name><styleUrl>#styleDaimonCIRCUITO77TRECHO</styleUrl><LineString><coordinates>-48.257263,-5.230644,0 -48.257288,-5.230628,0</coordinates></LineString></Placemark>
<Placemark><name>2710991</name><styleUrl>#styleDaimonCIRCUITO77TRECHO</styleUrl><LineString><coordinates>-48.259867,-5.229468,0 -48.260728,-5.229307,0</coordinates></LineString></Placemark>
<Placemark><name>2710987</name><styleUrl>#styleDaimonCIRCUITO77TRECHO</styleUrl><LineString><coordinates>-48.256303,-5.230693,0 -48.257263,-5.230644,0</coordinates></LineString></Placemark>
<Placemark><name>2710992</name><styleUrl>#styleDaimonCIRCUITO77TRECHO</styleUrl><LineString><coordinates>-48.260728,-5.229307,0 -48.261608,-5.229129,0</coordinates></LineString></Placemark>
<Placemark><name>2710986</name><styleUrl>#styleDaimonCIRCUITO77TRECHO</styleUrl><LineString><coordinates>-48.255566,-5.230886,0 -48.256303,-5.230693,0</coordinates></LineString></Placemark>
<Placemark><name>2710993</name><styleUrl>#styleDaimonCIRCUITO77TRECHO</styleUrl><LineString><coordinates>-48.261608,-5.229129,0 -48.262513,-5.228987,0</coordinates></LineString></Placemark>
<Placemark><name>2710985</name><styleUrl>#styleDaimonCIRCUITO77TRECHO</styleUrl><LineString><coordinates>-48.254970,-5.231288,0 -48.255566,-5.230886,0</coordinates></LineString></Placemark>
<Placemark><name>2708136</name><styleUrl>#styleDaimonCIRCUITO77TRECHO</styleUrl><LineString><coordinates>-48.262513,-5.228987,0 -48.263394,-5.228822,0</coordinates></LineString></Placemark>
<Placemark><name>2708137</name><styleUrl>#styleDaimonCIRCUITO77TRECHO</styleUrl><LineString><coordinates>-48.263394,-5.228822,0 -48.264271,-5.228672,0</coordinates></LineString></Placemark>
<Placemark><name>2708138</name><styleUrl>#styleDaimonCIRCUITO77TRECHO</styleUrl><LineString><coordinates>-48.264271,-5.228672,0 -48.265182,-5.228515,0</coordinates></LineString></Placemark>
<Placemark><name>2708139</name><styleUrl>#styleDaimonCIRCUITO77TRECHO</styleUrl><LineString><coordinates>-48.265182,-5.228515,0 -48.266046,-5.228352,0</coordinates></LineString></Placemark>
<Placemark><name>2708140</name><styleUrl>#styleDaimonCIRCUITO77TRECHO</styleUrl><LineString><coordinates>-48.266046,-5.228352,0 -48.266904,-5.228222,0</coordinates></LineString></Placemark>
<Placemark><name>12118845</name><styleUrl>#styleDaimonCIRCUITO77TRECHO</styleUrl><LineString><coordinates>-48.266904,-5.228222,0 -48.266933,-5.228208,0</coordinates></LineString></Placemark>
<Placemark><name>2708141</name><styleUrl>#styleDaimonCIRCUITO77TRECHO</styleUrl><LineString><coordinates>-48.266933,-5.228208,0 -48.267704,-5.227441,0</coordinates></LineString></Placemark>
<Placemark><name>2708142</name><styleUrl>#styleDaimonCIRCUITO77TRECHO</styleUrl><LineString><coordinates>-48.267704,-5.227441,0 -48.268458,-5.226682,0</coordinates></LineString></Placemark>
<Placemark><name>2708143</name><styleUrl>#styleDaimonCIRCUITO77TRECHO</styleUrl><LineString><coordinates>-48.268458,-5.226682,0 -48.269087,-5.226032,0</coordinates></LineString></Placemark>
<Placemark><name>2708144</name><styleUrl>#styleDaimonCIRCUITO77TRECHO</styleUrl><LineString><coordinates>-48.269087,-5.226032,0 -48.269402,-5.225720,0</coordinates></LineString></Placemark>
<Placemark><name>2708145</name><styleUrl>#styleDaimonCIRCUITO77TRECHO</styleUrl><LineString><coordinates>-48.269402,-5.225720,0 -48.269816,-5.225491,0</coordinates></LineString></Placemark>
<Placemark><name>2708146</name><styleUrl>#styleDaimonCIRCUITO77TRECHO</styleUrl><LineString><coordinates>-48.269816,-5.225491,0 -48.270205,-5.225270,0</coordinates></LineString></Placemark>
<Placemark><name>2708147</name><styleUrl>#styleDaimonCIRCUITO77TRECHO</styleUrl><LineString><coordinates>-48.270205,-5.225270,0 -48.270599,-5.225054,0</coordinates></LineString></Placemark>
<Placemark><name>2708148</name><styleUrl>#styleDaimonCIRCUITO77TRECHO</styleUrl><LineString><coordinates>-48.270599,-5.225054,0 -48.270983,-5.224823,0</coordinates></LineString></Placemark>
<Placemark><name>2708149</name><styleUrl>#styleDaimonCIRCUITO77TRECHO</styleUrl><LineString><coordinates>-48.270983,-5.224823,0 -48.271353,-5.224575,0</coordinates></LineString></Placemark>
<Placemark><name>2708150</name><styleUrl>#styleDaimonCIRCUITO77TRECHO</styleUrl><LineString><coordinates>-48.271353,-5.224575,0 -48.271733,-5.224363,0</coordinates></LineString></Placemark>
<Placemark><name>2708151</name><styleUrl>#styleDaimonCIRCUITO77TRECHO</styleUrl><LineString><coordinates>-48.271733,-5.224363,0 -48.272119,-5.224144,0</coordinates></LineString></Placemark>
<Placemark><name>2708152</name><styleUrl>#styleDaimonCIRCUITO77TRECHO</styleUrl><LineString><coordinates>-48.272119,-5.224144,0 -48.272517,-5.223910,0</coordinates></LineString></Placemark>
<Placemark><name>2710805</name><styleUrl>#styleDaimonCIRCUITO77TRECHO</styleUrl><LineString><coordinates>-48.272517,-5.223910,0 -48.272901,-5.223684,0</coordinates></LineString></Placemark>
<Placemark><name>2710817</name><styleUrl>#styleDaimonCIRCUITO77TRECHO</styleUrl><LineString><coordinates>-48.272901,-5.223684,0 -48.273296,-5.223446,0</coordinates></LineString></Placemark>
<Placemark><name>2710818</name><styleUrl>#styleDaimonCIRCUITO77TRECHO</styleUrl><LineString><coordinates>-48.273296,-5.223446,0 -48.273679,-5.223250,0</coordinates></LineString></Placemark>
<Placemark><name>2710819</name><styleUrl>#styleDaimonCIRCUITO77TRECHO</styleUrl><LineString><coordinates>-48.273679,-5.223250,0 -48.274078,-5.223011,0</coordinates></LineString></Placemark>
<Placemark><name>2710975</name><styleUrl>#styleDaimonCIRCUITO77TRECHO</styleUrl><LineString><coordinates>-48.274078,-5.223011,0 -48.274484,-5.222783,0</coordinates></LineString></Placemark>
<Placemark><name>2710976</name><styleUrl>#styleDaimonCIRCUITO77TRECHO</styleUrl><LineString><coordinates>-48.274484,-5.222783,0 -48.274870,-5.222568,0</coordinates></LineString></Placemark>
<Placemark><name>2710977</name><styleUrl>#styleDaimonCIRCUITO77TRECHO</styleUrl><LineString><coordinates>-48.274870,-5.222568,0 -48.275584,-5.222367,0</coordinates></LineString></Placemark>
<Placemark><name>2710978</name><styleUrl>#styleDaimonCIRCUITO77TRECHO</styleUrl><LineString><coordinates>-48.275584,-5.222367,0 -48.276745,-5.222053,0</coordinates></LineString></Placemark>
<Placemark><name>2710979</name><styleUrl>#styleDaimonCIRCUITO77TRECHO</styleUrl><LineString><coordinates>-48.276745,-5.222053,0 -48.277868,-5.221711,0</coordinates></LineString></Placemark>
<Placemark><name>12119075</name><styleUrl>#styleDaimonCIRCUITO77TRECHO</styleUrl><LineString><coordinates>-48.277868,-5.221711,0 -48.277899,-5.221699,0</coordinates></LineString></Placemark>
<Placemark><name>2709222</name><styleUrl>#styleDaimonCIRCUITO77TRECHO</styleUrl><LineString><coordinates>-48.277899,-5.221699,0 -48.278310,-5.221450,0</coordinates></LineString></Placemark>
<Placemark><name>2709223</name><styleUrl>#styleDaimonCIRCUITO77TRECHO</styleUrl><LineString><coordinates>-48.278310,-5.221450,0 -48.278706,-5.221161,0</coordinates></LineString></Placemark>
<Placemark><name>2709224</name><styleUrl>#styleDaimonCIRCUITO77TRECHO</styleUrl><LineString><coordinates>-48.278706,-5.221161,0 -48.279122,-5.220848,0</coordinates></LineString></Placemark>
<Placemark><name>2709225</name><styleUrl>#styleDaimonCIRCUITO77TRECHO</styleUrl><LineString><coordinates>-48.279122,-5.220848,0 -48.279612,-5.220517,0</coordinates></LineString></Placemark>
<Placemark><name>2709226</name><styleUrl>#styleDaimonCIRCUITO77TRECHO</styleUrl><LineString><coordinates>-48.279612,-5.220517,0 -48.280003,-5.220285,0</coordinates></LineString></Placemark>
<Placemark><name>2709227</name><styleUrl>#styleDaimonCIRCUITO77TRECHO</styleUrl><LineString><coordinates>-48.280003,-5.220285,0 -48.280367,-5.220018,0</coordinates></LineString></Placemark>
<Placemark><name>2709415</name><styleUrl>#styleDaimonCIRCUITO77TRECHO</styleUrl><LineString><coordinates>-48.280367,-5.220018,0 -48.280740,-5.219770,0</coordinates></LineString></Placemark>
<Placemark><name>2710806</name><styleUrl>#styleDaimonCIRCUITO77TRECHO</styleUrl><LineString><coordinates>-48.280740,-5.219770,0 -48.281118,-5.219521,0</coordinates></LineString></Placemark>
<Placemark><name>2710807</name><styleUrl>#styleDaimonCIRCUITO77TRECHO</styleUrl><LineString><coordinates>-48.281118,-5.219521,0 -48.281651,-5.219248,0</coordinates></LineString></Placemark>
<Placemark><name>2710808</name><styleUrl>#styleDaimonCIRCUITO77TRECHO</styleUrl><LineString><coordinates>-48.281651,-5.219248,0 -48.282410,-5.218883,0</coordinates></LineString></Placemark>
<Placemark><name>2710809</name><styleUrl>#styleDaimonCIRCUITO77TRECHO</styleUrl><LineString><coordinates>-48.282410,-5.218883,0 -48.283220,-5.218432,0</coordinates></LineString></Placemark>
<Placemark><name>2710810</name><styleUrl>#styleDaimonCIRCUITO77TRECHO</styleUrl><LineString><coordinates>-48.283220,-5.218432,0 -48.284187,-5.217908,0</coordinates></LineString></Placemark>
<Placemark><name>2710811</name><styleUrl>#styleDaimonCIRCUITO77TRECHO</styleUrl><LineString><coordinates>-48.284187,-5.217908,0 -48.285251,-5.217408,0</coordinates></LineString></Placemark>
<Placemark><name>2710812</name><styleUrl>#styleDaimonCIRCUITO77TRECHO</styleUrl><LineString><coordinates>-48.285251,-5.217408,0 -48.286031,-5.217161,0</coordinates></LineString></Placemark>
<Placemark><name>2710813</name><styleUrl>#styleDaimonCIRCUITO77TRECHO</styleUrl><LineString><coordinates>-48.286031,-5.217161,0 -48.286502,-5.217115,0</coordinates></LineString></Placemark>
<Placemark><name>2710814</name><styleUrl>#styleDaimonCIRCUITO77TRECHO</styleUrl><LineString><coordinates>-48.286502,-5.217115,0 -48.286969,-5.216916,0</coordinates></LineString></Placemark>
<Placemark><name>2710815</name><styleUrl>#styleDaimonCIRCUITO77TRECHO</styleUrl><LineString><coordinates>-48.286969,-5.216916,0 -48.287325,-5.216874,0</coordinates></LineString></Placemark>
<Placemark><name>2710816</name><styleUrl>#styleDaimonCIRCUITO77TRECHO</styleUrl><LineString><coordinates>-48.287325,-5.216874,0 -48.287806,-5.216731,0</coordinates></LineString></Placemark>
<Placemark><name>3661796</name><styleUrl>#styleDaimonCIRCUITO77TRECHO</styleUrl><LineString><coordinates>-48.221607,-5.246165,0 -48.221623,-5.246162,0</coordinates></LineString></Placemark>
<Placemark><name>Suporte Chave DJ_AL02019068_FICT</name><styleUrl>#styleDaimonCIRCUITO77TRECHO</styleUrl><LineString><coordinates>-48.203430,-5.296917,0 -48.203441,-5.296794,0</coordinates></LineString></Placemark>
<Placemark><name>Suporte Chave 8800162068</name><styleUrl>#styleDaimonCIRCUITO77TRECHO</styleUrl><LineString><coordinates>-48.203662,-5.296854,0 -48.203676,-5.296858,0</coordinates></LineString></Placemark>
<Placemark><name>Suporte Chave 0353569069</name><styleUrl>#styleDaimonCIRCUITO77TRECHO</styleUrl><LineString><coordinates>-48.205865,-5.282149,0 -48.205780,-5.282153,0</coordinates></LineString></Placemark>
<Placemark><name>Suporte Chave 3300136069</name><styleUrl>#styleDaimonCIRCUITO77TRECHO</styleUrl><LineString><coordinates>-48.205801,-5.280962,0 -48.205688,-5.280971,0</coordinates></LineString></Placemark>
<Placemark><name>Suporte Chave 0353184068</name><styleUrl>#styleDaimonCIRCUITO77TRECHO</styleUrl><LineString><coordinates>-48.204426,-5.296230,0 -48.204444,-5.296199,0</coordinates></LineString></Placemark>
<Placemark><name>Suporte Chave 8800001069</name><styleUrl>#styleDaimonCIRCUITO77TRECHO</styleUrl><LineString><coordinates>-48.203409,-5.262597,0 -48.203397,-5.262552,0</coordinates></LineString></Placemark>
<Placemark><name>Suporte Chave 0300138069</name><styleUrl>#styleDaimonCIRCUITO77TRECHO</styleUrl><LineString><coordinates>-48.173893,-5.287471,0 -48.173792,-5.287472,0</coordinates></LineString></Placemark>
<Placemark><name>Suporte Chave 0336965068</name><styleUrl>#styleDaimonCIRCUITO77TRECHO</styleUrl><LineString><coordinates>-48.186846,-5.284185,0 -48.186818,-5.284069,0</coordinates></LineString></Placemark>
<Placemark><name>Suporte Chave 0300165069</name><styleUrl>#styleDaimonCIRCUITO77TRECHO</styleUrl><LineString><coordinates>-48.200445,-5.281289,0 -48.200454,-5.281227,0</coordinates></LineString></Placemark>
<Placemark><name>Suporte Chave 8842226069</name><styleUrl>#styleDaimonCIRCUITO77TRECHO</styleUrl><LineString><coordinates>-48.202611,-5.260001,0 -48.202632,-5.260029,0</coordinates></LineString></Placemark>
<Placemark><name>Suporte Chave 0300137068</name><styleUrl>#styleDaimonCIRCUITO77TRECHO</styleUrl><LineString><coordinates>-48.187036,-5.281816,0 -48.187105,-5.281791,0</coordinates></LineString></Placemark>
<Placemark><name>Suporte Chave 0300170068</name><styleUrl>#styleDaimonCIRCUITO77TRECHO</styleUrl><LineString><coordinates>-48.185366,-5.277718,0 -48.185339,-5.277717,0</coordinates></LineString></Placemark>
<Placemark><name>Suporte Chave 0343726068</name><styleUrl>#styleDaimonCIRCUITO77TRECHO</styleUrl><LineString><coordinates>-48.181306,-5.277971,0 -48.181346,-5.278059,0</coordinates></LineString></Placemark>
<Placemark><name>Suporte Chave 0300139069</name><styleUrl>#styleDaimonCIRCUITO77TRECHO</styleUrl><LineString><coordinates>-48.175401,-5.269990,0 -48.175306,-5.270003,0</coordinates></LineString></Placemark>
<Placemark><name>Suporte Chave 0300189068</name><styleUrl>#styleDaimonCIRCUITO77TRECHO</styleUrl><LineString><coordinates>-48.182864,-5.277463,0 -48.182915,-5.277347,0</coordinates></LineString></Placemark>
<Placemark><name>Suporte Chave 0300004069</name><styleUrl>#styleDaimonCIRCUITO77TRECHO</styleUrl><LineString><coordinates>-48.203917,-5.258217,0 -48.203944,-5.258251,0</coordinates></LineString></Placemark>
<Placemark><name>Suporte Chave 8855563069</name><styleUrl>#styleDaimonCIRCUITO77TRECHO</styleUrl><LineString><coordinates>-48.202161,-5.259391,0 -48.202170,-5.259404,0</coordinates></LineString></Placemark>
<Placemark><name>Suporte Chave 8808434069</name><styleUrl>#styleDaimonCIRCUITO77TRECHO</styleUrl><LineString><coordinates>-48.205325,-5.259031,0 -48.205294,-5.259053,0</coordinates></LineString></Placemark>
<Placemark><name>Suporte Chave 8848182069</name><styleUrl>#styleDaimonCIRCUITO77TRECHO</styleUrl><LineString><coordinates>-48.205467,-5.260469,0 -48.205489,-5.260499,0</coordinates></LineString></Placemark>
<Placemark><name>Suporte Chave 0353721069</name><styleUrl>#styleDaimonCIRCUITO77TRECHO</styleUrl><LineString><coordinates>-48.199933,-5.256132,0 -48.199923,-5.256101,0</coordinates></LineString></Placemark>
<Placemark><name>Suporte Chave 3300122069</name><styleUrl>#styleDaimonCIRCUITO77TRECHO</styleUrl><LineString><coordinates>-48.208853,-5.256379,0 -48.208854,-5.256376,0</coordinates></LineString></Placemark>
<Placemark><name>Suporte Chave 0200178069</name><styleUrl>#styleDaimonCIRCUITO77TRECHO</styleUrl><LineString><coordinates>-48.209136,-5.256438,0 -48.209147,-5.256441,0</coordinates></LineString></Placemark>
<Placemark><name>Suporte Chave 0300006069</name><styleUrl>#styleDaimonCIRCUITO77TRECHO</styleUrl><LineString><coordinates>-48.206471,-5.257798,0 -48.206449,-5.257756,0</coordinates></LineString></Placemark>
<Placemark><name>Suporte Chave 8858769069</name><styleUrl>#styleDaimonCIRCUITO77TRECHO</styleUrl><LineString><coordinates>-48.208374,-5.260702,0 -48.208382,-5.260694,0</coordinates></LineString></Placemark>
<Placemark><name>Suporte Chave 0300180069</name><styleUrl>#styleDaimonCIRCUITO77TRECHO</styleUrl><LineString><coordinates>-48.199651,-5.255100,0 -48.199653,-5.255100,0</coordinates></LineString></Placemark>
<Placemark><name>Suporte Chave 8867085069</name><styleUrl>#styleDaimonCIRCUITO77TRECHO</styleUrl><LineString><coordinates>-48.199886,-5.255209,0 -48.199919,-5.255199,0</coordinates></LineString></Placemark>
<Placemark><name>Suporte Chave 4000122069</name><styleUrl>#styleDaimonCIRCUITO77TRECHO</styleUrl><LineString><coordinates>-48.208855,-5.256344,0 -48.208865,-5.256193,0</coordinates></LineString></Placemark>
<Placemark><name>Suporte Chave 0343739069</name><styleUrl>#styleDaimonCIRCUITO77TRECHO</styleUrl><LineString><coordinates>-48.206902,-5.256869,0 -48.206897,-5.256862,0</coordinates></LineString></Placemark>
<Placemark><name>Suporte Chave 0200176069</name><styleUrl>#styleDaimonCIRCUITO77TRECHO</styleUrl><LineString><coordinates>-48.206648,-5.257055,0 -48.206645,-5.257050,0</coordinates></LineString></Placemark>
<Placemark><name>Suporte Chave 0310003069</name><styleUrl>#styleDaimonCIRCUITO77TRECHO</styleUrl><LineString><coordinates>-48.217096,-5.249035,0 -48.217088,-5.249023,0</coordinates></LineString></Placemark>
<Placemark><name>Suporte Chave 0310002069</name><styleUrl>#styleDaimonCIRCUITO77TRECHO</styleUrl><LineString><coordinates>-48.212659,-5.251194,0 -48.212623,-5.251163,0</coordinates></LineString></Placemark>
<Placemark><name>Suporte Chave 3300179069</name><styleUrl>#styleDaimonCIRCUITO77TRECHO</styleUrl><LineString><coordinates>-48.254903,-5.231332,0 -48.254970,-5.231288,0</coordinates></LineString></Placemark>
<Placemark><name>Suporte Chave 0310001069</name><styleUrl>#styleDaimonCIRCUITO77TRECHO</styleUrl><LineString><coordinates>-48.221605,-5.246165,0 -48.221607,-5.246165,0</coordinates></LineString></Placemark>
<Placemark><name>Suporte Chave 8848200069</name><styleUrl>#styleDaimonCIRCUITO77TRECHO</styleUrl><LineString><coordinates>-48.204136,-5.260220,0 -48.204167,-5.260194,0</coordinates></LineString></Placemark>
</Folder>
<Folder>
<name>RedeBT</name>
</Folder>
</Folder>
</Document>
</kml>