<?xml version="1.0" encoding="UTF-8"?>
<kml xmlns="http://www.opengis.net/kml/2.2" xmlns:gx="http://www.google.com/kml/ext/2.2" xmlns:kml="http://www.opengis.net/kml/2.2" xmlns:atom="http://www.w3.org/2005/Atom">
<Document>
<open>1</open>
<Style id="styleDaimonBarra0"><IconStyle><scale>1.00</scale><Icon><href>http://maps.google.com/mapfiles/kml/paddle/wht-blank.png</href></Icon><hotSpot x="32" y="1" xunits="pixels" yunits="pixels"/></IconStyle><LabelStyle><color>ffffffff</color><colorMode>normal</colorMode><scale>1.00</scale></LabelStyle><ListStyle><ItemIcon><href>http://maps.google.com/mapfiles/kml/paddle/wht-blank.png</href></ItemIcon></ListStyle></Style>
<Style id="styleDaimonBarra1"><IconStyle><scale>1.00</scale><Icon><href>http://maps.google.com/mapfiles/kml/paddle/wht-blank.png</href></Icon><hotSpot x="32" y="1" xunits="pixels" yunits="pixels"/></IconStyle><LabelStyle><color>ffffffff</color><colorMode>normal</colorMode><scale>1.00</scale></LabelStyle><ListStyle><ItemIcon><href>http://maps.google.com/mapfiles/kml/paddle/wht-blank.png</href></ItemIcon></ListStyle></Style>
<StyleMap id="mapDaimonBarra"><Pair><key>normal</key><styleUrl>#styleDaimonBarra0</styleUrl></Pair><Pair><key>highlight</key><styleUrl>#styleDaimonBarra1</styleUrl></Pair></StyleMap>
<Style id="styleDaimonBarraBT0"><IconStyle><scale>1.00</scale><Icon><href>http://maps.google.com/mapfiles/kml/paddle/wht-blank.png</href></Icon><hotSpot x="32" y="1" xunits="pixels" yunits="pixels"/></IconStyle><LabelStyle><color>ffffffff</color><colorMode>normal</colorMode><scale>1.00</scale></LabelStyle><ListStyle><ItemIcon><href>http://maps.google.com/mapfiles/kml/paddle/wht-blank.png</href></ItemIcon></ListStyle></Style>
<Style id="styleDaimonBarraBT1"><IconStyle><scale>1.00</scale><Icon><href>http://maps.google.com/mapfiles/kml/paddle/wht-blank.png</href></Icon><hotSpot x="32" y="1" xunits="pixels" yunits="pixels"/></IconStyle><LabelStyle><color>ffffffff</color><colorMode>normal</colorMode><scale>1.00</scale></LabelStyle><ListStyle><ItemIcon><href>http://maps.google.com/mapfiles/kml/paddle/wht-blank.png</href></ItemIcon></ListStyle></Style>
<StyleMap id="mapDaimonBarraBT"><Pair><key>normal</key><styleUrl>#styleDaimonBarraBT0</styleUrl></Pair><Pair><key>highlight</key><styleUrl>#styleDaimonBarraBT1</styleUrl></Pair></StyleMap>
<Style id="styleDaimonCapacitor0"><IconStyle><scale>1.00</scale><Icon><href>http://maps.google.com/mapfiles/kml/paddle/purple-blank.png</href></Icon><hotSpot x="32" y="1" xunits="pixels" yunits="pixels"/></IconStyle><LabelStyle><color>ffffffff</color><colorMode>normal</colorMode><scale>1.00</scale></LabelStyle><ListStyle><ItemIcon><href>http://maps.google.com/mapfiles/kml/paddle/purple-blank.png</href></ItemIcon></ListStyle></Style>
<Style id="styleDaimonCapacitor1"><IconStyle><scale>1.00</scale><Icon><href>http://maps.google.com/mapfiles/kml/paddle/purple-blank.png</href></Icon><hotSpot x="32" y="1" xunits="pixels" yunits="pixels"/></IconStyle><LabelStyle><color>ffffffff</color><colorMode>normal</colorMode><scale>1.00</scale></LabelStyle><ListStyle><ItemIcon><href>http://maps.google.com/mapfiles/kml/paddle/purple-blank.png</href></ItemIcon></ListStyle></Style>
<StyleMap id="mapDaimonCapacitor"><Pair><key>normal</key><styleUrl>#styleDaimonCapacitor0</styleUrl></Pair><Pair><key>highlight</key><styleUrl>#styleDaimonCapacitor1</styleUrl></Pair></StyleMap>
<Style id="styleDaimonCapacitorBT0"><IconStyle><scale>1.00</scale><Icon><href>http://maps.google.com/mapfiles/kml/paddle/purple-blank.png</href></Icon><hotSpot x="32" y="1" xunits="pixels" yunits="pixels"/></IconStyle><LabelStyle><color>ffffffff</color><colorMode>normal</colorMode><scale>1.00</scale></LabelStyle><ListStyle><ItemIcon><href>http://maps.google.com/mapfiles/kml/paddle/purple-blank.png</href></ItemIcon></ListStyle></Style>
<Style id="styleDaimonCapacitorBT1"><IconStyle><scale>1.00</scale><Icon><href>http://maps.google.com/mapfiles/kml/paddle/purple-blank.png</href></Icon><hotSpot x="32" y="1" xunits="pixels" yunits="pixels"/></IconStyle><LabelStyle><color>ffffffff</color><colorMode>normal</colorMode><scale>1.00</scale></LabelStyle><ListStyle><ItemIcon><href>http://maps.google.com/mapfiles/kml/paddle/purple-blank.png</href></ItemIcon></ListStyle></Style>
<StyleMap id="mapDaimonCapacitorBT"><Pair><key>normal</key><styleUrl>#styleDaimonCapacitorBT0</styleUrl></Pair><Pair><key>highlight</key><styleUrl>#styleDaimonCapacitorBT1</styleUrl></Pair></StyleMap>
<Style id="styleDaimonCapacitorSerie0"><IconStyle><scale>0.60</scale><Icon><href>http://maps.google.com/mapfiles/kml/paddle/purple-blank.png</href></Icon><hotSpot x="32" y="1" xunits="pixels" yunits="pixels"/></IconStyle><LabelStyle><color>ff00ffff</color><colorMode>normal</colorMode><scale>0.60</scale></LabelStyle><ListStyle><ItemIcon><href>http://maps.google.com/mapfiles/kml/paddle/purple-blank.png</href></ItemIcon></ListStyle></Style>
<Style id="styleDaimonCapacitorSerie1"><IconStyle><scale>0.60</scale><Icon><href>http://maps.google.com/mapfiles/kml/paddle/purple-blank.png</href></Icon><hotSpot x="32" y="1" xunits="pixels" yunits="pixels"/></IconStyle><LabelStyle><color>ff00ffff</color><colorMode>normal</colorMode><scale>0.60</scale></LabelStyle><ListStyle><ItemIcon><href>http://maps.google.com/mapfiles/kml/paddle/purple-blank.png</href></ItemIcon></ListStyle></Style>
<StyleMap id="mapDaimonCapacitorSerie"><Pair><key>normal</key><styleUrl>#styleDaimonCapacitorSerie0</styleUrl></Pair><Pair><key>highlight</key><styleUrl>#styleDaimonCapacitorSerie1</styleUrl></Pair></StyleMap>
<Style id="styleDaimonChave0"><IconStyle><scale>0.60</scale><Icon><href>http://maps.google.com/mapfiles/kml/paddle/red-circle.png</href></Icon><hotSpot x="32" y="1" xunits="pixels" yunits="pixels"/></IconStyle><LabelStyle><color>ff0000ff</color><colorMode>normal</colorMode><scale>0.60</scale></LabelStyle><ListStyle><ItemIcon><href>http://maps.google.com/mapfiles/kml/paddle/red-circle.png</href></ItemIcon></ListStyle></Style>
<Style id="styleDaimonChave1"><IconStyle><scale>0.60</scale><Icon><href>http://maps.google.com/mapfiles/kml/paddle/red-circle.png</href></Icon><hotSpot x="32" y="1" xunits="pixels" yunits="pixels"/></IconStyle><LabelStyle><color>ff0000ff</color><colorMode>normal</colorMode><scale>0.60</scale></LabelStyle><ListStyle><ItemIcon><href>http://maps.google.com/mapfiles/kml/paddle/red-circle.png</href></ItemIcon></ListStyle></Style>
<StyleMap id="mapDaimonChave"><Pair><key>normal</key><styleUrl>#styleDaimonChave0</styleUrl></Pair><Pair><key>highlight</key><styleUrl>#styleDaimonChave1</styleUrl></Pair></StyleMap>
<Style id="styleDaimonEP0"><IconStyle><scale>0.80</scale><Icon><href>http://maps.google.com/mapfiles/kml/paddle/ylw-circle.png</href></Icon><hotSpot x="32" y="1" xunits="pixels" yunits="pixels"/></IconStyle><LabelStyle><color>ff00ffff</color><colorMode>normal</colorMode><scale>0.80</scale></LabelStyle><ListStyle><ItemIcon><href>http://maps.google.com/mapfiles/kml/paddle/ylw-circle.png</href></ItemIcon></ListStyle></Style>
<Style id="styleDaimonEP1"><IconStyle><scale>0.80</scale><Icon><href>http://maps.google.com/mapfiles/kml/paddle/ylw-circle.png</href></Icon><hotSpot x="32" y="1" xunits="pixels" yunits="pixels"/></IconStyle><LabelStyle><color>ff00ffff</color><colorMode>normal</colorMode><scale>0.80</scale></LabelStyle><ListStyle><ItemIcon><href>http://maps.google.com/mapfiles/kml/paddle/ylw-circle.png</href></ItemIcon></ListStyle></Style>
<StyleMap id="mapDaimonEP"><Pair><key>normal</key><styleUrl>#styleDaimonEP0</styleUrl></Pair><Pair><key>highlight</key><styleUrl>#styleDaimonEP1</styleUrl></Pair></StyleMap>
<Style id="styleDaimonET0"><IconStyle><scale>0.80</scale><Icon><href>http://maps.google.com/mapfiles/kml/paddle/blu-blank.png</href></Icon><hotSpot x="32" y="1" xunits="pixels" yunits="pixels"/></IconStyle><LabelStyle><color>ffffff00</color><colorMode>normal</colorMode><scale>0.80</scale></LabelStyle><ListStyle><ItemIcon><href>http://maps.google.com/mapfiles/kml/paddle/blu-blank.png</href></ItemIcon></ListStyle></Style>
<Style id="styleDaimonET1"><IconStyle><scale>0.80</scale><Icon><href>http://maps.google.com/mapfiles/kml/paddle/blu-blank.png</href></Icon><hotSpot x="32" y="1" xunits="pixels" yunits="pixels"/></IconStyle><LabelStyle><color>ffffff00</color><colorMode>normal</colorMode><scale>0.80</scale></LabelStyle><ListStyle><ItemIcon><href>http://maps.google.com/mapfiles/kml/paddle/blu-blank.png</href></ItemIcon></ListStyle></Style>
<StyleMap id="mapDaimonET"><Pair><key>normal</key><styleUrl>#styleDaimonET0</styleUrl></Pair><Pair><key>highlight</key><styleUrl>#styleDaimonET1</styleUrl></Pair></StyleMap>
<Style id="styleDaimonGerador0"><IconStyle><scale>1.00</scale><Icon><href>http://maps.google.com/mapfiles/kml/paddle/orange-diamond.png</href></Icon><hotSpot x="32" y="1" xunits="pixels" yunits="pixels"/></IconStyle><LabelStyle><color>ffffffff</color><colorMode>normal</colorMode><scale>1.00</scale></LabelStyle><ListStyle><ItemIcon><href>http://maps.google.com/mapfiles/kml/paddle/orange-diamond.png</href></ItemIcon></ListStyle></Style>
<Style id="styleDaimonGerador1"><IconStyle><scale>1.00</scale><Icon><href>http://maps.google.com/mapfiles/kml/paddle/orange-diamond.png</href></Icon><hotSpot x="32" y="1" xunits="pixels" yunits="pixels"/></IconStyle><LabelStyle><color>ffffffff</color><colorMode>normal</colorMode><scale>1.00</scale></LabelStyle><ListStyle><ItemIcon><href>http://maps.google.com/mapfiles/kml/paddle/orange-diamond.png</href></ItemIcon></ListStyle></Style>
<StyleMap id="mapDaimonGerador"><Pair><key>normal</key><styleUrl>#styleDaimonGerador0</styleUrl></Pair><Pair><key>highlight</key><styleUrl>#styleDaimonGerador1</styleUrl></Pair></StyleMap>
<Style id="styleDaimonReator0"><IconStyle><scale>1.00</scale><Icon><href>http://maps.google.com/mapfiles/kml/paddle/wht-square.png</href></Icon><hotSpot x="32" y="1" xunits="pixels" yunits="pixels"/></IconStyle><LabelStyle><color>ff00ffff</color><colorMode>normal</colorMode><scale>1.00</scale></LabelStyle><ListStyle><ItemIcon><href>http://maps.google.com/mapfiles/kml/paddle/wht-square.png</href></ItemIcon></ListStyle></Style>
<Style id="styleDaimonReator1"><IconStyle><scale>1.00</scale><Icon><href>http://maps.google.com/mapfiles/kml/paddle/wht-square.png</href></Icon><hotSpot x="32" y="1" xunits="pixels" yunits="pixels"/></IconStyle><LabelStyle><color>ff00ffff</color><colorMode>normal</colorMode><scale>1.00</scale></LabelStyle><ListStyle><ItemIcon><href>http://maps.google.com/mapfiles/kml/paddle/wht-square.png</href></ItemIcon></ListStyle></Style>
<StyleMap id="mapDaimonReator"><Pair><key>normal</key><styleUrl>#styleDaimonReator0</styleUrl></Pair><Pair><key>highlight</key><styleUrl>#styleDaimonReator1</styleUrl></Pair></StyleMap>
<Style id="styleDaimonRegulador0"><IconStyle><scale>1.00</scale><Icon><href>http://maps.google.com/mapfiles/kml/paddle/orange-diamond.png</href></Icon><hotSpot x="32" y="1" xunits="pixels" yunits="pixels"/></IconStyle><LabelStyle><color>ff00a5ff</color><colorMode>normal</colorMode><scale>1.00</scale></LabelStyle><ListStyle><ItemIcon><href>http://maps.google.com/mapfiles/kml/paddle/orange-diamond.png</href></ItemIcon></ListStyle></Style>
<Style id="styleDaimonRegulador1"><IconStyle><scale>1.00</scale><Icon><href>http://maps.google.com/mapfiles/kml/paddle/orange-diamond.png</href></Icon><hotSpot x="32" y="1" xunits="pixels" yunits="pixels"/></IconStyle><LabelStyle><color>ff00a5ff</color><colorMode>normal</colorMode><scale>1.00</scale></LabelStyle><ListStyle><ItemIcon><href>http://maps.google.com/mapfiles/kml/paddle/orange-diamond.png</href></ItemIcon></ListStyle></Style>
<StyleMap id="mapDaimonRegulador"><Pair><key>normal</key><styleUrl>#styleDaimonRegulador0</styleUrl></Pair><Pair><key>highlight</key><styleUrl>#styleDaimonRegulador1</styleUrl></Pair></StyleMap>
<Style id="styleDaimonTransformador0"><IconStyle><scale>1.00</scale><Icon><href>http://maps.google.com/mapfiles/kml/paddle/pink-circle.png</href></Icon><hotSpot x="32" y="1" xunits="pixels" yunits="pixels"/></IconStyle><LabelStyle><color>ffff00ff</color><colorMode>normal</colorMode><scale>1.00</scale></LabelStyle><ListStyle><ItemIcon><href>http://maps.google.com/mapfiles/kml/paddle/pink-circle.png</href></ItemIcon></ListStyle></Style>
<Style id="styleDaimonTransformador1"><IconStyle><scale>1.00</scale><Icon><href>http://maps.google.com/mapfiles/kml/paddle/pink-circle.png</href></Icon><hotSpot x="32" y="1" xunits="pixels" yunits="pixels"/></IconStyle><LabelStyle><color>ffff00ff</color><colorMode>normal</colorMode><scale>1.00</scale></LabelStyle><ListStyle><ItemIcon><href>http://maps.google.com/mapfiles/kml/paddle/pink-circle.png</href></ItemIcon></ListStyle></Style>
<StyleMap id="mapDaimonTransformador"><Pair><key>normal</key><styleUrl>#styleDaimonTransformador0</styleUrl></Pair><Pair><key>highlight</key><styleUrl>#styleDaimonTransformador1</styleUrl></Pair></StyleMap>
<Style id="styleDaimonTrecho"><LineStyle><color>ffffffff</color><width>1.00</width></LineStyle></Style>
<Style id="styleDaimonTrechoBT"><LineStyle><color>ffff0000</color><width>1.00</width></LineStyle></Style>
<Style id="styleDaimonChaveNA0"><IconStyle><scale>0.60</scale><Icon><href>http://maps.google.com/mapfiles/kml/paddle/grn-blank.png</href></Icon><hotSpot x="32" y="1" xunits="pixels" yunits="pixels"/></IconStyle><LabelStyle><color>ff00ff00</color><colorMode>normal</colorMode><scale>0.60</scale></LabelStyle><ListStyle><ItemIcon><href>http://maps.google.com/mapfiles/kml/paddle/grn-blank.png</href></ItemIcon></ListStyle></Style>
<Style id="styleDaimonChaveNA1"><IconStyle><scale>0.60</scale><Icon><href>http://maps.google.com/mapfiles/kml/paddle/grn-blank.png</href></Icon><hotSpot x="32" y="1" xunits="pixels" yunits="pixels"/></IconStyle><LabelStyle><color>ff00ff00</color><colorMode>normal</colorMode><scale>0.60</scale></LabelStyle><ListStyle><ItemIcon><href>http://maps.google.com/mapfiles/kml/paddle/grn-blank.png</href></ItemIcon></ListStyle></Style>
<StyleMap id="mapDaimonChaveNA"><Pair><key>normal</key><styleUrl>#styleDaimonChaveNA0</styleUrl></Pair><Pair><key>highlight</key><styleUrl>#styleDaimonChaveNA1</styleUrl></Pair></StyleMap>
<Style id="styleDaimonChaveSoco0"><IconStyle><scale>0.60</scale><Icon><href>http://maps.google.com/mapfiles/kml/paddle/grn-blank.png</href></Icon><hotSpot x="32" y="1" xunits="pixels" yunits="pixels"/></IconStyle><LabelStyle><color>ff00ff00</color><colorMode>normal</colorMode><scale>0.60</scale></LabelStyle><ListStyle><ItemIcon><href>http://maps.google.com/mapfiles/kml/paddle/grn-blank.png</href></ItemIcon></ListStyle></Style>
<Style id="styleDaimonChaveSoco1"><IconStyle><scale>0.60</scale><Icon><href>http://maps.google.com/mapfiles/kml/paddle/grn-blank.png</href></Icon><hotSpot x="32" y="1" xunits="pixels" yunits="pixels"/></IconStyle><LabelStyle><color>ff00ff00</color><colorMode>normal</colorMode><scale>0.60</scale></LabelStyle><ListStyle><ItemIcon><href>http://maps.google.com/mapfiles/kml/paddle/grn-blank.png</href></ItemIcon></ListStyle></Style>
<StyleMap id="mapDaimonChaveSoco"><Pair><key>normal</key><styleUrl>#styleDaimonChaveSoco0</styleUrl></Pair><Pair><key>highlight</key><styleUrl>#styleDaimonChaveSoco1</styleUrl></Pair></StyleMap>
<Style id="styleDaimonSE0"><IconStyle><scale>1.20</scale><Icon><href>http://maps.google.com/mapfiles/kml/paddle/wht-circle.png</href></Icon><hotSpot x="32" y="1" xunits="pixels" yunits="pixels"/></IconStyle><LabelStyle><color>ffffffff</color><colorMode>normal</colorMode><scale>1.20</scale></LabelStyle><ListStyle><ItemIcon><href>http://maps.google.com/mapfiles/kml/paddle/wht-circle.png</href></ItemIcon></ListStyle></Style>
<Style id="styleDaimonSE1"><IconStyle><scale>1.20</scale><Icon><href>http://maps.google.com/mapfiles/kml/paddle/wht-circle.png</href></Icon><hotSpot x="32" y="1" xunits="pixels" yunits="pixels"/></IconStyle><LabelStyle><color>ffffffff</color><colorMode>normal</colorMode><scale>1.20</scale></LabelStyle><ListStyle><ItemIcon><href>http://maps.google.com/mapfiles/kml/paddle/wht-circle.png</href></ItemIcon></ListStyle></Style>
<StyleMap id="mapDaimonSE"><Pair><key>normal</key><styleUrl>#styleDaimonSE0</styleUrl></Pair><Pair><key>highlight</key><styleUrl>#styleDaimonSE1</styleUrl></Pair></StyleMap>
<Style id="styleDaimonDiag_BOM"><LineStyle><color>ff80ff80</color><width>3.20</width></LineStyle></Style>
<Style id="styleDaimonDiag_REGULAR"><LineStyle><color>ff00ffff</color><width>3.20</width></LineStyle></Style>
<Style id="styleDaimonDiag_RUIM"><LineStyle><color>ff0000ff</color><width>3.20</width></LineStyle></Style>
<Style id="styleDaimonDiag_INDEF"><LineStyle><color>ff808080</color><width>3.20</width></LineStyle></Style>
<Style id="styleDaimonDiag_BARRA_BOM0"><IconStyle><scale>0.60</scale><Icon><href>http://maps.google.com/mapfiles/kml/paddle/grn-blank.png</href></Icon><hotSpot x="32" y="1" xunits="pixels" yunits="pixels"/></IconStyle><LabelStyle><color>ffffffff</color><colorMode>normal</colorMode><scale>0.60</scale></LabelStyle><ListStyle><ItemIcon><href>http://maps.google.com/mapfiles/kml/paddle/grn-blank.png</href></ItemIcon></ListStyle></Style>
<Style id="styleDaimonDiag_BARRA_BOM1"><IconStyle><scale>0.60</scale><Icon><href>http://maps.google.com/mapfiles/kml/paddle/grn-blank.png</href></Icon><hotSpot x="32" y="1" xunits="pixels" yunits="pixels"/></IconStyle><LabelStyle><color>ffffffff</color><colorMode>normal</colorMode><scale>0.60</scale></LabelStyle><ListStyle><ItemIcon><href>http://maps.google.com/mapfiles/kml/paddle/grn-blank.png</href></ItemIcon></ListStyle></Style>
<StyleMap id="mapDaimonDiag_BARRA_BOM"><Pair><key>normal</key><styleUrl>#styleDaimonDiag_BARRA_BOM0</styleUrl></Pair><Pair><key>highlight</key><styleUrl>#styleDaimonDiag_BARRA_BOM1</styleUrl></Pair></StyleMap>
<Style id="styleDaimonDiag_BARRA_REGULAR0"><IconStyle><scale>0.60</scale><Icon><href>http://maps.google.com/mapfiles/kml/paddle/ylw-blank.png</href></Icon><hotSpot x="32" y="1" xunits="pixels" yunits="pixels"/></IconStyle><LabelStyle><color>ffffffff</color><colorMode>normal</colorMode><scale>0.60</scale></LabelStyle><ListStyle><ItemIcon><href>http://maps.google.com/mapfiles/kml/paddle/ylw-blank.png</href></ItemIcon></ListStyle></Style>
<Style id="styleDaimonDiag_BARRA_REGULAR1"><IconStyle><scale>0.60</scale><Icon><href>http://maps.google.com/mapfiles/kml/paddle/ylw-blank.png</href></Icon><hotSpot x="32" y="1" xunits="pixels" yunits="pixels"/></IconStyle><LabelStyle><color>ffffffff</color><colorMode>normal</colorMode><scale>0.60</scale></LabelStyle><ListStyle><ItemIcon><href>http://maps.google.com/mapfiles/kml/paddle/ylw-blank.png</href></ItemIcon></ListStyle></Style>
<StyleMap id="mapDaimonDiag_BARRA_REGULAR"><Pair><key>normal</key><styleUrl>#styleDaimonDiag_BARRA_REGULAR0</styleUrl></Pair><Pair><key>highlight</key><styleUrl>#styleDaimonDiag_BARRA_REGULAR1</styleUrl></Pair></StyleMap>
<Style id="styleDaimonDiag_BARRA_RUIM0"><IconStyle><scale>0.60</scale><Icon><href>http://maps.google.com/mapfiles/kml/paddle/red-blank.png</href></Icon><hotSpot x="32" y="1" xunits="pixels" yunits="pixels"/></IconStyle><LabelStyle><color>ffffffff</color><colorMode>normal</colorMode><scale>0.60</scale></LabelStyle><ListStyle><ItemIcon><href>http://maps.google.com/mapfiles/kml/paddle/red-blank.png</href></ItemIcon></ListStyle></Style>
<Style id="styleDaimonDiag_BARRA_RUIM1"><IconStyle><scale>0.60</scale><Icon><href>http://maps.google.com/mapfiles/kml/paddle/red-blank.png</href></Icon><hotSpot x="32" y="1" xunits="pixels" yunits="pixels"/></IconStyle><LabelStyle><color>ffffffff</color><colorMode>normal</colorMode><scale>0.60</scale></LabelStyle><ListStyle><ItemIcon><href>http://maps.google.com/mapfiles/kml/paddle/red-blank.png</href></ItemIcon></ListStyle></Style>
<StyleMap id="mapDaimonDiag_BARRA_RUIM"><Pair><key>normal</key><styleUrl>#styleDaimonDiag_BARRA_RUIM0</styleUrl></Pair><Pair><key>highlight</key><styleUrl>#styleDaimonDiag_BARRA_RUIM1</styleUrl></Pair></StyleMap>
<Style id="styleDaimonDiag_BARRA_INDEF0"><IconStyle><scale>0.60</scale><Icon><href>http://maps.google.com/mapfiles/kml/paddle/wht-blank.png</href></Icon><hotSpot x="32" y="1" xunits="pixels" yunits="pixels"/></IconStyle><LabelStyle><color>ffffffff</color><colorMode>normal</colorMode><scale>0.60</scale></LabelStyle><ListStyle><ItemIcon><href>http://maps.google.com/mapfiles/kml/paddle/wht-blank.png</href></ItemIcon></ListStyle></Style>
<Style id="styleDaimonDiag_BARRA_INDEF1"><IconStyle><scale>0.60</scale><Icon><href>http://maps.google.com/mapfiles/kml/paddle/wht-blank.png</href></Icon><hotSpot x="32" y="1" xunits="pixels" yunits="pixels"/></IconStyle><LabelStyle><color>ffffffff</color><colorMode>normal</colorMode><scale>0.60</scale></LabelStyle><ListStyle><ItemIcon><href>http://maps.google.com/mapfiles/kml/paddle/wht-blank.png</href></ItemIcon></ListStyle></Style>
<StyleMap id="mapDaimonDiag_BARRA_INDEF"><Pair><key>normal</key><styleUrl>#styleDaimonDiag_BARRA_INDEF0</styleUrl></Pair><Pair><key>highlight</key><styleUrl>#styleDaimonDiag_BARRA_INDEF1</styleUrl></Pair></StyleMap>
<Style id="styleDaimonMONO"><LineStyle><color>ff0000ff</color><width>2.00</width></LineStyle></Style>
<Style id="styleDaimonBI"><LineStyle><color>ff00ff00</color><width>2.00</width></LineStyle></Style>
<Style id="styleDaimonTRI"><LineStyle><color>ffff0000</color><width>2.00</width></LineStyle></Style>
<Style id="styleDaimonMONO_BT"><LineStyle><color>ffffff00</color><width>1.00</width></LineStyle></Style>
<Style id="styleDaimonBI_BT"><LineStyle><color>ffff00ff</color><width>1.00</width></LineStyle></Style>
<Style id="styleDaimonTRI_BT"><LineStyle><color>ff00ffff</color><width>1.00</width></LineStyle></Style>
<Style id="styleDaimonCIRCUITO204TRECHO"><LineStyle><color>ffc080ff</color><width>2.00</width></LineStyle></Style>
<Style id="styleDaimonFolderCirc_AL03060122"><ListStyle><bgColor>ffc080ff</bgColor></ListStyle></Style>
<Folder>
<name>Circ_AL03060122</name>
<styleUrl>#styleDaimonFolderCirc_AL03060122</styleUrl><Folder>
<name>Capacitor</name>
<visibility>0</visibility>
</Folder>
<Folder>
<name>CapacitorSerie</name>
<visibility>0</visibility>
</Folder>
<Folder>
<name>Chave</name>
<visibility>0</visibility>
<Placemark><name>DJ_AL03060122_FICT</name><visibility>0</visibility><LookAt><longitude>-48.355886</longitude><latitude>-10.179946</latitude><altitude>1200.0</altitude><altitudeMode>absolute</altitudeMode></LookAt><styleUrl>#mapDaimonChave</styleUrl><Point><coordinates>-48.355886,-10.179946,0</coordinates></Point></Placemark>
<Placemark><name>8803775122</name><visibility>0</visibility><LookAt><longitude>-48.355577</longitude><latitude>-10.180376</latitude><altitude>1200.0</altitude><altitudeMode>absolute</altitudeMode></LookAt><styleUrl>#mapDaimonChave</styleUrl><Point><coordinates>-48.355577,-10.180376,0</coordinates></Point></Placemark>
<Placemark><name>8823529122</name><visibility>0</visibility><LookAt><longitude>-48.359771</longitude><latitude>-10.184013</latitude><altitude>1200.0</altitude><altitudeMode>absolute</altitudeMode></LookAt><styleUrl>#mapDaimonChave</styleUrl><Point><coordinates>-48.359771,-10.184013,0</coordinates></Point></Placemark>
<Placemark><name>8800883122</name><visibility>0</visibility><LookAt><longitude>-48.359753</longitude><latitude>-10.185399</latitude><altitude>1200.0</altitude><altitudeMode>absolute</altitudeMode></LookAt><styleUrl>#mapDaimonChave</styleUrl><Point><coordinates>-48.359753,-10.185399,0</coordinates></Point></Placemark>
<Placemark><name>8846458122</name><visibility>0</visibility><LookAt><longitude>-48.361227</longitude><latitude>-10.184637</latitude><altitude>1200.0</altitude><altitudeMode>absolute</altitudeMode></LookAt><styleUrl>#mapDaimonChave</styleUrl><Point><coordinates>-48.361227,-10.184637,0</coordinates></Point></Placemark>
<Placemark><name>0201810122</name><visibility>0</visibility><LookAt><longitude>-48.360692</longitude><latitude>-10.184629</latitude><altitude>1200.0</altitude><altitudeMode>absolute</altitudeMode></LookAt><styleUrl>#mapDaimonChave</styleUrl><Point><coordinates>-48.360692,-10.184629,0</coordinates></Point></Placemark>
<Placemark><name>8801441122</name><visibility>0</visibility><LookAt><longitude>-48.359696</longitude><latitude>-10.192899</latitude><altitude>1200.0</altitude><altitudeMode>absolute</altitudeMode></LookAt><styleUrl>#mapDaimonChave</styleUrl><Point><coordinates>-48.359696,-10.192899,0</coordinates></Point></Placemark>
<Placemark><name>5757247122</name><visibility>0</visibility><LookAt><longitude>-48.360423</longitude><latitude>-10.189936</latitude><altitude>1200.0</altitude><altitudeMode>absolute</altitudeMode></LookAt><styleUrl>#mapDaimonChave</styleUrl><Point><coordinates>-48.360423,-10.189936,0</coordinates></Point></Placemark>
<Placemark><name>0350722122</name><visibility>0</visibility><LookAt><longitude>-48.360408</longitude><latitude>-10.190443</latitude><altitude>1200.0</altitude><altitudeMode>absolute</altitudeMode></LookAt><styleUrl>#mapDaimonChave</styleUrl><Point><coordinates>-48.360408,-10.190443,0</coordinates></Point></Placemark>
<Placemark><name>0333764122</name><visibility>0</visibility><LookAt><longitude>-48.360583</longitude><latitude>-10.189277</latitude><altitude>1200.0</altitude><altitudeMode>absolute</altitudeMode></LookAt><styleUrl>#mapDaimonChave</styleUrl><Point><coordinates>-48.360583,-10.189277,0</coordinates></Point></Placemark>
<Placemark><name>8856877122</name><visibility>0</visibility><LookAt><longitude>-48.360215</longitude><latitude>-10.192131</latitude><altitude>1200.0</altitude><altitudeMode>absolute</altitudeMode></LookAt><styleUrl>#mapDaimonChave</styleUrl><Point><coordinates>-48.360215,-10.192131,0</coordinates></Point></Placemark>
<Placemark><name>0301435122</name><visibility>0</visibility><LookAt><longitude>-48.359878</longitude><latitude>-10.187096</latitude><altitude>1200.0</altitude><altitudeMode>absolute</altitudeMode></LookAt><styleUrl>#mapDaimonChave</styleUrl><Point><coordinates>-48.359878,-10.187096,0</coordinates></Point></Placemark>
<Placemark><name>0200982122</name><visibility>0</visibility><LookAt><longitude>-48.363243</longitude><latitude>-10.184661</latitude><altitude>1200.0</altitude><altitudeMode>absolute</altitudeMode></LookAt><styleUrl>#mapDaimonChave</styleUrl><Point><coordinates>-48.363243,-10.184661,0</coordinates></Point></Placemark>
<Placemark><name>0306276122</name><visibility>0</visibility><LookAt><longitude>-48.363748</longitude><latitude>-10.184977</latitude><altitude>1200.0</altitude><altitudeMode>absolute</altitudeMode></LookAt><styleUrl>#mapDaimonChave</styleUrl><Point><coordinates>-48.363748,-10.184977,0</coordinates></Point></Placemark>
<Placemark><name>0300924122</name><visibility>0</visibility><LookAt><longitude>-48.362401</longitude><latitude>-10.184638</latitude><altitude>1200.0</altitude><altitudeMode>absolute</altitudeMode></LookAt><styleUrl>#mapDaimonChave</styleUrl><Point><coordinates>-48.362401,-10.184638,0</coordinates></Point></Placemark>
<Placemark><name>0305302122</name><visibility>0</visibility><LookAt><longitude>-48.363426</longitude><latitude>-10.184975</latitude><altitude>1200.0</altitude><altitudeMode>absolute</altitudeMode></LookAt><styleUrl>#mapDaimonChave</styleUrl><Point><coordinates>-48.363426,-10.184975,0</coordinates></Point></Placemark>
<Placemark><name>0368604122</name><visibility>0</visibility><LookAt><longitude>-48.361896</longitude><latitude>-10.184970</latitude><altitude>1200.0</altitude><altitudeMode>absolute</altitudeMode></LookAt><styleUrl>#mapDaimonChave</styleUrl><Point><coordinates>-48.361896,-10.184970,0</coordinates></Point></Placemark>
<Placemark><name>0301219122</name><visibility>0</visibility><LookAt><longitude>-48.363555</longitude><latitude>-10.184978</latitude><altitude>1200.0</altitude><altitudeMode>absolute</altitudeMode></LookAt><styleUrl>#mapDaimonChave</styleUrl><Point><coordinates>-48.363555,-10.184978,0</coordinates></Point></Placemark>
<Placemark><name>0200912122</name><visibility>0</visibility><LookAt><longitude>-48.360550</longitude><latitude>-10.184459</latitude><altitude>1200.0</altitude><altitudeMode>absolute</altitudeMode></LookAt><styleUrl>#mapDaimonChave</styleUrl><Point><coordinates>-48.360550,-10.184459,0</coordinates></Point></Placemark>
<Placemark><name>7956927122</name><visibility>0</visibility><LookAt><longitude>-48.359639</longitude><latitude>-10.196802</latitude><altitude>1200.0</altitude><altitudeMode>absolute</altitudeMode></LookAt><styleUrl>#mapDaimonChave</styleUrl><Point><coordinates>-48.359639,-10.196802,0</coordinates></Point></Placemark>
<Placemark><name>8856734122</name><visibility>0</visibility><LookAt><longitude>-48.360384</longitude><latitude>-10.192444</latitude><altitude>1200.0</altitude><altitudeMode>absolute</altitudeMode></LookAt><styleUrl>#mapDaimonChave</styleUrl><Point><coordinates>-48.360384,-10.192444,0</coordinates></Point></Placemark>
<Placemark><name>8856980122</name><visibility>0</visibility><LookAt><longitude>-48.362311</longitude><latitude>-10.191468</latitude><altitude>1200.0</altitude><altitudeMode>absolute</altitudeMode></LookAt><styleUrl>#mapDaimonChave</styleUrl><Point><coordinates>-48.362311,-10.191468,0</coordinates></Point></Placemark>
<Placemark><name>0201290122</name><visibility>0</visibility><LookAt><longitude>-48.364023</longitude><latitude>-10.185161</latitude><altitude>1200.0</altitude><altitudeMode>absolute</altitudeMode></LookAt><styleUrl>#mapDaimonChave</styleUrl><Point><coordinates>-48.364023,-10.185161,0</coordinates></Point></Placemark>
<Placemark><name>8801444122</name><visibility>0</visibility><LookAt><longitude>-48.359641</longitude><latitude>-10.197228</latitude><altitude>1200.0</altitude><altitudeMode>absolute</altitudeMode></LookAt><styleUrl>#mapDaimonChave</styleUrl><Point><coordinates>-48.359641,-10.197228,0</coordinates></Point></Placemark>
<Placemark><name>8852153122</name><visibility>0</visibility><LookAt><longitude>-48.361971</longitude><latitude>-10.194881</latitude><altitude>1200.0</altitude><altitudeMode>absolute</altitudeMode></LookAt><styleUrl>#mapDaimonChave</styleUrl><Point><coordinates>-48.361971,-10.194881,0</coordinates></Point></Placemark>
<Placemark><name>8849738122</name><visibility>0</visibility><LookAt><longitude>-48.362210</longitude><latitude>-10.195921</latitude><altitude>1200.0</altitude><altitudeMode>absolute</altitudeMode></LookAt><styleUrl>#mapDaimonChave</styleUrl><Point><coordinates>-48.362210,-10.195921,0</coordinates></Point></Placemark>
<Placemark><name>8856198122</name><visibility>0</visibility><LookAt><longitude>-48.362308</longitude><latitude>-10.193210</latitude><altitude>1200.0</altitude><altitudeMode>absolute</altitudeMode></LookAt><styleUrl>#mapDaimonChave</styleUrl><Point><coordinates>-48.362308,-10.193210,0</coordinates></Point></Placemark>
<Placemark><name>0301142122</name><visibility>0</visibility><LookAt><longitude>-48.359642</longitude><latitude>-10.198723</latitude><altitude>1200.0</altitude><altitudeMode>absolute</altitudeMode></LookAt><styleUrl>#mapDaimonChave</styleUrl><Point><coordinates>-48.359642,-10.198723,0</coordinates></Point></Placemark>
<Placemark><name>8801180122</name><visibility>0</visibility><LookAt><longitude>-48.359338</longitude><latitude>-10.198716</latitude><altitude>1200.0</altitude><altitudeMode>absolute</altitudeMode></LookAt><styleUrl>#mapDaimonChave</styleUrl><Point><coordinates>-48.359338,-10.198716,0</coordinates></Point></Placemark>
<Placemark><name>8861726122</name><visibility>0</visibility><LookAt><longitude>-48.363501</longitude><latitude>-10.196659</latitude><altitude>1200.0</altitude><altitudeMode>absolute</altitudeMode></LookAt><styleUrl>#mapDaimonChave</styleUrl><Point><coordinates>-48.363501,-10.196659,0</coordinates></Point></Placemark>
<Placemark><name>0363882122</name><visibility>0</visibility><LookAt><longitude>-48.363669</longitude><latitude>-10.193203</latitude><altitude>1200.0</altitude><altitudeMode>absolute</altitudeMode></LookAt><styleUrl>#mapDaimonChave</styleUrl><Point><coordinates>-48.363669,-10.193203,0</coordinates></Point></Placemark>
<Placemark><name>8849918122</name><visibility>0</visibility><LookAt><longitude>-48.364205</longitude><latitude>-10.194749</latitude><altitude>1200.0</altitude><altitudeMode>absolute</altitudeMode></LookAt><styleUrl>#mapDaimonChave</styleUrl><Point><coordinates>-48.364205,-10.194749,0</coordinates></Point></Placemark>
<Placemark><name>0251005122</name><visibility>0</visibility><LookAt><longitude>-48.363353</longitude><latitude>-10.192671</latitude><altitude>1200.0</altitude><altitudeMode>absolute</altitudeMode></LookAt><styleUrl>#mapDaimonChave</styleUrl><Point><coordinates>-48.363353,-10.192671,0</coordinates></Point></Placemark>
<Placemark><name>8858451122</name><visibility>0</visibility><LookAt><longitude>-48.364192</longitude><latitude>-10.193187</latitude><altitude>1200.0</altitude><altitudeMode>absolute</altitudeMode></LookAt><styleUrl>#mapDaimonChave</styleUrl><Point><coordinates>-48.364192,-10.193187,0</coordinates></Point></Placemark>
<Placemark><name>0356218122</name><visibility>0</visibility><LookAt><longitude>-48.363883</longitude><latitude>-10.194044</latitude><altitude>1200.0</altitude><altitudeMode>absolute</altitudeMode></LookAt><styleUrl>#mapDaimonChave</styleUrl><Point><coordinates>-48.363883,-10.194044,0</coordinates></Point></Placemark>
<Placemark><name>0201483122</name><visibility>0</visibility><LookAt><longitude>-48.366168</longitude><latitude>-10.208156</latitude><altitude>1200.0</altitude><altitudeMode>absolute</altitudeMode></LookAt><styleUrl>#mapDaimonChave</styleUrl><Point><coordinates>-48.366168,-10.208156,0</coordinates></Point></Placemark>
<Placemark><name>0203848122</name><visibility>0</visibility><LookAt><longitude>-48.366552</longitude><latitude>-10.209150</latitude><altitude>1200.0</altitude><altitudeMode>absolute</altitudeMode></LookAt><styleUrl>#mapDaimonChave</styleUrl><Point><coordinates>-48.366552,-10.209150,0</coordinates></Point></Placemark>
<Placemark><name>0201481122</name><visibility>0</visibility><LookAt><longitude>-48.363525</longitude><latitude>-10.201352</latitude><altitude>1200.0</altitude><altitudeMode>absolute</altitudeMode></LookAt><styleUrl>#mapDaimonChave</styleUrl><Point><coordinates>-48.363525,-10.201352,0</coordinates></Point></Placemark>
<Placemark><name>0201482122</name><visibility>0</visibility><LookAt><longitude>-48.365075</longitude><latitude>-10.204942</latitude><altitude>1200.0</altitude><altitudeMode>absolute</altitudeMode></LookAt><styleUrl>#mapDaimonChave</styleUrl><Point><coordinates>-48.365075,-10.204942,0</coordinates></Point></Placemark>
<Placemark><name>0303850122</name><visibility>0</visibility><LookAt><longitude>-48.366895</longitude><latitude>-10.210046</latitude><altitude>1200.0</altitude><altitudeMode>absolute</altitudeMode></LookAt><styleUrl>#mapDaimonChave</styleUrl><Point><coordinates>-48.366895,-10.210046,0</coordinates></Point></Placemark>
<Placemark><name>0311111122</name><visibility>0</visibility><LookAt><longitude>-48.360048</longitude><latitude>-10.202066</latitude><altitude>1200.0</altitude><altitudeMode>absolute</altitudeMode></LookAt><styleUrl>#mapDaimonChave</styleUrl><Point><coordinates>-48.360048,-10.202066,0</coordinates></Point></Placemark>
<Placemark><name>8804732122</name><visibility>0</visibility><LookAt><longitude>-48.361417</longitude><latitude>-10.205107</latitude><altitude>1200.0</altitude><altitudeMode>absolute</altitudeMode></LookAt><styleUrl>#mapDaimonChave</styleUrl><Point><coordinates>-48.361417,-10.205107,0</coordinates></Point></Placemark>
<Placemark><name>8861876122</name><visibility>0</visibility><LookAt><longitude>-48.360873</longitude><latitude>-10.204643</latitude><altitude>1200.0</altitude><altitudeMode>absolute</altitudeMode></LookAt><styleUrl>#mapDaimonChave</styleUrl><Point><coordinates>-48.360873,-10.204643,0</coordinates></Point></Placemark>
<Placemark><name>8841531122</name><visibility>0</visibility><LookAt><longitude>-48.364731</longitude><latitude>-10.196643</latitude><altitude>1200.0</altitude><altitudeMode>absolute</altitudeMode></LookAt><styleUrl>#mapDaimonChave</styleUrl><Point><coordinates>-48.364731,-10.196643,0</coordinates></Point></Placemark>
<Placemark><name>0358499122</name><visibility>0</visibility><LookAt><longitude>-48.363943</longitude><latitude>-10.196667</latitude><altitude>1200.0</altitude><altitudeMode>absolute</altitudeMode></LookAt><styleUrl>#mapDaimonChave</styleUrl><Point><coordinates>-48.363943,-10.196667,0</coordinates></Point></Placemark>
<Placemark><name>0324161122</name><visibility>0</visibility><LookAt><longitude>-48.364738</longitude><latitude>-10.194912</latitude><altitude>1200.0</altitude><altitudeMode>absolute</altitudeMode></LookAt><styleUrl>#mapDaimonChave</styleUrl><Point><coordinates>-48.364738,-10.194912,0</coordinates></Point></Placemark>
<Placemark><name>8857275122</name><visibility>0</visibility><LookAt><longitude>-48.364942</longitude><latitude>-10.194918</latitude><altitude>1200.0</altitude><altitudeMode>absolute</altitudeMode></LookAt><styleUrl>#mapDaimonChave</styleUrl><Point><coordinates>-48.364942,-10.194918,0</coordinates></Point></Placemark>
<Placemark><name>0223525122</name><visibility>0</visibility><LookAt><longitude>-48.364663</longitude><latitude>-10.193759</latitude><altitude>1200.0</altitude><altitudeMode>absolute</altitudeMode></LookAt><styleUrl>#mapDaimonChave</styleUrl><Point><coordinates>-48.364663,-10.193759,0</coordinates></Point></Placemark>
<Placemark><name>0356226122</name><visibility>0</visibility><LookAt><longitude>-48.363142</longitude><latitude>-10.194036</latitude><altitude>1200.0</altitude><altitudeMode>absolute</altitudeMode></LookAt><styleUrl>#mapDaimonChave</styleUrl><Point><coordinates>-48.363142,-10.194036,0</coordinates></Point></Placemark>
<Placemark><name>8851629122</name><visibility>0</visibility><LookAt><longitude>-48.364067</longitude><latitude>-10.211279</latitude><altitude>1200.0</altitude><altitudeMode>absolute</altitudeMode></LookAt><styleUrl>#mapDaimonChave</styleUrl><Point><coordinates>-48.364067,-10.211279,0</coordinates></Point></Placemark>
<Placemark><name>9007756122</name><visibility>0</visibility><LookAt><longitude>-48.361390</longitude><latitude>-10.211258</latitude><altitude>1200.0</altitude><altitudeMode>absolute</altitudeMode></LookAt><styleUrl>#mapDaimonChave</styleUrl><Point><coordinates>-48.361390,-10.211258,0</coordinates></Point></Placemark>
<Placemark><name>0303903122</name><visibility>0</visibility><LookAt><longitude>-48.363729</longitude><latitude>-10.210162</latitude><altitude>1200.0</altitude><altitudeMode>absolute</altitudeMode></LookAt><styleUrl>#mapDaimonChave</styleUrl><Point><coordinates>-48.363729,-10.210162,0</coordinates></Point></Placemark>
<Placemark><name>8861994122</name><visibility>0</visibility><LookAt><longitude>-48.365146</longitude><latitude>-10.196585</latitude><altitude>1200.0</altitude><altitudeMode>absolute</altitudeMode></LookAt><styleUrl>#mapDaimonChave</styleUrl><Point><coordinates>-48.365146,-10.196585,0</coordinates></Point></Placemark>
<Placemark><name>0363058122</name><visibility>0</visibility><LookAt><longitude>-48.365332</longitude><latitude>-10.197133</latitude><altitude>1200.0</altitude><altitudeMode>absolute</altitudeMode></LookAt><styleUrl>#mapDaimonChave</styleUrl><Point><coordinates>-48.365332,-10.197133,0</coordinates></Point></Placemark>
<Placemark><name>8864430122</name><visibility>0</visibility><LookAt><longitude>-48.365558</longitude><latitude>-10.197664</latitude><altitude>1200.0</altitude><altitudeMode>absolute</altitudeMode></LookAt><styleUrl>#mapDaimonChave</styleUrl><Point><coordinates>-48.365558,-10.197664,0</coordinates></Point></Placemark>
<Placemark><name>8804306122</name><visibility>0</visibility><LookAt><longitude>-48.363842</longitude><latitude>-10.209646</latitude><altitude>1200.0</altitude><altitudeMode>absolute</altitudeMode></LookAt><styleUrl>#mapDaimonChave</styleUrl><Point><coordinates>-48.363842,-10.209646,0</coordinates></Point></Placemark>
<Placemark><name>0301484122</name><visibility>0</visibility><LookAt><longitude>-48.365996</longitude><latitude>-10.212833</latitude><altitude>1200.0</altitude><altitudeMode>absolute</altitudeMode></LookAt><styleUrl>#mapDaimonChave</styleUrl><Point><coordinates>-48.365996,-10.212833,0</coordinates></Point></Placemark>
<Placemark><name>0305942122</name><visibility>0</visibility><LookAt><longitude>-48.366154</longitude><latitude>-10.213959</latitude><altitude>1200.0</altitude><altitudeMode>absolute</altitudeMode></LookAt><styleUrl>#mapDaimonChave</styleUrl><Point><coordinates>-48.366154,-10.213959,0</coordinates></Point></Placemark>
<Placemark><name>0353735122</name><visibility>0</visibility><LookAt><longitude>-48.365496</longitude><latitude>-10.196549</latitude><altitude>1200.0</altitude><altitudeMode>absolute</altitudeMode></LookAt><styleUrl>#mapDaimonChave</styleUrl><Point><coordinates>-48.365496,-10.196549,0</coordinates></Point></Placemark>
<Placemark><name>0361754122</name><visibility>0</visibility><LookAt><longitude>-48.366300</longitude><latitude>-10.197780</latitude><altitude>1200.0</altitude><altitudeMode>absolute</altitudeMode></LookAt><styleUrl>#mapDaimonChave</styleUrl><Point><coordinates>-48.366300,-10.197780,0</coordinates></Point></Placemark>
<Placemark><name>0361654122</name><visibility>0</visibility><LookAt><longitude>-48.365538</longitude><latitude>-10.196539</latitude><altitude>1200.0</altitude><altitudeMode>absolute</altitudeMode></LookAt><styleUrl>#mapDaimonChave</styleUrl><Point><coordinates>-48.365538,-10.196539,0</coordinates></Point></Placemark>
<Placemark><name>8802107122</name><visibility>0</visibility><LookAt><longitude>-48.363119</longitude><latitude>-10.192057</latitude><altitude>1200.0</altitude><altitudeMode>absolute</altitudeMode></LookAt><styleUrl>#mapDaimonChaveNA</styleUrl><Point><coordinates>-48.363119,-10.192057,0</coordinates></Point></Placemark>
<Placemark><name>8858465122</name><visibility>0</visibility><LookAt><longitude>-48.365361</longitude><latitude>-10.195526</latitude><altitude>1200.0</altitude><altitudeMode>absolute</altitudeMode></LookAt><styleUrl>#mapDaimonChaveNA</styleUrl><Point><coordinates>-48.365361,-10.195526,0</coordinates></Point></Placemark>
<Placemark><name>8857291122</name><visibility>0</visibility><LookAt><longitude>-48.364963</longitude><latitude>-10.194505</latitude><altitude>1200.0</altitude><altitudeMode>absolute</altitudeMode></LookAt><styleUrl>#mapDaimonChaveNA</styleUrl><Point><coordinates>-48.364963,-10.194505,0</coordinates></Point></Placemark>
<Placemark><name>8858464122</name><visibility>0</visibility><LookAt><longitude>-48.364513</longitude><latitude>-10.195361</latitude><altitude>1200.0</altitude><altitudeMode>absolute</altitudeMode></LookAt><styleUrl>#mapDaimonChaveNA</styleUrl><Point><coordinates>-48.364513,-10.195361,0</coordinates></Point></Placemark>
<Placemark><name>8801438122</name><visibility>0</visibility><LookAt><longitude>-48.362328</longitude><latitude>-10.189718</latitude><altitude>1200.0</altitude><altitudeMode>absolute</altitudeMode></LookAt><styleUrl>#mapDaimonChaveNA</styleUrl><Point><coordinates>-48.362328,-10.189718,0</coordinates></Point></Placemark>
<Placemark><name>8856711122</name><visibility>0</visibility><LookAt><longitude>-48.362295</longitude><latitude>-10.192473</latitude><altitude>1200.0</altitude><altitudeMode>absolute</altitudeMode></LookAt><styleUrl>#mapDaimonChaveNA</styleUrl><Point><coordinates>-48.362295,-10.192473,0</coordinates></Point></Placemark>
<Placemark><name>0301442122</name><visibility>0</visibility><LookAt><longitude>-48.360242</longitude><latitude>-10.192290</latitude><altitude>1200.0</altitude><altitudeMode>absolute</altitudeMode></LookAt><styleUrl>#mapDaimonChaveNA</styleUrl><Point><coordinates>-48.360242,-10.192290,0</coordinates></Point></Placemark>
<Placemark><name>8856710122</name><visibility>0</visibility><LookAt><longitude>-48.362840</longitude><latitude>-10.192396</latitude><altitude>1200.0</altitude><altitudeMode>absolute</altitudeMode></LookAt><styleUrl>#mapDaimonChaveNA</styleUrl><Point><coordinates>-48.362840,-10.192396,0</coordinates></Point></Placemark>
<Placemark><name>8861635122</name><visibility>0</visibility><LookAt><longitude>-48.366140</longitude><latitude>-10.198146</latitude><altitude>1200.0</altitude><altitudeMode>absolute</altitudeMode></LookAt><styleUrl>#mapDaimonChaveNA</styleUrl><Point><coordinates>-48.366140,-10.198146,0</coordinates></Point></Placemark>
</Folder>
<Folder>
<name>EP</name>
<visibility>0</visibility>
<Placemark><name>5632520122</name><visibility>0</visibility><LookAt><longitude>-48.360234</longitude><latitude>-10.190445</latitude><altitude>1200.0</altitude><altitudeMode>absolute</altitudeMode></LookAt><styleUrl>#mapDaimonEP</styleUrl><Point><coordinates>-48.360234,-10.190445,0</coordinates></Point></Placemark>
<Placemark><name>5668666122</name><visibility>0</visibility><LookAt><longitude>-48.361879</longitude><latitude>-10.185260</latitude><altitude>1200.0</altitude><altitudeMode>absolute</altitudeMode></LookAt><styleUrl>#mapDaimonEP</styleUrl><Point><coordinates>-48.361879,-10.185260,0</coordinates></Point></Placemark>
<Placemark><name>5607718122</name><visibility>0</visibility><LookAt><longitude>-48.360179</longitude><latitude>-10.184196</latitude><altitude>1200.0</altitude><altitudeMode>absolute</altitudeMode></LookAt><styleUrl>#mapDaimonEP</styleUrl><Point><coordinates>-48.360179,-10.184196,0</coordinates></Point></Placemark>
<Placemark><name>5651005122</name><visibility>0</visibility><LookAt><longitude>-48.363370</longitude><latitude>-10.192667</latitude><altitude>1200.0</altitude><altitudeMode>absolute</altitudeMode></LookAt><styleUrl>#mapDaimonEP</styleUrl><Point><coordinates>-48.363370,-10.192667,0</coordinates></Point></Placemark>
<Placemark><name>5626008122</name><visibility>0</visibility><LookAt><longitude>-48.364905</longitude><latitude>-10.194358</latitude><altitude>1200.0</altitude><altitudeMode>absolute</altitudeMode></LookAt><styleUrl>#mapDaimonEP</styleUrl><Point><coordinates>-48.364905,-10.194358,0</coordinates></Point></Placemark>
<Placemark><name>5601481122</name><visibility>0</visibility><LookAt><longitude>-48.363737</longitude><latitude>-10.201255</latitude><altitude>1200.0</altitude><altitudeMode>absolute</altitudeMode></LookAt><styleUrl>#mapDaimonEP</styleUrl><Point><coordinates>-48.363737,-10.201255,0</coordinates></Point></Placemark>
<Placemark><name>5639733122</name><visibility>0</visibility><LookAt><longitude>-48.364641</longitude><latitude>-10.195652</latitude><altitude>1200.0</altitude><altitudeMode>absolute</altitudeMode></LookAt><styleUrl>#mapDaimonEP</styleUrl><Point><coordinates>-48.364641,-10.195652,0</coordinates></Point></Placemark>
<Placemark><name>5624399122</name><visibility>0</visibility><LookAt><longitude>-48.364580</longitude><latitude>-10.193790</latitude><altitude>1200.0</altitude><altitudeMode>absolute</altitudeMode></LookAt><styleUrl>#mapDaimonEP</styleUrl><Point><coordinates>-48.364580,-10.193790,0</coordinates></Point></Placemark>
<Placemark><name>5624764122</name><visibility>0</visibility><LookAt><longitude>-48.365981</longitude><latitude>-10.196980</latitude><altitude>1200.0</altitude><altitudeMode>absolute</altitudeMode></LookAt><styleUrl>#mapDaimonEP</styleUrl><Point><coordinates>-48.365981,-10.196980,0</coordinates></Point></Placemark>
</Folder>
<Folder>
<name>ET</name>
<visibility>0</visibility>
<Placemark><name>5742867122</name><visibility>0</visibility><LookAt><longitude>-48.359103</longitude><latitude>-10.182585</latitude><altitude>1200.0</altitude><altitudeMode>absolute</altitudeMode></LookAt><styleUrl>#mapDaimonET</styleUrl><Point><coordinates>-48.359103,-10.182585,0</coordinates></Point></Placemark>
<Placemark><name>5752208122</name><visibility>0</visibility><LookAt><longitude>-48.359749</longitude><latitude>-10.189104</latitude><altitude>1200.0</altitude><altitudeMode>absolute</altitudeMode></LookAt><styleUrl>#mapDaimonET</styleUrl><Point><coordinates>-48.359749,-10.189104,0</coordinates></Point></Placemark>
<Placemark><name>5701440122</name><visibility>0</visibility><LookAt><longitude>-48.359754</longitude><latitude>-10.188557</latitude><altitude>1200.0</altitude><altitudeMode>absolute</altitudeMode></LookAt><styleUrl>#mapDaimonET</styleUrl><Point><coordinates>-48.359754,-10.188557,0</coordinates></Point></Placemark>
<Placemark><name>5707219122</name><visibility>0</visibility><LookAt><longitude>-48.360434</longitude><latitude>-10.189552</latitude><altitude>1200.0</altitude><altitudeMode>absolute</altitudeMode></LookAt><styleUrl>#mapDaimonET</styleUrl><Point><coordinates>-48.360434,-10.189552,0</coordinates></Point></Placemark>
<Placemark><name>5761641122</name><visibility>0</visibility><LookAt><longitude>-48.359753</longitude><latitude>-10.187986</latitude><altitude>1200.0</altitude><altitudeMode>absolute</altitudeMode></LookAt><styleUrl>#mapDaimonET</styleUrl><Point><coordinates>-48.359753,-10.187986,0</coordinates></Point></Placemark>
<Placemark><name>5744951122</name><visibility>0</visibility><LookAt><longitude>-48.360432</longitude><latitude>-10.189682</latitude><altitude>1200.0</altitude><altitudeMode>absolute</altitudeMode></LookAt><styleUrl>#mapDaimonET</styleUrl><Point><coordinates>-48.360432,-10.189682,0</coordinates></Point></Placemark>
<Placemark><name>5650097122</name><visibility>0</visibility><LookAt><longitude>-48.360365</longitude><latitude>-10.188245</latitude><altitude>1200.0</altitude><altitudeMode>absolute</altitudeMode></LookAt><styleUrl>#mapDaimonET</styleUrl><Point><coordinates>-48.360365,-10.188245,0</coordinates></Point></Placemark>
<Placemark><name>5747424122</name><visibility>0</visibility><LookAt><longitude>-48.360418</longitude><latitude>-10.190398</latitude><altitude>1200.0</altitude><altitudeMode>absolute</altitudeMode></LookAt><styleUrl>#mapDaimonET</styleUrl><Point><coordinates>-48.360418,-10.190398,0</coordinates></Point></Placemark>
<Placemark><name>5752309122</name><visibility>0</visibility><LookAt><longitude>-48.359705</longitude><latitude>-10.192807</latitude><altitude>1200.0</altitude><altitudeMode>absolute</altitudeMode></LookAt><styleUrl>#mapDaimonET</styleUrl><Point><coordinates>-48.359705,-10.192807,0</coordinates></Point></Placemark>
<Placemark><name>5746243122</name><visibility>0</visibility><LookAt><longitude>-48.360398</longitude><latitude>-10.191492</latitude><altitude>1200.0</altitude><altitudeMode>absolute</altitudeMode></LookAt><styleUrl>#mapDaimonET</styleUrl><Point><coordinates>-48.360398,-10.191492,0</coordinates></Point></Placemark>
<Placemark><name>5746015122</name><visibility>0</visibility><LookAt><longitude>-48.360397</longitude><latitude>-10.191591</latitude><altitude>1200.0</altitude><altitudeMode>absolute</altitudeMode></LookAt><styleUrl>#mapDaimonET</styleUrl><Point><coordinates>-48.360397,-10.191591,0</coordinates></Point></Placemark>
<Placemark><name>5763073122</name><visibility>0</visibility><LookAt><longitude>-48.360491</longitude><latitude>-10.187572</latitude><altitude>1200.0</altitude><altitudeMode>absolute</altitudeMode></LookAt><styleUrl>#mapDaimonET</styleUrl><Point><coordinates>-48.360491,-10.187572,0</coordinates></Point></Placemark>
<Placemark><name>5701289122</name><visibility>0</visibility><LookAt><longitude>-48.362254</longitude><latitude>-10.184954</latitude><altitude>1200.0</altitude><altitudeMode>absolute</altitudeMode></LookAt><styleUrl>#mapDaimonET</styleUrl><Point><coordinates>-48.362254,-10.184954,0</coordinates></Point></Placemark>
<Placemark><name>5701443122</name><visibility>0</visibility><LookAt><longitude>-48.359646</longitude><latitude>-10.195894</latitude><altitude>1200.0</altitude><altitudeMode>absolute</altitudeMode></LookAt><styleUrl>#mapDaimonET</styleUrl><Point><coordinates>-48.359646,-10.195894,0</coordinates></Point></Placemark>
<Placemark><name>5757248122</name><visibility>0</visibility><LookAt><longitude>-48.360349</longitude><latitude>-10.189972</latitude><altitude>1200.0</altitude><altitudeMode>absolute</altitudeMode></LookAt><styleUrl>#mapDaimonET</styleUrl><Point><coordinates>-48.360349,-10.189972,0</coordinates></Point></Placemark>
<Placemark><name>5733765122</name><visibility>0</visibility><LookAt><longitude>-48.360573</longitude><latitude>-10.189139</latitude><altitude>1200.0</altitude><altitudeMode>absolute</altitudeMode></LookAt><styleUrl>#mapDaimonET</styleUrl><Point><coordinates>-48.360573,-10.189139,0</coordinates></Point></Placemark>
<Placemark><name>5757228122</name><visibility>0</visibility><LookAt><longitude>-48.362032</longitude><latitude>-10.192080</latitude><altitude>1200.0</altitude><altitudeMode>absolute</altitudeMode></LookAt><styleUrl>#mapDaimonET</styleUrl><Point><coordinates>-48.362032,-10.192080,0</coordinates></Point></Placemark>
<Placemark><name>5749748122</name><visibility>0</visibility><LookAt><longitude>-48.362307</longitude><latitude>-10.191754</latitude><altitude>1200.0</altitude><altitudeMode>absolute</altitudeMode></LookAt><styleUrl>#mapDaimonET</styleUrl><Point><coordinates>-48.362307,-10.191754,0</coordinates></Point></Placemark>
<Placemark><name>5756855122</name><visibility>0</visibility><LookAt><longitude>-48.360772</longitude><latitude>-10.192360</latitude><altitude>1200.0</altitude><altitudeMode>absolute</altitudeMode></LookAt><styleUrl>#mapDaimonET</styleUrl><Point><coordinates>-48.360772,-10.192360,0</coordinates></Point></Placemark>
<Placemark><name>5755926122</name><visibility>0</visibility><LookAt><longitude>-48.360485</longitude><latitude>-10.186666</latitude><altitude>1200.0</altitude><altitudeMode>absolute</altitudeMode></LookAt><styleUrl>#mapDaimonET</styleUrl><Point><coordinates>-48.360485,-10.186666,0</coordinates></Point></Placemark>
<Placemark><name>5761856122</name><visibility>0</visibility><LookAt><longitude>-48.362412</longitude><latitude>-10.187356</latitude><altitude>1200.0</altitude><altitudeMode>absolute</altitudeMode></LookAt><styleUrl>#mapDaimonET</styleUrl><Point><coordinates>-48.362412,-10.187356,0</coordinates></Point></Placemark>
<Placemark><name>5701436122</name><visibility>0</visibility><LookAt><longitude>-48.362323</longitude><latitude>-10.186401</latitude><altitude>1200.0</altitude><altitudeMode>absolute</altitudeMode></LookAt><styleUrl>#mapDaimonET</styleUrl><Point><coordinates>-48.362323,-10.186401,0</coordinates></Point></Placemark>
<Placemark><name>5707526122</name><visibility>0</visibility><LookAt><longitude>-48.360700</longitude><latitude>-10.185996</latitude><altitude>1200.0</altitude><altitudeMode>absolute</altitudeMode></LookAt><styleUrl>#mapDaimonET</styleUrl><Point><coordinates>-48.360700,-10.185996,0</coordinates></Point></Placemark>
<Placemark><name>5707525122</name><visibility>0</visibility><LookAt><longitude>-48.360810</longitude><latitude>-10.185995</latitude><altitude>1200.0</altitude><altitudeMode>absolute</altitudeMode></LookAt><styleUrl>#mapDaimonET</styleUrl><Point><coordinates>-48.360810,-10.185995,0</coordinates></Point></Placemark>
<Placemark><name>5762328122</name><visibility>0</visibility><LookAt><longitude>-48.362330</longitude><latitude>-10.188205</latitude><altitude>1200.0</altitude><altitudeMode>absolute</altitudeMode></LookAt><styleUrl>#mapDaimonET</styleUrl><Point><coordinates>-48.362330,-10.188205,0</coordinates></Point></Placemark>
<Placemark><name>5751537122</name><visibility>0</visibility><LookAt><longitude>-48.362331</longitude><latitude>-10.188295</latitude><altitude>1200.0</altitude><altitudeMode>absolute</altitudeMode></LookAt><styleUrl>#mapDaimonET</styleUrl><Point><coordinates>-48.362331,-10.188295,0</coordinates></Point></Placemark>
<Placemark><name>5701437122</name><visibility>0</visibility><LookAt><longitude>-48.362330</longitude><latitude>-10.188619</latitude><altitude>1200.0</altitude><altitudeMode>absolute</altitudeMode></LookAt><styleUrl>#mapDaimonET</styleUrl><Point><coordinates>-48.362330,-10.188619,0</coordinates></Point></Placemark>
<Placemark><name>5600982122</name><visibility>0</visibility><LookAt><longitude>-48.363231</longitude><latitude>-10.184491</latitude><altitude>1200.0</altitude><altitudeMode>absolute</altitudeMode></LookAt><styleUrl>#mapDaimonET</styleUrl><Point><coordinates>-48.363231,-10.184491,0</coordinates></Point></Placemark>
<Placemark><name>5600924122</name><visibility>0</visibility><LookAt><longitude>-48.362373</longitude><latitude>-10.184475</latitude><altitude>1200.0</altitude><altitudeMode>absolute</altitudeMode></LookAt><styleUrl>#mapDaimonET</styleUrl><Point><coordinates>-48.362373,-10.184475,0</coordinates></Point></Placemark>
<Placemark><name>5740399122</name><visibility>0</visibility><LookAt><longitude>-48.363428</longitude><latitude>-10.185229</latitude><altitude>1200.0</altitude><altitudeMode>absolute</altitudeMode></LookAt><styleUrl>#mapDaimonET</styleUrl><Point><coordinates>-48.363428,-10.185229,0</coordinates></Point></Placemark>
<Placemark><name>5705303122</name><visibility>0</visibility><LookAt><longitude>-48.363441</longitude><latitude>-10.186437</latitude><altitude>1200.0</altitude><altitudeMode>absolute</altitudeMode></LookAt><styleUrl>#mapDaimonET</styleUrl><Point><coordinates>-48.363441,-10.186437,0</coordinates></Point></Placemark>
<Placemark><name>5701220122</name><visibility>0</visibility><LookAt><longitude>-48.363727</longitude><latitude>-10.186120</latitude><altitude>1200.0</altitude><altitudeMode>absolute</altitudeMode></LookAt><styleUrl>#mapDaimonET</styleUrl><Point><coordinates>-48.363727,-10.186120,0</coordinates></Point></Placemark>
<Placemark><name>5701221122</name><visibility>0</visibility><LookAt><longitude>-48.363508</longitude><latitude>-10.188417</latitude><altitude>1200.0</altitude><altitudeMode>absolute</altitudeMode></LookAt><styleUrl>#mapDaimonET</styleUrl><Point><coordinates>-48.363508,-10.188417,0</coordinates></Point></Placemark>
<Placemark><name>5701222122</name><visibility>0</visibility><LookAt><longitude>-48.363381</longitude><latitude>-10.190001</latitude><altitude>1200.0</altitude><altitudeMode>absolute</altitudeMode></LookAt><styleUrl>#mapDaimonET</styleUrl><Point><coordinates>-48.363381,-10.190001,0</coordinates></Point></Placemark>
<Placemark><name>PA07714122</name><visibility>0</visibility><LookAt><longitude>-48.360250</longitude><latitude>-10.183820</latitude><altitude>1200.0</altitude><altitudeMode>absolute</altitudeMode></LookAt><styleUrl>#mapDaimonET</styleUrl><Point><coordinates>-48.360250,-10.183820,0</coordinates></Point></Placemark>
<Placemark><name>PA07711122</name><visibility>0</visibility><LookAt><longitude>-48.360604</longitude><latitude>-10.183784</latitude><altitude>1200.0</altitude><altitudeMode>absolute</altitudeMode></LookAt><styleUrl>#mapDaimonET</styleUrl><Point><coordinates>-48.360604,-10.183784,0</coordinates></Point></Placemark>
<Placemark><name>PA07716122</name><visibility>0</visibility><LookAt><longitude>-48.360159</longitude><latitude>-10.183954</latitude><altitude>1200.0</altitude><altitudeMode>absolute</altitudeMode></LookAt><styleUrl>#mapDaimonET</styleUrl><Point><coordinates>-48.360159,-10.183954,0</coordinates></Point></Placemark>
<Placemark><name>PA07706122</name><visibility>0</visibility><LookAt><longitude>-48.360858</longitude><latitude>-10.184000</latitude><altitude>1200.0</altitude><altitudeMode>absolute</altitudeMode></LookAt><styleUrl>#mapDaimonET</styleUrl><Point><coordinates>-48.360858,-10.184000,0</coordinates></Point></Placemark>
<Placemark><name>PA07704122</name><visibility>0</visibility><LookAt><longitude>-48.360882</longitude><latitude>-10.184274</latitude><altitude>1200.0</altitude><altitudeMode>absolute</altitudeMode></LookAt><styleUrl>#mapDaimonET</styleUrl><Point><coordinates>-48.360882,-10.184274,0</coordinates></Point></Placemark>
<Placemark><name>PA07721122</name><visibility>0</visibility><LookAt><longitude>-48.360373</longitude><latitude>-10.184462</latitude><altitude>1200.0</altitude><altitudeMode>absolute</altitudeMode></LookAt><styleUrl>#mapDaimonET</styleUrl><Point><coordinates>-48.360373,-10.184462,0</coordinates></Point></Placemark>
<Placemark><name>PA07703122</name><visibility>0</visibility><LookAt><longitude>-48.360708</longitude><latitude>-10.184412</latitude><altitude>1200.0</altitude><altitudeMode>absolute</altitudeMode></LookAt><styleUrl>#mapDaimonET</styleUrl><Point><coordinates>-48.360708,-10.184412,0</coordinates></Point></Placemark>
<Placemark><name>5751237122</name><visibility>0</visibility><LookAt><longitude>-48.359642</longitude><latitude>-10.197153</latitude><altitude>1200.0</altitude><altitudeMode>absolute</altitudeMode></LookAt><styleUrl>#mapDaimonET</styleUrl><Point><coordinates>-48.359642,-10.197153,0</coordinates></Point></Placemark>
<Placemark><name>5752427122</name><visibility>0</visibility><LookAt><longitude>-48.362290</longitude><latitude>-10.192704</latitude><altitude>1200.0</altitude><altitudeMode>absolute</altitudeMode></LookAt><styleUrl>#mapDaimonET</styleUrl><Point><coordinates>-48.362290,-10.192704,0</coordinates></Point></Placemark>
<Placemark><name>5701445122</name><visibility>0</visibility><LookAt><longitude>-48.362260</longitude><latitude>-10.193769</latitude><altitude>1200.0</altitude><altitudeMode>absolute</altitudeMode></LookAt><styleUrl>#mapDaimonET</styleUrl><Point><coordinates>-48.362260,-10.193769,0</coordinates></Point></Placemark>
<Placemark><name>5701446122</name><visibility>0</visibility><LookAt><longitude>-48.362214</longitude><latitude>-10.195092</latitude><altitude>1200.0</altitude><altitudeMode>absolute</altitudeMode></LookAt><styleUrl>#mapDaimonET</styleUrl><Point><coordinates>-48.362214,-10.195092,0</coordinates></Point></Placemark>
<Placemark><name>5761883122</name><visibility>0</visibility><LookAt><longitude>-48.360428</longitude><latitude>-10.193543</latitude><altitude>1200.0</altitude><altitudeMode>absolute</altitudeMode></LookAt><styleUrl>#mapDaimonET</styleUrl><Point><coordinates>-48.360428,-10.193543,0</coordinates></Point></Placemark>
<Placemark><name>5749739122</name><visibility>0</visibility><LookAt><longitude>-48.361801</longitude><latitude>-10.191153</latitude><altitude>1200.0</altitude><altitudeMode>absolute</altitudeMode></LookAt><styleUrl>#mapDaimonET</styleUrl><Point><coordinates>-48.361801,-10.191153,0</coordinates></Point></Placemark>
<Placemark><name>5701439122</name><visibility>0</visibility><LookAt><longitude>-48.362323</longitude><latitude>-10.190679</latitude><altitude>1200.0</altitude><altitudeMode>absolute</altitudeMode></LookAt><styleUrl>#mapDaimonET</styleUrl><Point><coordinates>-48.362323,-10.190679,0</coordinates></Point></Placemark>
<Placemark><name>5755923122</name><visibility>0</visibility><LookAt><longitude>-48.361473</longitude><latitude>-10.191152</latitude><altitude>1200.0</altitude><altitudeMode>absolute</altitudeMode></LookAt><styleUrl>#mapDaimonET</styleUrl><Point><coordinates>-48.361473,-10.191152,0</coordinates></Point></Placemark>
<Placemark><name>5601290122</name><visibility>0</visibility><LookAt><longitude>-48.364041</longitude><latitude>-10.185206</latitude><altitude>1200.0</altitude><altitudeMode>absolute</altitudeMode></LookAt><styleUrl>#mapDaimonET</styleUrl><Point><coordinates>-48.364041,-10.185206,0</coordinates></Point></Placemark>
<Placemark><name>5752181122</name><visibility>0</visibility><LookAt><longitude>-48.360636</longitude><latitude>-10.194881</latitude><altitude>1200.0</altitude><altitudeMode>absolute</altitudeMode></LookAt><styleUrl>#mapDaimonET</styleUrl><Point><coordinates>-48.360636,-10.194881,0</coordinates></Point></Placemark>
<Placemark><name>5764384122</name><visibility>0</visibility><LookAt><longitude>-48.360333</longitude><latitude>-10.195087</latitude><altitude>1200.0</altitude><altitudeMode>absolute</altitudeMode></LookAt><styleUrl>#mapDaimonET</styleUrl><Point><coordinates>-48.360333,-10.195087,0</coordinates></Point></Placemark>
<Placemark><name>5762426122</name><visibility>0</visibility><LookAt><longitude>-48.361308</longitude><latitude>-10.196638</latitude><altitude>1200.0</altitude><altitudeMode>absolute</altitudeMode></LookAt><styleUrl>#mapDaimonET</styleUrl><Point><coordinates>-48.361308,-10.196638,0</coordinates></Point></Placemark>
<Placemark><name>5711366122</name><visibility>0</visibility><LookAt><longitude>-48.363705</longitude><latitude>-10.193619</latitude><altitude>1200.0</altitude><altitudeMode>absolute</altitudeMode></LookAt><styleUrl>#mapDaimonET</styleUrl><Point><coordinates>-48.363705,-10.193619,0</coordinates></Point></Placemark>
<Placemark><name>5707234122</name><visibility>0</visibility><LookAt><longitude>-48.363644</longitude><latitude>-10.193479</latitude><altitude>1200.0</altitude><altitudeMode>absolute</altitudeMode></LookAt><styleUrl>#mapDaimonET</styleUrl><Point><coordinates>-48.363644,-10.193479,0</coordinates></Point></Placemark>
<Placemark><name>5701447122</name><visibility>0</visibility><LookAt><longitude>-48.363737</longitude><latitude>-10.193694</latitude><altitude>1200.0</altitude><altitudeMode>absolute</altitudeMode></LookAt><styleUrl>#mapDaimonET</styleUrl><Point><coordinates>-48.363737,-10.193694,0</coordinates></Point></Placemark>
<Placemark><name>5711359122</name><visibility>0</visibility><LookAt><longitude>-48.363873</longitude><latitude>-10.194006</latitude><altitude>1200.0</altitude><altitudeMode>absolute</altitudeMode></LookAt><styleUrl>#mapDaimonET</styleUrl><Point><coordinates>-48.363873,-10.194006,0</coordinates></Point></Placemark>
<Placemark><name>5756706122</name><visibility>0</visibility><LookAt><longitude>-48.363729</longitude><latitude>-10.193196</latitude><altitude>1200.0</altitude><altitudeMode>absolute</altitudeMode></LookAt><styleUrl>#mapDaimonET</styleUrl><Point><coordinates>-48.363729,-10.193196,0</coordinates></Point></Placemark>
<Placemark><name>5751006122</name><visibility>0</visibility><LookAt><longitude>-48.363377</longitude><latitude>-10.192737</latitude><altitude>1200.0</altitude><altitudeMode>absolute</altitudeMode></LookAt><styleUrl>#mapDaimonET</styleUrl><Point><coordinates>-48.363377,-10.192737,0</coordinates></Point></Placemark>
<Placemark><name>5756708122</name><visibility>0</visibility><LookAt><longitude>-48.363937</longitude><latitude>-10.193192</latitude><altitude>1200.0</altitude><altitudeMode>absolute</altitudeMode></LookAt><styleUrl>#mapDaimonET</styleUrl><Point><coordinates>-48.363937,-10.193192,0</coordinates></Point></Placemark>
<Placemark><name>5756709122</name><visibility>0</visibility><LookAt><longitude>-48.364141</longitude><latitude>-10.193187</latitude><altitude>1200.0</altitude><altitudeMode>absolute</altitudeMode></LookAt><styleUrl>#mapDaimonET</styleUrl><Point><coordinates>-48.364141,-10.193187,0</coordinates></Point></Placemark>
<Placemark><name>5761951022</name><visibility>0</visibility><LookAt><longitude>-48.363006</longitude><latitude>-10.193117</latitude><altitude>1200.0</altitude><altitudeMode>absolute</altitudeMode></LookAt><styleUrl>#mapDaimonET</styleUrl><Point><coordinates>-48.363006,-10.193117,0</coordinates></Point></Placemark>
<Placemark><name>5701821122</name><visibility>0</visibility><LookAt><longitude>-48.363850</longitude><latitude>-10.203367</latitude><altitude>1200.0</altitude><altitudeMode>absolute</altitudeMode></LookAt><styleUrl>#mapDaimonET</styleUrl><Point><coordinates>-48.363850,-10.203367,0</coordinates></Point></Placemark>
<Placemark><name>5703849122</name><visibility>0</visibility><LookAt><longitude>-48.366683</longitude><latitude>-10.209524</latitude><altitude>1200.0</altitude><altitudeMode>absolute</altitudeMode></LookAt><styleUrl>#mapDaimonET</styleUrl><Point><coordinates>-48.366683,-10.209524,0</coordinates></Point></Placemark>
<Placemark><name>5627837122</name><visibility>0</visibility><LookAt><longitude>-48.363582</longitude><latitude>-10.196660</latitude><altitude>1200.0</altitude><altitudeMode>absolute</altitudeMode></LookAt><styleUrl>#mapDaimonET</styleUrl><Point><coordinates>-48.363582,-10.196660,0</coordinates></Point></Placemark>
<Placemark><name>5663882122</name><visibility>0</visibility><LookAt><longitude>-48.363672</longitude><latitude>-10.193286</latitude><altitude>1200.0</altitude><altitudeMode>absolute</altitudeMode></LookAt><styleUrl>#mapDaimonET</styleUrl><Point><coordinates>-48.363672,-10.193286,0</coordinates></Point></Placemark>
<Placemark><name>5752162122</name><visibility>0</visibility><LookAt><longitude>-48.364344</longitude><latitude>-10.195028</latitude><altitude>1200.0</altitude><altitudeMode>absolute</altitudeMode></LookAt><styleUrl>#mapDaimonET</styleUrl><Point><coordinates>-48.364344,-10.195028,0</coordinates></Point></Placemark>
<Placemark><name>5752163122</name><visibility>0</visibility><LookAt><longitude>-48.364379</longitude><latitude>-10.195097</latitude><altitude>1200.0</altitude><altitudeMode>absolute</altitudeMode></LookAt><styleUrl>#mapDaimonET</styleUrl><Point><coordinates>-48.364379,-10.195097,0</coordinates></Point></Placemark>
<Placemark><name>5726015122</name><visibility>0</visibility><LookAt><longitude>-48.364870</longitude><latitude>-10.194272</latitude><altitude>1200.0</altitude><altitudeMode>absolute</altitudeMode></LookAt><styleUrl>#mapDaimonET</styleUrl><Point><coordinates>-48.364870,-10.194272,0</coordinates></Point></Placemark>
<Placemark><name>5601483122</name><visibility>0</visibility><LookAt><longitude>-48.366602</longitude><latitude>-10.208084</latitude><altitude>1200.0</altitude><altitudeMode>absolute</altitudeMode></LookAt><styleUrl>#mapDaimonET</styleUrl><Point><coordinates>-48.366602,-10.208084,0</coordinates></Point></Placemark>
<Placemark><name>5603848122</name><visibility>0</visibility><LookAt><longitude>-48.366975</longitude><latitude>-10.209186</latitude><altitude>1200.0</altitude><altitudeMode>absolute</altitudeMode></LookAt><styleUrl>#mapDaimonET</styleUrl><Point><coordinates>-48.366975,-10.209186,0</coordinates></Point></Placemark>
<Placemark><name>5601482122</name><visibility>0</visibility><LookAt><longitude>-48.366003</longitude><latitude>-10.204724</latitude><altitude>1200.0</altitude><altitudeMode>absolute</altitudeMode></LookAt><styleUrl>#mapDaimonET</styleUrl><Point><coordinates>-48.366003,-10.204724,0</coordinates></Point></Placemark>
<Placemark><name>5703850122</name><visibility>0</visibility><LookAt><longitude>-48.367046</longitude><latitude>-10.210412</latitude><altitude>1200.0</altitude><altitudeMode>absolute</altitudeMode></LookAt><styleUrl>#mapDaimonET</styleUrl><Point><coordinates>-48.367046,-10.210412,0</coordinates></Point></Placemark>
<Placemark><name>5758251122</name><visibility>0</visibility><LookAt><longitude>-48.358203</longitude><latitude>-10.203665</latitude><altitude>1200.0</altitude><altitudeMode>absolute</altitudeMode></LookAt><styleUrl>#mapDaimonET</styleUrl><Point><coordinates>-48.358203,-10.203665,0</coordinates></Point></Placemark>
<Placemark><name>5708090122</name><visibility>0</visibility><LookAt><longitude>-48.357216</longitude><latitude>-10.201472</latitude><altitude>1200.0</altitude><altitudeMode>absolute</altitudeMode></LookAt><styleUrl>#mapDaimonET</styleUrl><Point><coordinates>-48.357216,-10.201472,0</coordinates></Point></Placemark>
<Placemark><name>5752230122</name><visibility>0</visibility><LookAt><longitude>-48.359679</longitude><latitude>-10.202428</latitude><altitude>1200.0</altitude><altitudeMode>absolute</altitudeMode></LookAt><styleUrl>#mapDaimonET</styleUrl><Point><coordinates>-48.359679,-10.202428,0</coordinates></Point></Placemark>
<Placemark><name>5700875122</name><visibility>0</visibility><LookAt><longitude>-48.359965</longitude><latitude>-10.203032</latitude><altitude>1200.0</altitude><altitudeMode>absolute</altitudeMode></LookAt><styleUrl>#mapDaimonET</styleUrl><Point><coordinates>-48.359965,-10.203032,0</coordinates></Point></Placemark>
<Placemark><name>5747518122</name><visibility>0</visibility><LookAt><longitude>-48.359026</longitude><latitude>-10.200652</latitude><altitude>1200.0</altitude><altitudeMode>absolute</altitudeMode></LookAt><styleUrl>#mapDaimonET</styleUrl><Point><coordinates>-48.359026,-10.200652,0</coordinates></Point></Placemark>
<Placemark><name>5700876122</name><visibility>0</visibility><LookAt><longitude>-48.358860</longitude><latitude>-10.199378</latitude><altitude>1200.0</altitude><altitudeMode>absolute</altitudeMode></LookAt><styleUrl>#mapDaimonET</styleUrl><Point><coordinates>-48.358860,-10.199378,0</coordinates></Point></Placemark>
<Placemark><name>5765339122</name><visibility>0</visibility><LookAt><longitude>-48.358850</longitude><latitude>-10.198913</latitude><altitude>1200.0</altitude><altitudeMode>absolute</altitudeMode></LookAt><styleUrl>#mapDaimonET</styleUrl><Point><coordinates>-48.358850,-10.198913,0</coordinates></Point></Placemark>
<Placemark><name>5752209122</name><visibility>0</visibility><LookAt><longitude>-48.361528</longitude><latitude>-10.205350</latitude><altitude>1200.0</altitude><altitudeMode>absolute</altitudeMode></LookAt><styleUrl>#mapDaimonET</styleUrl><Point><coordinates>-48.361528,-10.205350,0</coordinates></Point></Placemark>
<Placemark><name>5706635122</name><visibility>0</visibility><LookAt><longitude>-48.359514</longitude><latitude>-10.204832</latitude><altitude>1200.0</altitude><altitudeMode>absolute</altitudeMode></LookAt><styleUrl>#mapDaimonET</styleUrl><Point><coordinates>-48.359514,-10.204832,0</coordinates></Point></Placemark>
<Placemark><name>5757193122</name><visibility>0</visibility><LookAt><longitude>-48.360558</longitude><latitude>-10.204726</latitude><altitude>1200.0</altitude><altitudeMode>absolute</altitudeMode></LookAt><styleUrl>#mapDaimonET</styleUrl><Point><coordinates>-48.360558,-10.204726,0</coordinates></Point></Placemark>
<Placemark><name>5701524122</name><visibility>0</visibility><LookAt><longitude>-48.364846</longitude><latitude>-10.196070</latitude><altitude>1200.0</altitude><altitudeMode>absolute</altitudeMode></LookAt><styleUrl>#mapDaimonET</styleUrl><Point><coordinates>-48.364846,-10.196070,0</coordinates></Point></Placemark>
<Placemark><name>5758375122</name><visibility>0</visibility><LookAt><longitude>-48.365280</longitude><latitude>-10.197043</latitude><altitude>1200.0</altitude><altitudeMode>absolute</altitudeMode></LookAt><styleUrl>#mapDaimonET</styleUrl><Point><coordinates>-48.365280,-10.197043,0</coordinates></Point></Placemark>
<Placemark><name>5740419122</name><visibility>0</visibility><LookAt><longitude>-48.364678</longitude><latitude>-10.195723</latitude><altitude>1200.0</altitude><altitudeMode>absolute</altitudeMode></LookAt><styleUrl>#mapDaimonET</styleUrl><Point><coordinates>-48.364678,-10.195723,0</coordinates></Point></Placemark>
<Placemark><name>5707301122</name><visibility>0</visibility><LookAt><longitude>-48.365474</longitude><latitude>-10.197430</latitude><altitude>1200.0</altitude><altitudeMode>absolute</altitudeMode></LookAt><styleUrl>#mapDaimonET</styleUrl><Point><coordinates>-48.365474,-10.197430,0</coordinates></Point></Placemark>
<Placemark><name>5758496122</name><visibility>0</visibility><LookAt><longitude>-48.363986</longitude><latitude>-10.196760</latitude><altitude>1200.0</altitude><altitudeMode>absolute</altitudeMode></LookAt><styleUrl>#mapDaimonET</styleUrl><Point><coordinates>-48.363986,-10.196760,0</coordinates></Point></Placemark>
<Placemark><name>5723579122</name><visibility>0</visibility><LookAt><longitude>-48.364741</longitude><latitude>-10.194861</latitude><altitude>1200.0</altitude><altitudeMode>absolute</altitudeMode></LookAt><styleUrl>#mapDaimonET</styleUrl><Point><coordinates>-48.364741,-10.194861,0</coordinates></Point></Placemark>
<Placemark><name>5756229122</name><visibility>0</visibility><LookAt><longitude>-48.363138</longitude><latitude>-10.193928</latitude><altitude>1200.0</altitude><altitudeMode>absolute</altitudeMode></LookAt><styleUrl>#mapDaimonET</styleUrl><Point><coordinates>-48.363138,-10.193928,0</coordinates></Point></Placemark>
<Placemark><name>5751630122</name><visibility>0</visibility><LookAt><longitude>-48.364762</longitude><latitude>-10.213849</latitude><altitude>1200.0</altitude><altitudeMode>absolute</altitudeMode></LookAt><styleUrl>#mapDaimonET</styleUrl><Point><coordinates>-48.364762,-10.213849,0</coordinates></Point></Placemark>
<Placemark><name>5711405122</name><visibility>0</visibility><LookAt><longitude>-48.366022</longitude><latitude>-10.212919</latitude><altitude>1200.0</altitude><altitudeMode>absolute</altitudeMode></LookAt><styleUrl>#mapDaimonET</styleUrl><Point><coordinates>-48.366022,-10.212919,0</coordinates></Point></Placemark>
<Placemark><name>5723523122</name><visibility>0</visibility><LookAt><longitude>-48.365943</longitude><latitude>-10.196897</latitude><altitude>1200.0</altitude><altitudeMode>absolute</altitudeMode></LookAt><styleUrl>#mapDaimonET</styleUrl><Point><coordinates>-48.365943,-10.196897,0</coordinates></Point></Placemark>
<Placemark><name>5746856122</name><visibility>0</visibility><LookAt><longitude>-48.365477</longitude><latitude>-10.195810</latitude><altitude>1200.0</altitude><altitudeMode>absolute</altitudeMode></LookAt><styleUrl>#mapDaimonET</styleUrl><Point><coordinates>-48.365477,-10.195810,0</coordinates></Point></Placemark>
<Placemark><name>5706190122</name><visibility>0</visibility><LookAt><longitude>-48.365386</longitude><latitude>-10.196567</latitude><altitude>1200.0</altitude><altitudeMode>absolute</altitudeMode></LookAt><styleUrl>#mapDaimonET</styleUrl><Point><coordinates>-48.365386,-10.196567,0</coordinates></Point></Placemark>
<Placemark><name>5706189122</name><visibility>0</visibility><LookAt><longitude>-48.365180</longitude><latitude>-10.196580</latitude><altitude>1200.0</altitude><altitudeMode>absolute</altitudeMode></LookAt><styleUrl>#mapDaimonET</styleUrl><Point><coordinates>-48.365180,-10.196580,0</coordinates></Point></Placemark>
<Placemark><name>5758489122</name><visibility>0</visibility><LookAt><longitude>-48.366286</longitude><latitude>-10.197728</latitude><altitude>1200.0</altitude><altitudeMode>absolute</altitudeMode></LookAt><styleUrl>#mapDaimonET</styleUrl><Point><coordinates>-48.366286,-10.197728,0</coordinates></Point></Placemark>
<Placemark><name>5658376122</name><visibility>0</visibility><LookAt><longitude>-48.365413</longitude><latitude>-10.197010</latitude><altitude>1200.0</altitude><altitudeMode>absolute</altitudeMode></LookAt><styleUrl>#mapDaimonET</styleUrl><Point><coordinates>-48.365413,-10.197010,0</coordinates></Point></Placemark>
<Placemark><name>5701449122</name><visibility>0</visibility><LookAt><longitude>-48.365398</longitude><latitude>-10.198132</latitude><altitude>1200.0</altitude><altitudeMode>absolute</altitudeMode></LookAt><styleUrl>#mapDaimonET</styleUrl><Point><coordinates>-48.365398,-10.198132,0</coordinates></Point></Placemark>
<Placemark><name>5701484122</name><visibility>0</visibility><LookAt><longitude>-48.366070</longitude><latitude>-10.212815</latitude><altitude>1200.0</altitude><altitudeMode>absolute</altitudeMode></LookAt><styleUrl>#mapDaimonET</styleUrl><Point><coordinates>-48.366070,-10.212815,0</coordinates></Point></Placemark>
<Placemark><name>5705882122</name><visibility>0</visibility><LookAt><longitude>-48.368111</longitude><latitude>-10.217961</latitude><altitude>1200.0</altitude><altitudeMode>absolute</altitudeMode></LookAt><styleUrl>#mapDaimonET</styleUrl><Point><coordinates>-48.368111,-10.217961,0</coordinates></Point></Placemark>
<Placemark><name>5753733122</name><visibility>0</visibility><LookAt><longitude>-48.365497</longitude><latitude>-10.196629</latitude><altitude>1200.0</altitude><altitudeMode>absolute</altitudeMode></LookAt><styleUrl>#mapDaimonET</styleUrl><Point><coordinates>-48.365497,-10.196629,0</coordinates></Point></Placemark>
<Placemark><name>5659575122</name><visibility>0</visibility><LookAt><longitude>-48.366133</longitude><latitude>-10.197830</latitude><altitude>1200.0</altitude><altitudeMode>absolute</altitudeMode></LookAt><styleUrl>#mapDaimonET</styleUrl><Point><coordinates>-48.366133,-10.197830,0</coordinates></Point></Placemark>
<Placemark><name>5653732122</name><visibility>0</visibility><LookAt><longitude>-48.365542</longitude><latitude>-10.196628</latitude><altitude>1200.0</altitude><altitudeMode>absolute</altitudeMode></LookAt><styleUrl>#mapDaimonET</styleUrl><Point><coordinates>-48.365542,-10.196628,0</coordinates></Point></Placemark>
</Folder>
<Folder>
<name>Gerador</name>
<visibility>0</visibility>
<Placemark><name>217440</name><visibility>0</visibility><LookAt><longitude>-48.363737</longitude><latitude>-10.201255</latitude><altitude>1200.0</altitude><altitudeMode>absolute</altitudeMode></LookAt><styleUrl>#mapDaimonGerador</styleUrl><Point><coordinates>-48.363737,-10.201255,0</coordinates></Point></Placemark>
</Folder>
<Folder>
<name>Reator</name>
<visibility>0</visibility>
</Folder>
<Folder>
<name>Regulador</name>
<visibility>0</visibility>
</Folder>
<Folder>
<name>Transformador</name>
<visibility>0</visibility>
</Folder>
<Folder>
<name>Trecho</name>
<Placemark><name>2685563</name><styleUrl>#styleDaimonCIRCUITO204TRECHO</styleUrl><LineString><coordinates>-48.355567,-10.180224,0 -48.355580,-10.180371,0</coordinates></LineString></Placemark>
<Placemark><name>3188109</name><styleUrl>#styleDaimonCIRCUITO204TRECHO</styleUrl><LineString><coordinates>-48.358331,-10.181783,0 -48.358422,-10.181954,0</coordinates></LineString></Placemark>
<Placemark><name>3245919</name><styleUrl>#styleDaimonCIRCUITO204TRECHO</styleUrl><LineString><coordinates>-48.358422,-10.181954,0 -48.358506,-10.182114,0</coordinates></LineString></Placemark>
<Placemark><name>3187921</name><styleUrl>#styleDaimonCIRCUITO204TRECHO</styleUrl><LineString><coordinates>-48.357972,-10.181639,0 -48.358331,-10.181783,0</coordinates></LineString></Placemark>
<Placemark><name>3246175</name><styleUrl>#styleDaimonCIRCUITO204TRECHO</styleUrl><LineString><coordinates>-48.358506,-10.182114,0 -48.358816,-10.182357,0</coordinates></LineString></Placemark>
<Placemark><name>3188107</name><styleUrl>#styleDaimonCIRCUITO204TRECHO</styleUrl><LineString><coordinates>-48.357613,-10.181489,0 -48.357972,-10.181639,0</coordinates></LineString></Placemark>
<Placemark><name>3246172</name><styleUrl>#styleDaimonCIRCUITO204TRECHO</styleUrl><LineString><coordinates>-48.358816,-10.182357,0 -48.359103,-10.182585,0</coordinates></LineString></Placemark>
<Placemark><name>3187913</name><styleUrl>#styleDaimonCIRCUITO204TRECHO</styleUrl><LineString><coordinates>-48.357255,-10.181340,0 -48.357613,-10.181489,0</coordinates></LineString></Placemark>
<Placemark><name>2494943</name><styleUrl>#styleDaimonCIRCUITO204TRECHO</styleUrl><LineString><coordinates>-48.359103,-10.182585,0 -48.359350,-10.182847,0</coordinates></LineString></Placemark>
<Placemark><name>3188114</name><styleUrl>#styleDaimonCIRCUITO204TRECHO</styleUrl><LineString><coordinates>-48.356904,-10.181179,0 -48.357255,-10.181340,0</coordinates></LineString></Placemark>
<Placemark><name>12080959</name><styleUrl>#styleDaimonCIRCUITO204TRECHO</styleUrl><LineString><coordinates>-48.359350,-10.182847,0 -48.359375,-10.182880,0</coordinates></LineString></Placemark>
<Placemark><name>3187911</name><styleUrl>#styleDaimonCIRCUITO204TRECHO</styleUrl><LineString><coordinates>-48.356555,-10.181011,0 -48.356904,-10.181179,0</coordinates></LineString></Placemark>
<Placemark><name>3246171</name><styleUrl>#styleDaimonCIRCUITO204TRECHO</styleUrl><LineString><coordinates>-48.359375,-10.182880,0 -48.359529,-10.183112,0</coordinates></LineString></Placemark>
<Placemark><name>3576495</name><styleUrl>#styleDaimonCIRCUITO204TRECHO</styleUrl><LineString><coordinates>-48.356396,-10.180924,0 -48.356555,-10.181011,0</coordinates></LineString></Placemark>
<Placemark><name>2494982</name><styleUrl>#styleDaimonCIRCUITO204TRECHO</styleUrl><LineString><coordinates>-48.359529,-10.183112,0 -48.359639,-10.183403,0</coordinates></LineString></Placemark>
<Placemark><name>3576716</name><styleUrl>#styleDaimonCIRCUITO204TRECHO</styleUrl><LineString><coordinates>-48.356215,-10.180825,0 -48.356396,-10.180924,0</coordinates></LineString></Placemark>
<Placemark><name>2494984</name><styleUrl>#styleDaimonCIRCUITO204TRECHO</styleUrl><LineString><coordinates>-48.359639,-10.183403,0 -48.359751,-10.183709,0</coordinates></LineString></Placemark>
<Placemark><name>3576489</name><styleUrl>#styleDaimonCIRCUITO204TRECHO</styleUrl><LineString><coordinates>-48.356060,-10.180737,0 -48.356215,-10.180825,0</coordinates></LineString></Placemark>
<Placemark><name>2494981</name><styleUrl>#styleDaimonCIRCUITO204TRECHO</styleUrl><LineString><coordinates>-48.359751,-10.183709,0 -48.359771,-10.184008,0</coordinates></LineString></Placemark>
<Placemark><name>3576500</name><styleUrl>#styleDaimonCIRCUITO204TRECHO</styleUrl><LineString><coordinates>-48.355881,-10.180634,0 -48.356060,-10.180737,0</coordinates></LineString></Placemark>
<Placemark><name>3552920</name><styleUrl>#styleDaimonCIRCUITO204TRECHO</styleUrl><LineString><coordinates>-48.355638,-10.180555,0 -48.355881,-10.180634,0</coordinates></LineString></Placemark>
<Placemark><name>3552919</name><styleUrl>#styleDaimonCIRCUITO204TRECHO</styleUrl><LineString><coordinates>-48.355586,-10.180535,0 -48.355638,-10.180555,0</coordinates></LineString></Placemark>
<Placemark><name>3188103</name><styleUrl>#styleDaimonCIRCUITO204TRECHO</styleUrl><LineString><coordinates>-48.355545,-10.180503,0 -48.355586,-10.180535,0</coordinates></LineString></Placemark>
<Placemark><name>3187923</name><styleUrl>#styleDaimonCIRCUITO204TRECHO</styleUrl><LineString><coordinates>-48.355508,-10.180474,0 -48.355545,-10.180503,0</coordinates></LineString></Placemark>
<Placemark><name>12074511</name><styleUrl>#styleDaimonCIRCUITO204TRECHO</styleUrl><LineString><coordinates>-48.355517,-10.180462,0 -48.355508,-10.180474,0</coordinates></LineString></Placemark>
<Placemark><name>2684772</name><styleUrl>#styleDaimonCIRCUITO204TRECHO</styleUrl><LineString><coordinates>-48.355574,-10.180381,0 -48.355517,-10.180462,0</coordinates></LineString></Placemark>
<Placemark><name>3270923</name><styleUrl>#styleDaimonCIRCUITO204TRECHO</styleUrl><LineString><coordinates>-48.359752,-10.185218,0 -48.359752,-10.185382,0</coordinates></LineString></Placemark>
<Placemark><name>12081189</name><styleUrl>#styleDaimonCIRCUITO204TRECHO</styleUrl><LineString><coordinates>-48.359770,-10.185188,0 -48.359752,-10.185218,0</coordinates></LineString></Placemark>
<Placemark><name>2811957</name><styleUrl>#styleDaimonCIRCUITO204TRECHO</styleUrl><LineString><coordinates>-48.360003,-10.184942,0 -48.359770,-10.185188,0</coordinates></LineString></Placemark>
<Placemark><name>2807710</name><styleUrl>#styleDaimonCIRCUITO204TRECHO</styleUrl><LineString><coordinates>-48.360139,-10.184908,0 -48.360003,-10.184942,0</coordinates></LineString></Placemark>
<Placemark><name>12076984</name><styleUrl>#styleDaimonCIRCUITO204TRECHO</styleUrl><LineString><coordinates>-48.360184,-10.184908,0 -48.360139,-10.184908,0</coordinates></LineString></Placemark>
<Placemark><name>3270913</name><styleUrl>#styleDaimonCIRCUITO204TRECHO</styleUrl><LineString><coordinates>-48.360304,-10.184911,0 -48.360184,-10.184908,0</coordinates></LineString></Placemark>
<Placemark><name>34279516</name><styleUrl>#styleDaimonCIRCUITO204TRECHO</styleUrl><LineString><coordinates>-48.360351,-10.184630,0 -48.360304,-10.184911,0</coordinates></LineString></Placemark>
<Placemark><name>3051312</name><styleUrl>#styleDaimonCIRCUITO204TRECHO</styleUrl><LineString><coordinates>-48.360351,-10.184630,0 -48.360644,-10.184632,0</coordinates></LineString></Placemark>
<Placemark><name>34279245</name><styleUrl>#styleDaimonCIRCUITO204TRECHO</styleUrl><LineString><coordinates>-48.360247,-10.184640,0 -48.360351,-10.184630,0</coordinates></LineString></Placemark>
<Placemark><name>12075549</name><styleUrl>#styleDaimonCIRCUITO204TRECHO</styleUrl><LineString><coordinates>-48.360644,-10.184632,0 -48.360662,-10.184632,0</coordinates></LineString></Placemark>
<Placemark><name>12072546</name><styleUrl>#styleDaimonCIRCUITO204TRECHO</styleUrl><LineString><coordinates>-48.360226,-10.184622,0 -48.360247,-10.184640,0</coordinates></LineString></Placemark>
<Placemark><name>3586065</name><styleUrl>#styleDaimonCIRCUITO204TRECHO</styleUrl><LineString><coordinates>-48.360662,-10.184632,0 -48.360698,-10.184633,0</coordinates></LineString></Placemark>
<Placemark><name>3513789</name><styleUrl>#styleDaimonCIRCUITO204TRECHO</styleUrl><LineString><coordinates>-48.360077,-10.184565,0 -48.360226,-10.184622,0</coordinates></LineString></Placemark>
<Placemark><name>3314057</name><styleUrl>#styleDaimonCIRCUITO204TRECHO</styleUrl><LineString><coordinates>-48.360698,-10.184633,0 -48.360899,-10.184634,0</coordinates></LineString></Placemark>
<Placemark><name>48531168</name><styleUrl>#styleDaimonCIRCUITO204TRECHO</styleUrl><LineString><coordinates>-48.359961,-10.184523,0 -48.360077,-10.184565,0</coordinates></LineString></Placemark>
<Placemark><name>34279305</name><styleUrl>#styleDaimonCIRCUITO204TRECHO</styleUrl><LineString><coordinates>-48.360899,-10.184634,0 -48.361242,-10.184637,0</coordinates></LineString></Placemark>
<Placemark><name>3513650</name><styleUrl>#styleDaimonCIRCUITO204TRECHO</styleUrl><LineString><coordinates>-48.359830,-10.184367,0 -48.359961,-10.184523,0</coordinates></LineString></Placemark>
<Placemark><name>2494983</name><styleUrl>#styleDaimonCIRCUITO204TRECHO</styleUrl><LineString><coordinates>-48.359778,-10.184100,0 -48.359830,-10.184367,0</coordinates></LineString></Placemark>
<Placemark><name>2533250</name><styleUrl>#styleDaimonCIRCUITO204TRECHO</styleUrl><LineString><coordinates>-48.359772,-10.184018,0 -48.359778,-10.184100,0</coordinates></LineString></Placemark>
<Placemark><name>12074037</name><styleUrl>#styleDaimonCIRCUITO204TRECHO</styleUrl><LineString><coordinates>-48.359746,-10.189343,0 -48.359767,-10.189323,0</coordinates></LineString></Placemark>
<Placemark><name>2525930</name><styleUrl>#styleDaimonCIRCUITO204TRECHO</styleUrl><LineString><coordinates>-48.359767,-10.189323,0 -48.359822,-10.189289,0</coordinates></LineString></Placemark>
<Placemark><name>3259385</name><styleUrl>#styleDaimonCIRCUITO204TRECHO</styleUrl><LineString><coordinates>-48.359749,-10.189104,0 -48.359746,-10.189343,0</coordinates></LineString></Placemark>
<Placemark><name>3040883</name><styleUrl>#styleDaimonCIRCUITO204TRECHO</styleUrl><LineString><coordinates>-48.359746,-10.189343,0 -48.359744,-10.189649,0</coordinates></LineString></Placemark>
<Placemark><name>2525931</name><styleUrl>#styleDaimonCIRCUITO204TRECHO</styleUrl><LineString><coordinates>-48.359822,-10.189289,0 -48.360233,-10.189293,0</coordinates></LineString></Placemark>
<Placemark><name>3259384</name><styleUrl>#styleDaimonCIRCUITO204TRECHO</styleUrl><LineString><coordinates>-48.359751,-10.188842,0 -48.359749,-10.189104,0</coordinates></LineString></Placemark>
<Placemark><name>3040884</name><styleUrl>#styleDaimonCIRCUITO204TRECHO</styleUrl><LineString><coordinates>-48.359744,-10.189649,0 -48.359741,-10.189937,0</coordinates></LineString></Placemark>
<Placemark><name>2525932</name><styleUrl>#styleDaimonCIRCUITO204TRECHO</styleUrl><LineString><coordinates>-48.360233,-10.189293,0 -48.360463,-10.189296,0</coordinates></LineString></Placemark>
<Placemark><name>3262407</name><styleUrl>#styleDaimonCIRCUITO204TRECHO</styleUrl><LineString><coordinates>-48.359754,-10.188557,0 -48.359751,-10.188842,0</coordinates></LineString></Placemark>
<Placemark><name>3040885</name><styleUrl>#styleDaimonCIRCUITO204TRECHO</styleUrl><LineString><coordinates>-48.359741,-10.189937,0 -48.359738,-10.190260,0</coordinates></LineString></Placemark>
<Placemark><name>2525933</name><styleUrl>#styleDaimonCIRCUITO204TRECHO</styleUrl><LineString><coordinates>-48.360463,-10.189296,0 -48.360554,-10.189297,0</coordinates></LineString></Placemark>
<Placemark><name>2525936</name><styleUrl>#styleDaimonCIRCUITO204TRECHO</styleUrl><LineString><coordinates>-48.360463,-10.189296,0 -48.360475,-10.189366,0</coordinates></LineString></Placemark>
<Placemark><name>2525934</name><styleUrl>#styleDaimonCIRCUITO204TRECHO</styleUrl><LineString><coordinates>-48.360463,-10.189296,0 -48.360480,-10.189088,0</coordinates></LineString></Placemark>
<Placemark><name>3262406</name><styleUrl>#styleDaimonCIRCUITO204TRECHO</styleUrl><LineString><coordinates>-48.359749,-10.188251,0 -48.359754,-10.188557,0</coordinates></LineString></Placemark>
<Placemark><name>3040886</name><styleUrl>#styleDaimonCIRCUITO204TRECHO</styleUrl><LineString><coordinates>-48.359738,-10.190260,0 -48.359731,-10.190577,0</coordinates></LineString></Placemark>
<Placemark><name>12078310</name><styleUrl>#styleDaimonCIRCUITO204TRECHO</styleUrl><LineString><coordinates>-48.360554,-10.189297,0 -48.360590,-10.189297,0</coordinates></LineString></Placemark>
<Placemark><name>2525937</name><styleUrl>#styleDaimonCIRCUITO204TRECHO</styleUrl><LineString><coordinates>-48.360475,-10.189366,0 -48.360434,-10.189552,0</coordinates></LineString></Placemark>
<Placemark><name>52000415</name><styleUrl>#styleDaimonCIRCUITO204TRECHO</styleUrl><LineString><coordinates>-48.360480,-10.189088,0 -48.360456,-10.189068,0</coordinates></LineString></Placemark>
<Placemark><name>3262405</name><styleUrl>#styleDaimonCIRCUITO204TRECHO</styleUrl><LineString><coordinates>-48.359753,-10.187986,0 -48.359749,-10.188251,0</coordinates></LineString></Placemark>
<Placemark><name>3040887</name><styleUrl>#styleDaimonCIRCUITO204TRECHO</styleUrl><LineString><coordinates>-48.359731,-10.190577,0 -48.359732,-10.190830,0</coordinates></LineString></Placemark>
<Placemark><name>3664609</name><styleUrl>#styleDaimonCIRCUITO204TRECHO</styleUrl><LineString><coordinates>-48.360590,-10.189297,0 -48.360583,-10.189284,0</coordinates></LineString></Placemark>
<Placemark><name>3544150</name><styleUrl>#styleDaimonCIRCUITO204TRECHO</styleUrl><LineString><coordinates>-48.360590,-10.189297,0 -48.360899,-10.189301,0</coordinates></LineString></Placemark>
<Placemark><name>2525935</name><styleUrl>#styleDaimonCIRCUITO204TRECHO</styleUrl><LineString><coordinates>-48.360434,-10.189552,0 -48.360432,-10.189682,0</coordinates></LineString></Placemark>
<Placemark><name>52000475</name><styleUrl>#styleDaimonCIRCUITO204TRECHO</styleUrl><LineString><coordinates>-48.360456,-10.189068,0 -48.360399,-10.189069,0</coordinates></LineString></Placemark>
<Placemark><name>3262404</name><styleUrl>#styleDaimonCIRCUITO204TRECHO</styleUrl><LineString><coordinates>-48.359748,-10.187628,0 -48.359753,-10.187986,0</coordinates></LineString></Placemark>
<Placemark><name>3040888</name><styleUrl>#styleDaimonCIRCUITO204TRECHO</styleUrl><LineString><coordinates>-48.359732,-10.190830,0 -48.359725,-10.191214,0</coordinates></LineString></Placemark>
<Placemark><name>3653612</name><styleUrl>#styleDaimonCIRCUITO204TRECHO</styleUrl><LineString><coordinates>-48.360432,-10.189682,0 -48.360430,-10.189808,0</coordinates></LineString></Placemark>
<Placemark><name>52000467</name><styleUrl>#styleDaimonCIRCUITO204TRECHO</styleUrl><LineString><coordinates>-48.360399,-10.189069,0 -48.360379,-10.189049,0</coordinates></LineString></Placemark>
<Placemark><name>3262160</name><styleUrl>#styleDaimonCIRCUITO204TRECHO</styleUrl><LineString><coordinates>-48.359773,-10.187462,0 -48.359748,-10.187628,0</coordinates></LineString></Placemark>
<Placemark><name>3040889</name><styleUrl>#styleDaimonCIRCUITO204TRECHO</styleUrl><LineString><coordinates>-48.359725,-10.191214,0 -48.359733,-10.191532,0</coordinates></LineString></Placemark>
<Placemark><name>40720859</name><styleUrl>#styleDaimonCIRCUITO204TRECHO</styleUrl><LineString><coordinates>-48.360430,-10.189808,0 -48.360426,-10.189946,0</coordinates></LineString></Placemark>
<Placemark><name>52000437</name><styleUrl>#styleDaimonCIRCUITO204TRECHO</styleUrl><LineString><coordinates>-48.360379,-10.189049,0 -48.360374,-10.188794,0</coordinates></LineString></Placemark>
<Placemark><name>3262159</name><styleUrl>#styleDaimonCIRCUITO204TRECHO</styleUrl><LineString><coordinates>-48.359741,-10.186986,0 -48.359773,-10.187462,0</coordinates></LineString></Placemark>
<Placemark><name>12075302</name><styleUrl>#styleDaimonCIRCUITO204TRECHO</styleUrl><LineString><coordinates>-48.359733,-10.191532,0 -48.359733,-10.191567,0</coordinates></LineString></Placemark>
<Placemark><name>T_5757247122</name><styleUrl>#styleDaimonCIRCUITO204TRECHO</styleUrl><LineString><coordinates>-48.360426,-10.189946,0 -48.360426,-10.189933,0</coordinates></LineString></Placemark>
<Placemark><name>52000438</name><styleUrl>#styleDaimonCIRCUITO204TRECHO</styleUrl><LineString><coordinates>-48.360374,-10.188794,0 -48.360370,-10.188523,0</coordinates></LineString></Placemark>
<Placemark><name>12081190</name><styleUrl>#styleDaimonCIRCUITO204TRECHO</styleUrl><LineString><coordinates>-48.359741,-10.186986,0 -48.359755,-10.186996,0</coordinates></LineString></Placemark>
<Placemark><name>3259677</name><styleUrl>#styleDaimonCIRCUITO204TRECHO</styleUrl><LineString><coordinates>-48.359761,-10.186586,0 -48.359741,-10.186986,0</coordinates></LineString></Placemark>
<Placemark><name>3040890</name><styleUrl>#styleDaimonCIRCUITO204TRECHO</styleUrl><LineString><coordinates>-48.359733,-10.191567,0 -48.359734,-10.191882,0</coordinates></LineString></Placemark>
<Placemark><name>24119682</name><styleUrl>#styleDaimonCIRCUITO204TRECHO</styleUrl><LineString><coordinates>-48.360426,-10.189933,0 -48.360421,-10.190164,0</coordinates></LineString></Placemark>
<Placemark><name>52000439</name><styleUrl>#styleDaimonCIRCUITO204TRECHO</styleUrl><LineString><coordinates>-48.360370,-10.188523,0 -48.360365,-10.188245,0</coordinates></LineString></Placemark>
<Placemark><name>3259678</name><styleUrl>#styleDaimonCIRCUITO204TRECHO</styleUrl><LineString><coordinates>-48.359755,-10.186996,0 -48.359866,-10.187095,0</coordinates></LineString></Placemark>
<Placemark><name>3262754</name><styleUrl>#styleDaimonCIRCUITO204TRECHO</styleUrl><LineString><coordinates>-48.359758,-10.186306,0 -48.359761,-10.186586,0</coordinates></LineString></Placemark>
<Placemark><name>3040891</name><styleUrl>#styleDaimonCIRCUITO204TRECHO</styleUrl><LineString><coordinates>-48.359734,-10.191882,0 -48.359854,-10.191989,0</coordinates></LineString></Placemark>
<Placemark><name>24119683</name><styleUrl>#styleDaimonCIRCUITO204TRECHO</styleUrl><LineString><coordinates>-48.360421,-10.190164,0 -48.360418,-10.190398,0</coordinates></LineString></Placemark>
<Placemark><name>52000423</name><styleUrl>#styleDaimonCIRCUITO204TRECHO</styleUrl><LineString><coordinates>-48.360365,-10.188245,0 -48.360364,-10.188176,0</coordinates></LineString></Placemark>
<Placemark><name>3262753</name><styleUrl>#styleDaimonCIRCUITO204TRECHO</styleUrl><LineString><coordinates>-48.359777,-10.186012,0 -48.359758,-10.186306,0</coordinates></LineString></Placemark>
<Placemark><name>3040892</name><styleUrl>#styleDaimonCIRCUITO204TRECHO</styleUrl><LineString><coordinates>-48.359854,-10.191989,0 -48.359960,-10.192129,0</coordinates></LineString></Placemark>
<Placemark><name>52280814</name><styleUrl>#styleDaimonCIRCUITO204TRECHO</styleUrl><LineString><coordinates>-48.360418,-10.190398,0 -48.360417,-10.190443,0</coordinates></LineString></Placemark>
<Placemark><name>55388601</name><styleUrl>#styleDaimonCIRCUITO204TRECHO</styleUrl><LineString><coordinates>-48.360364,-10.188176,0 -48.360364,-10.188148,0</coordinates></LineString></Placemark>
<Placemark><name>3270926</name><styleUrl>#styleDaimonCIRCUITO204TRECHO</styleUrl><LineString><coordinates>-48.359763,-10.185709,0 -48.359777,-10.186012,0</coordinates></LineString></Placemark>
<Placemark><name>46834940</name><styleUrl>#styleDaimonCIRCUITO204TRECHO</styleUrl><LineString><coordinates>-48.359960,-10.192129,0 -48.359983,-10.192129,0</coordinates></LineString></Placemark>
<Placemark><name>3254529</name><styleUrl>#styleDaimonCIRCUITO204TRECHO</styleUrl><LineString><coordinates>-48.359960,-10.192129,0 -48.359941,-10.192281,0</coordinates></LineString></Placemark>
<Placemark><name>24119684</name><styleUrl>#styleDaimonCIRCUITO204TRECHO</styleUrl><LineString><coordinates>-48.360417,-10.190443,0 -48.360411,-10.190634,0</coordinates></LineString></Placemark>
<Placemark><name>55388553</name><styleUrl>#styleDaimonCIRCUITO204TRECHO</styleUrl><LineString><coordinates>-48.360364,-10.188148,0 -48.360483,-10.188077,0</coordinates></LineString></Placemark>
<Placemark><name>3270924</name><styleUrl>#styleDaimonCIRCUITO204TRECHO</styleUrl><LineString><coordinates>-48.359754,-10.185416,0 -48.359763,-10.185709,0</coordinates></LineString></Placemark>
<Placemark><name>46834919</name><styleUrl>#styleDaimonCIRCUITO204TRECHO</styleUrl><LineString><coordinates>-48.359983,-10.192129,0 -48.360187,-10.192131,0</coordinates></LineString></Placemark>
<Placemark><name>12075322</name><styleUrl>#styleDaimonCIRCUITO204TRECHO</styleUrl><LineString><coordinates>-48.359941,-10.192281,0 -48.359955,-10.192282,0</coordinates></LineString></Placemark>
<Placemark><name>3254530</name><styleUrl>#styleDaimonCIRCUITO204TRECHO</styleUrl><LineString><coordinates>-48.359941,-10.192281,0 -48.359868,-10.192469,0</coordinates></LineString></Placemark>
<Placemark><name>24119685</name><styleUrl>#styleDaimonCIRCUITO204TRECHO</styleUrl><LineString><coordinates>-48.360411,-10.190634,0 -48.360409,-10.190840,0</coordinates></LineString></Placemark>
<Placemark><name>55388554</name><styleUrl>#styleDaimonCIRCUITO204TRECHO</styleUrl><LineString><coordinates>-48.360483,-10.188077,0 -48.360484,-10.187923,0</coordinates></LineString></Placemark>
<Placemark><name>3259386</name><styleUrl>#styleDaimonCIRCUITO204TRECHO</styleUrl><LineString><coordinates>-48.360187,-10.192131,0 -48.360206,-10.192131,0</coordinates></LineString></Placemark>
<Placemark><name>3261898</name><styleUrl>#styleDaimonCIRCUITO204TRECHO</styleUrl><LineString><coordinates>-48.359955,-10.192282,0 -48.360235,-10.192289,0</coordinates></LineString></Placemark>
<Placemark><name>3254531</name><styleUrl>#styleDaimonCIRCUITO204TRECHO</styleUrl><LineString><coordinates>-48.359868,-10.192469,0 -48.359724,-10.192612,0</coordinates></LineString></Placemark>
<Placemark><name>24119686</name><styleUrl>#styleDaimonCIRCUITO204TRECHO</styleUrl><LineString><coordinates>-48.360409,-10.190840,0 -48.360403,-10.191176,0</coordinates></LineString></Placemark>
<Placemark><name>55388540</name><styleUrl>#styleDaimonCIRCUITO204TRECHO</styleUrl><LineString><coordinates>-48.360484,-10.187923,0 -48.360486,-10.187701,0</coordinates></LineString></Placemark>
<Placemark><name>44176788</name><styleUrl>#styleDaimonCIRCUITO204TRECHO</styleUrl><LineString><coordinates>-48.359724,-10.192612,0 -48.359705,-10.192807,0</coordinates></LineString></Placemark>
<Placemark><name>24119687</name><styleUrl>#styleDaimonCIRCUITO204TRECHO</styleUrl><LineString><coordinates>-48.360403,-10.191176,0 -48.360398,-10.191492,0</coordinates></LineString></Placemark>
<Placemark><name>55388592</name><styleUrl>#styleDaimonCIRCUITO204TRECHO</styleUrl><LineString><coordinates>-48.360486,-10.187701,0 -48.360490,-10.187676,0</coordinates></LineString></Placemark>
<Placemark><name>3254532</name><styleUrl>#styleDaimonCIRCUITO204TRECHO</styleUrl><LineString><coordinates>-48.359705,-10.192807,0 -48.359696,-10.192897,0</coordinates></LineString></Placemark>
<Placemark><name>70589107</name><styleUrl>#styleDaimonCIRCUITO204TRECHO</styleUrl><LineString><coordinates>-48.360398,-10.191492,0 -48.360397,-10.191591,0</coordinates></LineString></Placemark>
<Placemark><name>55388583</name><styleUrl>#styleDaimonCIRCUITO204TRECHO</styleUrl><LineString><coordinates>-48.360490,-10.187676,0 -48.360491,-10.187572,0</coordinates></LineString></Placemark>
<Placemark><name>24119664</name><styleUrl>#styleDaimonCIRCUITO204TRECHO</styleUrl><LineString><coordinates>-48.360397,-10.191591,0 -48.360395,-10.191708,0</coordinates></LineString></Placemark>
<Placemark><name>55388571</name><styleUrl>#styleDaimonCIRCUITO204TRECHO</styleUrl><LineString><coordinates>-48.360491,-10.187572,0 -48.360493,-10.187429,0</coordinates></LineString></Placemark>
<Placemark><name>3259968</name><styleUrl>#styleDaimonCIRCUITO204TRECHO</styleUrl><LineString><coordinates>-48.363226,-10.184939,0 -48.363243,-10.184670,0</coordinates></LineString></Placemark>
<Placemark><name>12075325</name><styleUrl>#styleDaimonCIRCUITO204TRECHO</styleUrl><LineString><coordinates>-48.363225,-10.184956,0 -48.363226,-10.184939,0</coordinates></LineString></Placemark>
<Placemark><name>3259693</name><styleUrl>#styleDaimonCIRCUITO204TRECHO</styleUrl><LineString><coordinates>-48.363225,-10.184956,0 -48.363426,-10.184962,0</coordinates></LineString></Placemark>
<Placemark><name>3618917</name><styleUrl>#styleDaimonCIRCUITO204TRECHO</styleUrl><LineString><coordinates>-48.362988,-10.184965,0 -48.363225,-10.184956,0</coordinates></LineString></Placemark>
<Placemark><name>3259692</name><styleUrl>#styleDaimonCIRCUITO204TRECHO</styleUrl><LineString><coordinates>-48.363426,-10.184962,0 -48.363548,-10.184965,0</coordinates></LineString></Placemark>
<Placemark><name>3618914</name><styleUrl>#styleDaimonCIRCUITO204TRECHO</styleUrl><LineString><coordinates>-48.362747,-10.184974,0 -48.362988,-10.184965,0</coordinates></LineString></Placemark>
<Placemark><name>3270634</name><styleUrl>#styleDaimonCIRCUITO204TRECHO</styleUrl><LineString><coordinates>-48.363548,-10.184965,0 -48.363733,-10.184967,0</coordinates></LineString></Placemark>
<Placemark><name>3259969</name><styleUrl>#styleDaimonCIRCUITO204TRECHO</styleUrl><LineString><coordinates>-48.362403,-10.184957,0 -48.362747,-10.184974,0</coordinates></LineString></Placemark>
<Placemark><name>12075413</name><styleUrl>#styleDaimonCIRCUITO204TRECHO</styleUrl><LineString><coordinates>-48.362403,-10.184945,0 -48.362403,-10.184957,0</coordinates></LineString></Placemark>
<Placemark><name>3259972</name><styleUrl>#styleDaimonCIRCUITO204TRECHO</styleUrl><LineString><coordinates>-48.362403,-10.184957,0 -48.362254,-10.184954,0</coordinates></LineString></Placemark>
<Placemark><name>3259970</name><styleUrl>#styleDaimonCIRCUITO204TRECHO</styleUrl><LineString><coordinates>-48.362452,-10.184649,0 -48.362403,-10.184945,0</coordinates></LineString></Placemark>
<Placemark><name>3618918</name><styleUrl>#styleDaimonCIRCUITO204TRECHO</styleUrl><LineString><coordinates>-48.362254,-10.184954,0 -48.362187,-10.184956,0</coordinates></LineString></Placemark>
<Placemark><name>34279363</name><styleUrl>#styleDaimonCIRCUITO204TRECHO</styleUrl><LineString><coordinates>-48.362403,-10.184646,0 -48.362452,-10.184649,0</coordinates></LineString></Placemark>
<Placemark><name>34279347</name><styleUrl>#styleDaimonCIRCUITO204TRECHO</styleUrl><LineString><coordinates>-48.362452,-10.184649,0 -48.362817,-10.184651,0</coordinates></LineString></Placemark>
<Placemark><name>49638834</name><styleUrl>#styleDaimonCIRCUITO204TRECHO</styleUrl><LineString><coordinates>-48.362187,-10.184956,0 -48.362158,-10.184955,0</coordinates></LineString></Placemark>
<Placemark><name>34279362</name><styleUrl>#styleDaimonCIRCUITO204TRECHO</styleUrl><LineString><coordinates>-48.362122,-10.184645,0 -48.362403,-10.184646,0</coordinates></LineString></Placemark>
<Placemark><name>49638805</name><styleUrl>#styleDaimonCIRCUITO204TRECHO</styleUrl><LineString><coordinates>-48.362158,-10.184955,0 -48.361897,-10.184955,0</coordinates></LineString></Placemark>
<Placemark><name>34279361</name><styleUrl>#styleDaimonCIRCUITO204TRECHO</styleUrl><LineString><coordinates>-48.361793,-10.184642,0 -48.362122,-10.184645,0</coordinates></LineString></Placemark>
<Placemark><name>34279321</name><styleUrl>#styleDaimonCIRCUITO204TRECHO</styleUrl><LineString><coordinates>-48.361522,-10.184640,0 -48.361793,-10.184642,0</coordinates></LineString></Placemark>
<Placemark><name>34279332</name><styleUrl>#styleDaimonCIRCUITO204TRECHO</styleUrl><LineString><coordinates>-48.361211,-10.184637,0 -48.361522,-10.184640,0</coordinates></LineString></Placemark>
<Placemark><name>3270925</name><styleUrl>#styleDaimonCIRCUITO204TRECHO</styleUrl><LineString><coordinates>-48.360563,-10.184543,0 -48.360550,-10.184460,0</coordinates></LineString></Placemark>
<Placemark><name>3051304</name><styleUrl>#styleDaimonCIRCUITO204TRECHO</styleUrl><LineString><coordinates>-48.360685,-10.184624,0 -48.360563,-10.184543,0</coordinates></LineString></Placemark>
<Placemark><name>3254249</name><styleUrl>#styleDaimonCIRCUITO204TRECHO</styleUrl><LineString><coordinates>-48.359646,-10.195894,0 -48.359643,-10.196374,0</coordinates></LineString></Placemark>
<Placemark><name>3254250</name><styleUrl>#styleDaimonCIRCUITO204TRECHO</styleUrl><LineString><coordinates>-48.359643,-10.196374,0 -48.359638,-10.196783,0</coordinates></LineString></Placemark>
<Placemark><name>3254248</name><styleUrl>#styleDaimonCIRCUITO204TRECHO</styleUrl><LineString><coordinates>-48.359654,-10.195397,0 -48.359646,-10.195894,0</coordinates></LineString></Placemark>
<Placemark><name>3254247</name><styleUrl>#styleDaimonCIRCUITO204TRECHO</styleUrl><LineString><coordinates>-48.359657,-10.195118,0 -48.359654,-10.195397,0</coordinates></LineString></Placemark>
<Placemark><name>55349724</name><styleUrl>#styleDaimonCIRCUITO204TRECHO</styleUrl><LineString><coordinates>-48.359660,-10.194838,0 -48.359657,-10.195118,0</coordinates></LineString></Placemark>
<Placemark><name>3042370</name><styleUrl>#styleDaimonCIRCUITO204TRECHO</styleUrl><LineString><coordinates>-48.359674,-10.194359,0 -48.359660,-10.194838,0</coordinates></LineString></Placemark>
<Placemark><name>3044121</name><styleUrl>#styleDaimonCIRCUITO204TRECHO</styleUrl><LineString><coordinates>-48.359677,-10.194137,0 -48.359674,-10.194359,0</coordinates></LineString></Placemark>
<Placemark><name>55311493</name><styleUrl>#styleDaimonCIRCUITO204TRECHO</styleUrl><LineString><coordinates>-48.359679,-10.193918,0 -48.359677,-10.194137,0</coordinates></LineString></Placemark>
<Placemark><name>3359215</name><styleUrl>#styleDaimonCIRCUITO204TRECHO</styleUrl><LineString><coordinates>-48.359684,-10.193501,0 -48.359679,-10.193918,0</coordinates></LineString></Placemark>
<Placemark><name>3359213</name><styleUrl>#styleDaimonCIRCUITO204TRECHO</styleUrl><LineString><coordinates>-48.359686,-10.193318,0 -48.359684,-10.193501,0</coordinates></LineString></Placemark>
<Placemark><name>3359214</name><styleUrl>#styleDaimonCIRCUITO204TRECHO</styleUrl><LineString><coordinates>-48.359696,-10.192932,0 -48.359686,-10.193318,0</coordinates></LineString></Placemark>
<Placemark><name>32926575</name><styleUrl>#styleDaimonCIRCUITO204TRECHO</styleUrl><LineString><coordinates>-48.359696,-10.192901,0 -48.359696,-10.192932,0</coordinates></LineString></Placemark>
<Placemark><name>40720886</name><styleUrl>#styleDaimonCIRCUITO204TRECHO</styleUrl><LineString><coordinates>-48.360419,-10.189938,0 -48.360349,-10.189972,0</coordinates></LineString></Placemark>
<Placemark><name>53024349</name><styleUrl>#styleDaimonCIRCUITO204TRECHO</styleUrl><LineString><coordinates>-48.360234,-10.190445,0 -48.360192,-10.190379,0</coordinates></LineString></Placemark>
<Placemark><name>52280804</name><styleUrl>#styleDaimonCIRCUITO204TRECHO</styleUrl><LineString><coordinates>-48.360398,-10.190444,0 -48.360234,-10.190445,0</coordinates></LineString></Placemark>
<Placemark><name>3544151</name><styleUrl>#styleDaimonCIRCUITO204TRECHO</styleUrl><LineString><coordinates>-48.360582,-10.189270,0 -48.360573,-10.189139,0</coordinates></LineString></Placemark>
<Placemark><name>47084039</name><styleUrl>#styleDaimonCIRCUITO204TRECHO</styleUrl><LineString><coordinates>-48.362300,-10.192387,0 -48.362301,-10.192082,0</coordinates></LineString></Placemark>
<Placemark><name>3288418</name><styleUrl>#styleDaimonCIRCUITO204TRECHO</styleUrl><LineString><coordinates>-48.362027,-10.192381,0 -48.362300,-10.192387,0</coordinates></LineString></Placemark>
<Placemark><name>3288417</name><styleUrl>#styleDaimonCIRCUITO204TRECHO</styleUrl><LineString><coordinates>-48.362300,-10.192387,0 -48.362295,-10.192461,0</coordinates></LineString></Placemark>
<Placemark><name>3288419</name><styleUrl>#styleDaimonCIRCUITO204TRECHO</styleUrl><LineString><coordinates>-48.362300,-10.192387,0 -48.362342,-10.192388,0</coordinates></LineString></Placemark>
<Placemark><name>47084070</name><styleUrl>#styleDaimonCIRCUITO204TRECHO</styleUrl><LineString><coordinates>-48.362301,-10.192082,0 -48.362366,-10.192082,0</coordinates></LineString></Placemark>
<Placemark><name>3288416</name><styleUrl>#styleDaimonCIRCUITO204TRECHO</styleUrl><LineString><coordinates>-48.362301,-10.192082,0 -48.362302,-10.192025,0</coordinates></LineString></Placemark>
<Placemark><name>47084060</name><styleUrl>#styleDaimonCIRCUITO204TRECHO</styleUrl><LineString><coordinates>-48.362301,-10.192082,0 -48.362032,-10.192080,0</coordinates></LineString></Placemark>
<Placemark><name>3259888</name><styleUrl>#styleDaimonCIRCUITO204TRECHO</styleUrl><LineString><coordinates>-48.361740,-10.192377,0 -48.362027,-10.192381,0</coordinates></LineString></Placemark>
<Placemark><name>3259886</name><styleUrl>#styleDaimonCIRCUITO204TRECHO</styleUrl><LineString><coordinates>-48.362342,-10.192388,0 -48.362570,-10.192391,0</coordinates></LineString></Placemark>
<Placemark><name>3259399</name><styleUrl>#styleDaimonCIRCUITO204TRECHO</styleUrl><LineString><coordinates>-48.362302,-10.192025,0 -48.362307,-10.191754,0</coordinates></LineString></Placemark>
<Placemark><name>47084049</name><styleUrl>#styleDaimonCIRCUITO204TRECHO</styleUrl><LineString><coordinates>-48.362032,-10.192080,0 -48.361717,-10.192078,0</coordinates></LineString></Placemark>
<Placemark><name>3259889</name><styleUrl>#styleDaimonCIRCUITO204TRECHO</styleUrl><LineString><coordinates>-48.361411,-10.192371,0 -48.361740,-10.192377,0</coordinates></LineString></Placemark>
<Placemark><name>3259885</name><styleUrl>#styleDaimonCIRCUITO204TRECHO</styleUrl><LineString><coordinates>-48.362570,-10.192391,0 -48.362824,-10.192396,0</coordinates></LineString></Placemark>
<Placemark><name>3259672</name><styleUrl>#styleDaimonCIRCUITO204TRECHO</styleUrl><LineString><coordinates>-48.362307,-10.191754,0 -48.362312,-10.191455,0</coordinates></LineString></Placemark>
<Placemark><name>3261894</name><styleUrl>#styleDaimonCIRCUITO204TRECHO</styleUrl><LineString><coordinates>-48.361051,-10.192365,0 -48.361411,-10.192371,0</coordinates></LineString></Placemark>
<Placemark><name>3261895</name><styleUrl>#styleDaimonCIRCUITO204TRECHO</styleUrl><LineString><coordinates>-48.360772,-10.192360,0 -48.361051,-10.192365,0</coordinates></LineString></Placemark>
<Placemark><name>3261896</name><styleUrl>#styleDaimonCIRCUITO204TRECHO</styleUrl><LineString><coordinates>-48.360524,-10.192296,0 -48.360772,-10.192360,0</coordinates></LineString></Placemark>
<Placemark><name>3261897</name><styleUrl>#styleDaimonCIRCUITO204TRECHO</styleUrl><LineString><coordinates>-48.360389,-10.192292,0 -48.360524,-10.192296,0</coordinates></LineString></Placemark>
<Placemark><name>46834967</name><styleUrl>#styleDaimonCIRCUITO204TRECHO</styleUrl><LineString><coordinates>-48.360391,-10.192132,0 -48.360389,-10.192292,0</coordinates></LineString></Placemark>
<Placemark><name>46834957</name><styleUrl>#styleDaimonCIRCUITO204TRECHO</styleUrl><LineString><coordinates>-48.360389,-10.192292,0 -48.360384,-10.192429,0</coordinates></LineString></Placemark>
<Placemark><name>46834950</name><styleUrl>#styleDaimonCIRCUITO204TRECHO</styleUrl><LineString><coordinates>-48.360389,-10.192292,0 -48.360250,-10.192290,0</coordinates></LineString></Placemark>
<Placemark><name>46834909</name><styleUrl>#styleDaimonCIRCUITO204TRECHO</styleUrl><LineString><coordinates>-48.360391,-10.192132,0 -48.360391,-10.192078,0</coordinates></LineString></Placemark>
<Placemark><name>46834930</name><styleUrl>#styleDaimonCIRCUITO204TRECHO</styleUrl><LineString><coordinates>-48.360225,-10.192131,0 -48.360391,-10.192132,0</coordinates></LineString></Placemark>
<Placemark><name>46834899</name><styleUrl>#styleDaimonCIRCUITO204TRECHO</styleUrl><LineString><coordinates>-48.360391,-10.192132,0 -48.360421,-10.192132,0</coordinates></LineString></Placemark>
<Placemark><name>2685230</name><styleUrl>#styleDaimonCIRCUITO204TRECHO</styleUrl><LineString><coordinates>-48.359890,-10.187097,0 -48.360100,-10.187107,0</coordinates></LineString></Placemark>
<Placemark><name>2685231</name><styleUrl>#styleDaimonCIRCUITO204TRECHO</styleUrl><LineString><coordinates>-48.360100,-10.187107,0 -48.360294,-10.187107,0</coordinates></LineString></Placemark>
<Placemark><name>2685232</name><styleUrl>#styleDaimonCIRCUITO204TRECHO</styleUrl><LineString><coordinates>-48.360294,-10.187107,0 -48.360543,-10.187079,0</coordinates></LineString></Placemark>
<Placemark><name>12078016</name><styleUrl>#styleDaimonCIRCUITO204TRECHO</styleUrl><LineString><coordinates>-48.360543,-10.187079,0 -48.360517,-10.187051,0</coordinates></LineString></Placemark>
<Placemark><name>2685233</name><styleUrl>#styleDaimonCIRCUITO204TRECHO</styleUrl><LineString><coordinates>-48.360543,-10.187079,0 -48.360781,-10.187081,0</coordinates></LineString></Placemark>
<Placemark><name>3448807</name><styleUrl>#styleDaimonCIRCUITO204TRECHO</styleUrl><LineString><coordinates>-48.360517,-10.187051,0 -48.360458,-10.186987,0</coordinates></LineString></Placemark>
<Placemark><name>2685234</name><styleUrl>#styleDaimonCIRCUITO204TRECHO</styleUrl><LineString><coordinates>-48.360781,-10.187081,0 -48.360941,-10.187089,0</coordinates></LineString></Placemark>
<Placemark><name>3448808</name><styleUrl>#styleDaimonCIRCUITO204TRECHO</styleUrl><LineString><coordinates>-48.360458,-10.186987,0 -48.360487,-10.186755,0</coordinates></LineString></Placemark>
<Placemark><name>2685235</name><styleUrl>#styleDaimonCIRCUITO204TRECHO</styleUrl><LineString><coordinates>-48.360941,-10.187089,0 -48.361266,-10.187078,0</coordinates></LineString></Placemark>
<Placemark><name>41849512</name><styleUrl>#styleDaimonCIRCUITO204TRECHO</styleUrl><LineString><coordinates>-48.360487,-10.186755,0 -48.360485,-10.186666,0</coordinates></LineString></Placemark>
<Placemark><name>2685236</name><styleUrl>#styleDaimonCIRCUITO204TRECHO</styleUrl><LineString><coordinates>-48.361266,-10.187078,0 -48.361587,-10.187075,0</coordinates></LineString></Placemark>
<Placemark><name>3448809</name><styleUrl>#styleDaimonCIRCUITO204TRECHO</styleUrl><LineString><coordinates>-48.360485,-10.186666,0 -48.360481,-10.186496,0</coordinates></LineString></Placemark>
<Placemark><name>3050945</name><styleUrl>#styleDaimonCIRCUITO204TRECHO</styleUrl><LineString><coordinates>-48.361587,-10.187075,0 -48.361844,-10.187091,0</coordinates></LineString></Placemark>
<Placemark><name>3448810</name><styleUrl>#styleDaimonCIRCUITO204TRECHO</styleUrl><LineString><coordinates>-48.360481,-10.186496,0 -48.360478,-10.186246,0</coordinates></LineString></Placemark>
<Placemark><name>3050946</name><styleUrl>#styleDaimonCIRCUITO204TRECHO</styleUrl><LineString><coordinates>-48.361844,-10.187091,0 -48.362106,-10.187105,0</coordinates></LineString></Placemark>
<Placemark><name>3448811</name><styleUrl>#styleDaimonCIRCUITO204TRECHO</styleUrl><LineString><coordinates>-48.360478,-10.186246,0 -48.360476,-10.185957,0</coordinates></LineString></Placemark>
<Placemark><name>3279672</name><styleUrl>#styleDaimonCIRCUITO204TRECHO</styleUrl><LineString><coordinates>-48.362106,-10.187105,0 -48.362319,-10.187085,0</coordinates></LineString></Placemark>
<Placemark><name>12078014</name><styleUrl>#styleDaimonCIRCUITO204TRECHO</styleUrl><LineString><coordinates>-48.360476,-10.185957,0 -48.360494,-10.185983,0</coordinates></LineString></Placemark>
<Placemark><name>3448816</name><styleUrl>#styleDaimonCIRCUITO204TRECHO</styleUrl><LineString><coordinates>-48.360476,-10.185957,0 -48.360475,-10.185833,0</coordinates></LineString></Placemark>
<Placemark><name>3279913</name><styleUrl>#styleDaimonCIRCUITO204TRECHO</styleUrl><LineString><coordinates>-48.362319,-10.187085,0 -48.362314,-10.186953,0</coordinates></LineString></Placemark>
<Placemark><name>3279673</name><styleUrl>#styleDaimonCIRCUITO204TRECHO</styleUrl><LineString><coordinates>-48.362319,-10.187085,0 -48.362398,-10.187079,0</coordinates></LineString></Placemark>
<Placemark><name>36826681</name><styleUrl>#styleDaimonCIRCUITO204TRECHO</styleUrl><LineString><coordinates>-48.362319,-10.187085,0 -48.362330,-10.187355,0</coordinates></LineString></Placemark>
<Placemark><name>3448812</name><styleUrl>#styleDaimonCIRCUITO204TRECHO</styleUrl><LineString><coordinates>-48.360494,-10.185983,0 -48.360536,-10.185995,0</coordinates></LineString></Placemark>
<Placemark><name>3259676</name><styleUrl>#styleDaimonCIRCUITO204TRECHO</styleUrl><LineString><coordinates>-48.362314,-10.186953,0 -48.362326,-10.186713,0</coordinates></LineString></Placemark>
<Placemark><name>36826711</name><styleUrl>#styleDaimonCIRCUITO204TRECHO</styleUrl><LineString><coordinates>-48.362330,-10.187355,0 -48.362412,-10.187356,0</coordinates></LineString></Placemark>
<Placemark><name>3279914</name><styleUrl>#styleDaimonCIRCUITO204TRECHO</styleUrl><LineString><coordinates>-48.362330,-10.187355,0 -48.362332,-10.187408,0</coordinates></LineString></Placemark>
<Placemark><name>36826690</name><styleUrl>#styleDaimonCIRCUITO204TRECHO</styleUrl><LineString><coordinates>-48.362330,-10.187355,0 -48.362137,-10.187350,0</coordinates></LineString></Placemark>
<Placemark><name>12078015</name><styleUrl>#styleDaimonCIRCUITO204TRECHO</styleUrl><LineString><coordinates>-48.360536,-10.185995,0 -48.360568,-10.185997,0</coordinates></LineString></Placemark>
<Placemark><name>3259397</name><styleUrl>#styleDaimonCIRCUITO204TRECHO</styleUrl><LineString><coordinates>-48.362326,-10.186713,0 -48.362323,-10.186401,0</coordinates></LineString></Placemark>
<Placemark><name>36826700</name><styleUrl>#styleDaimonCIRCUITO204TRECHO</styleUrl><LineString><coordinates>-48.362412,-10.187356,0 -48.362756,-10.187363,0</coordinates></LineString></Placemark>
<Placemark><name>3262162</name><styleUrl>#styleDaimonCIRCUITO204TRECHO</styleUrl><LineString><coordinates>-48.362332,-10.187408,0 -48.362331,-10.187676,0</coordinates></LineString></Placemark>
<Placemark><name>3448815</name><styleUrl>#styleDaimonCIRCUITO204TRECHO</styleUrl><LineString><coordinates>-48.360568,-10.185997,0 -48.360700,-10.185996,0</coordinates></LineString></Placemark>
<Placemark><name>3259396</name><styleUrl>#styleDaimonCIRCUITO204TRECHO</styleUrl><LineString><coordinates>-48.362323,-10.186401,0 -48.362318,-10.186199,0</coordinates></LineString></Placemark>
<Placemark><name>3254720</name><styleUrl>#styleDaimonCIRCUITO204TRECHO</styleUrl><LineString><coordinates>-48.362331,-10.187676,0 -48.362331,-10.188005,0</coordinates></LineString></Placemark>
<Placemark><name>3448814</name><styleUrl>#styleDaimonCIRCUITO204TRECHO</styleUrl><LineString><coordinates>-48.360700,-10.185996,0 -48.360810,-10.185995,0</coordinates></LineString></Placemark>
<Placemark><name>43005528</name><styleUrl>#styleDaimonCIRCUITO204TRECHO</styleUrl><LineString><coordinates>-48.362331,-10.188005,0 -48.362330,-10.188205,0</coordinates></LineString></Placemark>
<Placemark><name>3448813</name><styleUrl>#styleDaimonCIRCUITO204TRECHO</styleUrl><LineString><coordinates>-48.360810,-10.185995,0 -48.361072,-10.185996,0</coordinates></LineString></Placemark>
<Placemark><name>34567389</name><styleUrl>#styleDaimonCIRCUITO204TRECHO</styleUrl><LineString><coordinates>-48.362330,-10.188205,0 -48.362331,-10.188295,0</coordinates></LineString></Placemark>
<Placemark><name>3254719</name><styleUrl>#styleDaimonCIRCUITO204TRECHO</styleUrl><LineString><coordinates>-48.362331,-10.188295,0 -48.362330,-10.188329,0</coordinates></LineString></Placemark>
<Placemark><name>3040999</name><styleUrl>#styleDaimonCIRCUITO204TRECHO</styleUrl><LineString><coordinates>-48.362330,-10.188329,0 -48.362330,-10.188619,0</coordinates></LineString></Placemark>
<Placemark><name>3040998</name><styleUrl>#styleDaimonCIRCUITO204TRECHO</styleUrl><LineString><coordinates>-48.362330,-10.188619,0 -48.362329,-10.188859,0</coordinates></LineString></Placemark>
<Placemark><name>3040997</name><styleUrl>#styleDaimonCIRCUITO204TRECHO</styleUrl><LineString><coordinates>-48.362329,-10.188859,0 -48.362328,-10.189114,0</coordinates></LineString></Placemark>
<Placemark><name>3040882</name><styleUrl>#styleDaimonCIRCUITO204TRECHO</styleUrl><LineString><coordinates>-48.362328,-10.189114,0 -48.362328,-10.189421,0</coordinates></LineString></Placemark>
<Placemark><name>3040881</name><styleUrl>#styleDaimonCIRCUITO204TRECHO</styleUrl><LineString><coordinates>-48.362328,-10.189421,0 -48.362328,-10.189733,0</coordinates></LineString></Placemark>
<Placemark><name>3673127</name><styleUrl>#styleDaimonCIRCUITO204TRECHO</styleUrl><LineString><coordinates>-48.363231,-10.184491,0 -48.363286,-10.184504,0</coordinates></LineString></Placemark>
<Placemark><name>3050944</name><styleUrl>#styleDaimonCIRCUITO204TRECHO</styleUrl><LineString><coordinates>-48.363242,-10.184652,0 -48.363231,-10.184491,0</coordinates></LineString></Placemark>
<Placemark><name>3270635</name><styleUrl>#styleDaimonCIRCUITO204TRECHO</styleUrl><LineString><coordinates>-48.363762,-10.184987,0 -48.364023,-10.185160,0</coordinates></LineString></Placemark>
<Placemark><name>3673124</name><styleUrl>#styleDaimonCIRCUITO204TRECHO</styleUrl><LineString><coordinates>-48.362373,-10.184475,0 -48.362441,-10.184458,0</coordinates></LineString></Placemark>
<Placemark><name>3259971</name><styleUrl>#styleDaimonCIRCUITO204TRECHO</styleUrl><LineString><coordinates>-48.362400,-10.184630,0 -48.362373,-10.184475,0</coordinates></LineString></Placemark>
<Placemark><name>3263308</name><styleUrl>#styleDaimonCIRCUITO204TRECHO</styleUrl><LineString><coordinates>-48.363428,-10.185229,0 -48.363429,-10.185487,0</coordinates></LineString></Placemark>
<Placemark><name>3263307</name><styleUrl>#styleDaimonCIRCUITO204TRECHO</styleUrl><LineString><coordinates>-48.363429,-10.185487,0 -48.363429,-10.185794,0</coordinates></LineString></Placemark>
<Placemark><name>3259967</name><styleUrl>#styleDaimonCIRCUITO204TRECHO</styleUrl><LineString><coordinates>-48.363427,-10.184989,0 -48.363428,-10.185229,0</coordinates></LineString></Placemark>
<Placemark><name>3259580</name><styleUrl>#styleDaimonCIRCUITO204TRECHO</styleUrl><LineString><coordinates>-48.363429,-10.185794,0 -48.363438,-10.186131,0</coordinates></LineString></Placemark>
<Placemark><name>3259579</name><styleUrl>#styleDaimonCIRCUITO204TRECHO</styleUrl><LineString><coordinates>-48.363438,-10.186131,0 -48.363441,-10.186437,0</coordinates></LineString></Placemark>
<Placemark><name>3259578</name><styleUrl>#styleDaimonCIRCUITO204TRECHO</styleUrl><LineString><coordinates>-48.363441,-10.186437,0 -48.363444,-10.186748,0</coordinates></LineString></Placemark>
<Placemark><name>57247702</name><styleUrl>#styleDaimonCIRCUITO204TRECHO</styleUrl><LineString><coordinates>-48.361895,-10.184986,0 -48.361879,-10.185260,0</coordinates></LineString></Placemark>
<Placemark><name>26309578</name><styleUrl>#styleDaimonCIRCUITO204TRECHO</styleUrl><LineString><coordinates>-48.361879,-10.185260,0 -48.362046,-10.185279,0</coordinates></LineString></Placemark>
<Placemark><name>3270346</name><styleUrl>#styleDaimonCIRCUITO204TRECHO</styleUrl><LineString><coordinates>-48.363727,-10.186120,0 -48.363733,-10.186490,0</coordinates></LineString></Placemark>
<Placemark><name>3270347</name><styleUrl>#styleDaimonCIRCUITO204TRECHO</styleUrl><LineString><coordinates>-48.363733,-10.186490,0 -48.363730,-10.186769,0</coordinates></LineString></Placemark>
<Placemark><name>3270345</name><styleUrl>#styleDaimonCIRCUITO204TRECHO</styleUrl><LineString><coordinates>-48.363726,-10.185823,0 -48.363727,-10.186120,0</coordinates></LineString></Placemark>
<Placemark><name>3270348</name><styleUrl>#styleDaimonCIRCUITO204TRECHO</styleUrl><LineString><coordinates>-48.363730,-10.186769,0 -48.363653,-10.187065,0</coordinates></LineString></Placemark>
<Placemark><name>3270344</name><styleUrl>#styleDaimonCIRCUITO204TRECHO</styleUrl><LineString><coordinates>-48.363723,-10.185497,0 -48.363726,-10.185823,0</coordinates></LineString></Placemark>
<Placemark><name>12075299</name><styleUrl>#styleDaimonCIRCUITO204TRECHO</styleUrl><LineString><coordinates>-48.363653,-10.187065,0 -48.363649,-10.187080,0</coordinates></LineString></Placemark>
<Placemark><name>3270343</name><styleUrl>#styleDaimonCIRCUITO204TRECHO</styleUrl><LineString><coordinates>-48.363688,-10.185231,0 -48.363723,-10.185497,0</coordinates></LineString></Placemark>
<Placemark><name>3263021</name><styleUrl>#styleDaimonCIRCUITO204TRECHO</styleUrl><LineString><coordinates>-48.363649,-10.187080,0 -48.363535,-10.187279,0</coordinates></LineString></Placemark>
<Placemark><name>3270636</name><styleUrl>#styleDaimonCIRCUITO204TRECHO</styleUrl><LineString><coordinates>-48.363563,-10.184992,0 -48.363688,-10.185231,0</coordinates></LineString></Placemark>
<Placemark><name>12081199</name><styleUrl>#styleDaimonCIRCUITO204TRECHO</styleUrl><LineString><coordinates>-48.363535,-10.187279,0 -48.363524,-10.187293,0</coordinates></LineString></Placemark>
<Placemark><name>3262774</name><styleUrl>#styleDaimonCIRCUITO204TRECHO</styleUrl><LineString><coordinates>-48.363524,-10.187293,0 -48.363441,-10.187465,0</coordinates></LineString></Placemark>
<Placemark><name>3263022</name><styleUrl>#styleDaimonCIRCUITO204TRECHO</styleUrl><LineString><coordinates>-48.363441,-10.187465,0 -48.363540,-10.187765,0</coordinates></LineString></Placemark>
<Placemark><name>3263023</name><styleUrl>#styleDaimonCIRCUITO204TRECHO</styleUrl><LineString><coordinates>-48.363540,-10.187765,0 -48.363554,-10.188089,0</coordinates></LineString></Placemark>
<Placemark><name>3269342</name><styleUrl>#styleDaimonCIRCUITO204TRECHO</styleUrl><LineString><coordinates>-48.363554,-10.188089,0 -48.363508,-10.188417,0</coordinates></LineString></Placemark>
<Placemark><name>2684234</name><styleUrl>#styleDaimonCIRCUITO204TRECHO</styleUrl><LineString><coordinates>-48.363508,-10.188417,0 -48.363468,-10.188749,0</coordinates></LineString></Placemark>
<Placemark><name>2684233</name><styleUrl>#styleDaimonCIRCUITO204TRECHO</styleUrl><LineString><coordinates>-48.363468,-10.188749,0 -48.363436,-10.189068,0</coordinates></LineString></Placemark>
<Placemark><name>2684232</name><styleUrl>#styleDaimonCIRCUITO204TRECHO</styleUrl><LineString><coordinates>-48.363436,-10.189068,0 -48.363428,-10.189387,0</coordinates></LineString></Placemark>
<Placemark><name>2684231</name><styleUrl>#styleDaimonCIRCUITO204TRECHO</styleUrl><LineString><coordinates>-48.363428,-10.189387,0 -48.363416,-10.189715,0</coordinates></LineString></Placemark>
<Placemark><name>2684230</name><styleUrl>#styleDaimonCIRCUITO204TRECHO</styleUrl><LineString><coordinates>-48.363416,-10.189715,0 -48.363381,-10.190001,0</coordinates></LineString></Placemark>
<Placemark><name>2684236</name><styleUrl>#styleDaimonCIRCUITO204TRECHO</styleUrl><LineString><coordinates>-48.363381,-10.190001,0 -48.363355,-10.190337,0</coordinates></LineString></Placemark>
<Placemark><name>2684237</name><styleUrl>#styleDaimonCIRCUITO204TRECHO</styleUrl><LineString><coordinates>-48.363355,-10.190337,0 -48.363333,-10.190649,0</coordinates></LineString></Placemark>
<Placemark><name>12081201</name><styleUrl>#styleDaimonCIRCUITO204TRECHO</styleUrl><LineString><coordinates>-48.363333,-10.190649,0 -48.363327,-10.190682,0</coordinates></LineString></Placemark>
<Placemark><name>2684238</name><styleUrl>#styleDaimonCIRCUITO204TRECHO</styleUrl><LineString><coordinates>-48.363327,-10.190682,0 -48.363279,-10.191330,0</coordinates></LineString></Placemark>
<Placemark><name>2684239</name><styleUrl>#styleDaimonCIRCUITO204TRECHO</styleUrl><LineString><coordinates>-48.363279,-10.191330,0 -48.363112,-10.192039,0</coordinates></LineString></Placemark>
<Placemark><name>3586056</name><styleUrl>#styleDaimonCIRCUITO204TRECHO</styleUrl><LineString><coordinates>-48.360493,-10.183794,0 -48.360376,-10.183808,0</coordinates></LineString></Placemark>
<Placemark><name>3586067</name><styleUrl>#styleDaimonCIRCUITO204TRECHO</styleUrl><LineString><coordinates>-48.360376,-10.183808,0 -48.360250,-10.183820,0</coordinates></LineString></Placemark>
<Placemark><name>3586059</name><styleUrl>#styleDaimonCIRCUITO204TRECHO</styleUrl><LineString><coordinates>-48.360604,-10.183784,0 -48.360493,-10.183794,0</coordinates></LineString></Placemark>
<Placemark><name>3586063</name><styleUrl>#styleDaimonCIRCUITO204TRECHO</styleUrl><LineString><coordinates>-48.360250,-10.183820,0 -48.360145,-10.183831,0</coordinates></LineString></Placemark>
<Placemark><name>3586070</name><styleUrl>#styleDaimonCIRCUITO204TRECHO</styleUrl><LineString><coordinates>-48.360711,-10.183774,0 -48.360604,-10.183784,0</coordinates></LineString></Placemark>
<Placemark><name>3586307</name><styleUrl>#styleDaimonCIRCUITO204TRECHO</styleUrl><LineString><coordinates>-48.360145,-10.183831,0 -48.360159,-10.183954,0</coordinates></LineString></Placemark>
<Placemark><name>3586053</name><styleUrl>#styleDaimonCIRCUITO204TRECHO</styleUrl><LineString><coordinates>-48.360833,-10.183765,0 -48.360711,-10.183774,0</coordinates></LineString></Placemark>
<Placemark><name>3586054</name><styleUrl>#styleDaimonCIRCUITO204TRECHO</styleUrl><LineString><coordinates>-48.360159,-10.183954,0 -48.360170,-10.184075,0</coordinates></LineString></Placemark>
<Placemark><name>3586055</name><styleUrl>#styleDaimonCIRCUITO204TRECHO</styleUrl><LineString><coordinates>-48.360847,-10.183884,0 -48.360833,-10.183765,0</coordinates></LineString></Placemark>
<Placemark><name>3586060</name><styleUrl>#styleDaimonCIRCUITO204TRECHO</styleUrl><LineString><coordinates>-48.360170,-10.184075,0 -48.360179,-10.184196,0</coordinates></LineString></Placemark>
<Placemark><name>3586058</name><styleUrl>#styleDaimonCIRCUITO204TRECHO</styleUrl><LineString><coordinates>-48.360858,-10.184000,0 -48.360847,-10.183884,0</coordinates></LineString></Placemark>
<Placemark><name>3586057</name><styleUrl>#styleDaimonCIRCUITO204TRECHO</styleUrl><LineString><coordinates>-48.360179,-10.184196,0 -48.360195,-10.184341,0</coordinates></LineString></Placemark>
<Placemark><name>45216313</name><styleUrl>#styleDaimonCIRCUITO204TRECHO</styleUrl><LineString><coordinates>-48.360179,-10.184196,0 -48.360288,-10.184197,0</coordinates></LineString></Placemark>
<Placemark><name>48912812</name><styleUrl>#styleDaimonCIRCUITO204TRECHO</styleUrl><LineString><coordinates>-48.360179,-10.184196,0 -48.360149,-10.184144,0</coordinates></LineString></Placemark>
<Placemark><name>3586069</name><styleUrl>#styleDaimonCIRCUITO204TRECHO</styleUrl><LineString><coordinates>-48.360867,-10.184127,0 -48.360858,-10.184000,0</coordinates></LineString></Placemark>
<Placemark><name>3586064</name><styleUrl>#styleDaimonCIRCUITO204TRECHO</styleUrl><LineString><coordinates>-48.360195,-10.184341,0 -48.360227,-10.184474,0</coordinates></LineString></Placemark>
<Placemark><name>3586052</name><styleUrl>#styleDaimonCIRCUITO204TRECHO</styleUrl><LineString><coordinates>-48.360882,-10.184274,0 -48.360867,-10.184127,0</coordinates></LineString></Placemark>
<Placemark><name>3586068</name><styleUrl>#styleDaimonCIRCUITO204TRECHO</styleUrl><LineString><coordinates>-48.360227,-10.184474,0 -48.360373,-10.184462,0</coordinates></LineString></Placemark>
<Placemark><name>3586062</name><styleUrl>#styleDaimonCIRCUITO204TRECHO</styleUrl><LineString><coordinates>-48.360891,-10.184398,0 -48.360882,-10.184274,0</coordinates></LineString></Placemark>
<Placemark><name>3586308</name><styleUrl>#styleDaimonCIRCUITO204TRECHO</styleUrl><LineString><coordinates>-48.360373,-10.184462,0 -48.360530,-10.184447,0</coordinates></LineString></Placemark>
<Placemark><name>3586066</name><styleUrl>#styleDaimonCIRCUITO204TRECHO</styleUrl><LineString><coordinates>-48.360708,-10.184412,0 -48.360891,-10.184398,0</coordinates></LineString></Placemark>
<Placemark><name>3586061</name><styleUrl>#styleDaimonCIRCUITO204TRECHO</styleUrl><LineString><coordinates>-48.360546,-10.184442,0 -48.360708,-10.184412,0</coordinates></LineString></Placemark>
<Placemark><name>3659386</name><styleUrl>#styleDaimonCIRCUITO204TRECHO</styleUrl><LineString><coordinates>-48.360550,-10.184458,0 -48.360546,-10.184442,0</coordinates></LineString></Placemark>
<Placemark><name>43665734</name><styleUrl>#styleDaimonCIRCUITO204TRECHO</styleUrl><LineString><coordinates>-48.359639,-10.196820,0 -48.359642,-10.197153,0</coordinates></LineString></Placemark>
<Placemark><name>3254251</name><styleUrl>#styleDaimonCIRCUITO204TRECHO</styleUrl><LineString><coordinates>-48.359642,-10.197153,0 -48.359642,-10.197211,0</coordinates></LineString></Placemark>
<Placemark><name>55564400</name><styleUrl>#styleDaimonCIRCUITO204TRECHO</styleUrl><LineString><coordinates>-48.362290,-10.192704,0 -48.362295,-10.192486,0</coordinates></LineString></Placemark>
<Placemark><name>3259887</name><styleUrl>#styleDaimonCIRCUITO204TRECHO</styleUrl><LineString><coordinates>-48.362286,-10.192904,0 -48.362290,-10.192704,0</coordinates></LineString></Placemark>
<Placemark><name>41402988</name><styleUrl>#styleDaimonCIRCUITO204TRECHO</styleUrl><LineString><coordinates>-48.362289,-10.193210,0 -48.362286,-10.192904,0</coordinates></LineString></Placemark>
<Placemark><name>46835167</name><styleUrl>#styleDaimonCIRCUITO204TRECHO</styleUrl><LineString><coordinates>-48.361994,-10.193207,0 -48.362289,-10.193210,0</coordinates></LineString></Placemark>
<Placemark><name>46835159</name><styleUrl>#styleDaimonCIRCUITO204TRECHO</styleUrl><LineString><coordinates>-48.362289,-10.193210,0 -48.362289,-10.193288,0</coordinates></LineString></Placemark>
<Placemark><name>41402978</name><styleUrl>#styleDaimonCIRCUITO204TRECHO</styleUrl><LineString><coordinates>-48.362289,-10.193210,0 -48.362307,-10.193210,0</coordinates></LineString></Placemark>
<Placemark><name>46835074</name><styleUrl>#styleDaimonCIRCUITO204TRECHO</styleUrl><LineString><coordinates>-48.361653,-10.193204,0 -48.361994,-10.193207,0</coordinates></LineString></Placemark>
<Placemark><name>3254524</name><styleUrl>#styleDaimonCIRCUITO204TRECHO</styleUrl><LineString><coordinates>-48.362289,-10.193288,0 -48.362260,-10.193769,0</coordinates></LineString></Placemark>
<Placemark><name>46835073</name><styleUrl>#styleDaimonCIRCUITO204TRECHO</styleUrl><LineString><coordinates>-48.361273,-10.193199,0 -48.361653,-10.193204,0</coordinates></LineString></Placemark>
<Placemark><name>3254523</name><styleUrl>#styleDaimonCIRCUITO204TRECHO</styleUrl><LineString><coordinates>-48.362260,-10.193769,0 -48.362254,-10.194107,0</coordinates></LineString></Placemark>
<Placemark><name>46835072</name><styleUrl>#styleDaimonCIRCUITO204TRECHO</styleUrl><LineString><coordinates>-48.360954,-10.193198,0 -48.361273,-10.193199,0</coordinates></LineString></Placemark>
<Placemark><name>3254525</name><styleUrl>#styleDaimonCIRCUITO204TRECHO</styleUrl><LineString><coordinates>-48.362254,-10.194107,0 -48.362248,-10.194414,0</coordinates></LineString></Placemark>
<Placemark><name>46835071</name><styleUrl>#styleDaimonCIRCUITO204TRECHO</styleUrl><LineString><coordinates>-48.360687,-10.193195,0 -48.360954,-10.193198,0</coordinates></LineString></Placemark>
<Placemark><name>3254815</name><styleUrl>#styleDaimonCIRCUITO204TRECHO</styleUrl><LineString><coordinates>-48.362248,-10.194414,0 -48.362243,-10.194754,0</coordinates></LineString></Placemark>
<Placemark><name>46835366</name><styleUrl>#styleDaimonCIRCUITO204TRECHO</styleUrl><LineString><coordinates>-48.360664,-10.193190,0 -48.360687,-10.193195,0</coordinates></LineString></Placemark>
<Placemark><name>48625373</name><styleUrl>#styleDaimonCIRCUITO204TRECHO</styleUrl><LineString><coordinates>-48.362243,-10.194754,0 -48.362232,-10.194888,0</coordinates></LineString></Placemark>
<Placemark><name>46835070</name><styleUrl>#styleDaimonCIRCUITO204TRECHO</styleUrl><LineString><coordinates>-48.360382,-10.193055,0 -48.360664,-10.193190,0</coordinates></LineString></Placemark>
<Placemark><name>48625407</name><styleUrl>#styleDaimonCIRCUITO204TRECHO</styleUrl><LineString><coordinates>-48.362232,-10.194888,0 -48.361985,-10.194881,0</coordinates></LineString></Placemark>
<Placemark><name>3254816</name><styleUrl>#styleDaimonCIRCUITO204TRECHO</styleUrl><LineString><coordinates>-48.362232,-10.194888,0 -48.362214,-10.195092,0</coordinates></LineString></Placemark>
<Placemark><name>48625381</name><styleUrl>#styleDaimonCIRCUITO204TRECHO</styleUrl><LineString><coordinates>-48.362232,-10.194888,0 -48.362276,-10.194889,0</coordinates></LineString></Placemark>
<Placemark><name>46835037</name><styleUrl>#styleDaimonCIRCUITO204TRECHO</styleUrl><LineString><coordinates>-48.360385,-10.192939,0 -48.360382,-10.193055,0</coordinates></LineString></Placemark>
<Placemark><name>46835069</name><styleUrl>#styleDaimonCIRCUITO204TRECHO</styleUrl><LineString><coordinates>-48.360382,-10.193055,0 -48.360324,-10.193025,0</coordinates></LineString></Placemark>
<Placemark><name>46835010</name><styleUrl>#styleDaimonCIRCUITO204TRECHO</styleUrl><LineString><coordinates>-48.360382,-10.193055,0 -48.360381,-10.193282,0</coordinates></LineString></Placemark>
<Placemark><name>3259379</name><styleUrl>#styleDaimonCIRCUITO204TRECHO</styleUrl><LineString><coordinates>-48.362214,-10.195092,0 -48.362212,-10.195546,0</coordinates></LineString></Placemark>
<Placemark><name>46834984</name><styleUrl>#styleDaimonCIRCUITO204TRECHO</styleUrl><LineString><coordinates>-48.360382,-10.192735,0 -48.360385,-10.192939,0</coordinates></LineString></Placemark>
<Placemark><name>45456996</name><styleUrl>#styleDaimonCIRCUITO204TRECHO</styleUrl><LineString><coordinates>-48.360381,-10.193282,0 -48.360428,-10.193543,0</coordinates></LineString></Placemark>
<Placemark><name>25842024</name><styleUrl>#styleDaimonCIRCUITO204TRECHO</styleUrl><LineString><coordinates>-48.362212,-10.195546,0 -48.362210,-10.195908,0</coordinates></LineString></Placemark>
<Placemark><name>46834997</name><styleUrl>#styleDaimonCIRCUITO204TRECHO</styleUrl><LineString><coordinates>-48.360385,-10.192459,0 -48.360382,-10.192735,0</coordinates></LineString></Placemark>
<Placemark><name>45456985</name><styleUrl>#styleDaimonCIRCUITO204TRECHO</styleUrl><LineString><coordinates>-48.360428,-10.193543,0 -48.360426,-10.193760,0</coordinates></LineString></Placemark>
<Placemark><name>30873883</name><styleUrl>#styleDaimonCIRCUITO204TRECHO</styleUrl><LineString><coordinates>-48.362313,-10.191284,0 -48.362315,-10.191158,0</coordinates></LineString></Placemark>
<Placemark><name>30873890</name><styleUrl>#styleDaimonCIRCUITO204TRECHO</styleUrl><LineString><coordinates>-48.362315,-10.191158,0 -48.362464,-10.191159,0</coordinates></LineString></Placemark>
<Placemark><name>30873914</name><styleUrl>#styleDaimonCIRCUITO204TRECHO</styleUrl><LineString><coordinates>-48.362315,-10.191158,0 -48.362123,-10.191156,0</coordinates></LineString></Placemark>
<Placemark><name>3259674</name><styleUrl>#styleDaimonCIRCUITO204TRECHO</styleUrl><LineString><coordinates>-48.362315,-10.191158,0 -48.362319,-10.190976,0</coordinates></LineString></Placemark>
<Placemark><name>3259673</name><styleUrl>#styleDaimonCIRCUITO204TRECHO</styleUrl><LineString><coordinates>-48.362311,-10.191482,0 -48.362313,-10.191284,0</coordinates></LineString></Placemark>
<Placemark><name>30873915</name><styleUrl>#styleDaimonCIRCUITO204TRECHO</styleUrl><LineString><coordinates>-48.362123,-10.191156,0 -48.361801,-10.191153,0</coordinates></LineString></Placemark>
<Placemark><name>3259675</name><styleUrl>#styleDaimonCIRCUITO204TRECHO</styleUrl><LineString><coordinates>-48.362319,-10.190976,0 -48.362323,-10.190679,0</coordinates></LineString></Placemark>
<Placemark><name>30873902</name><styleUrl>#styleDaimonCIRCUITO204TRECHO</styleUrl><LineString><coordinates>-48.361801,-10.191153,0 -48.361473,-10.191152,0</coordinates></LineString></Placemark>
<Placemark><name>3259682</name><styleUrl>#styleDaimonCIRCUITO204TRECHO</styleUrl><LineString><coordinates>-48.362323,-10.190679,0 -48.362324,-10.190401,0</coordinates></LineString></Placemark>
<Placemark><name>39612515</name><styleUrl>#styleDaimonCIRCUITO204TRECHO</styleUrl><LineString><coordinates>-48.361473,-10.191152,0 -48.361139,-10.191149,0</coordinates></LineString></Placemark>
<Placemark><name>3259975</name><styleUrl>#styleDaimonCIRCUITO204TRECHO</styleUrl><LineString><coordinates>-48.362324,-10.190401,0 -48.362326,-10.190044,0</coordinates></LineString></Placemark>
<Placemark><name>3040880</name><styleUrl>#styleDaimonCIRCUITO204TRECHO</styleUrl><LineString><coordinates>-48.362326,-10.190044,0 -48.362327,-10.189704,0</coordinates></LineString></Placemark>
<Placemark><name>3662624</name><styleUrl>#styleDaimonCIRCUITO204TRECHO</styleUrl><LineString><coordinates>-48.364021,-10.185178,0 -48.364041,-10.185206,0</coordinates></LineString></Placemark>
<Placemark><name>3659387</name><styleUrl>#styleDaimonCIRCUITO204TRECHO</styleUrl><LineString><coordinates>-48.364023,-10.185162,0 -48.364021,-10.185178,0</coordinates></LineString></Placemark>
<Placemark><name>3041029</name><styleUrl>#styleDaimonCIRCUITO204TRECHO</styleUrl><LineString><coordinates>-48.359643,-10.198319,0 -48.359640,-10.198681,0</coordinates></LineString></Placemark>
<Placemark><name>12075076</name><styleUrl>#styleDaimonCIRCUITO204TRECHO</styleUrl><LineString><coordinates>-48.359643,-10.198302,0 -48.359643,-10.198319,0</coordinates></LineString></Placemark>
<Placemark><name>3041030</name><styleUrl>#styleDaimonCIRCUITO204TRECHO</styleUrl><LineString><coordinates>-48.359643,-10.198302,0 -48.359330,-10.198432,0</coordinates></LineString></Placemark>
<Placemark><name>3041028</name><styleUrl>#styleDaimonCIRCUITO204TRECHO</styleUrl><LineString><coordinates>-48.359773,-10.198178,0 -48.359643,-10.198302,0</coordinates></LineString></Placemark>
<Placemark><name>12079711</name><styleUrl>#styleDaimonCIRCUITO204TRECHO</styleUrl><LineString><coordinates>-48.359330,-10.198432,0 -48.359316,-10.198438,0</coordinates></LineString></Placemark>
<Placemark><name>3268473</name><styleUrl>#styleDaimonCIRCUITO204TRECHO</styleUrl><LineString><coordinates>-48.359877,-10.198040,0 -48.359773,-10.198178,0</coordinates></LineString></Placemark>
<Placemark><name>3040813</name><styleUrl>#styleDaimonCIRCUITO204TRECHO</styleUrl><LineString><coordinates>-48.359316,-10.198438,0 -48.359335,-10.198685,0</coordinates></LineString></Placemark>
<Placemark><name>3040814</name><styleUrl>#styleDaimonCIRCUITO204TRECHO</styleUrl><LineString><coordinates>-48.359316,-10.198438,0 -48.359156,-10.198249,0</coordinates></LineString></Placemark>
<Placemark><name>3267929</name><styleUrl>#styleDaimonCIRCUITO204TRECHO</styleUrl><LineString><coordinates>-48.359892,-10.197819,0 -48.359877,-10.198040,0</coordinates></LineString></Placemark>
<Placemark><name>3267928</name><styleUrl>#styleDaimonCIRCUITO204TRECHO</styleUrl><LineString><coordinates>-48.359706,-10.197641,0 -48.359892,-10.197819,0</coordinates></LineString></Placemark>
<Placemark><name>3033304</name><styleUrl>#styleDaimonCIRCUITO204TRECHO</styleUrl><LineString><coordinates>-48.359610,-10.197557,0 -48.359706,-10.197641,0</coordinates></LineString></Placemark>
<Placemark><name>3269343</name><styleUrl>#styleDaimonCIRCUITO204TRECHO</styleUrl><LineString><coordinates>-48.359639,-10.197246,0 -48.359610,-10.197557,0</coordinates></LineString></Placemark>
<Placemark><name>3664605</name><styleUrl>#styleDaimonCIRCUITO204TRECHO</styleUrl><LineString><coordinates>-48.359610,-10.197557,0 -48.359587,-10.197559,0</coordinates></LineString></Placemark>
<Placemark><name>48625409</name><styleUrl>#styleDaimonCIRCUITO204TRECHO</styleUrl><LineString><coordinates>-48.361697,-10.194879,0 -48.361484,-10.194878,0</coordinates></LineString></Placemark>
<Placemark><name>48625408</name><styleUrl>#styleDaimonCIRCUITO204TRECHO</styleUrl><LineString><coordinates>-48.361957,-10.194881,0 -48.361697,-10.194879,0</coordinates></LineString></Placemark>
<Placemark><name>48625410</name><styleUrl>#styleDaimonCIRCUITO204TRECHO</styleUrl><LineString><coordinates>-48.361484,-10.194878,0 -48.361265,-10.194878,0</coordinates></LineString></Placemark>
<Placemark><name>48625411</name><styleUrl>#styleDaimonCIRCUITO204TRECHO</styleUrl><LineString><coordinates>-48.361265,-10.194878,0 -48.360946,-10.194881,0</coordinates></LineString></Placemark>
<Placemark><name>48625412</name><styleUrl>#styleDaimonCIRCUITO204TRECHO</styleUrl><LineString><coordinates>-48.360946,-10.194881,0 -48.360636,-10.194881,0</coordinates></LineString></Placemark>
<Placemark><name>63671456</name><styleUrl>#styleDaimonCIRCUITO204TRECHO</styleUrl><LineString><coordinates>-48.360636,-10.194881,0 -48.360335,-10.194887,0</coordinates></LineString></Placemark>
<Placemark><name>63671468</name><styleUrl>#styleDaimonCIRCUITO204TRECHO</styleUrl><LineString><coordinates>-48.360335,-10.194887,0 -48.360336,-10.194715,0</coordinates></LineString></Placemark>
<Placemark><name>48625390</name><styleUrl>#styleDaimonCIRCUITO204TRECHO</styleUrl><LineString><coordinates>-48.360335,-10.194887,0 -48.360270,-10.194888,0</coordinates></LineString></Placemark>
<Placemark><name>63671489</name><styleUrl>#styleDaimonCIRCUITO204TRECHO</styleUrl><LineString><coordinates>-48.360335,-10.194887,0 -48.360333,-10.195051,0</coordinates></LineString></Placemark>
<Placemark><name>63671478</name><styleUrl>#styleDaimonCIRCUITO204TRECHO</styleUrl><LineString><coordinates>-48.360333,-10.195051,0 -48.360333,-10.195087,0</coordinates></LineString></Placemark>
<Placemark><name>63671507</name><styleUrl>#styleDaimonCIRCUITO204TRECHO</styleUrl><LineString><coordinates>-48.360333,-10.195087,0 -48.360340,-10.195286,0</coordinates></LineString></Placemark>
<Placemark><name>25841965</name><styleUrl>#styleDaimonCIRCUITO204TRECHO</styleUrl><LineString><coordinates>-48.362203,-10.196648,0 -48.362440,-10.196649,0</coordinates></LineString></Placemark>
<Placemark><name>25841984</name><styleUrl>#styleDaimonCIRCUITO204TRECHO</styleUrl><LineString><coordinates>-48.362203,-10.196648,0 -48.362201,-10.196715,0</coordinates></LineString></Placemark>
<Placemark><name>25841994</name><styleUrl>#styleDaimonCIRCUITO204TRECHO</styleUrl><LineString><coordinates>-48.362208,-10.196430,0 -48.362203,-10.196648,0</coordinates></LineString></Placemark>
<Placemark><name>25841974</name><styleUrl>#styleDaimonCIRCUITO204TRECHO</styleUrl><LineString><coordinates>-48.362203,-10.196648,0 -48.362068,-10.196646,0</coordinates></LineString></Placemark>
<Placemark><name>25841955</name><styleUrl>#styleDaimonCIRCUITO204TRECHO</styleUrl><LineString><coordinates>-48.362440,-10.196649,0 -48.362777,-10.196651,0</coordinates></LineString></Placemark>
<Placemark><name>25842004</name><styleUrl>#styleDaimonCIRCUITO204TRECHO</styleUrl><LineString><coordinates>-48.362209,-10.196169,0 -48.362208,-10.196430,0</coordinates></LineString></Placemark>
<Placemark><name>53074182</name><styleUrl>#styleDaimonCIRCUITO204TRECHO</styleUrl><LineString><coordinates>-48.362068,-10.196646,0 -48.362038,-10.196646,0</coordinates></LineString></Placemark>
<Placemark><name>25841945</name><styleUrl>#styleDaimonCIRCUITO204TRECHO</styleUrl><LineString><coordinates>-48.362777,-10.196651,0 -48.363115,-10.196653,0</coordinates></LineString></Placemark>
<Placemark><name>25842014</name><styleUrl>#styleDaimonCIRCUITO204TRECHO</styleUrl><LineString><coordinates>-48.362210,-10.195934,0 -48.362209,-10.196169,0</coordinates></LineString></Placemark>
<Placemark><name>53074204</name><styleUrl>#styleDaimonCIRCUITO204TRECHO</styleUrl><LineString><coordinates>-48.362038,-10.196646,0 -48.361800,-10.196642,0</coordinates></LineString></Placemark>
<Placemark><name>25841934</name><styleUrl>#styleDaimonCIRCUITO204TRECHO</styleUrl><LineString><coordinates>-48.363115,-10.196653,0 -48.363519,-10.196660,0</coordinates></LineString></Placemark>
<Placemark><name>53074205</name><styleUrl>#styleDaimonCIRCUITO204TRECHO</styleUrl><LineString><coordinates>-48.361800,-10.196642,0 -48.361473,-10.196641,0</coordinates></LineString></Placemark>
<Placemark><name>53074206</name><styleUrl>#styleDaimonCIRCUITO204TRECHO</styleUrl><LineString><coordinates>-48.361473,-10.196641,0 -48.361308,-10.196638,0</coordinates></LineString></Placemark>
<Placemark><name>53074190</name><styleUrl>#styleDaimonCIRCUITO204TRECHO</styleUrl><LineString><coordinates>-48.361308,-10.196638,0 -48.360980,-10.196637,0</coordinates></LineString></Placemark>
<Placemark><name>3602936</name><styleUrl>#styleDaimonCIRCUITO204TRECHO</styleUrl><LineString><coordinates>-48.363644,-10.193479,0 -48.363705,-10.193619,0</coordinates></LineString></Placemark>
<Placemark><name>3602934</name><styleUrl>#styleDaimonCIRCUITO204TRECHO</styleUrl><LineString><coordinates>-48.363705,-10.193619,0 -48.363737,-10.193694,0</coordinates></LineString></Placemark>
<Placemark><name>3602935</name><styleUrl>#styleDaimonCIRCUITO204TRECHO</styleUrl><LineString><coordinates>-48.363553,-10.193267,0 -48.363644,-10.193479,0</coordinates></LineString></Placemark>
<Placemark><name>2781197</name><styleUrl>#styleDaimonCIRCUITO204TRECHO</styleUrl><LineString><coordinates>-48.363737,-10.193694,0 -48.363873,-10.194006,0</coordinates></LineString></Placemark>
<Placemark><name>2951532</name><styleUrl>#styleDaimonCIRCUITO204TRECHO</styleUrl><LineString><coordinates>-48.363533,-10.193208,0 -48.363553,-10.193267,0</coordinates></LineString></Placemark>
<Placemark><name>2781198</name><styleUrl>#styleDaimonCIRCUITO204TRECHO</styleUrl><LineString><coordinates>-48.363873,-10.194006,0 -48.363890,-10.194044,0</coordinates></LineString></Placemark>
<Placemark><name>2951533</name><styleUrl>#styleDaimonCIRCUITO204TRECHO</styleUrl><LineString><coordinates>-48.363393,-10.193219,0 -48.363533,-10.193208,0</coordinates></LineString></Placemark>
<Placemark><name>52494473</name><styleUrl>#styleDaimonCIRCUITO204TRECHO</styleUrl><LineString><coordinates>-48.363533,-10.193208,0 -48.363668,-10.193199,0</coordinates></LineString></Placemark>
<Placemark><name>2951531</name><styleUrl>#styleDaimonCIRCUITO204TRECHO</styleUrl><LineString><coordinates>-48.363533,-10.193208,0 -48.363419,-10.192852,0</coordinates></LineString></Placemark>
<Placemark><name>3040619</name><styleUrl>#styleDaimonCIRCUITO204TRECHO</styleUrl><LineString><coordinates>-48.363890,-10.194044,0 -48.364068,-10.194427,0</coordinates></LineString></Placemark>
<Placemark><name>46835194</name><styleUrl>#styleDaimonCIRCUITO204TRECHO</styleUrl><LineString><coordinates>-48.363359,-10.193219,0 -48.363393,-10.193219,0</coordinates></LineString></Placemark>
<Placemark><name>40106102</name><styleUrl>#styleDaimonCIRCUITO204TRECHO</styleUrl><LineString><coordinates>-48.363393,-10.193219,0 -48.363390,-10.193192,0</coordinates></LineString></Placemark>
<Placemark><name>2951534</name><styleUrl>#styleDaimonCIRCUITO204TRECHO</styleUrl><LineString><coordinates>-48.363668,-10.193199,0 -48.363729,-10.193196,0</coordinates></LineString></Placemark>
<Placemark><name>3262158</name><styleUrl>#styleDaimonCIRCUITO204TRECHO</styleUrl><LineString><coordinates>-48.363419,-10.192852,0 -48.363377,-10.192737,0</coordinates></LineString></Placemark>
<Placemark><name>3040620</name><styleUrl>#styleDaimonCIRCUITO204TRECHO</styleUrl><LineString><coordinates>-48.364068,-10.194427,0 -48.364201,-10.194741,0</coordinates></LineString></Placemark>
<Placemark><name>46835049</name><styleUrl>#styleDaimonCIRCUITO204TRECHO</styleUrl><LineString><coordinates>-48.363038,-10.193215,0 -48.363359,-10.193219,0</coordinates></LineString></Placemark>
<Placemark><name>40106156</name><styleUrl>#styleDaimonCIRCUITO204TRECHO</styleUrl><LineString><coordinates>-48.363390,-10.193192,0 -48.363400,-10.193067,0</coordinates></LineString></Placemark>
<Placemark><name>46834793</name><styleUrl>#styleDaimonCIRCUITO204TRECHO</styleUrl><LineString><coordinates>-48.363729,-10.193196,0 -48.363937,-10.193192,0</coordinates></LineString></Placemark>
<Placemark><name>38676126</name><styleUrl>#styleDaimonCIRCUITO204TRECHO</styleUrl><LineString><coordinates>-48.363377,-10.192737,0 -48.363353,-10.192671,0</coordinates></LineString></Placemark>
<Placemark><name>46835077</name><styleUrl>#styleDaimonCIRCUITO204TRECHO</styleUrl><LineString><coordinates>-48.362678,-10.193212,0 -48.363038,-10.193215,0</coordinates></LineString></Placemark>
<Placemark><name>40106147</name><styleUrl>#styleDaimonCIRCUITO204TRECHO</styleUrl><LineString><coordinates>-48.363400,-10.193067,0 -48.363379,-10.193043,0</coordinates></LineString></Placemark>
<Placemark><name>46834768</name><styleUrl>#styleDaimonCIRCUITO204TRECHO</styleUrl><LineString><coordinates>-48.363937,-10.193192,0 -48.364141,-10.193187,0</coordinates></LineString></Placemark>
<Placemark><name>34622681</name><styleUrl>#styleDaimonCIRCUITO204TRECHO</styleUrl><LineString><coordinates>-48.363353,-10.192671,0 -48.363279,-10.192469,0</coordinates></LineString></Placemark>
<Placemark><name>46835076</name><styleUrl>#styleDaimonCIRCUITO204TRECHO</styleUrl><LineString><coordinates>-48.362337,-10.193211,0 -48.362678,-10.193212,0</coordinates></LineString></Placemark>
<Placemark><name>40106167</name><styleUrl>#styleDaimonCIRCUITO204TRECHO</styleUrl><LineString><coordinates>-48.363379,-10.193043,0 -48.363006,-10.193117,0</coordinates></LineString></Placemark>
<Placemark><name>2951535</name><styleUrl>#styleDaimonCIRCUITO204TRECHO</styleUrl><LineString><coordinates>-48.364141,-10.193187,0 -48.364179,-10.193187,0</coordinates></LineString></Placemark>
<Placemark><name>12081209</name><styleUrl>#styleDaimonCIRCUITO204TRECHO</styleUrl><LineString><coordinates>-48.363279,-10.192469,0 -48.363268,-10.192438,0</coordinates></LineString></Placemark>
<Placemark><name>46835075</name><styleUrl>#styleDaimonCIRCUITO204TRECHO</styleUrl><LineString><coordinates>-48.362310,-10.193210,0 -48.362337,-10.193211,0</coordinates></LineString></Placemark>
<Placemark><name>3288166</name><styleUrl>#styleDaimonCIRCUITO204TRECHO</styleUrl><LineString><coordinates>-48.363268,-10.192438,0 -48.363245,-10.192394,0</coordinates></LineString></Placemark>
<Placemark><name>3288167</name><styleUrl>#styleDaimonCIRCUITO204TRECHO</styleUrl><LineString><coordinates>-48.363245,-10.192394,0 -48.363126,-10.192075,0</coordinates></LineString></Placemark>
<Placemark><name>3288169</name><styleUrl>#styleDaimonCIRCUITO204TRECHO</styleUrl><LineString><coordinates>-48.363245,-10.192394,0 -48.363493,-10.192394,0</coordinates></LineString></Placemark>
<Placemark><name>3288168</name><styleUrl>#styleDaimonCIRCUITO204TRECHO</styleUrl><LineString><coordinates>-48.363245,-10.192394,0 -48.363130,-10.192396,0</coordinates></LineString></Placemark>
<Placemark><name>3262408</name><styleUrl>#styleDaimonCIRCUITO204TRECHO</styleUrl><LineString><coordinates>-48.363130,-10.192396,0 -48.362855,-10.192396,0</coordinates></LineString></Placemark>
<Placemark><name>12075080</name><styleUrl>#styleDaimonCIRCUITO204TRECHO</styleUrl><LineString><coordinates>-48.365866,-10.203072,0 -48.365894,-10.203088,0</coordinates></LineString></Placemark>
<Placemark><name>3043258</name><styleUrl>#styleDaimonCIRCUITO204TRECHO</styleUrl><LineString><coordinates>-48.365894,-10.203088,0 -48.365897,-10.203411,0</coordinates></LineString></Placemark>
<Placemark><name>3357925</name><styleUrl>#styleDaimonCIRCUITO204TRECHO</styleUrl><LineString><coordinates>-48.365567,-10.203097,0 -48.365866,-10.203072,0</coordinates></LineString></Placemark>
<Placemark><name>3043034</name><styleUrl>#styleDaimonCIRCUITO204TRECHO</styleUrl><LineString><coordinates>-48.365897,-10.203411,0 -48.365914,-10.203750,0</coordinates></LineString></Placemark>
<Placemark><name>3357926</name><styleUrl>#styleDaimonCIRCUITO204TRECHO</styleUrl><LineString><coordinates>-48.365220,-10.203115,0 -48.365567,-10.203097,0</coordinates></LineString></Placemark>
<Placemark><name>3254244</name><styleUrl>#styleDaimonCIRCUITO204TRECHO</styleUrl><LineString><coordinates>-48.364825,-10.203136,0 -48.365220,-10.203115,0</coordinates></LineString></Placemark>
<Placemark><name>3254245</name><styleUrl>#styleDaimonCIRCUITO204TRECHO</styleUrl><LineString><coordinates>-48.364461,-10.203155,0 -48.364825,-10.203136,0</coordinates></LineString></Placemark>
<Placemark><name>3254246</name><styleUrl>#styleDaimonCIRCUITO204TRECHO</styleUrl><LineString><coordinates>-48.364155,-10.203172,0 -48.364461,-10.203155,0</coordinates></LineString></Placemark>
<Placemark><name>3294836</name><styleUrl>#styleDaimonCIRCUITO204TRECHO</styleUrl><LineString><coordinates>-48.363819,-10.203134,0 -48.364155,-10.203172,0</coordinates></LineString></Placemark>
<Placemark><name>3294834</name><styleUrl>#styleDaimonCIRCUITO204TRECHO</styleUrl><LineString><coordinates>-48.363819,-10.203134,0 -48.363850,-10.203367,0</coordinates></LineString></Placemark>
<Placemark><name>3294833</name><styleUrl>#styleDaimonCIRCUITO204TRECHO</styleUrl><LineString><coordinates>-48.363819,-10.203134,0 -48.363804,-10.203036,0</coordinates></LineString></Placemark>
<Placemark><name>3294835</name><styleUrl>#styleDaimonCIRCUITO204TRECHO</styleUrl><LineString><coordinates>-48.363734,-10.203123,0 -48.363819,-10.203134,0</coordinates></LineString></Placemark>
<Placemark><name>3033467</name><styleUrl>#styleDaimonCIRCUITO204TRECHO</styleUrl><LineString><coordinates>-48.363850,-10.203367,0 -48.363905,-10.203693,0</coordinates></LineString></Placemark>
<Placemark><name>3043259</name><styleUrl>#styleDaimonCIRCUITO204TRECHO</styleUrl><LineString><coordinates>-48.363804,-10.203036,0 -48.363741,-10.202732,0</coordinates></LineString></Placemark>
<Placemark><name>12075081</name><styleUrl>#styleDaimonCIRCUITO204TRECHO</styleUrl><LineString><coordinates>-48.363703,-10.203123,0 -48.363734,-10.203123,0</coordinates></LineString></Placemark>
<Placemark><name>3033468</name><styleUrl>#styleDaimonCIRCUITO204TRECHO</styleUrl><LineString><coordinates>-48.363905,-10.203693,0 -48.363949,-10.203960,0</coordinates></LineString></Placemark>
<Placemark><name>23818949</name><styleUrl>#styleDaimonCIRCUITO204TRECHO</styleUrl><LineString><coordinates>-48.363741,-10.202732,0 -48.363654,-10.202380,0</coordinates></LineString></Placemark>
<Placemark><name>3033466</name><styleUrl>#styleDaimonCIRCUITO204TRECHO</styleUrl><LineString><coordinates>-48.363190,-10.203364,0 -48.363703,-10.203123,0</coordinates></LineString></Placemark>
<Placemark><name>3033469</name><styleUrl>#styleDaimonCIRCUITO204TRECHO</styleUrl><LineString><coordinates>-48.363949,-10.203960,0 -48.364006,-10.204297,0</coordinates></LineString></Placemark>
<Placemark><name>3043260</name><styleUrl>#styleDaimonCIRCUITO204TRECHO</styleUrl><LineString><coordinates>-48.363654,-10.202380,0 -48.363560,-10.202003,0</coordinates></LineString></Placemark>
<Placemark><name>3261091</name><styleUrl>#styleDaimonCIRCUITO204TRECHO</styleUrl><LineString><coordinates>-48.362543,-10.203660,0 -48.363190,-10.203364,0</coordinates></LineString></Placemark>
<Placemark><name>3033470</name><styleUrl>#styleDaimonCIRCUITO204TRECHO</styleUrl><LineString><coordinates>-48.364006,-10.204297,0 -48.364052,-10.204568,0</coordinates></LineString></Placemark>
<Placemark><name>3043261</name><styleUrl>#styleDaimonCIRCUITO204TRECHO</styleUrl><LineString><coordinates>-48.363560,-10.202003,0 -48.363535,-10.201658,0</coordinates></LineString></Placemark>
<Placemark><name>2684632</name><styleUrl>#styleDaimonCIRCUITO204TRECHO</styleUrl><LineString><coordinates>-48.361938,-10.203953,0 -48.362543,-10.203660,0</coordinates></LineString></Placemark>
<Placemark><name>3033471</name><styleUrl>#styleDaimonCIRCUITO204TRECHO</styleUrl><LineString><coordinates>-48.364052,-10.204568,0 -48.364128,-10.205007,0</coordinates></LineString></Placemark>
<Placemark><name>3043262</name><styleUrl>#styleDaimonCIRCUITO204TRECHO</styleUrl><LineString><coordinates>-48.363535,-10.201658,0 -48.363514,-10.201357,0</coordinates></LineString></Placemark>
<Placemark><name>12075318</name><styleUrl>#styleDaimonCIRCUITO204TRECHO</styleUrl><LineString><coordinates>-48.361918,-10.203964,0 -48.361938,-10.203953,0</coordinates></LineString></Placemark>
<Placemark><name>12075306</name><styleUrl>#styleDaimonCIRCUITO204TRECHO</styleUrl><LineString><coordinates>-48.364128,-10.205007,0 -48.364128,-10.205024,0</coordinates></LineString></Placemark>
<Placemark><name>3261362</name><styleUrl>#styleDaimonCIRCUITO204TRECHO</styleUrl><LineString><coordinates>-48.361611,-10.204086,0 -48.361918,-10.203964,0</coordinates></LineString></Placemark>
<Placemark><name>3254010</name><styleUrl>#styleDaimonCIRCUITO204TRECHO</styleUrl><LineString><coordinates>-48.364128,-10.205024,0 -48.364834,-10.204996,0</coordinates></LineString></Placemark>
<Placemark><name>12075077</name><styleUrl>#styleDaimonCIRCUITO204TRECHO</styleUrl><LineString><coordinates>-48.361596,-10.204092,0 -48.361611,-10.204086,0</coordinates></LineString></Placemark>
<Placemark><name>12079709</name><styleUrl>#styleDaimonCIRCUITO204TRECHO</styleUrl><LineString><coordinates>-48.364834,-10.204996,0 -48.364836,-10.205012,0</coordinates></LineString></Placemark>
<Placemark><name>3353463</name><styleUrl>#styleDaimonCIRCUITO204TRECHO</styleUrl><LineString><coordinates>-48.364834,-10.204996,0 -48.365058,-10.204945,0</coordinates></LineString></Placemark>
<Placemark><name>3261360</name><styleUrl>#styleDaimonCIRCUITO204TRECHO</styleUrl><LineString><coordinates>-48.361401,-10.204001,0 -48.361596,-10.204092,0</coordinates></LineString></Placemark>
<Placemark><name>3353464</name><styleUrl>#styleDaimonCIRCUITO204TRECHO</styleUrl><LineString><coordinates>-48.364836,-10.205012,0 -48.365174,-10.205829,0</coordinates></LineString></Placemark>
<Placemark><name>3261359</name><styleUrl>#styleDaimonCIRCUITO204TRECHO</styleUrl><LineString><coordinates>-48.361184,-10.203869,0 -48.361401,-10.204001,0</coordinates></LineString></Placemark>
<Placemark><name>3359374</name><styleUrl>#styleDaimonCIRCUITO204TRECHO</styleUrl><LineString><coordinates>-48.365174,-10.205829,0 -48.365544,-10.206735,0</coordinates></LineString></Placemark>
<Placemark><name>3261358</name><styleUrl>#styleDaimonCIRCUITO204TRECHO</styleUrl><LineString><coordinates>-48.360841,-10.203119,0 -48.361184,-10.203869,0</coordinates></LineString></Placemark>
<Placemark><name>3261092</name><styleUrl>#styleDaimonCIRCUITO204TRECHO</styleUrl><LineString><coordinates>-48.365544,-10.206735,0 -48.365770,-10.207287,0</coordinates></LineString></Placemark>
<Placemark><name>3261357</name><styleUrl>#styleDaimonCIRCUITO204TRECHO</styleUrl><LineString><coordinates>-48.360445,-10.202067,0 -48.360841,-10.203119,0</coordinates></LineString></Placemark>
<Placemark><name>3261093</name><styleUrl>#styleDaimonCIRCUITO204TRECHO</styleUrl><LineString><coordinates>-48.365770,-10.207287,0 -48.365892,-10.207588,0</coordinates></LineString></Placemark>
<Placemark><name>3261089</name><styleUrl>#styleDaimonCIRCUITO204TRECHO</styleUrl><LineString><coordinates>-48.360200,-10.201420,0 -48.360445,-10.202067,0</coordinates></LineString></Placemark>
<Placemark><name>3269344</name><styleUrl>#styleDaimonCIRCUITO204TRECHO</styleUrl><LineString><coordinates>-48.365892,-10.207588,0 -48.366020,-10.207901,0</coordinates></LineString></Placemark>
<Placemark><name>3359210</name><styleUrl>#styleDaimonCIRCUITO204TRECHO</styleUrl><LineString><coordinates>-48.359944,-10.200741,0 -48.360200,-10.201420,0</coordinates></LineString></Placemark>
<Placemark><name>3269345</name><styleUrl>#styleDaimonCIRCUITO204TRECHO</styleUrl><LineString><coordinates>-48.366020,-10.207901,0 -48.366116,-10.208143,0</coordinates></LineString></Placemark>
<Placemark><name>3359209</name><styleUrl>#styleDaimonCIRCUITO204TRECHO</styleUrl><LineString><coordinates>-48.359707,-10.200112,0 -48.359944,-10.200741,0</coordinates></LineString></Placemark>
<Placemark><name>12075189</name><styleUrl>#styleDaimonCIRCUITO204TRECHO</styleUrl><LineString><coordinates>-48.366116,-10.208143,0 -48.366135,-10.208171,0</coordinates></LineString></Placemark>
<Placemark><name>3042566</name><styleUrl>#styleDaimonCIRCUITO204TRECHO</styleUrl><LineString><coordinates>-48.359671,-10.199522,0 -48.359707,-10.200112,0</coordinates></LineString></Placemark>
<Placemark><name>2684630</name><styleUrl>#styleDaimonCIRCUITO204TRECHO</styleUrl><LineString><coordinates>-48.366135,-10.208171,0 -48.366346,-10.208700,0</coordinates></LineString></Placemark>
<Placemark><name>3664607</name><styleUrl>#styleDaimonCIRCUITO204TRECHO</styleUrl><LineString><coordinates>-48.366135,-10.208171,0 -48.366145,-10.208160,0</coordinates></LineString></Placemark>
<Placemark><name>3041031</name><styleUrl>#styleDaimonCIRCUITO204TRECHO</styleUrl><LineString><coordinates>-48.359644,-10.198766,0 -48.359671,-10.199522,0</coordinates></LineString></Placemark>
<Placemark><name>3034565</name><styleUrl>#styleDaimonCIRCUITO204TRECHO</styleUrl><LineString><coordinates>-48.366346,-10.208700,0 -48.366530,-10.209148,0</coordinates></LineString></Placemark>
<Placemark><name>3268904</name><styleUrl>#styleDaimonCIRCUITO204TRECHO</styleUrl><LineString><coordinates>-48.366530,-10.209148,0 -48.366683,-10.209524,0</coordinates></LineString></Placemark>
<Placemark><name>3268906</name><styleUrl>#styleDaimonCIRCUITO204TRECHO</styleUrl><LineString><coordinates>-48.366683,-10.209524,0 -48.366887,-10.210026,0</coordinates></LineString></Placemark>
<Placemark><name>3664606</name><styleUrl>#styleDaimonCIRCUITO204TRECHO</styleUrl><LineString><coordinates>-48.360082,-10.202062,0 -48.360069,-10.202056,0</coordinates></LineString></Placemark>
<Placemark><name>2740956</name><styleUrl>#styleDaimonCIRCUITO204TRECHO</styleUrl><LineString><coordinates>-48.360082,-10.202062,0 -48.360165,-10.202274,0</coordinates></LineString></Placemark>
<Placemark><name>2740960</name><styleUrl>#styleDaimonCIRCUITO204TRECHO</styleUrl><LineString><coordinates>-48.359917,-10.201658,0 -48.360082,-10.202062,0</coordinates></LineString></Placemark>
<Placemark><name>2685005</name><styleUrl>#styleDaimonCIRCUITO204TRECHO</styleUrl><LineString><coordinates>-48.360165,-10.202274,0 -48.360377,-10.202799,0</coordinates></LineString></Placemark>
<Placemark><name>3049957</name><styleUrl>#styleDaimonCIRCUITO204TRECHO</styleUrl><LineString><coordinates>-48.359688,-10.201092,0 -48.359917,-10.201658,0</coordinates></LineString></Placemark>
<Placemark><name>2685004</name><styleUrl>#styleDaimonCIRCUITO204TRECHO</styleUrl><LineString><coordinates>-48.360377,-10.202799,0 -48.360617,-10.203403,0</coordinates></LineString></Placemark>
<Placemark><name>3049958</name><styleUrl>#styleDaimonCIRCUITO204TRECHO</styleUrl><LineString><coordinates>-48.359474,-10.200562,0 -48.359688,-10.201092,0</coordinates></LineString></Placemark>
<Placemark><name>12079710</name><styleUrl>#styleDaimonCIRCUITO204TRECHO</styleUrl><LineString><coordinates>-48.360617,-10.203403,0 -48.360634,-10.203433,0</coordinates></LineString></Placemark>
<Placemark><name>3040810</name><styleUrl>#styleDaimonCIRCUITO204TRECHO</styleUrl><LineString><coordinates>-48.359428,-10.199947,0 -48.359474,-10.200562,0</coordinates></LineString></Placemark>
<Placemark><name>3034752</name><styleUrl>#styleDaimonCIRCUITO204TRECHO</styleUrl><LineString><coordinates>-48.360634,-10.203433,0 -48.360881,-10.203981,0</coordinates></LineString></Placemark>
<Placemark><name>3040811</name><styleUrl>#styleDaimonCIRCUITO204TRECHO</styleUrl><LineString><coordinates>-48.359379,-10.199285,0 -48.359428,-10.199947,0</coordinates></LineString></Placemark>
<Placemark><name>3034751</name><styleUrl>#styleDaimonCIRCUITO204TRECHO</styleUrl><LineString><coordinates>-48.360881,-10.203981,0 -48.360860,-10.204217,0</coordinates></LineString></Placemark>
<Placemark><name>3040812</name><styleUrl>#styleDaimonCIRCUITO204TRECHO</styleUrl><LineString><coordinates>-48.359340,-10.198746,0 -48.359379,-10.199285,0</coordinates></LineString></Placemark>
<Placemark><name>3034750</name><styleUrl>#styleDaimonCIRCUITO204TRECHO</styleUrl><LineString><coordinates>-48.360860,-10.204217,0 -48.360792,-10.204459,0</coordinates></LineString></Placemark>
<Placemark><name>3034569</name><styleUrl>#styleDaimonCIRCUITO204TRECHO</styleUrl><LineString><coordinates>-48.360792,-10.204459,0 -48.360889,-10.204639,0</coordinates></LineString></Placemark>
<Placemark><name>29255185</name><styleUrl>#styleDaimonCIRCUITO204TRECHO</styleUrl><LineString><coordinates>-48.360889,-10.204639,0 -48.361007,-10.204694,0</coordinates></LineString></Placemark>
<Placemark><name>29255186</name><styleUrl>#styleDaimonCIRCUITO204TRECHO</styleUrl><LineString><coordinates>-48.361007,-10.204694,0 -48.361218,-10.204766,0</coordinates></LineString></Placemark>
<Placemark><name>3034566</name><styleUrl>#styleDaimonCIRCUITO204TRECHO</styleUrl><LineString><coordinates>-48.361218,-10.204766,0 -48.361411,-10.205094,0</coordinates></LineString></Placemark>
<Placemark><name>20916134</name><styleUrl>#styleDaimonCIRCUITO204TRECHO</styleUrl><LineString><coordinates>-48.364235,-10.196663,0 -48.364715,-10.196645,0</coordinates></LineString></Placemark>
<Placemark><name>62735349</name><styleUrl>#styleDaimonCIRCUITO204TRECHO</styleUrl><LineString><coordinates>-48.363941,-10.196662,0 -48.364235,-10.196663,0</coordinates></LineString></Placemark>
<Placemark><name>20916159</name><styleUrl>#styleDaimonCIRCUITO204TRECHO</styleUrl><LineString><coordinates>-48.363773,-10.196660,0 -48.363941,-10.196662,0</coordinates></LineString></Placemark>
<Placemark><name>20916148</name><styleUrl>#styleDaimonCIRCUITO204TRECHO</styleUrl><LineString><coordinates>-48.363582,-10.196660,0 -48.363773,-10.196660,0</coordinates></LineString></Placemark>
<Placemark><name>20916115</name><styleUrl>#styleDaimonCIRCUITO204TRECHO</styleUrl><LineString><coordinates>-48.363482,-10.196659,0 -48.363582,-10.196660,0</coordinates></LineString></Placemark>
<Placemark><name>34563227</name><styleUrl>#styleDaimonCIRCUITO204TRECHO</styleUrl><LineString><coordinates>-48.363669,-10.193208,0 -48.363672,-10.193286,0</coordinates></LineString></Placemark>
<Placemark><name>2800195</name><styleUrl>#styleDaimonCIRCUITO204TRECHO</styleUrl><LineString><coordinates>-48.364560,-10.194912,0 -48.364738,-10.194915,0</coordinates></LineString></Placemark>
<Placemark><name>2800196</name><styleUrl>#styleDaimonCIRCUITO204TRECHO</styleUrl><LineString><coordinates>-48.364738,-10.194915,0 -48.364932,-10.194918,0</coordinates></LineString></Placemark>
<Placemark><name>2800194</name><styleUrl>#styleDaimonCIRCUITO204TRECHO</styleUrl><LineString><coordinates>-48.364274,-10.194888,0 -48.364560,-10.194912,0</coordinates></LineString></Placemark>
<Placemark><name>2800193</name><styleUrl>#styleDaimonCIRCUITO204TRECHO</styleUrl><LineString><coordinates>-48.364274,-10.194888,0 -48.364215,-10.194900,0</coordinates></LineString></Placemark>
<Placemark><name>2800192</name><styleUrl>#styleDaimonCIRCUITO204TRECHO</styleUrl><LineString><coordinates>-48.364274,-10.194888,0 -48.364344,-10.195028,0</coordinates></LineString></Placemark>
<Placemark><name>2800191</name><styleUrl>#styleDaimonCIRCUITO204TRECHO</styleUrl><LineString><coordinates>-48.364209,-10.194756,0 -48.364274,-10.194888,0</coordinates></LineString></Placemark>
<Placemark><name>35640228</name><styleUrl>#styleDaimonCIRCUITO204TRECHO</styleUrl><LineString><coordinates>-48.364344,-10.195028,0 -48.364379,-10.195097,0</coordinates></LineString></Placemark>
<Placemark><name>3259398</name><styleUrl>#styleDaimonCIRCUITO204TRECHO</styleUrl><LineString><coordinates>-48.364379,-10.195097,0 -48.364494,-10.195321,0</coordinates></LineString></Placemark>
<Placemark><name>12081185</name><styleUrl>#styleDaimonCIRCUITO204TRECHO</styleUrl><LineString><coordinates>-48.364494,-10.195321,0 -48.364508,-10.195351,0</coordinates></LineString></Placemark>
<Placemark><name>43838210</name><styleUrl>#styleDaimonCIRCUITO204TRECHO</styleUrl><LineString><coordinates>-48.363370,-10.192667,0 -48.363442,-10.192697,0</coordinates></LineString></Placemark>
<Placemark><name>34829019</name><styleUrl>#styleDaimonCIRCUITO204TRECHO</styleUrl><LineString><coordinates>-48.363354,-10.192671,0 -48.363370,-10.192667,0</coordinates></LineString></Placemark>
<Placemark><name>43837721</name><styleUrl>#styleDaimonCIRCUITO204TRECHO</styleUrl><LineString><coordinates>-48.364905,-10.194358,0 -48.364973,-10.194332,0</coordinates></LineString></Placemark>
<Placemark><name>3569523</name><styleUrl>#styleDaimonCIRCUITO204TRECHO</styleUrl><LineString><coordinates>-48.364870,-10.194272,0 -48.364905,-10.194358,0</coordinates></LineString></Placemark>
<Placemark><name>3569521</name><styleUrl>#styleDaimonCIRCUITO204TRECHO</styleUrl><LineString><coordinates>-48.364905,-10.194358,0 -48.364960,-10.194498,0</coordinates></LineString></Placemark>
<Placemark><name>3569522</name><styleUrl>#styleDaimonCIRCUITO204TRECHO</styleUrl><LineString><coordinates>-48.364831,-10.194173,0 -48.364870,-10.194272,0</coordinates></LineString></Placemark>
<Placemark><name>12077978</name><styleUrl>#styleDaimonCIRCUITO204TRECHO</styleUrl><LineString><coordinates>-48.364823,-10.194154,0 -48.364831,-10.194173,0</coordinates></LineString></Placemark>
<Placemark><name>2951541</name><styleUrl>#styleDaimonCIRCUITO204TRECHO</styleUrl><LineString><coordinates>-48.364667,-10.193757,0 -48.364823,-10.194154,0</coordinates></LineString></Placemark>
<Placemark><name>2951540</name><styleUrl>#styleDaimonCIRCUITO204TRECHO</styleUrl><LineString><coordinates>-48.364552,-10.193479,0 -48.364667,-10.193757,0</coordinates></LineString></Placemark>
<Placemark><name>2951539</name><styleUrl>#styleDaimonCIRCUITO204TRECHO</styleUrl><LineString><coordinates>-48.364422,-10.193191,0 -48.364552,-10.193479,0</coordinates></LineString></Placemark>
<Placemark><name>2951536</name><styleUrl>#styleDaimonCIRCUITO204TRECHO</styleUrl><LineString><coordinates>-48.364204,-10.193188,0 -48.364422,-10.193191,0</coordinates></LineString></Placemark>
<Placemark><name>2951537</name><styleUrl>#styleDaimonCIRCUITO204TRECHO</styleUrl><LineString><coordinates>-48.364422,-10.193191,0 -48.364545,-10.193198,0</coordinates></LineString></Placemark>
<Placemark><name>2951538</name><styleUrl>#styleDaimonCIRCUITO204TRECHO</styleUrl><LineString><coordinates>-48.364422,-10.193191,0 -48.364367,-10.193085,0</coordinates></LineString></Placemark>
<Placemark><name>54679958</name><styleUrl>#styleDaimonCIRCUITO204TRECHO</styleUrl><LineString><coordinates>-48.363738,-10.194041,0 -48.363716,-10.194041,0</coordinates></LineString></Placemark>
<Placemark><name>54679874</name><styleUrl>#styleDaimonCIRCUITO204TRECHO</styleUrl><LineString><coordinates>-48.363716,-10.194041,0 -48.363406,-10.194041,0</coordinates></LineString></Placemark>
<Placemark><name>54679849</name><styleUrl>#styleDaimonCIRCUITO204TRECHO</styleUrl><LineString><coordinates>-48.363876,-10.194044,0 -48.363738,-10.194041,0</coordinates></LineString></Placemark>
<Placemark><name>54679875</name><styleUrl>#styleDaimonCIRCUITO204TRECHO</styleUrl><LineString><coordinates>-48.363406,-10.194041,0 -48.363142,-10.194041,0</coordinates></LineString></Placemark>
<Placemark><name>54679860</name><styleUrl>#styleDaimonCIRCUITO204TRECHO</styleUrl><LineString><coordinates>-48.363142,-10.194041,0 -48.362731,-10.194032,0</coordinates></LineString></Placemark>
<Placemark><name>2684631</name><styleUrl>#styleDaimonCIRCUITO204TRECHO</styleUrl><LineString><coordinates>-48.366191,-10.208153,0 -48.366602,-10.208084,0</coordinates></LineString></Placemark>
<Placemark><name>3268905</name><styleUrl>#styleDaimonCIRCUITO204TRECHO</styleUrl><LineString><coordinates>-48.366574,-10.209152,0 -48.366975,-10.209186,0</coordinates></LineString></Placemark>
<Placemark><name>3033465</name><styleUrl>#styleDaimonCIRCUITO204TRECHO</styleUrl><LineString><coordinates>-48.363537,-10.201347,0 -48.363737,-10.201255,0</coordinates></LineString></Placemark>
<Placemark><name>24586938</name><styleUrl>#styleDaimonCIRCUITO204TRECHO</styleUrl><LineString><coordinates>-48.363737,-10.201255,0 -48.363596,-10.201245,0</coordinates></LineString></Placemark>
<Placemark><name>3353466</name><styleUrl>#styleDaimonCIRCUITO204TRECHO</styleUrl><LineString><coordinates>-48.365389,-10.204868,0 -48.366003,-10.204724,0</coordinates></LineString></Placemark>
<Placemark><name>3353465</name><styleUrl>#styleDaimonCIRCUITO204TRECHO</styleUrl><LineString><coordinates>-48.365092,-10.204938,0 -48.365389,-10.204868,0</coordinates></LineString></Placemark>
<Placemark><name>3268907</name><styleUrl>#styleDaimonCIRCUITO204TRECHO</styleUrl><LineString><coordinates>-48.366903,-10.210065,0 -48.367046,-10.210412,0</coordinates></LineString></Placemark>
<Placemark><name>2943876</name><styleUrl>#styleDaimonCIRCUITO204TRECHO</styleUrl><LineString><coordinates>-48.358231,-10.202768,0 -48.358131,-10.202558,0</coordinates></LineString></Placemark>
<Placemark><name>2943888</name><styleUrl>#styleDaimonCIRCUITO204TRECHO</styleUrl><LineString><coordinates>-48.358131,-10.202558,0 -48.357897,-10.202657,0</coordinates></LineString></Placemark>
<Placemark><name>2943889</name><styleUrl>#styleDaimonCIRCUITO204TRECHO</styleUrl><LineString><coordinates>-48.358131,-10.202558,0 -48.358178,-10.202536,0</coordinates></LineString></Placemark>
<Placemark><name>2943887</name><styleUrl>#styleDaimonCIRCUITO204TRECHO</styleUrl><LineString><coordinates>-48.358131,-10.202558,0 -48.358103,-10.202501,0</coordinates></LineString></Placemark>
<Placemark><name>12079730</name><styleUrl>#styleDaimonCIRCUITO204TRECHO</styleUrl><LineString><coordinates>-48.358247,-10.202761,0 -48.358231,-10.202768,0</coordinates></LineString></Placemark>
<Placemark><name>3042564</name><styleUrl>#styleDaimonCIRCUITO204TRECHO</styleUrl><LineString><coordinates>-48.358231,-10.202768,0 -48.358339,-10.203008,0</coordinates></LineString></Placemark>
<Placemark><name>3294080</name><styleUrl>#styleDaimonCIRCUITO204TRECHO</styleUrl><LineString><coordinates>-48.357897,-10.202657,0 -48.357659,-10.202764,0</coordinates></LineString></Placemark>
<Placemark><name>3042565</name><styleUrl>#styleDaimonCIRCUITO204TRECHO</styleUrl><LineString><coordinates>-48.358496,-10.202645,0 -48.358247,-10.202761,0</coordinates></LineString></Placemark>
<Placemark><name>3294079</name><styleUrl>#styleDaimonCIRCUITO204TRECHO</styleUrl><LineString><coordinates>-48.357659,-10.202764,0 -48.357765,-10.203000,0</coordinates></LineString></Placemark>
<Placemark><name>3294078</name><styleUrl>#styleDaimonCIRCUITO204TRECHO</styleUrl><LineString><coordinates>-48.357659,-10.202764,0 -48.357628,-10.202692,0</coordinates></LineString></Placemark>
<Placemark><name>3294081</name><styleUrl>#styleDaimonCIRCUITO204TRECHO</styleUrl><LineString><coordinates>-48.357659,-10.202764,0 -48.357590,-10.202797,0</coordinates></LineString></Placemark>
<Placemark><name>3042561</name><styleUrl>#styleDaimonCIRCUITO204TRECHO</styleUrl><LineString><coordinates>-48.358779,-10.202527,0 -48.358496,-10.202645,0</coordinates></LineString></Placemark>
<Placemark><name>48947760</name><styleUrl>#styleDaimonCIRCUITO204TRECHO</styleUrl><LineString><coordinates>-48.357765,-10.203000,0 -48.357775,-10.203021,0</coordinates></LineString></Placemark>
<Placemark><name>3260255</name><styleUrl>#styleDaimonCIRCUITO204TRECHO</styleUrl><LineString><coordinates>-48.357628,-10.202692,0 -48.357497,-10.202416,0</coordinates></LineString></Placemark>
<Placemark><name>3042562</name><styleUrl>#styleDaimonCIRCUITO204TRECHO</styleUrl><LineString><coordinates>-48.359057,-10.202397,0 -48.358779,-10.202527,0</coordinates></LineString></Placemark>
<Placemark><name>48947707</name><styleUrl>#styleDaimonCIRCUITO204TRECHO</styleUrl><LineString><coordinates>-48.357775,-10.203021,0 -48.357900,-10.203318,0</coordinates></LineString></Placemark>
<Placemark><name>3042774</name><styleUrl>#styleDaimonCIRCUITO204TRECHO</styleUrl><LineString><coordinates>-48.357497,-10.202416,0 -48.357380,-10.202133,0</coordinates></LineString></Placemark>
<Placemark><name>3042563</name><styleUrl>#styleDaimonCIRCUITO204TRECHO</styleUrl><LineString><coordinates>-48.359331,-10.202286,0 -48.359057,-10.202397,0</coordinates></LineString></Placemark>
<Placemark><name>48947730</name><styleUrl>#styleDaimonCIRCUITO204TRECHO</styleUrl><LineString><coordinates>-48.357900,-10.203318,0 -48.358010,-10.203517,0</coordinates></LineString></Placemark>
<Placemark><name>3042775</name><styleUrl>#styleDaimonCIRCUITO204TRECHO</styleUrl><LineString><coordinates>-48.357380,-10.202133,0 -48.357307,-10.201818,0</coordinates></LineString></Placemark>
<Placemark><name>3049947</name><styleUrl>#styleDaimonCIRCUITO204TRECHO</styleUrl><LineString><coordinates>-48.359560,-10.202156,0 -48.359331,-10.202286,0</coordinates></LineString></Placemark>
<Placemark><name>48947731</name><styleUrl>#styleDaimonCIRCUITO204TRECHO</styleUrl><LineString><coordinates>-48.358010,-10.203517,0 -48.358203,-10.203665,0</coordinates></LineString></Placemark>
<Placemark><name>3042776</name><styleUrl>#styleDaimonCIRCUITO204TRECHO</styleUrl><LineString><coordinates>-48.357307,-10.201818,0 -48.357216,-10.201472,0</coordinates></LineString></Placemark>
<Placemark><name>12075089</name><styleUrl>#styleDaimonCIRCUITO204TRECHO</styleUrl><LineString><coordinates>-48.359575,-10.202148,0 -48.359560,-10.202156,0</coordinates></LineString></Placemark>
<Placemark><name>48947718</name><styleUrl>#styleDaimonCIRCUITO204TRECHO</styleUrl><LineString><coordinates>-48.358203,-10.203665,0 -48.358373,-10.203783,0</coordinates></LineString></Placemark>
<Placemark><name>2526620</name><styleUrl>#styleDaimonCIRCUITO204TRECHO</styleUrl><LineString><coordinates>-48.357216,-10.201472,0 -48.357160,-10.201208,0</coordinates></LineString></Placemark>
<Placemark><name>2740958</name><styleUrl>#styleDaimonCIRCUITO204TRECHO</styleUrl><LineString><coordinates>-48.359617,-10.202259,0 -48.359575,-10.202148,0</coordinates></LineString></Placemark>
<Placemark><name>3049948</name><styleUrl>#styleDaimonCIRCUITO204TRECHO</styleUrl><LineString><coordinates>-48.359575,-10.202148,0 -48.359441,-10.201845,0</coordinates></LineString></Placemark>
<Placemark><name>12073938</name><styleUrl>#styleDaimonCIRCUITO204TRECHO</styleUrl><LineString><coordinates>-48.359646,-10.202247,0 -48.359617,-10.202259,0</coordinates></LineString></Placemark>
<Placemark><name>2740957</name><styleUrl>#styleDaimonCIRCUITO204TRECHO</styleUrl><LineString><coordinates>-48.359617,-10.202259,0 -48.359679,-10.202428,0</coordinates></LineString></Placemark>
<Placemark><name>3049949</name><styleUrl>#styleDaimonCIRCUITO204TRECHO</styleUrl><LineString><coordinates>-48.359441,-10.201845,0 -48.359331,-10.201541,0</coordinates></LineString></Placemark>
<Placemark><name>2740959</name><styleUrl>#styleDaimonCIRCUITO204TRECHO</styleUrl><LineString><coordinates>-48.360027,-10.202076,0 -48.359646,-10.202247,0</coordinates></LineString></Placemark>
<Placemark><name>3049946</name><styleUrl>#styleDaimonCIRCUITO204TRECHO</styleUrl><LineString><coordinates>-48.359679,-10.202428,0 -48.359825,-10.202722,0</coordinates></LineString></Placemark>
<Placemark><name>3040941</name><styleUrl>#styleDaimonCIRCUITO204TRECHO</styleUrl><LineString><coordinates>-48.359331,-10.201541,0 -48.359193,-10.201271,0</coordinates></LineString></Placemark>
<Placemark><name>3049945</name><styleUrl>#styleDaimonCIRCUITO204TRECHO</styleUrl><LineString><coordinates>-48.359825,-10.202722,0 -48.359965,-10.203032,0</coordinates></LineString></Placemark>
<Placemark><name>3041026</name><styleUrl>#styleDaimonCIRCUITO204TRECHO</styleUrl><LineString><coordinates>-48.359193,-10.201271,0 -48.359099,-10.200940,0</coordinates></LineString></Placemark>
<Placemark><name>3049944</name><styleUrl>#styleDaimonCIRCUITO204TRECHO</styleUrl><LineString><coordinates>-48.359965,-10.203032,0 -48.360095,-10.203307,0</coordinates></LineString></Placemark>
<Placemark><name>3041027</name><styleUrl>#styleDaimonCIRCUITO204TRECHO</styleUrl><LineString><coordinates>-48.359099,-10.200940,0 -48.359026,-10.200652,0</coordinates></LineString></Placemark>
<Placemark><name>2685218</name><styleUrl>#styleDaimonCIRCUITO204TRECHO</styleUrl><LineString><coordinates>-48.360095,-10.203307,0 -48.360238,-10.203606,0</coordinates></LineString></Placemark>
<Placemark><name>3040927</name><styleUrl>#styleDaimonCIRCUITO204TRECHO</styleUrl><LineString><coordinates>-48.359026,-10.200652,0 -48.358967,-10.200321,0</coordinates></LineString></Placemark>
<Placemark><name>2685011</name><styleUrl>#styleDaimonCIRCUITO204TRECHO</styleUrl><LineString><coordinates>-48.358967,-10.200321,0 -48.358919,-10.200009,0</coordinates></LineString></Placemark>
<Placemark><name>2685024</name><styleUrl>#styleDaimonCIRCUITO204TRECHO</styleUrl><LineString><coordinates>-48.358919,-10.200009,0 -48.358883,-10.199695,0</coordinates></LineString></Placemark>
<Placemark><name>2685023</name><styleUrl>#styleDaimonCIRCUITO204TRECHO</styleUrl><LineString><coordinates>-48.358883,-10.199695,0 -48.358860,-10.199378,0</coordinates></LineString></Placemark>
<Placemark><name>35932477</name><styleUrl>#styleDaimonCIRCUITO204TRECHO</styleUrl><LineString><coordinates>-48.358860,-10.199378,0 -48.358850,-10.199064,0</coordinates></LineString></Placemark>
<Placemark><name>59265857</name><styleUrl>#styleDaimonCIRCUITO204TRECHO</styleUrl><LineString><coordinates>-48.358850,-10.199064,0 -48.358850,-10.198913,0</coordinates></LineString></Placemark>
<Placemark><name>59265864</name><styleUrl>#styleDaimonCIRCUITO204TRECHO</styleUrl><LineString><coordinates>-48.358850,-10.198913,0 -48.358847,-10.198816,0</coordinates></LineString></Placemark>
<Placemark><name>3268908</name><styleUrl>#styleDaimonCIRCUITO204TRECHO</styleUrl><LineString><coordinates>-48.361884,-10.206126,0 -48.362120,-10.206640,0</coordinates></LineString></Placemark>
<Placemark><name>3353462</name><styleUrl>#styleDaimonCIRCUITO204TRECHO</styleUrl><LineString><coordinates>-48.362120,-10.206640,0 -48.362367,-10.207175,0</coordinates></LineString></Placemark>
<Placemark><name>3268472</name><styleUrl>#styleDaimonCIRCUITO204TRECHO</styleUrl><LineString><coordinates>-48.361644,-10.205605,0 -48.361884,-10.206126,0</coordinates></LineString></Placemark>
<Placemark><name>3353461</name><styleUrl>#styleDaimonCIRCUITO204TRECHO</styleUrl><LineString><coordinates>-48.362367,-10.207175,0 -48.362610,-10.207707,0</coordinates></LineString></Placemark>
<Placemark><name>3033472</name><styleUrl>#styleDaimonCIRCUITO204TRECHO</styleUrl><LineString><coordinates>-48.361528,-10.205350,0 -48.361644,-10.205605,0</coordinates></LineString></Placemark>
<Placemark><name>3353460</name><styleUrl>#styleDaimonCIRCUITO204TRECHO</styleUrl><LineString><coordinates>-48.362610,-10.207707,0 -48.362846,-10.208222,0</coordinates></LineString></Placemark>
<Placemark><name>47186863</name><styleUrl>#styleDaimonCIRCUITO204TRECHO</styleUrl><LineString><coordinates>-48.361423,-10.205120,0 -48.361528,-10.205350,0</coordinates></LineString></Placemark>
<Placemark><name>3359373</name><styleUrl>#styleDaimonCIRCUITO204TRECHO</styleUrl><LineString><coordinates>-48.362846,-10.208222,0 -48.363064,-10.208813,0</coordinates></LineString></Placemark>
<Placemark><name>3359372</name><styleUrl>#styleDaimonCIRCUITO204TRECHO</styleUrl><LineString><coordinates>-48.363064,-10.208813,0 -48.363368,-10.209357,0</coordinates></LineString></Placemark>
<Placemark><name>3359371</name><styleUrl>#styleDaimonCIRCUITO204TRECHO</styleUrl><LineString><coordinates>-48.363368,-10.209357,0 -48.363557,-10.209772,0</coordinates></LineString></Placemark>
<Placemark><name>12079708</name><styleUrl>#styleDaimonCIRCUITO204TRECHO</styleUrl><LineString><coordinates>-48.363557,-10.209772,0 -48.363572,-10.209801,0</coordinates></LineString></Placemark>
<Placemark><name>3359216</name><styleUrl>#styleDaimonCIRCUITO204TRECHO</styleUrl><LineString><coordinates>-48.363572,-10.209801,0 -48.363715,-10.210169,0</coordinates></LineString></Placemark>
<Placemark><name>3042765</name><styleUrl>#styleDaimonCIRCUITO204TRECHO</styleUrl><LineString><coordinates>-48.363715,-10.210169,0 -48.363567,-10.210344,0</coordinates></LineString></Placemark>
<Placemark><name>2922240</name><styleUrl>#styleDaimonCIRCUITO204TRECHO</styleUrl><LineString><coordinates>-48.363567,-10.210344,0 -48.363529,-10.210546,0</coordinates></LineString></Placemark>
<Placemark><name>12074576</name><styleUrl>#styleDaimonCIRCUITO204TRECHO</styleUrl><LineString><coordinates>-48.363529,-10.210546,0 -48.363508,-10.210573,0</coordinates></LineString></Placemark>
<Placemark><name>2922500</name><styleUrl>#styleDaimonCIRCUITO204TRECHO</styleUrl><LineString><coordinates>-48.363529,-10.210546,0 -48.363605,-10.210755,0</coordinates></LineString></Placemark>
<Placemark><name>2922241</name><styleUrl>#styleDaimonCIRCUITO204TRECHO</styleUrl><LineString><coordinates>-48.363508,-10.210573,0 -48.363287,-10.210671,0</coordinates></LineString></Placemark>
<Placemark><name>12079707</name><styleUrl>#styleDaimonCIRCUITO204TRECHO</styleUrl><LineString><coordinates>-48.363605,-10.210755,0 -48.363593,-10.210767,0</coordinates></LineString></Placemark>
<Placemark><name>2684808</name><styleUrl>#styleDaimonCIRCUITO204TRECHO</styleUrl><LineString><coordinates>-48.363605,-10.210755,0 -48.363720,-10.210836,0</coordinates></LineString></Placemark>
<Placemark><name>2684807</name><styleUrl>#styleDaimonCIRCUITO204TRECHO</styleUrl><LineString><coordinates>-48.363593,-10.210767,0 -48.363481,-10.210812,0</coordinates></LineString></Placemark>
<Placemark><name>39354683</name><styleUrl>#styleDaimonCIRCUITO204TRECHO</styleUrl><LineString><coordinates>-48.363720,-10.210836,0 -48.363753,-10.210857,0</coordinates></LineString></Placemark>
<Placemark><name>3631684</name><styleUrl>#styleDaimonCIRCUITO204TRECHO</styleUrl><LineString><coordinates>-48.363481,-10.210812,0 -48.363106,-10.210983,0</coordinates></LineString></Placemark>
<Placemark><name>39354553</name><styleUrl>#styleDaimonCIRCUITO204TRECHO</styleUrl><LineString><coordinates>-48.363753,-10.210857,0 -48.363880,-10.210950,0</coordinates></LineString></Placemark>
<Placemark><name>3631686</name><styleUrl>#styleDaimonCIRCUITO204TRECHO</styleUrl><LineString><coordinates>-48.363106,-10.210983,0 -48.362920,-10.211063,0</coordinates></LineString></Placemark>
<Placemark><name>39354541</name><styleUrl>#styleDaimonCIRCUITO204TRECHO</styleUrl><LineString><coordinates>-48.363880,-10.210950,0 -48.364061,-10.211262,0</coordinates></LineString></Placemark>
<Placemark><name>3631685</name><styleUrl>#styleDaimonCIRCUITO204TRECHO</styleUrl><LineString><coordinates>-48.362920,-10.211063,0 -48.362600,-10.211170,0</coordinates></LineString></Placemark>
<Placemark><name>2684806</name><styleUrl>#styleDaimonCIRCUITO204TRECHO</styleUrl><LineString><coordinates>-48.362600,-10.211170,0 -48.362270,-10.211237,0</coordinates></LineString></Placemark>
<Placemark><name>2684805</name><styleUrl>#styleDaimonCIRCUITO204TRECHO</styleUrl><LineString><coordinates>-48.362270,-10.211237,0 -48.361889,-10.211264,0</coordinates></LineString></Placemark>
<Placemark><name>2684635</name><styleUrl>#styleDaimonCIRCUITO204TRECHO</styleUrl><LineString><coordinates>-48.361889,-10.211264,0 -48.361560,-10.211255,0</coordinates></LineString></Placemark>
<Placemark><name>12078666</name><styleUrl>#styleDaimonCIRCUITO204TRECHO</styleUrl><LineString><coordinates>-48.361560,-10.211255,0 -48.361530,-10.211258,0</coordinates></LineString></Placemark>
<Placemark><name>3591335</name><styleUrl>#styleDaimonCIRCUITO204TRECHO</styleUrl><LineString><coordinates>-48.361530,-10.211258,0 -48.361391,-10.211257,0</coordinates></LineString></Placemark>
<Placemark><name>3659390</name><styleUrl>#styleDaimonCIRCUITO204TRECHO</styleUrl><LineString><coordinates>-48.361391,-10.211257,0 -48.361356,-10.211227,0</coordinates></LineString></Placemark>
<Placemark><name>2677568</name><styleUrl>#styleDaimonCIRCUITO204TRECHO</styleUrl><LineString><coordinates>-48.359834,-10.204835,0 -48.359514,-10.204832,0</coordinates></LineString></Placemark>
<Placemark><name>2677783</name><styleUrl>#styleDaimonCIRCUITO204TRECHO</styleUrl><LineString><coordinates>-48.359514,-10.204832,0 -48.359133,-10.204825,0</coordinates></LineString></Placemark>
<Placemark><name>2677777</name><styleUrl>#styleDaimonCIRCUITO204TRECHO</styleUrl><LineString><coordinates>-48.360180,-10.204806,0 -48.359834,-10.204835,0</coordinates></LineString></Placemark>
<Placemark><name>2677765</name><styleUrl>#styleDaimonCIRCUITO204TRECHO</styleUrl><LineString><coordinates>-48.360558,-10.204726,0 -48.360180,-10.204806,0</coordinates></LineString></Placemark>
<Placemark><name>52318177</name><styleUrl>#styleDaimonCIRCUITO204TRECHO</styleUrl><LineString><coordinates>-48.360856,-10.204647,0 -48.360558,-10.204726,0</coordinates></LineString></Placemark>
<Placemark><name>2637651</name><styleUrl>#styleDaimonCIRCUITO204TRECHO</styleUrl><LineString><coordinates>-48.365022,-10.196603,0 -48.364968,-10.196486,0</coordinates></LineString></Placemark>
<Placemark><name>2637653</name><styleUrl>#styleDaimonCIRCUITO204TRECHO</styleUrl><LineString><coordinates>-48.364746,-10.196641,0 -48.365022,-10.196603,0</coordinates></LineString></Placemark>
<Placemark><name>2637655</name><styleUrl>#styleDaimonCIRCUITO204TRECHO</styleUrl><LineString><coordinates>-48.365022,-10.196603,0 -48.365145,-10.196585,0</coordinates></LineString></Placemark>
<Placemark><name>2637654</name><styleUrl>#styleDaimonCIRCUITO204TRECHO</styleUrl><LineString><coordinates>-48.365022,-10.196603,0 -48.365105,-10.196782,0</coordinates></LineString></Placemark>
<Placemark><name>2684240</name><styleUrl>#styleDaimonCIRCUITO204TRECHO</styleUrl><LineString><coordinates>-48.364968,-10.196486,0 -48.364846,-10.196070,0</coordinates></LineString></Placemark>
<Placemark><name>3353254</name><styleUrl>#styleDaimonCIRCUITO204TRECHO</styleUrl><LineString><coordinates>-48.365105,-10.196782,0 -48.365280,-10.197043,0</coordinates></LineString></Placemark>
<Placemark><name>3575470</name><styleUrl>#styleDaimonCIRCUITO204TRECHO</styleUrl><LineString><coordinates>-48.364846,-10.196070,0 -48.364696,-10.195765,0</coordinates></LineString></Placemark>
<Placemark><name>56929890</name><styleUrl>#styleDaimonCIRCUITO204TRECHO</styleUrl><LineString><coordinates>-48.365280,-10.197043,0 -48.365328,-10.197139,0</coordinates></LineString></Placemark>
<Placemark><name>3616291</name><styleUrl>#styleDaimonCIRCUITO204TRECHO</styleUrl><LineString><coordinates>-48.364696,-10.195765,0 -48.364678,-10.195723,0</coordinates></LineString></Placemark>
<Placemark><name>3353255</name><styleUrl>#styleDaimonCIRCUITO204TRECHO</styleUrl><LineString><coordinates>-48.365328,-10.197139,0 -48.365474,-10.197430,0</coordinates></LineString></Placemark>
<Placemark><name>3605875</name><styleUrl>#styleDaimonCIRCUITO204TRECHO</styleUrl><LineString><coordinates>-48.364678,-10.195723,0 -48.364641,-10.195652,0</coordinates></LineString></Placemark>
<Placemark><name>57162088</name><styleUrl>#styleDaimonCIRCUITO204TRECHO</styleUrl><LineString><coordinates>-48.365474,-10.197430,0 -48.365562,-10.197676,0</coordinates></LineString></Placemark>
<Placemark><name>3614450</name><styleUrl>#styleDaimonCIRCUITO204TRECHO</styleUrl><LineString><coordinates>-48.364641,-10.195652,0 -48.364590,-10.195536,0</coordinates></LineString></Placemark>
<Placemark><name>24528820</name><styleUrl>#styleDaimonCIRCUITO204TRECHO</styleUrl><LineString><coordinates>-48.364641,-10.195652,0 -48.364517,-10.195644,0</coordinates></LineString></Placemark>
<Placemark><name>3614449</name><styleUrl>#styleDaimonCIRCUITO204TRECHO</styleUrl><LineString><coordinates>-48.364590,-10.195536,0 -48.364517,-10.195371,0</coordinates></LineString></Placemark>
<Placemark><name>62735379</name><styleUrl>#styleDaimonCIRCUITO204TRECHO</styleUrl><LineString><coordinates>-48.363945,-10.196672,0 -48.363986,-10.196760,0</coordinates></LineString></Placemark>
<Placemark><name>2798467</name><styleUrl>#styleDaimonCIRCUITO204TRECHO</styleUrl><LineString><coordinates>-48.364739,-10.194910,0 -48.364741,-10.194861,0</coordinates></LineString></Placemark>
<Placemark><name>28864942</name><styleUrl>#styleDaimonCIRCUITO204TRECHO</styleUrl><LineString><coordinates>-48.365085,-10.194817,0 -48.364965,-10.194513,0</coordinates></LineString></Placemark>
<Placemark><name>28864994</name><styleUrl>#styleDaimonCIRCUITO204TRECHO</styleUrl><LineString><coordinates>-48.365125,-10.194919,0 -48.365085,-10.194817,0</coordinates></LineString></Placemark>
<Placemark><name>28865270</name><styleUrl>#styleDaimonCIRCUITO204TRECHO</styleUrl><LineString><coordinates>-48.365125,-10.194919,0 -48.365182,-10.195061,0</coordinates></LineString></Placemark>
<Placemark><name>28865238</name><styleUrl>#styleDaimonCIRCUITO204TRECHO</styleUrl><LineString><coordinates>-48.364952,-10.194918,0 -48.365125,-10.194919,0</coordinates></LineString></Placemark>
<Placemark><name>28865247</name><styleUrl>#styleDaimonCIRCUITO204TRECHO</styleUrl><LineString><coordinates>-48.365125,-10.194919,0 -48.365236,-10.194920,0</coordinates></LineString></Placemark>
<Placemark><name>28865258</name><styleUrl>#styleDaimonCIRCUITO204TRECHO</styleUrl><LineString><coordinates>-48.365182,-10.195061,0 -48.365276,-10.195300,0</coordinates></LineString></Placemark>
<Placemark><name>28865281</name><styleUrl>#styleDaimonCIRCUITO204TRECHO</styleUrl><LineString><coordinates>-48.365276,-10.195300,0 -48.365357,-10.195515,0</coordinates></LineString></Placemark>
<Placemark><name>3005136</name><styleUrl>#styleDaimonCIRCUITO204TRECHO</styleUrl><LineString><coordinates>-48.364659,-10.193761,0 -48.364580,-10.193790,0</coordinates></LineString></Placemark>
<Placemark><name>3673391</name><styleUrl>#styleDaimonCIRCUITO204TRECHO</styleUrl><LineString><coordinates>-48.364580,-10.193790,0 -48.364618,-10.193848,0</coordinates></LineString></Placemark>
<Placemark><name>54679894</name><styleUrl>#styleDaimonCIRCUITO204TRECHO</styleUrl><LineString><coordinates>-48.363142,-10.194030,0 -48.363138,-10.193928,0</coordinates></LineString></Placemark>
<Placemark><name>39354589</name><styleUrl>#styleDaimonCIRCUITO204TRECHO</styleUrl><LineString><coordinates>-48.364726,-10.213588,0 -48.364762,-10.213849,0</coordinates></LineString></Placemark>
<Placemark><name>39354563</name><styleUrl>#styleDaimonCIRCUITO204TRECHO</styleUrl><LineString><coordinates>-48.364762,-10.213849,0 -48.364795,-10.214202,0</coordinates></LineString></Placemark>
<Placemark><name>39354588</name><styleUrl>#styleDaimonCIRCUITO204TRECHO</styleUrl><LineString><coordinates>-48.364692,-10.213333,0 -48.364726,-10.213588,0</coordinates></LineString></Placemark>
<Placemark><name>39354587</name><styleUrl>#styleDaimonCIRCUITO204TRECHO</styleUrl><LineString><coordinates>-48.364624,-10.212981,0 -48.364692,-10.213333,0</coordinates></LineString></Placemark>
<Placemark><name>39354586</name><styleUrl>#styleDaimonCIRCUITO204TRECHO</styleUrl><LineString><coordinates>-48.364543,-10.212630,0 -48.364624,-10.212981,0</coordinates></LineString></Placemark>
<Placemark><name>39354585</name><styleUrl>#styleDaimonCIRCUITO204TRECHO</styleUrl><LineString><coordinates>-48.364441,-10.212279,0 -48.364543,-10.212630,0</coordinates></LineString></Placemark>
<Placemark><name>39354584</name><styleUrl>#styleDaimonCIRCUITO204TRECHO</styleUrl><LineString><coordinates>-48.364313,-10.211940,0 -48.364441,-10.212279,0</coordinates></LineString></Placemark>
<Placemark><name>39354583</name><styleUrl>#styleDaimonCIRCUITO204TRECHO</styleUrl><LineString><coordinates>-48.364185,-10.211602,0 -48.364313,-10.211940,0</coordinates></LineString></Placemark>
<Placemark><name>39354582</name><styleUrl>#styleDaimonCIRCUITO204TRECHO</styleUrl><LineString><coordinates>-48.364073,-10.211296,0 -48.364185,-10.211602,0</coordinates></LineString></Placemark>
<Placemark><name>3658898</name><styleUrl>#styleDaimonCIRCUITO204TRECHO</styleUrl><LineString><coordinates>-48.361389,-10.211258,0 -48.361371,-10.211273,0</coordinates></LineString></Placemark>
<Placemark><name>3042575</name><styleUrl>#styleDaimonCIRCUITO204TRECHO</styleUrl><LineString><coordinates>-48.365161,-10.210385,0 -48.365377,-10.211018,0</coordinates></LineString></Placemark>
<Placemark><name>3042576</name><styleUrl>#styleDaimonCIRCUITO204TRECHO</styleUrl><LineString><coordinates>-48.365377,-10.211018,0 -48.365582,-10.211622,0</coordinates></LineString></Placemark>
<Placemark><name>3042574</name><styleUrl>#styleDaimonCIRCUITO204TRECHO</styleUrl><LineString><coordinates>-48.364949,-10.209758,0 -48.365161,-10.210385,0</coordinates></LineString></Placemark>
<Placemark><name>3042577</name><styleUrl>#styleDaimonCIRCUITO204TRECHO</styleUrl><LineString><coordinates>-48.365582,-10.211622,0 -48.365814,-10.212308,0</coordinates></LineString></Placemark>
<Placemark><name>12075079</name><styleUrl>#styleDaimonCIRCUITO204TRECHO</styleUrl><LineString><coordinates>-48.364935,-10.209766,0 -48.364949,-10.209758,0</coordinates></LineString></Placemark>
<Placemark><name>3042573</name><styleUrl>#styleDaimonCIRCUITO204TRECHO</styleUrl><LineString><coordinates>-48.364949,-10.209758,0 -48.364769,-10.209227,0</coordinates></LineString></Placemark>
<Placemark><name>3042764</name><styleUrl>#styleDaimonCIRCUITO204TRECHO</styleUrl><LineString><coordinates>-48.365814,-10.212308,0 -48.365992,-10.212834,0</coordinates></LineString></Placemark>
<Placemark><name>3042572</name><styleUrl>#styleDaimonCIRCUITO204TRECHO</styleUrl><LineString><coordinates>-48.364351,-10.210128,0 -48.364935,-10.209766,0</coordinates></LineString></Placemark>
<Placemark><name>2778951</name><styleUrl>#styleDaimonCIRCUITO204TRECHO</styleUrl><LineString><coordinates>-48.365992,-10.212834,0 -48.366022,-10.212919,0</coordinates></LineString></Placemark>
<Placemark><name>3042571</name><styleUrl>#styleDaimonCIRCUITO204TRECHO</styleUrl><LineString><coordinates>-48.364162,-10.210074,0 -48.364351,-10.210128,0</coordinates></LineString></Placemark>
<Placemark><name>3619344</name><styleUrl>#styleDaimonCIRCUITO204TRECHO</styleUrl><LineString><coordinates>-48.366022,-10.212919,0 -48.366069,-10.213195,0</coordinates></LineString></Placemark>
<Placemark><name>3042570</name><styleUrl>#styleDaimonCIRCUITO204TRECHO</styleUrl><LineString><coordinates>-48.364012,-10.210025,0 -48.364162,-10.210074,0</coordinates></LineString></Placemark>
<Placemark><name>3615328</name><styleUrl>#styleDaimonCIRCUITO204TRECHO</styleUrl><LineString><coordinates>-48.366069,-10.213195,0 -48.366100,-10.213477,0</coordinates></LineString></Placemark>
<Placemark><name>12075078</name><styleUrl>#styleDaimonCIRCUITO204TRECHO</styleUrl><LineString><coordinates>-48.363999,-10.210033,0 -48.364012,-10.210025,0</coordinates></LineString></Placemark>
<Placemark><name>3042569</name><styleUrl>#styleDaimonCIRCUITO204TRECHO</styleUrl><LineString><coordinates>-48.364012,-10.210025,0 -48.363856,-10.209679,0</coordinates></LineString></Placemark>
<Placemark><name>3615327</name><styleUrl>#styleDaimonCIRCUITO204TRECHO</styleUrl><LineString><coordinates>-48.366100,-10.213477,0 -48.366115,-10.213693,0</coordinates></LineString></Placemark>
<Placemark><name>3359389</name><styleUrl>#styleDaimonCIRCUITO204TRECHO</styleUrl><LineString><coordinates>-48.363743,-10.210155,0 -48.363999,-10.210033,0</coordinates></LineString></Placemark>
<Placemark><name>3615329</name><styleUrl>#styleDaimonCIRCUITO204TRECHO</styleUrl><LineString><coordinates>-48.366115,-10.213693,0 -48.366131,-10.213901,0</coordinates></LineString></Placemark>
<Placemark><name>3536288</name><styleUrl>#styleDaimonCIRCUITO204TRECHO</styleUrl><LineString><coordinates>-48.365607,-10.196518,0 -48.365738,-10.196456,0</coordinates></LineString></Placemark>
<Placemark><name>3536284</name><styleUrl>#styleDaimonCIRCUITO204TRECHO</styleUrl><LineString><coordinates>-48.365738,-10.196456,0 -48.365852,-10.196762,0</coordinates></LineString></Placemark>
<Placemark><name>3536286</name><styleUrl>#styleDaimonCIRCUITO204TRECHO</styleUrl><LineString><coordinates>-48.365738,-10.196456,0 -48.366086,-10.196316,0</coordinates></LineString></Placemark>
<Placemark><name>3536283</name><styleUrl>#styleDaimonCIRCUITO204TRECHO</styleUrl><LineString><coordinates>-48.365738,-10.196456,0 -48.365704,-10.196373,0</coordinates></LineString></Placemark>
<Placemark><name>12077946</name><styleUrl>#styleDaimonCIRCUITO204TRECHO</styleUrl><LineString><coordinates>-48.365583,-10.196525,0 -48.365607,-10.196518,0</coordinates></LineString></Placemark>
<Placemark><name>3536287</name><styleUrl>#styleDaimonCIRCUITO204TRECHO</styleUrl><LineString><coordinates>-48.365852,-10.196762,0 -48.365943,-10.196897,0</coordinates></LineString></Placemark>
<Placemark><name>34279060</name><styleUrl>#styleDaimonCIRCUITO204TRECHO</styleUrl><LineString><coordinates>-48.365704,-10.196373,0 -48.365583,-10.196089,0</coordinates></LineString></Placemark>
<Placemark><name>2637652</name><styleUrl>#styleDaimonCIRCUITO204TRECHO</styleUrl><LineString><coordinates>-48.365537,-10.196534,0 -48.365583,-10.196525,0</coordinates></LineString></Placemark>
<Placemark><name>3536289</name><styleUrl>#styleDaimonCIRCUITO204TRECHO</styleUrl><LineString><coordinates>-48.365943,-10.196897,0 -48.365981,-10.196980,0</coordinates></LineString></Placemark>
<Placemark><name>34279061</name><styleUrl>#styleDaimonCIRCUITO204TRECHO</styleUrl><LineString><coordinates>-48.365583,-10.196089,0 -48.365477,-10.195810,0</coordinates></LineString></Placemark>
<Placemark><name>56633734</name><styleUrl>#styleDaimonCIRCUITO204TRECHO</styleUrl><LineString><coordinates>-48.365495,-10.196544,0 -48.365537,-10.196534,0</coordinates></LineString></Placemark>
<Placemark><name>3536285</name><styleUrl>#styleDaimonCIRCUITO204TRECHO</styleUrl><LineString><coordinates>-48.365981,-10.196980,0 -48.366082,-10.197203,0</coordinates></LineString></Placemark>
<Placemark><name>3673359</name><styleUrl>#styleDaimonCIRCUITO204TRECHO</styleUrl><LineString><coordinates>-48.365981,-10.196980,0 -48.365960,-10.197023,0</coordinates></LineString></Placemark>
<Placemark><name>34279048</name><styleUrl>#styleDaimonCIRCUITO204TRECHO</styleUrl><LineString><coordinates>-48.365477,-10.195810,0 -48.365365,-10.195538,0</coordinates></LineString></Placemark>
<Placemark><name>38371904</name><styleUrl>#styleDaimonCIRCUITO204TRECHO</styleUrl><LineString><coordinates>-48.365386,-10.196567,0 -48.365495,-10.196544,0</coordinates></LineString></Placemark>
<Placemark><name>54164776</name><styleUrl>#styleDaimonCIRCUITO204TRECHO</styleUrl><LineString><coordinates>-48.366082,-10.197203,0 -48.366095,-10.197234,0</coordinates></LineString></Placemark>
<Placemark><name>29439701</name><styleUrl>#styleDaimonCIRCUITO204TRECHO</styleUrl><LineString><coordinates>-48.365386,-10.196567,0 -48.365339,-10.196560,0</coordinates></LineString></Placemark>
<Placemark><name>2637650</name><styleUrl>#styleDaimonCIRCUITO204TRECHO</styleUrl><LineString><coordinates>-48.365180,-10.196580,0 -48.365386,-10.196567,0</coordinates></LineString></Placemark>
<Placemark><name>54164716</name><styleUrl>#styleDaimonCIRCUITO204TRECHO</styleUrl><LineString><coordinates>-48.366095,-10.197234,0 -48.366206,-10.197529,0</coordinates></LineString></Placemark>
<Placemark><name>56633682</name><styleUrl>#styleDaimonCIRCUITO204TRECHO</styleUrl><LineString><coordinates>-48.365148,-10.196585,0 -48.365180,-10.196580,0</coordinates></LineString></Placemark>
<Placemark><name>54164739</name><styleUrl>#styleDaimonCIRCUITO204TRECHO</styleUrl><LineString><coordinates>-48.366206,-10.197529,0 -48.366286,-10.197728,0</coordinates></LineString></Placemark>
<Placemark><name>33976989</name><styleUrl>#styleDaimonCIRCUITO204TRECHO</styleUrl><LineString><coordinates>-48.366286,-10.197728,0 -48.366309,-10.197778,0</coordinates></LineString></Placemark>
<Placemark><name>54164726</name><styleUrl>#styleDaimonCIRCUITO204TRECHO</styleUrl><LineString><coordinates>-48.366309,-10.197778,0 -48.366333,-10.197833,0</coordinates></LineString></Placemark>
<Placemark><name>56633870</name><styleUrl>#styleDaimonCIRCUITO204TRECHO</styleUrl><LineString><coordinates>-48.366333,-10.197833,0 -48.366343,-10.197857,0</coordinates></LineString></Placemark>
<Placemark><name>56633828</name><styleUrl>#styleDaimonCIRCUITO204TRECHO</styleUrl><LineString><coordinates>-48.366343,-10.197857,0 -48.366418,-10.198129,0</coordinates></LineString></Placemark>
<Placemark><name>56633878</name><styleUrl>#styleDaimonCIRCUITO204TRECHO</styleUrl><LineString><coordinates>-48.366418,-10.198129,0 -48.366423,-10.198152,0</coordinates></LineString></Placemark>
<Placemark><name>56633839</name><styleUrl>#styleDaimonCIRCUITO204TRECHO</styleUrl><LineString><coordinates>-48.366423,-10.198152,0 -48.366155,-10.198147,0</coordinates></LineString></Placemark>
<Placemark><name>56633860</name><styleUrl>#styleDaimonCIRCUITO204TRECHO</styleUrl><LineString><coordinates>-48.366423,-10.198152,0 -48.366455,-10.198240,0</coordinates></LineString></Placemark>
<Placemark><name>57355093</name><styleUrl>#styleDaimonCIRCUITO204TRECHO</styleUrl><LineString><coordinates>-48.365337,-10.197126,0 -48.365413,-10.197010,0</coordinates></LineString></Placemark>
<Placemark><name>3262084</name><styleUrl>#styleDaimonCIRCUITO204TRECHO</styleUrl><LineString><coordinates>-48.365709,-10.198139,0 -48.365723,-10.198187,0</coordinates></LineString></Placemark>
<Placemark><name>3262083</name><styleUrl>#styleDaimonCIRCUITO204TRECHO</styleUrl><LineString><coordinates>-48.365596,-10.197774,0 -48.365709,-10.198139,0</coordinates></LineString></Placemark>
<Placemark><name>3262082</name><styleUrl>#styleDaimonCIRCUITO204TRECHO</styleUrl><LineString><coordinates>-48.365709,-10.198139,0 -48.365398,-10.198132,0</coordinates></LineString></Placemark>
<Placemark><name>3262081</name><styleUrl>#styleDaimonCIRCUITO204TRECHO</styleUrl><LineString><coordinates>-48.365709,-10.198139,0 -48.365814,-10.198140,0</coordinates></LineString></Placemark>
<Placemark><name>3353256</name><styleUrl>#styleDaimonCIRCUITO204TRECHO</styleUrl><LineString><coordinates>-48.365553,-10.197653,0 -48.365596,-10.197774,0</coordinates></LineString></Placemark>
<Placemark><name>3040771</name><styleUrl>#styleDaimonCIRCUITO204TRECHO</styleUrl><LineString><coordinates>-48.365398,-10.198132,0 -48.364962,-10.198123,0</coordinates></LineString></Placemark>
<Placemark><name>56633889</name><styleUrl>#styleDaimonCIRCUITO204TRECHO</styleUrl><LineString><coordinates>-48.365814,-10.198140,0 -48.365844,-10.198141,0</coordinates></LineString></Placemark>
<Placemark><name>56633850</name><styleUrl>#styleDaimonCIRCUITO204TRECHO</styleUrl><LineString><coordinates>-48.365844,-10.198141,0 -48.366125,-10.198146,0</coordinates></LineString></Placemark>
<Placemark><name>3033968</name><styleUrl>#styleDaimonCIRCUITO204TRECHO</styleUrl><LineString><coordinates>-48.363584,-10.209006,0 -48.363214,-10.208234,0</coordinates></LineString></Placemark>
<Placemark><name>3042568</name><styleUrl>#styleDaimonCIRCUITO204TRECHO</styleUrl><LineString><coordinates>-48.363829,-10.209612,0 -48.363584,-10.209006,0</coordinates></LineString></Placemark>
<Placemark><name>2685010</name><styleUrl>#styleDaimonCIRCUITO204TRECHO</styleUrl><LineString><coordinates>-48.363214,-10.208234,0 -48.362795,-10.207386,0</coordinates></LineString></Placemark>
<Placemark><name>2685009</name><styleUrl>#styleDaimonCIRCUITO204TRECHO</styleUrl><LineString><coordinates>-48.362795,-10.207386,0 -48.362429,-10.206579,0</coordinates></LineString></Placemark>
<Placemark><name>2685008</name><styleUrl>#styleDaimonCIRCUITO204TRECHO</styleUrl><LineString><coordinates>-48.362429,-10.206579,0 -48.361662,-10.204933,0</coordinates></LineString></Placemark>
<Placemark><name>3042371</name><styleUrl>#styleDaimonCIRCUITO204TRECHO</styleUrl><LineString><coordinates>-48.366000,-10.212832,0 -48.366070,-10.212815,0</coordinates></LineString></Placemark>
<Placemark><name>12161999</name><styleUrl>#styleDaimonCIRCUITO204TRECHO</styleUrl><LineString><coordinates>-48.367100,-10.217535,0 -48.367110,-10.217566,0</coordinates></LineString></Placemark>
<Placemark><name>2719760</name><styleUrl>#styleDaimonCIRCUITO204TRECHO</styleUrl><LineString><coordinates>-48.367110,-10.217566,0 -48.368111,-10.217961,0</coordinates></LineString></Placemark>
<Placemark><name>2719973</name><styleUrl>#styleDaimonCIRCUITO204TRECHO</styleUrl><LineString><coordinates>-48.366853,-10.216350,0 -48.367100,-10.217535,0</coordinates></LineString></Placemark>
<Placemark><name>2719974</name><styleUrl>#styleDaimonCIRCUITO204TRECHO</styleUrl><LineString><coordinates>-48.366583,-10.215061,0 -48.366853,-10.216350,0</coordinates></LineString></Placemark>
<Placemark><name>2720319</name><styleUrl>#styleDaimonCIRCUITO204TRECHO</styleUrl><LineString><coordinates>-48.366177,-10.214017,0 -48.366583,-10.215061,0</coordinates></LineString></Placemark>
<Placemark><name>38371920</name><styleUrl>#styleDaimonCIRCUITO204TRECHO</styleUrl><LineString><coordinates>-48.365496,-10.196553,0 -48.365497,-10.196629,0</coordinates></LineString></Placemark>
<Placemark><name>51605382</name><styleUrl>#styleDaimonCIRCUITO204TRECHO</styleUrl><LineString><coordinates>-48.366291,-10.197783,0 -48.366133,-10.197830,0</coordinates></LineString></Placemark>
<Placemark><name>44336629</name><styleUrl>#styleDaimonCIRCUITO204TRECHO</styleUrl><LineString><coordinates>-48.365538,-10.196544,0 -48.365542,-10.196628,0</coordinates></LineString></Placemark>
<Placemark><name>Suporte Chave DJ_AL03060122_FICT</name><styleUrl>#styleDaimonCIRCUITO204TRECHO</styleUrl><LineString><coordinates>-48.356205,-10.179669,0 -48.355567,-10.180224,0</coordinates></LineString></Placemark>
<Placemark><name>Suporte Chave 8803775122</name><styleUrl>#styleDaimonCIRCUITO204TRECHO</styleUrl><LineString><coordinates>-48.355580,-10.180371,0 -48.355574,-10.180381,0</coordinates></LineString></Placemark>
<Placemark><name>Suporte Chave 8823529122</name><styleUrl>#styleDaimonCIRCUITO204TRECHO</styleUrl><LineString><coordinates>-48.359771,-10.184008,0 -48.359772,-10.184018,0</coordinates></LineString></Placemark>
<Placemark><name>Suporte Chave 8800883122</name><styleUrl>#styleDaimonCIRCUITO204TRECHO</styleUrl><LineString><coordinates>-48.359752,-10.185382,0 -48.359754,-10.185416,0</coordinates></LineString></Placemark>
<Placemark><name>Suporte Chave 8846458122</name><styleUrl>#styleDaimonCIRCUITO204TRECHO</styleUrl><LineString><coordinates>-48.361242,-10.184637,0 -48.361211,-10.184637,0</coordinates></LineString></Placemark>
<Placemark><name>Suporte Chave 0201810122</name><styleUrl>#styleDaimonCIRCUITO204TRECHO</styleUrl><LineString><coordinates>-48.360698,-10.184633,0 -48.360685,-10.184624,0</coordinates></LineString></Placemark>
<Placemark><name>Suporte Chave 8801441122</name><styleUrl>#styleDaimonCIRCUITO204TRECHO</styleUrl><LineString><coordinates>-48.359696,-10.192897,0 -48.359696,-10.192901,0</coordinates></LineString></Placemark>
<Placemark><name>Suporte Chave 5757247122</name><styleUrl>#styleDaimonCIRCUITO204TRECHO</styleUrl><LineString><coordinates>-48.360426,-10.189933,0 -48.360419,-10.189938,0</coordinates></LineString></Placemark>
<Placemark><name>Suporte Chave 0350722122</name><styleUrl>#styleDaimonCIRCUITO204TRECHO</styleUrl><LineString><coordinates>-48.360417,-10.190443,0 -48.360398,-10.190444,0</coordinates></LineString></Placemark>
<Placemark><name>Suporte Chave 0333764122</name><styleUrl>#styleDaimonCIRCUITO204TRECHO</styleUrl><LineString><coordinates>-48.360583,-10.189284,0 -48.360582,-10.189270,0</coordinates></LineString></Placemark>
<Placemark><name>Suporte Chave 8856877122</name><styleUrl>#styleDaimonCIRCUITO204TRECHO</styleUrl><LineString><coordinates>-48.360206,-10.192131,0 -48.360225,-10.192131,0</coordinates></LineString></Placemark>
<Placemark><name>Suporte Chave 0301435122</name><styleUrl>#styleDaimonCIRCUITO204TRECHO</styleUrl><LineString><coordinates>-48.359866,-10.187095,0 -48.359890,-10.187097,0</coordinates></LineString></Placemark>
<Placemark><name>Suporte Chave 0200982122</name><styleUrl>#styleDaimonCIRCUITO204TRECHO</styleUrl><LineString><coordinates>-48.363243,-10.184670,0 -48.363242,-10.184652,0</coordinates></LineString></Placemark>
<Placemark><name>Suporte Chave 0306276122</name><styleUrl>#styleDaimonCIRCUITO204TRECHO</styleUrl><LineString><coordinates>-48.363733,-10.184967,0 -48.363762,-10.184987,0</coordinates></LineString></Placemark>
<Placemark><name>Suporte Chave 0300924122</name><styleUrl>#styleDaimonCIRCUITO204TRECHO</styleUrl><LineString><coordinates>-48.362403,-10.184646,0 -48.362400,-10.184630,0</coordinates></LineString></Placemark>
<Placemark><name>Suporte Chave 0305302122</name><styleUrl>#styleDaimonCIRCUITO204TRECHO</styleUrl><LineString><coordinates>-48.363426,-10.184962,0 -48.363427,-10.184989,0</coordinates></LineString></Placemark>
<Placemark><name>Suporte Chave 0368604122</name><styleUrl>#styleDaimonCIRCUITO204TRECHO</styleUrl><LineString><coordinates>-48.361897,-10.184955,0 -48.361895,-10.184986,0</coordinates></LineString></Placemark>
<Placemark><name>Suporte Chave 0301219122</name><styleUrl>#styleDaimonCIRCUITO204TRECHO</styleUrl><LineString><coordinates>-48.363548,-10.184965,0 -48.363563,-10.184992,0</coordinates></LineString></Placemark>
<Placemark><name>Suporte Chave 0200912122</name><styleUrl>#styleDaimonCIRCUITO204TRECHO</styleUrl><LineString><coordinates>-48.360550,-10.184460,0 -48.360550,-10.184458,0</coordinates></LineString></Placemark>
<Placemark><name>Suporte Chave 7956927122</name><styleUrl>#styleDaimonCIRCUITO204TRECHO</styleUrl><LineString><coordinates>-48.359638,-10.196783,0 -48.359639,-10.196820,0</coordinates></LineString></Placemark>
<Placemark><name>Suporte Chave 8856734122</name><styleUrl>#styleDaimonCIRCUITO204TRECHO</styleUrl><LineString><coordinates>-48.360384,-10.192429,0 -48.360385,-10.192459,0</coordinates></LineString></Placemark>
<Placemark><name>Suporte Chave 8856980122</name><styleUrl>#styleDaimonCIRCUITO204TRECHO</styleUrl><LineString><coordinates>-48.362312,-10.191455,0 -48.362311,-10.191482,0</coordinates></LineString></Placemark>
<Placemark><name>Suporte Chave 0201290122</name><styleUrl>#styleDaimonCIRCUITO204TRECHO</styleUrl><LineString><coordinates>-48.364023,-10.185160,0 -48.364023,-10.185162,0</coordinates></LineString></Placemark>
<Placemark><name>Suporte Chave 8801444122</name><styleUrl>#styleDaimonCIRCUITO204TRECHO</styleUrl><LineString><coordinates>-48.359642,-10.197211,0 -48.359639,-10.197246,0</coordinates></LineString></Placemark>
<Placemark><name>Suporte Chave 8852153122</name><styleUrl>#styleDaimonCIRCUITO204TRECHO</styleUrl><LineString><coordinates>-48.361985,-10.194881,0 -48.361957,-10.194881,0</coordinates></LineString></Placemark>
<Placemark><name>Suporte Chave 8849738122</name><styleUrl>#styleDaimonCIRCUITO204TRECHO</styleUrl><LineString><coordinates>-48.362210,-10.195908,0 -48.362210,-10.195934,0</coordinates></LineString></Placemark>
<Placemark><name>Suporte Chave 8856198122</name><styleUrl>#styleDaimonCIRCUITO204TRECHO</styleUrl><LineString><coordinates>-48.362307,-10.193210,0 -48.362310,-10.193210,0</coordinates></LineString></Placemark>
<Placemark><name>Suporte Chave 0301142122</name><styleUrl>#styleDaimonCIRCUITO204TRECHO</styleUrl><LineString><coordinates>-48.359640,-10.198681,0 -48.359644,-10.198766,0</coordinates></LineString></Placemark>
<Placemark><name>Suporte Chave 8801180122</name><styleUrl>#styleDaimonCIRCUITO204TRECHO</styleUrl><LineString><coordinates>-48.359335,-10.198685,0 -48.359340,-10.198746,0</coordinates></LineString></Placemark>
<Placemark><name>Suporte Chave 8861726122</name><styleUrl>#styleDaimonCIRCUITO204TRECHO</styleUrl><LineString><coordinates>-48.363519,-10.196660,0 -48.363482,-10.196659,0</coordinates></LineString></Placemark>
<Placemark><name>Suporte Chave 0363882122</name><styleUrl>#styleDaimonCIRCUITO204TRECHO</styleUrl><LineString><coordinates>-48.363668,-10.193199,0 -48.363669,-10.193208,0</coordinates></LineString></Placemark>
<Placemark><name>Suporte Chave 8849918122</name><styleUrl>#styleDaimonCIRCUITO204TRECHO</styleUrl><LineString><coordinates>-48.364201,-10.194741,0 -48.364209,-10.194756,0</coordinates></LineString></Placemark>
<Placemark><name>Suporte Chave 0251005122</name><styleUrl>#styleDaimonCIRCUITO204TRECHO</styleUrl><LineString><coordinates>-48.363353,-10.192671,0 -48.363354,-10.192671,0</coordinates></LineString></Placemark>
<Placemark><name>Suporte Chave 8858451122</name><styleUrl>#styleDaimonCIRCUITO204TRECHO</styleUrl><LineString><coordinates>-48.364179,-10.193187,0 -48.364204,-10.193188,0</coordinates></LineString></Placemark>
<Placemark><name>Suporte Chave 0356218122</name><styleUrl>#styleDaimonCIRCUITO204TRECHO</styleUrl><LineString><coordinates>-48.363890,-10.194044,0 -48.363876,-10.194044,0</coordinates></LineString></Placemark>
<Placemark><name>Suporte Chave 0201483122</name><styleUrl>#styleDaimonCIRCUITO204TRECHO</styleUrl><LineString><coordinates>-48.366145,-10.208160,0 -48.366191,-10.208153,0</coordinates></LineString></Placemark>
<Placemark><name>Suporte Chave 0203848122</name><styleUrl>#styleDaimonCIRCUITO204TRECHO</styleUrl><LineString><coordinates>-48.366530,-10.209148,0 -48.366574,-10.209152,0</coordinates></LineString></Placemark>
<Placemark><name>Suporte Chave 0201481122</name><styleUrl>#styleDaimonCIRCUITO204TRECHO</styleUrl><LineString><coordinates>-48.363514,-10.201357,0 -48.363537,-10.201347,0</coordinates></LineString></Placemark>
<Placemark><name>Suporte Chave 0201482122</name><styleUrl>#styleDaimonCIRCUITO204TRECHO</styleUrl><LineString><coordinates>-48.365058,-10.204945,0 -48.365092,-10.204938,0</coordinates></LineString></Placemark>
<Placemark><name>Suporte Chave 0303850122</name><styleUrl>#styleDaimonCIRCUITO204TRECHO</styleUrl><LineString><coordinates>-48.366887,-10.210026,0 -48.366903,-10.210065,0</coordinates></LineString></Placemark>
<Placemark><name>Suporte Chave 0311111122</name><styleUrl>#styleDaimonCIRCUITO204TRECHO</styleUrl><LineString><coordinates>-48.360069,-10.202056,0 -48.360027,-10.202076,0</coordinates></LineString></Placemark>
<Placemark><name>Suporte Chave 8804732122</name><styleUrl>#styleDaimonCIRCUITO204TRECHO</styleUrl><LineString><coordinates>-48.361411,-10.205094,0 -48.361423,-10.205120,0</coordinates></LineString></Placemark>
<Placemark><name>Suporte Chave 8861876122</name><styleUrl>#styleDaimonCIRCUITO204TRECHO</styleUrl><LineString><coordinates>-48.360889,-10.204639,0 -48.360856,-10.204647,0</coordinates></LineString></Placemark>
<Placemark><name>Suporte Chave 8841531122</name><styleUrl>#styleDaimonCIRCUITO204TRECHO</styleUrl><LineString><coordinates>-48.364715,-10.196645,0 -48.364746,-10.196641,0</coordinates></LineString></Placemark>
<Placemark><name>Suporte Chave 0358499122</name><styleUrl>#styleDaimonCIRCUITO204TRECHO</styleUrl><LineString><coordinates>-48.363941,-10.196662,0 -48.363945,-10.196672,0</coordinates></LineString></Placemark>
<Placemark><name>Suporte Chave 0324161122</name><styleUrl>#styleDaimonCIRCUITO204TRECHO</styleUrl><LineString><coordinates>-48.364738,-10.194915,0 -48.364739,-10.194910,0</coordinates></LineString></Placemark>
<Placemark><name>Suporte Chave 8857275122</name><styleUrl>#styleDaimonCIRCUITO204TRECHO</styleUrl><LineString><coordinates>-48.364932,-10.194918,0 -48.364952,-10.194918,0</coordinates></LineString></Placemark>
<Placemark><name>Suporte Chave 0223525122</name><styleUrl>#styleDaimonCIRCUITO204TRECHO</styleUrl><LineString><coordinates>-48.364667,-10.193757,0 -48.364659,-10.193761,0</coordinates></LineString></Placemark>
<Placemark><name>Suporte Chave 0356226122</name><styleUrl>#styleDaimonCIRCUITO204TRECHO</styleUrl><LineString><coordinates>-48.363142,-10.194041,0 -48.363142,-10.194030,0</coordinates></LineString></Placemark>
<Placemark><name>Suporte Chave 8851629122</name><styleUrl>#styleDaimonCIRCUITO204TRECHO</styleUrl><LineString><coordinates>-48.364061,-10.211262,0 -48.364073,-10.211296,0</coordinates></LineString></Placemark>
<Placemark><name>Suporte Chave 9007756122</name><styleUrl>#styleDaimonCIRCUITO204TRECHO</styleUrl><LineString><coordinates>-48.361391,-10.211257,0 -48.361389,-10.211258,0</coordinates></LineString></Placemark>
<Placemark><name>Suporte Chave 0303903122</name><styleUrl>#styleDaimonCIRCUITO204TRECHO</styleUrl><LineString><coordinates>-48.363715,-10.210169,0 -48.363743,-10.210155,0</coordinates></LineString></Placemark>
<Placemark><name>Suporte Chave 8861994122</name><styleUrl>#styleDaimonCIRCUITO204TRECHO</styleUrl><LineString><coordinates>-48.365145,-10.196585,0 -48.365148,-10.196585,0</coordinates></LineString></Placemark>
<Placemark><name>Suporte Chave 0363058122</name><styleUrl>#styleDaimonCIRCUITO204TRECHO</styleUrl><LineString><coordinates>-48.365328,-10.197139,0 -48.365337,-10.197126,0</coordinates></LineString></Placemark>
<Placemark><name>Suporte Chave 8864430122</name><styleUrl>#styleDaimonCIRCUITO204TRECHO</styleUrl><LineString><coordinates>-48.365562,-10.197676,0 -48.365553,-10.197653,0</coordinates></LineString></Placemark>
<Placemark><name>Suporte Chave 8804306122</name><styleUrl>#styleDaimonCIRCUITO204TRECHO</styleUrl><LineString><coordinates>-48.363856,-10.209679,0 -48.363829,-10.209612,0</coordinates></LineString></Placemark>
<Placemark><name>Suporte Chave 0301484122</name><styleUrl>#styleDaimonCIRCUITO204TRECHO</styleUrl><LineString><coordinates>-48.365992,-10.212834,0 -48.366000,-10.212832,0</coordinates></LineString></Placemark>
<Placemark><name>Suporte Chave 0305942122</name><styleUrl>#styleDaimonCIRCUITO204TRECHO</styleUrl><LineString><coordinates>-48.366131,-10.213901,0 -48.366177,-10.214017,0</coordinates></LineString></Placemark>
<Placemark><name>Suporte Chave 0353735122</name><styleUrl>#styleDaimonCIRCUITO204TRECHO</styleUrl><LineString><coordinates>-48.365495,-10.196544,0 -48.365496,-10.196553,0</coordinates></LineString></Placemark>
<Placemark><name>Suporte Chave 0361754122</name><styleUrl>#styleDaimonCIRCUITO204TRECHO</styleUrl><LineString><coordinates>-48.366309,-10.197778,0 -48.366291,-10.197783,0</coordinates></LineString></Placemark>
<Placemark><name>Suporte Chave 0361654122</name><styleUrl>#styleDaimonCIRCUITO204TRECHO</styleUrl><LineString><coordinates>-48.365537,-10.196534,0 -48.365538,-10.196544,0</coordinates></LineString></Placemark>
<Placemark><name>Suporte Chave 8802107122</name><styleUrl>#styleDaimonCIRCUITO204TRECHO</styleUrl><LineString><coordinates>-48.363112,-10.192039,0 -48.363126,-10.192075,0</coordinates></LineString></Placemark>
<Placemark><name>Suporte Chave 8858465122</name><styleUrl>#styleDaimonCIRCUITO204TRECHO</styleUrl><LineString><coordinates>-48.365365,-10.195538,0 -48.365357,-10.195515,0</coordinates></LineString></Placemark>
<Placemark><name>Suporte Chave 8857291122</name><styleUrl>#styleDaimonCIRCUITO204TRECHO</styleUrl><LineString><coordinates>-48.364965,-10.194513,0 -48.364960,-10.194498,0</coordinates></LineString></Placemark>
<Placemark><name>Suporte Chave 8858464122</name><styleUrl>#styleDaimonCIRCUITO204TRECHO</styleUrl><LineString><coordinates>-48.364508,-10.195351,0 -48.364517,-10.195371,0</coordinates></LineString></Placemark>
<Placemark><name>Suporte Chave 8801438122</name><styleUrl>#styleDaimonCIRCUITO204TRECHO</styleUrl><LineString><coordinates>-48.362327,-10.189704,0 -48.362328,-10.189733,0</coordinates></LineString></Placemark>
<Placemark><name>Suporte Chave 8856711122</name><styleUrl>#styleDaimonCIRCUITO204TRECHO</styleUrl><LineString><coordinates>-48.362295,-10.192461,0 -48.362295,-10.192486,0</coordinates></LineString></Placemark>
<Placemark><name>Suporte Chave 0301442122</name><styleUrl>#styleDaimonCIRCUITO204TRECHO</styleUrl><LineString><coordinates>-48.360235,-10.192289,0 -48.360250,-10.192290,0</coordinates></LineString></Placemark>
<Placemark><name>Suporte Chave 8856710122</name><styleUrl>#styleDaimonCIRCUITO204TRECHO</styleUrl><LineString><coordinates>-48.362824,-10.192396,0 -48.362855,-10.192396,0</coordinates></LineString></Placemark>
<Placemark><name>Suporte Chave 8861635122</name><styleUrl>#styleDaimonCIRCUITO204TRECHO</styleUrl><LineString><coordinates>-48.366125,-10.198146,0 -48.366155,-10.198147,0</coordinates></LineString></Placemark>
</Folder>
<Folder>
<name>RedeBT</name>
</Folder>
</Folder>
</Document>
</kml>