<?xml version="1.0" encoding="UTF-8"?>
<kml xmlns="http://www.opengis.net/kml/2.2" xmlns:gx="http://www.google.com/kml/ext/2.2" xmlns:kml="http://www.opengis.net/kml/2.2" xmlns:atom="http://www.w3.org/2005/Atom">
<Document>
<open>1</open>
<Style id="styleDaimonBarra0"><IconStyle><scale>1.00</scale><Icon><href>http://maps.google.com/mapfiles/kml/paddle/wht-blank.png</href></Icon><hotSpot x="32" y="1" xunits="pixels" yunits="pixels"/></IconStyle><LabelStyle><color>ffffffff</color><colorMode>normal</colorMode><scale>1.00</scale></LabelStyle><ListStyle><ItemIcon><href>http://maps.google.com/mapfiles/kml/paddle/wht-blank.png</href></ItemIcon></ListStyle></Style>
<Style id="styleDaimonBarra1"><IconStyle><scale>1.00</scale><Icon><href>http://maps.google.com/mapfiles/kml/paddle/wht-blank.png</href></Icon><hotSpot x="32" y="1" xunits="pixels" yunits="pixels"/></IconStyle><LabelStyle><color>ffffffff</color><colorMode>normal</colorMode><scale>1.00</scale></LabelStyle><ListStyle><ItemIcon><href>http://maps.google.com/mapfiles/kml/paddle/wht-blank.png</href></ItemIcon></ListStyle></Style>
<StyleMap id="mapDaimonBarra"><Pair><key>normal</key><styleUrl>#styleDaimonBarra0</styleUrl></Pair><Pair><key>highlight</key><styleUrl>#styleDaimonBarra1</styleUrl></Pair></StyleMap>
<Style id="styleDaimonBarraBT0"><IconStyle><scale>1.00</scale><Icon><href>http://maps.google.com/mapfiles/kml/paddle/wht-blank.png</href></Icon><hotSpot x="32" y="1" xunits="pixels" yunits="pixels"/></IconStyle><LabelStyle><color>ffffffff</color><colorMode>normal</colorMode><scale>1.00</scale></LabelStyle><ListStyle><ItemIcon><href>http://maps.google.com/mapfiles/kml/paddle/wht-blank.png</href></ItemIcon></ListStyle></Style>
<Style id="styleDaimonBarraBT1"><IconStyle><scale>1.00</scale><Icon><href>http://maps.google.com/mapfiles/kml/paddle/wht-blank.png</href></Icon><hotSpot x="32" y="1" xunits="pixels" yunits="pixels"/></IconStyle><LabelStyle><color>ffffffff</color><colorMode>normal</colorMode><scale>1.00</scale></LabelStyle><ListStyle><ItemIcon><href>http://maps.google.com/mapfiles/kml/paddle/wht-blank.png</href></ItemIcon></ListStyle></Style>
<StyleMap id="mapDaimonBarraBT"><Pair><key>normal</key><styleUrl>#styleDaimonBarraBT0</styleUrl></Pair><Pair><key>highlight</key><styleUrl>#styleDaimonBarraBT1</styleUrl></Pair></StyleMap>
<Style id="styleDaimonCapacitor0"><IconStyle><scale>1.00</scale><Icon><href>http://maps.google.com/mapfiles/kml/paddle/purple-blank.png</href></Icon><hotSpot x="32" y="1" xunits="pixels" yunits="pixels"/></IconStyle><LabelStyle><color>ffffffff</color><colorMode>normal</colorMode><scale>1.00</scale></LabelStyle><ListStyle><ItemIcon><href>http://maps.google.com/mapfiles/kml/paddle/purple-blank.png</href></ItemIcon></ListStyle></Style>
<Style id="styleDaimonCapacitor1"><IconStyle><scale>1.00</scale><Icon><href>http://maps.google.com/mapfiles/kml/paddle/purple-blank.png</href></Icon><hotSpot x="32" y="1" xunits="pixels" yunits="pixels"/></IconStyle><LabelStyle><color>ffffffff</color><colorMode>normal</colorMode><scale>1.00</scale></LabelStyle><ListStyle><ItemIcon><href>http://maps.google.com/mapfiles/kml/paddle/purple-blank.png</href></ItemIcon></ListStyle></Style>
<StyleMap id="mapDaimonCapacitor"><Pair><key>normal</key><styleUrl>#styleDaimonCapacitor0</styleUrl></Pair><Pair><key>highlight</key><styleUrl>#styleDaimonCapacitor1</styleUrl></Pair></StyleMap>
<Style id="styleDaimonCapacitorBT0"><IconStyle><scale>1.00</scale><Icon><href>http://maps.google.com/mapfiles/kml/paddle/purple-blank.png</href></Icon><hotSpot x="32" y="1" xunits="pixels" yunits="pixels"/></IconStyle><LabelStyle><color>ffffffff</color><colorMode>normal</colorMode><scale>1.00</scale></LabelStyle><ListStyle><ItemIcon><href>http://maps.google.com/mapfiles/kml/paddle/purple-blank.png</href></ItemIcon></ListStyle></Style>
<Style id="styleDaimonCapacitorBT1"><IconStyle><scale>1.00</scale><Icon><href>http://maps.google.com/mapfiles/kml/paddle/purple-blank.png</href></Icon><hotSpot x="32" y="1" xunits="pixels" yunits="pixels"/></IconStyle><LabelStyle><color>ffffffff</color><colorMode>normal</colorMode><scale>1.00</scale></LabelStyle><ListStyle><ItemIcon><href>http://maps.google.com/mapfiles/kml/paddle/purple-blank.png</href></ItemIcon></ListStyle></Style>
<StyleMap id="mapDaimonCapacitorBT"><Pair><key>normal</key><styleUrl>#styleDaimonCapacitorBT0</styleUrl></Pair><Pair><key>highlight</key><styleUrl>#styleDaimonCapacitorBT1</styleUrl></Pair></StyleMap>
<Style id="styleDaimonCapacitorSerie0"><IconStyle><scale>0.60</scale><Icon><href>http://maps.google.com/mapfiles/kml/paddle/purple-blank.png</href></Icon><hotSpot x="32" y="1" xunits="pixels" yunits="pixels"/></IconStyle><LabelStyle><color>ff00ffff</color><colorMode>normal</colorMode><scale>0.60</scale></LabelStyle><ListStyle><ItemIcon><href>http://maps.google.com/mapfiles/kml/paddle/purple-blank.png</href></ItemIcon></ListStyle></Style>
<Style id="styleDaimonCapacitorSerie1"><IconStyle><scale>0.60</scale><Icon><href>http://maps.google.com/mapfiles/kml/paddle/purple-blank.png</href></Icon><hotSpot x="32" y="1" xunits="pixels" yunits="pixels"/></IconStyle><LabelStyle><color>ff00ffff</color><colorMode>normal</colorMode><scale>0.60</scale></LabelStyle><ListStyle><ItemIcon><href>http://maps.google.com/mapfiles/kml/paddle/purple-blank.png</href></ItemIcon></ListStyle></Style>
<StyleMap id="mapDaimonCapacitorSerie"><Pair><key>normal</key><styleUrl>#styleDaimonCapacitorSerie0</styleUrl></Pair><Pair><key>highlight</key><styleUrl>#styleDaimonCapacitorSerie1</styleUrl></Pair></StyleMap>
<Style id="styleDaimonChave0"><IconStyle><scale>0.60</scale><Icon><href>http://maps.google.com/mapfiles/kml/paddle/red-circle.png</href></Icon><hotSpot x="32" y="1" xunits="pixels" yunits="pixels"/></IconStyle><LabelStyle><color>ff0000ff</color><colorMode>normal</colorMode><scale>0.60</scale></LabelStyle><ListStyle><ItemIcon><href>http://maps.google.com/mapfiles/kml/paddle/red-circle.png</href></ItemIcon></ListStyle></Style>
<Style id="styleDaimonChave1"><IconStyle><scale>0.60</scale><Icon><href>http://maps.google.com/mapfiles/kml/paddle/red-circle.png</href></Icon><hotSpot x="32" y="1" xunits="pixels" yunits="pixels"/></IconStyle><LabelStyle><color>ff0000ff</color><colorMode>normal</colorMode><scale>0.60</scale></LabelStyle><ListStyle><ItemIcon><href>http://maps.google.com/mapfiles/kml/paddle/red-circle.png</href></ItemIcon></ListStyle></Style>
<StyleMap id="mapDaimonChave"><Pair><key>normal</key><styleUrl>#styleDaimonChave0</styleUrl></Pair><Pair><key>highlight</key><styleUrl>#styleDaimonChave1</styleUrl></Pair></StyleMap>
<Style id="styleDaimonEP0"><IconStyle><scale>0.80</scale><Icon><href>http://maps.google.com/mapfiles/kml/paddle/ylw-circle.png</href></Icon><hotSpot x="32" y="1" xunits="pixels" yunits="pixels"/></IconStyle><LabelStyle><color>ff00ffff</color><colorMode>normal</colorMode><scale>0.80</scale></LabelStyle><ListStyle><ItemIcon><href>http://maps.google.com/mapfiles/kml/paddle/ylw-circle.png</href></ItemIcon></ListStyle></Style>
<Style id="styleDaimonEP1"><IconStyle><scale>0.80</scale><Icon><href>http://maps.google.com/mapfiles/kml/paddle/ylw-circle.png</href></Icon><hotSpot x="32" y="1" xunits="pixels" yunits="pixels"/></IconStyle><LabelStyle><color>ff00ffff</color><colorMode>normal</colorMode><scale>0.80</scale></LabelStyle><ListStyle><ItemIcon><href>http://maps.google.com/mapfiles/kml/paddle/ylw-circle.png</href></ItemIcon></ListStyle></Style>
<StyleMap id="mapDaimonEP"><Pair><key>normal</key><styleUrl>#styleDaimonEP0</styleUrl></Pair><Pair><key>highlight</key><styleUrl>#styleDaimonEP1</styleUrl></Pair></StyleMap>
<Style id="styleDaimonET0"><IconStyle><scale>0.80</scale><Icon><href>http://maps.google.com/mapfiles/kml/paddle/blu-blank.png</href></Icon><hotSpot x="32" y="1" xunits="pixels" yunits="pixels"/></IconStyle><LabelStyle><color>ffffff00</color><colorMode>normal</colorMode><scale>0.80</scale></LabelStyle><ListStyle><ItemIcon><href>http://maps.google.com/mapfiles/kml/paddle/blu-blank.png</href></ItemIcon></ListStyle></Style>
<Style id="styleDaimonET1"><IconStyle><scale>0.80</scale><Icon><href>http://maps.google.com/mapfiles/kml/paddle/blu-blank.png</href></Icon><hotSpot x="32" y="1" xunits="pixels" yunits="pixels"/></IconStyle><LabelStyle><color>ffffff00</color><colorMode>normal</colorMode><scale>0.80</scale></LabelStyle><ListStyle><ItemIcon><href>http://maps.google.com/mapfiles/kml/paddle/blu-blank.png</href></ItemIcon></ListStyle></Style>
<StyleMap id="mapDaimonET"><Pair><key>normal</key><styleUrl>#styleDaimonET0</styleUrl></Pair><Pair><key>highlight</key><styleUrl>#styleDaimonET1</styleUrl></Pair></StyleMap>
<Style id="styleDaimonGerador0"><IconStyle><scale>1.00</scale><Icon><href>http://maps.google.com/mapfiles/kml/paddle/orange-diamond.png</href></Icon><hotSpot x="32" y="1" xunits="pixels" yunits="pixels"/></IconStyle><LabelStyle><color>ffffffff</color><colorMode>normal</colorMode><scale>1.00</scale></LabelStyle><ListStyle><ItemIcon><href>http://maps.google.com/mapfiles/kml/paddle/orange-diamond.png</href></ItemIcon></ListStyle></Style>
<Style id="styleDaimonGerador1"><IconStyle><scale>1.00</scale><Icon><href>http://maps.google.com/mapfiles/kml/paddle/orange-diamond.png</href></Icon><hotSpot x="32" y="1" xunits="pixels" yunits="pixels"/></IconStyle><LabelStyle><color>ffffffff</color><colorMode>normal</colorMode><scale>1.00</scale></LabelStyle><ListStyle><ItemIcon><href>http://maps.google.com/mapfiles/kml/paddle/orange-diamond.png</href></ItemIcon></ListStyle></Style>
<StyleMap id="mapDaimonGerador"><Pair><key>normal</key><styleUrl>#styleDaimonGerador0</styleUrl></Pair><Pair><key>highlight</key><styleUrl>#styleDaimonGerador1</styleUrl></Pair></StyleMap>
<Style id="styleDaimonReator0"><IconStyle><scale>1.00</scale><Icon><href>http://maps.google.com/mapfiles/kml/paddle/wht-square.png</href></Icon><hotSpot x="32" y="1" xunits="pixels" yunits="pixels"/></IconStyle><LabelStyle><color>ff00ffff</color><colorMode>normal</colorMode><scale>1.00</scale></LabelStyle><ListStyle><ItemIcon><href>http://maps.google.com/mapfiles/kml/paddle/wht-square.png</href></ItemIcon></ListStyle></Style>
<Style id="styleDaimonReator1"><IconStyle><scale>1.00</scale><Icon><href>http://maps.google.com/mapfiles/kml/paddle/wht-square.png</href></Icon><hotSpot x="32" y="1" xunits="pixels" yunits="pixels"/></IconStyle><LabelStyle><color>ff00ffff</color><colorMode>normal</colorMode><scale>1.00</scale></LabelStyle><ListStyle><ItemIcon><href>http://maps.google.com/mapfiles/kml/paddle/wht-square.png</href></ItemIcon></ListStyle></Style>
<StyleMap id="mapDaimonReator"><Pair><key>normal</key><styleUrl>#styleDaimonReator0</styleUrl></Pair><Pair><key>highlight</key><styleUrl>#styleDaimonReator1</styleUrl></Pair></StyleMap>
<Style id="styleDaimonRegulador0"><IconStyle><scale>1.00</scale><Icon><href>http://maps.google.com/mapfiles/kml/paddle/orange-diamond.png</href></Icon><hotSpot x="32" y="1" xunits="pixels" yunits="pixels"/></IconStyle><LabelStyle><color>ff00a5ff</color><colorMode>normal</colorMode><scale>1.00</scale></LabelStyle><ListStyle><ItemIcon><href>http://maps.google.com/mapfiles/kml/paddle/orange-diamond.png</href></ItemIcon></ListStyle></Style>
<Style id="styleDaimonRegulador1"><IconStyle><scale>1.00</scale><Icon><href>http://maps.google.com/mapfiles/kml/paddle/orange-diamond.png</href></Icon><hotSpot x="32" y="1" xunits="pixels" yunits="pixels"/></IconStyle><LabelStyle><color>ff00a5ff</color><colorMode>normal</colorMode><scale>1.00</scale></LabelStyle><ListStyle><ItemIcon><href>http://maps.google.com/mapfiles/kml/paddle/orange-diamond.png</href></ItemIcon></ListStyle></Style>
<StyleMap id="mapDaimonRegulador"><Pair><key>normal</key><styleUrl>#styleDaimonRegulador0</styleUrl></Pair><Pair><key>highlight</key><styleUrl>#styleDaimonRegulador1</styleUrl></Pair></StyleMap>
<Style id="styleDaimonTransformador0"><IconStyle><scale>1.00</scale><Icon><href>http://maps.google.com/mapfiles/kml/paddle/pink-circle.png</href></Icon><hotSpot x="32" y="1" xunits="pixels" yunits="pixels"/></IconStyle><LabelStyle><color>ffff00ff</color><colorMode>normal</colorMode><scale>1.00</scale></LabelStyle><ListStyle><ItemIcon><href>http://maps.google.com/mapfiles/kml/paddle/pink-circle.png</href></ItemIcon></ListStyle></Style>
<Style id="styleDaimonTransformador1"><IconStyle><scale>1.00</scale><Icon><href>http://maps.google.com/mapfiles/kml/paddle/pink-circle.png</href></Icon><hotSpot x="32" y="1" xunits="pixels" yunits="pixels"/></IconStyle><LabelStyle><color>ffff00ff</color><colorMode>normal</colorMode><scale>1.00</scale></LabelStyle><ListStyle><ItemIcon><href>http://maps.google.com/mapfiles/kml/paddle/pink-circle.png</href></ItemIcon></ListStyle></Style>
<StyleMap id="mapDaimonTransformador"><Pair><key>normal</key><styleUrl>#styleDaimonTransformador0</styleUrl></Pair><Pair><key>highlight</key><styleUrl>#styleDaimonTransformador1</styleUrl></Pair></StyleMap>
<Style id="styleDaimonTrecho"><LineStyle><color>ffffffff</color><width>1.00</width></LineStyle></Style>
<Style id="styleDaimonTrechoBT"><LineStyle><color>ffff0000</color><width>1.00</width></LineStyle></Style>
<Style id="styleDaimonChaveNA0"><IconStyle><scale>0.60</scale><Icon><href>http://maps.google.com/mapfiles/kml/paddle/grn-blank.png</href></Icon><hotSpot x="32" y="1" xunits="pixels" yunits="pixels"/></IconStyle><LabelStyle><color>ff00ff00</color><colorMode>normal</colorMode><scale>0.60</scale></LabelStyle><ListStyle><ItemIcon><href>http://maps.google.com/mapfiles/kml/paddle/grn-blank.png</href></ItemIcon></ListStyle></Style>
<Style id="styleDaimonChaveNA1"><IconStyle><scale>0.60</scale><Icon><href>http://maps.google.com/mapfiles/kml/paddle/grn-blank.png</href></Icon><hotSpot x="32" y="1" xunits="pixels" yunits="pixels"/></IconStyle><LabelStyle><color>ff00ff00</color><colorMode>normal</colorMode><scale>0.60</scale></LabelStyle><ListStyle><ItemIcon><href>http://maps.google.com/mapfiles/kml/paddle/grn-blank.png</href></ItemIcon></ListStyle></Style>
<StyleMap id="mapDaimonChaveNA"><Pair><key>normal</key><styleUrl>#styleDaimonChaveNA0</styleUrl></Pair><Pair><key>highlight</key><styleUrl>#styleDaimonChaveNA1</styleUrl></Pair></StyleMap>
<Style id="styleDaimonChaveSoco0"><IconStyle><scale>0.60</scale><Icon><href>http://maps.google.com/mapfiles/kml/paddle/grn-blank.png</href></Icon><hotSpot x="32" y="1" xunits="pixels" yunits="pixels"/></IconStyle><LabelStyle><color>ff00ff00</color><colorMode>normal</colorMode><scale>0.60</scale></LabelStyle><ListStyle><ItemIcon><href>http://maps.google.com/mapfiles/kml/paddle/grn-blank.png</href></ItemIcon></ListStyle></Style>
<Style id="styleDaimonChaveSoco1"><IconStyle><scale>0.60</scale><Icon><href>http://maps.google.com/mapfiles/kml/paddle/grn-blank.png</href></Icon><hotSpot x="32" y="1" xunits="pixels" yunits="pixels"/></IconStyle><LabelStyle><color>ff00ff00</color><colorMode>normal</colorMode><scale>0.60</scale></LabelStyle><ListStyle><ItemIcon><href>http://maps.google.com/mapfiles/kml/paddle/grn-blank.png</href></ItemIcon></ListStyle></Style>
<StyleMap id="mapDaimonChaveSoco"><Pair><key>normal</key><styleUrl>#styleDaimonChaveSoco0</styleUrl></Pair><Pair><key>highlight</key><styleUrl>#styleDaimonChaveSoco1</styleUrl></Pair></StyleMap>
<Style id="styleDaimonSE0"><IconStyle><scale>1.20</scale><Icon><href>http://maps.google.com/mapfiles/kml/paddle/wht-circle.png</href></Icon><hotSpot x="32" y="1" xunits="pixels" yunits="pixels"/></IconStyle><LabelStyle><color>ffffffff</color><colorMode>normal</colorMode><scale>1.20</scale></LabelStyle><ListStyle><ItemIcon><href>http://maps.google.com/mapfiles/kml/paddle/wht-circle.png</href></ItemIcon></ListStyle></Style>
<Style id="styleDaimonSE1"><IconStyle><scale>1.20</scale><Icon><href>http://maps.google.com/mapfiles/kml/paddle/wht-circle.png</href></Icon><hotSpot x="32" y="1" xunits="pixels" yunits="pixels"/></IconStyle><LabelStyle><color>ffffffff</color><colorMode>normal</colorMode><scale>1.20</scale></LabelStyle><ListStyle><ItemIcon><href>http://maps.google.com/mapfiles/kml/paddle/wht-circle.png</href></ItemIcon></ListStyle></Style>
<StyleMap id="mapDaimonSE"><Pair><key>normal</key><styleUrl>#styleDaimonSE0</styleUrl></Pair><Pair><key>highlight</key><styleUrl>#styleDaimonSE1</styleUrl></Pair></StyleMap>
<Style id="styleDaimonDiag_BOM"><LineStyle><color>ff80ff80</color><width>3.20</width></LineStyle></Style>
<Style id="styleDaimonDiag_REGULAR"><LineStyle><color>ff00ffff</color><width>3.20</width></LineStyle></Style>
<Style id="styleDaimonDiag_RUIM"><LineStyle><color>ff0000ff</color><width>3.20</width></LineStyle></Style>
<Style id="styleDaimonDiag_INDEF"><LineStyle><color>ff808080</color><width>3.20</width></LineStyle></Style>
<Style id="styleDaimonDiag_BARRA_BOM0"><IconStyle><scale>0.60</scale><Icon><href>http://maps.google.com/mapfiles/kml/paddle/grn-blank.png</href></Icon><hotSpot x="32" y="1" xunits="pixels" yunits="pixels"/></IconStyle><LabelStyle><color>ffffffff</color><colorMode>normal</colorMode><scale>0.60</scale></LabelStyle><ListStyle><ItemIcon><href>http://maps.google.com/mapfiles/kml/paddle/grn-blank.png</href></ItemIcon></ListStyle></Style>
<Style id="styleDaimonDiag_BARRA_BOM1"><IconStyle><scale>0.60</scale><Icon><href>http://maps.google.com/mapfiles/kml/paddle/grn-blank.png</href></Icon><hotSpot x="32" y="1" xunits="pixels" yunits="pixels"/></IconStyle><LabelStyle><color>ffffffff</color><colorMode>normal</colorMode><scale>0.60</scale></LabelStyle><ListStyle><ItemIcon><href>http://maps.google.com/mapfiles/kml/paddle/grn-blank.png</href></ItemIcon></ListStyle></Style>
<StyleMap id="mapDaimonDiag_BARRA_BOM"><Pair><key>normal</key><styleUrl>#styleDaimonDiag_BARRA_BOM0</styleUrl></Pair><Pair><key>highlight</key><styleUrl>#styleDaimonDiag_BARRA_BOM1</styleUrl></Pair></StyleMap>
<Style id="styleDaimonDiag_BARRA_REGULAR0"><IconStyle><scale>0.60</scale><Icon><href>http://maps.google.com/mapfiles/kml/paddle/ylw-blank.png</href></Icon><hotSpot x="32" y="1" xunits="pixels" yunits="pixels"/></IconStyle><LabelStyle><color>ffffffff</color><colorMode>normal</colorMode><scale>0.60</scale></LabelStyle><ListStyle><ItemIcon><href>http://maps.google.com/mapfiles/kml/paddle/ylw-blank.png</href></ItemIcon></ListStyle></Style>
<Style id="styleDaimonDiag_BARRA_REGULAR1"><IconStyle><scale>0.60</scale><Icon><href>http://maps.google.com/mapfiles/kml/paddle/ylw-blank.png</href></Icon><hotSpot x="32" y="1" xunits="pixels" yunits="pixels"/></IconStyle><LabelStyle><color>ffffffff</color><colorMode>normal</colorMode><scale>0.60</scale></LabelStyle><ListStyle><ItemIcon><href>http://maps.google.com/mapfiles/kml/paddle/ylw-blank.png</href></ItemIcon></ListStyle></Style>
<StyleMap id="mapDaimonDiag_BARRA_REGULAR"><Pair><key>normal</key><styleUrl>#styleDaimonDiag_BARRA_REGULAR0</styleUrl></Pair><Pair><key>highlight</key><styleUrl>#styleDaimonDiag_BARRA_REGULAR1</styleUrl></Pair></StyleMap>
<Style id="styleDaimonDiag_BARRA_RUIM0"><IconStyle><scale>0.60</scale><Icon><href>http://maps.google.com/mapfiles/kml/paddle/red-blank.png</href></Icon><hotSpot x="32" y="1" xunits="pixels" yunits="pixels"/></IconStyle><LabelStyle><color>ffffffff</color><colorMode>normal</colorMode><scale>0.60</scale></LabelStyle><ListStyle><ItemIcon><href>http://maps.google.com/mapfiles/kml/paddle/red-blank.png</href></ItemIcon></ListStyle></Style>
<Style id="styleDaimonDiag_BARRA_RUIM1"><IconStyle><scale>0.60</scale><Icon><href>http://maps.google.com/mapfiles/kml/paddle/red-blank.png</href></Icon><hotSpot x="32" y="1" xunits="pixels" yunits="pixels"/></IconStyle><LabelStyle><color>ffffffff</color><colorMode>normal</colorMode><scale>0.60</scale></LabelStyle><ListStyle><ItemIcon><href>http://maps.google.com/mapfiles/kml/paddle/red-blank.png</href></ItemIcon></ListStyle></Style>
<StyleMap id="mapDaimonDiag_BARRA_RUIM"><Pair><key>normal</key><styleUrl>#styleDaimonDiag_BARRA_RUIM0</styleUrl></Pair><Pair><key>highlight</key><styleUrl>#styleDaimonDiag_BARRA_RUIM1</styleUrl></Pair></StyleMap>
<Style id="styleDaimonDiag_BARRA_INDEF0"><IconStyle><scale>0.60</scale><Icon><href>http://maps.google.com/mapfiles/kml/paddle/wht-blank.png</href></Icon><hotSpot x="32" y="1" xunits="pixels" yunits="pixels"/></IconStyle><LabelStyle><color>ffffffff</color><colorMode>normal</colorMode><scale>0.60</scale></LabelStyle><ListStyle><ItemIcon><href>http://maps.google.com/mapfiles/kml/paddle/wht-blank.png</href></ItemIcon></ListStyle></Style>
<Style id="styleDaimonDiag_BARRA_INDEF1"><IconStyle><scale>0.60</scale><Icon><href>http://maps.google.com/mapfiles/kml/paddle/wht-blank.png</href></Icon><hotSpot x="32" y="1" xunits="pixels" yunits="pixels"/></IconStyle><LabelStyle><color>ffffffff</color><colorMode>normal</colorMode><scale>0.60</scale></LabelStyle><ListStyle><ItemIcon><href>http://maps.google.com/mapfiles/kml/paddle/wht-blank.png</href></ItemIcon></ListStyle></Style>
<StyleMap id="mapDaimonDiag_BARRA_INDEF"><Pair><key>normal</key><styleUrl>#styleDaimonDiag_BARRA_INDEF0</styleUrl></Pair><Pair><key>highlight</key><styleUrl>#styleDaimonDiag_BARRA_INDEF1</styleUrl></Pair></StyleMap>
<Style id="styleDaimonMONO"><LineStyle><color>ff0000ff</color><width>2.00</width></LineStyle></Style>
<Style id="styleDaimonBI"><LineStyle><color>ff00ff00</color><width>2.00</width></LineStyle></Style>
<Style id="styleDaimonTRI"><LineStyle><color>ffff0000</color><width>2.00</width></LineStyle></Style>
<Style id="styleDaimonMONO_BT"><LineStyle><color>ffffff00</color><width>1.00</width></LineStyle></Style>
<Style id="styleDaimonBI_BT"><LineStyle><color>ffff00ff</color><width>1.00</width></LineStyle></Style>
<Style id="styleDaimonTRI_BT"><LineStyle><color>ff00ffff</color><width>1.00</width></LineStyle></Style>
<Style id="styleDaimonCIRCUITO255TRECHO"><LineStyle><color>ff40ff00</color><width>2.00</width></LineStyle></Style>
<Style id="styleDaimonFolderCirc_AL02054060"><ListStyle><bgColor>ff40ff00</bgColor></ListStyle></Style>
<Folder>
<name>Circ_AL02054060</name>
<styleUrl>#styleDaimonFolderCirc_AL02054060</styleUrl><Folder>
<name>Capacitor</name>
<visibility>0</visibility>
<Placemark><name>5900085060</name><visibility>0</visibility><LookAt><longitude>-48.420180</longitude><latitude>-7.632786</latitude><altitude>1200.0</altitude><altitudeMode>absolute</altitudeMode></LookAt><styleUrl>#mapDaimonCapacitor</styleUrl><Point><coordinates>-48.420180,-7.632786,0</coordinates></Point></Placemark>
</Folder>
<Folder>
<name>CapacitorSerie</name>
<visibility>0</visibility>
</Folder>
<Folder>
<name>Chave</name>
<visibility>0</visibility>
<Placemark><name>DJ_AL02054060_FICT</name><visibility>0</visibility><LookAt><longitude>-48.428699</longitude><latitude>-7.622300</latitude><altitude>1200.0</altitude><altitudeMode>absolute</altitudeMode></LookAt><styleUrl>#mapDaimonChave</styleUrl><Point><coordinates>-48.428699,-7.622300,0</coordinates></Point></Placemark>
<Placemark><name>8852675060</name><visibility>0</visibility><LookAt><longitude>-48.428450</longitude><latitude>-7.622202</latitude><altitude>1200.0</altitude><altitudeMode>absolute</altitudeMode></LookAt><styleUrl>#mapDaimonChave</styleUrl><Point><coordinates>-48.428450,-7.622202,0</coordinates></Point></Placemark>
<Placemark><name>8800006060</name><visibility>0</visibility><LookAt><longitude>-48.426485</longitude><latitude>-7.626207</latitude><altitude>1200.0</altitude><altitudeMode>absolute</altitudeMode></LookAt><styleUrl>#mapDaimonChave</styleUrl><Point><coordinates>-48.426485,-7.626207,0</coordinates></Point></Placemark>
<Placemark><name>9001927060</name><visibility>0</visibility><LookAt><longitude>-48.426271</longitude><latitude>-7.626218</latitude><altitude>1200.0</altitude><altitudeMode>absolute</altitudeMode></LookAt><styleUrl>#mapDaimonChave</styleUrl><Point><coordinates>-48.426271,-7.626218,0</coordinates></Point></Placemark>
<Placemark><name>7940201060</name><visibility>0</visibility><LookAt><longitude>-48.426250</longitude><latitude>-7.626206</latitude><altitude>1200.0</altitude><altitudeMode>absolute</altitudeMode></LookAt><styleUrl>#mapDaimonChave</styleUrl><Point><coordinates>-48.426250,-7.626206,0</coordinates></Point></Placemark>
<Placemark><name>9040201060</name><visibility>0</visibility><LookAt><longitude>-48.426227</longitude><latitude>-7.626207</latitude><altitude>1200.0</altitude><altitudeMode>absolute</altitudeMode></LookAt><styleUrl>#mapDaimonChave</styleUrl><Point><coordinates>-48.426227,-7.626207,0</coordinates></Point></Placemark>
<Placemark><name>7952668060</name><visibility>0</visibility><LookAt><longitude>-48.425385</longitude><latitude>-7.633132</latitude><altitude>1200.0</altitude><altitudeMode>absolute</altitudeMode></LookAt><styleUrl>#mapDaimonChave</styleUrl><Point><coordinates>-48.425385,-7.633132,0</coordinates></Point></Placemark>
<Placemark><name>8800076060</name><visibility>0</visibility><LookAt><longitude>-48.426354</longitude><latitude>-7.632591</latitude><altitude>1200.0</altitude><altitudeMode>absolute</altitudeMode></LookAt><styleUrl>#mapDaimonChave</styleUrl><Point><coordinates>-48.426354,-7.632591,0</coordinates></Point></Placemark>
<Placemark><name>8800015060</name><visibility>0</visibility><LookAt><longitude>-48.424255</longitude><latitude>-7.632687</latitude><altitude>1200.0</altitude><altitudeMode>absolute</altitudeMode></LookAt><styleUrl>#mapDaimonChave</styleUrl><Point><coordinates>-48.424255,-7.632687,0</coordinates></Point></Placemark>
<Placemark><name>0300009060</name><visibility>0</visibility><LookAt><longitude>-48.423953</longitude><latitude>-7.627671</latitude><altitude>1200.0</altitude><altitudeMode>absolute</altitudeMode></LookAt><styleUrl>#mapDaimonChave</styleUrl><Point><coordinates>-48.423953,-7.627671,0</coordinates></Point></Placemark>
<Placemark><name>0300091060</name><visibility>0</visibility><LookAt><longitude>-48.425874</longitude><latitude>-7.627588</latitude><altitude>1200.0</altitude><altitudeMode>absolute</altitudeMode></LookAt><styleUrl>#mapDaimonChave</styleUrl><Point><coordinates>-48.425874,-7.627588,0</coordinates></Point></Placemark>
<Placemark><name>8800012060</name><visibility>0</visibility><LookAt><longitude>-48.426242</longitude><latitude>-7.632706</latitude><altitude>1200.0</altitude><altitudeMode>absolute</altitudeMode></LookAt><styleUrl>#mapDaimonChave</styleUrl><Point><coordinates>-48.426242,-7.632706,0</coordinates></Point></Placemark>
<Placemark><name>8859655060</name><visibility>0</visibility><LookAt><longitude>-48.424414</longitude><latitude>-7.632951</latitude><altitude>1200.0</altitude><altitudeMode>absolute</altitudeMode></LookAt><styleUrl>#mapDaimonChave</styleUrl><Point><coordinates>-48.424414,-7.632951,0</coordinates></Point></Placemark>
<Placemark><name>8852669060</name><visibility>0</visibility><LookAt><longitude>-48.423431</longitude><latitude>-7.634672</latitude><altitude>1200.0</altitude><altitudeMode>absolute</altitudeMode></LookAt><styleUrl>#mapDaimonChave</styleUrl><Point><coordinates>-48.423431,-7.634672,0</coordinates></Point></Placemark>
<Placemark><name>0301017060</name><visibility>0</visibility><LookAt><longitude>-48.422190</longitude><latitude>-7.632793</latitude><altitude>1200.0</altitude><altitudeMode>absolute</altitudeMode></LookAt><styleUrl>#mapDaimonChave</styleUrl><Point><coordinates>-48.422190,-7.632793,0</coordinates></Point></Placemark>
<Placemark><name>8800085060</name><visibility>0</visibility><LookAt><longitude>-48.420180</longitude><latitude>-7.632878</latitude><altitude>1200.0</altitude><altitudeMode>absolute</altitudeMode></LookAt><styleUrl>#mapDaimonChave</styleUrl><Point><coordinates>-48.420180,-7.632878,0</coordinates></Point></Placemark>
<Placemark><name>0300016060</name><visibility>0</visibility><LookAt><longitude>-48.422656</longitude><latitude>-7.634636</latitude><altitude>1200.0</altitude><altitudeMode>absolute</altitudeMode></LookAt><styleUrl>#mapDaimonChave</styleUrl><Point><coordinates>-48.422656,-7.634636,0</coordinates></Point></Placemark>
<Placemark><name>0300035060</name><visibility>0</visibility><LookAt><longitude>-48.420774</longitude><latitude>-7.632950</latitude><altitude>1200.0</altitude><altitudeMode>absolute</altitudeMode></LookAt><styleUrl>#mapDaimonChave</styleUrl><Point><coordinates>-48.420774,-7.632950,0</coordinates></Point></Placemark>
<Placemark><name>0300010060</name><visibility>0</visibility><LookAt><longitude>-48.422047</longitude><latitude>-7.628765</latitude><altitude>1200.0</altitude><altitudeMode>absolute</altitudeMode></LookAt><styleUrl>#mapDaimonChave</styleUrl><Point><coordinates>-48.422047,-7.628765,0</coordinates></Point></Placemark>
<Placemark><name>8843295060</name><visibility>0</visibility><LookAt><longitude>-48.422365</longitude><latitude>-7.628070</latitude><altitude>1200.0</altitude><altitudeMode>absolute</altitudeMode></LookAt><styleUrl>#mapDaimonChave</styleUrl><Point><coordinates>-48.422365,-7.628070,0</coordinates></Point></Placemark>
<Placemark><name>9031220060</name><visibility>0</visibility><LookAt><longitude>-48.426636</longitude><latitude>-7.636668</latitude><altitude>1200.0</altitude><altitudeMode>absolute</altitudeMode></LookAt><styleUrl>#mapDaimonChave</styleUrl><Point><coordinates>-48.426636,-7.636668,0</coordinates></Point></Placemark>
<Placemark><name>0347754060</name><visibility>0</visibility><LookAt><longitude>-48.413762</longitude><latitude>-7.635882</latitude><altitude>1200.0</altitude><altitudeMode>absolute</altitudeMode></LookAt><styleUrl>#mapDaimonChave</styleUrl><Point><coordinates>-48.413762,-7.635882,0</coordinates></Point></Placemark>
<Placemark><name>8852660060</name><visibility>0</visibility><LookAt><longitude>-48.416211</longitude><latitude>-7.643109</latitude><altitude>1200.0</altitude><altitudeMode>absolute</altitudeMode></LookAt><styleUrl>#mapDaimonChave</styleUrl><Point><coordinates>-48.416211,-7.643109,0</coordinates></Point></Placemark>
<Placemark><name>0300085060</name><visibility>0</visibility><LookAt><longitude>-48.420181</longitude><latitude>-7.632803</latitude><altitude>1200.0</altitude><altitudeMode>absolute</altitudeMode></LookAt><styleUrl>#mapDaimonChave</styleUrl><Point><coordinates>-48.420181,-7.632803,0</coordinates></Point></Placemark>
<Placemark><name>0300036060</name><visibility>0</visibility><LookAt><longitude>-48.420849</longitude><latitude>-7.634769</latitude><altitude>1200.0</altitude><altitudeMode>absolute</altitudeMode></LookAt><styleUrl>#mapDaimonChave</styleUrl><Point><coordinates>-48.420849,-7.634769,0</coordinates></Point></Placemark>
<Placemark><name>7931220060</name><visibility>0</visibility><LookAt><longitude>-48.426655</longitude><latitude>-7.636653</latitude><altitude>1200.0</altitude><altitudeMode>absolute</altitudeMode></LookAt><styleUrl>#mapDaimonChave</styleUrl><Point><coordinates>-48.426655,-7.636653,0</coordinates></Point></Placemark>
<Placemark><name>0319216060</name><visibility>0</visibility><LookAt><longitude>-48.413640</longitude><latitude>-7.643407</latitude><altitude>1200.0</altitude><altitudeMode>absolute</altitudeMode></LookAt><styleUrl>#mapDaimonChave</styleUrl><Point><coordinates>-48.413640,-7.643407,0</coordinates></Point></Placemark>
<Placemark><name>0319215060</name><visibility>0</visibility><LookAt><longitude>-48.411589</longitude><latitude>-7.644624</latitude><altitude>1200.0</altitude><altitudeMode>absolute</altitudeMode></LookAt><styleUrl>#mapDaimonChave</styleUrl><Point><coordinates>-48.411589,-7.644624,0</coordinates></Point></Placemark>
<Placemark><name>8800924060</name><visibility>0</visibility><LookAt><longitude>-48.416953</longitude><latitude>-7.643248</latitude><altitude>1200.0</altitude><altitudeMode>absolute</altitudeMode></LookAt><styleUrl>#mapDaimonChave</styleUrl><Point><coordinates>-48.416953,-7.643248,0</coordinates></Point></Placemark>
<Placemark><name>9001919060</name><visibility>0</visibility><LookAt><longitude>-48.426677</longitude><latitude>-7.636655</latitude><altitude>1200.0</altitude><altitudeMode>absolute</altitudeMode></LookAt><styleUrl>#mapDaimonChave</styleUrl><Point><coordinates>-48.426677,-7.636655,0</coordinates></Point></Placemark>
<Placemark><name>0210186060</name><visibility>0</visibility><LookAt><longitude>-48.406431</longitude><latitude>-7.646714</latitude><altitude>1200.0</altitude><altitudeMode>absolute</altitudeMode></LookAt><styleUrl>#mapDaimonChave</styleUrl><Point><coordinates>-48.406431,-7.646714,0</coordinates></Point></Placemark>
<Placemark><name>0300026060</name><visibility>0</visibility><LookAt><longitude>-48.418037</longitude><latitude>-7.637789</latitude><altitude>1200.0</altitude><altitudeMode>absolute</altitudeMode></LookAt><styleUrl>#mapDaimonChave</styleUrl><Point><coordinates>-48.418037,-7.637789,0</coordinates></Point></Placemark>
<Placemark><name>0300025060</name><visibility>0</visibility><LookAt><longitude>-48.418647</longitude><latitude>-7.637169</latitude><altitude>1200.0</altitude><altitudeMode>absolute</altitudeMode></LookAt><styleUrl>#mapDaimonChave</styleUrl><Point><coordinates>-48.418647,-7.637169,0</coordinates></Point></Placemark>
<Placemark><name>0300030060</name><visibility>0</visibility><LookAt><longitude>-48.418521</longitude><latitude>-7.640456</latitude><altitude>1200.0</altitude><altitudeMode>absolute</altitudeMode></LookAt><styleUrl>#mapDaimonChave</styleUrl><Point><coordinates>-48.418521,-7.640456,0</coordinates></Point></Placemark>
<Placemark><name>0300028060</name><visibility>0</visibility><LookAt><longitude>-48.418934</longitude><latitude>-7.640437</latitude><altitude>1200.0</altitude><altitudeMode>absolute</altitudeMode></LookAt><styleUrl>#mapDaimonChave</styleUrl><Point><coordinates>-48.418934,-7.640437,0</coordinates></Point></Placemark>
<Placemark><name>8800972060</name><visibility>0</visibility><LookAt><longitude>-48.427142</longitude><latitude>-7.636951</latitude><altitude>1200.0</altitude><altitudeMode>absolute</altitudeMode></LookAt><styleUrl>#mapDaimonChave</styleUrl><Point><coordinates>-48.427142,-7.636951,0</coordinates></Point></Placemark>
<Placemark><name>0301893060</name><visibility>0</visibility><LookAt><longitude>-48.415510</longitude><latitude>-7.637949</latitude><altitude>1200.0</altitude><altitudeMode>absolute</altitudeMode></LookAt><styleUrl>#mapDaimonChave</styleUrl><Point><coordinates>-48.415510,-7.637949,0</coordinates></Point></Placemark>
<Placemark><name>0300019060</name><visibility>0</visibility><LookAt><longitude>-48.417120</longitude><latitude>-7.633039</latitude><altitude>1200.0</altitude><altitudeMode>absolute</altitudeMode></LookAt><styleUrl>#mapDaimonChave</styleUrl><Point><coordinates>-48.417120,-7.633039,0</coordinates></Point></Placemark>
<Placemark><name>0301021060</name><visibility>0</visibility><LookAt><longitude>-48.416585</longitude><latitude>-7.633058</latitude><altitude>1200.0</altitude><altitudeMode>absolute</altitudeMode></LookAt><styleUrl>#mapDaimonChave</styleUrl><Point><coordinates>-48.416585,-7.633058,0</coordinates></Point></Placemark>
<Placemark><name>0300023060</name><visibility>0</visibility><LookAt><longitude>-48.416452</longitude><latitude>-7.633096</latitude><altitude>1200.0</altitude><altitudeMode>absolute</altitudeMode></LookAt><styleUrl>#mapDaimonChave</styleUrl><Point><coordinates>-48.416452,-7.633096,0</coordinates></Point></Placemark>
<Placemark><name>0300021060</name><visibility>0</visibility><LookAt><longitude>-48.416738</longitude><latitude>-7.632755</latitude><altitude>1200.0</altitude><altitudeMode>absolute</altitudeMode></LookAt><styleUrl>#mapDaimonChave</styleUrl><Point><coordinates>-48.416738,-7.632755,0</coordinates></Point></Placemark>
<Placemark><name>0300943060</name><visibility>0</visibility><LookAt><longitude>-48.425958</longitude><latitude>-7.642445</latitude><altitude>1200.0</altitude><altitudeMode>absolute</altitudeMode></LookAt><styleUrl>#mapDaimonChave</styleUrl><Point><coordinates>-48.425958,-7.642445,0</coordinates></Point></Placemark>
<Placemark><name>0300079060</name><visibility>0</visibility><LookAt><longitude>-48.427187</longitude><latitude>-7.640128</latitude><altitude>1200.0</altitude><altitudeMode>absolute</altitudeMode></LookAt><styleUrl>#mapDaimonChave</styleUrl><Point><coordinates>-48.427187,-7.640128,0</coordinates></Point></Placemark>
<Placemark><name>3100014060</name><visibility>0</visibility><LookAt><longitude>-48.426892</longitude><latitude>-7.646502</latitude><altitude>1200.0</altitude><altitudeMode>absolute</altitudeMode></LookAt><styleUrl>#mapDaimonChave</styleUrl><Point><coordinates>-48.426892,-7.646502,0</coordinates></Point></Placemark>
<Placemark><name>0320193060</name><visibility>0</visibility><LookAt><longitude>-48.413902</longitude><latitude>-7.638194</latitude><altitude>1200.0</altitude><altitudeMode>absolute</altitudeMode></LookAt><styleUrl>#mapDaimonChave</styleUrl><Point><coordinates>-48.413902,-7.638194,0</coordinates></Point></Placemark>
<Placemark><name>0300760060</name><visibility>0</visibility><LookAt><longitude>-48.402711</longitude><latitude>-7.637709</latitude><altitude>1200.0</altitude><altitudeMode>absolute</altitudeMode></LookAt><styleUrl>#mapDaimonChave</styleUrl><Point><coordinates>-48.402711,-7.637709,0</coordinates></Point></Placemark>
<Placemark><name>0300177060</name><visibility>0</visibility><LookAt><longitude>-48.407269</longitude><latitude>-7.637999</latitude><altitude>1200.0</altitude><altitudeMode>absolute</altitudeMode></LookAt><styleUrl>#mapDaimonChave</styleUrl><Point><coordinates>-48.407269,-7.637999,0</coordinates></Point></Placemark>
<Placemark><name>0310178060</name><visibility>0</visibility><LookAt><longitude>-48.403130</longitude><latitude>-7.638391</latitude><altitude>1200.0</altitude><altitudeMode>absolute</altitudeMode></LookAt><styleUrl>#mapDaimonChave</styleUrl><Point><coordinates>-48.403130,-7.638391,0</coordinates></Point></Placemark>
<Placemark><name>0300084060</name><visibility>0</visibility><LookAt><longitude>-48.416598</longitude><latitude>-7.631189</latitude><altitude>1200.0</altitude><altitudeMode>absolute</altitudeMode></LookAt><styleUrl>#mapDaimonChave</styleUrl><Point><coordinates>-48.416598,-7.631189,0</coordinates></Point></Placemark>
<Placemark><name>0300020060</name><visibility>0</visibility><LookAt><longitude>-48.416624</longitude><latitude>-7.631046</latitude><altitude>1200.0</altitude><altitudeMode>absolute</altitudeMode></LookAt><styleUrl>#mapDaimonChave</styleUrl><Point><coordinates>-48.416624,-7.631046,0</coordinates></Point></Placemark>
<Placemark><name>0301020060</name><visibility>0</visibility><LookAt><longitude>-48.416474</longitude><latitude>-7.630361</latitude><altitude>1200.0</altitude><altitudeMode>absolute</altitudeMode></LookAt><styleUrl>#mapDaimonChave</styleUrl><Point><coordinates>-48.416474,-7.630361,0</coordinates></Point></Placemark>
<Placemark><name>0300955060</name><visibility>0</visibility><LookAt><longitude>-48.426532</longitude><latitude>-7.640850</latitude><altitude>1200.0</altitude><altitudeMode>absolute</altitudeMode></LookAt><styleUrl>#mapDaimonChave</styleUrl><Point><coordinates>-48.426532,-7.640850,0</coordinates></Point></Placemark>
<Placemark><name>9025128060</name><visibility>0</visibility><LookAt><longitude>-48.426444</longitude><latitude>-7.648934</latitude><altitude>1200.0</altitude><altitudeMode>absolute</altitudeMode></LookAt><styleUrl>#mapDaimonChave</styleUrl><Point><coordinates>-48.426444,-7.648934,0</coordinates></Point></Placemark>
<Placemark><name>7925126060</name><visibility>0</visibility><LookAt><longitude>-48.426421</longitude><latitude>-7.648952</latitude><altitude>1200.0</altitude><altitudeMode>absolute</altitudeMode></LookAt><styleUrl>#mapDaimonChave</styleUrl><Point><coordinates>-48.426421,-7.648952,0</coordinates></Point></Placemark>
<Placemark><name>9025126060</name><visibility>0</visibility><LookAt><longitude>-48.426419</longitude><latitude>-7.648974</latitude><altitude>1200.0</altitude><altitudeMode>absolute</altitudeMode></LookAt><styleUrl>#mapDaimonChave</styleUrl><Point><coordinates>-48.426419,-7.648974,0</coordinates></Point></Placemark>
<Placemark><name>0300039060</name><visibility>0</visibility><LookAt><longitude>-48.425341</longitude><latitude>-7.660629</latitude><altitude>1200.0</altitude><altitudeMode>absolute</altitudeMode></LookAt><styleUrl>#mapDaimonChave</styleUrl><Point><coordinates>-48.425341,-7.660629,0</coordinates></Point></Placemark>
<Placemark><name>0300459060</name><visibility>0</visibility><LookAt><longitude>-48.425858</longitude><latitude>-7.651893</latitude><altitude>1200.0</altitude><altitudeMode>absolute</altitudeMode></LookAt><styleUrl>#mapDaimonChave</styleUrl><Point><coordinates>-48.425858,-7.651893,0</coordinates></Point></Placemark>
<Placemark><name>0300461060</name><visibility>0</visibility><LookAt><longitude>-48.425440</longitude><latitude>-7.659535</latitude><altitude>1200.0</altitude><altitudeMode>absolute</altitudeMode></LookAt><styleUrl>#mapDaimonChave</styleUrl><Point><coordinates>-48.425440,-7.659535,0</coordinates></Point></Placemark>
<Placemark><name>8800462060</name><visibility>0</visibility><LookAt><longitude>-48.430105</longitude><latitude>-7.683463</latitude><altitude>1200.0</altitude><altitudeMode>absolute</altitudeMode></LookAt><styleUrl>#mapDaimonChave</styleUrl><Point><coordinates>-48.430105,-7.683463,0</coordinates></Point></Placemark>
<Placemark><name>0300460060</name><visibility>0</visibility><LookAt><longitude>-48.426387</longitude><latitude>-7.653549</latitude><altitude>1200.0</altitude><altitudeMode>absolute</altitudeMode></LookAt><styleUrl>#mapDaimonChave</styleUrl><Point><coordinates>-48.426387,-7.653549,0</coordinates></Point></Placemark>
<Placemark><name>4010318060</name><visibility>0</visibility><LookAt><longitude>-48.424850</longitude><latitude>-7.668353</latitude><altitude>1200.0</altitude><altitudeMode>absolute</altitudeMode></LookAt><styleUrl>#mapDaimonChave</styleUrl><Point><coordinates>-48.424850,-7.668353,0</coordinates></Point></Placemark>
<Placemark><name>0310338060</name><visibility>0</visibility><LookAt><longitude>-48.440445</longitude><latitude>-7.716561</latitude><altitude>1200.0</altitude><altitudeMode>absolute</altitudeMode></LookAt><styleUrl>#mapDaimonChave</styleUrl><Point><coordinates>-48.440445,-7.716561,0</coordinates></Point></Placemark>
<Placemark><name>0310340060</name><visibility>0</visibility><LookAt><longitude>-48.441862</longitude><latitude>-7.720042</latitude><altitude>1200.0</altitude><altitudeMode>absolute</altitudeMode></LookAt><styleUrl>#mapDaimonChave</styleUrl><Point><coordinates>-48.441862,-7.720042,0</coordinates></Point></Placemark>
<Placemark><name>0300463060</name><visibility>0</visibility><LookAt><longitude>-48.440556</longitude><latitude>-7.715395</latitude><altitude>1200.0</altitude><altitudeMode>absolute</altitudeMode></LookAt><styleUrl>#mapDaimonChave</styleUrl><Point><coordinates>-48.440556,-7.715395,0</coordinates></Point></Placemark>
<Placemark><name>0300014060</name><visibility>0</visibility><LookAt><longitude>-48.443674</longitude><latitude>-7.726016</latitude><altitude>1200.0</altitude><altitudeMode>absolute</altitudeMode></LookAt><styleUrl>#mapDaimonChave</styleUrl><Point><coordinates>-48.443674,-7.726016,0</coordinates></Point></Placemark>
<Placemark><name>0301886060</name><visibility>0</visibility><LookAt><longitude>-48.441743</longitude><latitude>-7.719641</latitude><altitude>1200.0</altitude><altitudeMode>absolute</altitudeMode></LookAt><styleUrl>#mapDaimonChave</styleUrl><Point><coordinates>-48.441743,-7.719641,0</coordinates></Point></Placemark>
<Placemark><name>3310335060</name><visibility>0</visibility><LookAt><longitude>-48.437712</longitude><latitude>-7.707167</latitude><altitude>1200.0</altitude><altitudeMode>absolute</altitudeMode></LookAt><styleUrl>#mapDaimonChave</styleUrl><Point><coordinates>-48.437712,-7.707167,0</coordinates></Point></Placemark>
<Placemark><name>0300040060</name><visibility>0</visibility><LookAt><longitude>-48.434342</longitude><latitude>-7.695764</latitude><altitude>1200.0</altitude><altitudeMode>absolute</altitudeMode></LookAt><styleUrl>#mapDaimonChave</styleUrl><Point><coordinates>-48.434342,-7.695764,0</coordinates></Point></Placemark>
<Placemark><name>3300467060</name><visibility>0</visibility><LookAt><longitude>-48.440858</longitude><latitude>-7.717628</latitude><altitude>1200.0</altitude><altitudeMode>absolute</altitudeMode></LookAt><styleUrl>#mapDaimonChave</styleUrl><Point><coordinates>-48.440858,-7.717628,0</coordinates></Point></Placemark>
<Placemark><name>0300042060</name><visibility>0</visibility><LookAt><longitude>-48.443563</longitude><latitude>-7.724872</latitude><altitude>1200.0</altitude><altitudeMode>absolute</altitudeMode></LookAt><styleUrl>#mapDaimonChave</styleUrl><Point><coordinates>-48.443563,-7.724872,0</coordinates></Point></Placemark>
<Placemark><name>0310329060</name><visibility>0</visibility><LookAt><longitude>-48.411949</longitude><latitude>-7.673900</latitude><altitude>1200.0</altitude><altitudeMode>absolute</altitudeMode></LookAt><styleUrl>#mapDaimonChave</styleUrl><Point><coordinates>-48.411949,-7.673900,0</coordinates></Point></Placemark>
<Placemark><name>0310331060</name><visibility>0</visibility><LookAt><longitude>-48.419558</longitude><latitude>-7.685083</latitude><altitude>1200.0</altitude><altitudeMode>absolute</altitudeMode></LookAt><styleUrl>#mapDaimonChave</styleUrl><Point><coordinates>-48.419558,-7.685083,0</coordinates></Point></Placemark>
<Placemark><name>0310332060</name><visibility>0</visibility><LookAt><longitude>-48.424854</longitude><latitude>-7.686589</latitude><altitude>1200.0</altitude><altitudeMode>absolute</altitudeMode></LookAt><styleUrl>#mapDaimonChave</styleUrl><Point><coordinates>-48.424854,-7.686589,0</coordinates></Point></Placemark>
<Placemark><name>0310327060</name><visibility>0</visibility><LookAt><longitude>-48.410255</longitude><latitude>-7.672849</latitude><altitude>1200.0</altitude><altitudeMode>absolute</altitudeMode></LookAt><styleUrl>#mapDaimonChave</styleUrl><Point><coordinates>-48.410255,-7.672849,0</coordinates></Point></Placemark>
<Placemark><name>3301142060</name><visibility>0</visibility><LookAt><longitude>-48.415337</longitude><latitude>-7.689264</latitude><altitude>1200.0</altitude><altitudeMode>absolute</altitudeMode></LookAt><styleUrl>#mapDaimonChave</styleUrl><Point><coordinates>-48.415337,-7.689264,0</coordinates></Point></Placemark>
<Placemark><name>0310328060</name><visibility>0</visibility><LookAt><longitude>-48.408854</longitude><latitude>-7.672928</latitude><altitude>1200.0</altitude><altitudeMode>absolute</altitudeMode></LookAt><styleUrl>#mapDaimonChave</styleUrl><Point><coordinates>-48.408854,-7.672928,0</coordinates></Point></Placemark>
<Placemark><name>0310334060</name><visibility>0</visibility><LookAt><longitude>-48.421552</longitude><latitude>-7.692914</latitude><altitude>1200.0</altitude><altitudeMode>absolute</altitudeMode></LookAt><styleUrl>#mapDaimonChave</styleUrl><Point><coordinates>-48.421552,-7.692914,0</coordinates></Point></Placemark>
<Placemark><name>0310341060</name><visibility>0</visibility><LookAt><longitude>-48.437454</longitude><latitude>-7.720822</latitude><altitude>1200.0</altitude><altitudeMode>absolute</altitudeMode></LookAt><styleUrl>#mapDaimonChave</styleUrl><Point><coordinates>-48.437454,-7.720822,0</coordinates></Point></Placemark>
<Placemark><name>3300464060</name><visibility>0</visibility><LookAt><longitude>-48.444016</longitude><latitude>-7.715504</latitude><altitude>1200.0</altitude><altitudeMode>absolute</altitudeMode></LookAt><styleUrl>#mapDaimonChave</styleUrl><Point><coordinates>-48.444016,-7.715504,0</coordinates></Point></Placemark>
<Placemark><name>0310337060</name><visibility>0</visibility><LookAt><longitude>-48.433954</longitude><latitude>-7.706039</latitude><altitude>1200.0</altitude><altitudeMode>absolute</altitudeMode></LookAt><styleUrl>#mapDaimonChave</styleUrl><Point><coordinates>-48.433954,-7.706039,0</coordinates></Point></Placemark>
<Placemark><name>0310336060</name><visibility>0</visibility><LookAt><longitude>-48.429659</longitude><latitude>-7.704250</latitude><altitude>1200.0</altitude><altitudeMode>absolute</altitudeMode></LookAt><styleUrl>#mapDaimonChave</styleUrl><Point><coordinates>-48.429659,-7.704250,0</coordinates></Point></Placemark>
<Placemark><name>0310364060</name><visibility>0</visibility><LookAt><longitude>-48.428259</longitude><latitude>-7.721526</latitude><altitude>1200.0</altitude><altitudeMode>absolute</altitudeMode></LookAt><styleUrl>#mapDaimonChave</styleUrl><Point><coordinates>-48.428259,-7.721526,0</coordinates></Point></Placemark>
<Placemark><name>0301166060</name><visibility>0</visibility><LookAt><longitude>-48.410929</longitude><latitude>-7.690466</latitude><altitude>1200.0</altitude><altitudeMode>absolute</altitudeMode></LookAt><styleUrl>#mapDaimonChave</styleUrl><Point><coordinates>-48.410929,-7.690466,0</coordinates></Point></Placemark>
<Placemark><name>3329365060</name><visibility>0</visibility><LookAt><longitude>-48.393263</longitude><latitude>-7.723324</latitude><altitude>1200.0</altitude><altitudeMode>absolute</altitudeMode></LookAt><styleUrl>#mapDaimonChave</styleUrl><Point><coordinates>-48.393263,-7.723324,0</coordinates></Point></Placemark>
<Placemark><name>0301147060</name><visibility>0</visibility><LookAt><longitude>-48.401519</longitude><latitude>-7.709968</latitude><altitude>1200.0</altitude><altitudeMode>absolute</altitudeMode></LookAt><styleUrl>#mapDaimonChave</styleUrl><Point><coordinates>-48.401519,-7.709968,0</coordinates></Point></Placemark>
<Placemark><name>0301152060</name><visibility>0</visibility><LookAt><longitude>-48.408922</longitude><latitude>-7.697292</latitude><altitude>1200.0</altitude><altitudeMode>absolute</altitudeMode></LookAt><styleUrl>#mapDaimonChave</styleUrl><Point><coordinates>-48.408922,-7.697292,0</coordinates></Point></Placemark>
<Placemark><name>3301159060</name><visibility>0</visibility><LookAt><longitude>-48.408984</longitude><latitude>-7.691008</latitude><altitude>1200.0</altitude><altitudeMode>absolute</altitudeMode></LookAt><styleUrl>#mapDaimonChave</styleUrl><Point><coordinates>-48.408984,-7.691008,0</coordinates></Point></Placemark>
<Placemark><name>0300466060</name><visibility>0</visibility><LookAt><longitude>-48.463054</longitude><latitude>-7.731663</latitude><altitude>1200.0</altitude><altitudeMode>absolute</altitudeMode></LookAt><styleUrl>#mapDaimonChave</styleUrl><Point><coordinates>-48.463054,-7.731663,0</coordinates></Point></Placemark>
<Placemark><name>0300465060</name><visibility>0</visibility><LookAt><longitude>-48.452900</longitude><latitude>-7.716305</latitude><altitude>1200.0</altitude><altitudeMode>absolute</altitudeMode></LookAt><styleUrl>#mapDaimonChave</styleUrl><Point><coordinates>-48.452900,-7.716305,0</coordinates></Point></Placemark>
<Placemark><name>0325861060</name><visibility>0</visibility><LookAt><longitude>-48.377307</longitude><latitude>-7.722414</latitude><altitude>1200.0</altitude><altitudeMode>absolute</altitudeMode></LookAt><styleUrl>#mapDaimonChave</styleUrl><Point><coordinates>-48.377307,-7.722414,0</coordinates></Point></Placemark>
<Placemark><name>0301149060</name><visibility>0</visibility><LookAt><longitude>-48.398318</longitude><latitude>-7.697288</latitude><altitude>1200.0</altitude><altitudeMode>absolute</altitudeMode></LookAt><styleUrl>#mapDaimonChave</styleUrl><Point><coordinates>-48.398318,-7.697288,0</coordinates></Point></Placemark>
<Placemark><name>0301162060</name><visibility>0</visibility><LookAt><longitude>-48.405433</longitude><latitude>-7.680108</latitude><altitude>1200.0</altitude><altitudeMode>absolute</altitudeMode></LookAt><styleUrl>#mapDaimonChave</styleUrl><Point><coordinates>-48.405433,-7.680108,0</coordinates></Point></Placemark>
<Placemark><name>8835005060</name><visibility>0</visibility><LookAt><longitude>-48.422414</longitude><latitude>-7.637269</latitude><altitude>1200.0</altitude><altitudeMode>absolute</altitudeMode></LookAt><styleUrl>#mapDaimonChaveNA</styleUrl><Point><coordinates>-48.422414,-7.637269,0</coordinates></Point></Placemark>
<Placemark><name>8040201060</name><visibility>0</visibility><LookAt><longitude>-48.426235</longitude><latitude>-7.626249</latitude><altitude>1200.0</altitude><altitudeMode>absolute</altitudeMode></LookAt><styleUrl>#mapDaimonChaveNA</styleUrl><Point><coordinates>-48.426235,-7.626249,0</coordinates></Point></Placemark>
<Placemark><name>8852674060</name><visibility>0</visibility><LookAt><longitude>-48.425955</longitude><latitude>-7.626651</latitude><altitude>1200.0</altitude><altitudeMode>absolute</altitudeMode></LookAt><styleUrl>#mapDaimonChaveNA</styleUrl><Point><coordinates>-48.425955,-7.626651,0</coordinates></Point></Placemark>
<Placemark><name>3125126060</name><visibility>0</visibility><LookAt><longitude>-48.426467</longitude><latitude>-7.648976</latitude><altitude>1200.0</altitude><altitudeMode>absolute</altitudeMode></LookAt><styleUrl>#mapDaimonChaveNA</styleUrl><Point><coordinates>-48.426467,-7.648976,0</coordinates></Point></Placemark>
<Placemark><name>3110318060</name><visibility>0</visibility><LookAt><longitude>-48.424821</longitude><latitude>-7.668328</latitude><altitude>1200.0</altitude><altitudeMode>absolute</altitudeMode></LookAt><styleUrl>#mapDaimonChaveNA</styleUrl><Point><coordinates>-48.424821,-7.668328,0</coordinates></Point></Placemark>
<Placemark><name>0301658060</name><visibility>0</visibility><LookAt><longitude>-48.427089</longitude><latitude>-7.635905</latitude><altitude>1200.0</altitude><altitudeMode>absolute</altitudeMode></LookAt><styleUrl>#mapDaimonChaveNA</styleUrl><Point><coordinates>-48.427089,-7.635905,0</coordinates></Point></Placemark>
<Placemark><name>8843296060</name><visibility>0</visibility><LookAt><longitude>-48.422553</longitude><latitude>-7.632268</latitude><altitude>1200.0</altitude><altitudeMode>absolute</altitudeMode></LookAt><styleUrl>#mapDaimonChaveNA</styleUrl><Point><coordinates>-48.422553,-7.632268,0</coordinates></Point></Placemark>
<Placemark><name>8800971060</name><visibility>0</visibility><LookAt><longitude>-48.424388</longitude><latitude>-7.632409</latitude><altitude>1200.0</altitude><altitudeMode>absolute</altitudeMode></LookAt><styleUrl>#mapDaimonChaveNA</styleUrl><Point><coordinates>-48.424388,-7.632409,0</coordinates></Point></Placemark>
<Placemark><name>8031220060</name><visibility>0</visibility><LookAt><longitude>-48.426663</longitude><latitude>-7.636690</latitude><altitude>1200.0</altitude><altitudeMode>absolute</altitudeMode></LookAt><styleUrl>#mapDaimonChaveNA</styleUrl><Point><coordinates>-48.426663,-7.636690,0</coordinates></Point></Placemark>
<Placemark><name>8852673060</name><visibility>0</visibility><LookAt><longitude>-48.424887</longitude><latitude>-7.629006</latitude><altitude>1200.0</altitude><altitudeMode>absolute</altitudeMode></LookAt><styleUrl>#mapDaimonChaveNA</styleUrl><Point><coordinates>-48.424887,-7.629006,0</coordinates></Point></Placemark>
<Placemark><name>8034391060</name><visibility>0</visibility><LookAt><longitude>-48.419282</longitude><latitude>-7.632927</latitude><altitude>1200.0</altitude><altitudeMode>absolute</altitudeMode></LookAt><styleUrl>#mapDaimonChaveNA</styleUrl><Point><coordinates>-48.419282,-7.632927,0</coordinates></Point></Placemark>
<Placemark><name>8810085060</name><visibility>0</visibility><LookAt><longitude>-48.420166</longitude><latitude>-7.632798</latitude><altitude>1200.0</altitude><altitudeMode>absolute</altitudeMode></LookAt><styleUrl>#mapDaimonChaveNA</styleUrl><Point><coordinates>-48.420166,-7.632798,0</coordinates></Point></Placemark>
</Folder>
<Folder>
<name>EP</name>
<visibility>0</visibility>
<Placemark><name>5610186060</name><visibility>0</visibility><LookAt><longitude>-48.404504</longitude><latitude>-7.647531</latitude><altitude>1200.0</altitude><altitudeMode>absolute</altitudeMode></LookAt><styleUrl>#mapDaimonEP</styleUrl><Point><coordinates>-48.404504,-7.647531,0</coordinates></Point></Placemark>
<Placemark><name>5600023060</name><visibility>0</visibility><LookAt><longitude>-48.416465</longitude><latitude>-7.633932</latitude><altitude>1200.0</altitude><altitudeMode>absolute</altitudeMode></LookAt><styleUrl>#mapDaimonEP</styleUrl><Point><coordinates>-48.416465,-7.633932,0</coordinates></Point></Placemark>
<Placemark><name>5600955060</name><visibility>0</visibility><LookAt><longitude>-48.426102</longitude><latitude>-7.640864</latitude><altitude>1200.0</altitude><altitudeMode>absolute</altitudeMode></LookAt><styleUrl>#mapDaimonEP</styleUrl><Point><coordinates>-48.426102,-7.640864,0</coordinates></Point></Placemark>
<Placemark><name>5600014060</name><visibility>0</visibility><LookAt><longitude>-48.443811</longitude><latitude>-7.726592</latitude><altitude>1200.0</altitude><altitudeMode>absolute</altitudeMode></LookAt><styleUrl>#mapDaimonEP</styleUrl><Point><coordinates>-48.443811,-7.726592,0</coordinates></Point></Placemark>
</Folder>
<Folder>
<name>ET</name>
<visibility>0</visibility>
<Placemark><name>5749202060</name><visibility>0</visibility><LookAt><longitude>-48.425320</longitude><latitude>-7.627599</latitude><altitude>1200.0</altitude><altitudeMode>absolute</altitudeMode></LookAt><styleUrl>#mapDaimonET</styleUrl><Point><coordinates>-48.425320,-7.627599,0</coordinates></Point></Placemark>
<Placemark><name>5701903060</name><visibility>0</visibility><LookAt><longitude>-48.424248</longitude><latitude>-7.629506</latitude><altitude>1200.0</altitude><altitudeMode>absolute</altitudeMode></LookAt><styleUrl>#mapDaimonET</styleUrl><Point><coordinates>-48.424248,-7.629506,0</coordinates></Point></Placemark>
<Placemark><name>5701906060</name><visibility>0</visibility><LookAt><longitude>-48.424064</longitude><latitude>-7.625715</latitude><altitude>1200.0</altitude><altitudeMode>absolute</altitudeMode></LookAt><styleUrl>#mapDaimonET</styleUrl><Point><coordinates>-48.424064,-7.625715,0</coordinates></Point></Placemark>
<Placemark><name>5701904060</name><visibility>0</visibility><LookAt><longitude>-48.425249</longitude><latitude>-7.628994</latitude><altitude>1200.0</altitude><altitudeMode>absolute</altitudeMode></LookAt><styleUrl>#mapDaimonET</styleUrl><Point><coordinates>-48.425249,-7.628994,0</coordinates></Point></Placemark>
<Placemark><name>5701907060</name><visibility>0</visibility><LookAt><longitude>-48.423994</longitude><latitude>-7.624188</latitude><altitude>1200.0</altitude><altitudeMode>absolute</altitudeMode></LookAt><styleUrl>#mapDaimonET</styleUrl><Point><coordinates>-48.423994,-7.624188,0</coordinates></Point></Placemark>
<Placemark><name>5701905060</name><visibility>0</visibility><LookAt><longitude>-48.425451</longitude><latitude>-7.626264</latitude><altitude>1200.0</altitude><altitudeMode>absolute</altitudeMode></LookAt><styleUrl>#mapDaimonET</styleUrl><Point><coordinates>-48.425451,-7.626264,0</coordinates></Point></Placemark>
<Placemark><name>5700075060</name><visibility>0</visibility><LookAt><longitude>-48.424355</longitude><latitude>-7.631737</latitude><altitude>1200.0</altitude><altitudeMode>absolute</altitudeMode></LookAt><styleUrl>#mapDaimonET</styleUrl><Point><coordinates>-48.424355,-7.631737,0</coordinates></Point></Placemark>
<Placemark><name>5701899060</name><visibility>0</visibility><LookAt><longitude>-48.426432</longitude><latitude>-7.621769</latitude><altitude>1200.0</altitude><altitudeMode>absolute</altitudeMode></LookAt><styleUrl>#mapDaimonET</styleUrl><Point><coordinates>-48.426432,-7.621769,0</coordinates></Point></Placemark>
<Placemark><name>5700011060</name><visibility>0</visibility><LookAt><longitude>-48.426565</longitude><latitude>-7.632581</latitude><altitude>1200.0</altitude><altitudeMode>absolute</altitudeMode></LookAt><styleUrl>#mapDaimonET</styleUrl><Point><coordinates>-48.426565,-7.632581,0</coordinates></Point></Placemark>
<Placemark><name>5700953060</name><visibility>0</visibility><LookAt><longitude>-48.422625</longitude><latitude>-7.633172</latitude><altitude>1200.0</altitude><altitudeMode>absolute</altitudeMode></LookAt><styleUrl>#mapDaimonET</styleUrl><Point><coordinates>-48.422625,-7.633172,0</coordinates></Point></Placemark>
<Placemark><name>5700018060</name><visibility>0</visibility><LookAt><longitude>-48.421174</longitude><latitude>-7.632831</latitude><altitude>1200.0</altitude><altitudeMode>absolute</altitudeMode></LookAt><styleUrl>#mapDaimonET</styleUrl><Point><coordinates>-48.421174,-7.632831,0</coordinates></Point></Placemark>
<Placemark><name>5765028060</name><visibility>0</visibility><LookAt><longitude>-48.419543</longitude><latitude>-7.632913</latitude><altitude>1200.0</altitude><altitudeMode>absolute</altitudeMode></LookAt><styleUrl>#mapDaimonET</styleUrl><Point><coordinates>-48.419543,-7.632913,0</coordinates></Point></Placemark>
<Placemark><name>5700074060</name><visibility>0</visibility><LookAt><longitude>-48.423643</longitude><latitude>-7.627687</latitude><altitude>1200.0</altitude><altitudeMode>absolute</altitudeMode></LookAt><styleUrl>#mapDaimonET</styleUrl><Point><coordinates>-48.423643,-7.627687,0</coordinates></Point></Placemark>
<Placemark><name>5600091060</name><visibility>0</visibility><LookAt><longitude>-48.425923</longitude><latitude>-7.627937</latitude><altitude>1200.0</altitude><altitudeMode>absolute</altitudeMode></LookAt><styleUrl>#mapDaimonET</styleUrl><Point><coordinates>-48.425923,-7.627937,0</coordinates></Point></Placemark>
<Placemark><name>5700078060</name><visibility>0</visibility><LookAt><longitude>-48.424457</longitude><latitude>-7.633857</latitude><altitude>1200.0</altitude><altitudeMode>absolute</altitudeMode></LookAt><styleUrl>#mapDaimonET</styleUrl><Point><coordinates>-48.424457,-7.633857,0</coordinates></Point></Placemark>
<Placemark><name>5762725060</name><visibility>0</visibility><LookAt><longitude>-48.416199</longitude><latitude>-7.635951</latitude><altitude>1200.0</altitude><altitudeMode>absolute</altitudeMode></LookAt><styleUrl>#mapDaimonET</styleUrl><Point><coordinates>-48.416199,-7.635951,0</coordinates></Point></Placemark>
<Placemark><name>5713325060</name><visibility>0</visibility><LookAt><longitude>-48.416084</longitude><latitude>-7.639585</latitude><altitude>1200.0</altitude><altitudeMode>absolute</altitudeMode></LookAt><styleUrl>#mapDaimonET</styleUrl><Point><coordinates>-48.416084,-7.639585,0</coordinates></Point></Placemark>
<Placemark><name>5700031060</name><visibility>0</visibility><LookAt><longitude>-48.416132</longitude><latitude>-7.640892</latitude><altitude>1200.0</altitude><altitudeMode>absolute</altitudeMode></LookAt><styleUrl>#mapDaimonET</styleUrl><Point><coordinates>-48.416132,-7.640892,0</coordinates></Point></Placemark>
<Placemark><name>5701017060</name><visibility>0</visibility><LookAt><longitude>-48.422196</longitude><latitude>-7.632959</latitude><altitude>1200.0</altitude><altitudeMode>absolute</altitudeMode></LookAt><styleUrl>#mapDaimonET</styleUrl><Point><coordinates>-48.422196,-7.632959,0</coordinates></Point></Placemark>
<Placemark><name>5700952060</name><visibility>0</visibility><LookAt><longitude>-48.422772</longitude><latitude>-7.636974</latitude><altitude>1200.0</altitude><altitudeMode>absolute</altitudeMode></LookAt><styleUrl>#mapDaimonET</styleUrl><Point><coordinates>-48.422772,-7.636974,0</coordinates></Point></Placemark>
<Placemark><name>5700960060</name><visibility>0</visibility><LookAt><longitude>-48.420839</longitude><latitude>-7.634364</latitude><altitude>1200.0</altitude><altitudeMode>absolute</altitudeMode></LookAt><styleUrl>#mapDaimonET</styleUrl><Point><coordinates>-48.420839,-7.634364,0</coordinates></Point></Placemark>
<Placemark><name>5756806060</name><visibility>0</visibility><LookAt><longitude>-48.420897</longitude><latitude>-7.635618</latitude><altitude>1200.0</altitude><altitudeMode>absolute</altitudeMode></LookAt><styleUrl>#mapDaimonET</styleUrl><Point><coordinates>-48.420897,-7.635618,0</coordinates></Point></Placemark>
<Placemark><name>5700010060</name><visibility>0</visibility><LookAt><longitude>-48.421739</longitude><latitude>-7.629109</latitude><altitude>1200.0</altitude><altitudeMode>absolute</altitudeMode></LookAt><styleUrl>#mapDaimonET</styleUrl><Point><coordinates>-48.421739,-7.629109,0</coordinates></Point></Placemark>
<Placemark><name>5766886060</name><visibility>0</visibility><LookAt><longitude>-48.422547</longitude><latitude>-7.632124</latitude><altitude>1200.0</altitude><altitudeMode>absolute</altitudeMode></LookAt><styleUrl>#mapDaimonET</styleUrl><Point><coordinates>-48.422547,-7.632124,0</coordinates></Point></Placemark>
<Placemark><name>5747755060</name><visibility>0</visibility><LookAt><longitude>-48.412548</longitude><latitude>-7.636361</latitude><altitude>1200.0</altitude><altitudeMode>absolute</altitudeMode></LookAt><styleUrl>#mapDaimonET</styleUrl><Point><coordinates>-48.412548,-7.636361,0</coordinates></Point></Placemark>
<Placemark><name>5713326060</name><visibility>0</visibility><LookAt><longitude>-48.415459</longitude><latitude>-7.643369</latitude><altitude>1200.0</altitude><altitudeMode>absolute</altitudeMode></LookAt><styleUrl>#mapDaimonET</styleUrl><Point><coordinates>-48.415459,-7.643369,0</coordinates></Point></Placemark>
<Placemark><name>5600036060</name><visibility>0</visibility><LookAt><longitude>-48.420688</longitude><latitude>-7.634750</latitude><altitude>1200.0</altitude><altitudeMode>absolute</altitudeMode></LookAt><styleUrl>#mapDaimonET</styleUrl><Point><coordinates>-48.420688,-7.634750,0</coordinates></Point></Placemark>
<Placemark><name>5719217060</name><visibility>0</visibility><LookAt><longitude>-48.413607</longitude><latitude>-7.642724</latitude><altitude>1200.0</altitude><altitudeMode>absolute</altitudeMode></LookAt><styleUrl>#mapDaimonET</styleUrl><Point><coordinates>-48.413607,-7.642724,0</coordinates></Point></Placemark>
<Placemark><name>5719218060</name><visibility>0</visibility><LookAt><longitude>-48.413514</longitude><latitude>-7.640600</latitude><altitude>1200.0</altitude><altitudeMode>absolute</altitudeMode></LookAt><styleUrl>#mapDaimonET</styleUrl><Point><coordinates>-48.413514,-7.640600,0</coordinates></Point></Placemark>
<Placemark><name>5700755060</name><visibility>0</visibility><LookAt><longitude>-48.418966</longitude><latitude>-7.642862</latitude><altitude>1200.0</altitude><altitudeMode>absolute</altitudeMode></LookAt><styleUrl>#mapDaimonET</styleUrl><Point><coordinates>-48.418966,-7.642862,0</coordinates></Point></Placemark>
<Placemark><name>5700756060</name><visibility>0</visibility><LookAt><longitude>-48.418582</longitude><latitude>-7.642082</latitude><altitude>1200.0</altitude><altitudeMode>absolute</altitudeMode></LookAt><styleUrl>#mapDaimonET</styleUrl><Point><coordinates>-48.418582,-7.642082,0</coordinates></Point></Placemark>
<Placemark><name>5700032060</name><visibility>0</visibility><LookAt><longitude>-48.417191</longitude><latitude>-7.643783</latitude><altitude>1200.0</altitude><altitudeMode>absolute</altitudeMode></LookAt><styleUrl>#mapDaimonET</styleUrl><Point><coordinates>-48.417191,-7.643783,0</coordinates></Point></Placemark>
<Placemark><name>5700027060</name><visibility>0</visibility><LookAt><longitude>-48.415359</longitude><latitude>-7.637680</latitude><altitude>1200.0</altitude><altitudeMode>absolute</altitudeMode></LookAt><styleUrl>#mapDaimonET</styleUrl><Point><coordinates>-48.415359,-7.637680,0</coordinates></Point></Placemark>
<Placemark><name>5700841060</name><visibility>0</visibility><LookAt><longitude>-48.417696</longitude><latitude>-7.637810</latitude><altitude>1200.0</altitude><altitudeMode>absolute</altitudeMode></LookAt><styleUrl>#mapDaimonET</styleUrl><Point><coordinates>-48.417696,-7.637810,0</coordinates></Point></Placemark>
<Placemark><name>5700086060</name><visibility>0</visibility><LookAt><longitude>-48.418817</longitude><latitude>-7.632950</latitude><altitude>1200.0</altitude><altitudeMode>absolute</altitudeMode></LookAt><styleUrl>#mapDaimonET</styleUrl><Point><coordinates>-48.418817,-7.632950,0</coordinates></Point></Placemark>
<Placemark><name>5752870060</name><visibility>0</visibility><LookAt><longitude>-48.418575</longitude><latitude>-7.635853</latitude><altitude>1200.0</altitude><altitudeMode>absolute</altitudeMode></LookAt><styleUrl>#mapDaimonET</styleUrl><Point><coordinates>-48.418575,-7.635853,0</coordinates></Point></Placemark>
<Placemark><name>5700024060</name><visibility>0</visibility><LookAt><longitude>-48.418611</longitude><latitude>-7.636524</latitude><altitude>1200.0</altitude><altitudeMode>absolute</altitudeMode></LookAt><styleUrl>#mapDaimonET</styleUrl><Point><coordinates>-48.418611,-7.636524,0</coordinates></Point></Placemark>
<Placemark><name>5700029060</name><visibility>0</visibility><LookAt><longitude>-48.420525</longitude><latitude>-7.640349</latitude><altitude>1200.0</altitude><altitudeMode>absolute</altitudeMode></LookAt><styleUrl>#mapDaimonET</styleUrl><Point><coordinates>-48.420525,-7.640349,0</coordinates></Point></Placemark>
<Placemark><name>5713327060</name><visibility>0</visibility><LookAt><longitude>-48.423275</longitude><latitude>-7.639492</latitude><altitude>1200.0</altitude><altitudeMode>absolute</altitudeMode></LookAt><styleUrl>#mapDaimonET</styleUrl><Point><coordinates>-48.423275,-7.639492,0</coordinates></Point></Placemark>
<Placemark><name>5700013060</name><visibility>0</visibility><LookAt><longitude>-48.427302</longitude><latitude>-7.640212</latitude><altitude>1200.0</altitude><altitudeMode>absolute</altitudeMode></LookAt><styleUrl>#mapDaimonET</styleUrl><Point><coordinates>-48.427302,-7.640212,0</coordinates></Point></Placemark>
<Placemark><name>5700962060</name><visibility>0</visibility><LookAt><longitude>-48.427871</longitude><latitude>-7.644250</latitude><altitude>1200.0</altitude><altitudeMode>absolute</altitudeMode></LookAt><styleUrl>#mapDaimonET</styleUrl><Point><coordinates>-48.427871,-7.644250,0</coordinates></Point></Placemark>
<Placemark><name>5701916060</name><visibility>0</visibility><LookAt><longitude>-48.426055</longitude><latitude>-7.644059</latitude><altitude>1200.0</altitude><altitudeMode>absolute</altitudeMode></LookAt><styleUrl>#mapDaimonET</styleUrl><Point><coordinates>-48.426055,-7.644059,0</coordinates></Point></Placemark>
<Placemark><name>5730412060</name><visibility>0</visibility><LookAt><longitude>-48.413093</longitude><latitude>-7.631876</latitude><altitude>1200.0</altitude><altitudeMode>absolute</altitudeMode></LookAt><styleUrl>#mapDaimonET</styleUrl><Point><coordinates>-48.413093,-7.631876,0</coordinates></Point></Placemark>
<Placemark><name>5600943060</name><visibility>0</visibility><LookAt><longitude>-48.425979</longitude><latitude>-7.642842</latitude><altitude>1200.0</altitude><altitudeMode>absolute</altitudeMode></LookAt><styleUrl>#mapDaimonET</styleUrl><Point><coordinates>-48.425979,-7.642842,0</coordinates></Point></Placemark>
<Placemark><name>5700193060</name><visibility>0</visibility><LookAt><longitude>-48.413937</longitude><latitude>-7.638319</latitude><altitude>1200.0</altitude><altitudeMode>absolute</altitudeMode></LookAt><styleUrl>#mapDaimonET</styleUrl><Point><coordinates>-48.413937,-7.638319,0</coordinates></Point></Placemark>
<Placemark><name>5700761060</name><visibility>0</visibility><LookAt><longitude>-48.399653</longitude><latitude>-7.632961</latitude><altitude>1200.0</altitude><altitudeMode>absolute</altitudeMode></LookAt><styleUrl>#mapDaimonET</styleUrl><Point><coordinates>-48.399653,-7.632961,0</coordinates></Point></Placemark>
<Placemark><name>5710177060</name><visibility>0</visibility><LookAt><longitude>-48.407285</longitude><latitude>-7.638197</latitude><altitude>1200.0</altitude><altitudeMode>absolute</altitudeMode></LookAt><styleUrl>#mapDaimonET</styleUrl><Point><coordinates>-48.407285,-7.638197,0</coordinates></Point></Placemark>
<Placemark><name>5710178060</name><visibility>0</visibility><LookAt><longitude>-48.402085</longitude><latitude>-7.638517</latitude><altitude>1200.0</altitude><altitudeMode>absolute</altitudeMode></LookAt><styleUrl>#mapDaimonET</styleUrl><Point><coordinates>-48.402085,-7.638517,0</coordinates></Point></Placemark>
<Placemark><name>5700084060</name><visibility>0</visibility><LookAt><longitude>-48.416540</longitude><latitude>-7.631111</latitude><altitude>1200.0</altitude><altitudeMode>absolute</altitudeMode></LookAt><styleUrl>#mapDaimonET</styleUrl><Point><coordinates>-48.416540,-7.631111,0</coordinates></Point></Placemark>
<Placemark><name>5600020060</name><visibility>0</visibility><LookAt><longitude>-48.416665</longitude><latitude>-7.631037</latitude><altitude>1200.0</altitude><altitudeMode>absolute</altitudeMode></LookAt><styleUrl>#mapDaimonET</styleUrl><Point><coordinates>-48.416665,-7.631037,0</coordinates></Point></Placemark>
<Placemark><name>5701225060</name><visibility>0</visibility><LookAt><longitude>-48.412723</longitude><latitude>-7.627944</latitude><altitude>1200.0</altitude><altitudeMode>absolute</altitudeMode></LookAt><styleUrl>#mapDaimonET</styleUrl><Point><coordinates>-48.412723,-7.627944,0</coordinates></Point></Placemark>
<Placemark><name>5701019060</name><visibility>0</visibility><LookAt><longitude>-48.414438</longitude><latitude>-7.627717</latitude><altitude>1200.0</altitude><altitudeMode>absolute</altitudeMode></LookAt><styleUrl>#mapDaimonET</styleUrl><Point><coordinates>-48.414438,-7.627717,0</coordinates></Point></Placemark>
<Placemark><name>5125126060</name><visibility>0</visibility><LookAt><longitude>-48.426421</longitude><latitude>-7.648950</latitude><altitude>1200.0</altitude><altitudeMode>absolute</altitudeMode></LookAt><styleUrl>#mapDaimonET</styleUrl><Point><coordinates>-48.426421,-7.648950,0</coordinates></Point></Placemark>
<Placemark><name>5700039060</name><visibility>0</visibility><LookAt><longitude>-48.424831</longitude><latitude>-7.660605</latitude><altitude>1200.0</altitude><altitudeMode>absolute</altitudeMode></LookAt><styleUrl>#mapDaimonET</styleUrl><Point><coordinates>-48.424831,-7.660605,0</coordinates></Point></Placemark>
<Placemark><name>5700038060</name><visibility>0</visibility><LookAt><longitude>-48.426000</longitude><latitude>-7.651906</latitude><altitude>1200.0</altitude><altitudeMode>absolute</altitudeMode></LookAt><styleUrl>#mapDaimonET</styleUrl><Point><coordinates>-48.426000,-7.651906,0</coordinates></Point></Placemark>
<Placemark><name>5700461060</name><visibility>0</visibility><LookAt><longitude>-48.426811</longitude><latitude>-7.659840</latitude><altitude>1200.0</altitude><altitudeMode>absolute</altitudeMode></LookAt><styleUrl>#mapDaimonET</styleUrl><Point><coordinates>-48.426811,-7.659840,0</coordinates></Point></Placemark>
<Placemark><name>5700980060</name><visibility>0</visibility><LookAt><longitude>-48.443811</longitude><latitude>-7.725670</latitude><altitude>1200.0</altitude><altitudeMode>absolute</altitudeMode></LookAt><styleUrl>#mapDaimonET</styleUrl><Point><coordinates>-48.443811,-7.725670,0</coordinates></Point></Placemark>
<Placemark><name>5765036060</name><visibility>0</visibility><LookAt><longitude>-48.432316</longitude><latitude>-7.690561</latitude><altitude>1200.0</altitude><altitudeMode>absolute</altitudeMode></LookAt><styleUrl>#mapDaimonET</styleUrl><Point><coordinates>-48.432316,-7.690561,0</coordinates></Point></Placemark>
<Placemark><name>5700460060</name><visibility>0</visibility><LookAt><longitude>-48.427144</longitude><latitude>-7.652930</latitude><altitude>1200.0</altitude><altitudeMode>absolute</altitudeMode></LookAt><styleUrl>#mapDaimonET</styleUrl><Point><coordinates>-48.427144,-7.652930,0</coordinates></Point></Placemark>
<Placemark><name>5710323060</name><visibility>0</visibility><LookAt><longitude>-48.420022</longitude><latitude>-7.703869</latitude><altitude>1200.0</altitude><altitudeMode>absolute</altitudeMode></LookAt><styleUrl>#mapDaimonET</styleUrl><Point><coordinates>-48.420022,-7.703869,0</coordinates></Point></Placemark>
<Placemark><name>5710322060</name><visibility>0</visibility><LookAt><longitude>-48.417988</longitude><latitude>-7.698482</latitude><altitude>1200.0</altitude><altitudeMode>absolute</altitudeMode></LookAt><styleUrl>#mapDaimonET</styleUrl><Point><coordinates>-48.417988,-7.698482,0</coordinates></Point></Placemark>
<Placemark><name>5710321060</name><visibility>0</visibility><LookAt><longitude>-48.421273</longitude><latitude>-7.693251</latitude><altitude>1200.0</altitude><altitudeMode>absolute</altitudeMode></LookAt><styleUrl>#mapDaimonET</styleUrl><Point><coordinates>-48.421273,-7.693251,0</coordinates></Point></Placemark>
<Placemark><name>5710324060</name><visibility>0</visibility><LookAt><longitude>-48.424177</longitude><latitude>-7.711103</latitude><altitude>1200.0</altitude><altitudeMode>absolute</altitudeMode></LookAt><styleUrl>#mapDaimonET</styleUrl><Point><coordinates>-48.424177,-7.711103,0</coordinates></Point></Placemark>
<Placemark><name>5710320060</name><visibility>0</visibility><LookAt><longitude>-48.417172</longitude><latitude>-7.681504</latitude><altitude>1200.0</altitude><altitudeMode>absolute</altitudeMode></LookAt><styleUrl>#mapDaimonET</styleUrl><Point><coordinates>-48.417172,-7.681504,0</coordinates></Point></Placemark>
<Placemark><name>5710333060</name><visibility>0</visibility><LookAt><longitude>-48.414523</longitude><latitude>-7.689468</latitude><altitude>1200.0</altitude><altitudeMode>absolute</altitudeMode></LookAt><styleUrl>#mapDaimonET</styleUrl><Point><coordinates>-48.414523,-7.689468,0</coordinates></Point></Placemark>
<Placemark><name>5710330060</name><visibility>0</visibility><LookAt><longitude>-48.415780</longitude><latitude>-7.682774</latitude><altitude>1200.0</altitude><altitudeMode>absolute</altitudeMode></LookAt><styleUrl>#mapDaimonET</styleUrl><Point><coordinates>-48.415780,-7.682774,0</coordinates></Point></Placemark>
<Placemark><name>5710319060</name><visibility>0</visibility><LookAt><longitude>-48.422846</longitude><latitude>-7.668987</latitude><altitude>1200.0</altitude><altitudeMode>absolute</altitudeMode></LookAt><styleUrl>#mapDaimonET</styleUrl><Point><coordinates>-48.422846,-7.668987,0</coordinates></Point></Placemark>
<Placemark><name>5710326060</name><visibility>0</visibility><LookAt><longitude>-48.410747</longitude><latitude>-7.666171</latitude><altitude>1200.0</altitude><altitudeMode>absolute</altitudeMode></LookAt><styleUrl>#mapDaimonET</styleUrl><Point><coordinates>-48.410747,-7.666171,0</coordinates></Point></Placemark>
<Placemark><name>5710325060</name><visibility>0</visibility><LookAt><longitude>-48.414413</longitude><latitude>-7.659911</latitude><altitude>1200.0</altitude><altitudeMode>absolute</altitudeMode></LookAt><styleUrl>#mapDaimonET</styleUrl><Point><coordinates>-48.414413,-7.659911,0</coordinates></Point></Placemark>
<Placemark><name>5710339060</name><visibility>0</visibility><LookAt><longitude>-48.436655</longitude><latitude>-7.717503</latitude><altitude>1200.0</altitude><altitudeMode>absolute</altitudeMode></LookAt><styleUrl>#mapDaimonET</styleUrl><Point><coordinates>-48.436655,-7.717503,0</coordinates></Point></Placemark>
<Placemark><name>5701886060</name><visibility>0</visibility><LookAt><longitude>-48.442044</longitude><latitude>-7.719580</latitude><altitude>1200.0</altitude><altitudeMode>absolute</altitudeMode></LookAt><styleUrl>#mapDaimonET</styleUrl><Point><coordinates>-48.442044,-7.719580,0</coordinates></Point></Placemark>
<Placemark><name>5700040060</name><visibility>0</visibility><LookAt><longitude>-48.431733</longitude><latitude>-7.696422</latitude><altitude>1200.0</altitude><altitudeMode>absolute</altitudeMode></LookAt><styleUrl>#mapDaimonET</styleUrl><Point><coordinates>-48.431733,-7.696422,0</coordinates></Point></Placemark>
<Placemark><name>5700042060</name><visibility>0</visibility><LookAt><longitude>-48.443938</longitude><latitude>-7.724829</latitude><altitude>1200.0</altitude><altitudeMode>absolute</altitudeMode></LookAt><styleUrl>#mapDaimonET</styleUrl><Point><coordinates>-48.443938,-7.724829,0</coordinates></Point></Placemark>
<Placemark><name>5710329060</name><visibility>0</visibility><LookAt><longitude>-48.409852</longitude><latitude>-7.675418</latitude><altitude>1200.0</altitude><altitudeMode>absolute</altitudeMode></LookAt><styleUrl>#mapDaimonET</styleUrl><Point><coordinates>-48.409852,-7.675418,0</coordinates></Point></Placemark>
<Placemark><name>5710331060</name><visibility>0</visibility><LookAt><longitude>-48.418760</longitude><latitude>-7.685645</latitude><altitude>1200.0</altitude><altitudeMode>absolute</altitudeMode></LookAt><styleUrl>#mapDaimonET</styleUrl><Point><coordinates>-48.418760,-7.685645,0</coordinates></Point></Placemark>
<Placemark><name>5710332060</name><visibility>0</visibility><LookAt><longitude>-48.425616</longitude><latitude>-7.686003</latitude><altitude>1200.0</altitude><altitudeMode>absolute</altitudeMode></LookAt><styleUrl>#mapDaimonET</styleUrl><Point><coordinates>-48.425616,-7.686003,0</coordinates></Point></Placemark>
<Placemark><name>5710327060</name><visibility>0</visibility><LookAt><longitude>-48.410073</longitude><latitude>-7.671495</latitude><altitude>1200.0</altitude><altitudeMode>absolute</altitudeMode></LookAt><styleUrl>#mapDaimonET</styleUrl><Point><coordinates>-48.410073,-7.671495,0</coordinates></Point></Placemark>
<Placemark><name>5701151060</name><visibility>0</visibility><LookAt><longitude>-48.406290</longitude><latitude>-7.693226</latitude><altitude>1200.0</altitude><altitudeMode>absolute</altitudeMode></LookAt><styleUrl>#mapDaimonET</styleUrl><Point><coordinates>-48.406290,-7.693226,0</coordinates></Point></Placemark>
<Placemark><name>5701153060</name><visibility>0</visibility><LookAt><longitude>-48.411335</longitude><latitude>-7.703139</latitude><altitude>1200.0</altitude><altitudeMode>absolute</altitudeMode></LookAt><styleUrl>#mapDaimonET</styleUrl><Point><coordinates>-48.411335,-7.703139,0</coordinates></Point></Placemark>
<Placemark><name>5701143060</name><visibility>0</visibility><LookAt><longitude>-48.406980</longitude><latitude>-7.707253</latitude><altitude>1200.0</altitude><altitudeMode>absolute</altitudeMode></LookAt><styleUrl>#mapDaimonET</styleUrl><Point><coordinates>-48.406980,-7.707253,0</coordinates></Point></Placemark>
<Placemark><name>5701144060</name><visibility>0</visibility><LookAt><longitude>-48.396979</longitude><latitude>-7.714136</latitude><altitude>1200.0</altitude><altitudeMode>absolute</altitudeMode></LookAt><styleUrl>#mapDaimonET</styleUrl><Point><coordinates>-48.396979,-7.714136,0</coordinates></Point></Placemark>
<Placemark><name>5701155060</name><visibility>0</visibility><LookAt><longitude>-48.400168</longitude><latitude>-7.716397</latitude><altitude>1200.0</altitude><altitudeMode>absolute</altitudeMode></LookAt><styleUrl>#mapDaimonET</styleUrl><Point><coordinates>-48.400168,-7.716397,0</coordinates></Point></Placemark>
<Placemark><name>5701145060</name><visibility>0</visibility><LookAt><longitude>-48.395862</longitude><latitude>-7.720479</latitude><altitude>1200.0</altitude><altitudeMode>absolute</altitudeMode></LookAt><styleUrl>#mapDaimonET</styleUrl><Point><coordinates>-48.395862,-7.720479,0</coordinates></Point></Placemark>
<Placemark><name>5701154060</name><visibility>0</visibility><LookAt><longitude>-48.392731</longitude><latitude>-7.724017</latitude><altitude>1200.0</altitude><altitudeMode>absolute</altitudeMode></LookAt><styleUrl>#mapDaimonET</styleUrl><Point><coordinates>-48.392731,-7.724017,0</coordinates></Point></Placemark>
<Placemark><name>5701157060</name><visibility>0</visibility><LookAt><longitude>-48.401000</longitude><latitude>-7.721984</latitude><altitude>1200.0</altitude><altitudeMode>absolute</altitudeMode></LookAt><styleUrl>#mapDaimonET</styleUrl><Point><coordinates>-48.401000,-7.721984,0</coordinates></Point></Placemark>
<Placemark><name>5710328060</name><visibility>0</visibility><LookAt><longitude>-48.407694</longitude><latitude>-7.673200</latitude><altitude>1200.0</altitude><altitudeMode>absolute</altitudeMode></LookAt><styleUrl>#mapDaimonET</styleUrl><Point><coordinates>-48.407694,-7.673200,0</coordinates></Point></Placemark>
<Placemark><name>5710334060</name><visibility>0</visibility><LookAt><longitude>-48.420794</longitude><latitude>-7.691683</latitude><altitude>1200.0</altitude><altitudeMode>absolute</altitudeMode></LookAt><styleUrl>#mapDaimonET</styleUrl><Point><coordinates>-48.420794,-7.691683,0</coordinates></Point></Placemark>
<Placemark><name>5710341060</name><visibility>0</visibility><LookAt><longitude>-48.436331</longitude><latitude>-7.721281</latitude><altitude>1200.0</altitude><altitudeMode>absolute</altitudeMode></LookAt><styleUrl>#mapDaimonET</styleUrl><Point><coordinates>-48.436331,-7.721281,0</coordinates></Point></Placemark>
<Placemark><name>5710337060</name><visibility>0</visibility><LookAt><longitude>-48.433593</longitude><latitude>-7.703427</latitude><altitude>1200.0</altitude><altitudeMode>absolute</altitudeMode></LookAt><styleUrl>#mapDaimonET</styleUrl><Point><coordinates>-48.433593,-7.703427,0</coordinates></Point></Placemark>
<Placemark><name>5710336060</name><visibility>0</visibility><LookAt><longitude>-48.428971</longitude><latitude>-7.703819</latitude><altitude>1200.0</altitude><altitudeMode>absolute</altitudeMode></LookAt><styleUrl>#mapDaimonET</styleUrl><Point><coordinates>-48.428971,-7.703819,0</coordinates></Point></Placemark>
<Placemark><name>5710364060</name><visibility>0</visibility><LookAt><longitude>-48.427938</longitude><latitude>-7.721615</latitude><altitude>1200.0</altitude><altitudeMode>absolute</altitudeMode></LookAt><styleUrl>#mapDaimonET</styleUrl><Point><coordinates>-48.427938,-7.721615,0</coordinates></Point></Placemark>
<Placemark><name>5701166060</name><visibility>0</visibility><LookAt><longitude>-48.410236</longitude><latitude>-7.688963</latitude><altitude>1200.0</altitude><altitudeMode>absolute</altitudeMode></LookAt><styleUrl>#mapDaimonET</styleUrl><Point><coordinates>-48.410236,-7.688963,0</coordinates></Point></Placemark>
<Placemark><name>5729366060</name><visibility>0</visibility><LookAt><longitude>-48.378279</longitude><latitude>-7.719463</latitude><altitude>1200.0</altitude><altitudeMode>absolute</altitudeMode></LookAt><styleUrl>#mapDaimonET</styleUrl><Point><coordinates>-48.378279,-7.719463,0</coordinates></Point></Placemark>
<Placemark><name>5730278060</name><visibility>0</visibility><LookAt><longitude>-48.373323</longitude><latitude>-7.715981</latitude><altitude>1200.0</altitude><altitudeMode>absolute</altitudeMode></LookAt><styleUrl>#mapDaimonET</styleUrl><Point><coordinates>-48.373323,-7.715981,0</coordinates></Point></Placemark>
<Placemark><name>5737700060</name><visibility>0</visibility><LookAt><longitude>-48.376404</longitude><latitude>-7.726119</latitude><altitude>1200.0</altitude><altitudeMode>absolute</altitudeMode></LookAt><styleUrl>#mapDaimonET</styleUrl><Point><coordinates>-48.376404,-7.726119,0</coordinates></Point></Placemark>
<Placemark><name>5701148060</name><visibility>0</visibility><LookAt><longitude>-48.400215</longitude><latitude>-7.704530</latitude><altitude>1200.0</altitude><altitudeMode>absolute</altitudeMode></LookAt><styleUrl>#mapDaimonET</styleUrl><Point><coordinates>-48.400215,-7.704530,0</coordinates></Point></Placemark>
<Placemark><name>5701150060</name><visibility>0</visibility><LookAt><longitude>-48.396864</longitude><latitude>-7.687783</latitude><altitude>1200.0</altitude><altitudeMode>absolute</altitudeMode></LookAt><styleUrl>#mapDaimonET</styleUrl><Point><coordinates>-48.396864,-7.687783,0</coordinates></Point></Placemark>
<Placemark><name>5701158060</name><visibility>0</visibility><LookAt><longitude>-48.390025</longitude><latitude>-7.695141</latitude><altitude>1200.0</altitude><altitudeMode>absolute</altitudeMode></LookAt><styleUrl>#mapDaimonET</styleUrl><Point><coordinates>-48.390025,-7.695141,0</coordinates></Point></Placemark>
<Placemark><name>5701152060</name><visibility>0</visibility><LookAt><longitude>-48.409910</longitude><latitude>-7.697289</latitude><altitude>1200.0</altitude><altitudeMode>absolute</altitudeMode></LookAt><styleUrl>#mapDaimonET</styleUrl><Point><coordinates>-48.409910,-7.697289,0</coordinates></Point></Placemark>
<Placemark><name>5701160060</name><visibility>0</visibility><LookAt><longitude>-48.405998</longitude><latitude>-7.683436</latitude><altitude>1200.0</altitude><altitudeMode>absolute</altitudeMode></LookAt><styleUrl>#mapDaimonET</styleUrl><Point><coordinates>-48.405998,-7.683436,0</coordinates></Point></Placemark>
<Placemark><name>5701161060</name><visibility>0</visibility><LookAt><longitude>-48.404148</longitude><latitude>-7.676923</latitude><altitude>1200.0</altitude><altitudeMode>absolute</altitudeMode></LookAt><styleUrl>#mapDaimonET</styleUrl><Point><coordinates>-48.404148,-7.676923,0</coordinates></Point></Placemark>
<Placemark><name>5700466060</name><visibility>0</visibility><LookAt><longitude>-48.463392</longitude><latitude>-7.732129</latitude><altitude>1200.0</altitude><altitudeMode>absolute</altitudeMode></LookAt><styleUrl>#mapDaimonET</styleUrl><Point><coordinates>-48.463392,-7.732129,0</coordinates></Point></Placemark>
<Placemark><name>5700465060</name><visibility>0</visibility><LookAt><longitude>-48.452941</longitude><latitude>-7.715816</latitude><altitude>1200.0</altitude><altitudeMode>absolute</altitudeMode></LookAt><styleUrl>#mapDaimonET</styleUrl><Point><coordinates>-48.452941,-7.715816,0</coordinates></Point></Placemark>
<Placemark><name>5730904060</name><visibility>0</visibility><LookAt><longitude>-48.376304</longitude><latitude>-7.722655</latitude><altitude>1200.0</altitude><altitudeMode>absolute</altitudeMode></LookAt><styleUrl>#mapDaimonET</styleUrl><Point><coordinates>-48.376304,-7.722655,0</coordinates></Point></Placemark>
<Placemark><name>5701149060</name><visibility>0</visibility><LookAt><longitude>-48.399101</longitude><latitude>-7.697197</latitude><altitude>1200.0</altitude><altitudeMode>absolute</altitudeMode></LookAt><styleUrl>#mapDaimonET</styleUrl><Point><coordinates>-48.399101,-7.697197,0</coordinates></Point></Placemark>
<Placemark><name>5701163060</name><visibility>0</visibility><LookAt><longitude>-48.392822</longitude><latitude>-7.681599</latitude><altitude>1200.0</altitude><altitudeMode>absolute</altitudeMode></LookAt><styleUrl>#mapDaimonET</styleUrl><Point><coordinates>-48.392822,-7.681599,0</coordinates></Point></Placemark>
</Folder>
<Folder>
<name>Gerador</name>
<visibility>0</visibility>
</Folder>
<Folder>
<name>Reator</name>
<visibility>0</visibility>
</Folder>
<Folder>
<name>Regulador</name>
<visibility>0</visibility>
</Folder>
<Folder>
<name>Transformador</name>
<visibility>0</visibility>
</Folder>
<Folder>
<name>Trecho</name>
<Placemark><name>46551356</name><styleUrl>#styleDaimonCIRCUITO255TRECHO</styleUrl><LineString><coordinates>-48.428692,-7.622221,0 -48.428470,-7.622203,0</coordinates></LineString></Placemark>
<Placemark><name>39634431</name><styleUrl>#styleDaimonCIRCUITO255TRECHO</styleUrl><LineString><coordinates>-48.426588,-7.626203,0 -48.426496,-7.626206,0</coordinates></LineString></Placemark>
<Placemark><name>41155074</name><styleUrl>#styleDaimonCIRCUITO255TRECHO</styleUrl><LineString><coordinates>-48.427204,-7.626182,0 -48.426588,-7.626203,0</coordinates></LineString></Placemark>
<Placemark><name>41157939</name><styleUrl>#styleDaimonCIRCUITO255TRECHO</styleUrl><LineString><coordinates>-48.427222,-7.626181,0 -48.427204,-7.626182,0</coordinates></LineString></Placemark>
<Placemark><name>41155058</name><styleUrl>#styleDaimonCIRCUITO255TRECHO</styleUrl><LineString><coordinates>-48.427216,-7.625675,0 -48.427222,-7.626181,0</coordinates></LineString></Placemark>
<Placemark><name>41155048</name><styleUrl>#styleDaimonCIRCUITO255TRECHO</styleUrl><LineString><coordinates>-48.427222,-7.626181,0 -48.427216,-7.626288,0</coordinates></LineString></Placemark>
<Placemark><name>41157931</name><styleUrl>#styleDaimonCIRCUITO255TRECHO</styleUrl><LineString><coordinates>-48.427216,-7.625653,0 -48.427216,-7.625675,0</coordinates></LineString></Placemark>
<Placemark><name>41157947</name><styleUrl>#styleDaimonCIRCUITO255TRECHO</styleUrl><LineString><coordinates>-48.427216,-7.626288,0 -48.427243,-7.626288,0</coordinates></LineString></Placemark>
<Placemark><name>41155030</name><styleUrl>#styleDaimonCIRCUITO255TRECHO</styleUrl><LineString><coordinates>-48.427271,-7.625620,0 -48.427216,-7.625653,0</coordinates></LineString></Placemark>
<Placemark><name>41155040</name><styleUrl>#styleDaimonCIRCUITO255TRECHO</styleUrl><LineString><coordinates>-48.427498,-7.625442,0 -48.427271,-7.625620,0</coordinates></LineString></Placemark>
<Placemark><name>41157923</name><styleUrl>#styleDaimonCIRCUITO255TRECHO</styleUrl><LineString><coordinates>-48.427514,-7.625422,0 -48.427498,-7.625442,0</coordinates></LineString></Placemark>
<Placemark><name>41155003</name><styleUrl>#styleDaimonCIRCUITO255TRECHO</styleUrl><LineString><coordinates>-48.427827,-7.625082,0 -48.427514,-7.625422,0</coordinates></LineString></Placemark>
<Placemark><name>41155015</name><styleUrl>#styleDaimonCIRCUITO255TRECHO</styleUrl><LineString><coordinates>-48.428199,-7.624677,0 -48.427827,-7.625082,0</coordinates></LineString></Placemark>
<Placemark><name>41155014</name><styleUrl>#styleDaimonCIRCUITO255TRECHO</styleUrl><LineString><coordinates>-48.428538,-7.624313,0 -48.428199,-7.624677,0</coordinates></LineString></Placemark>
<Placemark><name>41157915</name><styleUrl>#styleDaimonCIRCUITO255TRECHO</styleUrl><LineString><coordinates>-48.428536,-7.624290,0 -48.428538,-7.624313,0</coordinates></LineString></Placemark>
<Placemark><name>41154985</name><styleUrl>#styleDaimonCIRCUITO255TRECHO</styleUrl><LineString><coordinates>-48.428557,-7.624111,0 -48.428536,-7.624290,0</coordinates></LineString></Placemark>
<Placemark><name>41154995</name><styleUrl>#styleDaimonCIRCUITO255TRECHO</styleUrl><LineString><coordinates>-48.428584,-7.623862,0 -48.428557,-7.624111,0</coordinates></LineString></Placemark>
<Placemark><name>41157907</name><styleUrl>#styleDaimonCIRCUITO255TRECHO</styleUrl><LineString><coordinates>-48.428584,-7.623839,0 -48.428584,-7.623862,0</coordinates></LineString></Placemark>
<Placemark><name>41154976</name><styleUrl>#styleDaimonCIRCUITO255TRECHO</styleUrl><LineString><coordinates>-48.428461,-7.623489,0 -48.428584,-7.623839,0</coordinates></LineString></Placemark>
<Placemark><name>41157899</name><styleUrl>#styleDaimonCIRCUITO255TRECHO</styleUrl><LineString><coordinates>-48.428459,-7.623469,0 -48.428461,-7.623489,0</coordinates></LineString></Placemark>
<Placemark><name>41154958</name><styleUrl>#styleDaimonCIRCUITO255TRECHO</styleUrl><LineString><coordinates>-48.428453,-7.623204,0 -48.428459,-7.623469,0</coordinates></LineString></Placemark>
<Placemark><name>41154968</name><styleUrl>#styleDaimonCIRCUITO255TRECHO</styleUrl><LineString><coordinates>-48.428450,-7.623021,0 -48.428453,-7.623204,0</coordinates></LineString></Placemark>
<Placemark><name>41157891</name><styleUrl>#styleDaimonCIRCUITO255TRECHO</styleUrl><LineString><coordinates>-48.428451,-7.622994,0 -48.428450,-7.623021,0</coordinates></LineString></Placemark>
<Placemark><name>36278125</name><styleUrl>#styleDaimonCIRCUITO255TRECHO</styleUrl><LineString><coordinates>-48.428458,-7.622954,0 -48.428451,-7.622994,0</coordinates></LineString></Placemark>
<Placemark><name>36278349</name><styleUrl>#styleDaimonCIRCUITO255TRECHO</styleUrl><LineString><coordinates>-48.428450,-7.622930,0 -48.428458,-7.622954,0</coordinates></LineString></Placemark>
<Placemark><name>36278521</name><styleUrl>#styleDaimonCIRCUITO255TRECHO</styleUrl><LineString><coordinates>-48.428458,-7.622954,0 -48.428603,-7.622948,0</coordinates></LineString></Placemark>
<Placemark><name>36278187</name><styleUrl>#styleDaimonCIRCUITO255TRECHO</styleUrl><LineString><coordinates>-48.428237,-7.622896,0 -48.428450,-7.622930,0</coordinates></LineString></Placemark>
<Placemark><name>36278565</name><styleUrl>#styleDaimonCIRCUITO255TRECHO</styleUrl><LineString><coordinates>-48.428223,-7.622887,0 -48.428237,-7.622896,0</coordinates></LineString></Placemark>
<Placemark><name>36278197</name><styleUrl>#styleDaimonCIRCUITO255TRECHO</styleUrl><LineString><coordinates>-48.428116,-7.622801,0 -48.428223,-7.622887,0</coordinates></LineString></Placemark>
<Placemark><name>36278574</name><styleUrl>#styleDaimonCIRCUITO255TRECHO</styleUrl><LineString><coordinates>-48.428105,-7.622792,0 -48.428116,-7.622801,0</coordinates></LineString></Placemark>
<Placemark><name>36278207</name><styleUrl>#styleDaimonCIRCUITO255TRECHO</styleUrl><LineString><coordinates>-48.428070,-7.622434,0 -48.428105,-7.622792,0</coordinates></LineString></Placemark>
<Placemark><name>36278217</name><styleUrl>#styleDaimonCIRCUITO255TRECHO</styleUrl><LineString><coordinates>-48.428057,-7.622198,0 -48.428070,-7.622434,0</coordinates></LineString></Placemark>
<Placemark><name>36278388</name><styleUrl>#styleDaimonCIRCUITO255TRECHO</styleUrl><LineString><coordinates>-48.428055,-7.622174,0 -48.428057,-7.622198,0</coordinates></LineString></Placemark>
<Placemark><name>36277996</name><styleUrl>#styleDaimonCIRCUITO255TRECHO</styleUrl><LineString><coordinates>-48.428429,-7.622201,0 -48.428055,-7.622174,0</coordinates></LineString></Placemark>
<Placemark><name>41155161</name><styleUrl>#styleDaimonCIRCUITO255TRECHO</styleUrl><LineString><coordinates>-48.426271,-7.626218,0 -48.426236,-7.626251,0</coordinates></LineString></Placemark>
<Placemark><name>41155083</name><styleUrl>#styleDaimonCIRCUITO255TRECHO</styleUrl><LineString><coordinates>-48.426474,-7.626208,0 -48.426271,-7.626218,0</coordinates></LineString></Placemark>
<Placemark><name>41155090</name><styleUrl>#styleDaimonCIRCUITO255TRECHO</styleUrl><LineString><coordinates>-48.426270,-7.626217,0 -48.426251,-7.626205,0</coordinates></LineString></Placemark>
<Placemark><name>41155105</name><styleUrl>#styleDaimonCIRCUITO255TRECHO</styleUrl><LineString><coordinates>-48.426249,-7.626206,0 -48.426228,-7.626206,0</coordinates></LineString></Placemark>
<Placemark><name>3124387</name><styleUrl>#styleDaimonCIRCUITO255TRECHO</styleUrl><LineString><coordinates>-48.424161,-7.627661,0 -48.424171,-7.627898,0</coordinates></LineString></Placemark>
<Placemark><name>3124389</name><styleUrl>#styleDaimonCIRCUITO255TRECHO</styleUrl><LineString><coordinates>-48.424239,-7.627656,0 -48.424161,-7.627661,0</coordinates></LineString></Placemark>
<Placemark><name>3124539</name><styleUrl>#styleDaimonCIRCUITO255TRECHO</styleUrl><LineString><coordinates>-48.424161,-7.627661,0 -48.423968,-7.627669,0</coordinates></LineString></Placemark>
<Placemark><name>3124388</name><styleUrl>#styleDaimonCIRCUITO255TRECHO</styleUrl><LineString><coordinates>-48.424161,-7.627661,0 -48.424157,-7.627603,0</coordinates></LineString></Placemark>
<Placemark><name>3529640</name><styleUrl>#styleDaimonCIRCUITO255TRECHO</styleUrl><LineString><coordinates>-48.424171,-7.627898,0 -48.424186,-7.628226,0</coordinates></LineString></Placemark>
<Placemark><name>3522507</name><styleUrl>#styleDaimonCIRCUITO255TRECHO</styleUrl><LineString><coordinates>-48.424590,-7.627637,0 -48.424239,-7.627656,0</coordinates></LineString></Placemark>
<Placemark><name>12072370</name><styleUrl>#styleDaimonCIRCUITO255TRECHO</styleUrl><LineString><coordinates>-48.424157,-7.627603,0 -48.424155,-7.627575,0</coordinates></LineString></Placemark>
<Placemark><name>2763402</name><styleUrl>#styleDaimonCIRCUITO255TRECHO</styleUrl><LineString><coordinates>-48.424186,-7.628226,0 -48.424198,-7.628525,0</coordinates></LineString></Placemark>
<Placemark><name>3527595</name><styleUrl>#styleDaimonCIRCUITO255TRECHO</styleUrl><LineString><coordinates>-48.424947,-7.627618,0 -48.424590,-7.627637,0</coordinates></LineString></Placemark>
<Placemark><name>2536194</name><styleUrl>#styleDaimonCIRCUITO255TRECHO</styleUrl><LineString><coordinates>-48.424155,-7.627575,0 -48.424138,-7.627201,0</coordinates></LineString></Placemark>
<Placemark><name>2763628</name><styleUrl>#styleDaimonCIRCUITO255TRECHO</styleUrl><LineString><coordinates>-48.424198,-7.628525,0 -48.424216,-7.628834,0</coordinates></LineString></Placemark>
<Placemark><name>3515380</name><styleUrl>#styleDaimonCIRCUITO255TRECHO</styleUrl><LineString><coordinates>-48.424998,-7.627616,0 -48.424947,-7.627618,0</coordinates></LineString></Placemark>
<Placemark><name>2536192</name><styleUrl>#styleDaimonCIRCUITO255TRECHO</styleUrl><LineString><coordinates>-48.424138,-7.627201,0 -48.424117,-7.626842,0</coordinates></LineString></Placemark>
<Placemark><name>2944598</name><styleUrl>#styleDaimonCIRCUITO255TRECHO</styleUrl><LineString><coordinates>-48.424216,-7.628834,0 -48.424224,-7.629013,0</coordinates></LineString></Placemark>
<Placemark><name>41155293</name><styleUrl>#styleDaimonCIRCUITO255TRECHO</styleUrl><LineString><coordinates>-48.424998,-7.627616,0 -48.425009,-7.627829,0</coordinates></LineString></Placemark>
<Placemark><name>41153825</name><styleUrl>#styleDaimonCIRCUITO255TRECHO</styleUrl><LineString><coordinates>-48.424998,-7.627616,0 -48.425320,-7.627599,0</coordinates></LineString></Placemark>
<Placemark><name>41155283</name><styleUrl>#styleDaimonCIRCUITO255TRECHO</styleUrl><LineString><coordinates>-48.424995,-7.627535,0 -48.424998,-7.627616,0</coordinates></LineString></Placemark>
<Placemark><name>2536195</name><styleUrl>#styleDaimonCIRCUITO255TRECHO</styleUrl><LineString><coordinates>-48.424117,-7.626842,0 -48.424102,-7.626487,0</coordinates></LineString></Placemark>
<Placemark><name>2944597</name><styleUrl>#styleDaimonCIRCUITO255TRECHO</styleUrl><LineString><coordinates>-48.424224,-7.629013,0 -48.424083,-7.629030,0</coordinates></LineString></Placemark>
<Placemark><name>2944604</name><styleUrl>#styleDaimonCIRCUITO255TRECHO</styleUrl><LineString><coordinates>-48.424224,-7.629013,0 -48.424232,-7.629174,0</coordinates></LineString></Placemark>
<Placemark><name>2944601</name><styleUrl>#styleDaimonCIRCUITO255TRECHO</styleUrl><LineString><coordinates>-48.424224,-7.629013,0 -48.424324,-7.629023,0</coordinates></LineString></Placemark>
<Placemark><name>42042626</name><styleUrl>#styleDaimonCIRCUITO255TRECHO</styleUrl><LineString><coordinates>-48.425009,-7.627829,0 -48.425009,-7.627853,0</coordinates></LineString></Placemark>
<Placemark><name>2730991</name><styleUrl>#styleDaimonCIRCUITO255TRECHO</styleUrl><LineString><coordinates>-48.425320,-7.627599,0 -48.425638,-7.627582,0</coordinates></LineString></Placemark>
<Placemark><name>42042602</name><styleUrl>#styleDaimonCIRCUITO255TRECHO</styleUrl><LineString><coordinates>-48.424987,-7.627512,0 -48.424995,-7.627535,0</coordinates></LineString></Placemark>
<Placemark><name>2536197</name><styleUrl>#styleDaimonCIRCUITO255TRECHO</styleUrl><LineString><coordinates>-48.424102,-7.626487,0 -48.424085,-7.626131,0</coordinates></LineString></Placemark>
<Placemark><name>2733773</name><styleUrl>#styleDaimonCIRCUITO255TRECHO</styleUrl><LineString><coordinates>-48.424232,-7.629174,0 -48.424248,-7.629506,0</coordinates></LineString></Placemark>
<Placemark><name>2944599</name><styleUrl>#styleDaimonCIRCUITO255TRECHO</styleUrl><LineString><coordinates>-48.424324,-7.629023,0 -48.424626,-7.629013,0</coordinates></LineString></Placemark>
<Placemark><name>41155316</name><styleUrl>#styleDaimonCIRCUITO255TRECHO</styleUrl><LineString><coordinates>-48.425009,-7.627853,0 -48.425018,-7.628155,0</coordinates></LineString></Placemark>
<Placemark><name>2730989</name><styleUrl>#styleDaimonCIRCUITO255TRECHO</styleUrl><LineString><coordinates>-48.425638,-7.627582,0 -48.425871,-7.627570,0</coordinates></LineString></Placemark>
<Placemark><name>41155250</name><styleUrl>#styleDaimonCIRCUITO255TRECHO</styleUrl><LineString><coordinates>-48.424971,-7.627206,0 -48.424987,-7.627512,0</coordinates></LineString></Placemark>
<Placemark><name>2536196</name><styleUrl>#styleDaimonCIRCUITO255TRECHO</styleUrl><LineString><coordinates>-48.424085,-7.626131,0 -48.424064,-7.625715,0</coordinates></LineString></Placemark>
<Placemark><name>2626922</name><styleUrl>#styleDaimonCIRCUITO255TRECHO</styleUrl><LineString><coordinates>-48.424248,-7.629506,0 -48.424263,-7.629806,0</coordinates></LineString></Placemark>
<Placemark><name>2944602</name><styleUrl>#styleDaimonCIRCUITO255TRECHO</styleUrl><LineString><coordinates>-48.424626,-7.629013,0 -48.424873,-7.629007,0</coordinates></LineString></Placemark>
<Placemark><name>41155317</name><styleUrl>#styleDaimonCIRCUITO255TRECHO</styleUrl><LineString><coordinates>-48.425018,-7.628155,0 -48.425034,-7.628472,0</coordinates></LineString></Placemark>
<Placemark><name>2730990</name><styleUrl>#styleDaimonCIRCUITO255TRECHO</styleUrl><LineString><coordinates>-48.425871,-7.627570,0 -48.425999,-7.627473,0</coordinates></LineString></Placemark>
<Placemark><name>41155264</name><styleUrl>#styleDaimonCIRCUITO255TRECHO</styleUrl><LineString><coordinates>-48.424953,-7.626891,0 -48.424971,-7.627206,0</coordinates></LineString></Placemark>
<Placemark><name>2536193</name><styleUrl>#styleDaimonCIRCUITO255TRECHO</styleUrl><LineString><coordinates>-48.424064,-7.625715,0 -48.424049,-7.625371,0</coordinates></LineString></Placemark>
<Placemark><name>2617123</name><styleUrl>#styleDaimonCIRCUITO255TRECHO</styleUrl><LineString><coordinates>-48.424263,-7.629806,0 -48.424278,-7.630125,0</coordinates></LineString></Placemark>
<Placemark><name>41155303</name><styleUrl>#styleDaimonCIRCUITO255TRECHO</styleUrl><LineString><coordinates>-48.425034,-7.628472,0 -48.425051,-7.628780,0</coordinates></LineString></Placemark>
<Placemark><name>2731343</name><styleUrl>#styleDaimonCIRCUITO255TRECHO</styleUrl><LineString><coordinates>-48.425999,-7.627473,0 -48.425986,-7.627140,0</coordinates></LineString></Placemark>
<Placemark><name>41155263</name><styleUrl>#styleDaimonCIRCUITO255TRECHO</styleUrl><LineString><coordinates>-48.424946,-7.626587,0 -48.424953,-7.626891,0</coordinates></LineString></Placemark>
<Placemark><name>2536198</name><styleUrl>#styleDaimonCIRCUITO255TRECHO</styleUrl><LineString><coordinates>-48.424049,-7.625371,0 -48.424037,-7.625073,0</coordinates></LineString></Placemark>
<Placemark><name>3510288</name><styleUrl>#styleDaimonCIRCUITO255TRECHO</styleUrl><LineString><coordinates>-48.424278,-7.630125,0 -48.424292,-7.630423,0</coordinates></LineString></Placemark>
<Placemark><name>42042634</name><styleUrl>#styleDaimonCIRCUITO255TRECHO</styleUrl><LineString><coordinates>-48.425051,-7.628780,0 -48.425050,-7.628804,0</coordinates></LineString></Placemark>
<Placemark><name>2731344</name><styleUrl>#styleDaimonCIRCUITO255TRECHO</styleUrl><LineString><coordinates>-48.425986,-7.627140,0 -48.425964,-7.626806,0</coordinates></LineString></Placemark>
<Placemark><name>42042594</name><styleUrl>#styleDaimonCIRCUITO255TRECHO</styleUrl><LineString><coordinates>-48.424950,-7.626557,0 -48.424946,-7.626587,0</coordinates></LineString></Placemark>
<Placemark><name>2536191</name><styleUrl>#styleDaimonCIRCUITO255TRECHO</styleUrl><LineString><coordinates>-48.424037,-7.625073,0 -48.424028,-7.624885,0</coordinates></LineString></Placemark>
<Placemark><name>3508412</name><styleUrl>#styleDaimonCIRCUITO255TRECHO</styleUrl><LineString><coordinates>-48.424292,-7.630423,0 -48.424309,-7.630778,0</coordinates></LineString></Placemark>
<Placemark><name>41156494</name><styleUrl>#styleDaimonCIRCUITO255TRECHO</styleUrl><LineString><coordinates>-48.425050,-7.628804,0 -48.425061,-7.629000,0</coordinates></LineString></Placemark>
<Placemark><name>2731345</name><styleUrl>#styleDaimonCIRCUITO255TRECHO</styleUrl><LineString><coordinates>-48.425964,-7.626806,0 -48.425955,-7.626659,0</coordinates></LineString></Placemark>
<Placemark><name>41155240</name><styleUrl>#styleDaimonCIRCUITO255TRECHO</styleUrl><LineString><coordinates>-48.424920,-7.626293,0 -48.424950,-7.626557,0</coordinates></LineString></Placemark>
<Placemark><name>2536190</name><styleUrl>#styleDaimonCIRCUITO255TRECHO</styleUrl><LineString><coordinates>-48.424028,-7.624885,0 -48.424016,-7.624599,0</coordinates></LineString></Placemark>
<Placemark><name>3508413</name><styleUrl>#styleDaimonCIRCUITO255TRECHO</styleUrl><LineString><coordinates>-48.424309,-7.630778,0 -48.424325,-7.631098,0</coordinates></LineString></Placemark>
<Placemark><name>41153850</name><styleUrl>#styleDaimonCIRCUITO255TRECHO</styleUrl><LineString><coordinates>-48.425061,-7.629000,0 -48.424901,-7.629005,0</coordinates></LineString></Placemark>
<Placemark><name>41156483</name><styleUrl>#styleDaimonCIRCUITO255TRECHO</styleUrl><LineString><coordinates>-48.425061,-7.629000,0 -48.425066,-7.629095,0</coordinates></LineString></Placemark>
<Placemark><name>2944605</name><styleUrl>#styleDaimonCIRCUITO255TRECHO</styleUrl><LineString><coordinates>-48.425061,-7.629000,0 -48.425249,-7.628994,0</coordinates></LineString></Placemark>
<Placemark><name>41155216</name><styleUrl>#styleDaimonCIRCUITO255TRECHO</styleUrl><LineString><coordinates>-48.425129,-7.626284,0 -48.424920,-7.626293,0</coordinates></LineString></Placemark>
<Placemark><name>41155205</name><styleUrl>#styleDaimonCIRCUITO255TRECHO</styleUrl><LineString><coordinates>-48.424920,-7.626293,0 -48.424810,-7.626297,0</coordinates></LineString></Placemark>
<Placemark><name>41155231</name><styleUrl>#styleDaimonCIRCUITO255TRECHO</styleUrl><LineString><coordinates>-48.424920,-7.626293,0 -48.424920,-7.626248,0</coordinates></LineString></Placemark>
<Placemark><name>2536189</name><styleUrl>#styleDaimonCIRCUITO255TRECHO</styleUrl><LineString><coordinates>-48.424016,-7.624599,0 -48.423994,-7.624188,0</coordinates></LineString></Placemark>
<Placemark><name>3508885</name><styleUrl>#styleDaimonCIRCUITO255TRECHO</styleUrl><LineString><coordinates>-48.424325,-7.631098,0 -48.424337,-7.631379,0</coordinates></LineString></Placemark>
<Placemark><name>42042642</name><styleUrl>#styleDaimonCIRCUITO255TRECHO</styleUrl><LineString><coordinates>-48.425066,-7.629095,0 -48.425067,-7.629119,0</coordinates></LineString></Placemark>
<Placemark><name>2944603</name><styleUrl>#styleDaimonCIRCUITO255TRECHO</styleUrl><LineString><coordinates>-48.425249,-7.628994,0 -48.425493,-7.628982,0</coordinates></LineString></Placemark>
<Placemark><name>41155215</name><styleUrl>#styleDaimonCIRCUITO255TRECHO</styleUrl><LineString><coordinates>-48.425451,-7.626264,0 -48.425129,-7.626284,0</coordinates></LineString></Placemark>
<Placemark><name>2680836</name><styleUrl>#styleDaimonCIRCUITO255TRECHO</styleUrl><LineString><coordinates>-48.423994,-7.624188,0 -48.423986,-7.623953,0</coordinates></LineString></Placemark>
<Placemark><name>3508886</name><styleUrl>#styleDaimonCIRCUITO255TRECHO</styleUrl><LineString><coordinates>-48.424337,-7.631379,0 -48.424355,-7.631737,0</coordinates></LineString></Placemark>
<Placemark><name>41156518</name><styleUrl>#styleDaimonCIRCUITO255TRECHO</styleUrl><LineString><coordinates>-48.425067,-7.629119,0 -48.425084,-7.629425,0</coordinates></LineString></Placemark>
<Placemark><name>2944600</name><styleUrl>#styleDaimonCIRCUITO255TRECHO</styleUrl><LineString><coordinates>-48.425493,-7.628982,0 -48.425749,-7.628973,0</coordinates></LineString></Placemark>
<Placemark><name>41155168</name><styleUrl>#styleDaimonCIRCUITO255TRECHO</styleUrl><LineString><coordinates>-48.425772,-7.626245,0 -48.425451,-7.626264,0</coordinates></LineString></Placemark>
<Placemark><name>2624423</name><styleUrl>#styleDaimonCIRCUITO255TRECHO</styleUrl><LineString><coordinates>-48.424355,-7.631737,0 -48.424371,-7.632072,0</coordinates></LineString></Placemark>
<Placemark><name>41156519</name><styleUrl>#styleDaimonCIRCUITO255TRECHO</styleUrl><LineString><coordinates>-48.425084,-7.629425,0 -48.425098,-7.629784,0</coordinates></LineString></Placemark>
<Placemark><name>41155180</name><styleUrl>#styleDaimonCIRCUITO255TRECHO</styleUrl><LineString><coordinates>-48.425934,-7.626237,0 -48.425772,-7.626245,0</coordinates></LineString></Placemark>
<Placemark><name>3508856</name><styleUrl>#styleDaimonCIRCUITO255TRECHO</styleUrl><LineString><coordinates>-48.424371,-7.632072,0 -48.424387,-7.632391,0</coordinates></LineString></Placemark>
<Placemark><name>41156520</name><styleUrl>#styleDaimonCIRCUITO255TRECHO</styleUrl><LineString><coordinates>-48.425098,-7.629784,0 -48.425117,-7.630140,0</coordinates></LineString></Placemark>
<Placemark><name>41155179</name><styleUrl>#styleDaimonCIRCUITO255TRECHO</styleUrl><LineString><coordinates>-48.426002,-7.626233,0 -48.425934,-7.626237,0</coordinates></LineString></Placemark>
<Placemark><name>2556090</name><styleUrl>#styleDaimonCIRCUITO255TRECHO</styleUrl><LineString><coordinates>-48.425934,-7.626237,0 -48.425946,-7.626495,0</coordinates></LineString></Placemark>
<Placemark><name>2556091</name><styleUrl>#styleDaimonCIRCUITO255TRECHO</styleUrl><LineString><coordinates>-48.425934,-7.626237,0 -48.425931,-7.626158,0</coordinates></LineString></Placemark>
<Placemark><name>41156521</name><styleUrl>#styleDaimonCIRCUITO255TRECHO</styleUrl><LineString><coordinates>-48.425117,-7.630140,0 -48.425025,-7.630179,0</coordinates></LineString></Placemark>
<Placemark><name>41155178</name><styleUrl>#styleDaimonCIRCUITO255TRECHO</styleUrl><LineString><coordinates>-48.426207,-7.626221,0 -48.426002,-7.626233,0</coordinates></LineString></Placemark>
<Placemark><name>41156413</name><styleUrl>#styleDaimonCIRCUITO255TRECHO</styleUrl><LineString><coordinates>-48.425946,-7.626495,0 -48.425955,-7.626643,0</coordinates></LineString></Placemark>
<Placemark><name>12075038</name><styleUrl>#styleDaimonCIRCUITO255TRECHO</styleUrl><LineString><coordinates>-48.425931,-7.626158,0 -48.425931,-7.626128,0</coordinates></LineString></Placemark>
<Placemark><name>41156503</name><styleUrl>#styleDaimonCIRCUITO255TRECHO</styleUrl><LineString><coordinates>-48.425025,-7.630179,0 -48.424898,-7.630184,0</coordinates></LineString></Placemark>
<Placemark><name>41156558</name><styleUrl>#styleDaimonCIRCUITO255TRECHO</styleUrl><LineString><coordinates>-48.425025,-7.630179,0 -48.425261,-7.630164,0</coordinates></LineString></Placemark>
<Placemark><name>41155135</name><styleUrl>#styleDaimonCIRCUITO255TRECHO</styleUrl><LineString><coordinates>-48.426207,-7.626221,0 -48.426233,-7.626248,0</coordinates></LineString></Placemark>
<Placemark><name>41155120</name><styleUrl>#styleDaimonCIRCUITO255TRECHO</styleUrl><LineString><coordinates>-48.426226,-7.626208,0 -48.426207,-7.626221,0</coordinates></LineString></Placemark>
<Placemark><name>2944440</name><styleUrl>#styleDaimonCIRCUITO255TRECHO</styleUrl><LineString><coordinates>-48.425931,-7.626128,0 -48.425913,-7.625855,0</coordinates></LineString></Placemark>
<Placemark><name>41156578</name><styleUrl>#styleDaimonCIRCUITO255TRECHO</styleUrl><LineString><coordinates>-48.425261,-7.630164,0 -48.425319,-7.630163,0</coordinates></LineString></Placemark>
<Placemark><name>41156569</name><styleUrl>#styleDaimonCIRCUITO255TRECHO</styleUrl><LineString><coordinates>-48.425261,-7.630164,0 -48.425257,-7.630006,0</coordinates></LineString></Placemark>
<Placemark><name>41156601</name><styleUrl>#styleDaimonCIRCUITO255TRECHO</styleUrl><LineString><coordinates>-48.425261,-7.630164,0 -48.425268,-7.630290,0</coordinates></LineString></Placemark>
<Placemark><name>2944441</name><styleUrl>#styleDaimonCIRCUITO255TRECHO</styleUrl><LineString><coordinates>-48.425913,-7.625855,0 -48.425897,-7.625564,0</coordinates></LineString></Placemark>
<Placemark><name>41156602</name><styleUrl>#styleDaimonCIRCUITO255TRECHO</styleUrl><LineString><coordinates>-48.425268,-7.630290,0 -48.425288,-7.630668,0</coordinates></LineString></Placemark>
<Placemark><name>2944442</name><styleUrl>#styleDaimonCIRCUITO255TRECHO</styleUrl><LineString><coordinates>-48.425897,-7.625564,0 -48.425882,-7.625274,0</coordinates></LineString></Placemark>
<Placemark><name>41156603</name><styleUrl>#styleDaimonCIRCUITO255TRECHO</styleUrl><LineString><coordinates>-48.425288,-7.630668,0 -48.425311,-7.630990,0</coordinates></LineString></Placemark>
<Placemark><name>2944443</name><styleUrl>#styleDaimonCIRCUITO255TRECHO</styleUrl><LineString><coordinates>-48.425882,-7.625274,0 -48.425869,-7.625052,0</coordinates></LineString></Placemark>
<Placemark><name>41156588</name><styleUrl>#styleDaimonCIRCUITO255TRECHO</styleUrl><LineString><coordinates>-48.425311,-7.630990,0 -48.425311,-7.631345,0</coordinates></LineString></Placemark>
<Placemark><name>12075039</name><styleUrl>#styleDaimonCIRCUITO255TRECHO</styleUrl><LineString><coordinates>-48.425869,-7.625052,0 -48.425868,-7.625034,0</coordinates></LineString></Placemark>
<Placemark><name>42042677</name><styleUrl>#styleDaimonCIRCUITO255TRECHO</styleUrl><LineString><coordinates>-48.425311,-7.631345,0 -48.425310,-7.631369,0</coordinates></LineString></Placemark>
<Placemark><name>3003240</name><styleUrl>#styleDaimonCIRCUITO255TRECHO</styleUrl><LineString><coordinates>-48.425868,-7.625034,0 -48.425587,-7.625047,0</coordinates></LineString></Placemark>
<Placemark><name>2944640</name><styleUrl>#styleDaimonCIRCUITO255TRECHO</styleUrl><LineString><coordinates>-48.425868,-7.625034,0 -48.426154,-7.625020,0</coordinates></LineString></Placemark>
<Placemark><name>41156644</name><styleUrl>#styleDaimonCIRCUITO255TRECHO</styleUrl><LineString><coordinates>-48.425310,-7.631369,0 -48.425333,-7.631708,0</coordinates></LineString></Placemark>
<Placemark><name>2944641</name><styleUrl>#styleDaimonCIRCUITO255TRECHO</styleUrl><LineString><coordinates>-48.426154,-7.625020,0 -48.426491,-7.624993,0</coordinates></LineString></Placemark>
<Placemark><name>41156645</name><styleUrl>#styleDaimonCIRCUITO255TRECHO</styleUrl><LineString><coordinates>-48.425333,-7.631708,0 -48.425339,-7.632067,0</coordinates></LineString></Placemark>
<Placemark><name>12075040</name><styleUrl>#styleDaimonCIRCUITO255TRECHO</styleUrl><LineString><coordinates>-48.426491,-7.624993,0 -48.426524,-7.624978,0</coordinates></LineString></Placemark>
<Placemark><name>41156631</name><styleUrl>#styleDaimonCIRCUITO255TRECHO</styleUrl><LineString><coordinates>-48.425339,-7.632067,0 -48.425369,-7.632396,0</coordinates></LineString></Placemark>
<Placemark><name>2944642</name><styleUrl>#styleDaimonCIRCUITO255TRECHO</styleUrl><LineString><coordinates>-48.426524,-7.624978,0 -48.426599,-7.624948,0</coordinates></LineString></Placemark>
<Placemark><name>42042685</name><styleUrl>#styleDaimonCIRCUITO255TRECHO</styleUrl><LineString><coordinates>-48.425369,-7.632396,0 -48.425368,-7.632420,0</coordinates></LineString></Placemark>
<Placemark><name>12075041</name><styleUrl>#styleDaimonCIRCUITO255TRECHO</styleUrl><LineString><coordinates>-48.426599,-7.624948,0 -48.426605,-7.624918,0</coordinates></LineString></Placemark>
<Placemark><name>41156675</name><styleUrl>#styleDaimonCIRCUITO255TRECHO</styleUrl><LineString><coordinates>-48.425368,-7.632420,0 -48.425371,-7.632635,0</coordinates></LineString></Placemark>
<Placemark><name>2944643</name><styleUrl>#styleDaimonCIRCUITO255TRECHO</styleUrl><LineString><coordinates>-48.426605,-7.624918,0 -48.426594,-7.624764,0</coordinates></LineString></Placemark>
<Placemark><name>41156664</name><styleUrl>#styleDaimonCIRCUITO255TRECHO</styleUrl><LineString><coordinates>-48.425371,-7.632635,0 -48.425372,-7.632744,0</coordinates></LineString></Placemark>
<Placemark><name>41153957</name><styleUrl>#styleDaimonCIRCUITO255TRECHO</styleUrl><LineString><coordinates>-48.425371,-7.632635,0 -48.425510,-7.632629,0</coordinates></LineString></Placemark>
<Placemark><name>3516846</name><styleUrl>#styleDaimonCIRCUITO255TRECHO</styleUrl><LineString><coordinates>-48.425371,-7.632635,0 -48.425171,-7.632645,0</coordinates></LineString></Placemark>
<Placemark><name>2944644</name><styleUrl>#styleDaimonCIRCUITO255TRECHO</styleUrl><LineString><coordinates>-48.426594,-7.624764,0 -48.426569,-7.624503,0</coordinates></LineString></Placemark>
<Placemark><name>42042693</name><styleUrl>#styleDaimonCIRCUITO255TRECHO</styleUrl><LineString><coordinates>-48.425372,-7.632744,0 -48.425371,-7.632766,0</coordinates></LineString></Placemark>
<Placemark><name>2726566</name><styleUrl>#styleDaimonCIRCUITO255TRECHO</styleUrl><LineString><coordinates>-48.425510,-7.632629,0 -48.425811,-7.632615,0</coordinates></LineString></Placemark>
<Placemark><name>3516848</name><styleUrl>#styleDaimonCIRCUITO255TRECHO</styleUrl><LineString><coordinates>-48.425171,-7.632645,0 -48.424872,-7.632659,0</coordinates></LineString></Placemark>
<Placemark><name>2944645</name><styleUrl>#styleDaimonCIRCUITO255TRECHO</styleUrl><LineString><coordinates>-48.426569,-7.624503,0 -48.426514,-7.624168,0</coordinates></LineString></Placemark>
<Placemark><name>41156696</name><styleUrl>#styleDaimonCIRCUITO255TRECHO</styleUrl><LineString><coordinates>-48.425371,-7.632766,0 -48.425383,-7.633113,0</coordinates></LineString></Placemark>
<Placemark><name>2758678</name><styleUrl>#styleDaimonCIRCUITO255TRECHO</styleUrl><LineString><coordinates>-48.425811,-7.632615,0 -48.426079,-7.632604,0</coordinates></LineString></Placemark>
<Placemark><name>3522456</name><styleUrl>#styleDaimonCIRCUITO255TRECHO</styleUrl><LineString><coordinates>-48.424872,-7.632659,0 -48.424550,-7.632674,0</coordinates></LineString></Placemark>
<Placemark><name>2944646</name><styleUrl>#styleDaimonCIRCUITO255TRECHO</styleUrl><LineString><coordinates>-48.426514,-7.624168,0 -48.426501,-7.623803,0</coordinates></LineString></Placemark>
<Placemark><name>3123579</name><styleUrl>#styleDaimonCIRCUITO255TRECHO</styleUrl><LineString><coordinates>-48.426079,-7.632604,0 -48.426240,-7.632601,0</coordinates></LineString></Placemark>
<Placemark><name>2556254</name><styleUrl>#styleDaimonCIRCUITO255TRECHO</styleUrl><LineString><coordinates>-48.424550,-7.632674,0 -48.424400,-7.632679,0</coordinates></LineString></Placemark>
<Placemark><name>2944647</name><styleUrl>#styleDaimonCIRCUITO255TRECHO</styleUrl><LineString><coordinates>-48.426501,-7.623803,0 -48.426489,-7.623442,0</coordinates></LineString></Placemark>
<Placemark><name>3123577</name><styleUrl>#styleDaimonCIRCUITO255TRECHO</styleUrl><LineString><coordinates>-48.426240,-7.632601,0 -48.426241,-7.632688,0</coordinates></LineString></Placemark>
<Placemark><name>3123578</name><styleUrl>#styleDaimonCIRCUITO255TRECHO</styleUrl><LineString><coordinates>-48.426240,-7.632601,0 -48.426221,-7.632352,0</coordinates></LineString></Placemark>
<Placemark><name>3123580</name><styleUrl>#styleDaimonCIRCUITO255TRECHO</styleUrl><LineString><coordinates>-48.426240,-7.632601,0 -48.426343,-7.632591,0</coordinates></LineString></Placemark>
<Placemark><name>2556256</name><styleUrl>#styleDaimonCIRCUITO255TRECHO</styleUrl><LineString><coordinates>-48.424400,-7.632679,0 -48.424404,-7.632752,0</coordinates></LineString></Placemark>
<Placemark><name>2556255</name><styleUrl>#styleDaimonCIRCUITO255TRECHO</styleUrl><LineString><coordinates>-48.424400,-7.632679,0 -48.424388,-7.632426,0</coordinates></LineString></Placemark>
<Placemark><name>2556253</name><styleUrl>#styleDaimonCIRCUITO255TRECHO</styleUrl><LineString><coordinates>-48.424400,-7.632679,0 -48.424272,-7.632687,0</coordinates></LineString></Placemark>
<Placemark><name>2944648</name><styleUrl>#styleDaimonCIRCUITO255TRECHO</styleUrl><LineString><coordinates>-48.426489,-7.623442,0 -48.426477,-7.623063,0</coordinates></LineString></Placemark>
<Placemark><name>36826217</name><styleUrl>#styleDaimonCIRCUITO255TRECHO</styleUrl><LineString><coordinates>-48.424404,-7.632752,0 -48.424413,-7.632941,0</coordinates></LineString></Placemark>
<Placemark><name>2944649</name><styleUrl>#styleDaimonCIRCUITO255TRECHO</styleUrl><LineString><coordinates>-48.426477,-7.623063,0 -48.426461,-7.622617,0</coordinates></LineString></Placemark>
<Placemark><name>2944650</name><styleUrl>#styleDaimonCIRCUITO255TRECHO</styleUrl><LineString><coordinates>-48.426461,-7.622617,0 -48.426447,-7.622211,0</coordinates></LineString></Placemark>
<Placemark><name>2944651</name><styleUrl>#styleDaimonCIRCUITO255TRECHO</styleUrl><LineString><coordinates>-48.426447,-7.622211,0 -48.426432,-7.621769,0</coordinates></LineString></Placemark>
<Placemark><name>2944652</name><styleUrl>#styleDaimonCIRCUITO255TRECHO</styleUrl><LineString><coordinates>-48.426432,-7.621769,0 -48.426424,-7.621510,0</coordinates></LineString></Placemark>
<Placemark><name>41156720</name><styleUrl>#styleDaimonCIRCUITO255TRECHO</styleUrl><LineString><coordinates>-48.425403,-7.633494,0 -48.425420,-7.633807,0</coordinates></LineString></Placemark>
<Placemark><name>41156721</name><styleUrl>#styleDaimonCIRCUITO255TRECHO</styleUrl><LineString><coordinates>-48.425420,-7.633807,0 -48.425438,-7.634147,0</coordinates></LineString></Placemark>
<Placemark><name>42042705</name><styleUrl>#styleDaimonCIRCUITO255TRECHO</styleUrl><LineString><coordinates>-48.425401,-7.633467,0 -48.425403,-7.633494,0</coordinates></LineString></Placemark>
<Placemark><name>41156722</name><styleUrl>#styleDaimonCIRCUITO255TRECHO</styleUrl><LineString><coordinates>-48.425438,-7.634147,0 -48.425444,-7.634337,0</coordinates></LineString></Placemark>
<Placemark><name>41156684</name><styleUrl>#styleDaimonCIRCUITO255TRECHO</styleUrl><LineString><coordinates>-48.425386,-7.633150,0 -48.425401,-7.633467,0</coordinates></LineString></Placemark>
<Placemark><name>41156750</name><styleUrl>#styleDaimonCIRCUITO255TRECHO</styleUrl><LineString><coordinates>-48.425444,-7.634337,0 -48.425502,-7.634331,0</coordinates></LineString></Placemark>
<Placemark><name>41156775</name><styleUrl>#styleDaimonCIRCUITO255TRECHO</styleUrl><LineString><coordinates>-48.425444,-7.634337,0 -48.425139,-7.634354,0</coordinates></LineString></Placemark>
<Placemark><name>41156706</name><styleUrl>#styleDaimonCIRCUITO255TRECHO</styleUrl><LineString><coordinates>-48.425444,-7.634337,0 -48.425442,-7.634445,0</coordinates></LineString></Placemark>
<Placemark><name>41156776</name><styleUrl>#styleDaimonCIRCUITO255TRECHO</styleUrl><LineString><coordinates>-48.425139,-7.634354,0 -48.424831,-7.634375,0</coordinates></LineString></Placemark>
<Placemark><name>41156777</name><styleUrl>#styleDaimonCIRCUITO255TRECHO</styleUrl><LineString><coordinates>-48.424831,-7.634375,0 -48.424540,-7.634393,0</coordinates></LineString></Placemark>
<Placemark><name>41156778</name><styleUrl>#styleDaimonCIRCUITO255TRECHO</styleUrl><LineString><coordinates>-48.424540,-7.634393,0 -48.424265,-7.634410,0</coordinates></LineString></Placemark>
<Placemark><name>41156779</name><styleUrl>#styleDaimonCIRCUITO255TRECHO</styleUrl><LineString><coordinates>-48.424265,-7.634410,0 -48.423921,-7.634431,0</coordinates></LineString></Placemark>
<Placemark><name>41156780</name><styleUrl>#styleDaimonCIRCUITO255TRECHO</styleUrl><LineString><coordinates>-48.423921,-7.634431,0 -48.423673,-7.634446,0</coordinates></LineString></Placemark>
<Placemark><name>41156781</name><styleUrl>#styleDaimonCIRCUITO255TRECHO</styleUrl><LineString><coordinates>-48.423673,-7.634446,0 -48.423414,-7.634460,0</coordinates></LineString></Placemark>
<Placemark><name>41156862</name><styleUrl>#styleDaimonCIRCUITO255TRECHO</styleUrl><LineString><coordinates>-48.423414,-7.634460,0 -48.423429,-7.634654,0</coordinates></LineString></Placemark>
<Placemark><name>41156759</name><styleUrl>#styleDaimonCIRCUITO255TRECHO</styleUrl><LineString><coordinates>-48.423414,-7.634460,0 -48.423292,-7.634470,0</coordinates></LineString></Placemark>
<Placemark><name>41156861</name><styleUrl>#styleDaimonCIRCUITO255TRECHO</styleUrl><LineString><coordinates>-48.423414,-7.634460,0 -48.423407,-7.634330,0</coordinates></LineString></Placemark>
<Placemark><name>2731536</name><styleUrl>#styleDaimonCIRCUITO255TRECHO</styleUrl><LineString><coordinates>-48.426565,-7.632581,0 -48.426851,-7.632578,0</coordinates></LineString></Placemark>
<Placemark><name>3518943</name><styleUrl>#styleDaimonCIRCUITO255TRECHO</styleUrl><LineString><coordinates>-48.426366,-7.632591,0 -48.426565,-7.632581,0</coordinates></LineString></Placemark>
<Placemark><name>3516430</name><styleUrl>#styleDaimonCIRCUITO255TRECHO</styleUrl><LineString><coordinates>-48.423929,-7.632703,0 -48.423645,-7.632716,0</coordinates></LineString></Placemark>
<Placemark><name>2621785</name><styleUrl>#styleDaimonCIRCUITO255TRECHO</styleUrl><LineString><coordinates>-48.423645,-7.632716,0 -48.423341,-7.632730,0</coordinates></LineString></Placemark>
<Placemark><name>3527133</name><styleUrl>#styleDaimonCIRCUITO255TRECHO</styleUrl><LineString><coordinates>-48.424238,-7.632688,0 -48.423929,-7.632703,0</coordinates></LineString></Placemark>
<Placemark><name>3518570</name><styleUrl>#styleDaimonCIRCUITO255TRECHO</styleUrl><LineString><coordinates>-48.423341,-7.632730,0 -48.423040,-7.632744,0</coordinates></LineString></Placemark>
<Placemark><name>3526909</name><styleUrl>#styleDaimonCIRCUITO255TRECHO</styleUrl><LineString><coordinates>-48.423040,-7.632744,0 -48.422655,-7.632762,0</coordinates></LineString></Placemark>
<Placemark><name>3124404</name><styleUrl>#styleDaimonCIRCUITO255TRECHO</styleUrl><LineString><coordinates>-48.422655,-7.632762,0 -48.422613,-7.632763,0</coordinates></LineString></Placemark>
<Placemark><name>3124406</name><styleUrl>#styleDaimonCIRCUITO255TRECHO</styleUrl><LineString><coordinates>-48.422613,-7.632763,0 -48.422614,-7.632660,0</coordinates></LineString></Placemark>
<Placemark><name>3124403</name><styleUrl>#styleDaimonCIRCUITO255TRECHO</styleUrl><LineString><coordinates>-48.422613,-7.632763,0 -48.422190,-7.632784,0</coordinates></LineString></Placemark>
<Placemark><name>3124405</name><styleUrl>#styleDaimonCIRCUITO255TRECHO</styleUrl><LineString><coordinates>-48.422613,-7.632763,0 -48.422613,-7.632833,0</coordinates></LineString></Placemark>
<Placemark><name>12084573</name><styleUrl>#styleDaimonCIRCUITO255TRECHO</styleUrl><LineString><coordinates>-48.422614,-7.632660,0 -48.422614,-7.632630,0</coordinates></LineString></Placemark>
<Placemark><name>3518078</name><styleUrl>#styleDaimonCIRCUITO255TRECHO</styleUrl><LineString><coordinates>-48.422190,-7.632784,0 -48.421837,-7.632800,0</coordinates></LineString></Placemark>
<Placemark><name>50420315</name><styleUrl>#styleDaimonCIRCUITO255TRECHO</styleUrl><LineString><coordinates>-48.422613,-7.632833,0 -48.422613,-7.632948,0</coordinates></LineString></Placemark>
<Placemark><name>3657023</name><styleUrl>#styleDaimonCIRCUITO255TRECHO</styleUrl><LineString><coordinates>-48.422614,-7.632630,0 -48.422553,-7.632275,0</coordinates></LineString></Placemark>
<Placemark><name>3529639</name><styleUrl>#styleDaimonCIRCUITO255TRECHO</styleUrl><LineString><coordinates>-48.421837,-7.632800,0 -48.421522,-7.632815,0</coordinates></LineString></Placemark>
<Placemark><name>3518350</name><styleUrl>#styleDaimonCIRCUITO255TRECHO</styleUrl><LineString><coordinates>-48.422613,-7.632948,0 -48.422625,-7.633172,0</coordinates></LineString></Placemark>
<Placemark><name>3515827</name><styleUrl>#styleDaimonCIRCUITO255TRECHO</styleUrl><LineString><coordinates>-48.421522,-7.632815,0 -48.421174,-7.632831,0</coordinates></LineString></Placemark>
<Placemark><name>3518079</name><styleUrl>#styleDaimonCIRCUITO255TRECHO</styleUrl><LineString><coordinates>-48.422625,-7.633172,0 -48.422603,-7.633523,0</coordinates></LineString></Placemark>
<Placemark><name>3515828</name><styleUrl>#styleDaimonCIRCUITO255TRECHO</styleUrl><LineString><coordinates>-48.421174,-7.632831,0 -48.420868,-7.632847,0</coordinates></LineString></Placemark>
<Placemark><name>3518080</name><styleUrl>#styleDaimonCIRCUITO255TRECHO</styleUrl><LineString><coordinates>-48.422603,-7.633523,0 -48.422625,-7.633972,0</coordinates></LineString></Placemark>
<Placemark><name>2729716</name><styleUrl>#styleDaimonCIRCUITO255TRECHO</styleUrl><LineString><coordinates>-48.420868,-7.632847,0 -48.420770,-7.632853,0</coordinates></LineString></Placemark>
<Placemark><name>3518286</name><styleUrl>#styleDaimonCIRCUITO255TRECHO</styleUrl><LineString><coordinates>-48.422625,-7.633972,0 -48.422639,-7.634267,0</coordinates></LineString></Placemark>
<Placemark><name>2729715</name><styleUrl>#styleDaimonCIRCUITO255TRECHO</styleUrl><LineString><coordinates>-48.420770,-7.632853,0 -48.420546,-7.632863,0</coordinates></LineString></Placemark>
<Placemark><name>2729714</name><styleUrl>#styleDaimonCIRCUITO255TRECHO</styleUrl><LineString><coordinates>-48.420770,-7.632853,0 -48.420756,-7.632568,0</coordinates></LineString></Placemark>
<Placemark><name>2729713</name><styleUrl>#styleDaimonCIRCUITO255TRECHO</styleUrl><LineString><coordinates>-48.420770,-7.632853,0 -48.420773,-7.632931,0</coordinates></LineString></Placemark>
<Placemark><name>2626607</name><styleUrl>#styleDaimonCIRCUITO255TRECHO</styleUrl><LineString><coordinates>-48.422639,-7.634267,0 -48.422654,-7.634620,0</coordinates></LineString></Placemark>
<Placemark><name>2735758</name><styleUrl>#styleDaimonCIRCUITO255TRECHO</styleUrl><LineString><coordinates>-48.420546,-7.632863,0 -48.420179,-7.632882,0</coordinates></LineString></Placemark>
<Placemark><name>3517994</name><styleUrl>#styleDaimonCIRCUITO255TRECHO</styleUrl><LineString><coordinates>-48.420179,-7.632882,0 -48.419655,-7.632908,0</coordinates></LineString></Placemark>
<Placemark><name>43245058</name><styleUrl>#styleDaimonCIRCUITO255TRECHO</styleUrl><LineString><coordinates>-48.419655,-7.632908,0 -48.419543,-7.632913,0</coordinates></LineString></Placemark>
<Placemark><name>2622041</name><styleUrl>#styleDaimonCIRCUITO255TRECHO</styleUrl><LineString><coordinates>-48.419543,-7.632913,0 -48.419296,-7.632926,0</coordinates></LineString></Placemark>
<Placemark><name>2617122</name><styleUrl>#styleDaimonCIRCUITO255TRECHO</styleUrl><LineString><coordinates>-48.423937,-7.627672,0 -48.423643,-7.627687,0</coordinates></LineString></Placemark>
<Placemark><name>2626923</name><styleUrl>#styleDaimonCIRCUITO255TRECHO</styleUrl><LineString><coordinates>-48.423643,-7.627687,0 -48.423285,-7.627706,0</coordinates></LineString></Placemark>
<Placemark><name>2733772</name><styleUrl>#styleDaimonCIRCUITO255TRECHO</styleUrl><LineString><coordinates>-48.423285,-7.627706,0 -48.422905,-7.627726,0</coordinates></LineString></Placemark>
<Placemark><name>2733771</name><styleUrl>#styleDaimonCIRCUITO255TRECHO</styleUrl><LineString><coordinates>-48.422905,-7.627726,0 -48.422560,-7.627744,0</coordinates></LineString></Placemark>
<Placemark><name>2556219</name><styleUrl>#styleDaimonCIRCUITO255TRECHO</styleUrl><LineString><coordinates>-48.422560,-7.627744,0 -48.422365,-7.627755,0</coordinates></LineString></Placemark>
<Placemark><name>3656732</name><styleUrl>#styleDaimonCIRCUITO255TRECHO</styleUrl><LineString><coordinates>-48.422365,-7.627755,0 -48.422001,-7.627775,0</coordinates></LineString></Placemark>
<Placemark><name>3656743</name><styleUrl>#styleDaimonCIRCUITO255TRECHO</styleUrl><LineString><coordinates>-48.422365,-7.627755,0 -48.422364,-7.628050,0</coordinates></LineString></Placemark>
<Placemark><name>3657033</name><styleUrl>#styleDaimonCIRCUITO255TRECHO</styleUrl><LineString><coordinates>-48.422365,-7.627755,0 -48.422349,-7.627707,0</coordinates></LineString></Placemark>
<Placemark><name>2556217</name><styleUrl>#styleDaimonCIRCUITO255TRECHO</styleUrl><LineString><coordinates>-48.422001,-7.627775,0 -48.422014,-7.628067,0</coordinates></LineString></Placemark>
<Placemark><name>2556220</name><styleUrl>#styleDaimonCIRCUITO255TRECHO</styleUrl><LineString><coordinates>-48.422001,-7.627775,0 -48.421903,-7.627780,0</coordinates></LineString></Placemark>
<Placemark><name>2556218</name><styleUrl>#styleDaimonCIRCUITO255TRECHO</styleUrl><LineString><coordinates>-48.422001,-7.627775,0 -48.421996,-7.627679,0</coordinates></LineString></Placemark>
<Placemark><name>2626610</name><styleUrl>#styleDaimonCIRCUITO255TRECHO</styleUrl><LineString><coordinates>-48.422014,-7.628067,0 -48.422032,-7.628437,0</coordinates></LineString></Placemark>
<Placemark><name>3511662</name><styleUrl>#styleDaimonCIRCUITO255TRECHO</styleUrl><LineString><coordinates>-48.421903,-7.627780,0 -48.421620,-7.627794,0</coordinates></LineString></Placemark>
<Placemark><name>2626609</name><styleUrl>#styleDaimonCIRCUITO255TRECHO</styleUrl><LineString><coordinates>-48.422032,-7.628437,0 -48.422048,-7.628781,0</coordinates></LineString></Placemark>
<Placemark><name>3529638</name><styleUrl>#styleDaimonCIRCUITO255TRECHO</styleUrl><LineString><coordinates>-48.421620,-7.627794,0 -48.421208,-7.627816,0</coordinates></LineString></Placemark>
<Placemark><name>3515570</name><styleUrl>#styleDaimonCIRCUITO255TRECHO</styleUrl><LineString><coordinates>-48.425876,-7.627607,0 -48.425923,-7.627937,0</coordinates></LineString></Placemark>
<Placemark><name>2622643</name><styleUrl>#styleDaimonCIRCUITO255TRECHO</styleUrl><LineString><coordinates>-48.426242,-7.632724,0 -48.426256,-7.633045,0</coordinates></LineString></Placemark>
<Placemark><name>3518938</name><styleUrl>#styleDaimonCIRCUITO255TRECHO</styleUrl><LineString><coordinates>-48.426256,-7.633045,0 -48.426268,-7.633412,0</coordinates></LineString></Placemark>
<Placemark><name>2729490</name><styleUrl>#styleDaimonCIRCUITO255TRECHO</styleUrl><LineString><coordinates>-48.426268,-7.633412,0 -48.426288,-7.633674,0</coordinates></LineString></Placemark>
<Placemark><name>2729487</name><styleUrl>#styleDaimonCIRCUITO255TRECHO</styleUrl><LineString><coordinates>-48.426288,-7.633674,0 -48.426359,-7.633670,0</coordinates></LineString></Placemark>
<Placemark><name>2729488</name><styleUrl>#styleDaimonCIRCUITO255TRECHO</styleUrl><LineString><coordinates>-48.426288,-7.633674,0 -48.426008,-7.633687,0</coordinates></LineString></Placemark>
<Placemark><name>2729489</name><styleUrl>#styleDaimonCIRCUITO255TRECHO</styleUrl><LineString><coordinates>-48.426288,-7.633674,0 -48.426293,-7.633762,0</coordinates></LineString></Placemark>
<Placemark><name>2724912</name><styleUrl>#styleDaimonCIRCUITO255TRECHO</styleUrl><LineString><coordinates>-48.426359,-7.633670,0 -48.426636,-7.633656,0</coordinates></LineString></Placemark>
<Placemark><name>2618428</name><styleUrl>#styleDaimonCIRCUITO255TRECHO</styleUrl><LineString><coordinates>-48.426636,-7.633656,0 -48.426883,-7.633644,0</coordinates></LineString></Placemark>
<Placemark><name>12071489</name><styleUrl>#styleDaimonCIRCUITO255TRECHO</styleUrl><LineString><coordinates>-48.426883,-7.633644,0 -48.426911,-7.633654,0</coordinates></LineString></Placemark>
<Placemark><name>2618426</name><styleUrl>#styleDaimonCIRCUITO255TRECHO</styleUrl><LineString><coordinates>-48.426911,-7.633654,0 -48.426972,-7.633721,0</coordinates></LineString></Placemark>
<Placemark><name>12071488</name><styleUrl>#styleDaimonCIRCUITO255TRECHO</styleUrl><LineString><coordinates>-48.426972,-7.633721,0 -48.426985,-7.633747,0</coordinates></LineString></Placemark>
<Placemark><name>2618427</name><styleUrl>#styleDaimonCIRCUITO255TRECHO</styleUrl><LineString><coordinates>-48.426985,-7.633747,0 -48.427002,-7.634104,0</coordinates></LineString></Placemark>
<Placemark><name>2615894</name><styleUrl>#styleDaimonCIRCUITO255TRECHO</styleUrl><LineString><coordinates>-48.427002,-7.634104,0 -48.427019,-7.634460,0</coordinates></LineString></Placemark>
<Placemark><name>2615895</name><styleUrl>#styleDaimonCIRCUITO255TRECHO</styleUrl><LineString><coordinates>-48.427019,-7.634460,0 -48.427036,-7.634800,0</coordinates></LineString></Placemark>
<Placemark><name>2615896</name><styleUrl>#styleDaimonCIRCUITO255TRECHO</styleUrl><LineString><coordinates>-48.427036,-7.634800,0 -48.427054,-7.635165,0</coordinates></LineString></Placemark>
<Placemark><name>2758041</name><styleUrl>#styleDaimonCIRCUITO255TRECHO</styleUrl><LineString><coordinates>-48.427054,-7.635165,0 -48.427068,-7.635461,0</coordinates></LineString></Placemark>
<Placemark><name>2729283</name><styleUrl>#styleDaimonCIRCUITO255TRECHO</styleUrl><LineString><coordinates>-48.427068,-7.635461,0 -48.427089,-7.635882,0</coordinates></LineString></Placemark>
<Placemark><name>3508411</name><styleUrl>#styleDaimonCIRCUITO255TRECHO</styleUrl><LineString><coordinates>-48.424422,-7.633130,0 -48.424439,-7.633486,0</coordinates></LineString></Placemark>
<Placemark><name>3508410</name><styleUrl>#styleDaimonCIRCUITO255TRECHO</styleUrl><LineString><coordinates>-48.424415,-7.632960,0 -48.424422,-7.633130,0</coordinates></LineString></Placemark>
<Placemark><name>3508667</name><styleUrl>#styleDaimonCIRCUITO255TRECHO</styleUrl><LineString><coordinates>-48.424439,-7.633486,0 -48.424457,-7.633857,0</coordinates></LineString></Placemark>
<Placemark><name>2729955</name><styleUrl>#styleDaimonCIRCUITO255TRECHO</styleUrl><LineString><coordinates>-48.416221,-7.637255,0 -48.416019,-7.637284,0</coordinates></LineString></Placemark>
<Placemark><name>2729954</name><styleUrl>#styleDaimonCIRCUITO255TRECHO</styleUrl><LineString><coordinates>-48.416019,-7.637284,0 -48.416009,-7.637535,0</coordinates></LineString></Placemark>
<Placemark><name>2729953</name><styleUrl>#styleDaimonCIRCUITO255TRECHO</styleUrl><LineString><coordinates>-48.416019,-7.637284,0 -48.416020,-7.637208,0</coordinates></LineString></Placemark>
<Placemark><name>2729956</name><styleUrl>#styleDaimonCIRCUITO255TRECHO</styleUrl><LineString><coordinates>-48.416019,-7.637284,0 -48.415958,-7.637291,0</coordinates></LineString></Placemark>
<Placemark><name>72517198</name><styleUrl>#styleDaimonCIRCUITO255TRECHO</styleUrl><LineString><coordinates>-48.416221,-7.637255,0 -48.416223,-7.637311,0</coordinates></LineString></Placemark>
<Placemark><name>72517258</name><styleUrl>#styleDaimonCIRCUITO255TRECHO</styleUrl><LineString><coordinates>-48.416424,-7.637227,0 -48.416221,-7.637255,0</coordinates></LineString></Placemark>
<Placemark><name>72517177</name><styleUrl>#styleDaimonCIRCUITO255TRECHO</styleUrl><LineString><coordinates>-48.416221,-7.637255,0 -48.416207,-7.636860,0</coordinates></LineString></Placemark>
<Placemark><name>2615091</name><styleUrl>#styleDaimonCIRCUITO255TRECHO</styleUrl><LineString><coordinates>-48.416009,-7.637535,0 -48.416017,-7.637740,0</coordinates></LineString></Placemark>
<Placemark><name>2621404</name><styleUrl>#styleDaimonCIRCUITO255TRECHO</styleUrl><LineString><coordinates>-48.416898,-7.637200,0 -48.416424,-7.637227,0</coordinates></LineString></Placemark>
<Placemark><name>72517228</name><styleUrl>#styleDaimonCIRCUITO255TRECHO</styleUrl><LineString><coordinates>-48.416207,-7.636860,0 -48.416203,-7.636497,0</coordinates></LineString></Placemark>
<Placemark><name>2615092</name><styleUrl>#styleDaimonCIRCUITO255TRECHO</styleUrl><LineString><coordinates>-48.416017,-7.637740,0 -48.416031,-7.638126,0</coordinates></LineString></Placemark>
<Placemark><name>2616077</name><styleUrl>#styleDaimonCIRCUITO255TRECHO</styleUrl><LineString><coordinates>-48.417344,-7.637175,0 -48.416898,-7.637200,0</coordinates></LineString></Placemark>
<Placemark><name>61159450</name><styleUrl>#styleDaimonCIRCUITO255TRECHO</styleUrl><LineString><coordinates>-48.416203,-7.636497,0 -48.416203,-7.636150,0</coordinates></LineString></Placemark>
<Placemark><name>2772670</name><styleUrl>#styleDaimonCIRCUITO255TRECHO</styleUrl><LineString><coordinates>-48.416031,-7.638126,0 -48.416037,-7.638368,0</coordinates></LineString></Placemark>
<Placemark><name>2616078</name><styleUrl>#styleDaimonCIRCUITO255TRECHO</styleUrl><LineString><coordinates>-48.417754,-7.637151,0 -48.417344,-7.637175,0</coordinates></LineString></Placemark>
<Placemark><name>72517229</name><styleUrl>#styleDaimonCIRCUITO255TRECHO</styleUrl><LineString><coordinates>-48.416203,-7.636150,0 -48.416199,-7.635951,0</coordinates></LineString></Placemark>
<Placemark><name>2772669</name><styleUrl>#styleDaimonCIRCUITO255TRECHO</styleUrl><LineString><coordinates>-48.416037,-7.638368,0 -48.416052,-7.638566,0</coordinates></LineString></Placemark>
<Placemark><name>2616079</name><styleUrl>#styleDaimonCIRCUITO255TRECHO</styleUrl><LineString><coordinates>-48.418143,-7.637129,0 -48.417754,-7.637151,0</coordinates></LineString></Placemark>
<Placemark><name>72517230</name><styleUrl>#styleDaimonCIRCUITO255TRECHO</styleUrl><LineString><coordinates>-48.416199,-7.635951,0 -48.416195,-7.635772,0</coordinates></LineString></Placemark>
<Placemark><name>2622044</name><styleUrl>#styleDaimonCIRCUITO255TRECHO</styleUrl><LineString><coordinates>-48.416052,-7.638566,0 -48.416062,-7.638980,0</coordinates></LineString></Placemark>
<Placemark><name>12072012</name><styleUrl>#styleDaimonCIRCUITO255TRECHO</styleUrl><LineString><coordinates>-48.418176,-7.637127,0 -48.418143,-7.637129,0</coordinates></LineString></Placemark>
<Placemark><name>72518279</name><styleUrl>#styleDaimonCIRCUITO255TRECHO</styleUrl><LineString><coordinates>-48.416195,-7.635772,0 -48.416183,-7.635573,0</coordinates></LineString></Placemark>
<Placemark><name>2772668</name><styleUrl>#styleDaimonCIRCUITO255TRECHO</styleUrl><LineString><coordinates>-48.416062,-7.638980,0 -48.416075,-7.639387,0</coordinates></LineString></Placemark>
<Placemark><name>3244734</name><styleUrl>#styleDaimonCIRCUITO255TRECHO</styleUrl><LineString><coordinates>-48.418643,-7.637100,0 -48.418176,-7.637127,0</coordinates></LineString></Placemark>
<Placemark><name>72517212</name><styleUrl>#styleDaimonCIRCUITO255TRECHO</styleUrl><LineString><coordinates>-48.416183,-7.635573,0 -48.416174,-7.635412,0</coordinates></LineString></Placemark>
<Placemark><name>72518288</name><styleUrl>#styleDaimonCIRCUITO255TRECHO</styleUrl><LineString><coordinates>-48.416183,-7.635573,0 -48.416232,-7.635571,0</coordinates></LineString></Placemark>
<Placemark><name>72517348</name><styleUrl>#styleDaimonCIRCUITO255TRECHO</styleUrl><LineString><coordinates>-48.416183,-7.635573,0 -48.415923,-7.635586,0</coordinates></LineString></Placemark>
<Placemark><name>2772671</name><styleUrl>#styleDaimonCIRCUITO255TRECHO</styleUrl><LineString><coordinates>-48.416075,-7.639387,0 -48.416084,-7.639585,0</coordinates></LineString></Placemark>
<Placemark><name>42043092</name><styleUrl>#styleDaimonCIRCUITO255TRECHO</styleUrl><LineString><coordinates>-48.418713,-7.637096,0 -48.418643,-7.637100,0</coordinates></LineString></Placemark>
<Placemark><name>72517349</name><styleUrl>#styleDaimonCIRCUITO255TRECHO</styleUrl><LineString><coordinates>-48.415923,-7.635586,0 -48.415598,-7.635603,0</coordinates></LineString></Placemark>
<Placemark><name>3506385</name><styleUrl>#styleDaimonCIRCUITO255TRECHO</styleUrl><LineString><coordinates>-48.416084,-7.639585,0 -48.416095,-7.639848,0</coordinates></LineString></Placemark>
<Placemark><name>2616080</name><styleUrl>#styleDaimonCIRCUITO255TRECHO</styleUrl><LineString><coordinates>-48.418980,-7.637080,0 -48.418713,-7.637096,0</coordinates></LineString></Placemark>
<Placemark><name>72517350</name><styleUrl>#styleDaimonCIRCUITO255TRECHO</styleUrl><LineString><coordinates>-48.415598,-7.635603,0 -48.415337,-7.635392,0</coordinates></LineString></Placemark>
<Placemark><name>3506384</name><styleUrl>#styleDaimonCIRCUITO255TRECHO</styleUrl><LineString><coordinates>-48.416095,-7.639848,0 -48.416107,-7.640184,0</coordinates></LineString></Placemark>
<Placemark><name>2616081</name><styleUrl>#styleDaimonCIRCUITO255TRECHO</styleUrl><LineString><coordinates>-48.419299,-7.637062,0 -48.418980,-7.637080,0</coordinates></LineString></Placemark>
<Placemark><name>72517351</name><styleUrl>#styleDaimonCIRCUITO255TRECHO</styleUrl><LineString><coordinates>-48.415337,-7.635392,0 -48.415027,-7.635444,0</coordinates></LineString></Placemark>
<Placemark><name>2731446</name><styleUrl>#styleDaimonCIRCUITO255TRECHO</styleUrl><LineString><coordinates>-48.416107,-7.640184,0 -48.416119,-7.640530,0</coordinates></LineString></Placemark>
<Placemark><name>2616082</name><styleUrl>#styleDaimonCIRCUITO255TRECHO</styleUrl><LineString><coordinates>-48.419704,-7.637039,0 -48.419299,-7.637062,0</coordinates></LineString></Placemark>
<Placemark><name>72517352</name><styleUrl>#styleDaimonCIRCUITO255TRECHO</styleUrl><LineString><coordinates>-48.415027,-7.635444,0 -48.414715,-7.635501,0</coordinates></LineString></Placemark>
<Placemark><name>2730554</name><styleUrl>#styleDaimonCIRCUITO255TRECHO</styleUrl><LineString><coordinates>-48.416119,-7.640530,0 -48.416132,-7.640892,0</coordinates></LineString></Placemark>
<Placemark><name>2616083</name><styleUrl>#styleDaimonCIRCUITO255TRECHO</styleUrl><LineString><coordinates>-48.420016,-7.637021,0 -48.419704,-7.637039,0</coordinates></LineString></Placemark>
<Placemark><name>72517353</name><styleUrl>#styleDaimonCIRCUITO255TRECHO</styleUrl><LineString><coordinates>-48.414715,-7.635501,0 -48.414396,-7.635627,0</coordinates></LineString></Placemark>
<Placemark><name>2731875</name><styleUrl>#styleDaimonCIRCUITO255TRECHO</styleUrl><LineString><coordinates>-48.416132,-7.640892,0 -48.416143,-7.641209,0</coordinates></LineString></Placemark>
<Placemark><name>2616084</name><styleUrl>#styleDaimonCIRCUITO255TRECHO</styleUrl><LineString><coordinates>-48.420315,-7.637003,0 -48.420016,-7.637021,0</coordinates></LineString></Placemark>
<Placemark><name>72517354</name><styleUrl>#styleDaimonCIRCUITO255TRECHO</styleUrl><LineString><coordinates>-48.414396,-7.635627,0 -48.414075,-7.635754,0</coordinates></LineString></Placemark>
<Placemark><name>3510572</name><styleUrl>#styleDaimonCIRCUITO255TRECHO</styleUrl><LineString><coordinates>-48.416143,-7.641209,0 -48.416158,-7.641632,0</coordinates></LineString></Placemark>
<Placemark><name>2619906</name><styleUrl>#styleDaimonCIRCUITO255TRECHO</styleUrl><LineString><coordinates>-48.420680,-7.636983,0 -48.420315,-7.637003,0</coordinates></LineString></Placemark>
<Placemark><name>72517355</name><styleUrl>#styleDaimonCIRCUITO255TRECHO</styleUrl><LineString><coordinates>-48.414075,-7.635754,0 -48.413777,-7.635875,0</coordinates></LineString></Placemark>
<Placemark><name>3505646</name><styleUrl>#styleDaimonCIRCUITO255TRECHO</styleUrl><LineString><coordinates>-48.416158,-7.641632,0 -48.416165,-7.641834,0</coordinates></LineString></Placemark>
<Placemark><name>3516018</name><styleUrl>#styleDaimonCIRCUITO255TRECHO</styleUrl><LineString><coordinates>-48.421155,-7.636956,0 -48.420680,-7.636983,0</coordinates></LineString></Placemark>
<Placemark><name>2615324</name><styleUrl>#styleDaimonCIRCUITO255TRECHO</styleUrl><LineString><coordinates>-48.416165,-7.641834,0 -48.416176,-7.642148,0</coordinates></LineString></Placemark>
<Placemark><name>2734015</name><styleUrl>#styleDaimonCIRCUITO255TRECHO</styleUrl><LineString><coordinates>-48.421549,-7.636933,0 -48.421155,-7.636956,0</coordinates></LineString></Placemark>
<Placemark><name>2615323</name><styleUrl>#styleDaimonCIRCUITO255TRECHO</styleUrl><LineString><coordinates>-48.416176,-7.642148,0 -48.416186,-7.642422,0</coordinates></LineString></Placemark>
<Placemark><name>2733905</name><styleUrl>#styleDaimonCIRCUITO255TRECHO</styleUrl><LineString><coordinates>-48.421949,-7.636910,0 -48.421549,-7.636933,0</coordinates></LineString></Placemark>
<Placemark><name>2731874</name><styleUrl>#styleDaimonCIRCUITO255TRECHO</styleUrl><LineString><coordinates>-48.416186,-7.642422,0 -48.416200,-7.642791,0</coordinates></LineString></Placemark>
<Placemark><name>3509392</name><styleUrl>#styleDaimonCIRCUITO255TRECHO</styleUrl><LineString><coordinates>-48.422305,-7.636890,0 -48.421949,-7.636910,0</coordinates></LineString></Placemark>
<Placemark><name>2731083</name><styleUrl>#styleDaimonCIRCUITO255TRECHO</styleUrl><LineString><coordinates>-48.416200,-7.642791,0 -48.416210,-7.643099,0</coordinates></LineString></Placemark>
<Placemark><name>12073021</name><styleUrl>#styleDaimonCIRCUITO255TRECHO</styleUrl><LineString><coordinates>-48.422336,-7.636889,0 -48.422305,-7.636890,0</coordinates></LineString></Placemark>
<Placemark><name>3657043</name><styleUrl>#styleDaimonCIRCUITO255TRECHO</styleUrl><LineString><coordinates>-48.422412,-7.636885,0 -48.422336,-7.636889,0</coordinates></LineString></Placemark>
<Placemark><name>3657040</name><styleUrl>#styleDaimonCIRCUITO255TRECHO</styleUrl><LineString><coordinates>-48.422412,-7.636885,0 -48.422400,-7.636929,0</coordinates></LineString></Placemark>
<Placemark><name>3509391</name><styleUrl>#styleDaimonCIRCUITO255TRECHO</styleUrl><LineString><coordinates>-48.422838,-7.636862,0 -48.422412,-7.636885,0</coordinates></LineString></Placemark>
<Placemark><name>3657042</name><styleUrl>#styleDaimonCIRCUITO255TRECHO</styleUrl><LineString><coordinates>-48.422412,-7.636885,0 -48.422485,-7.636779,0</coordinates></LineString></Placemark>
<Placemark><name>3657041</name><styleUrl>#styleDaimonCIRCUITO255TRECHO</styleUrl><LineString><coordinates>-48.422400,-7.636929,0 -48.422414,-7.637251,0</coordinates></LineString></Placemark>
<Placemark><name>3509390</name><styleUrl>#styleDaimonCIRCUITO255TRECHO</styleUrl><LineString><coordinates>-48.423140,-7.636847,0 -48.422838,-7.636862,0</coordinates></LineString></Placemark>
<Placemark><name>3509389</name><styleUrl>#styleDaimonCIRCUITO255TRECHO</styleUrl><LineString><coordinates>-48.423503,-7.636828,0 -48.423140,-7.636847,0</coordinates></LineString></Placemark>
<Placemark><name>3522887</name><styleUrl>#styleDaimonCIRCUITO255TRECHO</styleUrl><LineString><coordinates>-48.423535,-7.636827,0 -48.423503,-7.636828,0</coordinates></LineString></Placemark>
<Placemark><name>41156930</name><styleUrl>#styleDaimonCIRCUITO255TRECHO</styleUrl><LineString><coordinates>-48.423535,-7.636827,0 -48.423542,-7.636943,0</coordinates></LineString></Placemark>
<Placemark><name>41154063</name><styleUrl>#styleDaimonCIRCUITO255TRECHO</styleUrl><LineString><coordinates>-48.423535,-7.636827,0 -48.423831,-7.636811,0</coordinates></LineString></Placemark>
<Placemark><name>41156942</name><styleUrl>#styleDaimonCIRCUITO255TRECHO</styleUrl><LineString><coordinates>-48.423519,-7.636530,0 -48.423535,-7.636827,0</coordinates></LineString></Placemark>
<Placemark><name>2732927</name><styleUrl>#styleDaimonCIRCUITO255TRECHO</styleUrl><LineString><coordinates>-48.423831,-7.636811,0 -48.424587,-7.636773,0</coordinates></LineString></Placemark>
<Placemark><name>41156867</name><styleUrl>#styleDaimonCIRCUITO255TRECHO</styleUrl><LineString><coordinates>-48.423493,-7.636064,0 -48.423519,-7.636530,0</coordinates></LineString></Placemark>
<Placemark><name>2617124</name><styleUrl>#styleDaimonCIRCUITO255TRECHO</styleUrl><LineString><coordinates>-48.423519,-7.636530,0 -48.423502,-7.636543,0</coordinates></LineString></Placemark>
<Placemark><name>3519546</name><styleUrl>#styleDaimonCIRCUITO255TRECHO</styleUrl><LineString><coordinates>-48.424587,-7.636773,0 -48.424990,-7.636752,0</coordinates></LineString></Placemark>
<Placemark><name>41156866</name><styleUrl>#styleDaimonCIRCUITO255TRECHO</styleUrl><LineString><coordinates>-48.423487,-7.635724,0 -48.423493,-7.636064,0</coordinates></LineString></Placemark>
<Placemark><name>2619073</name><styleUrl>#styleDaimonCIRCUITO255TRECHO</styleUrl><LineString><coordinates>-48.424990,-7.636752,0 -48.425334,-7.636734,0</coordinates></LineString></Placemark>
<Placemark><name>41156865</name><styleUrl>#styleDaimonCIRCUITO255TRECHO</styleUrl><LineString><coordinates>-48.423466,-7.635361,0 -48.423487,-7.635724,0</coordinates></LineString></Placemark>
<Placemark><name>2619072</name><styleUrl>#styleDaimonCIRCUITO255TRECHO</styleUrl><LineString><coordinates>-48.425334,-7.636734,0 -48.425656,-7.636718,0</coordinates></LineString></Placemark>
<Placemark><name>41156864</name><styleUrl>#styleDaimonCIRCUITO255TRECHO</styleUrl><LineString><coordinates>-48.423447,-7.635000,0 -48.423466,-7.635361,0</coordinates></LineString></Placemark>
<Placemark><name>2619071</name><styleUrl>#styleDaimonCIRCUITO255TRECHO</styleUrl><LineString><coordinates>-48.425656,-7.636718,0 -48.426006,-7.636700,0</coordinates></LineString></Placemark>
<Placemark><name>41156863</name><styleUrl>#styleDaimonCIRCUITO255TRECHO</styleUrl><LineString><coordinates>-48.423432,-7.634690,0 -48.423447,-7.635000,0</coordinates></LineString></Placemark>
<Placemark><name>2615504</name><styleUrl>#styleDaimonCIRCUITO255TRECHO</styleUrl><LineString><coordinates>-48.426006,-7.636700,0 -48.426315,-7.636684,0</coordinates></LineString></Placemark>
<Placemark><name>3637754</name><styleUrl>#styleDaimonCIRCUITO255TRECHO</styleUrl><LineString><coordinates>-48.426315,-7.636684,0 -48.426635,-7.636669,0</coordinates></LineString></Placemark>
<Placemark><name>3662004</name><styleUrl>#styleDaimonCIRCUITO255TRECHO</styleUrl><LineString><coordinates>-48.426635,-7.636669,0 -48.426662,-7.636691,0</coordinates></LineString></Placemark>
<Placemark><name>3529637</name><styleUrl>#styleDaimonCIRCUITO255TRECHO</styleUrl><LineString><coordinates>-48.422191,-7.632802,0 -48.422196,-7.632959,0</coordinates></LineString></Placemark>
<Placemark><name>3517993</name><styleUrl>#styleDaimonCIRCUITO255TRECHO</styleUrl><LineString><coordinates>-48.420180,-7.632875,0 -48.420181,-7.632804,0</coordinates></LineString></Placemark>
<Placemark><name>3518487</name><styleUrl>#styleDaimonCIRCUITO255TRECHO</styleUrl><LineString><coordinates>-48.422671,-7.634930,0 -48.422688,-7.635264,0</coordinates></LineString></Placemark>
<Placemark><name>3518287</name><styleUrl>#styleDaimonCIRCUITO255TRECHO</styleUrl><LineString><coordinates>-48.422657,-7.634652,0 -48.422671,-7.634930,0</coordinates></LineString></Placemark>
<Placemark><name>3518488</name><styleUrl>#styleDaimonCIRCUITO255TRECHO</styleUrl><LineString><coordinates>-48.422688,-7.635264,0 -48.422705,-7.635591,0</coordinates></LineString></Placemark>
<Placemark><name>3522457</name><styleUrl>#styleDaimonCIRCUITO255TRECHO</styleUrl><LineString><coordinates>-48.422705,-7.635591,0 -48.422721,-7.635945,0</coordinates></LineString></Placemark>
<Placemark><name>3522458</name><styleUrl>#styleDaimonCIRCUITO255TRECHO</styleUrl><LineString><coordinates>-48.422721,-7.635945,0 -48.422736,-7.636233,0</coordinates></LineString></Placemark>
<Placemark><name>3522459</name><styleUrl>#styleDaimonCIRCUITO255TRECHO</styleUrl><LineString><coordinates>-48.422736,-7.636233,0 -48.422751,-7.636544,0</coordinates></LineString></Placemark>
<Placemark><name>3522460</name><styleUrl>#styleDaimonCIRCUITO255TRECHO</styleUrl><LineString><coordinates>-48.422751,-7.636544,0 -48.422762,-7.636751,0</coordinates></LineString></Placemark>
<Placemark><name>2763630</name><styleUrl>#styleDaimonCIRCUITO255TRECHO</styleUrl><LineString><coordinates>-48.422762,-7.636751,0 -48.422772,-7.636974,0</coordinates></LineString></Placemark>
<Placemark><name>3527366</name><styleUrl>#styleDaimonCIRCUITO255TRECHO</styleUrl><LineString><coordinates>-48.422772,-7.636974,0 -48.422787,-7.637267,0</coordinates></LineString></Placemark>
<Placemark><name>2763209</name><styleUrl>#styleDaimonCIRCUITO255TRECHO</styleUrl><LineString><coordinates>-48.420791,-7.633311,0 -48.420806,-7.633660,0</coordinates></LineString></Placemark>
<Placemark><name>2763208</name><styleUrl>#styleDaimonCIRCUITO255TRECHO</styleUrl><LineString><coordinates>-48.420806,-7.633660,0 -48.420823,-7.634025,0</coordinates></LineString></Placemark>
<Placemark><name>2758683</name><styleUrl>#styleDaimonCIRCUITO255TRECHO</styleUrl><LineString><coordinates>-48.420776,-7.632969,0 -48.420791,-7.633311,0</coordinates></LineString></Placemark>
<Placemark><name>2728733</name><styleUrl>#styleDaimonCIRCUITO255TRECHO</styleUrl><LineString><coordinates>-48.420823,-7.634025,0 -48.420839,-7.634364,0</coordinates></LineString></Placemark>
<Placemark><name>2737376</name><styleUrl>#styleDaimonCIRCUITO255TRECHO</styleUrl><LineString><coordinates>-48.420839,-7.634364,0 -48.420857,-7.634770,0</coordinates></LineString></Placemark>
<Placemark><name>2728024</name><styleUrl>#styleDaimonCIRCUITO255TRECHO</styleUrl><LineString><coordinates>-48.420857,-7.634770,0 -48.420865,-7.634937,0</coordinates></LineString></Placemark>
<Placemark><name>48685686</name><styleUrl>#styleDaimonCIRCUITO255TRECHO</styleUrl><LineString><coordinates>-48.420865,-7.634937,0 -48.420868,-7.634966,0</coordinates></LineString></Placemark>
<Placemark><name>48685707</name><styleUrl>#styleDaimonCIRCUITO255TRECHO</styleUrl><LineString><coordinates>-48.420868,-7.634966,0 -48.420880,-7.635274,0</coordinates></LineString></Placemark>
<Placemark><name>48685708</name><styleUrl>#styleDaimonCIRCUITO255TRECHO</styleUrl><LineString><coordinates>-48.420880,-7.635274,0 -48.420897,-7.635618,0</coordinates></LineString></Placemark>
<Placemark><name>48685694</name><styleUrl>#styleDaimonCIRCUITO255TRECHO</styleUrl><LineString><coordinates>-48.420897,-7.635618,0 -48.420915,-7.635935,0</coordinates></LineString></Placemark>
<Placemark><name>3124542</name><styleUrl>#styleDaimonCIRCUITO255TRECHO</styleUrl><LineString><coordinates>-48.422046,-7.628750,0 -48.422061,-7.629097,0</coordinates></LineString></Placemark>
<Placemark><name>3124544</name><styleUrl>#styleDaimonCIRCUITO255TRECHO</styleUrl><LineString><coordinates>-48.422061,-7.629097,0 -48.422456,-7.629085,0</coordinates></LineString></Placemark>
<Placemark><name>3124545</name><styleUrl>#styleDaimonCIRCUITO255TRECHO</styleUrl><LineString><coordinates>-48.422061,-7.629097,0 -48.421993,-7.629100,0</coordinates></LineString></Placemark>
<Placemark><name>3124543</name><styleUrl>#styleDaimonCIRCUITO255TRECHO</styleUrl><LineString><coordinates>-48.422061,-7.629097,0 -48.422066,-7.629182,0</coordinates></LineString></Placemark>
<Placemark><name>3510527</name><styleUrl>#styleDaimonCIRCUITO255TRECHO</styleUrl><LineString><coordinates>-48.421993,-7.629100,0 -48.421739,-7.629109,0</coordinates></LineString></Placemark>
<Placemark><name>3657025</name><styleUrl>#styleDaimonCIRCUITO255TRECHO</styleUrl><LineString><coordinates>-48.422400,-7.628725,0 -48.422413,-7.629005,0</coordinates></LineString></Placemark>
<Placemark><name>3657034</name><styleUrl>#styleDaimonCIRCUITO255TRECHO</styleUrl><LineString><coordinates>-48.422413,-7.629005,0 -48.422425,-7.629368,0</coordinates></LineString></Placemark>
<Placemark><name>3656740</name><styleUrl>#styleDaimonCIRCUITO255TRECHO</styleUrl><LineString><coordinates>-48.422382,-7.628446,0 -48.422400,-7.628725,0</coordinates></LineString></Placemark>
<Placemark><name>3656735</name><styleUrl>#styleDaimonCIRCUITO255TRECHO</styleUrl><LineString><coordinates>-48.422425,-7.629368,0 -48.422432,-7.629722,0</coordinates></LineString></Placemark>
<Placemark><name>3657030</name><styleUrl>#styleDaimonCIRCUITO255TRECHO</styleUrl><LineString><coordinates>-48.422366,-7.628090,0 -48.422382,-7.628446,0</coordinates></LineString></Placemark>
<Placemark><name>3657036</name><styleUrl>#styleDaimonCIRCUITO255TRECHO</styleUrl><LineString><coordinates>-48.422432,-7.629722,0 -48.422447,-7.630093,0</coordinates></LineString></Placemark>
<Placemark><name>3657024</name><styleUrl>#styleDaimonCIRCUITO255TRECHO</styleUrl><LineString><coordinates>-48.422447,-7.630093,0 -48.422459,-7.630448,0</coordinates></LineString></Placemark>
<Placemark><name>3656739</name><styleUrl>#styleDaimonCIRCUITO255TRECHO</styleUrl><LineString><coordinates>-48.422459,-7.630448,0 -48.422477,-7.630811,0</coordinates></LineString></Placemark>
<Placemark><name>3657029</name><styleUrl>#styleDaimonCIRCUITO255TRECHO</styleUrl><LineString><coordinates>-48.422477,-7.630811,0 -48.422492,-7.631026,0</coordinates></LineString></Placemark>
<Placemark><name>3657035</name><styleUrl>#styleDaimonCIRCUITO255TRECHO</styleUrl><LineString><coordinates>-48.422492,-7.631026,0 -48.422504,-7.631242,0</coordinates></LineString></Placemark>
<Placemark><name>3656734</name><styleUrl>#styleDaimonCIRCUITO255TRECHO</styleUrl><LineString><coordinates>-48.422504,-7.631242,0 -48.422524,-7.631685,0</coordinates></LineString></Placemark>
<Placemark><name>3657028</name><styleUrl>#styleDaimonCIRCUITO255TRECHO</styleUrl><LineString><coordinates>-48.422524,-7.631685,0 -48.422540,-7.631957,0</coordinates></LineString></Placemark>
<Placemark><name>50420269</name><styleUrl>#styleDaimonCIRCUITO255TRECHO</styleUrl><LineString><coordinates>-48.422540,-7.631957,0 -48.422547,-7.632124,0</coordinates></LineString></Placemark>
<Placemark><name>3656738</name><styleUrl>#styleDaimonCIRCUITO255TRECHO</styleUrl><LineString><coordinates>-48.422547,-7.632124,0 -48.422553,-7.632261,0</coordinates></LineString></Placemark>
<Placemark><name>3654943</name><styleUrl>#styleDaimonCIRCUITO255TRECHO</styleUrl><LineString><coordinates>-48.426637,-7.636668,0 -48.426654,-7.636653,0</coordinates></LineString></Placemark>
<Placemark><name>72517356</name><styleUrl>#styleDaimonCIRCUITO255TRECHO</styleUrl><LineString><coordinates>-48.413747,-7.635888,0 -48.413465,-7.635995,0</coordinates></LineString></Placemark>
<Placemark><name>72517357</name><styleUrl>#styleDaimonCIRCUITO255TRECHO</styleUrl><LineString><coordinates>-48.413465,-7.635995,0 -48.413144,-7.636126,0</coordinates></LineString></Placemark>
<Placemark><name>72517358</name><styleUrl>#styleDaimonCIRCUITO255TRECHO</styleUrl><LineString><coordinates>-48.413144,-7.636126,0 -48.412840,-7.636244,0</coordinates></LineString></Placemark>
<Placemark><name>72517359</name><styleUrl>#styleDaimonCIRCUITO255TRECHO</styleUrl><LineString><coordinates>-48.412840,-7.636244,0 -48.412548,-7.636361,0</coordinates></LineString></Placemark>
<Placemark><name>72517323</name><styleUrl>#styleDaimonCIRCUITO255TRECHO</styleUrl><LineString><coordinates>-48.412548,-7.636361,0 -48.412296,-7.636460,0</coordinates></LineString></Placemark>
<Placemark><name>3542071</name><styleUrl>#styleDaimonCIRCUITO255TRECHO</styleUrl><LineString><coordinates>-48.413783,-7.643574,0 -48.413641,-7.643643,0</coordinates></LineString></Placemark>
<Placemark><name>3542233</name><styleUrl>#styleDaimonCIRCUITO255TRECHO</styleUrl><LineString><coordinates>-48.413641,-7.643643,0 -48.413490,-7.643715,0</coordinates></LineString></Placemark>
<Placemark><name>3542235</name><styleUrl>#styleDaimonCIRCUITO255TRECHO</styleUrl><LineString><coordinates>-48.413641,-7.643643,0 -48.413641,-7.643425,0</coordinates></LineString></Placemark>
<Placemark><name>3542234</name><styleUrl>#styleDaimonCIRCUITO255TRECHO</styleUrl><LineString><coordinates>-48.413641,-7.643643,0 -48.413655,-7.643710,0</coordinates></LineString></Placemark>
<Placemark><name>3196902</name><styleUrl>#styleDaimonCIRCUITO255TRECHO</styleUrl><LineString><coordinates>-48.413993,-7.643472,0 -48.413783,-7.643574,0</coordinates></LineString></Placemark>
<Placemark><name>3196903</name><styleUrl>#styleDaimonCIRCUITO255TRECHO</styleUrl><LineString><coordinates>-48.413490,-7.643715,0 -48.413178,-7.643866,0</coordinates></LineString></Placemark>
<Placemark><name>12080043</name><styleUrl>#styleDaimonCIRCUITO255TRECHO</styleUrl><LineString><coordinates>-48.414022,-7.643469,0 -48.413993,-7.643472,0</coordinates></LineString></Placemark>
<Placemark><name>3196904</name><styleUrl>#styleDaimonCIRCUITO255TRECHO</styleUrl><LineString><coordinates>-48.413178,-7.643866,0 -48.412824,-7.644036,0</coordinates></LineString></Placemark>
<Placemark><name>2620195</name><styleUrl>#styleDaimonCIRCUITO255TRECHO</styleUrl><LineString><coordinates>-48.414169,-7.643475,0 -48.414022,-7.643469,0</coordinates></LineString></Placemark>
<Placemark><name>3196905</name><styleUrl>#styleDaimonCIRCUITO255TRECHO</styleUrl><LineString><coordinates>-48.412824,-7.644036,0 -48.412589,-7.644147,0</coordinates></LineString></Placemark>
<Placemark><name>2731231</name><styleUrl>#styleDaimonCIRCUITO255TRECHO</styleUrl><LineString><coordinates>-48.414477,-7.643445,0 -48.414169,-7.643475,0</coordinates></LineString></Placemark>
<Placemark><name>3658976</name><styleUrl>#styleDaimonCIRCUITO255TRECHO</styleUrl><LineString><coordinates>-48.414169,-7.643475,0 -48.414170,-7.643507,0</coordinates></LineString></Placemark>
<Placemark><name>3196906</name><styleUrl>#styleDaimonCIRCUITO255TRECHO</styleUrl><LineString><coordinates>-48.412589,-7.644147,0 -48.412323,-7.644274,0</coordinates></LineString></Placemark>
<Placemark><name>3518591</name><styleUrl>#styleDaimonCIRCUITO255TRECHO</styleUrl><LineString><coordinates>-48.414741,-7.643427,0 -48.414477,-7.643445,0</coordinates></LineString></Placemark>
<Placemark><name>3197170</name><styleUrl>#styleDaimonCIRCUITO255TRECHO</styleUrl><LineString><coordinates>-48.412323,-7.644274,0 -48.412073,-7.644395,0</coordinates></LineString></Placemark>
<Placemark><name>2730555</name><styleUrl>#styleDaimonCIRCUITO255TRECHO</styleUrl><LineString><coordinates>-48.415067,-7.643400,0 -48.414741,-7.643427,0</coordinates></LineString></Placemark>
<Placemark><name>3197171</name><styleUrl>#styleDaimonCIRCUITO255TRECHO</styleUrl><LineString><coordinates>-48.412073,-7.644395,0 -48.411830,-7.644510,0</coordinates></LineString></Placemark>
<Placemark><name>2730553</name><styleUrl>#styleDaimonCIRCUITO255TRECHO</styleUrl><LineString><coordinates>-48.415459,-7.643369,0 -48.415067,-7.643400,0</coordinates></LineString></Placemark>
<Placemark><name>3197172</name><styleUrl>#styleDaimonCIRCUITO255TRECHO</styleUrl><LineString><coordinates>-48.411830,-7.644510,0 -48.411596,-7.644621,0</coordinates></LineString></Placemark>
<Placemark><name>2730551</name><styleUrl>#styleDaimonCIRCUITO255TRECHO</styleUrl><LineString><coordinates>-48.415795,-7.643342,0 -48.415459,-7.643369,0</coordinates></LineString></Placemark>
<Placemark><name>3516504</name><styleUrl>#styleDaimonCIRCUITO255TRECHO</styleUrl><LineString><coordinates>-48.416121,-7.643317,0 -48.415795,-7.643342,0</coordinates></LineString></Placemark>
<Placemark><name>3123447</name><styleUrl>#styleDaimonCIRCUITO255TRECHO</styleUrl><LineString><coordinates>-48.416216,-7.643307,0 -48.416121,-7.643317,0</coordinates></LineString></Placemark>
<Placemark><name>3123448</name><styleUrl>#styleDaimonCIRCUITO255TRECHO</styleUrl><LineString><coordinates>-48.416216,-7.643307,0 -48.416604,-7.643276,0</coordinates></LineString></Placemark>
<Placemark><name>3123445</name><styleUrl>#styleDaimonCIRCUITO255TRECHO</styleUrl><LineString><coordinates>-48.416211,-7.643120,0 -48.416216,-7.643307,0</coordinates></LineString></Placemark>
<Placemark><name>3123446</name><styleUrl>#styleDaimonCIRCUITO255TRECHO</styleUrl><LineString><coordinates>-48.416216,-7.643307,0 -48.416223,-7.643444,0</coordinates></LineString></Placemark>
<Placemark><name>2619103</name><styleUrl>#styleDaimonCIRCUITO255TRECHO</styleUrl><LineString><coordinates>-48.416604,-7.643276,0 -48.416942,-7.643248,0</coordinates></LineString></Placemark>
<Placemark><name>67978330</name><styleUrl>#styleDaimonCIRCUITO255TRECHO</styleUrl><LineString><coordinates>-48.420180,-7.632786,0 -48.420153,-7.632787,0</coordinates></LineString></Placemark>
<Placemark><name>67978314</name><styleUrl>#styleDaimonCIRCUITO255TRECHO</styleUrl><LineString><coordinates>-48.420180,-7.632786,0 -48.420166,-7.632799,0</coordinates></LineString></Placemark>
<Placemark><name>3661994</name><styleUrl>#styleDaimonCIRCUITO255TRECHO</styleUrl><LineString><coordinates>-48.420181,-7.632802,0 -48.420180,-7.632786,0</coordinates></LineString></Placemark>
<Placemark><name>67978321</name><styleUrl>#styleDaimonCIRCUITO255TRECHO</styleUrl><LineString><coordinates>-48.420153,-7.632787,0 -48.420165,-7.632798,0</coordinates></LineString></Placemark>
<Placemark><name>2728731</name><styleUrl>#styleDaimonCIRCUITO255TRECHO</styleUrl><LineString><coordinates>-48.420841,-7.634768,0 -48.420688,-7.634750,0</coordinates></LineString></Placemark>
<Placemark><name>3654944</name><styleUrl>#styleDaimonCIRCUITO255TRECHO</styleUrl><LineString><coordinates>-48.426656,-7.636654,0 -48.426675,-7.636654,0</coordinates></LineString></Placemark>
<Placemark><name>3542242</name><styleUrl>#styleDaimonCIRCUITO255TRECHO</styleUrl><LineString><coordinates>-48.413607,-7.642724,0 -48.413592,-7.642376,0</coordinates></LineString></Placemark>
<Placemark><name>3542241</name><styleUrl>#styleDaimonCIRCUITO255TRECHO</styleUrl><LineString><coordinates>-48.413592,-7.642376,0 -48.413576,-7.642025,0</coordinates></LineString></Placemark>
<Placemark><name>3542244</name><styleUrl>#styleDaimonCIRCUITO255TRECHO</styleUrl><LineString><coordinates>-48.413623,-7.643063,0 -48.413607,-7.642724,0</coordinates></LineString></Placemark>
<Placemark><name>3542240</name><styleUrl>#styleDaimonCIRCUITO255TRECHO</styleUrl><LineString><coordinates>-48.413576,-7.642025,0 -48.413561,-7.641665,0</coordinates></LineString></Placemark>
<Placemark><name>3542243</name><styleUrl>#styleDaimonCIRCUITO255TRECHO</styleUrl><LineString><coordinates>-48.413639,-7.643389,0 -48.413623,-7.643063,0</coordinates></LineString></Placemark>
<Placemark><name>3542239</name><styleUrl>#styleDaimonCIRCUITO255TRECHO</styleUrl><LineString><coordinates>-48.413561,-7.641665,0 -48.413545,-7.641305,0</coordinates></LineString></Placemark>
<Placemark><name>3542238</name><styleUrl>#styleDaimonCIRCUITO255TRECHO</styleUrl><LineString><coordinates>-48.413545,-7.641305,0 -48.413531,-7.640960,0</coordinates></LineString></Placemark>
<Placemark><name>3542237</name><styleUrl>#styleDaimonCIRCUITO255TRECHO</styleUrl><LineString><coordinates>-48.413531,-7.640960,0 -48.413514,-7.640600,0</coordinates></LineString></Placemark>
<Placemark><name>3542236</name><styleUrl>#styleDaimonCIRCUITO255TRECHO</styleUrl><LineString><coordinates>-48.413514,-7.640600,0 -48.413501,-7.640284,0</coordinates></LineString></Placemark>
<Placemark><name>3196901</name><styleUrl>#styleDaimonCIRCUITO255TRECHO</styleUrl><LineString><coordinates>-48.411425,-7.644705,0 -48.410377,-7.645168,0</coordinates></LineString></Placemark>
<Placemark><name>3517551</name><styleUrl>#styleDaimonCIRCUITO255TRECHO</styleUrl><LineString><coordinates>-48.410377,-7.645168,0 -48.409150,-7.645634,0</coordinates></LineString></Placemark>
<Placemark><name>12083657</name><styleUrl>#styleDaimonCIRCUITO255TRECHO</styleUrl><LineString><coordinates>-48.411454,-7.644689,0 -48.411425,-7.644705,0</coordinates></LineString></Placemark>
<Placemark><name>3517550</name><styleUrl>#styleDaimonCIRCUITO255TRECHO</styleUrl><LineString><coordinates>-48.409150,-7.645634,0 -48.407841,-7.646156,0</coordinates></LineString></Placemark>
<Placemark><name>3196900</name><styleUrl>#styleDaimonCIRCUITO255TRECHO</styleUrl><LineString><coordinates>-48.411583,-7.644628,0 -48.411454,-7.644689,0</coordinates></LineString></Placemark>
<Placemark><name>3517549</name><styleUrl>#styleDaimonCIRCUITO255TRECHO</styleUrl><LineString><coordinates>-48.407841,-7.646156,0 -48.406532,-7.646671,0</coordinates></LineString></Placemark>
<Placemark><name>2731503</name><styleUrl>#styleDaimonCIRCUITO255TRECHO</styleUrl><LineString><coordinates>-48.418979,-7.643084,0 -48.418975,-7.643017,0</coordinates></LineString></Placemark>
<Placemark><name>3517939</name><styleUrl>#styleDaimonCIRCUITO255TRECHO</styleUrl><LineString><coordinates>-48.418975,-7.643017,0 -48.418966,-7.642862,0</coordinates></LineString></Placemark>
<Placemark><name>2731504</name><styleUrl>#styleDaimonCIRCUITO255TRECHO</styleUrl><LineString><coordinates>-48.418979,-7.643084,0 -48.418995,-7.643337,0</coordinates></LineString></Placemark>
<Placemark><name>2731502</name><styleUrl>#styleDaimonCIRCUITO255TRECHO</styleUrl><LineString><coordinates>-48.418658,-7.643111,0 -48.418979,-7.643084,0</coordinates></LineString></Placemark>
<Placemark><name>2731501</name><styleUrl>#styleDaimonCIRCUITO255TRECHO</styleUrl><LineString><coordinates>-48.418979,-7.643084,0 -48.419050,-7.643079,0</coordinates></LineString></Placemark>
<Placemark><name>3517938</name><styleUrl>#styleDaimonCIRCUITO255TRECHO</styleUrl><LineString><coordinates>-48.418966,-7.642862,0 -48.418952,-7.642603,0</coordinates></LineString></Placemark>
<Placemark><name>3508151</name><styleUrl>#styleDaimonCIRCUITO255TRECHO</styleUrl><LineString><coordinates>-48.418243,-7.643144,0 -48.418658,-7.643111,0</coordinates></LineString></Placemark>
<Placemark><name>2728515</name><styleUrl>#styleDaimonCIRCUITO255TRECHO</styleUrl><LineString><coordinates>-48.418952,-7.642603,0 -48.418934,-7.642281,0</coordinates></LineString></Placemark>
<Placemark><name>2731448</name><styleUrl>#styleDaimonCIRCUITO255TRECHO</styleUrl><LineString><coordinates>-48.417898,-7.643172,0 -48.418243,-7.643144,0</coordinates></LineString></Placemark>
<Placemark><name>2729243</name><styleUrl>#styleDaimonCIRCUITO255TRECHO</styleUrl><LineString><coordinates>-48.418934,-7.642281,0 -48.418919,-7.642062,0</coordinates></LineString></Placemark>
<Placemark><name>2731449</name><styleUrl>#styleDaimonCIRCUITO255TRECHO</styleUrl><LineString><coordinates>-48.417609,-7.643195,0 -48.417898,-7.643172,0</coordinates></LineString></Placemark>
<Placemark><name>2729245</name><styleUrl>#styleDaimonCIRCUITO255TRECHO</styleUrl><LineString><coordinates>-48.418919,-7.642062,0 -48.418582,-7.642082,0</coordinates></LineString></Placemark>
<Placemark><name>2729244</name><styleUrl>#styleDaimonCIRCUITO255TRECHO</styleUrl><LineString><coordinates>-48.418919,-7.642062,0 -48.418974,-7.642060,0</coordinates></LineString></Placemark>
<Placemark><name>2729242</name><styleUrl>#styleDaimonCIRCUITO255TRECHO</styleUrl><LineString><coordinates>-48.418919,-7.642062,0 -48.418913,-7.641927,0</coordinates></LineString></Placemark>
<Placemark><name>3508152</name><styleUrl>#styleDaimonCIRCUITO255TRECHO</styleUrl><LineString><coordinates>-48.417355,-7.643216,0 -48.417609,-7.643195,0</coordinates></LineString></Placemark>
<Placemark><name>3505427</name><styleUrl>#styleDaimonCIRCUITO255TRECHO</styleUrl><LineString><coordinates>-48.418582,-7.642082,0 -48.418239,-7.642101,0</coordinates></LineString></Placemark>
<Placemark><name>3517659</name><styleUrl>#styleDaimonCIRCUITO255TRECHO</styleUrl><LineString><coordinates>-48.418913,-7.641927,0 -48.418899,-7.641693,0</coordinates></LineString></Placemark>
<Placemark><name>3123814</name><styleUrl>#styleDaimonCIRCUITO255TRECHO</styleUrl><LineString><coordinates>-48.417156,-7.643231,0 -48.417355,-7.643216,0</coordinates></LineString></Placemark>
<Placemark><name>3517658</name><styleUrl>#styleDaimonCIRCUITO255TRECHO</styleUrl><LineString><coordinates>-48.418899,-7.641693,0 -48.418883,-7.641402,0</coordinates></LineString></Placemark>
<Placemark><name>3123444</name><styleUrl>#styleDaimonCIRCUITO255TRECHO</styleUrl><LineString><coordinates>-48.417156,-7.643231,0 -48.417169,-7.643425,0</coordinates></LineString></Placemark>
<Placemark><name>3123815</name><styleUrl>#styleDaimonCIRCUITO255TRECHO</styleUrl><LineString><coordinates>-48.416964,-7.643247,0 -48.417156,-7.643231,0</coordinates></LineString></Placemark>
<Placemark><name>3123443</name><styleUrl>#styleDaimonCIRCUITO255TRECHO</styleUrl><LineString><coordinates>-48.417156,-7.643231,0 -48.417147,-7.643074,0</coordinates></LineString></Placemark>
<Placemark><name>2621218</name><styleUrl>#styleDaimonCIRCUITO255TRECHO</styleUrl><LineString><coordinates>-48.418883,-7.641402,0 -48.418865,-7.641087,0</coordinates></LineString></Placemark>
<Placemark><name>2762919</name><styleUrl>#styleDaimonCIRCUITO255TRECHO</styleUrl><LineString><coordinates>-48.417169,-7.643425,0 -48.417191,-7.643783,0</coordinates></LineString></Placemark>
<Placemark><name>2619104</name><styleUrl>#styleDaimonCIRCUITO255TRECHO</styleUrl><LineString><coordinates>-48.418865,-7.641087,0 -48.418851,-7.640842,0</coordinates></LineString></Placemark>
<Placemark><name>2619102</name><styleUrl>#styleDaimonCIRCUITO255TRECHO</styleUrl><LineString><coordinates>-48.418851,-7.640842,0 -48.418837,-7.640609,0</coordinates></LineString></Placemark>
<Placemark><name>3123266</name><styleUrl>#styleDaimonCIRCUITO255TRECHO</styleUrl><LineString><coordinates>-48.418837,-7.640609,0 -48.418827,-7.640441,0</coordinates></LineString></Placemark>
<Placemark><name>3123268</name><styleUrl>#styleDaimonCIRCUITO255TRECHO</styleUrl><LineString><coordinates>-48.418827,-7.640441,0 -48.418920,-7.640437,0</coordinates></LineString></Placemark>
<Placemark><name>3123267</name><styleUrl>#styleDaimonCIRCUITO255TRECHO</styleUrl><LineString><coordinates>-48.418827,-7.640441,0 -48.418539,-7.640455,0</coordinates></LineString></Placemark>
<Placemark><name>3125242</name><styleUrl>#styleDaimonCIRCUITO255TRECHO</styleUrl><LineString><coordinates>-48.418827,-7.640441,0 -48.418821,-7.640335,0</coordinates></LineString></Placemark>
<Placemark><name>2729235</name><styleUrl>#styleDaimonCIRCUITO255TRECHO</styleUrl><LineString><coordinates>-48.418821,-7.640335,0 -48.418803,-7.640022,0</coordinates></LineString></Placemark>
<Placemark><name>2619146</name><styleUrl>#styleDaimonCIRCUITO255TRECHO</styleUrl><LineString><coordinates>-48.418803,-7.640022,0 -48.418784,-7.639679,0</coordinates></LineString></Placemark>
<Placemark><name>2731075</name><styleUrl>#styleDaimonCIRCUITO255TRECHO</styleUrl><LineString><coordinates>-48.418784,-7.639679,0 -48.418768,-7.639388,0</coordinates></LineString></Placemark>
<Placemark><name>2731876</name><styleUrl>#styleDaimonCIRCUITO255TRECHO</styleUrl><LineString><coordinates>-48.418768,-7.639388,0 -48.418752,-7.639079,0</coordinates></LineString></Placemark>
<Placemark><name>3517257</name><styleUrl>#styleDaimonCIRCUITO255TRECHO</styleUrl><LineString><coordinates>-48.418752,-7.639079,0 -48.418733,-7.638746,0</coordinates></LineString></Placemark>
<Placemark><name>2620009</name><styleUrl>#styleDaimonCIRCUITO255TRECHO</styleUrl><LineString><coordinates>-48.418733,-7.638746,0 -48.418715,-7.638414,0</coordinates></LineString></Placemark>
<Placemark><name>2620008</name><styleUrl>#styleDaimonCIRCUITO255TRECHO</styleUrl><LineString><coordinates>-48.418715,-7.638414,0 -48.418701,-7.638167,0</coordinates></LineString></Placemark>
<Placemark><name>2620007</name><styleUrl>#styleDaimonCIRCUITO255TRECHO</styleUrl><LineString><coordinates>-48.418701,-7.638167,0 -48.418685,-7.637866,0</coordinates></LineString></Placemark>
<Placemark><name>3123692</name><styleUrl>#styleDaimonCIRCUITO255TRECHO</styleUrl><LineString><coordinates>-48.418685,-7.637866,0 -48.418679,-7.637749,0</coordinates></LineString></Placemark>
<Placemark><name>3123690</name><styleUrl>#styleDaimonCIRCUITO255TRECHO</styleUrl><LineString><coordinates>-48.418679,-7.637749,0 -48.418406,-7.637766,0</coordinates></LineString></Placemark>
<Placemark><name>3123691</name><styleUrl>#styleDaimonCIRCUITO255TRECHO</styleUrl><LineString><coordinates>-48.418679,-7.637749,0 -48.418667,-7.637541,0</coordinates></LineString></Placemark>
<Placemark><name>3123689</name><styleUrl>#styleDaimonCIRCUITO255TRECHO</styleUrl><LineString><coordinates>-48.418679,-7.637749,0 -48.418770,-7.637742,0</coordinates></LineString></Placemark>
<Placemark><name>2732057</name><styleUrl>#styleDaimonCIRCUITO255TRECHO</styleUrl><LineString><coordinates>-48.418406,-7.637766,0 -48.418055,-7.637788,0</coordinates></LineString></Placemark>
<Placemark><name>3511770</name><styleUrl>#styleDaimonCIRCUITO255TRECHO</styleUrl><LineString><coordinates>-48.418667,-7.637541,0 -48.418646,-7.637152,0</coordinates></LineString></Placemark>
<Placemark><name>2730953</name><styleUrl>#styleDaimonCIRCUITO255TRECHO</styleUrl><LineString><coordinates>-48.427127,-7.636632,0 -48.427140,-7.636933,0</coordinates></LineString></Placemark>
<Placemark><name>2730955</name><styleUrl>#styleDaimonCIRCUITO255TRECHO</styleUrl><LineString><coordinates>-48.427041,-7.636645,0 -48.427127,-7.636632,0</coordinates></LineString></Placemark>
<Placemark><name>46336588</name><styleUrl>#styleDaimonCIRCUITO255TRECHO</styleUrl><LineString><coordinates>-48.427127,-7.636632,0 -48.427401,-7.636587,0</coordinates></LineString></Placemark>
<Placemark><name>2730952</name><styleUrl>#styleDaimonCIRCUITO255TRECHO</styleUrl><LineString><coordinates>-48.427127,-7.636632,0 -48.427121,-7.636526,0</coordinates></LineString></Placemark>
<Placemark><name>12079351</name><styleUrl>#styleDaimonCIRCUITO255TRECHO</styleUrl><LineString><coordinates>-48.427008,-7.636649,0 -48.427041,-7.636645,0</coordinates></LineString></Placemark>
<Placemark><name>46336600</name><styleUrl>#styleDaimonCIRCUITO255TRECHO</styleUrl><LineString><coordinates>-48.427401,-7.636587,0 -48.427431,-7.636582,0</coordinates></LineString></Placemark>
<Placemark><name>2726050</name><styleUrl>#styleDaimonCIRCUITO255TRECHO</styleUrl><LineString><coordinates>-48.427121,-7.636526,0 -48.427101,-7.636144,0</coordinates></LineString></Placemark>
<Placemark><name>2726052</name><styleUrl>#styleDaimonCIRCUITO255TRECHO</styleUrl><LineString><coordinates>-48.426695,-7.636666,0 -48.427008,-7.636649,0</coordinates></LineString></Placemark>
<Placemark><name>2730954</name><styleUrl>#styleDaimonCIRCUITO255TRECHO</styleUrl><LineString><coordinates>-48.427431,-7.636582,0 -48.427786,-7.636524,0</coordinates></LineString></Placemark>
<Placemark><name>2729284</name><styleUrl>#styleDaimonCIRCUITO255TRECHO</styleUrl><LineString><coordinates>-48.427101,-7.636144,0 -48.427090,-7.635928,0</coordinates></LineString></Placemark>
<Placemark><name>3662003</name><styleUrl>#styleDaimonCIRCUITO255TRECHO</styleUrl><LineString><coordinates>-48.426695,-7.636666,0 -48.426665,-7.636689,0</coordinates></LineString></Placemark>
<Placemark><name>3654942</name><styleUrl>#styleDaimonCIRCUITO255TRECHO</styleUrl><LineString><coordinates>-48.426678,-7.636655,0 -48.426695,-7.636666,0</coordinates></LineString></Placemark>
<Placemark><name>3517548</name><styleUrl>#styleDaimonCIRCUITO255TRECHO</styleUrl><LineString><coordinates>-48.406330,-7.646757,0 -48.404504,-7.647531,0</coordinates></LineString></Placemark>
<Placemark><name>24574868</name><styleUrl>#styleDaimonCIRCUITO255TRECHO</styleUrl><LineString><coordinates>-48.404504,-7.647531,0 -48.404334,-7.647537,0</coordinates></LineString></Placemark>
<Placemark><name>12071994</name><styleUrl>#styleDaimonCIRCUITO255TRECHO</styleUrl><LineString><coordinates>-48.415445,-7.637687,0 -48.415425,-7.637673,0</coordinates></LineString></Placemark>
<Placemark><name>2728732</name><styleUrl>#styleDaimonCIRCUITO255TRECHO</styleUrl><LineString><coordinates>-48.415425,-7.637673,0 -48.415359,-7.637680,0</coordinates></LineString></Placemark>
<Placemark><name>2594381</name><styleUrl>#styleDaimonCIRCUITO255TRECHO</styleUrl><LineString><coordinates>-48.415626,-7.637912,0 -48.415445,-7.637687,0</coordinates></LineString></Placemark>
<Placemark><name>12072671</name><styleUrl>#styleDaimonCIRCUITO255TRECHO</styleUrl><LineString><coordinates>-48.415636,-7.637941,0 -48.415626,-7.637912,0</coordinates></LineString></Placemark>
<Placemark><name>2594383</name><styleUrl>#styleDaimonCIRCUITO255TRECHO</styleUrl><LineString><coordinates>-48.415771,-7.637931,0 -48.415636,-7.637941,0</coordinates></LineString></Placemark>
<Placemark><name>2594380</name><styleUrl>#styleDaimonCIRCUITO255TRECHO</styleUrl><LineString><coordinates>-48.415636,-7.637941,0 -48.415538,-7.637946,0</coordinates></LineString></Placemark>
<Placemark><name>12072672</name><styleUrl>#styleDaimonCIRCUITO255TRECHO</styleUrl><LineString><coordinates>-48.415802,-7.637931,0 -48.415771,-7.637931,0</coordinates></LineString></Placemark>
<Placemark><name>2594382</name><styleUrl>#styleDaimonCIRCUITO255TRECHO</styleUrl><LineString><coordinates>-48.415936,-7.637922,0 -48.415802,-7.637931,0</coordinates></LineString></Placemark>
<Placemark><name>2726998</name><styleUrl>#styleDaimonCIRCUITO255TRECHO</styleUrl><LineString><coordinates>-48.416160,-7.637908,0 -48.415936,-7.637922,0</coordinates></LineString></Placemark>
<Placemark><name>2728023</name><styleUrl>#styleDaimonCIRCUITO255TRECHO</styleUrl><LineString><coordinates>-48.416568,-7.637882,0 -48.416160,-7.637908,0</coordinates></LineString></Placemark>
<Placemark><name>2728022</name><styleUrl>#styleDaimonCIRCUITO255TRECHO</styleUrl><LineString><coordinates>-48.416958,-7.637857,0 -48.416568,-7.637882,0</coordinates></LineString></Placemark>
<Placemark><name>2737550</name><styleUrl>#styleDaimonCIRCUITO255TRECHO</styleUrl><LineString><coordinates>-48.417295,-7.637836,0 -48.416958,-7.637857,0</coordinates></LineString></Placemark>
<Placemark><name>2737549</name><styleUrl>#styleDaimonCIRCUITO255TRECHO</styleUrl><LineString><coordinates>-48.417696,-7.637810,0 -48.417295,-7.637836,0</coordinates></LineString></Placemark>
<Placemark><name>2615093</name><styleUrl>#styleDaimonCIRCUITO255TRECHO</styleUrl><LineString><coordinates>-48.418019,-7.637790,0 -48.417696,-7.637810,0</coordinates></LineString></Placemark>
<Placemark><name>2730721</name><styleUrl>#styleDaimonCIRCUITO255TRECHO</styleUrl><LineString><coordinates>-48.417118,-7.633037,0 -48.416763,-7.633063,0</coordinates></LineString></Placemark>
<Placemark><name>3517722</name><styleUrl>#styleDaimonCIRCUITO255TRECHO</styleUrl><LineString><coordinates>-48.417398,-7.633022,0 -48.417118,-7.633037,0</coordinates></LineString></Placemark>
<Placemark><name>2730723</name><styleUrl>#styleDaimonCIRCUITO255TRECHO</styleUrl><LineString><coordinates>-48.416763,-7.633063,0 -48.416773,-7.633156,0</coordinates></LineString></Placemark>
<Placemark><name>2730724</name><styleUrl>#styleDaimonCIRCUITO255TRECHO</styleUrl><LineString><coordinates>-48.416763,-7.633063,0 -48.416740,-7.632774,0</coordinates></LineString></Placemark>
<Placemark><name>2730722</name><styleUrl>#styleDaimonCIRCUITO255TRECHO</styleUrl><LineString><coordinates>-48.416763,-7.633063,0 -48.416632,-7.633075,0</coordinates></LineString></Placemark>
<Placemark><name>3517721</name><styleUrl>#styleDaimonCIRCUITO255TRECHO</styleUrl><LineString><coordinates>-48.417814,-7.633001,0 -48.417398,-7.633022,0</coordinates></LineString></Placemark>
<Placemark><name>2621138</name><styleUrl>#styleDaimonCIRCUITO255TRECHO</styleUrl><LineString><coordinates>-48.416632,-7.633075,0 -48.416451,-7.633074,0</coordinates></LineString></Placemark>
<Placemark><name>3517720</name><styleUrl>#styleDaimonCIRCUITO255TRECHO</styleUrl><LineString><coordinates>-48.418172,-7.632984,0 -48.417814,-7.633001,0</coordinates></LineString></Placemark>
<Placemark><name>2729950</name><styleUrl>#styleDaimonCIRCUITO255TRECHO</styleUrl><LineString><coordinates>-48.418417,-7.632972,0 -48.418172,-7.632984,0</coordinates></LineString></Placemark>
<Placemark><name>2729949</name><styleUrl>#styleDaimonCIRCUITO255TRECHO</styleUrl><LineString><coordinates>-48.418417,-7.632972,0 -48.418537,-7.632965,0</coordinates></LineString></Placemark>
<Placemark><name>2729952</name><styleUrl>#styleDaimonCIRCUITO255TRECHO</styleUrl><LineString><coordinates>-48.418417,-7.632972,0 -48.418399,-7.632661,0</coordinates></LineString></Placemark>
<Placemark><name>2729951</name><styleUrl>#styleDaimonCIRCUITO255TRECHO</styleUrl><LineString><coordinates>-48.418422,-7.633074,0 -48.418417,-7.632972,0</coordinates></LineString></Placemark>
<Placemark><name>2622043</name><styleUrl>#styleDaimonCIRCUITO255TRECHO</styleUrl><LineString><coordinates>-48.418537,-7.632965,0 -48.418817,-7.632950,0</coordinates></LineString></Placemark>
<Placemark><name>2620842</name><styleUrl>#styleDaimonCIRCUITO255TRECHO</styleUrl><LineString><coordinates>-48.418439,-7.633382,0 -48.418422,-7.633074,0</coordinates></LineString></Placemark>
<Placemark><name>2622042</name><styleUrl>#styleDaimonCIRCUITO255TRECHO</styleUrl><LineString><coordinates>-48.418817,-7.632950,0 -48.419092,-7.632937,0</coordinates></LineString></Placemark>
<Placemark><name>2621136</name><styleUrl>#styleDaimonCIRCUITO255TRECHO</styleUrl><LineString><coordinates>-48.418457,-7.633714,0 -48.418439,-7.633382,0</coordinates></LineString></Placemark>
<Placemark><name>3615853</name><styleUrl>#styleDaimonCIRCUITO255TRECHO</styleUrl><LineString><coordinates>-48.419092,-7.632937,0 -48.419268,-7.632927,0</coordinates></LineString></Placemark>
<Placemark><name>2621140</name><styleUrl>#styleDaimonCIRCUITO255TRECHO</styleUrl><LineString><coordinates>-48.418472,-7.633995,0 -48.418457,-7.633714,0</coordinates></LineString></Placemark>
<Placemark><name>2621142</name><styleUrl>#styleDaimonCIRCUITO255TRECHO</styleUrl><LineString><coordinates>-48.418491,-7.634340,0 -48.418472,-7.633995,0</coordinates></LineString></Placemark>
<Placemark><name>3509065</name><styleUrl>#styleDaimonCIRCUITO255TRECHO</styleUrl><LineString><coordinates>-48.418508,-7.634652,0 -48.418491,-7.634340,0</coordinates></LineString></Placemark>
<Placemark><name>3509393</name><styleUrl>#styleDaimonCIRCUITO255TRECHO</styleUrl><LineString><coordinates>-48.418524,-7.634938,0 -48.418508,-7.634652,0</coordinates></LineString></Placemark>
<Placemark><name>3509394</name><styleUrl>#styleDaimonCIRCUITO255TRECHO</styleUrl><LineString><coordinates>-48.418541,-7.635245,0 -48.418524,-7.634938,0</coordinates></LineString></Placemark>
<Placemark><name>3509069</name><styleUrl>#styleDaimonCIRCUITO255TRECHO</styleUrl><LineString><coordinates>-48.418557,-7.635524,0 -48.418541,-7.635245,0</coordinates></LineString></Placemark>
<Placemark><name>3515274</name><styleUrl>#styleDaimonCIRCUITO255TRECHO</styleUrl><LineString><coordinates>-48.418575,-7.635853,0 -48.418557,-7.635524,0</coordinates></LineString></Placemark>
<Placemark><name>3515275</name><styleUrl>#styleDaimonCIRCUITO255TRECHO</styleUrl><LineString><coordinates>-48.418597,-7.636263,0 -48.418575,-7.635853,0</coordinates></LineString></Placemark>
<Placemark><name>3515276</name><styleUrl>#styleDaimonCIRCUITO255TRECHO</styleUrl><LineString><coordinates>-48.418611,-7.636524,0 -48.418597,-7.636263,0</coordinates></LineString></Placemark>
<Placemark><name>3515277</name><styleUrl>#styleDaimonCIRCUITO255TRECHO</styleUrl><LineString><coordinates>-48.418623,-7.636729,0 -48.418611,-7.636524,0</coordinates></LineString></Placemark>
<Placemark><name>3244735</name><styleUrl>#styleDaimonCIRCUITO255TRECHO</styleUrl><LineString><coordinates>-48.418643,-7.637099,0 -48.418623,-7.636729,0</coordinates></LineString></Placemark>
<Placemark><name>42043085</name><styleUrl>#styleDaimonCIRCUITO255TRECHO</styleUrl><LineString><coordinates>-48.418648,-7.637187,0 -48.418643,-7.637099,0</coordinates></LineString></Placemark>
<Placemark><name>2732049</name><styleUrl>#styleDaimonCIRCUITO255TRECHO</styleUrl><LineString><coordinates>-48.417470,-7.640515,0 -48.417119,-7.640534,0</coordinates></LineString></Placemark>
<Placemark><name>2732048</name><styleUrl>#styleDaimonCIRCUITO255TRECHO</styleUrl><LineString><coordinates>-48.417119,-7.640534,0 -48.416763,-7.640554,0</coordinates></LineString></Placemark>
<Placemark><name>2730309</name><styleUrl>#styleDaimonCIRCUITO255TRECHO</styleUrl><LineString><coordinates>-48.417840,-7.640495,0 -48.417470,-7.640515,0</coordinates></LineString></Placemark>
<Placemark><name>2732047</name><styleUrl>#styleDaimonCIRCUITO255TRECHO</styleUrl><LineString><coordinates>-48.416763,-7.640554,0 -48.416430,-7.640571,0</coordinates></LineString></Placemark>
<Placemark><name>2761550</name><styleUrl>#styleDaimonCIRCUITO255TRECHO</styleUrl><LineString><coordinates>-48.418172,-7.640477,0 -48.417840,-7.640495,0</coordinates></LineString></Placemark>
<Placemark><name>2730552</name><styleUrl>#styleDaimonCIRCUITO255TRECHO</styleUrl><LineString><coordinates>-48.416430,-7.640571,0 -48.416075,-7.640590,0</coordinates></LineString></Placemark>
<Placemark><name>2731280</name><styleUrl>#styleDaimonCIRCUITO255TRECHO</styleUrl><LineString><coordinates>-48.418502,-7.640457,0 -48.418172,-7.640477,0</coordinates></LineString></Placemark>
<Placemark><name>3516503</name><styleUrl>#styleDaimonCIRCUITO255TRECHO</styleUrl><LineString><coordinates>-48.419879,-7.640384,0 -48.420184,-7.640367,0</coordinates></LineString></Placemark>
<Placemark><name>2876566</name><styleUrl>#styleDaimonCIRCUITO255TRECHO</styleUrl><LineString><coordinates>-48.420184,-7.640367,0 -48.420236,-7.640365,0</coordinates></LineString></Placemark>
<Placemark><name>2764462</name><styleUrl>#styleDaimonCIRCUITO255TRECHO</styleUrl><LineString><coordinates>-48.419560,-7.640401,0 -48.419879,-7.640384,0</coordinates></LineString></Placemark>
<Placemark><name>2876708</name><styleUrl>#styleDaimonCIRCUITO255TRECHO</styleUrl><LineString><coordinates>-48.420236,-7.640365,0 -48.420254,-7.640470,0</coordinates></LineString></Placemark>
<Placemark><name>2876703</name><styleUrl>#styleDaimonCIRCUITO255TRECHO</styleUrl><LineString><coordinates>-48.420236,-7.640365,0 -48.420525,-7.640349,0</coordinates></LineString></Placemark>
<Placemark><name>2876707</name><styleUrl>#styleDaimonCIRCUITO255TRECHO</styleUrl><LineString><coordinates>-48.420236,-7.640365,0 -48.420238,-7.640113,0</coordinates></LineString></Placemark>
<Placemark><name>2764460</name><styleUrl>#styleDaimonCIRCUITO255TRECHO</styleUrl><LineString><coordinates>-48.419188,-7.640422,0 -48.419560,-7.640401,0</coordinates></LineString></Placemark>
<Placemark><name>2876714</name><styleUrl>#styleDaimonCIRCUITO255TRECHO</styleUrl><LineString><coordinates>-48.420238,-7.640113,0 -48.420217,-7.639795,0</coordinates></LineString></Placemark>
<Placemark><name>2731447</name><styleUrl>#styleDaimonCIRCUITO255TRECHO</styleUrl><LineString><coordinates>-48.418947,-7.640436,0 -48.419188,-7.640422,0</coordinates></LineString></Placemark>
<Placemark><name>2876702</name><styleUrl>#styleDaimonCIRCUITO255TRECHO</styleUrl><LineString><coordinates>-48.420217,-7.639795,0 -48.420212,-7.639681,0</coordinates></LineString></Placemark>
<Placemark><name>2876713</name><styleUrl>#styleDaimonCIRCUITO255TRECHO</styleUrl><LineString><coordinates>-48.420212,-7.639681,0 -48.420081,-7.639675,0</coordinates></LineString></Placemark>
<Placemark><name>2876706</name><styleUrl>#styleDaimonCIRCUITO255TRECHO</styleUrl><LineString><coordinates>-48.420212,-7.639681,0 -48.420200,-7.639463,0</coordinates></LineString></Placemark>
<Placemark><name>2876712</name><styleUrl>#styleDaimonCIRCUITO255TRECHO</styleUrl><LineString><coordinates>-48.420212,-7.639681,0 -48.420397,-7.639657,0</coordinates></LineString></Placemark>
<Placemark><name>2876715</name><styleUrl>#styleDaimonCIRCUITO255TRECHO</styleUrl><LineString><coordinates>-48.420397,-7.639657,0 -48.420740,-7.639637,0</coordinates></LineString></Placemark>
<Placemark><name>2876710</name><styleUrl>#styleDaimonCIRCUITO255TRECHO</styleUrl><LineString><coordinates>-48.420740,-7.639637,0 -48.421082,-7.639618,0</coordinates></LineString></Placemark>
<Placemark><name>2876711</name><styleUrl>#styleDaimonCIRCUITO255TRECHO</styleUrl><LineString><coordinates>-48.421082,-7.639618,0 -48.421471,-7.639595,0</coordinates></LineString></Placemark>
<Placemark><name>2876716</name><styleUrl>#styleDaimonCIRCUITO255TRECHO</styleUrl><LineString><coordinates>-48.421471,-7.639595,0 -48.421810,-7.639576,0</coordinates></LineString></Placemark>
<Placemark><name>2876709</name><styleUrl>#styleDaimonCIRCUITO255TRECHO</styleUrl><LineString><coordinates>-48.421810,-7.639576,0 -48.422151,-7.639556,0</coordinates></LineString></Placemark>
<Placemark><name>2876704</name><styleUrl>#styleDaimonCIRCUITO255TRECHO</styleUrl><LineString><coordinates>-48.422151,-7.639556,0 -48.422421,-7.639540,0</coordinates></LineString></Placemark>
<Placemark><name>2876705</name><styleUrl>#styleDaimonCIRCUITO255TRECHO</styleUrl><LineString><coordinates>-48.422421,-7.639540,0 -48.422517,-7.639535,0</coordinates></LineString></Placemark>
<Placemark><name>3657031</name><styleUrl>#styleDaimonCIRCUITO255TRECHO</styleUrl><LineString><coordinates>-48.422517,-7.639535,0 -48.422524,-7.639390,0</coordinates></LineString></Placemark>
<Placemark><name>3656730</name><styleUrl>#styleDaimonCIRCUITO255TRECHO</styleUrl><LineString><coordinates>-48.422517,-7.639535,0 -48.422977,-7.639509,0</coordinates></LineString></Placemark>
<Placemark><name>3656736</name><styleUrl>#styleDaimonCIRCUITO255TRECHO</styleUrl><LineString><coordinates>-48.422517,-7.639535,0 -48.422535,-7.639655,0</coordinates></LineString></Placemark>
<Placemark><name>12084572</name><styleUrl>#styleDaimonCIRCUITO255TRECHO</styleUrl><LineString><coordinates>-48.422524,-7.639390,0 -48.422523,-7.639363,0</coordinates></LineString></Placemark>
<Placemark><name>2876563</name><styleUrl>#styleDaimonCIRCUITO255TRECHO</styleUrl><LineString><coordinates>-48.422977,-7.639509,0 -48.423275,-7.639492,0</coordinates></LineString></Placemark>
<Placemark><name>3656741</name><styleUrl>#styleDaimonCIRCUITO255TRECHO</styleUrl><LineString><coordinates>-48.422523,-7.639363,0 -48.422505,-7.639083,0</coordinates></LineString></Placemark>
<Placemark><name>2876564</name><styleUrl>#styleDaimonCIRCUITO255TRECHO</styleUrl><LineString><coordinates>-48.423275,-7.639492,0 -48.423635,-7.639470,0</coordinates></LineString></Placemark>
<Placemark><name>3657026</name><styleUrl>#styleDaimonCIRCUITO255TRECHO</styleUrl><LineString><coordinates>-48.422505,-7.639083,0 -48.422489,-7.638783,0</coordinates></LineString></Placemark>
<Placemark><name>3657032</name><styleUrl>#styleDaimonCIRCUITO255TRECHO</styleUrl><LineString><coordinates>-48.422489,-7.638783,0 -48.422476,-7.638469,0</coordinates></LineString></Placemark>
<Placemark><name>3656731</name><styleUrl>#styleDaimonCIRCUITO255TRECHO</styleUrl><LineString><coordinates>-48.422476,-7.638469,0 -48.422448,-7.637982,0</coordinates></LineString></Placemark>
<Placemark><name>3657027</name><styleUrl>#styleDaimonCIRCUITO255TRECHO</styleUrl><LineString><coordinates>-48.422448,-7.637982,0 -48.422430,-7.637622,0</coordinates></LineString></Placemark>
<Placemark><name>3656742</name><styleUrl>#styleDaimonCIRCUITO255TRECHO</styleUrl><LineString><coordinates>-48.422430,-7.637622,0 -48.422415,-7.637286,0</coordinates></LineString></Placemark>
<Placemark><name>2729948</name><styleUrl>#styleDaimonCIRCUITO255TRECHO</styleUrl><LineString><coordinates>-48.427370,-7.641838,0 -48.427376,-7.642009,0</coordinates></LineString></Placemark>
<Placemark><name>2729947</name><styleUrl>#styleDaimonCIRCUITO255TRECHO</styleUrl><LineString><coordinates>-48.427362,-7.641659,0 -48.427370,-7.641838,0</coordinates></LineString></Placemark>
<Placemark><name>2729946</name><styleUrl>#styleDaimonCIRCUITO255TRECHO</styleUrl><LineString><coordinates>-48.427370,-7.641838,0 -48.427243,-7.641850,0</coordinates></LineString></Placemark>
<Placemark><name>2729945</name><styleUrl>#styleDaimonCIRCUITO255TRECHO</styleUrl><LineString><coordinates>-48.427370,-7.641838,0 -48.427533,-7.641820,0</coordinates></LineString></Placemark>
<Placemark><name>2758247</name><styleUrl>#styleDaimonCIRCUITO255TRECHO</styleUrl><LineString><coordinates>-48.427376,-7.642009,0 -48.427345,-7.642394,0</coordinates></LineString></Placemark>
<Placemark><name>3527578</name><styleUrl>#styleDaimonCIRCUITO255TRECHO</styleUrl><LineString><coordinates>-48.427348,-7.641322,0 -48.427362,-7.641659,0</coordinates></LineString></Placemark>
<Placemark><name>2615499</name><styleUrl>#styleDaimonCIRCUITO255TRECHO</styleUrl><LineString><coordinates>-48.427243,-7.641850,0 -48.426911,-7.641868,0</coordinates></LineString></Placemark>
<Placemark><name>12071991</name><styleUrl>#styleDaimonCIRCUITO255TRECHO</styleUrl><LineString><coordinates>-48.427345,-7.642394,0 -48.427362,-7.642393,0</coordinates></LineString></Placemark>
<Placemark><name>3516805</name><styleUrl>#styleDaimonCIRCUITO255TRECHO</styleUrl><LineString><coordinates>-48.427345,-7.642394,0 -48.427320,-7.642698,0</coordinates></LineString></Placemark>
<Placemark><name>3527579</name><styleUrl>#styleDaimonCIRCUITO255TRECHO</styleUrl><LineString><coordinates>-48.427332,-7.640939,0 -48.427348,-7.641322,0</coordinates></LineString></Placemark>
<Placemark><name>2615500</name><styleUrl>#styleDaimonCIRCUITO255TRECHO</styleUrl><LineString><coordinates>-48.426911,-7.641868,0 -48.426593,-7.641869,0</coordinates></LineString></Placemark>
<Placemark><name>2726062</name><styleUrl>#styleDaimonCIRCUITO255TRECHO</styleUrl><LineString><coordinates>-48.427362,-7.642393,0 -48.428016,-7.642359,0</coordinates></LineString></Placemark>
<Placemark><name>2726063</name><styleUrl>#styleDaimonCIRCUITO255TRECHO</styleUrl><LineString><coordinates>-48.427320,-7.642698,0 -48.427286,-7.643040,0</coordinates></LineString></Placemark>
<Placemark><name>3527797</name><styleUrl>#styleDaimonCIRCUITO255TRECHO</styleUrl><LineString><coordinates>-48.427316,-7.640553,0 -48.427332,-7.640939,0</coordinates></LineString></Placemark>
<Placemark><name>12071995</name><styleUrl>#styleDaimonCIRCUITO255TRECHO</styleUrl><LineString><coordinates>-48.426593,-7.641869,0 -48.426575,-7.641869,0</coordinates></LineString></Placemark>
<Placemark><name>12072013</name><styleUrl>#styleDaimonCIRCUITO255TRECHO</styleUrl><LineString><coordinates>-48.428016,-7.642359,0 -48.428033,-7.642358,0</coordinates></LineString></Placemark>
<Placemark><name>2726308</name><styleUrl>#styleDaimonCIRCUITO255TRECHO</styleUrl><LineString><coordinates>-48.427286,-7.643040,0 -48.427245,-7.643444,0</coordinates></LineString></Placemark>
<Placemark><name>2727218</name><styleUrl>#styleDaimonCIRCUITO255TRECHO</styleUrl><LineString><coordinates>-48.427302,-7.640212,0 -48.427316,-7.640553,0</coordinates></LineString></Placemark>
<Placemark><name>2615502</name><styleUrl>#styleDaimonCIRCUITO255TRECHO</styleUrl><LineString><coordinates>-48.426575,-7.641869,0 -48.426576,-7.641539,0</coordinates></LineString></Placemark>
<Placemark><name>2615503</name><styleUrl>#styleDaimonCIRCUITO255TRECHO</styleUrl><LineString><coordinates>-48.426575,-7.641869,0 -48.426544,-7.642242,0</coordinates></LineString></Placemark>
<Placemark><name>3527576</name><styleUrl>#styleDaimonCIRCUITO255TRECHO</styleUrl><LineString><coordinates>-48.428033,-7.642358,0 -48.428000,-7.642747,0</coordinates></LineString></Placemark>
<Placemark><name>2726061</name><styleUrl>#styleDaimonCIRCUITO255TRECHO</styleUrl><LineString><coordinates>-48.428033,-7.642358,0 -48.428048,-7.642024,0</coordinates></LineString></Placemark>
<Placemark><name>3527577</name><styleUrl>#styleDaimonCIRCUITO255TRECHO</styleUrl><LineString><coordinates>-48.427245,-7.643444,0 -48.427218,-7.643718,0</coordinates></LineString></Placemark>
<Placemark><name>12071487</name><styleUrl>#styleDaimonCIRCUITO255TRECHO</styleUrl><LineString><coordinates>-48.427300,-7.640195,0 -48.427302,-7.640212,0</coordinates></LineString></Placemark>
<Placemark><name>2729957</name><styleUrl>#styleDaimonCIRCUITO255TRECHO</styleUrl><LineString><coordinates>-48.426544,-7.642242,0 -48.426522,-7.642435,0</coordinates></LineString></Placemark>
<Placemark><name>3517370</name><styleUrl>#styleDaimonCIRCUITO255TRECHO</styleUrl><LineString><coordinates>-48.428000,-7.642747,0 -48.427967,-7.643132,0</coordinates></LineString></Placemark>
<Placemark><name>2726055</name><styleUrl>#styleDaimonCIRCUITO255TRECHO</styleUrl><LineString><coordinates>-48.427218,-7.643718,0 -48.427168,-7.644049,0</coordinates></LineString></Placemark>
<Placemark><name>2622013</name><styleUrl>#styleDaimonCIRCUITO255TRECHO</styleUrl><LineString><coordinates>-48.427289,-7.639957,0 -48.427300,-7.640195,0</coordinates></LineString></Placemark>
<Placemark><name>2730719</name><styleUrl>#styleDaimonCIRCUITO255TRECHO</styleUrl><LineString><coordinates>-48.426522,-7.642435,0 -48.426648,-7.642438,0</coordinates></LineString></Placemark>
<Placemark><name>2730720</name><styleUrl>#styleDaimonCIRCUITO255TRECHO</styleUrl><LineString><coordinates>-48.426522,-7.642435,0 -48.426279,-7.642430,0</coordinates></LineString></Placemark>
<Placemark><name>2729958</name><styleUrl>#styleDaimonCIRCUITO255TRECHO</styleUrl><LineString><coordinates>-48.426522,-7.642435,0 -48.426506,-7.642593,0</coordinates></LineString></Placemark>
<Placemark><name>3517369</name><styleUrl>#styleDaimonCIRCUITO255TRECHO</styleUrl><LineString><coordinates>-48.427967,-7.643132,0 -48.427938,-7.643465,0</coordinates></LineString></Placemark>
<Placemark><name>2726060</name><styleUrl>#styleDaimonCIRCUITO255TRECHO</styleUrl><LineString><coordinates>-48.427168,-7.644049,0 -48.427140,-7.644309,0</coordinates></LineString></Placemark>
<Placemark><name>12071901</name><styleUrl>#styleDaimonCIRCUITO255TRECHO</styleUrl><LineString><coordinates>-48.427289,-7.639957,0 -48.427281,-7.639972,0</coordinates></LineString></Placemark>
<Placemark><name>2622012</name><styleUrl>#styleDaimonCIRCUITO255TRECHO</styleUrl><LineString><coordinates>-48.427284,-7.639849,0 -48.427289,-7.639957,0</coordinates></LineString></Placemark>
<Placemark><name>2758248</name><styleUrl>#styleDaimonCIRCUITO255TRECHO</styleUrl><LineString><coordinates>-48.426279,-7.642430,0 -48.425957,-7.642424,0</coordinates></LineString></Placemark>
<Placemark><name>12078579</name><styleUrl>#styleDaimonCIRCUITO255TRECHO</styleUrl><LineString><coordinates>-48.426506,-7.642593,0 -48.426505,-7.642612,0</coordinates></LineString></Placemark>
<Placemark><name>3516053</name><styleUrl>#styleDaimonCIRCUITO255TRECHO</styleUrl><LineString><coordinates>-48.427938,-7.643465,0 -48.427905,-7.643851,0</coordinates></LineString></Placemark>
<Placemark><name>2726059</name><styleUrl>#styleDaimonCIRCUITO255TRECHO</styleUrl><LineString><coordinates>-48.427140,-7.644309,0 -48.427093,-7.644724,0</coordinates></LineString></Placemark>
<Placemark><name>3517074</name><styleUrl>#styleDaimonCIRCUITO255TRECHO</styleUrl><LineString><coordinates>-48.427281,-7.639972,0 -48.427201,-7.640127,0</coordinates></LineString></Placemark>
<Placemark><name>2622011</name><styleUrl>#styleDaimonCIRCUITO255TRECHO</styleUrl><LineString><coordinates>-48.427265,-7.639467,0 -48.427284,-7.639849,0</coordinates></LineString></Placemark>
<Placemark><name>2758246</name><styleUrl>#styleDaimonCIRCUITO255TRECHO</styleUrl><LineString><coordinates>-48.425957,-7.642424,0 -48.425570,-7.642417,0</coordinates></LineString></Placemark>
<Placemark><name>3496112</name><styleUrl>#styleDaimonCIRCUITO255TRECHO</styleUrl><LineString><coordinates>-48.426505,-7.642612,0 -48.426473,-7.642991,0</coordinates></LineString></Placemark>
<Placemark><name>3527796</name><styleUrl>#styleDaimonCIRCUITO255TRECHO</styleUrl><LineString><coordinates>-48.427905,-7.643851,0 -48.427871,-7.644250,0</coordinates></LineString></Placemark>
<Placemark><name>2726058</name><styleUrl>#styleDaimonCIRCUITO255TRECHO</styleUrl><LineString><coordinates>-48.427093,-7.644724,0 -48.427052,-7.645098,0</coordinates></LineString></Placemark>
<Placemark><name>2622014</name><styleUrl>#styleDaimonCIRCUITO255TRECHO</styleUrl><LineString><coordinates>-48.427248,-7.639108,0 -48.427265,-7.639467,0</coordinates></LineString></Placemark>
<Placemark><name>3496116</name><styleUrl>#styleDaimonCIRCUITO255TRECHO</styleUrl><LineString><coordinates>-48.426473,-7.642991,0 -48.426467,-7.643311,0</coordinates></LineString></Placemark>
<Placemark><name>2736974</name><styleUrl>#styleDaimonCIRCUITO255TRECHO</styleUrl><LineString><coordinates>-48.427871,-7.644250,0 -48.427845,-7.644559,0</coordinates></LineString></Placemark>
<Placemark><name>2726057</name><styleUrl>#styleDaimonCIRCUITO255TRECHO</styleUrl><LineString><coordinates>-48.427052,-7.645098,0 -48.427014,-7.645433,0</coordinates></LineString></Placemark>
<Placemark><name>2727220</name><styleUrl>#styleDaimonCIRCUITO255TRECHO</styleUrl><LineString><coordinates>-48.427232,-7.638782,0 -48.427248,-7.639108,0</coordinates></LineString></Placemark>
<Placemark><name>3496111</name><styleUrl>#styleDaimonCIRCUITO255TRECHO</styleUrl><LineString><coordinates>-48.426467,-7.643311,0 -48.426458,-7.643667,0</coordinates></LineString></Placemark>
<Placemark><name>2726056</name><styleUrl>#styleDaimonCIRCUITO255TRECHO</styleUrl><LineString><coordinates>-48.427014,-7.645433,0 -48.426974,-7.645794,0</coordinates></LineString></Placemark>
<Placemark><name>2727221</name><styleUrl>#styleDaimonCIRCUITO255TRECHO</styleUrl><LineString><coordinates>-48.427213,-7.638408,0 -48.427232,-7.638782,0</coordinates></LineString></Placemark>
<Placemark><name>3496118</name><styleUrl>#styleDaimonCIRCUITO255TRECHO</styleUrl><LineString><coordinates>-48.426458,-7.643667,0 -48.426457,-7.643917,0</coordinates></LineString></Placemark>
<Placemark><name>2615501</name><styleUrl>#styleDaimonCIRCUITO255TRECHO</styleUrl><LineString><coordinates>-48.426974,-7.645794,0 -48.426937,-7.646133,0</coordinates></LineString></Placemark>
<Placemark><name>2622600</name><styleUrl>#styleDaimonCIRCUITO255TRECHO</styleUrl><LineString><coordinates>-48.427195,-7.638047,0 -48.427213,-7.638408,0</coordinates></LineString></Placemark>
<Placemark><name>3496120</name><styleUrl>#styleDaimonCIRCUITO255TRECHO</styleUrl><LineString><coordinates>-48.426457,-7.643917,0 -48.426460,-7.643999,0</coordinates></LineString></Placemark>
<Placemark><name>3528410</name><styleUrl>#styleDaimonCIRCUITO255TRECHO</styleUrl><LineString><coordinates>-48.426937,-7.646133,0 -48.426894,-7.646484,0</coordinates></LineString></Placemark>
<Placemark><name>2727219</name><styleUrl>#styleDaimonCIRCUITO255TRECHO</styleUrl><LineString><coordinates>-48.427177,-7.637681,0 -48.427195,-7.638047,0</coordinates></LineString></Placemark>
<Placemark><name>3496117</name><styleUrl>#styleDaimonCIRCUITO255TRECHO</styleUrl><LineString><coordinates>-48.426460,-7.643999,0 -48.426470,-7.644216,0</coordinates></LineString></Placemark>
<Placemark><name>3496115</name><styleUrl>#styleDaimonCIRCUITO255TRECHO</styleUrl><LineString><coordinates>-48.426460,-7.643999,0 -48.426358,-7.644014,0</coordinates></LineString></Placemark>
<Placemark><name>3496119</name><styleUrl>#styleDaimonCIRCUITO255TRECHO</styleUrl><LineString><coordinates>-48.426460,-7.643999,0 -48.426779,-7.643958,0</coordinates></LineString></Placemark>
<Placemark><name>2758040</name><styleUrl>#styleDaimonCIRCUITO255TRECHO</styleUrl><LineString><coordinates>-48.427161,-7.637322,0 -48.427177,-7.637681,0</coordinates></LineString></Placemark>
<Placemark><name>3496114</name><styleUrl>#styleDaimonCIRCUITO255TRECHO</styleUrl><LineString><coordinates>-48.426358,-7.644014,0 -48.426055,-7.644059,0</coordinates></LineString></Placemark>
<Placemark><name>12072010</name><styleUrl>#styleDaimonCIRCUITO255TRECHO</styleUrl><LineString><coordinates>-48.427157,-7.637287,0 -48.427161,-7.637322,0</coordinates></LineString></Placemark>
<Placemark><name>3496113</name><styleUrl>#styleDaimonCIRCUITO255TRECHO</styleUrl><LineString><coordinates>-48.426055,-7.644059,0 -48.425688,-7.644103,0</coordinates></LineString></Placemark>
<Placemark><name>2726051</name><styleUrl>#styleDaimonCIRCUITO255TRECHO</styleUrl><LineString><coordinates>-48.427143,-7.636969,0 -48.427157,-7.637287,0</coordinates></LineString></Placemark>
<Placemark><name>3558257</name><styleUrl>#styleDaimonCIRCUITO255TRECHO</styleUrl><LineString><coordinates>-48.415483,-7.637952,0 -48.414994,-7.637999,0</coordinates></LineString></Placemark>
<Placemark><name>2594384</name><styleUrl>#styleDaimonCIRCUITO255TRECHO</styleUrl><LineString><coordinates>-48.414994,-7.637999,0 -48.414600,-7.638036,0</coordinates></LineString></Placemark>
<Placemark><name>51210359</name><styleUrl>#styleDaimonCIRCUITO255TRECHO</styleUrl><LineString><coordinates>-48.414600,-7.638036,0 -48.414574,-7.638041,0</coordinates></LineString></Placemark>
<Placemark><name>3519871</name><styleUrl>#styleDaimonCIRCUITO255TRECHO</styleUrl><LineString><coordinates>-48.414574,-7.638041,0 -48.414114,-7.638181,0</coordinates></LineString></Placemark>
<Placemark><name>2734028</name><styleUrl>#styleDaimonCIRCUITO255TRECHO</styleUrl><LineString><coordinates>-48.414114,-7.638181,0 -48.413899,-7.638188,0</coordinates></LineString></Placemark>
<Placemark><name>2734029</name><styleUrl>#styleDaimonCIRCUITO255TRECHO</styleUrl><LineString><coordinates>-48.413899,-7.638188,0 -48.413753,-7.638124,0</coordinates></LineString></Placemark>
<Placemark><name>2734031</name><styleUrl>#styleDaimonCIRCUITO255TRECHO</styleUrl><LineString><coordinates>-48.413753,-7.638124,0 -48.413039,-7.637985,0</coordinates></LineString></Placemark>
<Placemark><name>12025396</name><styleUrl>#styleDaimonCIRCUITO255TRECHO</styleUrl><LineString><coordinates>-48.413039,-7.637985,0 -48.413012,-7.637970,0</coordinates></LineString></Placemark>
<Placemark><name>2734032</name><styleUrl>#styleDaimonCIRCUITO255TRECHO</styleUrl><LineString><coordinates>-48.413012,-7.637970,0 -48.412746,-7.637419,0</coordinates></LineString></Placemark>
<Placemark><name>12025397</name><styleUrl>#styleDaimonCIRCUITO255TRECHO</styleUrl><LineString><coordinates>-48.412746,-7.637419,0 -48.412729,-7.637406,0</coordinates></LineString></Placemark>
<Placemark><name>72518096</name><styleUrl>#styleDaimonCIRCUITO255TRECHO</styleUrl><LineString><coordinates>-48.412729,-7.637406,0 -48.412436,-7.637441,0</coordinates></LineString></Placemark>
<Placemark><name>72518097</name><styleUrl>#styleDaimonCIRCUITO255TRECHO</styleUrl><LineString><coordinates>-48.412436,-7.637441,0 -48.412110,-7.637475,0</coordinates></LineString></Placemark>
<Placemark><name>72518098</name><styleUrl>#styleDaimonCIRCUITO255TRECHO</styleUrl><LineString><coordinates>-48.412110,-7.637475,0 -48.411801,-7.637499,0</coordinates></LineString></Placemark>
<Placemark><name>2734033</name><styleUrl>#styleDaimonCIRCUITO255TRECHO</styleUrl><LineString><coordinates>-48.411801,-7.637499,0 -48.411416,-7.637547,0</coordinates></LineString></Placemark>
<Placemark><name>2734034</name><styleUrl>#styleDaimonCIRCUITO255TRECHO</styleUrl><LineString><coordinates>-48.411416,-7.637547,0 -48.410177,-7.637632,0</coordinates></LineString></Placemark>
<Placemark><name>2622612</name><styleUrl>#styleDaimonCIRCUITO255TRECHO</styleUrl><LineString><coordinates>-48.410177,-7.637632,0 -48.408900,-7.637767,0</coordinates></LineString></Placemark>
<Placemark><name>2622613</name><styleUrl>#styleDaimonCIRCUITO255TRECHO</styleUrl><LineString><coordinates>-48.408900,-7.637767,0 -48.408139,-7.637926,0</coordinates></LineString></Placemark>
<Placemark><name>2622614</name><styleUrl>#styleDaimonCIRCUITO255TRECHO</styleUrl><LineString><coordinates>-48.408139,-7.637926,0 -48.407268,-7.637989,0</coordinates></LineString></Placemark>
<Placemark><name>2622616</name><styleUrl>#styleDaimonCIRCUITO255TRECHO</styleUrl><LineString><coordinates>-48.407268,-7.637989,0 -48.405199,-7.638124,0</coordinates></LineString></Placemark>
<Placemark><name>3509372</name><styleUrl>#styleDaimonCIRCUITO255TRECHO</styleUrl><LineString><coordinates>-48.405199,-7.638124,0 -48.403194,-7.638373,0</coordinates></LineString></Placemark>
<Placemark><name>12025398</name><styleUrl>#styleDaimonCIRCUITO255TRECHO</styleUrl><LineString><coordinates>-48.403194,-7.638373,0 -48.403167,-7.638361,0</coordinates></LineString></Placemark>
<Placemark><name>3662842</name><styleUrl>#styleDaimonCIRCUITO255TRECHO</styleUrl><LineString><coordinates>-48.403194,-7.638373,0 -48.403185,-7.638385,0</coordinates></LineString></Placemark>
<Placemark><name>3509373</name><styleUrl>#styleDaimonCIRCUITO255TRECHO</styleUrl><LineString><coordinates>-48.403167,-7.638361,0 -48.402742,-7.637753,0</coordinates></LineString></Placemark>
<Placemark><name>3516308</name><styleUrl>#styleDaimonCIRCUITO255TRECHO</styleUrl><LineString><coordinates>-48.417121,-7.633042,0 -48.417146,-7.633076,0</coordinates></LineString></Placemark>
<Placemark><name>2621143</name><styleUrl>#styleDaimonCIRCUITO255TRECHO</styleUrl><LineString><coordinates>-48.415695,-7.632728,0 -48.414739,-7.632435,0</coordinates></LineString></Placemark>
<Placemark><name>3509629</name><styleUrl>#styleDaimonCIRCUITO255TRECHO</styleUrl><LineString><coordinates>-48.414739,-7.632435,0 -48.413913,-7.632153,0</coordinates></LineString></Placemark>
<Placemark><name>2621137</name><styleUrl>#styleDaimonCIRCUITO255TRECHO</styleUrl><LineString><coordinates>-48.416539,-7.633041,0 -48.415695,-7.632728,0</coordinates></LineString></Placemark>
<Placemark><name>3509630</name><styleUrl>#styleDaimonCIRCUITO255TRECHO</styleUrl><LineString><coordinates>-48.413913,-7.632153,0 -48.413093,-7.631876,0</coordinates></LineString></Placemark>
<Placemark><name>2621141</name><styleUrl>#styleDaimonCIRCUITO255TRECHO</styleUrl><LineString><coordinates>-48.416460,-7.633519,0 -48.416465,-7.633932,0</coordinates></LineString></Placemark>
<Placemark><name>2615312</name><styleUrl>#styleDaimonCIRCUITO255TRECHO</styleUrl><LineString><coordinates>-48.416465,-7.633932,0 -48.416499,-7.633932,0</coordinates></LineString></Placemark>
<Placemark><name>24586872</name><styleUrl>#styleDaimonCIRCUITO255TRECHO</styleUrl><LineString><coordinates>-48.416465,-7.633932,0 -48.416311,-7.633949,0</coordinates></LineString></Placemark>
<Placemark><name>2621139</name><styleUrl>#styleDaimonCIRCUITO255TRECHO</styleUrl><LineString><coordinates>-48.416452,-7.633119,0 -48.416460,-7.633519,0</coordinates></LineString></Placemark>
<Placemark><name>3518002</name><styleUrl>#styleDaimonCIRCUITO255TRECHO</styleUrl><LineString><coordinates>-48.416649,-7.631745,0 -48.416618,-7.631388,0</coordinates></LineString></Placemark>
<Placemark><name>3518003</name><styleUrl>#styleDaimonCIRCUITO255TRECHO</styleUrl><LineString><coordinates>-48.416618,-7.631388,0 -48.416601,-7.631192,0</coordinates></LineString></Placemark>
<Placemark><name>3518001</name><styleUrl>#styleDaimonCIRCUITO255TRECHO</styleUrl><LineString><coordinates>-48.416672,-7.632007,0 -48.416649,-7.631745,0</coordinates></LineString></Placemark>
<Placemark><name>3518004</name><styleUrl>#styleDaimonCIRCUITO255TRECHO</styleUrl><LineString><coordinates>-48.416601,-7.631192,0 -48.416609,-7.631054,0</coordinates></LineString></Placemark>
<Placemark><name>3516284</name><styleUrl>#styleDaimonCIRCUITO255TRECHO</styleUrl><LineString><coordinates>-48.416705,-7.632388,0 -48.416672,-7.632007,0</coordinates></LineString></Placemark>
<Placemark><name>12118748</name><styleUrl>#styleDaimonCIRCUITO255TRECHO</styleUrl><LineString><coordinates>-48.416609,-7.631054,0 -48.416606,-7.631021,0</coordinates></LineString></Placemark>
<Placemark><name>3662463</name><styleUrl>#styleDaimonCIRCUITO255TRECHO</styleUrl><LineString><coordinates>-48.416609,-7.631054,0 -48.416622,-7.631047,0</coordinates></LineString></Placemark>
<Placemark><name>2758910</name><styleUrl>#styleDaimonCIRCUITO255TRECHO</styleUrl><LineString><coordinates>-48.416736,-7.632736,0 -48.416705,-7.632388,0</coordinates></LineString></Placemark>
<Placemark><name>3519870</name><styleUrl>#styleDaimonCIRCUITO255TRECHO</styleUrl><LineString><coordinates>-48.416606,-7.631021,0 -48.416554,-7.630466,0</coordinates></LineString></Placemark>
<Placemark><name>2758249</name><styleUrl>#styleDaimonCIRCUITO255TRECHO</styleUrl><LineString><coordinates>-48.425960,-7.642466,0 -48.425979,-7.642842,0</coordinates></LineString></Placemark>
<Placemark><name>3673306</name><styleUrl>#styleDaimonCIRCUITO255TRECHO</styleUrl><LineString><coordinates>-48.425979,-7.642842,0 -48.426067,-7.642846,0</coordinates></LineString></Placemark>
<Placemark><name>3517075</name><styleUrl>#styleDaimonCIRCUITO255TRECHO</styleUrl><LineString><coordinates>-48.426540,-7.640507,0 -48.426554,-7.640849,0</coordinates></LineString></Placemark>
<Placemark><name>2615690</name><styleUrl>#styleDaimonCIRCUITO255TRECHO</styleUrl><LineString><coordinates>-48.426554,-7.640849,0 -48.426562,-7.641051,0</coordinates></LineString></Placemark>
<Placemark><name>3517385</name><styleUrl>#styleDaimonCIRCUITO255TRECHO</styleUrl><LineString><coordinates>-48.426526,-7.640151,0 -48.426540,-7.640507,0</coordinates></LineString></Placemark>
<Placemark><name>12071485</name><styleUrl>#styleDaimonCIRCUITO255TRECHO</styleUrl><LineString><coordinates>-48.426542,-7.640150,0 -48.426526,-7.640151,0</coordinates></LineString></Placemark>
<Placemark><name>3517372</name><styleUrl>#styleDaimonCIRCUITO255TRECHO</styleUrl><LineString><coordinates>-48.426526,-7.640151,0 -48.426510,-7.639765,0</coordinates></LineString></Placemark>
<Placemark><name>3517384</name><styleUrl>#styleDaimonCIRCUITO255TRECHO</styleUrl><LineString><coordinates>-48.426921,-7.640143,0 -48.426542,-7.640150,0</coordinates></LineString></Placemark>
<Placemark><name>3515260</name><styleUrl>#styleDaimonCIRCUITO255TRECHO</styleUrl><LineString><coordinates>-48.427174,-7.640129,0 -48.426921,-7.640143,0</coordinates></LineString></Placemark>
<Placemark><name>2750410</name><styleUrl>#styleDaimonCIRCUITO255TRECHO</styleUrl><LineString><coordinates>-48.426600,-7.648271,0 -48.426445,-7.648933,0</coordinates></LineString></Placemark>
<Placemark><name>3654939</name><styleUrl>#styleDaimonCIRCUITO255TRECHO</styleUrl><LineString><coordinates>-48.426445,-7.648933,0 -48.426468,-7.648975,0</coordinates></LineString></Placemark>
<Placemark><name>2622605</name><styleUrl>#styleDaimonCIRCUITO255TRECHO</styleUrl><LineString><coordinates>-48.426811,-7.647244,0 -48.426600,-7.648271,0</coordinates></LineString></Placemark>
<Placemark><name>12071992</name><styleUrl>#styleDaimonCIRCUITO255TRECHO</styleUrl><LineString><coordinates>-48.426815,-7.647211,0 -48.426811,-7.647244,0</coordinates></LineString></Placemark>
<Placemark><name>3528411</name><styleUrl>#styleDaimonCIRCUITO255TRECHO</styleUrl><LineString><coordinates>-48.426858,-7.646836,0 -48.426815,-7.647211,0</coordinates></LineString></Placemark>
<Placemark><name>3605002</name><styleUrl>#styleDaimonCIRCUITO255TRECHO</styleUrl><LineString><coordinates>-48.426891,-7.646520,0 -48.426858,-7.646836,0</coordinates></LineString></Placemark>
<Placemark><name>2734030</name><styleUrl>#styleDaimonCIRCUITO255TRECHO</styleUrl><LineString><coordinates>-48.413904,-7.638201,0 -48.413937,-7.638319,0</coordinates></LineString></Placemark>
<Placemark><name>3509636</name><styleUrl>#styleDaimonCIRCUITO255TRECHO</styleUrl><LineString><coordinates>-48.402115,-7.636868,0 -48.401162,-7.635257,0</coordinates></LineString></Placemark>
<Placemark><name>3509635</name><styleUrl>#styleDaimonCIRCUITO255TRECHO</styleUrl><LineString><coordinates>-48.402680,-7.637665,0 -48.402115,-7.636868,0</coordinates></LineString></Placemark>
<Placemark><name>3509637</name><styleUrl>#styleDaimonCIRCUITO255TRECHO</styleUrl><LineString><coordinates>-48.401162,-7.635257,0 -48.400359,-7.634179,0</coordinates></LineString></Placemark>
<Placemark><name>3509638</name><styleUrl>#styleDaimonCIRCUITO255TRECHO</styleUrl><LineString><coordinates>-48.400359,-7.634179,0 -48.399653,-7.632961,0</coordinates></LineString></Placemark>
<Placemark><name>2622615</name><styleUrl>#styleDaimonCIRCUITO255TRECHO</styleUrl><LineString><coordinates>-48.407270,-7.638010,0 -48.407285,-7.638197,0</coordinates></LineString></Placemark>
<Placemark><name>3509374</name><styleUrl>#styleDaimonCIRCUITO255TRECHO</styleUrl><LineString><coordinates>-48.403075,-7.638398,0 -48.402085,-7.638517,0</coordinates></LineString></Placemark>
<Placemark><name>3528895</name><styleUrl>#styleDaimonCIRCUITO255TRECHO</styleUrl><LineString><coordinates>-48.416595,-7.631185,0 -48.416540,-7.631111,0</coordinates></LineString></Placemark>
<Placemark><name>3528896</name><styleUrl>#styleDaimonCIRCUITO255TRECHO</styleUrl><LineString><coordinates>-48.416626,-7.631046,0 -48.416665,-7.631037,0</coordinates></LineString></Placemark>
<Placemark><name>12118751</name><styleUrl>#styleDaimonCIRCUITO255TRECHO</styleUrl><LineString><coordinates>-48.413567,-7.627680,0 -48.413538,-7.627673,0</coordinates></LineString></Placemark>
<Placemark><name>2620843</name><styleUrl>#styleDaimonCIRCUITO255TRECHO</styleUrl><LineString><coordinates>-48.413538,-7.627673,0 -48.412723,-7.627944,0</coordinates></LineString></Placemark>
<Placemark><name>2622611</name><styleUrl>#styleDaimonCIRCUITO255TRECHO</styleUrl><LineString><coordinates>-48.414566,-7.628568,0 -48.413567,-7.627680,0</coordinates></LineString></Placemark>
<Placemark><name>12118750</name><styleUrl>#styleDaimonCIRCUITO255TRECHO</styleUrl><LineString><coordinates>-48.414593,-7.628569,0 -48.414566,-7.628568,0</coordinates></LineString></Placemark>
<Placemark><name>2622610</name><styleUrl>#styleDaimonCIRCUITO255TRECHO</styleUrl><LineString><coordinates>-48.414923,-7.628356,0 -48.414593,-7.628569,0</coordinates></LineString></Placemark>
<Placemark><name>12118749</name><styleUrl>#styleDaimonCIRCUITO255TRECHO</styleUrl><LineString><coordinates>-48.414938,-7.628347,0 -48.414923,-7.628356,0</coordinates></LineString></Placemark>
<Placemark><name>2620844</name><styleUrl>#styleDaimonCIRCUITO255TRECHO</styleUrl><LineString><coordinates>-48.414938,-7.628347,0 -48.414438,-7.627717,0</coordinates></LineString></Placemark>
<Placemark><name>3528897</name><styleUrl>#styleDaimonCIRCUITO255TRECHO</styleUrl><LineString><coordinates>-48.416394,-7.630255,0 -48.414938,-7.628347,0</coordinates></LineString></Placemark>
<Placemark><name>24497295</name><styleUrl>#styleDaimonCIRCUITO255TRECHO</styleUrl><LineString><coordinates>-48.426102,-7.640864,0 -48.425931,-7.640863,0</coordinates></LineString></Placemark>
<Placemark><name>2619335</name><styleUrl>#styleDaimonCIRCUITO255TRECHO</styleUrl><LineString><coordinates>-48.426102,-7.640864,0 -48.426100,-7.640898,0</coordinates></LineString></Placemark>
<Placemark><name>2615689</name><styleUrl>#styleDaimonCIRCUITO255TRECHO</styleUrl><LineString><coordinates>-48.426510,-7.640850,0 -48.426102,-7.640864,0</coordinates></LineString></Placemark>
<Placemark><name>3662000</name><styleUrl>#styleDaimonCIRCUITO255TRECHO</styleUrl><LineString><coordinates>-48.426443,-7.648935,0 -48.426421,-7.648950,0</coordinates></LineString></Placemark>
<Placemark><name>3662001</name><styleUrl>#styleDaimonCIRCUITO255TRECHO</styleUrl><LineString><coordinates>-48.426421,-7.648953,0 -48.426419,-7.648973,0</coordinates></LineString></Placemark>
<Placemark><name>3654940</name><styleUrl>#styleDaimonCIRCUITO255TRECHO</styleUrl><LineString><coordinates>-48.426420,-7.648976,0 -48.426427,-7.649000,0</coordinates></LineString></Placemark>
<Placemark><name>3654941</name><styleUrl>#styleDaimonCIRCUITO255TRECHO</styleUrl><LineString><coordinates>-48.426427,-7.649000,0 -48.426465,-7.648978,0</coordinates></LineString></Placemark>
<Placemark><name>2750411</name><styleUrl>#styleDaimonCIRCUITO255TRECHO</styleUrl><LineString><coordinates>-48.426427,-7.649000,0 -48.426369,-7.649360,0</coordinates></LineString></Placemark>
<Placemark><name>3517371</name><styleUrl>#styleDaimonCIRCUITO255TRECHO</styleUrl><LineString><coordinates>-48.426369,-7.649360,0 -48.426193,-7.650227,0</coordinates></LineString></Placemark>
<Placemark><name>12071486</name><styleUrl>#styleDaimonCIRCUITO255TRECHO</styleUrl><LineString><coordinates>-48.426193,-7.650227,0 -48.426185,-7.650259,0</coordinates></LineString></Placemark>
<Placemark><name>2622601</name><styleUrl>#styleDaimonCIRCUITO255TRECHO</styleUrl><LineString><coordinates>-48.426185,-7.650259,0 -48.425843,-7.651861,0</coordinates></LineString></Placemark>
<Placemark><name>12071902</name><styleUrl>#styleDaimonCIRCUITO255TRECHO</styleUrl><LineString><coordinates>-48.425843,-7.651861,0 -48.425836,-7.651896,0</coordinates></LineString></Placemark>
<Placemark><name>3662838</name><styleUrl>#styleDaimonCIRCUITO255TRECHO</styleUrl><LineString><coordinates>-48.425836,-7.651896,0 -48.425850,-7.651892,0</coordinates></LineString></Placemark>
<Placemark><name>2622604</name><styleUrl>#styleDaimonCIRCUITO255TRECHO</styleUrl><LineString><coordinates>-48.425836,-7.651896,0 -48.425777,-7.652980,0</coordinates></LineString></Placemark>
<Placemark><name>2622607</name><styleUrl>#styleDaimonCIRCUITO255TRECHO</styleUrl><LineString><coordinates>-48.425777,-7.652980,0 -48.425717,-7.654062,0</coordinates></LineString></Placemark>
<Placemark><name>12118161</name><styleUrl>#styleDaimonCIRCUITO255TRECHO</styleUrl><LineString><coordinates>-48.425717,-7.654062,0 -48.425731,-7.654052,0</coordinates></LineString></Placemark>
<Placemark><name>2622608</name><styleUrl>#styleDaimonCIRCUITO255TRECHO</styleUrl><LineString><coordinates>-48.425717,-7.654062,0 -48.425654,-7.655171,0</coordinates></LineString></Placemark>
<Placemark><name>2622609</name><styleUrl>#styleDaimonCIRCUITO255TRECHO</styleUrl><LineString><coordinates>-48.425731,-7.654052,0 -48.426347,-7.653581,0</coordinates></LineString></Placemark>
<Placemark><name>2726323</name><styleUrl>#styleDaimonCIRCUITO255TRECHO</styleUrl><LineString><coordinates>-48.425654,-7.655171,0 -48.425598,-7.656238,0</coordinates></LineString></Placemark>
<Placemark><name>2726322</name><styleUrl>#styleDaimonCIRCUITO255TRECHO</styleUrl><LineString><coordinates>-48.425598,-7.656238,0 -48.425549,-7.657348,0</coordinates></LineString></Placemark>
<Placemark><name>2729026</name><styleUrl>#styleDaimonCIRCUITO255TRECHO</styleUrl><LineString><coordinates>-48.425549,-7.657348,0 -48.425498,-7.658446,0</coordinates></LineString></Placemark>
<Placemark><name>2731759</name><styleUrl>#styleDaimonCIRCUITO255TRECHO</styleUrl><LineString><coordinates>-48.425498,-7.658446,0 -48.425425,-7.659532,0</coordinates></LineString></Placemark>
<Placemark><name>3518460</name><styleUrl>#styleDaimonCIRCUITO255TRECHO</styleUrl><LineString><coordinates>-48.425425,-7.659532,0 -48.425368,-7.660630,0</coordinates></LineString></Placemark>
<Placemark><name>3517071</name><styleUrl>#styleDaimonCIRCUITO255TRECHO</styleUrl><LineString><coordinates>-48.425368,-7.660630,0 -48.425314,-7.661591,0</coordinates></LineString></Placemark>
<Placemark><name>2729025</name><styleUrl>#styleDaimonCIRCUITO255TRECHO</styleUrl><LineString><coordinates>-48.425314,-7.661591,0 -48.425256,-7.662765,0</coordinates></LineString></Placemark>
<Placemark><name>3514362</name><styleUrl>#styleDaimonCIRCUITO255TRECHO</styleUrl><LineString><coordinates>-48.425256,-7.662765,0 -48.425211,-7.663727,0</coordinates></LineString></Placemark>
<Placemark><name>2729023</name><styleUrl>#styleDaimonCIRCUITO255TRECHO</styleUrl><LineString><coordinates>-48.425211,-7.663727,0 -48.425098,-7.665918,0</coordinates></LineString></Placemark>
<Placemark><name>2622602</name><styleUrl>#styleDaimonCIRCUITO255TRECHO</styleUrl><LineString><coordinates>-48.425098,-7.665918,0 -48.425054,-7.667027,0</coordinates></LineString></Placemark>
<Placemark><name>2622603</name><styleUrl>#styleDaimonCIRCUITO255TRECHO</styleUrl><LineString><coordinates>-48.425054,-7.667027,0 -48.425017,-7.667855,0</coordinates></LineString></Placemark>
<Placemark><name>12071903</name><styleUrl>#styleDaimonCIRCUITO255TRECHO</styleUrl><LineString><coordinates>-48.425017,-7.667855,0 -48.425024,-7.667890,0</coordinates></LineString></Placemark>
<Placemark><name>2728027</name><styleUrl>#styleDaimonCIRCUITO255TRECHO</styleUrl><LineString><coordinates>-48.425017,-7.667855,0 -48.424986,-7.667879,0</coordinates></LineString></Placemark>
<Placemark><name>2727774</name><styleUrl>#styleDaimonCIRCUITO255TRECHO</styleUrl><LineString><coordinates>-48.425024,-7.667890,0 -48.425113,-7.668251,0</coordinates></LineString></Placemark>
<Placemark><name>12118172</name><styleUrl>#styleDaimonCIRCUITO255TRECHO</styleUrl><LineString><coordinates>-48.425113,-7.668251,0 -48.425096,-7.668257,0</coordinates></LineString></Placemark>
<Placemark><name>2727773</name><styleUrl>#styleDaimonCIRCUITO255TRECHO</styleUrl><LineString><coordinates>-48.425113,-7.668251,0 -48.425635,-7.669967,0</coordinates></LineString></Placemark>
<Placemark><name>2727772</name><styleUrl>#styleDaimonCIRCUITO255TRECHO</styleUrl><LineString><coordinates>-48.425096,-7.668257,0 -48.424851,-7.668353,0</coordinates></LineString></Placemark>
<Placemark><name>12078502</name><styleUrl>#styleDaimonCIRCUITO255TRECHO</styleUrl><LineString><coordinates>-48.425635,-7.669967,0 -48.425645,-7.670001,0</coordinates></LineString></Placemark>
<Placemark><name>28495127</name><styleUrl>#styleDaimonCIRCUITO255TRECHO</styleUrl><LineString><coordinates>-48.424851,-7.668353,0 -48.424821,-7.668327,0</coordinates></LineString></Placemark>
<Placemark><name>2727568</name><styleUrl>#styleDaimonCIRCUITO255TRECHO</styleUrl><LineString><coordinates>-48.425645,-7.670001,0 -48.426016,-7.671185,0</coordinates></LineString></Placemark>
<Placemark><name>2727768</name><styleUrl>#styleDaimonCIRCUITO255TRECHO</styleUrl><LineString><coordinates>-48.426016,-7.671185,0 -48.426287,-7.672091,0</coordinates></LineString></Placemark>
<Placemark><name>2727764</name><styleUrl>#styleDaimonCIRCUITO255TRECHO</styleUrl><LineString><coordinates>-48.426287,-7.672091,0 -48.426650,-7.673108,0</coordinates></LineString></Placemark>
<Placemark><name>2727763</name><styleUrl>#styleDaimonCIRCUITO255TRECHO</styleUrl><LineString><coordinates>-48.426650,-7.673108,0 -48.426923,-7.674141,0</coordinates></LineString></Placemark>
<Placemark><name>2727762</name><styleUrl>#styleDaimonCIRCUITO255TRECHO</styleUrl><LineString><coordinates>-48.426923,-7.674141,0 -48.427289,-7.675154,0</coordinates></LineString></Placemark>
<Placemark><name>2727520</name><styleUrl>#styleDaimonCIRCUITO255TRECHO</styleUrl><LineString><coordinates>-48.427289,-7.675154,0 -48.427597,-7.676218,0</coordinates></LineString></Placemark>
<Placemark><name>2727518</name><styleUrl>#styleDaimonCIRCUITO255TRECHO</styleUrl><LineString><coordinates>-48.427597,-7.676218,0 -48.427909,-7.677251,0</coordinates></LineString></Placemark>
<Placemark><name>2727517</name><styleUrl>#styleDaimonCIRCUITO255TRECHO</styleUrl><LineString><coordinates>-48.427909,-7.677251,0 -48.428268,-7.678307,0</coordinates></LineString></Placemark>
<Placemark><name>2727513</name><styleUrl>#styleDaimonCIRCUITO255TRECHO</styleUrl><LineString><coordinates>-48.428268,-7.678307,0 -48.428618,-7.679294,0</coordinates></LineString></Placemark>
<Placemark><name>2727511</name><styleUrl>#styleDaimonCIRCUITO255TRECHO</styleUrl><LineString><coordinates>-48.428618,-7.679294,0 -48.428989,-7.680373,0</coordinates></LineString></Placemark>
<Placemark><name>2727510</name><styleUrl>#styleDaimonCIRCUITO255TRECHO</styleUrl><LineString><coordinates>-48.428989,-7.680373,0 -48.429383,-7.681361,0</coordinates></LineString></Placemark>
<Placemark><name>2727509</name><styleUrl>#styleDaimonCIRCUITO255TRECHO</styleUrl><LineString><coordinates>-48.429383,-7.681361,0 -48.429749,-7.682414,0</coordinates></LineString></Placemark>
<Placemark><name>2727507</name><styleUrl>#styleDaimonCIRCUITO255TRECHO</styleUrl><LineString><coordinates>-48.429749,-7.682414,0 -48.430123,-7.683513,0</coordinates></LineString></Placemark>
<Placemark><name>3518459</name><styleUrl>#styleDaimonCIRCUITO255TRECHO</styleUrl><LineString><coordinates>-48.425314,-7.660628,0 -48.424831,-7.660605,0</coordinates></LineString></Placemark>
<Placemark><name>2622606</name><styleUrl>#styleDaimonCIRCUITO255TRECHO</styleUrl><LineString><coordinates>-48.425866,-7.651894,0 -48.426000,-7.651906,0</coordinates></LineString></Placemark>
<Placemark><name>12118171</name><styleUrl>#styleDaimonCIRCUITO255TRECHO</styleUrl><LineString><coordinates>-48.425723,-7.659596,0 -48.425756,-7.659604,0</coordinates></LineString></Placemark>
<Placemark><name>2731760</name><styleUrl>#styleDaimonCIRCUITO255TRECHO</styleUrl><LineString><coordinates>-48.425455,-7.659539,0 -48.425723,-7.659596,0</coordinates></LineString></Placemark>
<Placemark><name>2729024</name><styleUrl>#styleDaimonCIRCUITO255TRECHO</styleUrl><LineString><coordinates>-48.425756,-7.659604,0 -48.426811,-7.659840,0</coordinates></LineString></Placemark>
<Placemark><name>12071896</name><styleUrl>#styleDaimonCIRCUITO255TRECHO</styleUrl><LineString><coordinates>-48.443880,-7.725866,0 -48.443869,-7.725887,0</coordinates></LineString></Placemark>
<Placemark><name>2733972</name><styleUrl>#styleDaimonCIRCUITO255TRECHO</styleUrl><LineString><coordinates>-48.443869,-7.725887,0 -48.443666,-7.725985,0</coordinates></LineString></Placemark>
<Placemark><name>3474767</name><styleUrl>#styleDaimonCIRCUITO255TRECHO</styleUrl><LineString><coordinates>-48.443811,-7.725670,0 -48.443880,-7.725866,0</coordinates></LineString></Placemark>
<Placemark><name>3474768</name><styleUrl>#styleDaimonCIRCUITO255TRECHO</styleUrl><LineString><coordinates>-48.443543,-7.724874,0 -48.443811,-7.725670,0</coordinates></LineString></Placemark>
<Placemark><name>2733289</name><styleUrl>#styleDaimonCIRCUITO255TRECHO</styleUrl><LineString><coordinates>-48.443175,-7.723903,0 -48.443543,-7.724874,0</coordinates></LineString></Placemark>
<Placemark><name>3510701</name><styleUrl>#styleDaimonCIRCUITO255TRECHO</styleUrl><LineString><coordinates>-48.442792,-7.722787,0 -48.443175,-7.723903,0</coordinates></LineString></Placemark>
<Placemark><name>3520736</name><styleUrl>#styleDaimonCIRCUITO255TRECHO</styleUrl><LineString><coordinates>-48.442498,-7.721768,0 -48.442792,-7.722787,0</coordinates></LineString></Placemark>
<Placemark><name>3520735</name><styleUrl>#styleDaimonCIRCUITO255TRECHO</styleUrl><LineString><coordinates>-48.442100,-7.720727,0 -48.442498,-7.721768,0</coordinates></LineString></Placemark>
<Placemark><name>2731496</name><styleUrl>#styleDaimonCIRCUITO255TRECHO</styleUrl><LineString><coordinates>-48.441876,-7.720040,0 -48.442100,-7.720727,0</coordinates></LineString></Placemark>
<Placemark><name>2731494</name><styleUrl>#styleDaimonCIRCUITO255TRECHO</styleUrl><LineString><coordinates>-48.441728,-7.719644,0 -48.441876,-7.720040,0</coordinates></LineString></Placemark>
<Placemark><name>2731487</name><styleUrl>#styleDaimonCIRCUITO255TRECHO</styleUrl><LineString><coordinates>-48.441418,-7.718560,0 -48.441728,-7.719644,0</coordinates></LineString></Placemark>
<Placemark><name>3508589</name><styleUrl>#styleDaimonCIRCUITO255TRECHO</styleUrl><LineString><coordinates>-48.441167,-7.717564,0 -48.441418,-7.718560,0</coordinates></LineString></Placemark>
<Placemark><name>12121985</name><styleUrl>#styleDaimonCIRCUITO255TRECHO</styleUrl><LineString><coordinates>-48.441167,-7.717564,0 -48.441151,-7.717567,0</coordinates></LineString></Placemark>
<Placemark><name>2766704</name><styleUrl>#styleDaimonCIRCUITO255TRECHO</styleUrl><LineString><coordinates>-48.440714,-7.716493,0 -48.441167,-7.717564,0</coordinates></LineString></Placemark>
<Placemark><name>3508588</name><styleUrl>#styleDaimonCIRCUITO255TRECHO</styleUrl><LineString><coordinates>-48.441151,-7.717567,0 -48.440923,-7.717605,0</coordinates></LineString></Placemark>
<Placemark><name>12025480</name><styleUrl>#styleDaimonCIRCUITO255TRECHO</styleUrl><LineString><coordinates>-48.440714,-7.716493,0 -48.440696,-7.716497,0</coordinates></LineString></Placemark>
<Placemark><name>2766701</name><styleUrl>#styleDaimonCIRCUITO255TRECHO</styleUrl><LineString><coordinates>-48.440375,-7.715509,0 -48.440714,-7.716493,0</coordinates></LineString></Placemark>
<Placemark><name>2766702</name><styleUrl>#styleDaimonCIRCUITO255TRECHO</styleUrl><LineString><coordinates>-48.440696,-7.716497,0 -48.440499,-7.716545,0</coordinates></LineString></Placemark>
<Placemark><name>12119884</name><styleUrl>#styleDaimonCIRCUITO255TRECHO</styleUrl><LineString><coordinates>-48.440375,-7.715509,0 -48.440390,-7.715499,0</coordinates></LineString></Placemark>
<Placemark><name>2766697</name><styleUrl>#styleDaimonCIRCUITO255TRECHO</styleUrl><LineString><coordinates>-48.440135,-7.714585,0 -48.440375,-7.715509,0</coordinates></LineString></Placemark>
<Placemark><name>2766698</name><styleUrl>#styleDaimonCIRCUITO255TRECHO</styleUrl><LineString><coordinates>-48.440390,-7.715499,0 -48.440526,-7.715402,0</coordinates></LineString></Placemark>
<Placemark><name>2766282</name><styleUrl>#styleDaimonCIRCUITO255TRECHO</styleUrl><LineString><coordinates>-48.439826,-7.713570,0 -48.440135,-7.714585,0</coordinates></LineString></Placemark>
<Placemark><name>2732497</name><styleUrl>#styleDaimonCIRCUITO255TRECHO</styleUrl><LineString><coordinates>-48.439477,-7.712542,0 -48.439826,-7.713570,0</coordinates></LineString></Placemark>
<Placemark><name>2732496</name><styleUrl>#styleDaimonCIRCUITO255TRECHO</styleUrl><LineString><coordinates>-48.439186,-7.711499,0 -48.439477,-7.712542,0</coordinates></LineString></Placemark>
<Placemark><name>3511447</name><styleUrl>#styleDaimonCIRCUITO255TRECHO</styleUrl><LineString><coordinates>-48.438793,-7.710433,0 -48.439186,-7.711499,0</coordinates></LineString></Placemark>
<Placemark><name>12071895</name><styleUrl>#styleDaimonCIRCUITO255TRECHO</styleUrl><LineString><coordinates>-48.438784,-7.710400,0 -48.438793,-7.710433,0</coordinates></LineString></Placemark>
<Placemark><name>3511446</name><styleUrl>#styleDaimonCIRCUITO255TRECHO</styleUrl><LineString><coordinates>-48.438527,-7.709329,0 -48.438784,-7.710400,0</coordinates></LineString></Placemark>
<Placemark><name>3511445</name><styleUrl>#styleDaimonCIRCUITO255TRECHO</styleUrl><LineString><coordinates>-48.438273,-7.708321,0 -48.438527,-7.709329,0</coordinates></LineString></Placemark>
<Placemark><name>3511214</name><styleUrl>#styleDaimonCIRCUITO255TRECHO</styleUrl><LineString><coordinates>-48.438011,-7.707251,0 -48.438273,-7.708321,0</coordinates></LineString></Placemark>
<Placemark><name>12119887</name><styleUrl>#styleDaimonCIRCUITO255TRECHO</styleUrl><LineString><coordinates>-48.438011,-7.707251,0 -48.437994,-7.707245,0</coordinates></LineString></Placemark>
<Placemark><name>3511213</name><styleUrl>#styleDaimonCIRCUITO255TRECHO</styleUrl><LineString><coordinates>-48.437837,-7.706446,0 -48.438011,-7.707251,0</coordinates></LineString></Placemark>
<Placemark><name>3511215</name><styleUrl>#styleDaimonCIRCUITO255TRECHO</styleUrl><LineString><coordinates>-48.437994,-7.707245,0 -48.437757,-7.707179,0</coordinates></LineString></Placemark>
<Placemark><name>2625652</name><styleUrl>#styleDaimonCIRCUITO255TRECHO</styleUrl><LineString><coordinates>-48.437428,-7.705240,0 -48.437837,-7.706446,0</coordinates></LineString></Placemark>
<Placemark><name>2625651</name><styleUrl>#styleDaimonCIRCUITO255TRECHO</styleUrl><LineString><coordinates>-48.437090,-7.704233,0 -48.437428,-7.705240,0</coordinates></LineString></Placemark>
<Placemark><name>2625650</name><styleUrl>#styleDaimonCIRCUITO255TRECHO</styleUrl><LineString><coordinates>-48.436828,-7.703247,0 -48.437090,-7.704233,0</coordinates></LineString></Placemark>
<Placemark><name>2625649</name><styleUrl>#styleDaimonCIRCUITO255TRECHO</styleUrl><LineString><coordinates>-48.436474,-7.702079,0 -48.436828,-7.703247,0</coordinates></LineString></Placemark>
<Placemark><name>2625648</name><styleUrl>#styleDaimonCIRCUITO255TRECHO</styleUrl><LineString><coordinates>-48.436107,-7.701043,0 -48.436474,-7.702079,0</coordinates></LineString></Placemark>
<Placemark><name>2770022</name><styleUrl>#styleDaimonCIRCUITO255TRECHO</styleUrl><LineString><coordinates>-48.435733,-7.699888,0 -48.436107,-7.701043,0</coordinates></LineString></Placemark>
<Placemark><name>2766280</name><styleUrl>#styleDaimonCIRCUITO255TRECHO</styleUrl><LineString><coordinates>-48.435395,-7.698897,0 -48.435733,-7.699888,0</coordinates></LineString></Placemark>
<Placemark><name>2766279</name><styleUrl>#styleDaimonCIRCUITO255TRECHO</styleUrl><LineString><coordinates>-48.435117,-7.697826,0 -48.435395,-7.698897,0</coordinates></LineString></Placemark>
<Placemark><name>2766278</name><styleUrl>#styleDaimonCIRCUITO255TRECHO</styleUrl><LineString><coordinates>-48.434779,-7.696834,0 -48.435117,-7.697826,0</coordinates></LineString></Placemark>
<Placemark><name>12073127</name><styleUrl>#styleDaimonCIRCUITO255TRECHO</styleUrl><LineString><coordinates>-48.434769,-7.696803,0 -48.434779,-7.696834,0</coordinates></LineString></Placemark>
<Placemark><name>3509952</name><styleUrl>#styleDaimonCIRCUITO255TRECHO</styleUrl><LineString><coordinates>-48.434415,-7.695746,0 -48.434769,-7.696803,0</coordinates></LineString></Placemark>
<Placemark><name>3509955</name><styleUrl>#styleDaimonCIRCUITO255TRECHO</styleUrl><LineString><coordinates>-48.434000,-7.694727,0 -48.434415,-7.695746,0</coordinates></LineString></Placemark>
<Placemark><name>2766277</name><styleUrl>#styleDaimonCIRCUITO255TRECHO</styleUrl><LineString><coordinates>-48.433668,-7.693737,0 -48.434000,-7.694727,0</coordinates></LineString></Placemark>
<Placemark><name>3517531</name><styleUrl>#styleDaimonCIRCUITO255TRECHO</styleUrl><LineString><coordinates>-48.433287,-7.692669,0 -48.433668,-7.693737,0</coordinates></LineString></Placemark>
<Placemark><name>3517533</name><styleUrl>#styleDaimonCIRCUITO255TRECHO</styleUrl><LineString><coordinates>-48.432919,-7.691577,0 -48.433287,-7.692669,0</coordinates></LineString></Placemark>
<Placemark><name>3517535</name><styleUrl>#styleDaimonCIRCUITO255TRECHO</styleUrl><LineString><coordinates>-48.432620,-7.690602,0 -48.432919,-7.691577,0</coordinates></LineString></Placemark>
<Placemark><name>49926871</name><styleUrl>#styleDaimonCIRCUITO255TRECHO</styleUrl><LineString><coordinates>-48.432620,-7.690602,0 -48.432598,-7.690603,0</coordinates></LineString></Placemark>
<Placemark><name>3504536</name><styleUrl>#styleDaimonCIRCUITO255TRECHO</styleUrl><LineString><coordinates>-48.432237,-7.689597,0 -48.432620,-7.690602,0</coordinates></LineString></Placemark>
<Placemark><name>49926866</name><styleUrl>#styleDaimonCIRCUITO255TRECHO</styleUrl><LineString><coordinates>-48.432598,-7.690603,0 -48.432316,-7.690561,0</coordinates></LineString></Placemark>
<Placemark><name>3504537</name><styleUrl>#styleDaimonCIRCUITO255TRECHO</styleUrl><LineString><coordinates>-48.431874,-7.688559,0 -48.432237,-7.689597,0</coordinates></LineString></Placemark>
<Placemark><name>3504539</name><styleUrl>#styleDaimonCIRCUITO255TRECHO</styleUrl><LineString><coordinates>-48.431548,-7.687521,0 -48.431874,-7.688559,0</coordinates></LineString></Placemark>
<Placemark><name>3504540</name><styleUrl>#styleDaimonCIRCUITO255TRECHO</styleUrl><LineString><coordinates>-48.431188,-7.686490,0 -48.431548,-7.687521,0</coordinates></LineString></Placemark>
<Placemark><name>3516946</name><styleUrl>#styleDaimonCIRCUITO255TRECHO</styleUrl><LineString><coordinates>-48.430824,-7.685478,0 -48.431188,-7.686490,0</coordinates></LineString></Placemark>
<Placemark><name>3516947</name><styleUrl>#styleDaimonCIRCUITO255TRECHO</styleUrl><LineString><coordinates>-48.430443,-7.684467,0 -48.430824,-7.685478,0</coordinates></LineString></Placemark>
<Placemark><name>2727506</name><styleUrl>#styleDaimonCIRCUITO255TRECHO</styleUrl><LineString><coordinates>-48.430088,-7.683413,0 -48.430443,-7.684467,0</coordinates></LineString></Placemark>
<Placemark><name>2726324</name><styleUrl>#styleDaimonCIRCUITO255TRECHO</styleUrl><LineString><coordinates>-48.426427,-7.653517,0 -48.427144,-7.652930,0</coordinates></LineString></Placemark>
<Placemark><name>2731382</name><styleUrl>#styleDaimonCIRCUITO255TRECHO</styleUrl><LineString><coordinates>-48.419748,-7.702858,0 -48.419890,-7.703289,0</coordinates></LineString></Placemark>
<Placemark><name>2732449</name><styleUrl>#styleDaimonCIRCUITO255TRECHO</styleUrl><LineString><coordinates>-48.419890,-7.703289,0 -48.419943,-7.703585,0</coordinates></LineString></Placemark>
<Placemark><name>2731383</name><styleUrl>#styleDaimonCIRCUITO255TRECHO</styleUrl><LineString><coordinates>-48.419402,-7.701496,0 -48.419748,-7.702858,0</coordinates></LineString></Placemark>
<Placemark><name>2765911</name><styleUrl>#styleDaimonCIRCUITO255TRECHO</styleUrl><LineString><coordinates>-48.419943,-7.703585,0 -48.420022,-7.703869,0</coordinates></LineString></Placemark>
<Placemark><name>2731385</name><styleUrl>#styleDaimonCIRCUITO255TRECHO</styleUrl><LineString><coordinates>-48.418905,-7.700448,0 -48.419402,-7.701496,0</coordinates></LineString></Placemark>
<Placemark><name>3530359</name><styleUrl>#styleDaimonCIRCUITO255TRECHO</styleUrl><LineString><coordinates>-48.420022,-7.703869,0 -48.420309,-7.704520,0</coordinates></LineString></Placemark>
<Placemark><name>2731386</name><styleUrl>#styleDaimonCIRCUITO255TRECHO</styleUrl><LineString><coordinates>-48.418506,-7.699644,0 -48.418905,-7.700448,0</coordinates></LineString></Placemark>
<Placemark><name>3530136</name><styleUrl>#styleDaimonCIRCUITO255TRECHO</styleUrl><LineString><coordinates>-48.420309,-7.704520,0 -48.420449,-7.704994,0</coordinates></LineString></Placemark>
<Placemark><name>2731387</name><styleUrl>#styleDaimonCIRCUITO255TRECHO</styleUrl><LineString><coordinates>-48.418332,-7.699249,0 -48.418506,-7.699644,0</coordinates></LineString></Placemark>
<Placemark><name>3530135</name><styleUrl>#styleDaimonCIRCUITO255TRECHO</styleUrl><LineString><coordinates>-48.420449,-7.704994,0 -48.420899,-7.706214,0</coordinates></LineString></Placemark>
<Placemark><name>2731350</name><styleUrl>#styleDaimonCIRCUITO255TRECHO</styleUrl><LineString><coordinates>-48.418157,-7.698901,0 -48.418332,-7.699249,0</coordinates></LineString></Placemark>
<Placemark><name>2735234</name><styleUrl>#styleDaimonCIRCUITO255TRECHO</styleUrl><LineString><coordinates>-48.420899,-7.706214,0 -48.421262,-7.707143,0</coordinates></LineString></Placemark>
<Placemark><name>2621479</name><styleUrl>#styleDaimonCIRCUITO255TRECHO</styleUrl><LineString><coordinates>-48.417988,-7.698482,0 -48.418157,-7.698901,0</coordinates></LineString></Placemark>
<Placemark><name>2735233</name><styleUrl>#styleDaimonCIRCUITO255TRECHO</styleUrl><LineString><coordinates>-48.421262,-7.707143,0 -48.421519,-7.707919,0</coordinates></LineString></Placemark>
<Placemark><name>3527598</name><styleUrl>#styleDaimonCIRCUITO255TRECHO</styleUrl><LineString><coordinates>-48.417809,-7.698097,0 -48.417988,-7.698482,0</coordinates></LineString></Placemark>
<Placemark><name>12122214</name><styleUrl>#styleDaimonCIRCUITO255TRECHO</styleUrl><LineString><coordinates>-48.421519,-7.707919,0 -48.421525,-7.707934,0</coordinates></LineString></Placemark>
<Placemark><name>3527599</name><styleUrl>#styleDaimonCIRCUITO255TRECHO</styleUrl><LineString><coordinates>-48.417583,-7.697700,0 -48.417809,-7.698097,0</coordinates></LineString></Placemark>
<Placemark><name>2735232</name><styleUrl>#styleDaimonCIRCUITO255TRECHO</styleUrl><LineString><coordinates>-48.421525,-7.707934,0 -48.421829,-7.708669,0</coordinates></LineString></Placemark>
<Placemark><name>3527818</name><styleUrl>#styleDaimonCIRCUITO255TRECHO</styleUrl><LineString><coordinates>-48.417323,-7.697123,0 -48.417583,-7.697700,0</coordinates></LineString></Placemark>
<Placemark><name>3527376</name><styleUrl>#styleDaimonCIRCUITO255TRECHO</styleUrl><LineString><coordinates>-48.421829,-7.708669,0 -48.421906,-7.708950,0</coordinates></LineString></Placemark>
<Placemark><name>12122215</name><styleUrl>#styleDaimonCIRCUITO255TRECHO</styleUrl><LineString><coordinates>-48.417316,-7.697108,0 -48.417323,-7.697123,0</coordinates></LineString></Placemark>
<Placemark><name>3527375</name><styleUrl>#styleDaimonCIRCUITO255TRECHO</styleUrl><LineString><coordinates>-48.421906,-7.708950,0 -48.422176,-7.709254,0</coordinates></LineString></Placemark>
<Placemark><name>3528024</name><styleUrl>#styleDaimonCIRCUITO255TRECHO</styleUrl><LineString><coordinates>-48.418065,-7.696373,0 -48.417316,-7.697108,0</coordinates></LineString></Placemark>
<Placemark><name>2730077</name><styleUrl>#styleDaimonCIRCUITO255TRECHO</styleUrl><LineString><coordinates>-48.422176,-7.709254,0 -48.422461,-7.709630,0</coordinates></LineString></Placemark>
<Placemark><name>2731384</name><styleUrl>#styleDaimonCIRCUITO255TRECHO</styleUrl><LineString><coordinates>-48.418901,-7.695611,0 -48.418065,-7.696373,0</coordinates></LineString></Placemark>
<Placemark><name>2731584</name><styleUrl>#styleDaimonCIRCUITO255TRECHO</styleUrl><LineString><coordinates>-48.422461,-7.709630,0 -48.422658,-7.709859,0</coordinates></LineString></Placemark>
<Placemark><name>3528025</name><styleUrl>#styleDaimonCIRCUITO255TRECHO</styleUrl><LineString><coordinates>-48.419673,-7.694846,0 -48.418901,-7.695611,0</coordinates></LineString></Placemark>
<Placemark><name>2731583</name><styleUrl>#styleDaimonCIRCUITO255TRECHO</styleUrl><LineString><coordinates>-48.422658,-7.709859,0 -48.423036,-7.710181,0</coordinates></LineString></Placemark>
<Placemark><name>3528026</name><styleUrl>#styleDaimonCIRCUITO255TRECHO</styleUrl><LineString><coordinates>-48.420484,-7.694060,0 -48.419673,-7.694846,0</coordinates></LineString></Placemark>
<Placemark><name>2731582</name><styleUrl>#styleDaimonCIRCUITO255TRECHO</styleUrl><LineString><coordinates>-48.423036,-7.710181,0 -48.423424,-7.710480,0</coordinates></LineString></Placemark>
<Placemark><name>3528229</name><styleUrl>#styleDaimonCIRCUITO255TRECHO</styleUrl><LineString><coordinates>-48.421273,-7.693251,0 -48.420484,-7.694060,0</coordinates></LineString></Placemark>
<Placemark><name>2731581</name><styleUrl>#styleDaimonCIRCUITO255TRECHO</styleUrl><LineString><coordinates>-48.423424,-7.710480,0 -48.423827,-7.710818,0</coordinates></LineString></Placemark>
<Placemark><name>3528230</name><styleUrl>#styleDaimonCIRCUITO255TRECHO</styleUrl><LineString><coordinates>-48.421569,-7.692943,0 -48.421273,-7.693251,0</coordinates></LineString></Placemark>
<Placemark><name>3515574</name><styleUrl>#styleDaimonCIRCUITO255TRECHO</styleUrl><LineString><coordinates>-48.423827,-7.710818,0 -48.424177,-7.711103,0</coordinates></LineString></Placemark>
<Placemark><name>3528233</name><styleUrl>#styleDaimonCIRCUITO255TRECHO</styleUrl><LineString><coordinates>-48.422366,-7.692175,0 -48.421569,-7.692943,0</coordinates></LineString></Placemark>
<Placemark><name>2731603</name><styleUrl>#styleDaimonCIRCUITO255TRECHO</styleUrl><LineString><coordinates>-48.424177,-7.711103,0 -48.424547,-7.711354,0</coordinates></LineString></Placemark>
<Placemark><name>12120863</name><styleUrl>#styleDaimonCIRCUITO255TRECHO</styleUrl><LineString><coordinates>-48.422379,-7.692164,0 -48.422366,-7.692175,0</coordinates></LineString></Placemark>
<Placemark><name>3528234</name><styleUrl>#styleDaimonCIRCUITO255TRECHO</styleUrl><LineString><coordinates>-48.421884,-7.690940,0 -48.422379,-7.692164,0</coordinates></LineString></Placemark>
<Placemark><name>3528235</name><styleUrl>#styleDaimonCIRCUITO255TRECHO</styleUrl><LineString><coordinates>-48.421486,-7.690011,0 -48.421884,-7.690940,0</coordinates></LineString></Placemark>
<Placemark><name>3528236</name><styleUrl>#styleDaimonCIRCUITO255TRECHO</styleUrl><LineString><coordinates>-48.420965,-7.688770,0 -48.421486,-7.690011,0</coordinates></LineString></Placemark>
<Placemark><name>2731170</name><styleUrl>#styleDaimonCIRCUITO255TRECHO</styleUrl><LineString><coordinates>-48.420450,-7.687478,0 -48.420965,-7.688770,0</coordinates></LineString></Placemark>
<Placemark><name>12118747</name><styleUrl>#styleDaimonCIRCUITO255TRECHO</styleUrl><LineString><coordinates>-48.420450,-7.687478,0 -48.420434,-7.687483,0</coordinates></LineString></Placemark>
<Placemark><name>3516173</name><styleUrl>#styleDaimonCIRCUITO255TRECHO</styleUrl><LineString><coordinates>-48.420420,-7.687306,0 -48.420450,-7.687478,0</coordinates></LineString></Placemark>
<Placemark><name>3516174</name><styleUrl>#styleDaimonCIRCUITO255TRECHO</styleUrl><LineString><coordinates>-48.420434,-7.687483,0 -48.419477,-7.687753,0</coordinates></LineString></Placemark>
<Placemark><name>12118746</name><styleUrl>#styleDaimonCIRCUITO255TRECHO</styleUrl><LineString><coordinates>-48.420420,-7.687306,0 -48.420438,-7.687303,0</coordinates></LineString></Placemark>
<Placemark><name>3516172</name><styleUrl>#styleDaimonCIRCUITO255TRECHO</styleUrl><LineString><coordinates>-48.420157,-7.686586,0 -48.420420,-7.687306,0</coordinates></LineString></Placemark>
<Placemark><name>3516175</name><styleUrl>#styleDaimonCIRCUITO255TRECHO</styleUrl><LineString><coordinates>-48.419477,-7.687753,0 -48.418444,-7.688156,0</coordinates></LineString></Placemark>
<Placemark><name>2731171</name><styleUrl>#styleDaimonCIRCUITO255TRECHO</styleUrl><LineString><coordinates>-48.420438,-7.687303,0 -48.421888,-7.687081,0</coordinates></LineString></Placemark>
<Placemark><name>2615101</name><styleUrl>#styleDaimonCIRCUITO255TRECHO</styleUrl><LineString><coordinates>-48.419600,-7.685053,0 -48.420157,-7.686586,0</coordinates></LineString></Placemark>
<Placemark><name>3516176</name><styleUrl>#styleDaimonCIRCUITO255TRECHO</styleUrl><LineString><coordinates>-48.418444,-7.688156,0 -48.417318,-7.688511,0</coordinates></LineString></Placemark>
<Placemark><name>3515850</name><styleUrl>#styleDaimonCIRCUITO255TRECHO</styleUrl><LineString><coordinates>-48.421888,-7.687081,0 -48.422640,-7.686971,0</coordinates></LineString></Placemark>
<Placemark><name>2615098</name><styleUrl>#styleDaimonCIRCUITO255TRECHO</styleUrl><LineString><coordinates>-48.418395,-7.683272,0 -48.419600,-7.685053,0</coordinates></LineString></Placemark>
<Placemark><name>3516177</name><styleUrl>#styleDaimonCIRCUITO255TRECHO</styleUrl><LineString><coordinates>-48.417318,-7.688511,0 -48.416209,-7.688885,0</coordinates></LineString></Placemark>
<Placemark><name>3515851</name><styleUrl>#styleDaimonCIRCUITO255TRECHO</styleUrl><LineString><coordinates>-48.422640,-7.686971,0 -48.423730,-7.686779,0</coordinates></LineString></Placemark>
<Placemark><name>2615099</name><styleUrl>#styleDaimonCIRCUITO255TRECHO</styleUrl><LineString><coordinates>-48.417903,-7.682573,0 -48.418395,-7.683272,0</coordinates></LineString></Placemark>
<Placemark><name>3516178</name><styleUrl>#styleDaimonCIRCUITO255TRECHO</styleUrl><LineString><coordinates>-48.416209,-7.688885,0 -48.415337,-7.689240,0</coordinates></LineString></Placemark>
<Placemark><name>2730323</name><styleUrl>#styleDaimonCIRCUITO255TRECHO</styleUrl><LineString><coordinates>-48.423730,-7.686779,0 -48.424814,-7.686620,0</coordinates></LineString></Placemark>
<Placemark><name>3516171</name><styleUrl>#styleDaimonCIRCUITO255TRECHO</styleUrl><LineString><coordinates>-48.417330,-7.681800,0 -48.417903,-7.682573,0</coordinates></LineString></Placemark>
<Placemark><name>12120862</name><styleUrl>#styleDaimonCIRCUITO255TRECHO</styleUrl><LineString><coordinates>-48.415337,-7.689240,0 -48.415305,-7.689251,0</coordinates></LineString></Placemark>
<Placemark><name>3663251</name><styleUrl>#styleDaimonCIRCUITO255TRECHO</styleUrl><LineString><coordinates>-48.415337,-7.689240,0 -48.415336,-7.689254,0</coordinates></LineString></Placemark>
<Placemark><name>12118168</name><styleUrl>#styleDaimonCIRCUITO255TRECHO</styleUrl><LineString><coordinates>-48.417330,-7.681800,0 -48.417316,-7.681809,0</coordinates></LineString></Placemark>
<Placemark><name>2615096</name><styleUrl>#styleDaimonCIRCUITO255TRECHO</styleUrl><LineString><coordinates>-48.417172,-7.681504,0 -48.417330,-7.681800,0</coordinates></LineString></Placemark>
<Placemark><name>3516179</name><styleUrl>#styleDaimonCIRCUITO255TRECHO</styleUrl><LineString><coordinates>-48.415305,-7.689251,0 -48.414523,-7.689468,0</coordinates></LineString></Placemark>
<Placemark><name>3518043</name><styleUrl>#styleDaimonCIRCUITO255TRECHO</styleUrl><LineString><coordinates>-48.417316,-7.681809,0 -48.416618,-7.682258,0</coordinates></LineString></Placemark>
<Placemark><name>2615095</name><styleUrl>#styleDaimonCIRCUITO255TRECHO</styleUrl><LineString><coordinates>-48.416475,-7.680568,0 -48.417172,-7.681504,0</coordinates></LineString></Placemark>
<Placemark><name>2761371</name><styleUrl>#styleDaimonCIRCUITO255TRECHO</styleUrl><LineString><coordinates>-48.416618,-7.682258,0 -48.416081,-7.682602,0</coordinates></LineString></Placemark>
<Placemark><name>2761372</name><styleUrl>#styleDaimonCIRCUITO255TRECHO</styleUrl><LineString><coordinates>-48.415932,-7.679720,0 -48.416475,-7.680568,0</coordinates></LineString></Placemark>
<Placemark><name>2614880</name><styleUrl>#styleDaimonCIRCUITO255TRECHO</styleUrl><LineString><coordinates>-48.416081,-7.682602,0 -48.415780,-7.682774,0</coordinates></LineString></Placemark>
<Placemark><name>12118753</name><styleUrl>#styleDaimonCIRCUITO255TRECHO</styleUrl><LineString><coordinates>-48.415923,-7.679706,0 -48.415932,-7.679720,0</coordinates></LineString></Placemark>
<Placemark><name>2615097</name><styleUrl>#styleDaimonCIRCUITO255TRECHO</styleUrl><LineString><coordinates>-48.415780,-7.682774,0 -48.415532,-7.682946,0</coordinates></LineString></Placemark>
<Placemark><name>3515378</name><styleUrl>#styleDaimonCIRCUITO255TRECHO</styleUrl><LineString><coordinates>-48.414707,-7.677853,0 -48.415923,-7.679706,0</coordinates></LineString></Placemark>
<Placemark><name>12118752</name><styleUrl>#styleDaimonCIRCUITO255TRECHO</styleUrl><LineString><coordinates>-48.414697,-7.677839,0 -48.414707,-7.677853,0</coordinates></LineString></Placemark>
<Placemark><name>3515377</name><styleUrl>#styleDaimonCIRCUITO255TRECHO</styleUrl><LineString><coordinates>-48.414143,-7.677100,0 -48.414697,-7.677839,0</coordinates></LineString></Placemark>
<Placemark><name>3515376</name><styleUrl>#styleDaimonCIRCUITO255TRECHO</styleUrl><LineString><coordinates>-48.413578,-7.676231,0 -48.414143,-7.677100,0</coordinates></LineString></Placemark>
<Placemark><name>3515375</name><styleUrl>#styleDaimonCIRCUITO255TRECHO</styleUrl><LineString><coordinates>-48.412850,-7.675137,0 -48.413578,-7.676231,0</coordinates></LineString></Placemark>
<Placemark><name>3515374</name><styleUrl>#styleDaimonCIRCUITO255TRECHO</styleUrl><LineString><coordinates>-48.412071,-7.674045,0 -48.412850,-7.675137,0</coordinates></LineString></Placemark>
<Placemark><name>3515373</name><styleUrl>#styleDaimonCIRCUITO255TRECHO</styleUrl><LineString><coordinates>-48.412007,-7.673859,0 -48.412071,-7.674045,0</coordinates></LineString></Placemark>
<Placemark><name>2730326</name><styleUrl>#styleDaimonCIRCUITO255TRECHO</styleUrl><LineString><coordinates>-48.411554,-7.672747,0 -48.412007,-7.673859,0</coordinates></LineString></Placemark>
<Placemark><name>12118177</name><styleUrl>#styleDaimonCIRCUITO255TRECHO</styleUrl><LineString><coordinates>-48.411531,-7.672737,0 -48.411554,-7.672747,0</coordinates></LineString></Placemark>
<Placemark><name>12118178</name><styleUrl>#styleDaimonCIRCUITO255TRECHO</styleUrl><LineString><coordinates>-48.411563,-7.672727,0 -48.411531,-7.672737,0</coordinates></LineString></Placemark>
<Placemark><name>2731601</name><styleUrl>#styleDaimonCIRCUITO255TRECHO</styleUrl><LineString><coordinates>-48.411531,-7.672737,0 -48.411358,-7.672812,0</coordinates></LineString></Placemark>
<Placemark><name>2727770</name><styleUrl>#styleDaimonCIRCUITO255TRECHO</styleUrl><LineString><coordinates>-48.412584,-7.672432,0 -48.411563,-7.672727,0</coordinates></LineString></Placemark>
<Placemark><name>12120861</name><styleUrl>#styleDaimonCIRCUITO255TRECHO</styleUrl><LineString><coordinates>-48.411358,-7.672812,0 -48.411341,-7.672813,0</coordinates></LineString></Placemark>
<Placemark><name>2727512</name><styleUrl>#styleDaimonCIRCUITO255TRECHO</styleUrl><LineString><coordinates>-48.413531,-7.672130,0 -48.412584,-7.672432,0</coordinates></LineString></Placemark>
<Placemark><name>2730325</name><styleUrl>#styleDaimonCIRCUITO255TRECHO</styleUrl><LineString><coordinates>-48.411341,-7.672813,0 -48.410260,-7.672885,0</coordinates></LineString></Placemark>
<Placemark><name>2727514</name><styleUrl>#styleDaimonCIRCUITO255TRECHO</styleUrl><LineString><coordinates>-48.414481,-7.671814,0 -48.413531,-7.672130,0</coordinates></LineString></Placemark>
<Placemark><name>3515848</name><styleUrl>#styleDaimonCIRCUITO255TRECHO</styleUrl><LineString><coordinates>-48.410260,-7.672885,0 -48.408914,-7.672914,0</coordinates></LineString></Placemark>
<Placemark><name>2727515</name><styleUrl>#styleDaimonCIRCUITO255TRECHO</styleUrl><LineString><coordinates>-48.415437,-7.671487,0 -48.414481,-7.671814,0</coordinates></LineString></Placemark>
<Placemark><name>2727516</name><styleUrl>#styleDaimonCIRCUITO255TRECHO</styleUrl><LineString><coordinates>-48.416425,-7.671168,0 -48.415437,-7.671487,0</coordinates></LineString></Placemark>
<Placemark><name>12118173</name><styleUrl>#styleDaimonCIRCUITO255TRECHO</styleUrl><LineString><coordinates>-48.416425,-7.671168,0 -48.416417,-7.671154,0</coordinates></LineString></Placemark>
<Placemark><name>2727776</name><styleUrl>#styleDaimonCIRCUITO255TRECHO</styleUrl><LineString><coordinates>-48.417436,-7.670829,0 -48.416425,-7.671168,0</coordinates></LineString></Placemark>
<Placemark><name>2727519</name><styleUrl>#styleDaimonCIRCUITO255TRECHO</styleUrl><LineString><coordinates>-48.416417,-7.671154,0 -48.415831,-7.670051,0</coordinates></LineString></Placemark>
<Placemark><name>2727777</name><styleUrl>#styleDaimonCIRCUITO255TRECHO</styleUrl><LineString><coordinates>-48.418356,-7.670543,0 -48.417436,-7.670829,0</coordinates></LineString></Placemark>
<Placemark><name>2727521</name><styleUrl>#styleDaimonCIRCUITO255TRECHO</styleUrl><LineString><coordinates>-48.415831,-7.670051,0 -48.415194,-7.669005,0</coordinates></LineString></Placemark>
<Placemark><name>2727778</name><styleUrl>#styleDaimonCIRCUITO255TRECHO</styleUrl><LineString><coordinates>-48.418950,-7.670355,0 -48.418356,-7.670543,0</coordinates></LineString></Placemark>
<Placemark><name>2727522</name><styleUrl>#styleDaimonCIRCUITO255TRECHO</styleUrl><LineString><coordinates>-48.415194,-7.669005,0 -48.414601,-7.667952,0</coordinates></LineString></Placemark>
<Placemark><name>2727779</name><styleUrl>#styleDaimonCIRCUITO255TRECHO</styleUrl><LineString><coordinates>-48.419557,-7.670168,0 -48.418950,-7.670355,0</coordinates></LineString></Placemark>
<Placemark><name>2727765</name><styleUrl>#styleDaimonCIRCUITO255TRECHO</styleUrl><LineString><coordinates>-48.414601,-7.667952,0 -48.414034,-7.666876,0</coordinates></LineString></Placemark>
<Placemark><name>12121995</name><styleUrl>#styleDaimonCIRCUITO255TRECHO</styleUrl><LineString><coordinates>-48.419557,-7.670168,0 -48.419552,-7.670152,0</coordinates></LineString></Placemark>
<Placemark><name>2727508</name><styleUrl>#styleDaimonCIRCUITO255TRECHO</styleUrl><LineString><coordinates>-48.420899,-7.669688,0 -48.419557,-7.670168,0</coordinates></LineString></Placemark>
<Placemark><name>2727766</name><styleUrl>#styleDaimonCIRCUITO255TRECHO</styleUrl><LineString><coordinates>-48.414034,-7.666876,0 -48.413442,-7.665756,0</coordinates></LineString></Placemark>
<Placemark><name>2727780</name><styleUrl>#styleDaimonCIRCUITO255TRECHO</styleUrl><LineString><coordinates>-48.419552,-7.670152,0 -48.419185,-7.668942,0</coordinates></LineString></Placemark>
<Placemark><name>2727569</name><styleUrl>#styleDaimonCIRCUITO255TRECHO</styleUrl><LineString><coordinates>-48.422057,-7.669256,0 -48.420899,-7.669688,0</coordinates></LineString></Placemark>
<Placemark><name>12118169</name><styleUrl>#styleDaimonCIRCUITO255TRECHO</styleUrl><LineString><coordinates>-48.413442,-7.665756,0 -48.413419,-7.665732,0</coordinates></LineString></Placemark>
<Placemark><name>2728010</name><styleUrl>#styleDaimonCIRCUITO255TRECHO</styleUrl><LineString><coordinates>-48.419185,-7.668942,0 -48.418821,-7.667692,0</coordinates></LineString></Placemark>
<Placemark><name>2727262</name><styleUrl>#styleDaimonCIRCUITO255TRECHO</styleUrl><LineString><coordinates>-48.422462,-7.669142,0 -48.422057,-7.669256,0</coordinates></LineString></Placemark>
<Placemark><name>2727767</name><styleUrl>#styleDaimonCIRCUITO255TRECHO</styleUrl><LineString><coordinates>-48.413419,-7.665732,0 -48.412630,-7.665167,0</coordinates></LineString></Placemark>
<Placemark><name>2728011</name><styleUrl>#styleDaimonCIRCUITO255TRECHO</styleUrl><LineString><coordinates>-48.418821,-7.667692,0 -48.418436,-7.666462,0</coordinates></LineString></Placemark>
<Placemark><name>2727263</name><styleUrl>#styleDaimonCIRCUITO255TRECHO</styleUrl><LineString><coordinates>-48.422846,-7.668987,0 -48.422462,-7.669142,0</coordinates></LineString></Placemark>
<Placemark><name>2727570</name><styleUrl>#styleDaimonCIRCUITO255TRECHO</styleUrl><LineString><coordinates>-48.412630,-7.665167,0 -48.411865,-7.664575,0</coordinates></LineString></Placemark>
<Placemark><name>2728012</name><styleUrl>#styleDaimonCIRCUITO255TRECHO</styleUrl><LineString><coordinates>-48.418436,-7.666462,0 -48.418080,-7.665240,0</coordinates></LineString></Placemark>
<Placemark><name>2727265</name><styleUrl>#styleDaimonCIRCUITO255TRECHO</styleUrl><LineString><coordinates>-48.423203,-7.668846,0 -48.422846,-7.668987,0</coordinates></LineString></Placemark>
<Placemark><name>12118170</name><styleUrl>#styleDaimonCIRCUITO255TRECHO</styleUrl><LineString><coordinates>-48.411865,-7.664575,0 -48.411843,-7.664579,0</coordinates></LineString></Placemark>
<Placemark><name>2728013</name><styleUrl>#styleDaimonCIRCUITO255TRECHO</styleUrl><LineString><coordinates>-48.418080,-7.665240,0 -48.417736,-7.664029,0</coordinates></LineString></Placemark>
<Placemark><name>2727769</name><styleUrl>#styleDaimonCIRCUITO255TRECHO</styleUrl><LineString><coordinates>-48.423685,-7.668664,0 -48.423203,-7.668846,0</coordinates></LineString></Placemark>
<Placemark><name>2727571</name><styleUrl>#styleDaimonCIRCUITO255TRECHO</styleUrl><LineString><coordinates>-48.411843,-7.664579,0 -48.411567,-7.664979,0</coordinates></LineString></Placemark>
<Placemark><name>2728026</name><styleUrl>#styleDaimonCIRCUITO255TRECHO</styleUrl><LineString><coordinates>-48.417736,-7.664029,0 -48.417346,-7.662770,0</coordinates></LineString></Placemark>
<Placemark><name>2727771</name><styleUrl>#styleDaimonCIRCUITO255TRECHO</styleUrl><LineString><coordinates>-48.424818,-7.668360,0 -48.423685,-7.668664,0</coordinates></LineString></Placemark>
<Placemark><name>2727572</name><styleUrl>#styleDaimonCIRCUITO255TRECHO</styleUrl><LineString><coordinates>-48.411567,-7.664979,0 -48.411300,-7.665366,0</coordinates></LineString></Placemark>
<Placemark><name>2728251</name><styleUrl>#styleDaimonCIRCUITO255TRECHO</styleUrl><LineString><coordinates>-48.417346,-7.662770,0 -48.416971,-7.661519,0</coordinates></LineString></Placemark>
<Placemark><name>28495128</name><styleUrl>#styleDaimonCIRCUITO255TRECHO</styleUrl><LineString><coordinates>-48.424818,-7.668360,0 -48.424821,-7.668330,0</coordinates></LineString></Placemark>
<Placemark><name>28495129</name><styleUrl>#styleDaimonCIRCUITO255TRECHO</styleUrl><LineString><coordinates>-48.424848,-7.668354,0 -48.424818,-7.668360,0</coordinates></LineString></Placemark>
<Placemark><name>2727261</name><styleUrl>#styleDaimonCIRCUITO255TRECHO</styleUrl><LineString><coordinates>-48.411300,-7.665366,0 -48.411016,-7.665780,0</coordinates></LineString></Placemark>
<Placemark><name>2728252</name><styleUrl>#styleDaimonCIRCUITO255TRECHO</styleUrl><LineString><coordinates>-48.416971,-7.661519,0 -48.416712,-7.660563,0</coordinates></LineString></Placemark>
<Placemark><name>2727264</name><styleUrl>#styleDaimonCIRCUITO255TRECHO</styleUrl><LineString><coordinates>-48.411016,-7.665780,0 -48.410747,-7.666171,0</coordinates></LineString></Placemark>
<Placemark><name>3517527</name><styleUrl>#styleDaimonCIRCUITO255TRECHO</styleUrl><LineString><coordinates>-48.416712,-7.660563,0 -48.416553,-7.660119,0</coordinates></LineString></Placemark>
<Placemark><name>2727266</name><styleUrl>#styleDaimonCIRCUITO255TRECHO</styleUrl><LineString><coordinates>-48.410747,-7.666171,0 -48.410495,-7.666537,0</coordinates></LineString></Placemark>
<Placemark><name>12121996</name><styleUrl>#styleDaimonCIRCUITO255TRECHO</styleUrl><LineString><coordinates>-48.416553,-7.660119,0 -48.416530,-7.660100,0</coordinates></LineString></Placemark>
<Placemark><name>3517528</name><styleUrl>#styleDaimonCIRCUITO255TRECHO</styleUrl><LineString><coordinates>-48.416530,-7.660100,0 -48.416156,-7.660067,0</coordinates></LineString></Placemark>
<Placemark><name>3517529</name><styleUrl>#styleDaimonCIRCUITO255TRECHO</styleUrl><LineString><coordinates>-48.416156,-7.660067,0 -48.415741,-7.660030,0</coordinates></LineString></Placemark>
<Placemark><name>3517530</name><styleUrl>#styleDaimonCIRCUITO255TRECHO</styleUrl><LineString><coordinates>-48.415741,-7.660030,0 -48.415303,-7.659990,0</coordinates></LineString></Placemark>
<Placemark><name>3517532</name><styleUrl>#styleDaimonCIRCUITO255TRECHO</styleUrl><LineString><coordinates>-48.415303,-7.659990,0 -48.414850,-7.659949,0</coordinates></LineString></Placemark>
<Placemark><name>3517534</name><styleUrl>#styleDaimonCIRCUITO255TRECHO</styleUrl><LineString><coordinates>-48.414850,-7.659949,0 -48.414413,-7.659911,0</coordinates></LineString></Placemark>
<Placemark><name>3504538</name><styleUrl>#styleDaimonCIRCUITO255TRECHO</styleUrl><LineString><coordinates>-48.414413,-7.659911,0 -48.413967,-7.659870,0</coordinates></LineString></Placemark>
<Placemark><name>2766705</name><styleUrl>#styleDaimonCIRCUITO255TRECHO</styleUrl><LineString><coordinates>-48.439426,-7.716856,0 -48.438330,-7.717125,0</coordinates></LineString></Placemark>
<Placemark><name>2766703</name><styleUrl>#styleDaimonCIRCUITO255TRECHO</styleUrl><LineString><coordinates>-48.440392,-7.716576,0 -48.439426,-7.716856,0</coordinates></LineString></Placemark>
<Placemark><name>2627187</name><styleUrl>#styleDaimonCIRCUITO255TRECHO</styleUrl><LineString><coordinates>-48.438330,-7.717125,0 -48.437150,-7.717372,0</coordinates></LineString></Placemark>
<Placemark><name>3522123</name><styleUrl>#styleDaimonCIRCUITO255TRECHO</styleUrl><LineString><coordinates>-48.437150,-7.717372,0 -48.436655,-7.717503,0</coordinates></LineString></Placemark>
<Placemark><name>3519480</name><styleUrl>#styleDaimonCIRCUITO255TRECHO</styleUrl><LineString><coordinates>-48.436655,-7.717503,0 -48.436093,-7.717624,0</coordinates></LineString></Placemark>
<Placemark><name>2731497</name><styleUrl>#styleDaimonCIRCUITO255TRECHO</styleUrl><LineString><coordinates>-48.441609,-7.720080,0 -48.440271,-7.720207,0</coordinates></LineString></Placemark>
<Placemark><name>2731498</name><styleUrl>#styleDaimonCIRCUITO255TRECHO</styleUrl><LineString><coordinates>-48.440271,-7.720207,0 -48.438867,-7.720276,0</coordinates></LineString></Placemark>
<Placemark><name>2731495</name><styleUrl>#styleDaimonCIRCUITO255TRECHO</styleUrl><LineString><coordinates>-48.441849,-7.720045,0 -48.441609,-7.720080,0</coordinates></LineString></Placemark>
<Placemark><name>2769816</name><styleUrl>#styleDaimonCIRCUITO255TRECHO</styleUrl><LineString><coordinates>-48.438867,-7.720276,0 -48.437513,-7.720798,0</coordinates></LineString></Placemark>
<Placemark><name>2733969</name><styleUrl>#styleDaimonCIRCUITO255TRECHO</styleUrl><LineString><coordinates>-48.443576,-7.715153,0 -48.443954,-7.715512,0</coordinates></LineString></Placemark>
<Placemark><name>57389317</name><styleUrl>#styleDaimonCIRCUITO255TRECHO</styleUrl><LineString><coordinates>-48.443185,-7.714782,0 -48.443576,-7.715153,0</coordinates></LineString></Placemark>
<Placemark><name>12118155</name><styleUrl>#styleDaimonCIRCUITO255TRECHO</styleUrl><LineString><coordinates>-48.443173,-7.714770,0 -48.443185,-7.714782,0</coordinates></LineString></Placemark>
<Placemark><name>2731486</name><styleUrl>#styleDaimonCIRCUITO255TRECHO</styleUrl><LineString><coordinates>-48.441952,-7.714987,0 -48.443173,-7.714770,0</coordinates></LineString></Placemark>
<Placemark><name>12120987</name><styleUrl>#styleDaimonCIRCUITO255TRECHO</styleUrl><LineString><coordinates>-48.441920,-7.714994,0 -48.441952,-7.714987,0</coordinates></LineString></Placemark>
<Placemark><name>2733466</name><styleUrl>#styleDaimonCIRCUITO255TRECHO</styleUrl><LineString><coordinates>-48.441147,-7.715252,0 -48.441920,-7.714994,0</coordinates></LineString></Placemark>
<Placemark><name>12121986</name><styleUrl>#styleDaimonCIRCUITO255TRECHO</styleUrl><LineString><coordinates>-48.441114,-7.715258,0 -48.441147,-7.715252,0</coordinates></LineString></Placemark>
<Placemark><name>2766700</name><styleUrl>#styleDaimonCIRCUITO255TRECHO</styleUrl><LineString><coordinates>-48.440585,-7.715388,0 -48.441114,-7.715258,0</coordinates></LineString></Placemark>
<Placemark><name>3509951</name><styleUrl>#styleDaimonCIRCUITO255TRECHO</styleUrl><LineString><coordinates>-48.443681,-7.726046,0 -48.443811,-7.726592,0</coordinates></LineString></Placemark>
<Placemark><name>24587163</name><styleUrl>#styleDaimonCIRCUITO255TRECHO</styleUrl><LineString><coordinates>-48.443811,-7.726592,0 -48.443543,-7.726606,0</coordinates></LineString></Placemark>
<Placemark><name>3522124</name><styleUrl>#styleDaimonCIRCUITO255TRECHO</styleUrl><LineString><coordinates>-48.443811,-7.726592,0 -48.443845,-7.726585,0</coordinates></LineString></Placemark>
<Placemark><name>3487920</name><styleUrl>#styleDaimonCIRCUITO255TRECHO</styleUrl><LineString><coordinates>-48.441759,-7.719638,0 -48.442044,-7.719580,0</coordinates></LineString></Placemark>
<Placemark><name>3511435</name><styleUrl>#styleDaimonCIRCUITO255TRECHO</styleUrl><LineString><coordinates>-48.436862,-7.706917,0 -48.435859,-7.706661,0</coordinates></LineString></Placemark>
<Placemark><name>3511434</name><styleUrl>#styleDaimonCIRCUITO255TRECHO</styleUrl><LineString><coordinates>-48.437668,-7.707154,0 -48.436862,-7.706917,0</coordinates></LineString></Placemark>
<Placemark><name>3511436</name><styleUrl>#styleDaimonCIRCUITO255TRECHO</styleUrl><LineString><coordinates>-48.435859,-7.706661,0 -48.434918,-7.706385,0</coordinates></LineString></Placemark>
<Placemark><name>3511437</name><styleUrl>#styleDaimonCIRCUITO255TRECHO</styleUrl><LineString><coordinates>-48.434918,-7.706385,0 -48.433964,-7.706108,0</coordinates></LineString></Placemark>
<Placemark><name>3511440</name><styleUrl>#styleDaimonCIRCUITO255TRECHO</styleUrl><LineString><coordinates>-48.433964,-7.706108,0 -48.432984,-7.705841,0</coordinates></LineString></Placemark>
<Placemark><name>3511441</name><styleUrl>#styleDaimonCIRCUITO255TRECHO</styleUrl><LineString><coordinates>-48.432984,-7.705841,0 -48.431520,-7.705429,0</coordinates></LineString></Placemark>
<Placemark><name>3511442</name><styleUrl>#styleDaimonCIRCUITO255TRECHO</styleUrl><LineString><coordinates>-48.431520,-7.705429,0 -48.430645,-7.704893,0</coordinates></LineString></Placemark>
<Placemark><name>3511443</name><styleUrl>#styleDaimonCIRCUITO255TRECHO</styleUrl><LineString><coordinates>-48.430645,-7.704893,0 -48.429695,-7.704273,0</coordinates></LineString></Placemark>
<Placemark><name>3509954</name><styleUrl>#styleDaimonCIRCUITO255TRECHO</styleUrl><LineString><coordinates>-48.432963,-7.696092,0 -48.431733,-7.696422,0</coordinates></LineString></Placemark>
<Placemark><name>3509953</name><styleUrl>#styleDaimonCIRCUITO255TRECHO</styleUrl><LineString><coordinates>-48.434269,-7.695781,0 -48.432963,-7.696092,0</coordinates></LineString></Placemark>
<Placemark><name>2731489</name><styleUrl>#styleDaimonCIRCUITO255TRECHO</styleUrl><LineString><coordinates>-48.432453,-7.720248,0 -48.431364,-7.720590,0</coordinates></LineString></Placemark>
<Placemark><name>2731490</name><styleUrl>#styleDaimonCIRCUITO255TRECHO</styleUrl><LineString><coordinates>-48.431364,-7.720590,0 -48.430292,-7.720993,0</coordinates></LineString></Placemark>
<Placemark><name>2731488</name><styleUrl>#styleDaimonCIRCUITO255TRECHO</styleUrl><LineString><coordinates>-48.433857,-7.719873,0 -48.432453,-7.720248,0</coordinates></LineString></Placemark>
<Placemark><name>2731491</name><styleUrl>#styleDaimonCIRCUITO255TRECHO</styleUrl><LineString><coordinates>-48.430292,-7.720993,0 -48.429203,-7.721246,0</coordinates></LineString></Placemark>
<Placemark><name>2732523</name><styleUrl>#styleDaimonCIRCUITO255TRECHO</styleUrl><LineString><coordinates>-48.434741,-7.719527,0 -48.433857,-7.719873,0</coordinates></LineString></Placemark>
<Placemark><name>2731492</name><styleUrl>#styleDaimonCIRCUITO255TRECHO</styleUrl><LineString><coordinates>-48.429203,-7.721246,0 -48.428275,-7.721521,0</coordinates></LineString></Placemark>
<Placemark><name>2732625</name><styleUrl>#styleDaimonCIRCUITO255TRECHO</styleUrl><LineString><coordinates>-48.435742,-7.719250,0 -48.434741,-7.719527,0</coordinates></LineString></Placemark>
<Placemark><name>3508584</name><styleUrl>#styleDaimonCIRCUITO255TRECHO</styleUrl><LineString><coordinates>-48.437014,-7.718860,0 -48.435742,-7.719250,0</coordinates></LineString></Placemark>
<Placemark><name>3508585</name><styleUrl>#styleDaimonCIRCUITO255TRECHO</styleUrl><LineString><coordinates>-48.438341,-7.718437,0 -48.437014,-7.718860,0</coordinates></LineString></Placemark>
<Placemark><name>3508586</name><styleUrl>#styleDaimonCIRCUITO255TRECHO</styleUrl><LineString><coordinates>-48.439619,-7.718044,0 -48.438341,-7.718437,0</coordinates></LineString></Placemark>
<Placemark><name>3508587</name><styleUrl>#styleDaimonCIRCUITO255TRECHO</styleUrl><LineString><coordinates>-48.440793,-7.717650,0 -48.439619,-7.718044,0</coordinates></LineString></Placemark>
<Placemark><name>2733288</name><styleUrl>#styleDaimonCIRCUITO255TRECHO</styleUrl><LineString><coordinates>-48.443583,-7.724870,0 -48.443938,-7.724829,0</coordinates></LineString></Placemark>
<Placemark><name>2731602</name><styleUrl>#styleDaimonCIRCUITO255TRECHO</styleUrl><LineString><coordinates>-48.411892,-7.673940,0 -48.410852,-7.674667,0</coordinates></LineString></Placemark>
<Placemark><name>2761370</name><styleUrl>#styleDaimonCIRCUITO255TRECHO</styleUrl><LineString><coordinates>-48.410852,-7.674667,0 -48.409852,-7.675418,0</coordinates></LineString></Placemark>
<Placemark><name>2615100</name><styleUrl>#styleDaimonCIRCUITO255TRECHO</styleUrl><LineString><coordinates>-48.419516,-7.685113,0 -48.418760,-7.685645,0</coordinates></LineString></Placemark>
<Placemark><name>2730324</name><styleUrl>#styleDaimonCIRCUITO255TRECHO</styleUrl><LineString><coordinates>-48.424895,-7.686559,0 -48.425616,-7.686003,0</coordinates></LineString></Placemark>
<Placemark><name>3515849</name><styleUrl>#styleDaimonCIRCUITO255TRECHO</styleUrl><LineString><coordinates>-48.410251,-7.672814,0 -48.410166,-7.672163,0</coordinates></LineString></Placemark>
<Placemark><name>3515852</name><styleUrl>#styleDaimonCIRCUITO255TRECHO</styleUrl><LineString><coordinates>-48.410166,-7.672163,0 -48.410073,-7.671495,0</coordinates></LineString></Placemark>
<Placemark><name>2732999</name><styleUrl>#styleDaimonCIRCUITO255TRECHO</styleUrl><LineString><coordinates>-48.410103,-7.690716,0 -48.409016,-7.691057,0</coordinates></LineString></Placemark>
<Placemark><name>2732998</name><styleUrl>#styleDaimonCIRCUITO255TRECHO</styleUrl><LineString><coordinates>-48.409016,-7.691057,0 -48.408547,-7.691160,0</coordinates></LineString></Placemark>
<Placemark><name>2619079</name><styleUrl>#styleDaimonCIRCUITO255TRECHO</styleUrl><LineString><coordinates>-48.410947,-7.690505,0 -48.410103,-7.690716,0</coordinates></LineString></Placemark>
<Placemark><name>12121999</name><styleUrl>#styleDaimonCIRCUITO255TRECHO</styleUrl><LineString><coordinates>-48.408547,-7.691160,0 -48.408531,-7.691180,0</coordinates></LineString></Placemark>
<Placemark><name>2730572</name><styleUrl>#styleDaimonCIRCUITO255TRECHO</styleUrl><LineString><coordinates>-48.412233,-7.690226,0 -48.410947,-7.690505,0</coordinates></LineString></Placemark>
<Placemark><name>2733116</name><styleUrl>#styleDaimonCIRCUITO255TRECHO</styleUrl><LineString><coordinates>-48.408531,-7.691180,0 -48.408563,-7.692278,0</coordinates></LineString></Placemark>
<Placemark><name>2730571</name><styleUrl>#styleDaimonCIRCUITO255TRECHO</styleUrl><LineString><coordinates>-48.413425,-7.689978,0 -48.412233,-7.690226,0</coordinates></LineString></Placemark>
<Placemark><name>3518818</name><styleUrl>#styleDaimonCIRCUITO255TRECHO</styleUrl><LineString><coordinates>-48.408563,-7.692278,0 -48.408610,-7.692999,0</coordinates></LineString></Placemark>
<Placemark><name>2730570</name><styleUrl>#styleDaimonCIRCUITO255TRECHO</styleUrl><LineString><coordinates>-48.414237,-7.689747,0 -48.413425,-7.689978,0</coordinates></LineString></Placemark>
<Placemark><name>12122000</name><styleUrl>#styleDaimonCIRCUITO255TRECHO</styleUrl><LineString><coordinates>-48.408610,-7.692999,0 -48.408593,-7.693001,0</coordinates></LineString></Placemark>
<Placemark><name>3518817</name><styleUrl>#styleDaimonCIRCUITO255TRECHO</styleUrl><LineString><coordinates>-48.408610,-7.692999,0 -48.408608,-7.694391,0</coordinates></LineString></Placemark>
<Placemark><name>2730569</name><styleUrl>#styleDaimonCIRCUITO255TRECHO</styleUrl><LineString><coordinates>-48.415359,-7.689466,0 -48.414237,-7.689747,0</coordinates></LineString></Placemark>
<Placemark><name>3518819</name><styleUrl>#styleDaimonCIRCUITO255TRECHO</styleUrl><LineString><coordinates>-48.408593,-7.693001,0 -48.407330,-7.693132,0</coordinates></LineString></Placemark>
<Placemark><name>3518816</name><styleUrl>#styleDaimonCIRCUITO255TRECHO</styleUrl><LineString><coordinates>-48.408608,-7.694391,0 -48.408642,-7.696007,0</coordinates></LineString></Placemark>
<Placemark><name>12122090</name><styleUrl>#styleDaimonCIRCUITO255TRECHO</styleUrl><LineString><coordinates>-48.415356,-7.689448,0 -48.415359,-7.689466,0</coordinates></LineString></Placemark>
<Placemark><name>3518820</name><styleUrl>#styleDaimonCIRCUITO255TRECHO</styleUrl><LineString><coordinates>-48.407330,-7.693132,0 -48.406290,-7.693226,0</coordinates></LineString></Placemark>
<Placemark><name>3518376</name><styleUrl>#styleDaimonCIRCUITO255TRECHO</styleUrl><LineString><coordinates>-48.408642,-7.696007,0 -48.408856,-7.697288,0</coordinates></LineString></Placemark>
<Placemark><name>2730329</name><styleUrl>#styleDaimonCIRCUITO255TRECHO</styleUrl><LineString><coordinates>-48.415338,-7.689274,0 -48.415356,-7.689448,0</coordinates></LineString></Placemark>
<Placemark><name>12123460</name><styleUrl>#styleDaimonCIRCUITO255TRECHO</styleUrl><LineString><coordinates>-48.408856,-7.697288,0 -48.408861,-7.697322,0</coordinates></LineString></Placemark>
<Placemark><name>3662859</name><styleUrl>#styleDaimonCIRCUITO255TRECHO</styleUrl><LineString><coordinates>-48.408856,-7.697288,0 -48.408870,-7.697292,0</coordinates></LineString></Placemark>
<Placemark><name>3518374</name><styleUrl>#styleDaimonCIRCUITO255TRECHO</styleUrl><LineString><coordinates>-48.408861,-7.697322,0 -48.408987,-7.698413,0</coordinates></LineString></Placemark>
<Placemark><name>3518373</name><styleUrl>#styleDaimonCIRCUITO255TRECHO</styleUrl><LineString><coordinates>-48.408987,-7.698413,0 -48.409198,-7.699690,0</coordinates></LineString></Placemark>
<Placemark><name>3518372</name><styleUrl>#styleDaimonCIRCUITO255TRECHO</styleUrl><LineString><coordinates>-48.409198,-7.699690,0 -48.409404,-7.700940,0</coordinates></LineString></Placemark>
<Placemark><name>3518122</name><styleUrl>#styleDaimonCIRCUITO255TRECHO</styleUrl><LineString><coordinates>-48.409404,-7.700940,0 -48.409626,-7.702205,0</coordinates></LineString></Placemark>
<Placemark><name>12122001</name><styleUrl>#styleDaimonCIRCUITO255TRECHO</styleUrl><LineString><coordinates>-48.409626,-7.702205,0 -48.409642,-7.702214,0</coordinates></LineString></Placemark>
<Placemark><name>3518119</name><styleUrl>#styleDaimonCIRCUITO255TRECHO</styleUrl><LineString><coordinates>-48.409626,-7.702205,0 -48.409712,-7.702672,0</coordinates></LineString></Placemark>
<Placemark><name>2733117</name><styleUrl>#styleDaimonCIRCUITO255TRECHO</styleUrl><LineString><coordinates>-48.409642,-7.702214,0 -48.410652,-7.702756,0</coordinates></LineString></Placemark>
<Placemark><name>12122089</name><styleUrl>#styleDaimonCIRCUITO255TRECHO</styleUrl><LineString><coordinates>-48.409712,-7.702672,0 -48.409707,-7.702704,0</coordinates></LineString></Placemark>
<Placemark><name>2733118</name><styleUrl>#styleDaimonCIRCUITO255TRECHO</styleUrl><LineString><coordinates>-48.410652,-7.702756,0 -48.411335,-7.703139,0</coordinates></LineString></Placemark>
<Placemark><name>3518121</name><styleUrl>#styleDaimonCIRCUITO255TRECHO</styleUrl><LineString><coordinates>-48.409707,-7.702704,0 -48.409156,-7.703727,0</coordinates></LineString></Placemark>
<Placemark><name>3518821</name><styleUrl>#styleDaimonCIRCUITO255TRECHO</styleUrl><LineString><coordinates>-48.409156,-7.703727,0 -48.408577,-7.704767,0</coordinates></LineString></Placemark>
<Placemark><name>3518822</name><styleUrl>#styleDaimonCIRCUITO255TRECHO</styleUrl><LineString><coordinates>-48.408577,-7.704767,0 -48.408005,-7.705753,0</coordinates></LineString></Placemark>
<Placemark><name>3518823</name><styleUrl>#styleDaimonCIRCUITO255TRECHO</styleUrl><LineString><coordinates>-48.408005,-7.705753,0 -48.407703,-7.706333,0</coordinates></LineString></Placemark>
<Placemark><name>3518824</name><styleUrl>#styleDaimonCIRCUITO255TRECHO</styleUrl><LineString><coordinates>-48.407703,-7.706333,0 -48.407314,-7.707028,0</coordinates></LineString></Placemark>
<Placemark><name>3518825</name><styleUrl>#styleDaimonCIRCUITO255TRECHO</styleUrl><LineString><coordinates>-48.407314,-7.707028,0 -48.406980,-7.707253,0</coordinates></LineString></Placemark>
<Placemark><name>3518120</name><styleUrl>#styleDaimonCIRCUITO255TRECHO</styleUrl><LineString><coordinates>-48.406980,-7.707253,0 -48.405859,-7.707793,0</coordinates></LineString></Placemark>
<Placemark><name>12123456</name><styleUrl>#styleDaimonCIRCUITO255TRECHO</styleUrl><LineString><coordinates>-48.405859,-7.707793,0 -48.405828,-7.707809,0</coordinates></LineString></Placemark>
<Placemark><name>3518826</name><styleUrl>#styleDaimonCIRCUITO255TRECHO</styleUrl><LineString><coordinates>-48.405828,-7.707809,0 -48.404317,-7.708543,0</coordinates></LineString></Placemark>
<Placemark><name>12123457</name><styleUrl>#styleDaimonCIRCUITO255TRECHO</styleUrl><LineString><coordinates>-48.404317,-7.708543,0 -48.404287,-7.708558,0</coordinates></LineString></Placemark>
<Placemark><name>3518827</name><styleUrl>#styleDaimonCIRCUITO255TRECHO</styleUrl><LineString><coordinates>-48.404287,-7.708558,0 -48.403204,-7.709156,0</coordinates></LineString></Placemark>
<Placemark><name>3517826</name><styleUrl>#styleDaimonCIRCUITO255TRECHO</styleUrl><LineString><coordinates>-48.403204,-7.709156,0 -48.402480,-7.709540,0</coordinates></LineString></Placemark>
<Placemark><name>3517827</name><styleUrl>#styleDaimonCIRCUITO255TRECHO</styleUrl><LineString><coordinates>-48.402480,-7.709540,0 -48.401527,-7.710036,0</coordinates></LineString></Placemark>
<Placemark><name>3517822</name><styleUrl>#styleDaimonCIRCUITO255TRECHO</styleUrl><LineString><coordinates>-48.401527,-7.710036,0 -48.400448,-7.710579,0</coordinates></LineString></Placemark>
<Placemark><name>3517823</name><styleUrl>#styleDaimonCIRCUITO255TRECHO</styleUrl><LineString><coordinates>-48.400448,-7.710579,0 -48.399392,-7.711086,0</coordinates></LineString></Placemark>
<Placemark><name>3517824</name><styleUrl>#styleDaimonCIRCUITO255TRECHO</styleUrl><LineString><coordinates>-48.399392,-7.711086,0 -48.398271,-7.711688,0</coordinates></LineString></Placemark>
<Placemark><name>3517825</name><styleUrl>#styleDaimonCIRCUITO255TRECHO</styleUrl><LineString><coordinates>-48.398271,-7.711688,0 -48.397295,-7.712230,0</coordinates></LineString></Placemark>
<Placemark><name>12121991</name><styleUrl>#styleDaimonCIRCUITO255TRECHO</styleUrl><LineString><coordinates>-48.397295,-7.712230,0 -48.397278,-7.712255,0</coordinates></LineString></Placemark>
<Placemark><name>2733121</name><styleUrl>#styleDaimonCIRCUITO255TRECHO</styleUrl><LineString><coordinates>-48.397278,-7.712255,0 -48.397131,-7.713070,0</coordinates></LineString></Placemark>
<Placemark><name>2733122</name><styleUrl>#styleDaimonCIRCUITO255TRECHO</styleUrl><LineString><coordinates>-48.397131,-7.713070,0 -48.396979,-7.714136,0</coordinates></LineString></Placemark>
<Placemark><name>2733270</name><styleUrl>#styleDaimonCIRCUITO255TRECHO</styleUrl><LineString><coordinates>-48.396979,-7.714136,0 -48.396845,-7.714956,0</coordinates></LineString></Placemark>
<Placemark><name>2733281</name><styleUrl>#styleDaimonCIRCUITO255TRECHO</styleUrl><LineString><coordinates>-48.396845,-7.714956,0 -48.396650,-7.715859,0</coordinates></LineString></Placemark>
<Placemark><name>12121992</name><styleUrl>#styleDaimonCIRCUITO255TRECHO</styleUrl><LineString><coordinates>-48.396650,-7.715859,0 -48.396667,-7.715862,0</coordinates></LineString></Placemark>
<Placemark><name>2733282</name><styleUrl>#styleDaimonCIRCUITO255TRECHO</styleUrl><LineString><coordinates>-48.396650,-7.715859,0 -48.396494,-7.717048,0</coordinates></LineString></Placemark>
<Placemark><name>2733430</name><styleUrl>#styleDaimonCIRCUITO255TRECHO</styleUrl><LineString><coordinates>-48.396667,-7.715862,0 -48.397838,-7.716025,0</coordinates></LineString></Placemark>
<Placemark><name>2733433</name><styleUrl>#styleDaimonCIRCUITO255TRECHO</styleUrl><LineString><coordinates>-48.396494,-7.717048,0 -48.396208,-7.718391,0</coordinates></LineString></Placemark>
<Placemark><name>2733431</name><styleUrl>#styleDaimonCIRCUITO255TRECHO</styleUrl><LineString><coordinates>-48.397838,-7.716025,0 -48.399046,-7.716256,0</coordinates></LineString></Placemark>
<Placemark><name>2733434</name><styleUrl>#styleDaimonCIRCUITO255TRECHO</styleUrl><LineString><coordinates>-48.396208,-7.718391,0 -48.395977,-7.719654,0</coordinates></LineString></Placemark>
<Placemark><name>2733432</name><styleUrl>#styleDaimonCIRCUITO255TRECHO</styleUrl><LineString><coordinates>-48.399046,-7.716256,0 -48.400168,-7.716397,0</coordinates></LineString></Placemark>
<Placemark><name>2733435</name><styleUrl>#styleDaimonCIRCUITO255TRECHO</styleUrl><LineString><coordinates>-48.395977,-7.719654,0 -48.395862,-7.720479,0</coordinates></LineString></Placemark>
<Placemark><name>2733436</name><styleUrl>#styleDaimonCIRCUITO255TRECHO</styleUrl><LineString><coordinates>-48.395862,-7.720479,0 -48.395802,-7.720903,0</coordinates></LineString></Placemark>
<Placemark><name>12121993</name><styleUrl>#styleDaimonCIRCUITO255TRECHO</styleUrl><LineString><coordinates>-48.395802,-7.720903,0 -48.395787,-7.720933,0</coordinates></LineString></Placemark>
<Placemark><name>2733437</name><styleUrl>#styleDaimonCIRCUITO255TRECHO</styleUrl><LineString><coordinates>-48.395787,-7.720933,0 -48.394909,-7.721790,0</coordinates></LineString></Placemark>
<Placemark><name>12121994</name><styleUrl>#styleDaimonCIRCUITO255TRECHO</styleUrl><LineString><coordinates>-48.394909,-7.721790,0 -48.394926,-7.721790,0</coordinates></LineString></Placemark>
<Placemark><name>2733439</name><styleUrl>#styleDaimonCIRCUITO255TRECHO</styleUrl><LineString><coordinates>-48.394909,-7.721790,0 -48.394090,-7.722652,0</coordinates></LineString></Placemark>
<Placemark><name>2733438</name><styleUrl>#styleDaimonCIRCUITO255TRECHO</styleUrl><LineString><coordinates>-48.394926,-7.721790,0 -48.395945,-7.721764,0</coordinates></LineString></Placemark>
<Placemark><name>2733440</name><styleUrl>#styleDaimonCIRCUITO255TRECHO</styleUrl><LineString><coordinates>-48.394090,-7.722652,0 -48.393403,-7.723351,0</coordinates></LineString></Placemark>
<Placemark><name>2733442</name><styleUrl>#styleDaimonCIRCUITO255TRECHO</styleUrl><LineString><coordinates>-48.395945,-7.721764,0 -48.397262,-7.721840,0</coordinates></LineString></Placemark>
<Placemark><name>12123522</name><styleUrl>#styleDaimonCIRCUITO255TRECHO</styleUrl><LineString><coordinates>-48.393403,-7.723351,0 -48.393371,-7.723342,0</coordinates></LineString></Placemark>
<Placemark><name>2733441</name><styleUrl>#styleDaimonCIRCUITO255TRECHO</styleUrl><LineString><coordinates>-48.393403,-7.723351,0 -48.392731,-7.724017,0</coordinates></LineString></Placemark>
<Placemark><name>2733443</name><styleUrl>#styleDaimonCIRCUITO255TRECHO</styleUrl><LineString><coordinates>-48.397262,-7.721840,0 -48.398444,-7.721883,0</coordinates></LineString></Placemark>
<Placemark><name>3627060</name><styleUrl>#styleDaimonCIRCUITO255TRECHO</styleUrl><LineString><coordinates>-48.393371,-7.723342,0 -48.393319,-7.723328,0</coordinates></LineString></Placemark>
<Placemark><name>2733444</name><styleUrl>#styleDaimonCIRCUITO255TRECHO</styleUrl><LineString><coordinates>-48.398444,-7.721883,0 -48.399599,-7.721921,0</coordinates></LineString></Placemark>
<Placemark><name>2732504</name><styleUrl>#styleDaimonCIRCUITO255TRECHO</styleUrl><LineString><coordinates>-48.399599,-7.721921,0 -48.401000,-7.721984,0</coordinates></LineString></Placemark>
<Placemark><name>2731169</name><styleUrl>#styleDaimonCIRCUITO255TRECHO</styleUrl><LineString><coordinates>-48.408793,-7.672943,0 -48.407694,-7.673200,0</coordinates></LineString></Placemark>
<Placemark><name>3528231</name><styleUrl>#styleDaimonCIRCUITO255TRECHO</styleUrl><LineString><coordinates>-48.421535,-7.692884,0 -48.421223,-7.692347,0</coordinates></LineString></Placemark>
<Placemark><name>3528232</name><styleUrl>#styleDaimonCIRCUITO255TRECHO</styleUrl><LineString><coordinates>-48.421223,-7.692347,0 -48.420794,-7.691683,0</coordinates></LineString></Placemark>
<Placemark><name>2769817</name><styleUrl>#styleDaimonCIRCUITO255TRECHO</styleUrl><LineString><coordinates>-48.437395,-7.720847,0 -48.436331,-7.721281,0</coordinates></LineString></Placemark>
<Placemark><name>12120985</name><styleUrl>#styleDaimonCIRCUITO255TRECHO</styleUrl><LineString><coordinates>-48.450877,-7.715328,0 -48.450908,-7.715337,0</coordinates></LineString></Placemark>
<Placemark><name>2732640</name><styleUrl>#styleDaimonCIRCUITO255TRECHO</styleUrl><LineString><coordinates>-48.450908,-7.715337,0 -48.451670,-7.715758,0</coordinates></LineString></Placemark>
<Placemark><name>2732639</name><styleUrl>#styleDaimonCIRCUITO255TRECHO</styleUrl><LineString><coordinates>-48.447710,-7.714974,0 -48.450877,-7.715328,0</coordinates></LineString></Placemark>
<Placemark><name>2732641</name><styleUrl>#styleDaimonCIRCUITO255TRECHO</styleUrl><LineString><coordinates>-48.451670,-7.715758,0 -48.452897,-7.716330,0</coordinates></LineString></Placemark>
<Placemark><name>12120984</name><styleUrl>#styleDaimonCIRCUITO255TRECHO</styleUrl><LineString><coordinates>-48.447677,-7.714974,0 -48.447710,-7.714974,0</coordinates></LineString></Placemark>
<Placemark><name>2732729</name><styleUrl>#styleDaimonCIRCUITO255TRECHO</styleUrl><LineString><coordinates>-48.452897,-7.716330,0 -48.453716,-7.716707,0</coordinates></LineString></Placemark>
<Placemark><name>2732638</name><styleUrl>#styleDaimonCIRCUITO255TRECHO</styleUrl><LineString><coordinates>-48.445200,-7.715359,0 -48.447677,-7.714974,0</coordinates></LineString></Placemark>
<Placemark><name>2732730</name><styleUrl>#styleDaimonCIRCUITO255TRECHO</styleUrl><LineString><coordinates>-48.453716,-7.716707,0 -48.454557,-7.717129,0</coordinates></LineString></Placemark>
<Placemark><name>2732637</name><styleUrl>#styleDaimonCIRCUITO255TRECHO</styleUrl><LineString><coordinates>-48.444079,-7.715497,0 -48.445200,-7.715359,0</coordinates></LineString></Placemark>
<Placemark><name>2732731</name><styleUrl>#styleDaimonCIRCUITO255TRECHO</styleUrl><LineString><coordinates>-48.454557,-7.717129,0 -48.455363,-7.717514,0</coordinates></LineString></Placemark>
<Placemark><name>12122772</name><styleUrl>#styleDaimonCIRCUITO255TRECHO</styleUrl><LineString><coordinates>-48.455363,-7.717514,0 -48.455386,-7.717535,0</coordinates></LineString></Placemark>
<Placemark><name>2626296</name><styleUrl>#styleDaimonCIRCUITO255TRECHO</styleUrl><LineString><coordinates>-48.455386,-7.717535,0 -48.455832,-7.718570,0</coordinates></LineString></Placemark>
<Placemark><name>3508581</name><styleUrl>#styleDaimonCIRCUITO255TRECHO</styleUrl><LineString><coordinates>-48.455832,-7.718570,0 -48.456247,-7.719342,0</coordinates></LineString></Placemark>
<Placemark><name>3508582</name><styleUrl>#styleDaimonCIRCUITO255TRECHO</styleUrl><LineString><coordinates>-48.456247,-7.719342,0 -48.456783,-7.720472,0</coordinates></LineString></Placemark>
<Placemark><name>12119885</name><styleUrl>#styleDaimonCIRCUITO255TRECHO</styleUrl><LineString><coordinates>-48.456783,-7.720472,0 -48.456798,-7.720502,0</coordinates></LineString></Placemark>
<Placemark><name>3508583</name><styleUrl>#styleDaimonCIRCUITO255TRECHO</styleUrl><LineString><coordinates>-48.456798,-7.720502,0 -48.457743,-7.722564,0</coordinates></LineString></Placemark>
<Placemark><name>12119886</name><styleUrl>#styleDaimonCIRCUITO255TRECHO</styleUrl><LineString><coordinates>-48.457743,-7.722564,0 -48.457757,-7.722594,0</coordinates></LineString></Placemark>
<Placemark><name>2733968</name><styleUrl>#styleDaimonCIRCUITO255TRECHO</styleUrl><LineString><coordinates>-48.457757,-7.722594,0 -48.458329,-7.723831,0</coordinates></LineString></Placemark>
<Placemark><name>2733971</name><styleUrl>#styleDaimonCIRCUITO255TRECHO</styleUrl><LineString><coordinates>-48.458329,-7.723831,0 -48.458926,-7.725069,0</coordinates></LineString></Placemark>
<Placemark><name>2733973</name><styleUrl>#styleDaimonCIRCUITO255TRECHO</styleUrl><LineString><coordinates>-48.458926,-7.725069,0 -48.459469,-7.726185,0</coordinates></LineString></Placemark>
<Placemark><name>2733974</name><styleUrl>#styleDaimonCIRCUITO255TRECHO</styleUrl><LineString><coordinates>-48.459469,-7.726185,0 -48.460018,-7.727340,0</coordinates></LineString></Placemark>
<Placemark><name>2733975</name><styleUrl>#styleDaimonCIRCUITO255TRECHO</styleUrl><LineString><coordinates>-48.460018,-7.727340,0 -48.460838,-7.728512,0</coordinates></LineString></Placemark>
<Placemark><name>2733976</name><styleUrl>#styleDaimonCIRCUITO255TRECHO</styleUrl><LineString><coordinates>-48.460838,-7.728512,0 -48.461551,-7.729486,0</coordinates></LineString></Placemark>
<Placemark><name>2733977</name><styleUrl>#styleDaimonCIRCUITO255TRECHO</styleUrl><LineString><coordinates>-48.461551,-7.729486,0 -48.463036,-7.731638,0</coordinates></LineString></Placemark>
<Placemark><name>3511438</name><styleUrl>#styleDaimonCIRCUITO255TRECHO</styleUrl><LineString><coordinates>-48.433944,-7.705970,0 -48.433757,-7.704729,0</coordinates></LineString></Placemark>
<Placemark><name>3511439</name><styleUrl>#styleDaimonCIRCUITO255TRECHO</styleUrl><LineString><coordinates>-48.433757,-7.704729,0 -48.433593,-7.703427,0</coordinates></LineString></Placemark>
<Placemark><name>3511444</name><styleUrl>#styleDaimonCIRCUITO255TRECHO</styleUrl><LineString><coordinates>-48.429623,-7.704228,0 -48.428971,-7.703819,0</coordinates></LineString></Placemark>
<Placemark><name>2731493</name><styleUrl>#styleDaimonCIRCUITO255TRECHO</styleUrl><LineString><coordinates>-48.428242,-7.721531,0 -48.427938,-7.721615,0</coordinates></LineString></Placemark>
<Placemark><name>2619078</name><styleUrl>#styleDaimonCIRCUITO255TRECHO</styleUrl><LineString><coordinates>-48.410573,-7.689717,0 -48.410236,-7.688963,0</coordinates></LineString></Placemark>
<Placemark><name>2619077</name><styleUrl>#styleDaimonCIRCUITO255TRECHO</styleUrl><LineString><coordinates>-48.410911,-7.690427,0 -48.410573,-7.689717,0</coordinates></LineString></Placemark>
<Placemark><name>12122376</name><styleUrl>#styleDaimonCIRCUITO255TRECHO</styleUrl><LineString><coordinates>-48.379393,-7.719560,0 -48.379388,-7.719573,0</coordinates></LineString></Placemark>
<Placemark><name>3590206</name><styleUrl>#styleDaimonCIRCUITO255TRECHO</styleUrl><LineString><coordinates>-48.379388,-7.719573,0 -48.379387,-7.719582,0</coordinates></LineString></Placemark>
<Placemark><name>3627077</name><styleUrl>#styleDaimonCIRCUITO255TRECHO</styleUrl><LineString><coordinates>-48.380490,-7.719637,0 -48.379393,-7.719560,0</coordinates></LineString></Placemark>
<Placemark><name>3627058</name><styleUrl>#styleDaimonCIRCUITO255TRECHO</styleUrl><LineString><coordinates>-48.379393,-7.719560,0 -48.378279,-7.719463,0</coordinates></LineString></Placemark>
<Placemark><name>3590212</name><styleUrl>#styleDaimonCIRCUITO255TRECHO</styleUrl><LineString><coordinates>-48.379387,-7.719582,0 -48.378710,-7.720216,0</coordinates></LineString></Placemark>
<Placemark><name>12123524</name><styleUrl>#styleDaimonCIRCUITO255TRECHO</styleUrl><LineString><coordinates>-48.380525,-7.719648,0 -48.380490,-7.719637,0</coordinates></LineString></Placemark>
<Placemark><name>3627365</name><styleUrl>#styleDaimonCIRCUITO255TRECHO</styleUrl><LineString><coordinates>-48.378279,-7.719463,0 -48.377840,-7.719434,0</coordinates></LineString></Placemark>
<Placemark><name>3590215</name><styleUrl>#styleDaimonCIRCUITO255TRECHO</styleUrl><LineString><coordinates>-48.378710,-7.720216,0 -48.378063,-7.720808,0</coordinates></LineString></Placemark>
<Placemark><name>3627067</name><styleUrl>#styleDaimonCIRCUITO255TRECHO</styleUrl><LineString><coordinates>-48.381338,-7.720069,0 -48.380525,-7.719648,0</coordinates></LineString></Placemark>
<Placemark><name>12123525</name><styleUrl>#styleDaimonCIRCUITO255TRECHO</styleUrl><LineString><coordinates>-48.377840,-7.719434,0 -48.377823,-7.719416,0</coordinates></LineString></Placemark>
<Placemark><name>3590210</name><styleUrl>#styleDaimonCIRCUITO255TRECHO</styleUrl><LineString><coordinates>-48.378063,-7.720808,0 -48.377430,-7.721379,0</coordinates></LineString></Placemark>
<Placemark><name>3627072</name><styleUrl>#styleDaimonCIRCUITO255TRECHO</styleUrl><LineString><coordinates>-48.382087,-7.720444,0 -48.381338,-7.720069,0</coordinates></LineString></Placemark>
<Placemark><name>3627069</name><styleUrl>#styleDaimonCIRCUITO255TRECHO</styleUrl><LineString><coordinates>-48.377823,-7.719416,0 -48.377695,-7.718755,0</coordinates></LineString></Placemark>
<Placemark><name>12122378</name><styleUrl>#styleDaimonCIRCUITO255TRECHO</styleUrl><LineString><coordinates>-48.377430,-7.721379,0 -48.377416,-7.721409,0</coordinates></LineString></Placemark>
<Placemark><name>3627062</name><styleUrl>#styleDaimonCIRCUITO255TRECHO</styleUrl><LineString><coordinates>-48.382876,-7.720849,0 -48.382087,-7.720444,0</coordinates></LineString></Placemark>
<Placemark><name>3627074</name><styleUrl>#styleDaimonCIRCUITO255TRECHO</styleUrl><LineString><coordinates>-48.377695,-7.718755,0 -48.377566,-7.718011,0</coordinates></LineString></Placemark>
<Placemark><name>3590209</name><styleUrl>#styleDaimonCIRCUITO255TRECHO</styleUrl><LineString><coordinates>-48.377416,-7.721409,0 -48.377391,-7.722404,0</coordinates></LineString></Placemark>
<Placemark><name>12123521</name><styleUrl>#styleDaimonCIRCUITO255TRECHO</styleUrl><LineString><coordinates>-48.382907,-7.720863,0 -48.382876,-7.720849,0</coordinates></LineString></Placemark>
<Placemark><name>12123523</name><styleUrl>#styleDaimonCIRCUITO255TRECHO</styleUrl><LineString><coordinates>-48.377566,-7.718011,0 -48.377560,-7.717979,0</coordinates></LineString></Placemark>
<Placemark><name>12122125</name><styleUrl>#styleDaimonCIRCUITO255TRECHO</styleUrl><LineString><coordinates>-48.377391,-7.722404,0 -48.377378,-7.722404,0</coordinates></LineString></Placemark>
<Placemark><name>3590214</name><styleUrl>#styleDaimonCIRCUITO255TRECHO</styleUrl><LineString><coordinates>-48.377391,-7.722404,0 -48.377378,-7.723064,0</coordinates></LineString></Placemark>
<Placemark><name>3627073</name><styleUrl>#styleDaimonCIRCUITO255TRECHO</styleUrl><LineString><coordinates>-48.383777,-7.721214,0 -48.382907,-7.720863,0</coordinates></LineString></Placemark>
<Placemark><name>3627064</name><styleUrl>#styleDaimonCIRCUITO255TRECHO</styleUrl><LineString><coordinates>-48.377560,-7.717979,0 -48.377216,-7.716120,0</coordinates></LineString></Placemark>
<Placemark><name>3587841</name><styleUrl>#styleDaimonCIRCUITO255TRECHO</styleUrl><LineString><coordinates>-48.377378,-7.722404,0 -48.377360,-7.722402,0</coordinates></LineString></Placemark>
<Placemark><name>12122375</name><styleUrl>#styleDaimonCIRCUITO255TRECHO</styleUrl><LineString><coordinates>-48.377378,-7.723064,0 -48.377387,-7.723099,0</coordinates></LineString></Placemark>
<Placemark><name>3627057</name><styleUrl>#styleDaimonCIRCUITO255TRECHO</styleUrl><LineString><coordinates>-48.384635,-7.721553,0 -48.383777,-7.721214,0</coordinates></LineString></Placemark>
<Placemark><name>12123519</name><styleUrl>#styleDaimonCIRCUITO255TRECHO</styleUrl><LineString><coordinates>-48.377216,-7.716120,0 -48.377188,-7.716104,0</coordinates></LineString></Placemark>
<Placemark><name>3590211</name><styleUrl>#styleDaimonCIRCUITO255TRECHO</styleUrl><LineString><coordinates>-48.377387,-7.723099,0 -48.377771,-7.724042,0</coordinates></LineString></Placemark>
<Placemark><name>3627066</name><styleUrl>#styleDaimonCIRCUITO255TRECHO</styleUrl><LineString><coordinates>-48.385647,-7.721966,0 -48.384635,-7.721553,0</coordinates></LineString></Placemark>
<Placemark><name>3627059</name><styleUrl>#styleDaimonCIRCUITO255TRECHO</styleUrl><LineString><coordinates>-48.377188,-7.716104,0 -48.376235,-7.716062,0</coordinates></LineString></Placemark>
<Placemark><name>3590208</name><styleUrl>#styleDaimonCIRCUITO255TRECHO</styleUrl><LineString><coordinates>-48.377771,-7.724042,0 -48.377738,-7.724963,0</coordinates></LineString></Placemark>
<Placemark><name>3627076</name><styleUrl>#styleDaimonCIRCUITO255TRECHO</styleUrl><LineString><coordinates>-48.386831,-7.722452,0 -48.385647,-7.721966,0</coordinates></LineString></Placemark>
<Placemark><name>3627068</name><styleUrl>#styleDaimonCIRCUITO255TRECHO</styleUrl><LineString><coordinates>-48.376235,-7.716062,0 -48.375275,-7.716029,0</coordinates></LineString></Placemark>
<Placemark><name>3590207</name><styleUrl>#styleDaimonCIRCUITO255TRECHO</styleUrl><LineString><coordinates>-48.377738,-7.724963,0 -48.377651,-7.725930,0</coordinates></LineString></Placemark>
<Placemark><name>3627061</name><styleUrl>#styleDaimonCIRCUITO255TRECHO</styleUrl><LineString><coordinates>-48.387800,-7.722832,0 -48.386831,-7.722452,0</coordinates></LineString></Placemark>
<Placemark><name>3627364</name><styleUrl>#styleDaimonCIRCUITO255TRECHO</styleUrl><LineString><coordinates>-48.375275,-7.716029,0 -48.374333,-7.716005,0</coordinates></LineString></Placemark>
<Placemark><name>12122377</name><styleUrl>#styleDaimonCIRCUITO255TRECHO</styleUrl><LineString><coordinates>-48.377651,-7.725930,0 -48.377632,-7.725950,0</coordinates></LineString></Placemark>
<Placemark><name>12123520</name><styleUrl>#styleDaimonCIRCUITO255TRECHO</styleUrl><LineString><coordinates>-48.387834,-7.722839,0 -48.387800,-7.722832,0</coordinates></LineString></Placemark>
<Placemark><name>3627063</name><styleUrl>#styleDaimonCIRCUITO255TRECHO</styleUrl><LineString><coordinates>-48.374333,-7.716005,0 -48.373323,-7.715981,0</coordinates></LineString></Placemark>
<Placemark><name>3590476</name><styleUrl>#styleDaimonCIRCUITO255TRECHO</styleUrl><LineString><coordinates>-48.377632,-7.725950,0 -48.377070,-7.726016,0</coordinates></LineString></Placemark>
<Placemark><name>3627071</name><styleUrl>#styleDaimonCIRCUITO255TRECHO</styleUrl><LineString><coordinates>-48.388921,-7.722935,0 -48.387834,-7.722839,0</coordinates></LineString></Placemark>
<Placemark><name>3590213</name><styleUrl>#styleDaimonCIRCUITO255TRECHO</styleUrl><LineString><coordinates>-48.377070,-7.726016,0 -48.376404,-7.726119,0</coordinates></LineString></Placemark>
<Placemark><name>3627056</name><styleUrl>#styleDaimonCIRCUITO255TRECHO</styleUrl><LineString><coordinates>-48.390062,-7.723041,0 -48.388921,-7.722935,0</coordinates></LineString></Placemark>
<Placemark><name>3627065</name><styleUrl>#styleDaimonCIRCUITO255TRECHO</styleUrl><LineString><coordinates>-48.391175,-7.723139,0 -48.390062,-7.723041,0</coordinates></LineString></Placemark>
<Placemark><name>3627075</name><styleUrl>#styleDaimonCIRCUITO255TRECHO</styleUrl><LineString><coordinates>-48.392180,-7.723235,0 -48.391175,-7.723139,0</coordinates></LineString></Placemark>
<Placemark><name>3627070</name><styleUrl>#styleDaimonCIRCUITO255TRECHO</styleUrl><LineString><coordinates>-48.393206,-7.723319,0 -48.392180,-7.723235,0</coordinates></LineString></Placemark>
<Placemark><name>3516144</name><styleUrl>#styleDaimonCIRCUITO255TRECHO</styleUrl><LineString><coordinates>-48.400320,-7.704993,0 -48.400215,-7.704530,0</coordinates></LineString></Placemark>
<Placemark><name>3516145</name><styleUrl>#styleDaimonCIRCUITO255TRECHO</styleUrl><LineString><coordinates>-48.400215,-7.704530,0 -48.400130,-7.704082,0</coordinates></LineString></Placemark>
<Placemark><name>3516143</name><styleUrl>#styleDaimonCIRCUITO255TRECHO</styleUrl><LineString><coordinates>-48.400445,-7.705450,0 -48.400320,-7.704993,0</coordinates></LineString></Placemark>
<Placemark><name>3516146</name><styleUrl>#styleDaimonCIRCUITO255TRECHO</styleUrl><LineString><coordinates>-48.400130,-7.704082,0 -48.400004,-7.703681,0</coordinates></LineString></Placemark>
<Placemark><name>3516142</name><styleUrl>#styleDaimonCIRCUITO255TRECHO</styleUrl><LineString><coordinates>-48.400844,-7.706834,0 -48.400445,-7.705450,0</coordinates></LineString></Placemark>
<Placemark><name>3516147</name><styleUrl>#styleDaimonCIRCUITO255TRECHO</styleUrl><LineString><coordinates>-48.400004,-7.703681,0 -48.399919,-7.703222,0</coordinates></LineString></Placemark>
<Placemark><name>3518601</name><styleUrl>#styleDaimonCIRCUITO255TRECHO</styleUrl><LineString><coordinates>-48.401127,-7.707762,0 -48.400844,-7.706834,0</coordinates></LineString></Placemark>
<Placemark><name>3516148</name><styleUrl>#styleDaimonCIRCUITO255TRECHO</styleUrl><LineString><coordinates>-48.399919,-7.703222,0 -48.399578,-7.702109,0</coordinates></LineString></Placemark>
<Placemark><name>3518600</name><styleUrl>#styleDaimonCIRCUITO255TRECHO</styleUrl><LineString><coordinates>-48.401381,-7.708677,0 -48.401127,-7.707762,0</coordinates></LineString></Placemark>
<Placemark><name>3516385</name><styleUrl>#styleDaimonCIRCUITO255TRECHO</styleUrl><LineString><coordinates>-48.399578,-7.702109,0 -48.399259,-7.700961,0</coordinates></LineString></Placemark>
<Placemark><name>3517828</name><styleUrl>#styleDaimonCIRCUITO255TRECHO</styleUrl><LineString><coordinates>-48.401512,-7.709901,0 -48.401381,-7.708677,0</coordinates></LineString></Placemark>
<Placemark><name>3516386</name><styleUrl>#styleDaimonCIRCUITO255TRECHO</styleUrl><LineString><coordinates>-48.399259,-7.700961,0 -48.398900,-7.699553,0</coordinates></LineString></Placemark>
<Placemark><name>3504542</name><styleUrl>#styleDaimonCIRCUITO255TRECHO</styleUrl><LineString><coordinates>-48.398900,-7.699553,0 -48.398546,-7.698416,0</coordinates></LineString></Placemark>
<Placemark><name>3504543</name><styleUrl>#styleDaimonCIRCUITO255TRECHO</styleUrl><LineString><coordinates>-48.398546,-7.698416,0 -48.398277,-7.697293,0</coordinates></LineString></Placemark>
<Placemark><name>3504545</name><styleUrl>#styleDaimonCIRCUITO255TRECHO</styleUrl><LineString><coordinates>-48.398277,-7.697293,0 -48.397940,-7.696093,0</coordinates></LineString></Placemark>
<Placemark><name>12123458</name><styleUrl>#styleDaimonCIRCUITO255TRECHO</styleUrl><LineString><coordinates>-48.397940,-7.696093,0 -48.397930,-7.696061,0</coordinates></LineString></Placemark>
<Placemark><name>3504546</name><styleUrl>#styleDaimonCIRCUITO255TRECHO</styleUrl><LineString><coordinates>-48.397930,-7.696061,0 -48.397624,-7.694854,0</coordinates></LineString></Placemark>
<Placemark><name>3504547</name><styleUrl>#styleDaimonCIRCUITO255TRECHO</styleUrl><LineString><coordinates>-48.397624,-7.694854,0 -48.397302,-7.693707,0</coordinates></LineString></Placemark>
<Placemark><name>3504548</name><styleUrl>#styleDaimonCIRCUITO255TRECHO</styleUrl><LineString><coordinates>-48.397302,-7.693707,0 -48.397009,-7.692536,0</coordinates></LineString></Placemark>
<Placemark><name>12121990</name><styleUrl>#styleDaimonCIRCUITO255TRECHO</styleUrl><LineString><coordinates>-48.397009,-7.692536,0 -48.396993,-7.692543,0</coordinates></LineString></Placemark>
<Placemark><name>3517544</name><styleUrl>#styleDaimonCIRCUITO255TRECHO</styleUrl><LineString><coordinates>-48.397009,-7.692536,0 -48.396764,-7.691780,0</coordinates></LineString></Placemark>
<Placemark><name>3517816</name><styleUrl>#styleDaimonCIRCUITO255TRECHO</styleUrl><LineString><coordinates>-48.396993,-7.692543,0 -48.395885,-7.692960,0</coordinates></LineString></Placemark>
<Placemark><name>3517813</name><styleUrl>#styleDaimonCIRCUITO255TRECHO</styleUrl><LineString><coordinates>-48.396764,-7.691780,0 -48.396779,-7.690570,0</coordinates></LineString></Placemark>
<Placemark><name>3517817</name><styleUrl>#styleDaimonCIRCUITO255TRECHO</styleUrl><LineString><coordinates>-48.395885,-7.692960,0 -48.394835,-7.693378,0</coordinates></LineString></Placemark>
<Placemark><name>3517814</name><styleUrl>#styleDaimonCIRCUITO255TRECHO</styleUrl><LineString><coordinates>-48.396779,-7.690570,0 -48.396841,-7.689223,0</coordinates></LineString></Placemark>
<Placemark><name>3517818</name><styleUrl>#styleDaimonCIRCUITO255TRECHO</styleUrl><LineString><coordinates>-48.394835,-7.693378,0 -48.393656,-7.693782,0</coordinates></LineString></Placemark>
<Placemark><name>3517815</name><styleUrl>#styleDaimonCIRCUITO255TRECHO</styleUrl><LineString><coordinates>-48.396841,-7.689223,0 -48.396864,-7.687783,0</coordinates></LineString></Placemark>
<Placemark><name>3517819</name><styleUrl>#styleDaimonCIRCUITO255TRECHO</styleUrl><LineString><coordinates>-48.393656,-7.693782,0 -48.392555,-7.694230,0</coordinates></LineString></Placemark>
<Placemark><name>3517820</name><styleUrl>#styleDaimonCIRCUITO255TRECHO</styleUrl><LineString><coordinates>-48.392555,-7.694230,0 -48.391715,-7.694503,0</coordinates></LineString></Placemark>
<Placemark><name>3517821</name><styleUrl>#styleDaimonCIRCUITO255TRECHO</styleUrl><LineString><coordinates>-48.391715,-7.694503,0 -48.390025,-7.695141,0</coordinates></LineString></Placemark>
<Placemark><name>3518375</name><styleUrl>#styleDaimonCIRCUITO255TRECHO</styleUrl><LineString><coordinates>-48.408974,-7.697292,0 -48.409910,-7.697289,0</coordinates></LineString></Placemark>
<Placemark><name>2732799</name><styleUrl>#styleDaimonCIRCUITO255TRECHO</styleUrl><LineString><coordinates>-48.405563,-7.681027,0 -48.405491,-7.680102,0</coordinates></LineString></Placemark>
<Placemark><name>2732798</name><styleUrl>#styleDaimonCIRCUITO255TRECHO</styleUrl><LineString><coordinates>-48.405491,-7.680102,0 -48.405470,-7.679209,0</coordinates></LineString></Placemark>
<Placemark><name>2732801</name><styleUrl>#styleDaimonCIRCUITO255TRECHO</styleUrl><LineString><coordinates>-48.405646,-7.682318,0 -48.405563,-7.681027,0</coordinates></LineString></Placemark>
<Placemark><name>12123459</name><styleUrl>#styleDaimonCIRCUITO255TRECHO</styleUrl><LineString><coordinates>-48.405470,-7.679209,0 -48.405462,-7.679178,0</coordinates></LineString></Placemark>
<Placemark><name>2732802</name><styleUrl>#styleDaimonCIRCUITO255TRECHO</styleUrl><LineString><coordinates>-48.405998,-7.683436,0 -48.405646,-7.682318,0</coordinates></LineString></Placemark>
<Placemark><name>2732797</name><styleUrl>#styleDaimonCIRCUITO255TRECHO</styleUrl><LineString><coordinates>-48.405462,-7.679178,0 -48.404976,-7.678348,0</coordinates></LineString></Placemark>
<Placemark><name>2732867</name><styleUrl>#styleDaimonCIRCUITO255TRECHO</styleUrl><LineString><coordinates>-48.406322,-7.684388,0 -48.405998,-7.683436,0</coordinates></LineString></Placemark>
<Placemark><name>2732796</name><styleUrl>#styleDaimonCIRCUITO255TRECHO</styleUrl><LineString><coordinates>-48.404976,-7.678348,0 -48.404539,-7.677648,0</coordinates></LineString></Placemark>
<Placemark><name>2732868</name><styleUrl>#styleDaimonCIRCUITO255TRECHO</styleUrl><LineString><coordinates>-48.406650,-7.685571,0 -48.406322,-7.684388,0</coordinates></LineString></Placemark>
<Placemark><name>2732795</name><styleUrl>#styleDaimonCIRCUITO255TRECHO</styleUrl><LineString><coordinates>-48.404539,-7.677648,0 -48.404148,-7.676923,0</coordinates></LineString></Placemark>
<Placemark><name>2732869</name><styleUrl>#styleDaimonCIRCUITO255TRECHO</styleUrl><LineString><coordinates>-48.406984,-7.686697,0 -48.406650,-7.685571,0</coordinates></LineString></Placemark>
<Placemark><name>2732870</name><styleUrl>#styleDaimonCIRCUITO255TRECHO</styleUrl><LineString><coordinates>-48.407386,-7.687848,0 -48.406984,-7.686697,0</coordinates></LineString></Placemark>
<Placemark><name>2732871</name><styleUrl>#styleDaimonCIRCUITO255TRECHO</styleUrl><LineString><coordinates>-48.407717,-7.689053,0 -48.407386,-7.687848,0</coordinates></LineString></Placemark>
<Placemark><name>2732872</name><styleUrl>#styleDaimonCIRCUITO255TRECHO</styleUrl><LineString><coordinates>-48.408374,-7.690074,0 -48.407717,-7.689053,0</coordinates></LineString></Placemark>
<Placemark><name>2733000</name><styleUrl>#styleDaimonCIRCUITO255TRECHO</styleUrl><LineString><coordinates>-48.408953,-7.690959,0 -48.408374,-7.690074,0</coordinates></LineString></Placemark>
<Placemark><name>2733978</name><styleUrl>#styleDaimonCIRCUITO255TRECHO</styleUrl><LineString><coordinates>-48.463072,-7.731688,0 -48.463392,-7.732129,0</coordinates></LineString></Placemark>
<Placemark><name>2732642</name><styleUrl>#styleDaimonCIRCUITO255TRECHO</styleUrl><LineString><coordinates>-48.452902,-7.716279,0 -48.452941,-7.715816,0</coordinates></LineString></Placemark>
<Placemark><name>3587840</name><styleUrl>#styleDaimonCIRCUITO255TRECHO</styleUrl><LineString><coordinates>-48.377255,-7.722427,0 -48.376304,-7.722655,0</coordinates></LineString></Placemark>
<Placemark><name>3504544</name><styleUrl>#styleDaimonCIRCUITO255TRECHO</styleUrl><LineString><coordinates>-48.398360,-7.697283,0 -48.399101,-7.697197,0</coordinates></LineString></Placemark>
<Placemark><name>2732997</name><styleUrl>#styleDaimonCIRCUITO255TRECHO</styleUrl><LineString><coordinates>-48.404335,-7.680230,0 -48.403087,-7.680377,0</coordinates></LineString></Placemark>
<Placemark><name>2732996</name><styleUrl>#styleDaimonCIRCUITO255TRECHO</styleUrl><LineString><coordinates>-48.403087,-7.680377,0 -48.401916,-7.680496,0</coordinates></LineString></Placemark>
<Placemark><name>2732800</name><styleUrl>#styleDaimonCIRCUITO255TRECHO</styleUrl><LineString><coordinates>-48.405376,-7.680115,0 -48.404335,-7.680230,0</coordinates></LineString></Placemark>
<Placemark><name>2732995</name><styleUrl>#styleDaimonCIRCUITO255TRECHO</styleUrl><LineString><coordinates>-48.401916,-7.680496,0 -48.400696,-7.680695,0</coordinates></LineString></Placemark>
<Placemark><name>2732994</name><styleUrl>#styleDaimonCIRCUITO255TRECHO</styleUrl><LineString><coordinates>-48.400696,-7.680695,0 -48.399538,-7.680823,0</coordinates></LineString></Placemark>
<Placemark><name>2732993</name><styleUrl>#styleDaimonCIRCUITO255TRECHO</styleUrl><LineString><coordinates>-48.399538,-7.680823,0 -48.398340,-7.680971,0</coordinates></LineString></Placemark>
<Placemark><name>2732992</name><styleUrl>#styleDaimonCIRCUITO255TRECHO</styleUrl><LineString><coordinates>-48.398340,-7.680971,0 -48.397258,-7.681075,0</coordinates></LineString></Placemark>
<Placemark><name>2732991</name><styleUrl>#styleDaimonCIRCUITO255TRECHO</styleUrl><LineString><coordinates>-48.397258,-7.681075,0 -48.395984,-7.681233,0</coordinates></LineString></Placemark>
<Placemark><name>2732875</name><styleUrl>#styleDaimonCIRCUITO255TRECHO</styleUrl><LineString><coordinates>-48.395984,-7.681233,0 -48.394716,-7.681391,0</coordinates></LineString></Placemark>
<Placemark><name>2732874</name><styleUrl>#styleDaimonCIRCUITO255TRECHO</styleUrl><LineString><coordinates>-48.394716,-7.681391,0 -48.393455,-7.681535,0</coordinates></LineString></Placemark>
<Placemark><name>2732873</name><styleUrl>#styleDaimonCIRCUITO255TRECHO</styleUrl><LineString><coordinates>-48.393455,-7.681535,0 -48.392822,-7.681599,0</coordinates></LineString></Placemark>
<Placemark><name>Suporte Chave DJ_AL02054060_FICT</name><styleUrl>#styleDaimonCIRCUITO255TRECHO</styleUrl><LineString><coordinates>-48.428706,-7.622379,0 -48.428692,-7.622221,0</coordinates></LineString></Placemark>
<Placemark><name>Suporte Chave 8852675060</name><styleUrl>#styleDaimonCIRCUITO255TRECHO</styleUrl><LineString><coordinates>-48.428470,-7.622203,0 -48.428429,-7.622201,0</coordinates></LineString></Placemark>
<Placemark><name>Suporte Chave 8800006060</name><styleUrl>#styleDaimonCIRCUITO255TRECHO</styleUrl><LineString><coordinates>-48.426496,-7.626206,0 -48.426474,-7.626208,0</coordinates></LineString></Placemark>
<Placemark><name>Suporte Chave 9001927060</name><styleUrl>#styleDaimonCIRCUITO255TRECHO</styleUrl><LineString><coordinates>-48.426271,-7.626218,0 -48.426270,-7.626217,0</coordinates></LineString></Placemark>
<Placemark><name>Suporte Chave 7940201060</name><styleUrl>#styleDaimonCIRCUITO255TRECHO</styleUrl><LineString><coordinates>-48.426251,-7.626205,0 -48.426249,-7.626206,0</coordinates></LineString></Placemark>
<Placemark><name>Suporte Chave 9040201060</name><styleUrl>#styleDaimonCIRCUITO255TRECHO</styleUrl><LineString><coordinates>-48.426228,-7.626206,0 -48.426226,-7.626208,0</coordinates></LineString></Placemark>
<Placemark><name>Suporte Chave 7952668060</name><styleUrl>#styleDaimonCIRCUITO255TRECHO</styleUrl><LineString><coordinates>-48.425383,-7.633113,0 -48.425386,-7.633150,0</coordinates></LineString></Placemark>
<Placemark><name>Suporte Chave 8800076060</name><styleUrl>#styleDaimonCIRCUITO255TRECHO</styleUrl><LineString><coordinates>-48.426343,-7.632591,0 -48.426366,-7.632591,0</coordinates></LineString></Placemark>
<Placemark><name>Suporte Chave 8800015060</name><styleUrl>#styleDaimonCIRCUITO255TRECHO</styleUrl><LineString><coordinates>-48.424272,-7.632687,0 -48.424238,-7.632688,0</coordinates></LineString></Placemark>
<Placemark><name>Suporte Chave 0300009060</name><styleUrl>#styleDaimonCIRCUITO255TRECHO</styleUrl><LineString><coordinates>-48.423968,-7.627669,0 -48.423937,-7.627672,0</coordinates></LineString></Placemark>
<Placemark><name>Suporte Chave 0300091060</name><styleUrl>#styleDaimonCIRCUITO255TRECHO</styleUrl><LineString><coordinates>-48.425871,-7.627570,0 -48.425876,-7.627607,0</coordinates></LineString></Placemark>
<Placemark><name>Suporte Chave 8800012060</name><styleUrl>#styleDaimonCIRCUITO255TRECHO</styleUrl><LineString><coordinates>-48.426241,-7.632688,0 -48.426242,-7.632724,0</coordinates></LineString></Placemark>
<Placemark><name>Suporte Chave 8859655060</name><styleUrl>#styleDaimonCIRCUITO255TRECHO</styleUrl><LineString><coordinates>-48.424413,-7.632941,0 -48.424415,-7.632960,0</coordinates></LineString></Placemark>
<Placemark><name>Suporte Chave 8852669060</name><styleUrl>#styleDaimonCIRCUITO255TRECHO</styleUrl><LineString><coordinates>-48.423429,-7.634654,0 -48.423432,-7.634690,0</coordinates></LineString></Placemark>
<Placemark><name>Suporte Chave 0301017060</name><styleUrl>#styleDaimonCIRCUITO255TRECHO</styleUrl><LineString><coordinates>-48.422190,-7.632784,0 -48.422191,-7.632802,0</coordinates></LineString></Placemark>
<Placemark><name>Suporte Chave 8800085060</name><styleUrl>#styleDaimonCIRCUITO255TRECHO</styleUrl><LineString><coordinates>-48.420179,-7.632882,0 -48.420180,-7.632875,0</coordinates></LineString></Placemark>
<Placemark><name>Suporte Chave 0300016060</name><styleUrl>#styleDaimonCIRCUITO255TRECHO</styleUrl><LineString><coordinates>-48.422654,-7.634620,0 -48.422657,-7.634652,0</coordinates></LineString></Placemark>
<Placemark><name>Suporte Chave 0300035060</name><styleUrl>#styleDaimonCIRCUITO255TRECHO</styleUrl><LineString><coordinates>-48.420773,-7.632931,0 -48.420776,-7.632969,0</coordinates></LineString></Placemark>
<Placemark><name>Suporte Chave 0300010060</name><styleUrl>#styleDaimonCIRCUITO255TRECHO</styleUrl><LineString><coordinates>-48.422048,-7.628781,0 -48.422046,-7.628750,0</coordinates></LineString></Placemark>
<Placemark><name>Suporte Chave 8843295060</name><styleUrl>#styleDaimonCIRCUITO255TRECHO</styleUrl><LineString><coordinates>-48.422364,-7.628050,0 -48.422366,-7.628090,0</coordinates></LineString></Placemark>
<Placemark><name>Suporte Chave 9031220060</name><styleUrl>#styleDaimonCIRCUITO255TRECHO</styleUrl><LineString><coordinates>-48.426635,-7.636669,0 -48.426637,-7.636668,0</coordinates></LineString></Placemark>
<Placemark><name>Suporte Chave 0347754060</name><styleUrl>#styleDaimonCIRCUITO255TRECHO</styleUrl><LineString><coordinates>-48.413777,-7.635875,0 -48.413747,-7.635888,0</coordinates></LineString></Placemark>
<Placemark><name>Suporte Chave 8852660060</name><styleUrl>#styleDaimonCIRCUITO255TRECHO</styleUrl><LineString><coordinates>-48.416210,-7.643099,0 -48.416211,-7.643120,0</coordinates></LineString></Placemark>
<Placemark><name>Suporte Chave 0300085060</name><styleUrl>#styleDaimonCIRCUITO255TRECHO</styleUrl><LineString><coordinates>-48.420181,-7.632804,0 -48.420181,-7.632802,0</coordinates></LineString></Placemark>
<Placemark><name>Suporte Chave 0300036060</name><styleUrl>#styleDaimonCIRCUITO255TRECHO</styleUrl><LineString><coordinates>-48.420857,-7.634770,0 -48.420841,-7.634768,0</coordinates></LineString></Placemark>
<Placemark><name>Suporte Chave 7931220060</name><styleUrl>#styleDaimonCIRCUITO255TRECHO</styleUrl><LineString><coordinates>-48.426654,-7.636653,0 -48.426656,-7.636654,0</coordinates></LineString></Placemark>
<Placemark><name>Suporte Chave 0319216060</name><styleUrl>#styleDaimonCIRCUITO255TRECHO</styleUrl><LineString><coordinates>-48.413641,-7.643425,0 -48.413639,-7.643389,0</coordinates></LineString></Placemark>
<Placemark><name>Suporte Chave 0319215060</name><styleUrl>#styleDaimonCIRCUITO255TRECHO</styleUrl><LineString><coordinates>-48.411596,-7.644621,0 -48.411583,-7.644628,0</coordinates></LineString></Placemark>
<Placemark><name>Suporte Chave 8800924060</name><styleUrl>#styleDaimonCIRCUITO255TRECHO</styleUrl><LineString><coordinates>-48.416942,-7.643248,0 -48.416964,-7.643247,0</coordinates></LineString></Placemark>
<Placemark><name>Suporte Chave 9001919060</name><styleUrl>#styleDaimonCIRCUITO255TRECHO</styleUrl><LineString><coordinates>-48.426675,-7.636654,0 -48.426678,-7.636655,0</coordinates></LineString></Placemark>
<Placemark><name>Suporte Chave 0210186060</name><styleUrl>#styleDaimonCIRCUITO255TRECHO</styleUrl><LineString><coordinates>-48.406532,-7.646671,0 -48.406330,-7.646757,0</coordinates></LineString></Placemark>
<Placemark><name>Suporte Chave 0300026060</name><styleUrl>#styleDaimonCIRCUITO255TRECHO</styleUrl><LineString><coordinates>-48.418055,-7.637788,0 -48.418019,-7.637790,0</coordinates></LineString></Placemark>
<Placemark><name>Suporte Chave 0300025060</name><styleUrl>#styleDaimonCIRCUITO255TRECHO</styleUrl><LineString><coordinates>-48.418646,-7.637152,0 -48.418648,-7.637187,0</coordinates></LineString></Placemark>
<Placemark><name>Suporte Chave 0300030060</name><styleUrl>#styleDaimonCIRCUITO255TRECHO</styleUrl><LineString><coordinates>-48.418539,-7.640455,0 -48.418502,-7.640457,0</coordinates></LineString></Placemark>
<Placemark><name>Suporte Chave 0300028060</name><styleUrl>#styleDaimonCIRCUITO255TRECHO</styleUrl><LineString><coordinates>-48.418920,-7.640437,0 -48.418947,-7.640436,0</coordinates></LineString></Placemark>
<Placemark><name>Suporte Chave 8800972060</name><styleUrl>#styleDaimonCIRCUITO255TRECHO</styleUrl><LineString><coordinates>-48.427140,-7.636933,0 -48.427143,-7.636969,0</coordinates></LineString></Placemark>
<Placemark><name>Suporte Chave 0301893060</name><styleUrl>#styleDaimonCIRCUITO255TRECHO</styleUrl><LineString><coordinates>-48.415538,-7.637946,0 -48.415483,-7.637952,0</coordinates></LineString></Placemark>
<Placemark><name>Suporte Chave 0300019060</name><styleUrl>#styleDaimonCIRCUITO255TRECHO</styleUrl><LineString><coordinates>-48.417118,-7.633037,0 -48.417121,-7.633042,0</coordinates></LineString></Placemark>
<Placemark><name>Suporte Chave 0301021060</name><styleUrl>#styleDaimonCIRCUITO255TRECHO</styleUrl><LineString><coordinates>-48.416632,-7.633075,0 -48.416539,-7.633041,0</coordinates></LineString></Placemark>
<Placemark><name>Suporte Chave 0300023060</name><styleUrl>#styleDaimonCIRCUITO255TRECHO</styleUrl><LineString><coordinates>-48.416451,-7.633074,0 -48.416452,-7.633119,0</coordinates></LineString></Placemark>
<Placemark><name>Suporte Chave 0300021060</name><styleUrl>#styleDaimonCIRCUITO255TRECHO</styleUrl><LineString><coordinates>-48.416740,-7.632774,0 -48.416736,-7.632736,0</coordinates></LineString></Placemark>
<Placemark><name>Suporte Chave 0300943060</name><styleUrl>#styleDaimonCIRCUITO255TRECHO</styleUrl><LineString><coordinates>-48.425957,-7.642424,0 -48.425960,-7.642466,0</coordinates></LineString></Placemark>
<Placemark><name>Suporte Chave 0300079060</name><styleUrl>#styleDaimonCIRCUITO255TRECHO</styleUrl><LineString><coordinates>-48.427201,-7.640127,0 -48.427174,-7.640129,0</coordinates></LineString></Placemark>
<Placemark><name>Suporte Chave 3100014060</name><styleUrl>#styleDaimonCIRCUITO255TRECHO</styleUrl><LineString><coordinates>-48.426894,-7.646484,0 -48.426891,-7.646520,0</coordinates></LineString></Placemark>
<Placemark><name>Suporte Chave 0320193060</name><styleUrl>#styleDaimonCIRCUITO255TRECHO</styleUrl><LineString><coordinates>-48.413899,-7.638188,0 -48.413904,-7.638201,0</coordinates></LineString></Placemark>
<Placemark><name>Suporte Chave 0300760060</name><styleUrl>#styleDaimonCIRCUITO255TRECHO</styleUrl><LineString><coordinates>-48.402742,-7.637753,0 -48.402680,-7.637665,0</coordinates></LineString></Placemark>
<Placemark><name>Suporte Chave 0300177060</name><styleUrl>#styleDaimonCIRCUITO255TRECHO</styleUrl><LineString><coordinates>-48.407268,-7.637989,0 -48.407270,-7.638010,0</coordinates></LineString></Placemark>
<Placemark><name>Suporte Chave 0310178060</name><styleUrl>#styleDaimonCIRCUITO255TRECHO</styleUrl><LineString><coordinates>-48.403185,-7.638385,0 -48.403075,-7.638398,0</coordinates></LineString></Placemark>
<Placemark><name>Suporte Chave 0300084060</name><styleUrl>#styleDaimonCIRCUITO255TRECHO</styleUrl><LineString><coordinates>-48.416601,-7.631192,0 -48.416595,-7.631185,0</coordinates></LineString></Placemark>
<Placemark><name>Suporte Chave 0300020060</name><styleUrl>#styleDaimonCIRCUITO255TRECHO</styleUrl><LineString><coordinates>-48.416622,-7.631047,0 -48.416626,-7.631046,0</coordinates></LineString></Placemark>
<Placemark><name>Suporte Chave 0301020060</name><styleUrl>#styleDaimonCIRCUITO255TRECHO</styleUrl><LineString><coordinates>-48.416554,-7.630466,0 -48.416394,-7.630255,0</coordinates></LineString></Placemark>
<Placemark><name>Suporte Chave 0300955060</name><styleUrl>#styleDaimonCIRCUITO255TRECHO</styleUrl><LineString><coordinates>-48.426554,-7.640849,0 -48.426510,-7.640850,0</coordinates></LineString></Placemark>
<Placemark><name>Suporte Chave 9025128060</name><styleUrl>#styleDaimonCIRCUITO255TRECHO</styleUrl><LineString><coordinates>-48.426445,-7.648933,0 -48.426443,-7.648935,0</coordinates></LineString></Placemark>
<Placemark><name>Suporte Chave 7925126060</name><styleUrl>#styleDaimonCIRCUITO255TRECHO</styleUrl><LineString><coordinates>-48.426421,-7.648950,0 -48.426421,-7.648953,0</coordinates></LineString></Placemark>
<Placemark><name>Suporte Chave 9025126060</name><styleUrl>#styleDaimonCIRCUITO255TRECHO</styleUrl><LineString><coordinates>-48.426419,-7.648973,0 -48.426420,-7.648976,0</coordinates></LineString></Placemark>
<Placemark><name>Suporte Chave 0300039060</name><styleUrl>#styleDaimonCIRCUITO255TRECHO</styleUrl><LineString><coordinates>-48.425368,-7.660630,0 -48.425314,-7.660628,0</coordinates></LineString></Placemark>
<Placemark><name>Suporte Chave 0300459060</name><styleUrl>#styleDaimonCIRCUITO255TRECHO</styleUrl><LineString><coordinates>-48.425850,-7.651892,0 -48.425866,-7.651894,0</coordinates></LineString></Placemark>
<Placemark><name>Suporte Chave 0300461060</name><styleUrl>#styleDaimonCIRCUITO255TRECHO</styleUrl><LineString><coordinates>-48.425425,-7.659532,0 -48.425455,-7.659539,0</coordinates></LineString></Placemark>
<Placemark><name>Suporte Chave 8800462060</name><styleUrl>#styleDaimonCIRCUITO255TRECHO</styleUrl><LineString><coordinates>-48.430123,-7.683513,0 -48.430088,-7.683413,0</coordinates></LineString></Placemark>
<Placemark><name>Suporte Chave 0300460060</name><styleUrl>#styleDaimonCIRCUITO255TRECHO</styleUrl><LineString><coordinates>-48.426347,-7.653581,0 -48.426427,-7.653517,0</coordinates></LineString></Placemark>
<Placemark><name>Suporte Chave 4010318060</name><styleUrl>#styleDaimonCIRCUITO255TRECHO</styleUrl><LineString><coordinates>-48.424851,-7.668353,0 -48.424848,-7.668354,0</coordinates></LineString></Placemark>
<Placemark><name>Suporte Chave 0310338060</name><styleUrl>#styleDaimonCIRCUITO255TRECHO</styleUrl><LineString><coordinates>-48.440499,-7.716545,0 -48.440392,-7.716576,0</coordinates></LineString></Placemark>
<Placemark><name>Suporte Chave 0310340060</name><styleUrl>#styleDaimonCIRCUITO255TRECHO</styleUrl><LineString><coordinates>-48.441876,-7.720040,0 -48.441849,-7.720045,0</coordinates></LineString></Placemark>
<Placemark><name>Suporte Chave 0300463060</name><styleUrl>#styleDaimonCIRCUITO255TRECHO</styleUrl><LineString><coordinates>-48.440526,-7.715402,0 -48.440585,-7.715388,0</coordinates></LineString></Placemark>
<Placemark><name>Suporte Chave 0300014060</name><styleUrl>#styleDaimonCIRCUITO255TRECHO</styleUrl><LineString><coordinates>-48.443666,-7.725985,0 -48.443681,-7.726046,0</coordinates></LineString></Placemark>
<Placemark><name>Suporte Chave 0301886060</name><styleUrl>#styleDaimonCIRCUITO255TRECHO</styleUrl><LineString><coordinates>-48.441728,-7.719644,0 -48.441759,-7.719638,0</coordinates></LineString></Placemark>
<Placemark><name>Suporte Chave 3310335060</name><styleUrl>#styleDaimonCIRCUITO255TRECHO</styleUrl><LineString><coordinates>-48.437757,-7.707179,0 -48.437668,-7.707154,0</coordinates></LineString></Placemark>
<Placemark><name>Suporte Chave 0300040060</name><styleUrl>#styleDaimonCIRCUITO255TRECHO</styleUrl><LineString><coordinates>-48.434415,-7.695746,0 -48.434269,-7.695781,0</coordinates></LineString></Placemark>
<Placemark><name>Suporte Chave 3300467060</name><styleUrl>#styleDaimonCIRCUITO255TRECHO</styleUrl><LineString><coordinates>-48.440923,-7.717605,0 -48.440793,-7.717650,0</coordinates></LineString></Placemark>
<Placemark><name>Suporte Chave 0300042060</name><styleUrl>#styleDaimonCIRCUITO255TRECHO</styleUrl><LineString><coordinates>-48.443543,-7.724874,0 -48.443583,-7.724870,0</coordinates></LineString></Placemark>
<Placemark><name>Suporte Chave 0310329060</name><styleUrl>#styleDaimonCIRCUITO255TRECHO</styleUrl><LineString><coordinates>-48.412007,-7.673859,0 -48.411892,-7.673940,0</coordinates></LineString></Placemark>
<Placemark><name>Suporte Chave 0310331060</name><styleUrl>#styleDaimonCIRCUITO255TRECHO</styleUrl><LineString><coordinates>-48.419600,-7.685053,0 -48.419516,-7.685113,0</coordinates></LineString></Placemark>
<Placemark><name>Suporte Chave 0310332060</name><styleUrl>#styleDaimonCIRCUITO255TRECHO</styleUrl><LineString><coordinates>-48.424814,-7.686620,0 -48.424895,-7.686559,0</coordinates></LineString></Placemark>
<Placemark><name>Suporte Chave 0310327060</name><styleUrl>#styleDaimonCIRCUITO255TRECHO</styleUrl><LineString><coordinates>-48.410260,-7.672885,0 -48.410251,-7.672814,0</coordinates></LineString></Placemark>
<Placemark><name>Suporte Chave 3301142060</name><styleUrl>#styleDaimonCIRCUITO255TRECHO</styleUrl><LineString><coordinates>-48.415336,-7.689254,0 -48.415338,-7.689274,0</coordinates></LineString></Placemark>
<Placemark><name>Suporte Chave 0310328060</name><styleUrl>#styleDaimonCIRCUITO255TRECHO</styleUrl><LineString><coordinates>-48.408914,-7.672914,0 -48.408793,-7.672943,0</coordinates></LineString></Placemark>
<Placemark><name>Suporte Chave 0310334060</name><styleUrl>#styleDaimonCIRCUITO255TRECHO</styleUrl><LineString><coordinates>-48.421569,-7.692943,0 -48.421535,-7.692884,0</coordinates></LineString></Placemark>
<Placemark><name>Suporte Chave 0310341060</name><styleUrl>#styleDaimonCIRCUITO255TRECHO</styleUrl><LineString><coordinates>-48.437513,-7.720798,0 -48.437395,-7.720847,0</coordinates></LineString></Placemark>
<Placemark><name>Suporte Chave 3300464060</name><styleUrl>#styleDaimonCIRCUITO255TRECHO</styleUrl><LineString><coordinates>-48.443954,-7.715512,0 -48.444079,-7.715497,0</coordinates></LineString></Placemark>
<Placemark><name>Suporte Chave 0310337060</name><styleUrl>#styleDaimonCIRCUITO255TRECHO</styleUrl><LineString><coordinates>-48.433964,-7.706108,0 -48.433944,-7.705970,0</coordinates></LineString></Placemark>
<Placemark><name>Suporte Chave 0310336060</name><styleUrl>#styleDaimonCIRCUITO255TRECHO</styleUrl><LineString><coordinates>-48.429695,-7.704273,0 -48.429623,-7.704228,0</coordinates></LineString></Placemark>
<Placemark><name>Suporte Chave 0310364060</name><styleUrl>#styleDaimonCIRCUITO255TRECHO</styleUrl><LineString><coordinates>-48.428275,-7.721521,0 -48.428242,-7.721531,0</coordinates></LineString></Placemark>
<Placemark><name>Suporte Chave 0301166060</name><styleUrl>#styleDaimonCIRCUITO255TRECHO</styleUrl><LineString><coordinates>-48.410947,-7.690505,0 -48.410911,-7.690427,0</coordinates></LineString></Placemark>
<Placemark><name>Suporte Chave 3329365060</name><styleUrl>#styleDaimonCIRCUITO255TRECHO</styleUrl><LineString><coordinates>-48.393319,-7.723328,0 -48.393206,-7.723319,0</coordinates></LineString></Placemark>
<Placemark><name>Suporte Chave 0301147060</name><styleUrl>#styleDaimonCIRCUITO255TRECHO</styleUrl><LineString><coordinates>-48.401527,-7.710036,0 -48.401512,-7.709901,0</coordinates></LineString></Placemark>
<Placemark><name>Suporte Chave 0301152060</name><styleUrl>#styleDaimonCIRCUITO255TRECHO</styleUrl><LineString><coordinates>-48.408870,-7.697292,0 -48.408974,-7.697292,0</coordinates></LineString></Placemark>
<Placemark><name>Suporte Chave 3301159060</name><styleUrl>#styleDaimonCIRCUITO255TRECHO</styleUrl><LineString><coordinates>-48.409016,-7.691057,0 -48.408953,-7.690959,0</coordinates></LineString></Placemark>
<Placemark><name>Suporte Chave 0300466060</name><styleUrl>#styleDaimonCIRCUITO255TRECHO</styleUrl><LineString><coordinates>-48.463036,-7.731638,0 -48.463072,-7.731688,0</coordinates></LineString></Placemark>
<Placemark><name>Suporte Chave 0300465060</name><styleUrl>#styleDaimonCIRCUITO255TRECHO</styleUrl><LineString><coordinates>-48.452897,-7.716330,0 -48.452902,-7.716279,0</coordinates></LineString></Placemark>
<Placemark><name>Suporte Chave 0325861060</name><styleUrl>#styleDaimonCIRCUITO255TRECHO</styleUrl><LineString><coordinates>-48.377360,-7.722402,0 -48.377255,-7.722427,0</coordinates></LineString></Placemark>
<Placemark><name>Suporte Chave 0301149060</name><styleUrl>#styleDaimonCIRCUITO255TRECHO</styleUrl><LineString><coordinates>-48.398277,-7.697293,0 -48.398360,-7.697283,0</coordinates></LineString></Placemark>
<Placemark><name>Suporte Chave 0301162060</name><styleUrl>#styleDaimonCIRCUITO255TRECHO</styleUrl><LineString><coordinates>-48.405491,-7.680102,0 -48.405376,-7.680115,0</coordinates></LineString></Placemark>
<Placemark><name>Suporte Chave 8835005060</name><styleUrl>#styleDaimonCIRCUITO255TRECHO</styleUrl><LineString><coordinates>-48.422415,-7.637286,0 -48.422414,-7.637251,0</coordinates></LineString></Placemark>
<Placemark><name>Suporte Chave 8040201060</name><styleUrl>#styleDaimonCIRCUITO255TRECHO</styleUrl><LineString><coordinates>-48.426236,-7.626251,0 -48.426233,-7.626248,0</coordinates></LineString></Placemark>
<Placemark><name>Suporte Chave 8852674060</name><styleUrl>#styleDaimonCIRCUITO255TRECHO</styleUrl><LineString><coordinates>-48.425955,-7.626659,0 -48.425955,-7.626643,0</coordinates></LineString></Placemark>
<Placemark><name>Suporte Chave 3125126060</name><styleUrl>#styleDaimonCIRCUITO255TRECHO</styleUrl><LineString><coordinates>-48.426468,-7.648975,0 -48.426465,-7.648978,0</coordinates></LineString></Placemark>
<Placemark><name>Suporte Chave 3110318060</name><styleUrl>#styleDaimonCIRCUITO255TRECHO</styleUrl><LineString><coordinates>-48.424821,-7.668327,0 -48.424821,-7.668330,0</coordinates></LineString></Placemark>
<Placemark><name>Suporte Chave 0301658060</name><styleUrl>#styleDaimonCIRCUITO255TRECHO</styleUrl><LineString><coordinates>-48.427090,-7.635928,0 -48.427089,-7.635882,0</coordinates></LineString></Placemark>
<Placemark><name>Suporte Chave 8843296060</name><styleUrl>#styleDaimonCIRCUITO255TRECHO</styleUrl><LineString><coordinates>-48.422553,-7.632275,0 -48.422553,-7.632261,0</coordinates></LineString></Placemark>
<Placemark><name>Suporte Chave 8800971060</name><styleUrl>#styleDaimonCIRCUITO255TRECHO</styleUrl><LineString><coordinates>-48.424388,-7.632426,0 -48.424387,-7.632391,0</coordinates></LineString></Placemark>
<Placemark><name>Suporte Chave 8031220060</name><styleUrl>#styleDaimonCIRCUITO255TRECHO</styleUrl><LineString><coordinates>-48.426662,-7.636691,0 -48.426665,-7.636689,0</coordinates></LineString></Placemark>
<Placemark><name>Suporte Chave 8852673060</name><styleUrl>#styleDaimonCIRCUITO255TRECHO</styleUrl><LineString><coordinates>-48.424901,-7.629005,0 -48.424873,-7.629007,0</coordinates></LineString></Placemark>
<Placemark><name>Suporte Chave 8034391060</name><styleUrl>#styleDaimonCIRCUITO255TRECHO</styleUrl><LineString><coordinates>-48.419268,-7.632927,0 -48.419296,-7.632926,0</coordinates></LineString></Placemark>
<Placemark><name>Suporte Chave 8810085060</name><styleUrl>#styleDaimonCIRCUITO255TRECHO</styleUrl><LineString><coordinates>-48.420166,-7.632799,0 -48.420165,-7.632798,0</coordinates></LineString></Placemark>
</Folder>
<Folder>
<name>RedeBT</name>
</Folder>
</Folder>
</Document>
</kml>