<?xml version="1.0" encoding="UTF-8"?>
<kml xmlns="http://www.opengis.net/kml/2.2" xmlns:gx="http://www.google.com/kml/ext/2.2" xmlns:kml="http://www.opengis.net/kml/2.2" xmlns:atom="http://www.w3.org/2005/Atom">
<Document>
<open>1</open>
<Style id="styleDaimonBarra0"><IconStyle><scale>1.00</scale><Icon><href>http://maps.google.com/mapfiles/kml/paddle/wht-blank.png</href></Icon><hotSpot x="32" y="1" xunits="pixels" yunits="pixels"/></IconStyle><LabelStyle><color>ffffffff</color><colorMode>normal</colorMode><scale>1.00</scale></LabelStyle><ListStyle><ItemIcon><href>http://maps.google.com/mapfiles/kml/paddle/wht-blank.png</href></ItemIcon></ListStyle></Style>
<Style id="styleDaimonBarra1"><IconStyle><scale>1.00</scale><Icon><href>http://maps.google.com/mapfiles/kml/paddle/wht-blank.png</href></Icon><hotSpot x="32" y="1" xunits="pixels" yunits="pixels"/></IconStyle><LabelStyle><color>ffffffff</color><colorMode>normal</colorMode><scale>1.00</scale></LabelStyle><ListStyle><ItemIcon><href>http://maps.google.com/mapfiles/kml/paddle/wht-blank.png</href></ItemIcon></ListStyle></Style>
<StyleMap id="mapDaimonBarra"><Pair><key>normal</key><styleUrl>#styleDaimonBarra0</styleUrl></Pair><Pair><key>highlight</key><styleUrl>#styleDaimonBarra1</styleUrl></Pair></StyleMap>
<Style id="styleDaimonBarraBT0"><IconStyle><scale>1.00</scale><Icon><href>http://maps.google.com/mapfiles/kml/paddle/wht-blank.png</href></Icon><hotSpot x="32" y="1" xunits="pixels" yunits="pixels"/></IconStyle><LabelStyle><color>ffffffff</color><colorMode>normal</colorMode><scale>1.00</scale></LabelStyle><ListStyle><ItemIcon><href>http://maps.google.com/mapfiles/kml/paddle/wht-blank.png</href></ItemIcon></ListStyle></Style>
<Style id="styleDaimonBarraBT1"><IconStyle><scale>1.00</scale><Icon><href>http://maps.google.com/mapfiles/kml/paddle/wht-blank.png</href></Icon><hotSpot x="32" y="1" xunits="pixels" yunits="pixels"/></IconStyle><LabelStyle><color>ffffffff</color><colorMode>normal</colorMode><scale>1.00</scale></LabelStyle><ListStyle><ItemIcon><href>http://maps.google.com/mapfiles/kml/paddle/wht-blank.png</href></ItemIcon></ListStyle></Style>
<StyleMap id="mapDaimonBarraBT"><Pair><key>normal</key><styleUrl>#styleDaimonBarraBT0</styleUrl></Pair><Pair><key>highlight</key><styleUrl>#styleDaimonBarraBT1</styleUrl></Pair></StyleMap>
<Style id="styleDaimonCapacitor0"><IconStyle><scale>1.00</scale><Icon><href>http://maps.google.com/mapfiles/kml/paddle/purple-blank.png</href></Icon><hotSpot x="32" y="1" xunits="pixels" yunits="pixels"/></IconStyle><LabelStyle><color>ffffffff</color><colorMode>normal</colorMode><scale>1.00</scale></LabelStyle><ListStyle><ItemIcon><href>http://maps.google.com/mapfiles/kml/paddle/purple-blank.png</href></ItemIcon></ListStyle></Style>
<Style id="styleDaimonCapacitor1"><IconStyle><scale>1.00</scale><Icon><href>http://maps.google.com/mapfiles/kml/paddle/purple-blank.png</href></Icon><hotSpot x="32" y="1" xunits="pixels" yunits="pixels"/></IconStyle><LabelStyle><color>ffffffff</color><colorMode>normal</colorMode><scale>1.00</scale></LabelStyle><ListStyle><ItemIcon><href>http://maps.google.com/mapfiles/kml/paddle/purple-blank.png</href></ItemIcon></ListStyle></Style>
<StyleMap id="mapDaimonCapacitor"><Pair><key>normal</key><styleUrl>#styleDaimonCapacitor0</styleUrl></Pair><Pair><key>highlight</key><styleUrl>#styleDaimonCapacitor1</styleUrl></Pair></StyleMap>
<Style id="styleDaimonCapacitorBT0"><IconStyle><scale>1.00</scale><Icon><href>http://maps.google.com/mapfiles/kml/paddle/purple-blank.png</href></Icon><hotSpot x="32" y="1" xunits="pixels" yunits="pixels"/></IconStyle><LabelStyle><color>ffffffff</color><colorMode>normal</colorMode><scale>1.00</scale></LabelStyle><ListStyle><ItemIcon><href>http://maps.google.com/mapfiles/kml/paddle/purple-blank.png</href></ItemIcon></ListStyle></Style>
<Style id="styleDaimonCapacitorBT1"><IconStyle><scale>1.00</scale><Icon><href>http://maps.google.com/mapfiles/kml/paddle/purple-blank.png</href></Icon><hotSpot x="32" y="1" xunits="pixels" yunits="pixels"/></IconStyle><LabelStyle><color>ffffffff</color><colorMode>normal</colorMode><scale>1.00</scale></LabelStyle><ListStyle><ItemIcon><href>http://maps.google.com/mapfiles/kml/paddle/purple-blank.png</href></ItemIcon></ListStyle></Style>
<StyleMap id="mapDaimonCapacitorBT"><Pair><key>normal</key><styleUrl>#styleDaimonCapacitorBT0</styleUrl></Pair><Pair><key>highlight</key><styleUrl>#styleDaimonCapacitorBT1</styleUrl></Pair></StyleMap>
<Style id="styleDaimonCapacitorSerie0"><IconStyle><scale>0.60</scale><Icon><href>http://maps.google.com/mapfiles/kml/paddle/purple-blank.png</href></Icon><hotSpot x="32" y="1" xunits="pixels" yunits="pixels"/></IconStyle><LabelStyle><color>ff00ffff</color><colorMode>normal</colorMode><scale>0.60</scale></LabelStyle><ListStyle><ItemIcon><href>http://maps.google.com/mapfiles/kml/paddle/purple-blank.png</href></ItemIcon></ListStyle></Style>
<Style id="styleDaimonCapacitorSerie1"><IconStyle><scale>0.60</scale><Icon><href>http://maps.google.com/mapfiles/kml/paddle/purple-blank.png</href></Icon><hotSpot x="32" y="1" xunits="pixels" yunits="pixels"/></IconStyle><LabelStyle><color>ff00ffff</color><colorMode>normal</colorMode><scale>0.60</scale></LabelStyle><ListStyle><ItemIcon><href>http://maps.google.com/mapfiles/kml/paddle/purple-blank.png</href></ItemIcon></ListStyle></Style>
<StyleMap id="mapDaimonCapacitorSerie"><Pair><key>normal</key><styleUrl>#styleDaimonCapacitorSerie0</styleUrl></Pair><Pair><key>highlight</key><styleUrl>#styleDaimonCapacitorSerie1</styleUrl></Pair></StyleMap>
<Style id="styleDaimonChave0"><IconStyle><scale>0.60</scale><Icon><href>http://maps.google.com/mapfiles/kml/paddle/red-circle.png</href></Icon><hotSpot x="32" y="1" xunits="pixels" yunits="pixels"/></IconStyle><LabelStyle><color>ff0000ff</color><colorMode>normal</colorMode><scale>0.60</scale></LabelStyle><ListStyle><ItemIcon><href>http://maps.google.com/mapfiles/kml/paddle/red-circle.png</href></ItemIcon></ListStyle></Style>
<Style id="styleDaimonChave1"><IconStyle><scale>0.60</scale><Icon><href>http://maps.google.com/mapfiles/kml/paddle/red-circle.png</href></Icon><hotSpot x="32" y="1" xunits="pixels" yunits="pixels"/></IconStyle><LabelStyle><color>ff0000ff</color><colorMode>normal</colorMode><scale>0.60</scale></LabelStyle><ListStyle><ItemIcon><href>http://maps.google.com/mapfiles/kml/paddle/red-circle.png</href></ItemIcon></ListStyle></Style>
<StyleMap id="mapDaimonChave"><Pair><key>normal</key><styleUrl>#styleDaimonChave0</styleUrl></Pair><Pair><key>highlight</key><styleUrl>#styleDaimonChave1</styleUrl></Pair></StyleMap>
<Style id="styleDaimonEP0"><IconStyle><scale>0.80</scale><Icon><href>http://maps.google.com/mapfiles/kml/paddle/ylw-circle.png</href></Icon><hotSpot x="32" y="1" xunits="pixels" yunits="pixels"/></IconStyle><LabelStyle><color>ff00ffff</color><colorMode>normal</colorMode><scale>0.80</scale></LabelStyle><ListStyle><ItemIcon><href>http://maps.google.com/mapfiles/kml/paddle/ylw-circle.png</href></ItemIcon></ListStyle></Style>
<Style id="styleDaimonEP1"><IconStyle><scale>0.80</scale><Icon><href>http://maps.google.com/mapfiles/kml/paddle/ylw-circle.png</href></Icon><hotSpot x="32" y="1" xunits="pixels" yunits="pixels"/></IconStyle><LabelStyle><color>ff00ffff</color><colorMode>normal</colorMode><scale>0.80</scale></LabelStyle><ListStyle><ItemIcon><href>http://maps.google.com/mapfiles/kml/paddle/ylw-circle.png</href></ItemIcon></ListStyle></Style>
<StyleMap id="mapDaimonEP"><Pair><key>normal</key><styleUrl>#styleDaimonEP0</styleUrl></Pair><Pair><key>highlight</key><styleUrl>#styleDaimonEP1</styleUrl></Pair></StyleMap>
<Style id="styleDaimonET0"><IconStyle><scale>0.80</scale><Icon><href>http://maps.google.com/mapfiles/kml/paddle/blu-blank.png</href></Icon><hotSpot x="32" y="1" xunits="pixels" yunits="pixels"/></IconStyle><LabelStyle><color>ffffff00</color><colorMode>normal</colorMode><scale>0.80</scale></LabelStyle><ListStyle><ItemIcon><href>http://maps.google.com/mapfiles/kml/paddle/blu-blank.png</href></ItemIcon></ListStyle></Style>
<Style id="styleDaimonET1"><IconStyle><scale>0.80</scale><Icon><href>http://maps.google.com/mapfiles/kml/paddle/blu-blank.png</href></Icon><hotSpot x="32" y="1" xunits="pixels" yunits="pixels"/></IconStyle><LabelStyle><color>ffffff00</color><colorMode>normal</colorMode><scale>0.80</scale></LabelStyle><ListStyle><ItemIcon><href>http://maps.google.com/mapfiles/kml/paddle/blu-blank.png</href></ItemIcon></ListStyle></Style>
<StyleMap id="mapDaimonET"><Pair><key>normal</key><styleUrl>#styleDaimonET0</styleUrl></Pair><Pair><key>highlight</key><styleUrl>#styleDaimonET1</styleUrl></Pair></StyleMap>
<Style id="styleDaimonGerador0"><IconStyle><scale>1.00</scale><Icon><href>http://maps.google.com/mapfiles/kml/paddle/orange-diamond.png</href></Icon><hotSpot x="32" y="1" xunits="pixels" yunits="pixels"/></IconStyle><LabelStyle><color>ffffffff</color><colorMode>normal</colorMode><scale>1.00</scale></LabelStyle><ListStyle><ItemIcon><href>http://maps.google.com/mapfiles/kml/paddle/orange-diamond.png</href></ItemIcon></ListStyle></Style>
<Style id="styleDaimonGerador1"><IconStyle><scale>1.00</scale><Icon><href>http://maps.google.com/mapfiles/kml/paddle/orange-diamond.png</href></Icon><hotSpot x="32" y="1" xunits="pixels" yunits="pixels"/></IconStyle><LabelStyle><color>ffffffff</color><colorMode>normal</colorMode><scale>1.00</scale></LabelStyle><ListStyle><ItemIcon><href>http://maps.google.com/mapfiles/kml/paddle/orange-diamond.png</href></ItemIcon></ListStyle></Style>
<StyleMap id="mapDaimonGerador"><Pair><key>normal</key><styleUrl>#styleDaimonGerador0</styleUrl></Pair><Pair><key>highlight</key><styleUrl>#styleDaimonGerador1</styleUrl></Pair></StyleMap>
<Style id="styleDaimonReator0"><IconStyle><scale>1.00</scale><Icon><href>http://maps.google.com/mapfiles/kml/paddle/wht-square.png</href></Icon><hotSpot x="32" y="1" xunits="pixels" yunits="pixels"/></IconStyle><LabelStyle><color>ff00ffff</color><colorMode>normal</colorMode><scale>1.00</scale></LabelStyle><ListStyle><ItemIcon><href>http://maps.google.com/mapfiles/kml/paddle/wht-square.png</href></ItemIcon></ListStyle></Style>
<Style id="styleDaimonReator1"><IconStyle><scale>1.00</scale><Icon><href>http://maps.google.com/mapfiles/kml/paddle/wht-square.png</href></Icon><hotSpot x="32" y="1" xunits="pixels" yunits="pixels"/></IconStyle><LabelStyle><color>ff00ffff</color><colorMode>normal</colorMode><scale>1.00</scale></LabelStyle><ListStyle><ItemIcon><href>http://maps.google.com/mapfiles/kml/paddle/wht-square.png</href></ItemIcon></ListStyle></Style>
<StyleMap id="mapDaimonReator"><Pair><key>normal</key><styleUrl>#styleDaimonReator0</styleUrl></Pair><Pair><key>highlight</key><styleUrl>#styleDaimonReator1</styleUrl></Pair></StyleMap>
<Style id="styleDaimonRegulador0"><IconStyle><scale>1.00</scale><Icon><href>http://maps.google.com/mapfiles/kml/paddle/orange-diamond.png</href></Icon><hotSpot x="32" y="1" xunits="pixels" yunits="pixels"/></IconStyle><LabelStyle><color>ff00a5ff</color><colorMode>normal</colorMode><scale>1.00</scale></LabelStyle><ListStyle><ItemIcon><href>http://maps.google.com/mapfiles/kml/paddle/orange-diamond.png</href></ItemIcon></ListStyle></Style>
<Style id="styleDaimonRegulador1"><IconStyle><scale>1.00</scale><Icon><href>http://maps.google.com/mapfiles/kml/paddle/orange-diamond.png</href></Icon><hotSpot x="32" y="1" xunits="pixels" yunits="pixels"/></IconStyle><LabelStyle><color>ff00a5ff</color><colorMode>normal</colorMode><scale>1.00</scale></LabelStyle><ListStyle><ItemIcon><href>http://maps.google.com/mapfiles/kml/paddle/orange-diamond.png</href></ItemIcon></ListStyle></Style>
<StyleMap id="mapDaimonRegulador"><Pair><key>normal</key><styleUrl>#styleDaimonRegulador0</styleUrl></Pair><Pair><key>highlight</key><styleUrl>#styleDaimonRegulador1</styleUrl></Pair></StyleMap>
<Style id="styleDaimonTransformador0"><IconStyle><scale>1.00</scale><Icon><href>http://maps.google.com/mapfiles/kml/paddle/pink-circle.png</href></Icon><hotSpot x="32" y="1" xunits="pixels" yunits="pixels"/></IconStyle><LabelStyle><color>ffff00ff</color><colorMode>normal</colorMode><scale>1.00</scale></LabelStyle><ListStyle><ItemIcon><href>http://maps.google.com/mapfiles/kml/paddle/pink-circle.png</href></ItemIcon></ListStyle></Style>
<Style id="styleDaimonTransformador1"><IconStyle><scale>1.00</scale><Icon><href>http://maps.google.com/mapfiles/kml/paddle/pink-circle.png</href></Icon><hotSpot x="32" y="1" xunits="pixels" yunits="pixels"/></IconStyle><LabelStyle><color>ffff00ff</color><colorMode>normal</colorMode><scale>1.00</scale></LabelStyle><ListStyle><ItemIcon><href>http://maps.google.com/mapfiles/kml/paddle/pink-circle.png</href></ItemIcon></ListStyle></Style>
<StyleMap id="mapDaimonTransformador"><Pair><key>normal</key><styleUrl>#styleDaimonTransformador0</styleUrl></Pair><Pair><key>highlight</key><styleUrl>#styleDaimonTransformador1</styleUrl></Pair></StyleMap>
<Style id="styleDaimonTrecho"><LineStyle><color>ffffffff</color><width>1.00</width></LineStyle></Style>
<Style id="styleDaimonTrechoBT"><LineStyle><color>ffff0000</color><width>1.00</width></LineStyle></Style>
<Style id="styleDaimonChaveNA0"><IconStyle><scale>0.60</scale><Icon><href>http://maps.google.com/mapfiles/kml/paddle/grn-blank.png</href></Icon><hotSpot x="32" y="1" xunits="pixels" yunits="pixels"/></IconStyle><LabelStyle><color>ff00ff00</color><colorMode>normal</colorMode><scale>0.60</scale></LabelStyle><ListStyle><ItemIcon><href>http://maps.google.com/mapfiles/kml/paddle/grn-blank.png</href></ItemIcon></ListStyle></Style>
<Style id="styleDaimonChaveNA1"><IconStyle><scale>0.60</scale><Icon><href>http://maps.google.com/mapfiles/kml/paddle/grn-blank.png</href></Icon><hotSpot x="32" y="1" xunits="pixels" yunits="pixels"/></IconStyle><LabelStyle><color>ff00ff00</color><colorMode>normal</colorMode><scale>0.60</scale></LabelStyle><ListStyle><ItemIcon><href>http://maps.google.com/mapfiles/kml/paddle/grn-blank.png</href></ItemIcon></ListStyle></Style>
<StyleMap id="mapDaimonChaveNA"><Pair><key>normal</key><styleUrl>#styleDaimonChaveNA0</styleUrl></Pair><Pair><key>highlight</key><styleUrl>#styleDaimonChaveNA1</styleUrl></Pair></StyleMap>
<Style id="styleDaimonChaveSoco0"><IconStyle><scale>0.60</scale><Icon><href>http://maps.google.com/mapfiles/kml/paddle/grn-blank.png</href></Icon><hotSpot x="32" y="1" xunits="pixels" yunits="pixels"/></IconStyle><LabelStyle><color>ff00ff00</color><colorMode>normal</colorMode><scale>0.60</scale></LabelStyle><ListStyle><ItemIcon><href>http://maps.google.com/mapfiles/kml/paddle/grn-blank.png</href></ItemIcon></ListStyle></Style>
<Style id="styleDaimonChaveSoco1"><IconStyle><scale>0.60</scale><Icon><href>http://maps.google.com/mapfiles/kml/paddle/grn-blank.png</href></Icon><hotSpot x="32" y="1" xunits="pixels" yunits="pixels"/></IconStyle><LabelStyle><color>ff00ff00</color><colorMode>normal</colorMode><scale>0.60</scale></LabelStyle><ListStyle><ItemIcon><href>http://maps.google.com/mapfiles/kml/paddle/grn-blank.png</href></ItemIcon></ListStyle></Style>
<StyleMap id="mapDaimonChaveSoco"><Pair><key>normal</key><styleUrl>#styleDaimonChaveSoco0</styleUrl></Pair><Pair><key>highlight</key><styleUrl>#styleDaimonChaveSoco1</styleUrl></Pair></StyleMap>
<Style id="styleDaimonSE0"><IconStyle><scale>1.20</scale><Icon><href>http://maps.google.com/mapfiles/kml/paddle/wht-circle.png</href></Icon><hotSpot x="32" y="1" xunits="pixels" yunits="pixels"/></IconStyle><LabelStyle><color>ffffffff</color><colorMode>normal</colorMode><scale>1.20</scale></LabelStyle><ListStyle><ItemIcon><href>http://maps.google.com/mapfiles/kml/paddle/wht-circle.png</href></ItemIcon></ListStyle></Style>
<Style id="styleDaimonSE1"><IconStyle><scale>1.20</scale><Icon><href>http://maps.google.com/mapfiles/kml/paddle/wht-circle.png</href></Icon><hotSpot x="32" y="1" xunits="pixels" yunits="pixels"/></IconStyle><LabelStyle><color>ffffffff</color><colorMode>normal</colorMode><scale>1.20</scale></LabelStyle><ListStyle><ItemIcon><href>http://maps.google.com/mapfiles/kml/paddle/wht-circle.png</href></ItemIcon></ListStyle></Style>
<StyleMap id="mapDaimonSE"><Pair><key>normal</key><styleUrl>#styleDaimonSE0</styleUrl></Pair><Pair><key>highlight</key><styleUrl>#styleDaimonSE1</styleUrl></Pair></StyleMap>
<Style id="styleDaimonDiag_BOM"><LineStyle><color>ff80ff80</color><width>3.20</width></LineStyle></Style>
<Style id="styleDaimonDiag_REGULAR"><LineStyle><color>ff00ffff</color><width>3.20</width></LineStyle></Style>
<Style id="styleDaimonDiag_RUIM"><LineStyle><color>ff0000ff</color><width>3.20</width></LineStyle></Style>
<Style id="styleDaimonDiag_INDEF"><LineStyle><color>ff808080</color><width>3.20</width></LineStyle></Style>
<Style id="styleDaimonDiag_BARRA_BOM0"><IconStyle><scale>0.60</scale><Icon><href>http://maps.google.com/mapfiles/kml/paddle/grn-blank.png</href></Icon><hotSpot x="32" y="1" xunits="pixels" yunits="pixels"/></IconStyle><LabelStyle><color>ffffffff</color><colorMode>normal</colorMode><scale>0.60</scale></LabelStyle><ListStyle><ItemIcon><href>http://maps.google.com/mapfiles/kml/paddle/grn-blank.png</href></ItemIcon></ListStyle></Style>
<Style id="styleDaimonDiag_BARRA_BOM1"><IconStyle><scale>0.60</scale><Icon><href>http://maps.google.com/mapfiles/kml/paddle/grn-blank.png</href></Icon><hotSpot x="32" y="1" xunits="pixels" yunits="pixels"/></IconStyle><LabelStyle><color>ffffffff</color><colorMode>normal</colorMode><scale>0.60</scale></LabelStyle><ListStyle><ItemIcon><href>http://maps.google.com/mapfiles/kml/paddle/grn-blank.png</href></ItemIcon></ListStyle></Style>
<StyleMap id="mapDaimonDiag_BARRA_BOM"><Pair><key>normal</key><styleUrl>#styleDaimonDiag_BARRA_BOM0</styleUrl></Pair><Pair><key>highlight</key><styleUrl>#styleDaimonDiag_BARRA_BOM1</styleUrl></Pair></StyleMap>
<Style id="styleDaimonDiag_BARRA_REGULAR0"><IconStyle><scale>0.60</scale><Icon><href>http://maps.google.com/mapfiles/kml/paddle/ylw-blank.png</href></Icon><hotSpot x="32" y="1" xunits="pixels" yunits="pixels"/></IconStyle><LabelStyle><color>ffffffff</color><colorMode>normal</colorMode><scale>0.60</scale></LabelStyle><ListStyle><ItemIcon><href>http://maps.google.com/mapfiles/kml/paddle/ylw-blank.png</href></ItemIcon></ListStyle></Style>
<Style id="styleDaimonDiag_BARRA_REGULAR1"><IconStyle><scale>0.60</scale><Icon><href>http://maps.google.com/mapfiles/kml/paddle/ylw-blank.png</href></Icon><hotSpot x="32" y="1" xunits="pixels" yunits="pixels"/></IconStyle><LabelStyle><color>ffffffff</color><colorMode>normal</colorMode><scale>0.60</scale></LabelStyle><ListStyle><ItemIcon><href>http://maps.google.com/mapfiles/kml/paddle/ylw-blank.png</href></ItemIcon></ListStyle></Style>
<StyleMap id="mapDaimonDiag_BARRA_REGULAR"><Pair><key>normal</key><styleUrl>#styleDaimonDiag_BARRA_REGULAR0</styleUrl></Pair><Pair><key>highlight</key><styleUrl>#styleDaimonDiag_BARRA_REGULAR1</styleUrl></Pair></StyleMap>
<Style id="styleDaimonDiag_BARRA_RUIM0"><IconStyle><scale>0.60</scale><Icon><href>http://maps.google.com/mapfiles/kml/paddle/red-blank.png</href></Icon><hotSpot x="32" y="1" xunits="pixels" yunits="pixels"/></IconStyle><LabelStyle><color>ffffffff</color><colorMode>normal</colorMode><scale>0.60</scale></LabelStyle><ListStyle><ItemIcon><href>http://maps.google.com/mapfiles/kml/paddle/red-blank.png</href></ItemIcon></ListStyle></Style>
<Style id="styleDaimonDiag_BARRA_RUIM1"><IconStyle><scale>0.60</scale><Icon><href>http://maps.google.com/mapfiles/kml/paddle/red-blank.png</href></Icon><hotSpot x="32" y="1" xunits="pixels" yunits="pixels"/></IconStyle><LabelStyle><color>ffffffff</color><colorMode>normal</colorMode><scale>0.60</scale></LabelStyle><ListStyle><ItemIcon><href>http://maps.google.com/mapfiles/kml/paddle/red-blank.png</href></ItemIcon></ListStyle></Style>
<StyleMap id="mapDaimonDiag_BARRA_RUIM"><Pair><key>normal</key><styleUrl>#styleDaimonDiag_BARRA_RUIM0</styleUrl></Pair><Pair><key>highlight</key><styleUrl>#styleDaimonDiag_BARRA_RUIM1</styleUrl></Pair></StyleMap>
<Style id="styleDaimonDiag_BARRA_INDEF0"><IconStyle><scale>0.60</scale><Icon><href>http://maps.google.com/mapfiles/kml/paddle/wht-blank.png</href></Icon><hotSpot x="32" y="1" xunits="pixels" yunits="pixels"/></IconStyle><LabelStyle><color>ffffffff</color><colorMode>normal</colorMode><scale>0.60</scale></LabelStyle><ListStyle><ItemIcon><href>http://maps.google.com/mapfiles/kml/paddle/wht-blank.png</href></ItemIcon></ListStyle></Style>
<Style id="styleDaimonDiag_BARRA_INDEF1"><IconStyle><scale>0.60</scale><Icon><href>http://maps.google.com/mapfiles/kml/paddle/wht-blank.png</href></Icon><hotSpot x="32" y="1" xunits="pixels" yunits="pixels"/></IconStyle><LabelStyle><color>ffffffff</color><colorMode>normal</colorMode><scale>0.60</scale></LabelStyle><ListStyle><ItemIcon><href>http://maps.google.com/mapfiles/kml/paddle/wht-blank.png</href></ItemIcon></ListStyle></Style>
<StyleMap id="mapDaimonDiag_BARRA_INDEF"><Pair><key>normal</key><styleUrl>#styleDaimonDiag_BARRA_INDEF0</styleUrl></Pair><Pair><key>highlight</key><styleUrl>#styleDaimonDiag_BARRA_INDEF1</styleUrl></Pair></StyleMap>
<Style id="styleDaimonMONO"><LineStyle><color>ff0000ff</color><width>2.00</width></LineStyle></Style>
<Style id="styleDaimonBI"><LineStyle><color>ff00ff00</color><width>2.00</width></LineStyle></Style>
<Style id="styleDaimonTRI"><LineStyle><color>ffff0000</color><width>2.00</width></LineStyle></Style>
<Style id="styleDaimonMONO_BT"><LineStyle><color>ffffff00</color><width>1.00</width></LineStyle></Style>
<Style id="styleDaimonBI_BT"><LineStyle><color>ffff00ff</color><width>1.00</width></LineStyle></Style>
<Style id="styleDaimonTRI_BT"><LineStyle><color>ff00ffff</color><width>1.00</width></LineStyle></Style>
<Style id="styleDaimonCIRCUITO34TRECHO"><LineStyle><color>ff808040</color><width>2.00</width></LineStyle></Style>
<Style id="styleDaimonFolderCirc_LD01008032"><ListStyle><bgColor>ff808040</bgColor></ListStyle></Style>
<Folder>
<name>Circ_LD01008032</name>
<styleUrl>#styleDaimonFolderCirc_LD01008032</styleUrl><Folder>
<name>Capacitor</name>
<visibility>0</visibility>
</Folder>
<Folder>
<name>CapacitorSerie</name>
<visibility>0</visibility>
</Folder>
<Folder>
<name>Chave</name>
<visibility>0</visibility>
<Placemark><name>DJ_LD01008032_FICT</name><visibility>0</visibility><LookAt><longitude>-49.835863</longitude><latitude>-12.939592</latitude><altitude>1200.0</altitude><altitudeMode>absolute</altitudeMode></LookAt><styleUrl>#mapDaimonChave</styleUrl><Point><coordinates>-49.835863,-12.939592,0</coordinates></Point></Placemark>
<Placemark><name>8801452032</name><visibility>0</visibility><LookAt><longitude>-49.835746</longitude><latitude>-12.939764</latitude><altitude>1200.0</altitude><altitudeMode>absolute</altitudeMode></LookAt><styleUrl>#mapDaimonChave</styleUrl><Point><coordinates>-49.835746,-12.939764,0</coordinates></Point></Placemark>
<Placemark><name>8801213032</name><visibility>0</visibility><LookAt><longitude>-49.832298</longitude><latitude>-12.946712</latitude><altitude>1200.0</altitude><altitudeMode>absolute</altitudeMode></LookAt><styleUrl>#mapDaimonChave</styleUrl><Point><coordinates>-49.832298,-12.946712,0</coordinates></Point></Placemark>
<Placemark><name>0301059032</name><visibility>0</visibility><LookAt><longitude>-49.806147</longitude><latitude>-12.996042</latitude><altitude>1200.0</altitude><altitudeMode>absolute</altitudeMode></LookAt><styleUrl>#mapDaimonChave</styleUrl><Point><coordinates>-49.806147,-12.996042,0</coordinates></Point></Placemark>
<Placemark><name>0310278032</name><visibility>0</visibility><LookAt><longitude>-49.778870</longitude><latitude>-13.018837</latitude><altitude>1200.0</altitude><altitudeMode>absolute</altitudeMode></LookAt><styleUrl>#mapDaimonChave</styleUrl><Point><coordinates>-49.778870,-13.018837,0</coordinates></Point></Placemark>
<Placemark><name>0320394032</name><visibility>0</visibility><LookAt><longitude>-49.825835</longitude><latitude>-12.966748</latitude><altitude>1200.0</altitude><altitudeMode>absolute</altitudeMode></LookAt><styleUrl>#mapDaimonChave</styleUrl><Point><coordinates>-49.825835,-12.966748,0</coordinates></Point></Placemark>
<Placemark><name>0310178032</name><visibility>0</visibility><LookAt><longitude>-49.816709</longitude><latitude>-12.991006</latitude><altitude>1200.0</altitude><altitudeMode>absolute</altitudeMode></LookAt><styleUrl>#mapDaimonChave</styleUrl><Point><coordinates>-49.816709,-12.991006,0</coordinates></Point></Placemark>
<Placemark><name>3310238032</name><visibility>0</visibility><LookAt><longitude>-49.830527</longitude><latitude>-12.952164</latitude><altitude>1200.0</altitude><altitudeMode>absolute</altitudeMode></LookAt><styleUrl>#mapDaimonChave</styleUrl><Point><coordinates>-49.830527,-12.952164,0</coordinates></Point></Placemark>
<Placemark><name>3301197032</name><visibility>0</visibility><LookAt><longitude>-49.821703</longitude><latitude>-12.983256</latitude><altitude>1200.0</altitude><altitudeMode>absolute</altitudeMode></LookAt><styleUrl>#mapDaimonChave</styleUrl><Point><coordinates>-49.821703,-12.983256,0</coordinates></Point></Placemark>
<Placemark><name>0301042032</name><visibility>0</visibility><LookAt><longitude>-49.822651</longitude><latitude>-12.977015</latitude><altitude>1200.0</altitude><altitudeMode>absolute</altitudeMode></LookAt><styleUrl>#mapDaimonChave</styleUrl><Point><coordinates>-49.822651,-12.977015,0</coordinates></Point></Placemark>
<Placemark><name>0320007032</name><visibility>0</visibility><LookAt><longitude>-49.813781</longitude><latitude>-12.993933</latitude><altitude>1200.0</altitude><altitudeMode>absolute</altitudeMode></LookAt><styleUrl>#mapDaimonChave</styleUrl><Point><coordinates>-49.813781,-12.993933,0</coordinates></Point></Placemark>
<Placemark><name>0361456032</name><visibility>0</visibility><LookAt><longitude>-49.793171</longitude><latitude>-13.003757</latitude><altitude>1200.0</altitude><altitudeMode>absolute</altitudeMode></LookAt><styleUrl>#mapDaimonChave</styleUrl><Point><coordinates>-49.793171,-13.003757,0</coordinates></Point></Placemark>
<Placemark><name>0301043032</name><visibility>0</visibility><LookAt><longitude>-49.818547</longitude><latitude>-12.986750</latitude><altitude>1200.0</altitude><altitudeMode>absolute</altitudeMode></LookAt><styleUrl>#mapDaimonChave</styleUrl><Point><coordinates>-49.818547,-12.986750,0</coordinates></Point></Placemark>
<Placemark><name>0301045032</name><visibility>0</visibility><LookAt><longitude>-49.814416</longitude><latitude>-12.993878</latitude><altitude>1200.0</altitude><altitudeMode>absolute</altitudeMode></LookAt><styleUrl>#mapDaimonChave</styleUrl><Point><coordinates>-49.814416,-12.993878,0</coordinates></Point></Placemark>
<Placemark><name>0310396032</name><visibility>0</visibility><LookAt><longitude>-49.781013</longitude><latitude>-13.017729</latitude><altitude>1200.0</altitude><altitudeMode>absolute</altitudeMode></LookAt><styleUrl>#mapDaimonChave</styleUrl><Point><coordinates>-49.781013,-13.017729,0</coordinates></Point></Placemark>
<Placemark><name>0329692032</name><visibility>0</visibility><LookAt><longitude>-49.829041</longitude><latitude>-12.956195</latitude><altitude>1200.0</altitude><altitudeMode>absolute</altitudeMode></LookAt><styleUrl>#mapDaimonChave</styleUrl><Point><coordinates>-49.829041,-12.956195,0</coordinates></Point></Placemark>
<Placemark><name>0310529032</name><visibility>0</visibility><LookAt><longitude>-49.809346</longitude><latitude>-12.995325</latitude><altitude>1200.0</altitude><altitudeMode>absolute</altitudeMode></LookAt><styleUrl>#mapDaimonChave</styleUrl><Point><coordinates>-49.809346,-12.995325,0</coordinates></Point></Placemark>
<Placemark><name>0320055032</name><visibility>0</visibility><LookAt><longitude>-49.785534</longitude><latitude>-13.012331</latitude><altitude>1200.0</altitude><altitudeMode>absolute</altitudeMode></LookAt><styleUrl>#mapDaimonChave</styleUrl><Point><coordinates>-49.785534,-13.012331,0</coordinates></Point></Placemark>
<Placemark><name>0320272032</name><visibility>0</visibility><LookAt><longitude>-49.830164</longitude><latitude>-12.952414</latitude><altitude>1200.0</altitude><altitudeMode>absolute</altitudeMode></LookAt><styleUrl>#mapDaimonChave</styleUrl><Point><coordinates>-49.830164,-12.952414,0</coordinates></Point></Placemark>
<Placemark><name>0310236032</name><visibility>0</visibility><LookAt><longitude>-49.824847</longitude><latitude>-12.971088</latitude><altitude>1200.0</altitude><altitudeMode>absolute</altitudeMode></LookAt><styleUrl>#mapDaimonChave</styleUrl><Point><coordinates>-49.824847,-12.971088,0</coordinates></Point></Placemark>
<Placemark><name>0320002032</name><visibility>0</visibility><LookAt><longitude>-49.830032</longitude><latitude>-12.954374</latitude><altitude>1200.0</altitude><altitudeMode>absolute</altitudeMode></LookAt><styleUrl>#mapDaimonChave</styleUrl><Point><coordinates>-49.830032,-12.954374,0</coordinates></Point></Placemark>
<Placemark><name>0320006032</name><visibility>0</visibility><LookAt><longitude>-49.819031</longitude><latitude>-12.987753</latitude><altitude>1200.0</altitude><altitudeMode>absolute</altitudeMode></LookAt><styleUrl>#mapDaimonChave</styleUrl><Point><coordinates>-49.819031,-12.987753,0</coordinates></Point></Placemark>
<Placemark><name>0320397032</name><visibility>0</visibility><LookAt><longitude>-49.778351</longitude><latitude>-13.019132</latitude><altitude>1200.0</altitude><altitudeMode>absolute</altitudeMode></LookAt><styleUrl>#mapDaimonChave</styleUrl><Point><coordinates>-49.778351,-13.019132,0</coordinates></Point></Placemark>
<Placemark><name>8820398032</name><visibility>0</visibility><LookAt><longitude>-49.777161</longitude><latitude>-13.019203</latitude><altitude>1200.0</altitude><altitudeMode>absolute</altitudeMode></LookAt><styleUrl>#mapDaimonChave</styleUrl><Point><coordinates>-49.777161,-13.019203,0</coordinates></Point></Placemark>
<Placemark><name>0360764032</name><visibility>0</visibility><LookAt><longitude>-49.794313</longitude><latitude>-13.002593</latitude><altitude>1200.0</altitude><altitudeMode>absolute</altitudeMode></LookAt><styleUrl>#mapDaimonChave</styleUrl><Point><coordinates>-49.794313,-13.002593,0</coordinates></Point></Placemark>
<Placemark><name>0320405032</name><visibility>0</visibility><LookAt><longitude>-49.798010</longitude><latitude>-12.987957</latitude><altitude>1200.0</altitude><altitudeMode>absolute</altitudeMode></LookAt><styleUrl>#mapDaimonChave</styleUrl><Point><coordinates>-49.798010,-12.987957,0</coordinates></Point></Placemark>
<Placemark><name>0301060032</name><visibility>0</visibility><LookAt><longitude>-49.805468</longitude><latitude>-12.995174</latitude><altitude>1200.0</altitude><altitudeMode>absolute</altitudeMode></LookAt><styleUrl>#mapDaimonChave</styleUrl><Point><coordinates>-49.805468,-12.995174,0</coordinates></Point></Placemark>
<Placemark><name>0310715032</name><visibility>0</visibility><LookAt><longitude>-49.804396</longitude><latitude>-12.993765</latitude><altitude>1200.0</altitude><altitudeMode>absolute</altitudeMode></LookAt><styleUrl>#mapDaimonChave</styleUrl><Point><coordinates>-49.804396,-12.993765,0</coordinates></Point></Placemark>
<Placemark><name>0301038032</name><visibility>0</visibility><LookAt><longitude>-49.819161</longitude><latitude>-12.966605</latitude><altitude>1200.0</altitude><altitudeMode>absolute</altitudeMode></LookAt><styleUrl>#mapDaimonChave</styleUrl><Point><coordinates>-49.819161,-12.966605,0</coordinates></Point></Placemark>
<Placemark><name>0301039032</name><visibility>0</visibility><LookAt><longitude>-49.816309</longitude><latitude>-12.968597</latitude><altitude>1200.0</altitude><altitudeMode>absolute</altitudeMode></LookAt><styleUrl>#mapDaimonChave</styleUrl><Point><coordinates>-49.816309,-12.968597,0</coordinates></Point></Placemark>
<Placemark><name>0301040032</name><visibility>0</visibility><LookAt><longitude>-49.812204</longitude><latitude>-12.968965</latitude><altitude>1200.0</altitude><altitudeMode>absolute</altitudeMode></LookAt><styleUrl>#mapDaimonChave</styleUrl><Point><coordinates>-49.812204,-12.968965,0</coordinates></Point></Placemark>
<Placemark><name>0301041032</name><visibility>0</visibility><LookAt><longitude>-49.809626</longitude><latitude>-12.978826</latitude><altitude>1200.0</altitude><altitudeMode>absolute</altitudeMode></LookAt><styleUrl>#mapDaimonChave</styleUrl><Point><coordinates>-49.809626,-12.978826,0</coordinates></Point></Placemark>
<Placemark><name>0301044032</name><visibility>0</visibility><LookAt><longitude>-49.815684</longitude><latitude>-12.988639</latitude><altitude>1200.0</altitude><altitudeMode>absolute</altitudeMode></LookAt><styleUrl>#mapDaimonChave</styleUrl><Point><coordinates>-49.815684,-12.988639,0</coordinates></Point></Placemark>
<Placemark><name>0301036032</name><visibility>0</visibility><LookAt><longitude>-49.850524</longitude><latitude>-12.961008</latitude><altitude>1200.0</altitude><altitudeMode>absolute</altitudeMode></LookAt><styleUrl>#mapDaimonChave</styleUrl><Point><coordinates>-49.850524,-12.961008,0</coordinates></Point></Placemark>
<Placemark><name>0310240032</name><visibility>0</visibility><LookAt><longitude>-49.835374</longitude><latitude>-12.958786</latitude><altitude>1200.0</altitude><altitudeMode>absolute</altitudeMode></LookAt><styleUrl>#mapDaimonChave</styleUrl><Point><coordinates>-49.835374,-12.958786,0</coordinates></Point></Placemark>
<Placemark><name>0310244032</name><visibility>0</visibility><LookAt><longitude>-49.862360</longitude><latitude>-12.977329</latitude><altitude>1200.0</altitude><altitudeMode>absolute</altitudeMode></LookAt><styleUrl>#mapDaimonChave</styleUrl><Point><coordinates>-49.862360,-12.977329,0</coordinates></Point></Placemark>
<Placemark><name>0310773032</name><visibility>0</visibility><LookAt><longitude>-49.854816</longitude><latitude>-12.968865</latitude><altitude>1200.0</altitude><altitudeMode>absolute</altitudeMode></LookAt><styleUrl>#mapDaimonChave</styleUrl><Point><coordinates>-49.854816,-12.968865,0</coordinates></Point></Placemark>
<Placemark><name>0310243032</name><visibility>0</visibility><LookAt><longitude>-49.863203</longitude><latitude>-12.978057</latitude><altitude>1200.0</altitude><altitudeMode>absolute</altitudeMode></LookAt><styleUrl>#mapDaimonChave</styleUrl><Point><coordinates>-49.863203,-12.978057,0</coordinates></Point></Placemark>
<Placemark><name>0310241032</name><visibility>0</visibility><LookAt><longitude>-49.856175</longitude><latitude>-12.973761</latitude><altitude>1200.0</altitude><altitudeMode>absolute</altitudeMode></LookAt><styleUrl>#mapDaimonChave</styleUrl><Point><coordinates>-49.856175,-12.973761,0</coordinates></Point></Placemark>
<Placemark><name>0320053032</name><visibility>0</visibility><LookAt><longitude>-49.830879</longitude><latitude>-12.989358</latitude><altitude>1200.0</altitude><altitudeMode>absolute</altitudeMode></LookAt><styleUrl>#mapDaimonChave</styleUrl><Point><coordinates>-49.830879,-12.989358,0</coordinates></Point></Placemark>
<Placemark><name>3301200032</name><visibility>0</visibility><LookAt><longitude>-49.838884</longitude><latitude>-12.994740</latitude><altitude>1200.0</altitude><altitudeMode>absolute</altitudeMode></LookAt><styleUrl>#mapDaimonChave</styleUrl><Point><coordinates>-49.838884,-12.994740,0</coordinates></Point></Placemark>
<Placemark><name>0320005032</name><visibility>0</visibility><LookAt><longitude>-49.840913</longitude><latitude>-12.996578</latitude><altitude>1200.0</altitude><altitudeMode>absolute</altitudeMode></LookAt><styleUrl>#mapDaimonChave</styleUrl><Point><coordinates>-49.840913,-12.996578,0</coordinates></Point></Placemark>
<Placemark><name>0320395032</name><visibility>0</visibility><LookAt><longitude>-49.819616</longitude><latitude>-12.975891</latitude><altitude>1200.0</altitude><altitudeMode>absolute</altitudeMode></LookAt><styleUrl>#mapDaimonChave</styleUrl><Point><coordinates>-49.819616,-12.975891,0</coordinates></Point></Placemark>
<Placemark><name>0310710032</name><visibility>0</visibility><LookAt><longitude>-49.821383</longitude><latitude>-12.976494</latitude><altitude>1200.0</altitude><altitudeMode>absolute</altitudeMode></LookAt><styleUrl>#mapDaimonChave</styleUrl><Point><coordinates>-49.821383,-12.976494,0</coordinates></Point></Placemark>
<Placemark><name>0310234032</name><visibility>0</visibility><LookAt><longitude>-49.830635</longitude><latitude>-13.012064</latitude><altitude>1200.0</altitude><altitudeMode>absolute</altitudeMode></LookAt><styleUrl>#mapDaimonChave</styleUrl><Point><coordinates>-49.830635,-13.012064,0</coordinates></Point></Placemark>
<Placemark><name>0320008032</name><visibility>0</visibility><LookAt><longitude>-49.831135</longitude><latitude>-13.012861</latitude><altitude>1200.0</altitude><altitudeMode>absolute</altitudeMode></LookAt><styleUrl>#mapDaimonChave</styleUrl><Point><coordinates>-49.831135,-13.012861,0</coordinates></Point></Placemark>
<Placemark><name>0310714032</name><visibility>0</visibility><LookAt><longitude>-49.824692</longitude><latitude>-12.958673</latitude><altitude>1200.0</altitude><altitudeMode>absolute</altitudeMode></LookAt><styleUrl>#mapDaimonChave</styleUrl><Point><coordinates>-49.824692,-12.958673,0</coordinates></Point></Placemark>
<Placemark><name>0310716032</name><visibility>0</visibility><LookAt><longitude>-49.826379</longitude><latitude>-12.956596</latitude><altitude>1200.0</altitude><altitudeMode>absolute</altitudeMode></LookAt><styleUrl>#mapDaimonChave</styleUrl><Point><coordinates>-49.826379,-12.956596,0</coordinates></Point></Placemark>
<Placemark><name>0310685032</name><visibility>0</visibility><LookAt><longitude>-49.816398</longitude><latitude>-13.015600</latitude><altitude>1200.0</altitude><altitudeMode>absolute</altitudeMode></LookAt><styleUrl>#mapDaimonChave</styleUrl><Point><coordinates>-49.816398,-13.015600,0</coordinates></Point></Placemark>
<Placemark><name>0310686032</name><visibility>0</visibility><LookAt><longitude>-49.811748</longitude><latitude>-13.024318</latitude><altitude>1200.0</altitude><altitudeMode>absolute</altitudeMode></LookAt><styleUrl>#mapDaimonChave</styleUrl><Point><coordinates>-49.811748,-13.024318,0</coordinates></Point></Placemark>
<Placemark><name>0310680032</name><visibility>0</visibility><LookAt><longitude>-49.807666</longitude><latitude>-13.017496</latitude><altitude>1200.0</altitude><altitudeMode>absolute</altitudeMode></LookAt><styleUrl>#mapDaimonChave</styleUrl><Point><coordinates>-49.807666,-13.017496,0</coordinates></Point></Placemark>
<Placemark><name>0310528032</name><visibility>0</visibility><LookAt><longitude>-49.811767</longitude><latitude>-13.011916</latitude><altitude>1200.0</altitude><altitudeMode>absolute</altitudeMode></LookAt><styleUrl>#mapDaimonChave</styleUrl><Point><coordinates>-49.811767,-13.011916,0</coordinates></Point></Placemark>
<Placemark><name>0320056032</name><visibility>0</visibility><LookAt><longitude>-49.780093</longitude><latitude>-13.008918</latitude><altitude>1200.0</altitude><altitudeMode>absolute</altitudeMode></LookAt><styleUrl>#mapDaimonChave</styleUrl><Point><coordinates>-49.780093,-13.008918,0</coordinates></Point></Placemark>
<Placemark><name>3320273032</name><visibility>0</visibility><LookAt><longitude>-49.826158</longitude><latitude>-12.951234</latitude><altitude>1200.0</altitude><altitudeMode>absolute</altitudeMode></LookAt><styleUrl>#mapDaimonChave</styleUrl><Point><coordinates>-49.826158,-12.951234,0</coordinates></Point></Placemark>
<Placemark><name>0310237032</name><visibility>0</visibility><LookAt><longitude>-49.827804</longitude><latitude>-12.973938</latitude><altitude>1200.0</altitude><altitudeMode>absolute</altitudeMode></LookAt><styleUrl>#mapDaimonChave</styleUrl><Point><coordinates>-49.827804,-12.973938,0</coordinates></Point></Placemark>
<Placemark><name>0300863032</name><visibility>0</visibility><LookAt><longitude>-49.796947</longitude><latitude>-13.046583</latitude><altitude>1200.0</altitude><altitudeMode>absolute</altitudeMode></LookAt><styleUrl>#mapDaimonChave</styleUrl><Point><coordinates>-49.796947,-13.046583,0</coordinates></Point></Placemark>
<Placemark><name>0300862032</name><visibility>0</visibility><LookAt><longitude>-49.798214</longitude><latitude>-13.045230</latitude><altitude>1200.0</altitude><altitudeMode>absolute</altitudeMode></LookAt><styleUrl>#mapDaimonChave</styleUrl><Point><coordinates>-49.798214,-13.045230,0</coordinates></Point></Placemark>
<Placemark><name>0301103032</name><visibility>0</visibility><LookAt><longitude>-49.769508</longitude><latitude>-13.020954</latitude><altitude>1200.0</altitude><altitudeMode>absolute</altitudeMode></LookAt><styleUrl>#mapDaimonChave</styleUrl><Point><coordinates>-49.769508,-13.020954,0</coordinates></Point></Placemark>
<Placemark><name>0320057032</name><visibility>0</visibility><LookAt><longitude>-49.729484</longitude><latitude>-13.046312</latitude><altitude>1200.0</altitude><altitudeMode>absolute</altitudeMode></LookAt><styleUrl>#mapDaimonChave</styleUrl><Point><coordinates>-49.729484,-13.046312,0</coordinates></Point></Placemark>
<Placemark><name>0310452032</name><visibility>0</visibility><LookAt><longitude>-49.736411</longitude><latitude>-13.035949</latitude><altitude>1200.0</altitude><altitudeMode>absolute</altitudeMode></LookAt><styleUrl>#mapDaimonChave</styleUrl><Point><coordinates>-49.736411,-13.035949,0</coordinates></Point></Placemark>
<Placemark><name>8801456032</name><visibility>0</visibility><LookAt><longitude>-49.705242</longitude><latitude>-13.066698</latitude><altitude>1200.0</altitude><altitudeMode>absolute</altitudeMode></LookAt><styleUrl>#mapDaimonChave</styleUrl><Point><coordinates>-49.705242,-13.066698,0</coordinates></Point></Placemark>
<Placemark><name>79583327</name><visibility>0</visibility><LookAt><longitude>-49.719986</longitude><latitude>-13.058298</latitude><altitude>1200.0</altitude><altitudeMode>absolute</altitudeMode></LookAt><styleUrl>#mapDaimonChave</styleUrl><Point><coordinates>-49.719986,-13.058298,0</coordinates></Point></Placemark>
<Placemark><name>0320013032</name><visibility>0</visibility><LookAt><longitude>-49.755846</longitude><latitude>-13.024110</latitude><altitude>1200.0</altitude><altitudeMode>absolute</altitudeMode></LookAt><styleUrl>#mapDaimonChave</styleUrl><Point><coordinates>-49.755846,-13.024110,0</coordinates></Point></Placemark>
<Placemark><name>0301061032</name><visibility>0</visibility><LookAt><longitude>-49.715001</longitude><latitude>-13.060147</latitude><altitude>1200.0</altitude><altitudeMode>absolute</altitudeMode></LookAt><styleUrl>#mapDaimonChave</styleUrl><Point><coordinates>-49.715001,-13.060147,0</coordinates></Point></Placemark>
<Placemark><name>0320117032</name><visibility>0</visibility><LookAt><longitude>-49.745258</longitude><latitude>-13.026150</latitude><altitude>1200.0</altitude><altitudeMode>absolute</altitudeMode></LookAt><styleUrl>#mapDaimonChave</styleUrl><Point><coordinates>-49.745258,-13.026150,0</coordinates></Point></Placemark>
<Placemark><name>0311998032</name><visibility>0</visibility><LookAt><longitude>-49.737049</longitude><latitude>-13.035286</latitude><altitude>1200.0</altitude><altitudeMode>absolute</altitudeMode></LookAt><styleUrl>#mapDaimonChave</styleUrl><Point><coordinates>-49.737049,-13.035286,0</coordinates></Point></Placemark>
<Placemark><name>0320083032</name><visibility>0</visibility><LookAt><longitude>-49.731181</longitude><latitude>-13.043616</latitude><altitude>1200.0</altitude><altitudeMode>absolute</altitudeMode></LookAt><styleUrl>#mapDaimonChave</styleUrl><Point><coordinates>-49.731181,-13.043616,0</coordinates></Point></Placemark>
<Placemark><name>0310779032</name><visibility>0</visibility><LookAt><longitude>-49.772562</longitude><latitude>-13.019991</latitude><altitude>1200.0</altitude><altitudeMode>absolute</altitudeMode></LookAt><styleUrl>#mapDaimonChave</styleUrl><Point><coordinates>-49.772562,-13.019991,0</coordinates></Point></Placemark>
<Placemark><name>0320399032</name><visibility>0</visibility><LookAt><longitude>-49.712987</longitude><latitude>-13.062559</latitude><altitude>1200.0</altitude><altitudeMode>absolute</altitudeMode></LookAt><styleUrl>#mapDaimonChave</styleUrl><Point><coordinates>-49.712987,-13.062559,0</coordinates></Point></Placemark>
<Placemark><name>0310286032</name><visibility>0</visibility><LookAt><longitude>-49.865198</longitude><latitude>-12.976773</latitude><altitude>1200.0</altitude><altitudeMode>absolute</altitudeMode></LookAt><styleUrl>#mapDaimonChave</styleUrl><Point><coordinates>-49.865198,-12.976773,0</coordinates></Point></Placemark>
<Placemark><name>0310717032</name><visibility>0</visibility><LookAt><longitude>-49.864362</longitude><latitude>-12.977728</latitude><altitude>1200.0</altitude><altitudeMode>absolute</altitudeMode></LookAt><styleUrl>#mapDaimonChave</styleUrl><Point><coordinates>-49.864362,-12.977728,0</coordinates></Point></Placemark>
<Placemark><name>0310245032</name><visibility>0</visibility><LookAt><longitude>-49.865709</longitude><latitude>-12.976692</latitude><altitude>1200.0</altitude><altitudeMode>absolute</altitudeMode></LookAt><styleUrl>#mapDaimonChave</styleUrl><Point><coordinates>-49.865709,-12.976692,0</coordinates></Point></Placemark>
<Placemark><name>0310242032</name><visibility>0</visibility><LookAt><longitude>-49.853301</longitude><latitude>-12.975885</latitude><altitude>1200.0</altitude><altitudeMode>absolute</altitudeMode></LookAt><styleUrl>#mapDaimonChave</styleUrl><Point><coordinates>-49.853301,-12.975885,0</coordinates></Point></Placemark>
<Placemark><name>0320054032</name><visibility>0</visibility><LookAt><longitude>-49.831378</longitude><latitude>-12.987239</latitude><altitude>1200.0</altitude><altitudeMode>absolute</altitudeMode></LookAt><styleUrl>#mapDaimonChave</styleUrl><Point><coordinates>-49.831378,-12.987239,0</coordinates></Point></Placemark>
<Placemark><name>0301202032</name><visibility>0</visibility><LookAt><longitude>-49.847957</longitude><latitude>-12.995368</latitude><altitude>1200.0</altitude><altitudeMode>absolute</altitudeMode></LookAt><styleUrl>#mapDaimonChave</styleUrl><Point><coordinates>-49.847957,-12.995368,0</coordinates></Point></Placemark>
<Placemark><name>3301201032</name><visibility>0</visibility><LookAt><longitude>-49.849257</longitude><latitude>-12.995430</latitude><altitude>1200.0</altitude><altitudeMode>absolute</altitudeMode></LookAt><styleUrl>#mapDaimonChave</styleUrl><Point><coordinates>-49.849257,-12.995430,0</coordinates></Point></Placemark>
<Placemark><name>0310235032</name><visibility>0</visibility><LookAt><longitude>-49.851032</longitude><latitude>-13.052850</latitude><altitude>1200.0</altitude><altitudeMode>absolute</altitudeMode></LookAt><styleUrl>#mapDaimonChave</styleUrl><Point><coordinates>-49.851032,-13.052850,0</coordinates></Point></Placemark>
<Placemark><name>0345205032</name><visibility>0</visibility><LookAt><longitude>-49.825314</longitude><latitude>-12.950766</latitude><altitude>1200.0</altitude><altitudeMode>absolute</altitudeMode></LookAt><styleUrl>#mapDaimonChave</styleUrl><Point><coordinates>-49.825314,-12.950766,0</coordinates></Point></Placemark>
<Placemark><name>0300790032</name><visibility>0</visibility><LookAt><longitude>-49.797327</longitude><latitude>-13.047681</latitude><altitude>1200.0</altitude><altitudeMode>absolute</altitudeMode></LookAt><styleUrl>#mapDaimonChave</styleUrl><Point><coordinates>-49.797327,-13.047681,0</coordinates></Point></Placemark>
<Placemark><name>4201104032</name><visibility>0</visibility><LookAt><longitude>-49.771897</longitude><latitude>-13.024574</latitude><altitude>1200.0</altitude><altitudeMode>absolute</altitudeMode></LookAt><styleUrl>#mapDaimonChave</styleUrl><Point><coordinates>-49.771897,-13.024574,0</coordinates></Point></Placemark>
<Placemark><name>0310669032</name><visibility>0</visibility><LookAt><longitude>-49.747003</longitude><latitude>-13.061995</latitude><altitude>1200.0</altitude><altitudeMode>absolute</altitudeMode></LookAt><styleUrl>#mapDaimonChave</styleUrl><Point><coordinates>-49.747003,-13.061995,0</coordinates></Point></Placemark>
<Placemark><name>0310405032</name><visibility>0</visibility><LookAt><longitude>-49.734194</longitude><latitude>-13.050420</latitude><altitude>1200.0</altitude><altitudeMode>absolute</altitudeMode></LookAt><styleUrl>#mapDaimonChave</styleUrl><Point><coordinates>-49.734194,-13.050420,0</coordinates></Point></Placemark>
<Placemark><name>0310453032</name><visibility>0</visibility><LookAt><longitude>-49.729996</longitude><latitude>-13.030064</latitude><altitude>1200.0</altitude><altitudeMode>absolute</altitudeMode></LookAt><styleUrl>#mapDaimonChave</styleUrl><Point><coordinates>-49.729996,-13.030064,0</coordinates></Point></Placemark>
<Placemark><name>9001432032</name><visibility>0</visibility><LookAt><longitude>-49.704981</longitude><latitude>-13.066241</latitude><altitude>1200.0</altitude><altitudeMode>absolute</altitudeMode></LookAt><styleUrl>#mapDaimonChave</styleUrl><Point><coordinates>-49.704981,-13.066241,0</coordinates></Point></Placemark>
<Placemark><name>0320014032</name><visibility>0</visibility><LookAt><longitude>-49.732639</longitude><latitude>-13.080619</latitude><altitude>1200.0</altitude><altitudeMode>absolute</altitudeMode></LookAt><styleUrl>#mapDaimonChave</styleUrl><Point><coordinates>-49.732639,-13.080619,0</coordinates></Point></Placemark>
<Placemark><name>0301062032</name><visibility>0</visibility><LookAt><longitude>-49.708860</longitude><latitude>-13.047991</latitude><altitude>1200.0</altitude><altitudeMode>absolute</altitudeMode></LookAt><styleUrl>#mapDaimonChave</styleUrl><Point><coordinates>-49.708860,-13.047991,0</coordinates></Point></Placemark>
<Placemark><name>0320119032</name><visibility>0</visibility><LookAt><longitude>-49.739896</longitude><latitude>-13.018697</latitude><altitude>1200.0</altitude><altitudeMode>absolute</altitudeMode></LookAt><styleUrl>#mapDaimonChave</styleUrl><Point><coordinates>-49.739896,-13.018697,0</coordinates></Point></Placemark>
<Placemark><name>0310232032</name><visibility>0</visibility><LookAt><longitude>-49.739279</longitude><latitude>-13.003073</latitude><altitude>1200.0</altitude><altitudeMode>absolute</altitudeMode></LookAt><styleUrl>#mapDaimonChave</styleUrl><Point><coordinates>-49.739279,-13.003073,0</coordinates></Point></Placemark>
<Placemark><name>3323337032</name><visibility>0</visibility><LookAt><longitude>-49.739815</longitude><latitude>-13.018902</latitude><altitude>1200.0</altitude><altitudeMode>absolute</altitudeMode></LookAt><styleUrl>#mapDaimonChave</styleUrl><Point><coordinates>-49.739815,-13.018902,0</coordinates></Point></Placemark>
<Placemark><name>0320118032</name><visibility>0</visibility><LookAt><longitude>-49.740486</longitude><latitude>-13.021768</latitude><altitude>1200.0</altitude><altitudeMode>absolute</altitudeMode></LookAt><styleUrl>#mapDaimonChave</styleUrl><Point><coordinates>-49.740486,-13.021768,0</coordinates></Point></Placemark>
<Placemark><name>0310177032</name><visibility>0</visibility><LookAt><longitude>-49.738576</longitude><latitude>-13.002185</latitude><altitude>1200.0</altitude><altitudeMode>absolute</altitudeMode></LookAt><styleUrl>#mapDaimonChave</styleUrl><Point><coordinates>-49.738576,-13.002185,0</coordinates></Point></Placemark>
<Placemark><name>0301064032</name><visibility>0</visibility><LookAt><longitude>-49.684451</longitude><latitude>-12.984629</latitude><altitude>1200.0</altitude><altitudeMode>absolute</altitudeMode></LookAt><styleUrl>#mapDaimonChave</styleUrl><Point><coordinates>-49.684451,-12.984629,0</coordinates></Point></Placemark>
<Placemark><name>0320114032</name><visibility>0</visibility><LookAt><longitude>-49.704098</longitude><latitude>-13.008096</latitude><altitude>1200.0</altitude><altitudeMode>absolute</altitudeMode></LookAt><styleUrl>#mapDaimonChave</styleUrl><Point><coordinates>-49.704098,-13.008096,0</coordinates></Point></Placemark>
<Placemark><name>0320112032</name><visibility>0</visibility><LookAt><longitude>-49.720541</longitude><latitude>-13.034833</latitude><altitude>1200.0</altitude><altitudeMode>absolute</altitudeMode></LookAt><styleUrl>#mapDaimonChave</styleUrl><Point><coordinates>-49.720541,-13.034833,0</coordinates></Point></Placemark>
<Placemark><name>0320113032</name><visibility>0</visibility><LookAt><longitude>-49.709841</longitude><latitude>-13.024257</latitude><altitude>1200.0</altitude><altitudeMode>absolute</altitudeMode></LookAt><styleUrl>#mapDaimonChave</styleUrl><Point><coordinates>-49.709841,-13.024257,0</coordinates></Point></Placemark>
<Placemark><name>0343381032</name><visibility>0</visibility><LookAt><longitude>-49.709733</longitude><latitude>-13.023641</latitude><altitude>1200.0</altitude><altitudeMode>absolute</altitudeMode></LookAt><styleUrl>#mapDaimonChave</styleUrl><Point><coordinates>-49.709733,-13.023641,0</coordinates></Point></Placemark>
<Placemark><name>0320084032</name><visibility>0</visibility><LookAt><longitude>-49.691764</longitude><latitude>-12.995974</latitude><altitude>1200.0</altitude><altitudeMode>absolute</altitudeMode></LookAt><styleUrl>#mapDaimonChave</styleUrl><Point><coordinates>-49.691764,-12.995974,0</coordinates></Point></Placemark>
<Placemark><name>0310780032</name><visibility>0</visibility><LookAt><longitude>-49.771667</longitude><latitude>-13.017315</latitude><altitude>1200.0</altitude><altitudeMode>absolute</altitudeMode></LookAt><styleUrl>#mapDaimonChave</styleUrl><Point><coordinates>-49.771667,-13.017315,0</coordinates></Point></Placemark>
<Placemark><name>0310287032</name><visibility>0</visibility><LookAt><longitude>-49.871588</longitude><latitude>-12.971089</latitude><altitude>1200.0</altitude><altitudeMode>absolute</altitudeMode></LookAt><styleUrl>#mapDaimonChave</styleUrl><Point><coordinates>-49.871588,-12.971089,0</coordinates></Point></Placemark>
<Placemark><name>0301114032</name><visibility>0</visibility><LookAt><longitude>-49.866968</longitude><latitude>-12.966262</latitude><altitude>1200.0</altitude><altitudeMode>absolute</altitudeMode></LookAt><styleUrl>#mapDaimonChave</styleUrl><Point><coordinates>-49.866968,-12.966262,0</coordinates></Point></Placemark>
<Placemark><name>0301204032</name><visibility>0</visibility><LookAt><longitude>-49.849257</longitude><latitude>-13.003363</latitude><altitude>1200.0</altitude><altitudeMode>absolute</altitudeMode></LookAt><styleUrl>#mapDaimonChave</styleUrl><Point><coordinates>-49.849257,-13.003363,0</coordinates></Point></Placemark>
<Placemark><name>0201203032</name><visibility>0</visibility><LookAt><longitude>-49.846896</longitude><latitude>-12.997606</latitude><altitude>1200.0</altitude><altitudeMode>absolute</altitudeMode></LookAt><styleUrl>#mapDaimonChave</styleUrl><Point><coordinates>-49.846896,-12.997606,0</coordinates></Point></Placemark>
<Placemark><name>0310246032</name><visibility>0</visibility><LookAt><longitude>-49.882388</longitude><latitude>-12.994261</latitude><altitude>1200.0</altitude><altitudeMode>absolute</altitudeMode></LookAt><styleUrl>#mapDaimonChave</styleUrl><Point><coordinates>-49.882388,-12.994261,0</coordinates></Point></Placemark>
<Placemark><name>0300826032</name><visibility>0</visibility><LookAt><longitude>-49.910194</longitude><latitude>-13.005021</latitude><altitude>1200.0</altitude><altitudeMode>absolute</altitudeMode></LookAt><styleUrl>#mapDaimonChave</styleUrl><Point><coordinates>-49.910194,-13.005021,0</coordinates></Point></Placemark>
<Placemark><name>0300825032</name><visibility>0</visibility><LookAt><longitude>-49.874635</longitude><latitude>-12.991428</latitude><altitude>1200.0</altitude><altitudeMode>absolute</altitudeMode></LookAt><styleUrl>#mapDaimonChave</styleUrl><Point><coordinates>-49.874635,-12.991428,0</coordinates></Point></Placemark>
<Placemark><name>0310280032</name><visibility>0</visibility><LookAt><longitude>-49.895178</longitude><latitude>-13.008210</latitude><altitude>1200.0</altitude><altitudeMode>absolute</altitudeMode></LookAt><styleUrl>#mapDaimonChave</styleUrl><Point><coordinates>-49.895178,-13.008210,0</coordinates></Point></Placemark>
<Placemark><name>0301226032</name><visibility>0</visibility><LookAt><longitude>-49.850733</longitude><latitude>-12.990441</latitude><altitude>1200.0</altitude><altitudeMode>absolute</altitudeMode></LookAt><styleUrl>#mapDaimonChave</styleUrl><Point><coordinates>-49.850733,-12.990441,0</coordinates></Point></Placemark>
<Placemark><name>0300848032</name><visibility>0</visibility><LookAt><longitude>-49.910473</longitude><latitude>-13.004796</latitude><altitude>1200.0</altitude><altitudeMode>absolute</altitudeMode></LookAt><styleUrl>#mapDaimonChave</styleUrl><Point><coordinates>-49.910473,-13.004796,0</coordinates></Point></Placemark>
<Placemark><name>0300791032</name><visibility>0</visibility><LookAt><longitude>-49.804964</longitude><latitude>-13.049212</latitude><altitude>1200.0</altitude><altitudeMode>absolute</altitudeMode></LookAt><styleUrl>#mapDaimonChave</styleUrl><Point><coordinates>-49.804964,-13.049212,0</coordinates></Point></Placemark>
<Placemark><name>7937101032</name><visibility>0</visibility><LookAt><longitude>-49.704982</longitude><latitude>-13.066215</latitude><altitude>1200.0</altitude><altitudeMode>absolute</altitudeMode></LookAt><styleUrl>#mapDaimonChave</styleUrl><Point><coordinates>-49.704982,-13.066215,0</coordinates></Point></Placemark>
<Placemark><name>0310233032</name><visibility>0</visibility><LookAt><longitude>-49.760928</longitude><latitude>-12.986181</latitude><altitude>1200.0</altitude><altitudeMode>absolute</altitudeMode></LookAt><styleUrl>#mapDaimonChave</styleUrl><Point><coordinates>-49.760928,-12.986181,0</coordinates></Point></Placemark>
<Placemark><name>0338933032</name><visibility>0</visibility><LookAt><longitude>-49.730854</longitude><latitude>-13.013750</latitude><altitude>1200.0</altitude><altitudeMode>absolute</altitudeMode></LookAt><styleUrl>#mapDaimonChave</styleUrl><Point><coordinates>-49.730854,-13.013750,0</coordinates></Point></Placemark>
<Placemark><name>0310247032</name><visibility>0</visibility><LookAt><longitude>-49.886211</longitude><latitude>-12.983831</latitude><altitude>1200.0</altitude><altitudeMode>absolute</altitudeMode></LookAt><styleUrl>#mapDaimonChave</styleUrl><Point><coordinates>-49.886211,-12.983831,0</coordinates></Point></Placemark>
<Placemark><name>0300847032</name><visibility>0</visibility><LookAt><longitude>-49.925301</longitude><latitude>-12.995093</latitude><altitude>1200.0</altitude><altitudeMode>absolute</altitudeMode></LookAt><styleUrl>#mapDaimonChave</styleUrl><Point><coordinates>-49.925301,-12.995093,0</coordinates></Point></Placemark>
<Placemark><name>9037101032</name><visibility>0</visibility><LookAt><longitude>-49.704971</longitude><latitude>-13.066197</latitude><altitude>1200.0</altitude><altitudeMode>absolute</altitudeMode></LookAt><styleUrl>#mapDaimonChave</styleUrl><Point><coordinates>-49.704971,-13.066197,0</coordinates></Point></Placemark>
<Placemark><name>0320368032</name><visibility>0</visibility><LookAt><longitude>-49.689015</longitude><latitude>-13.043946</latitude><altitude>1200.0</altitude><altitudeMode>absolute</altitudeMode></LookAt><styleUrl>#mapDaimonChave</styleUrl><Point><coordinates>-49.689015,-13.043946,0</coordinates></Point></Placemark>
<Placemark><name>3301510032</name><visibility>0</visibility><LookAt><longitude>-49.695572</longitude><latitude>-13.053736</latitude><altitude>1200.0</altitude><altitudeMode>absolute</altitudeMode></LookAt><styleUrl>#mapDaimonChave</styleUrl><Point><coordinates>-49.695572,-13.053736,0</coordinates></Point></Placemark>
<Placemark><name>0352049032</name><visibility>0</visibility><LookAt><longitude>-49.702675</longitude><latitude>-13.062424</latitude><altitude>1200.0</altitude><altitudeMode>absolute</altitudeMode></LookAt><styleUrl>#mapDaimonChave</styleUrl><Point><coordinates>-49.702675,-13.062424,0</coordinates></Point></Placemark>
<Placemark><name>8801079032</name><visibility>0</visibility><LookAt><longitude>-49.688438</longitude><latitude>-13.043068</latitude><altitude>1200.0</altitude><altitudeMode>absolute</altitudeMode></LookAt><styleUrl>#mapDaimonChave</styleUrl><Point><coordinates>-49.688438,-13.043068,0</coordinates></Point></Placemark>
<Placemark><name>0310088032</name><visibility>0</visibility><LookAt><longitude>-49.659462</longitude><latitude>-13.016033</latitude><altitude>1200.0</altitude><altitudeMode>absolute</altitudeMode></LookAt><styleUrl>#mapDaimonChave</styleUrl><Point><coordinates>-49.659462,-13.016033,0</coordinates></Point></Placemark>
<Placemark><name>3301356032</name><visibility>0</visibility><LookAt><longitude>-49.673084</longitude><latitude>-13.035198</latitude><altitude>1200.0</altitude><altitudeMode>absolute</altitudeMode></LookAt><styleUrl>#mapDaimonChave</styleUrl><Point><coordinates>-49.673084,-13.035198,0</coordinates></Point></Placemark>
<Placemark><name>0310086032</name><visibility>0</visibility><LookAt><longitude>-49.674729</longitude><latitude>-13.037398</latitude><altitude>1200.0</altitude><altitudeMode>absolute</altitudeMode></LookAt><styleUrl>#mapDaimonChave</styleUrl><Point><coordinates>-49.674729,-13.037398,0</coordinates></Point></Placemark>
<Placemark><name>8801258032</name><visibility>0</visibility><LookAt><longitude>-49.659161</longitude><latitude>-13.018159</latitude><altitude>1200.0</altitude><altitudeMode>absolute</altitudeMode></LookAt><styleUrl>#mapDaimonChave</styleUrl><Point><coordinates>-49.659161,-13.018159,0</coordinates></Point></Placemark>
<Placemark><name>0301082032</name><visibility>0</visibility><LookAt><longitude>-49.572203</longitude><latitude>-13.057663</latitude><altitude>1200.0</altitude><altitudeMode>absolute</altitudeMode></LookAt><styleUrl>#mapDaimonChave</styleUrl><Point><coordinates>-49.572203,-13.057663,0</coordinates></Point></Placemark>
<Placemark><name>0310507032</name><visibility>0</visibility><LookAt><longitude>-49.577351</longitude><latitude>-13.061012</latitude><altitude>1200.0</altitude><altitudeMode>absolute</altitudeMode></LookAt><styleUrl>#mapDaimonChave</styleUrl><Point><coordinates>-49.577351,-13.061012,0</coordinates></Point></Placemark>
<Placemark><name>0310181032</name><visibility>0</visibility><LookAt><longitude>-49.620277</longitude><latitude>-13.052457</latitude><altitude>1200.0</altitude><altitudeMode>absolute</altitudeMode></LookAt><styleUrl>#mapDaimonChave</styleUrl><Point><coordinates>-49.620277,-13.052457,0</coordinates></Point></Placemark>
<Placemark><name>0301080032</name><visibility>0</visibility><LookAt><longitude>-49.652997</longitude><latitude>-13.049405</latitude><altitude>1200.0</altitude><altitudeMode>absolute</altitudeMode></LookAt><styleUrl>#mapDaimonChave</styleUrl><Point><coordinates>-49.652997,-13.049405,0</coordinates></Point></Placemark>
<Placemark><name>0310509032</name><visibility>0</visibility><LookAt><longitude>-49.551442</longitude><latitude>-13.059789</latitude><altitude>1200.0</altitude><altitudeMode>absolute</altitudeMode></LookAt><styleUrl>#mapDaimonChave</styleUrl><Point><coordinates>-49.551442,-13.059789,0</coordinates></Point></Placemark>
<Placemark><name>0310506032</name><visibility>0</visibility><LookAt><longitude>-49.610454</longitude><latitude>-13.099450</latitude><altitude>1200.0</altitude><altitudeMode>absolute</altitudeMode></LookAt><styleUrl>#mapDaimonChave</styleUrl><Point><coordinates>-49.610454,-13.099450,0</coordinates></Point></Placemark>
<Placemark><name>0301081032</name><visibility>0</visibility><LookAt><longitude>-49.618067</longitude><latitude>-13.039864</latitude><altitude>1200.0</altitude><altitudeMode>absolute</altitudeMode></LookAt><styleUrl>#mapDaimonChave</styleUrl><Point><coordinates>-49.618067,-13.039864,0</coordinates></Point></Placemark>
<Placemark><name>0310501032</name><visibility>0</visibility><LookAt><longitude>-49.600416</longitude><latitude>-13.059886</latitude><altitude>1200.0</altitude><altitudeMode>absolute</altitudeMode></LookAt><styleUrl>#mapDaimonChave</styleUrl><Point><coordinates>-49.600416,-13.059886,0</coordinates></Point></Placemark>
<Placemark><name>0338673032</name><visibility>0</visibility><LookAt><longitude>-49.599586</longitude><latitude>-13.084924</latitude><altitude>1200.0</altitude><altitudeMode>absolute</altitudeMode></LookAt><styleUrl>#mapDaimonChave</styleUrl><Point><coordinates>-49.599586,-13.084924,0</coordinates></Point></Placemark>
<Placemark><name>0310180032</name><visibility>0</visibility><LookAt><longitude>-49.650499</longitude><latitude>-13.051298</latitude><altitude>1200.0</altitude><altitudeMode>absolute</altitudeMode></LookAt><styleUrl>#mapDaimonChave</styleUrl><Point><coordinates>-49.650499,-13.051298,0</coordinates></Point></Placemark>
<Placemark><name>0310503032</name><visibility>0</visibility><LookAt><longitude>-49.597762</longitude><latitude>-13.076042</latitude><altitude>1200.0</altitude><altitudeMode>absolute</altitudeMode></LookAt><styleUrl>#mapDaimonChave</styleUrl><Point><coordinates>-49.597762,-13.076042,0</coordinates></Point></Placemark>
<Placemark><name>0310505032</name><visibility>0</visibility><LookAt><longitude>-49.600099</longitude><latitude>-13.090648</latitude><altitude>1200.0</altitude><altitudeMode>absolute</altitudeMode></LookAt><styleUrl>#mapDaimonChave</styleUrl><Point><coordinates>-49.600099,-13.090648,0</coordinates></Point></Placemark>
<Placemark><name>0310504032</name><visibility>0</visibility><LookAt><longitude>-49.594046</longitude><latitude>-13.078906</latitude><altitude>1200.0</altitude><altitudeMode>absolute</altitudeMode></LookAt><styleUrl>#mapDaimonChave</styleUrl><Point><coordinates>-49.594046,-13.078906,0</coordinates></Point></Placemark>
<Placemark><name>0310502032</name><visibility>0</visibility><LookAt><longitude>-49.592354</longitude><latitude>-13.076013</latitude><altitude>1200.0</altitude><altitudeMode>absolute</altitudeMode></LookAt><styleUrl>#mapDaimonChave</styleUrl><Point><coordinates>-49.592354,-13.076013,0</coordinates></Point></Placemark>
<Placemark><name>8801259032</name><visibility>0</visibility><LookAt><longitude>-49.620336</longitude><latitude>-12.995708</latitude><altitude>1200.0</altitude><altitudeMode>absolute</altitudeMode></LookAt><styleUrl>#mapDaimonChave</styleUrl><Point><coordinates>-49.620336,-12.995708,0</coordinates></Point></Placemark>
<Placemark><name>0338683032</name><visibility>0</visibility><LookAt><longitude>-49.598884</longitude><latitude>-13.085466</latitude><altitude>1200.0</altitude><altitudeMode>absolute</altitudeMode></LookAt><styleUrl>#mapDaimonChave</styleUrl><Point><coordinates>-49.598884,-13.085466,0</coordinates></Point></Placemark>
<Placemark><name>0338681032</name><visibility>0</visibility><LookAt><longitude>-49.584295</longitude><latitude>-13.107651</latitude><altitude>1200.0</altitude><altitudeMode>absolute</altitudeMode></LookAt><styleUrl>#mapDaimonChave</styleUrl><Point><coordinates>-49.584295,-13.107651,0</coordinates></Point></Placemark>
<Placemark><name>8800005118</name><visibility>0</visibility><LookAt><longitude>-49.592981</longitude><latitude>-12.985701</latitude><altitude>1200.0</altitude><altitudeMode>absolute</altitudeMode></LookAt><styleUrl>#mapDaimonChave</styleUrl><Point><coordinates>-49.592981,-12.985701,0</coordinates></Point></Placemark>
<Placemark><name>8037101032</name><visibility>0</visibility><LookAt><longitude>-49.704937</longitude><latitude>-13.066226</latitude><altitude>1200.0</altitude><altitudeMode>absolute</altitudeMode></LookAt><styleUrl>#mapDaimonChaveNA</styleUrl><Point><coordinates>-49.704937,-13.066226,0</coordinates></Point></Placemark>
</Folder>
<Folder>
<name>EP</name>
<visibility>0</visibility>
<Placemark><name>5701203032</name><visibility>0</visibility><LookAt><longitude>-49.841014</longitude><latitude>-12.996743</latitude><altitude>1200.0</altitude><altitudeMode>absolute</altitudeMode></LookAt><styleUrl>#mapDaimonEP</styleUrl><Point><coordinates>-49.841014,-12.996743,0</coordinates></Point></Placemark>
<Placemark><name>5645206032</name><visibility>0</visibility><LookAt><longitude>-49.824538</longitude><latitude>-12.950336</latitude><altitude>1200.0</altitude><altitudeMode>absolute</altitudeMode></LookAt><styleUrl>#mapDaimonEP</styleUrl><Point><coordinates>-49.824538,-12.950336,0</coordinates></Point></Placemark>
</Folder>
<Folder>
<name>ET</name>
<visibility>0</visibility>
<Placemark><name>5710009032</name><visibility>0</visibility><LookAt><longitude>-49.801588</longitude><latitude>-12.997598</latitude><altitude>1200.0</altitude><altitudeMode>absolute</altitudeMode></LookAt><styleUrl>#mapDaimonET</styleUrl><Point><coordinates>-49.801588,-12.997598,0</coordinates></Point></Placemark>
<Placemark><name>5710278032</name><visibility>0</visibility><LookAt><longitude>-49.779336</longitude><latitude>-13.019310</latitude><altitude>1200.0</altitude><altitudeMode>absolute</altitudeMode></LookAt><styleUrl>#mapDaimonET</styleUrl><Point><coordinates>-49.779336,-13.019310,0</coordinates></Point></Placemark>
<Placemark><name>5709626032</name><visibility>0</visibility><LookAt><longitude>-49.808840</longitude><latitude>-12.967451</latitude><altitude>1200.0</altitude><altitudeMode>absolute</altitudeMode></LookAt><styleUrl>#mapDaimonET</styleUrl><Point><coordinates>-49.808840,-12.967451,0</coordinates></Point></Placemark>
<Placemark><name>5710239032</name><visibility>0</visibility><LookAt><longitude>-49.836540</longitude><latitude>-12.954861</latitude><altitude>1200.0</altitude><altitudeMode>absolute</altitudeMode></LookAt><styleUrl>#mapDaimonET</styleUrl><Point><coordinates>-49.836540,-12.954861,0</coordinates></Point></Placemark>
<Placemark><name>5726490032</name><visibility>0</visibility><LookAt><longitude>-49.838166</longitude><latitude>-12.953354</latitude><altitude>1200.0</altitude><altitudeMode>absolute</altitudeMode></LookAt><styleUrl>#mapDaimonET</styleUrl><Point><coordinates>-49.838166,-12.953354,0</coordinates></Point></Placemark>
<Placemark><name>5710007032</name><visibility>0</visibility><LookAt><longitude>-49.813901</longitude><latitude>-12.994123</latitude><altitude>1200.0</altitude><altitudeMode>absolute</altitudeMode></LookAt><styleUrl>#mapDaimonET</styleUrl><Point><coordinates>-49.813901,-12.994123,0</coordinates></Point></Placemark>
<Placemark><name>5361455032</name><visibility>0</visibility><LookAt><longitude>-49.773211</longitude><latitude>-12.989994</latitude><altitude>1200.0</altitude><altitudeMode>absolute</altitudeMode></LookAt><styleUrl>#mapDaimonET</styleUrl><Point><coordinates>-49.773211,-12.989994,0</coordinates></Point></Placemark>
<Placemark><name>5701043032</name><visibility>0</visibility><LookAt><longitude>-49.817670</longitude><latitude>-12.986178</latitude><altitude>1200.0</altitude><altitudeMode>absolute</altitudeMode></LookAt><styleUrl>#mapDaimonET</styleUrl><Point><coordinates>-49.817670,-12.986178,0</coordinates></Point></Placemark>
<Placemark><name>5710396032</name><visibility>0</visibility><LookAt><longitude>-49.781230</longitude><latitude>-13.018387</latitude><altitude>1200.0</altitude><altitudeMode>absolute</altitudeMode></LookAt><styleUrl>#mapDaimonET</styleUrl><Point><coordinates>-49.781230,-13.018387,0</coordinates></Point></Placemark>
<Placemark><name>5701514032</name><visibility>0</visibility><LookAt><longitude>-49.820960</longitude><latitude>-12.960071</latitude><altitude>1200.0</altitude><altitudeMode>absolute</altitudeMode></LookAt><styleUrl>#mapDaimonET</styleUrl><Point><coordinates>-49.820960,-12.960071,0</coordinates></Point></Placemark>
<Placemark><name>5701508032</name><visibility>0</visibility><LookAt><longitude>-49.803735</longitude><latitude>-13.019205</latitude><altitude>1200.0</altitude><altitudeMode>absolute</altitudeMode></LookAt><styleUrl>#mapDaimonET</styleUrl><Point><coordinates>-49.803735,-13.019205,0</coordinates></Point></Placemark>
<Placemark><name>5710004032</name><visibility>0</visibility><LookAt><longitude>-49.824585</longitude><latitude>-12.955094</latitude><altitude>1200.0</altitude><altitudeMode>absolute</altitudeMode></LookAt><styleUrl>#mapDaimonET</styleUrl><Point><coordinates>-49.824585,-12.955094,0</coordinates></Point></Placemark>
<Placemark><name>5720002032</name><visibility>0</visibility><LookAt><longitude>-49.830608</longitude><latitude>-12.954917</latitude><altitude>1200.0</altitude><altitudeMode>absolute</altitudeMode></LookAt><styleUrl>#mapDaimonET</styleUrl><Point><coordinates>-49.830608,-12.954917,0</coordinates></Point></Placemark>
<Placemark><name>5710006032</name><visibility>0</visibility><LookAt><longitude>-49.819211</longitude><latitude>-12.988007</latitude><altitude>1200.0</altitude><altitudeMode>absolute</altitudeMode></LookAt><styleUrl>#mapDaimonET</styleUrl><Point><coordinates>-49.819211,-12.988007,0</coordinates></Point></Placemark>
<Placemark><name>5610010032</name><visibility>0</visibility><LookAt><longitude>-49.797840</longitude><latitude>-13.044490</latitude><altitude>1200.0</altitude><altitudeMode>absolute</altitudeMode></LookAt><styleUrl>#mapDaimonET</styleUrl><Point><coordinates>-49.797840,-13.044490,0</coordinates></Point></Placemark>
<Placemark><name>5760779032</name><visibility>0</visibility><LookAt><longitude>-49.795082</longitude><latitude>-13.003136</latitude><altitude>1200.0</altitude><altitudeMode>absolute</altitudeMode></LookAt><styleUrl>#mapDaimonET</styleUrl><Point><coordinates>-49.795082,-13.003136,0</coordinates></Point></Placemark>
<Placemark><name>5710405032</name><visibility>0</visibility><LookAt><longitude>-49.797150</longitude><latitude>-12.987384</latitude><altitude>1200.0</altitude><altitudeMode>absolute</altitudeMode></LookAt><styleUrl>#mapDaimonET</styleUrl><Point><coordinates>-49.797150,-12.987384,0</coordinates></Point></Placemark>
<Placemark><name>5710715032</name><visibility>0</visibility><LookAt><longitude>-49.804552</longitude><latitude>-12.993414</latitude><altitude>1200.0</altitude><altitudeMode>absolute</altitudeMode></LookAt><styleUrl>#mapDaimonET</styleUrl><Point><coordinates>-49.804552,-12.993414,0</coordinates></Point></Placemark>
<Placemark><name>5710394032</name><visibility>0</visibility><LookAt><longitude>-49.818986</longitude><latitude>-12.966057</latitude><altitude>1200.0</altitude><altitudeMode>absolute</altitudeMode></LookAt><styleUrl>#mapDaimonET</styleUrl><Point><coordinates>-49.818986,-12.966057,0</coordinates></Point></Placemark>
<Placemark><name>5701039032</name><visibility>0</visibility><LookAt><longitude>-49.816159</longitude><latitude>-12.968325</latitude><altitude>1200.0</altitude><altitudeMode>absolute</altitudeMode></LookAt><styleUrl>#mapDaimonET</styleUrl><Point><coordinates>-49.816159,-12.968325,0</coordinates></Point></Placemark>
<Placemark><name>5701040032</name><visibility>0</visibility><LookAt><longitude>-49.811592</longitude><latitude>-12.968834</latitude><altitude>1200.0</altitude><altitudeMode>absolute</altitudeMode></LookAt><styleUrl>#mapDaimonET</styleUrl><Point><coordinates>-49.811592,-12.968834,0</coordinates></Point></Placemark>
<Placemark><name>5701041032</name><visibility>0</visibility><LookAt><longitude>-49.809139</longitude><latitude>-12.979896</latitude><altitude>1200.0</altitude><altitudeMode>absolute</altitudeMode></LookAt><styleUrl>#mapDaimonET</styleUrl><Point><coordinates>-49.809139,-12.979896,0</coordinates></Point></Placemark>
<Placemark><name>5710178032</name><visibility>0</visibility><LookAt><longitude>-49.815491</longitude><latitude>-12.988013</latitude><altitude>1200.0</altitude><altitudeMode>absolute</altitudeMode></LookAt><styleUrl>#mapDaimonET</styleUrl><Point><coordinates>-49.815491,-12.988013,0</coordinates></Point></Placemark>
<Placemark><name>5701036032</name><visibility>0</visibility><LookAt><longitude>-49.850403</longitude><latitude>-12.959825</latitude><altitude>1200.0</altitude><altitudeMode>absolute</altitudeMode></LookAt><styleUrl>#mapDaimonET</styleUrl><Point><coordinates>-49.850403,-12.959825,0</coordinates></Point></Placemark>
<Placemark><name>5710240032</name><visibility>0</visibility><LookAt><longitude>-49.835058</longitude><latitude>-12.958713</latitude><altitude>1200.0</altitude><altitudeMode>absolute</altitudeMode></LookAt><styleUrl>#mapDaimonET</styleUrl><Point><coordinates>-49.835058,-12.958713,0</coordinates></Point></Placemark>
<Placemark><name>5710773032</name><visibility>0</visibility><LookAt><longitude>-49.856261</longitude><latitude>-12.968510</latitude><altitude>1200.0</altitude><altitudeMode>absolute</altitudeMode></LookAt><styleUrl>#mapDaimonET</styleUrl><Point><coordinates>-49.856261,-12.968510,0</coordinates></Point></Placemark>
<Placemark><name>5710243032</name><visibility>0</visibility><LookAt><longitude>-49.863509</longitude><latitude>-12.978199</latitude><altitude>1200.0</altitude><altitudeMode>absolute</altitudeMode></LookAt><styleUrl>#mapDaimonET</styleUrl><Point><coordinates>-49.863509,-12.978199,0</coordinates></Point></Placemark>
<Placemark><name>5710395032</name><visibility>0</visibility><LookAt><longitude>-49.819136</longitude><latitude>-12.975719</latitude><altitude>1200.0</altitude><altitudeMode>absolute</altitudeMode></LookAt><styleUrl>#mapDaimonET</styleUrl><Point><coordinates>-49.819136,-12.975719,0</coordinates></Point></Placemark>
<Placemark><name>5710710032</name><visibility>0</visibility><LookAt><longitude>-49.821494</longitude><latitude>-12.975373</latitude><altitude>1200.0</altitude><altitudeMode>absolute</altitudeMode></LookAt><styleUrl>#mapDaimonET</styleUrl><Point><coordinates>-49.821494,-12.975373,0</coordinates></Point></Placemark>
<Placemark><name>5710008032</name><visibility>0</visibility><LookAt><longitude>-49.831125</longitude><latitude>-13.013363</latitude><altitude>1200.0</altitude><altitudeMode>absolute</altitudeMode></LookAt><styleUrl>#mapDaimonET</styleUrl><Point><coordinates>-49.831125,-13.013363,0</coordinates></Point></Placemark>
<Placemark><name>5710714032</name><visibility>0</visibility><LookAt><longitude>-49.824061</longitude><latitude>-12.959520</latitude><altitude>1200.0</altitude><altitudeMode>absolute</altitudeMode></LookAt><styleUrl>#mapDaimonET</styleUrl><Point><coordinates>-49.824061,-12.959520,0</coordinates></Point></Placemark>
<Placemark><name>5710716032</name><visibility>0</visibility><LookAt><longitude>-49.825490</longitude><latitude>-12.956634</latitude><altitude>1200.0</altitude><altitudeMode>absolute</altitudeMode></LookAt><styleUrl>#mapDaimonET</styleUrl><Point><coordinates>-49.825490,-12.956634,0</coordinates></Point></Placemark>
<Placemark><name>5710685032</name><visibility>0</visibility><LookAt><longitude>-49.817226</longitude><latitude>-13.015799</latitude><altitude>1200.0</altitude><altitudeMode>absolute</altitudeMode></LookAt><styleUrl>#mapDaimonET</styleUrl><Point><coordinates>-49.817226,-13.015799,0</coordinates></Point></Placemark>
<Placemark><name>5710686032</name><visibility>0</visibility><LookAt><longitude>-49.811895</longitude><latitude>-13.025168</latitude><altitude>1200.0</altitude><altitudeMode>absolute</altitudeMode></LookAt><styleUrl>#mapDaimonET</styleUrl><Point><coordinates>-49.811895,-13.025168,0</coordinates></Point></Placemark>
<Placemark><name>5710680032</name><visibility>0</visibility><LookAt><longitude>-49.807367</longitude><latitude>-13.018183</latitude><altitude>1200.0</altitude><altitudeMode>absolute</altitudeMode></LookAt><styleUrl>#mapDaimonET</styleUrl><Point><coordinates>-49.807367,-13.018183,0</coordinates></Point></Placemark>
<Placemark><name>5710528032</name><visibility>0</visibility><LookAt><longitude>-49.811955</longitude><latitude>-13.013236</latitude><altitude>1200.0</altitude><altitudeMode>absolute</altitudeMode></LookAt><styleUrl>#mapDaimonET</styleUrl><Point><coordinates>-49.811955,-13.013236,0</coordinates></Point></Placemark>
<Placemark><name>5710056032</name><visibility>0</visibility><LookAt><longitude>-49.779174</longitude><latitude>-13.008427</latitude><altitude>1200.0</altitude><altitudeMode>absolute</altitudeMode></LookAt><styleUrl>#mapDaimonET</styleUrl><Point><coordinates>-49.779174,-13.008427,0</coordinates></Point></Placemark>
<Placemark><name>5710237032</name><visibility>0</visibility><LookAt><longitude>-49.828601</longitude><latitude>-12.974704</latitude><altitude>1200.0</altitude><altitudeMode>absolute</altitudeMode></LookAt><styleUrl>#mapDaimonET</styleUrl><Point><coordinates>-49.828601,-12.974704,0</coordinates></Point></Placemark>
<Placemark><name>5710012032</name><visibility>0</visibility><LookAt><longitude>-49.798374</longitude><latitude>-13.051101</latitude><altitude>1200.0</altitude><altitudeMode>absolute</altitudeMode></LookAt><styleUrl>#mapDaimonET</styleUrl><Point><coordinates>-49.798374,-13.051101,0</coordinates></Point></Placemark>
<Placemark><name>5700011032</name><visibility>0</visibility><LookAt><longitude>-49.798714</longitude><latitude>-13.045272</latitude><altitude>1200.0</altitude><altitudeMode>absolute</altitudeMode></LookAt><styleUrl>#mapDaimonET</styleUrl><Point><coordinates>-49.798714,-13.045272,0</coordinates></Point></Placemark>
<Placemark><name>5137101032</name><visibility>0</visibility><LookAt><longitude>-49.704981</longitude><latitude>-13.066242</latitude><altitude>1200.0</altitude><altitudeMode>absolute</altitudeMode></LookAt><styleUrl>#mapDaimonET</styleUrl><Point><coordinates>-49.704981,-13.066242,0</coordinates></Point></Placemark>
<Placemark><name>5710013032</name><visibility>0</visibility><LookAt><longitude>-49.756038</longitude><latitude>-13.024605</latitude><altitude>1200.0</altitude><altitudeMode>absolute</altitudeMode></LookAt><styleUrl>#mapDaimonET</styleUrl><Point><coordinates>-49.756038,-13.024605,0</coordinates></Point></Placemark>
<Placemark><name>5711999032</name><visibility>0</visibility><LookAt><longitude>-49.745440</longitude><latitude>-13.039382</latitude><altitude>1200.0</altitude><altitudeMode>absolute</altitudeMode></LookAt><styleUrl>#mapDaimonET</styleUrl><Point><coordinates>-49.745440,-13.039382,0</coordinates></Point></Placemark>
<Placemark><name>5714395032</name><visibility>0</visibility><LookAt><longitude>-49.705046</longitude><latitude>-13.018811</latitude><altitude>1200.0</altitude><altitudeMode>absolute</altitudeMode></LookAt><styleUrl>#mapDaimonET</styleUrl><Point><coordinates>-49.705046,-13.018811,0</coordinates></Point></Placemark>
<Placemark><name>5710400032</name><visibility>0</visibility><LookAt><longitude>-49.715234</longitude><latitude>-13.066201</latitude><altitude>1200.0</altitude><altitudeMode>absolute</altitudeMode></LookAt><styleUrl>#mapDaimonET</styleUrl><Point><coordinates>-49.715234,-13.066201,0</coordinates></Point></Placemark>
<Placemark><name>5710717032</name><visibility>0</visibility><LookAt><longitude>-49.865265</longitude><latitude>-12.978864</latitude><altitude>1200.0</altitude><altitudeMode>absolute</altitudeMode></LookAt><styleUrl>#mapDaimonET</styleUrl><Point><coordinates>-49.865265,-12.978864,0</coordinates></Point></Placemark>
<Placemark><name>5710245032</name><visibility>0</visibility><LookAt><longitude>-49.867233</longitude><latitude>-12.976428</latitude><altitude>1200.0</altitude><altitudeMode>absolute</altitudeMode></LookAt><styleUrl>#mapDaimonET</styleUrl><Point><coordinates>-49.867233,-12.976428,0</coordinates></Point></Placemark>
<Placemark><name>5710242032</name><visibility>0</visibility><LookAt><longitude>-49.851776</longitude><latitude>-12.976936</latitude><altitude>1200.0</altitude><altitudeMode>absolute</altitudeMode></LookAt><styleUrl>#mapDaimonET</styleUrl><Point><coordinates>-49.851776,-12.976936,0</coordinates></Point></Placemark>
<Placemark><name>5710054032</name><visibility>0</visibility><LookAt><longitude>-49.831431</longitude><latitude>-12.987055</latitude><altitude>1200.0</altitude><altitudeMode>absolute</altitudeMode></LookAt><styleUrl>#mapDaimonET</styleUrl><Point><coordinates>-49.831431,-12.987055,0</coordinates></Point></Placemark>
<Placemark><name>5710235032</name><visibility>0</visibility><LookAt><longitude>-49.851352</longitude><latitude>-13.053793</latitude><altitude>1200.0</altitude><altitudeMode>absolute</altitudeMode></LookAt><styleUrl>#mapDaimonET</styleUrl><Point><coordinates>-49.851352,-13.053793,0</coordinates></Point></Placemark>
<Placemark><name>5201104032</name><visibility>0</visibility><LookAt><longitude>-49.772576</longitude><latitude>-13.025524</latitude><altitude>1200.0</altitude><altitudeMode>absolute</altitudeMode></LookAt><styleUrl>#mapDaimonET</styleUrl><Point><coordinates>-49.772576,-13.025524,0</coordinates></Point></Placemark>
<Placemark><name>5710669032</name><visibility>0</visibility><LookAt><longitude>-49.747898</longitude><latitude>-13.061848</latitude><altitude>1200.0</altitude><altitudeMode>absolute</altitudeMode></LookAt><styleUrl>#mapDaimonET</styleUrl><Point><coordinates>-49.747898,-13.061848,0</coordinates></Point></Placemark>
<Placemark><name>5700405032</name><visibility>0</visibility><LookAt><longitude>-49.734960</longitude><latitude>-13.051066</latitude><altitude>1200.0</altitude><altitudeMode>absolute</altitudeMode></LookAt><styleUrl>#mapDaimonET</styleUrl><Point><coordinates>-49.734960,-13.051066,0</coordinates></Point></Placemark>
<Placemark><name>5710453032</name><visibility>0</visibility><LookAt><longitude>-49.729169</longitude><latitude>-13.028974</latitude><altitude>1200.0</altitude><altitudeMode>absolute</altitudeMode></LookAt><styleUrl>#mapDaimonET</styleUrl><Point><coordinates>-49.729169,-13.028974,0</coordinates></Point></Placemark>
<Placemark><name>5710014032</name><visibility>0</visibility><LookAt><longitude>-49.733331</longitude><latitude>-13.081598</latitude><altitude>1200.0</altitude><altitudeMode>absolute</altitudeMode></LookAt><styleUrl>#mapDaimonET</styleUrl><Point><coordinates>-49.733331,-13.081598,0</coordinates></Point></Placemark>
<Placemark><name>5701062032</name><visibility>0</visibility><LookAt><longitude>-49.708199</longitude><latitude>-13.047044</latitude><altitude>1200.0</altitude><altitudeMode>absolute</altitudeMode></LookAt><styleUrl>#mapDaimonET</styleUrl><Point><coordinates>-49.708199,-13.047044,0</coordinates></Point></Placemark>
<Placemark><name>5710119032</name><visibility>0</visibility><LookAt><longitude>-49.739168</longitude><latitude>-13.018317</latitude><altitude>1200.0</altitude><altitudeMode>absolute</altitudeMode></LookAt><styleUrl>#mapDaimonET</styleUrl><Point><coordinates>-49.739168,-13.018317,0</coordinates></Point></Placemark>
<Placemark><name>5723338032</name><visibility>0</visibility><LookAt><longitude>-49.727740</longitude><latitude>-13.014165</latitude><altitude>1200.0</altitude><altitudeMode>absolute</altitudeMode></LookAt><styleUrl>#mapDaimonET</styleUrl><Point><coordinates>-49.727740,-13.014165,0</coordinates></Point></Placemark>
<Placemark><name>5710118032</name><visibility>0</visibility><LookAt><longitude>-49.739916</longitude><latitude>-13.021987</latitude><altitude>1200.0</altitude><altitudeMode>absolute</altitudeMode></LookAt><styleUrl>#mapDaimonET</styleUrl><Point><coordinates>-49.739916,-13.021987,0</coordinates></Point></Placemark>
<Placemark><name>5710177032</name><visibility>0</visibility><LookAt><longitude>-49.737891</longitude><latitude>-13.001244</latitude><altitude>1200.0</altitude><altitudeMode>absolute</altitudeMode></LookAt><styleUrl>#mapDaimonET</styleUrl><Point><coordinates>-49.737891,-13.001244,0</coordinates></Point></Placemark>
<Placemark><name>5701064032</name><visibility>0</visibility><LookAt><longitude>-49.683813</longitude><latitude>-12.983492</latitude><altitude>1200.0</altitude><altitudeMode>absolute</altitudeMode></LookAt><styleUrl>#mapDaimonET</styleUrl><Point><coordinates>-49.683813,-12.983492,0</coordinates></Point></Placemark>
<Placemark><name>5710114032</name><visibility>0</visibility><LookAt><longitude>-49.704023</longitude><latitude>-13.008353</latitude><altitude>1200.0</altitude><altitudeMode>absolute</altitudeMode></LookAt><styleUrl>#mapDaimonET</styleUrl><Point><coordinates>-49.704023,-13.008353,0</coordinates></Point></Placemark>
<Placemark><name>5710112032</name><visibility>0</visibility><LookAt><longitude>-49.720350</longitude><latitude>-13.034982</latitude><altitude>1200.0</altitude><altitudeMode>absolute</altitudeMode></LookAt><styleUrl>#mapDaimonET</styleUrl><Point><coordinates>-49.720350,-13.034982,0</coordinates></Point></Placemark>
<Placemark><name>5710113032</name><visibility>0</visibility><LookAt><longitude>-49.709366</longitude><latitude>-13.024479</latitude><altitude>1200.0</altitude><altitudeMode>absolute</altitudeMode></LookAt><styleUrl>#mapDaimonET</styleUrl><Point><coordinates>-49.709366,-13.024479,0</coordinates></Point></Placemark>
<Placemark><name>5745122032</name><visibility>0</visibility><LookAt><longitude>-49.705115</longitude><latitude>-13.025336</latitude><altitude>1200.0</altitude><altitudeMode>absolute</altitudeMode></LookAt><styleUrl>#mapDaimonET</styleUrl><Point><coordinates>-49.705115,-13.025336,0</coordinates></Point></Placemark>
<Placemark><name>5710084032</name><visibility>0</visibility><LookAt><longitude>-49.691229</longitude><latitude>-12.995316</latitude><altitude>1200.0</altitude><altitudeMode>absolute</altitudeMode></LookAt><styleUrl>#mapDaimonET</styleUrl><Point><coordinates>-49.691229,-12.995316,0</coordinates></Point></Placemark>
<Placemark><name>5710780032</name><visibility>0</visibility><LookAt><longitude>-49.771357</longitude><latitude>-13.016374</latitude><altitude>1200.0</altitude><altitudeMode>absolute</altitudeMode></LookAt><styleUrl>#mapDaimonET</styleUrl><Point><coordinates>-49.771357,-13.016374,0</coordinates></Point></Placemark>
<Placemark><name>5710287032</name><visibility>0</visibility><LookAt><longitude>-49.872240</longitude><latitude>-12.970195</latitude><altitude>1200.0</altitude><altitudeMode>absolute</altitudeMode></LookAt><styleUrl>#mapDaimonET</styleUrl><Point><coordinates>-49.872240,-12.970195,0</coordinates></Point></Placemark>
<Placemark><name>5701114032</name><visibility>0</visibility><LookAt><longitude>-49.866319</longitude><latitude>-12.965381</latitude><altitude>1200.0</altitude><altitudeMode>absolute</altitudeMode></LookAt><styleUrl>#mapDaimonET</styleUrl><Point><coordinates>-49.866319,-12.965381,0</coordinates></Point></Placemark>
<Placemark><name>5701204032</name><visibility>0</visibility><LookAt><longitude>-49.849951</longitude><latitude>-13.004157</latitude><altitude>1200.0</altitude><altitudeMode>absolute</altitudeMode></LookAt><styleUrl>#mapDaimonET</styleUrl><Point><coordinates>-49.849951,-13.004157,0</coordinates></Point></Placemark>
<Placemark><name>5600005032</name><visibility>0</visibility><LookAt><longitude>-49.846020</longitude><latitude>-12.997248</latitude><altitude>1200.0</altitude><altitudeMode>absolute</altitudeMode></LookAt><styleUrl>#mapDaimonET</styleUrl><Point><coordinates>-49.846020,-12.997248,0</coordinates></Point></Placemark>
<Placemark><name>5700826032</name><visibility>0</visibility><LookAt><longitude>-49.910252</longitude><latitude>-13.005130</latitude><altitude>1200.0</altitude><altitudeMode>absolute</altitudeMode></LookAt><styleUrl>#mapDaimonET</styleUrl><Point><coordinates>-49.910252,-13.005130,0</coordinates></Point></Placemark>
<Placemark><name>5700825032</name><visibility>0</visibility><LookAt><longitude>-49.874680</longitude><latitude>-12.989675</latitude><altitude>1200.0</altitude><altitudeMode>absolute</altitudeMode></LookAt><styleUrl>#mapDaimonET</styleUrl><Point><coordinates>-49.874680,-12.989675,0</coordinates></Point></Placemark>
<Placemark><name>5710280032</name><visibility>0</visibility><LookAt><longitude>-49.894744</longitude><latitude>-13.009286</latitude><altitude>1200.0</altitude><altitudeMode>absolute</altitudeMode></LookAt><styleUrl>#mapDaimonET</styleUrl><Point><coordinates>-49.894744,-13.009286,0</coordinates></Point></Placemark>
<Placemark><name>5701226032</name><visibility>0</visibility><LookAt><longitude>-49.850473</longitude><latitude>-12.988939</latitude><altitude>1200.0</altitude><altitudeMode>absolute</altitudeMode></LookAt><styleUrl>#mapDaimonET</styleUrl><Point><coordinates>-49.850473,-12.988939,0</coordinates></Point></Placemark>
<Placemark><name>5700791032</name><visibility>0</visibility><LookAt><longitude>-49.805574</longitude><latitude>-13.049429</latitude><altitude>1200.0</altitude><altitudeMode>absolute</altitudeMode></LookAt><styleUrl>#mapDaimonET</styleUrl><Point><coordinates>-49.805574,-13.049429,0</coordinates></Point></Placemark>
<Placemark><name>5710233032</name><visibility>0</visibility><LookAt><longitude>-49.761207</longitude><latitude>-12.985979</latitude><altitude>1200.0</altitude><altitudeMode>absolute</altitudeMode></LookAt><styleUrl>#mapDaimonET</styleUrl><Point><coordinates>-49.761207,-12.985979,0</coordinates></Point></Placemark>
<Placemark><name>5738926032</name><visibility>0</visibility><LookAt><longitude>-49.728203</longitude><latitude>-13.007066</latitude><altitude>1200.0</altitude><altitudeMode>absolute</altitudeMode></LookAt><styleUrl>#mapDaimonET</styleUrl><Point><coordinates>-49.728203,-13.007066,0</coordinates></Point></Placemark>
<Placemark><name>5710247032</name><visibility>0</visibility><LookAt><longitude>-49.886235</longitude><latitude>-12.983676</latitude><altitude>1200.0</altitude><altitudeMode>absolute</altitudeMode></LookAt><styleUrl>#mapDaimonET</styleUrl><Point><coordinates>-49.886235,-12.983676,0</coordinates></Point></Placemark>
<Placemark><name>5700847032</name><visibility>0</visibility><LookAt><longitude>-49.927058</longitude><latitude>-12.994901</latitude><altitude>1200.0</altitude><altitudeMode>absolute</altitudeMode></LookAt><styleUrl>#mapDaimonET</styleUrl><Point><coordinates>-49.927058,-12.994901,0</coordinates></Point></Placemark>
<Placemark><name>5720585032</name><visibility>0</visibility><LookAt><longitude>-49.927810</longitude><latitude>-12.994739</latitude><altitude>1200.0</altitude><altitudeMode>absolute</altitudeMode></LookAt><styleUrl>#mapDaimonET</styleUrl><Point><coordinates>-49.927810,-12.994739,0</coordinates></Point></Placemark>
<Placemark><name>5310368032</name><visibility>0</visibility><LookAt><longitude>-49.688694</longitude><latitude>-13.044220</latitude><altitude>1200.0</altitude><altitudeMode>absolute</altitudeMode></LookAt><styleUrl>#mapDaimonET</styleUrl><Point><coordinates>-49.688694,-13.044220,0</coordinates></Point></Placemark>
<Placemark><name>5701511032</name><visibility>0</visibility><LookAt><longitude>-49.683298</longitude><latitude>-13.057467</latitude><altitude>1200.0</altitude><altitudeMode>absolute</altitudeMode></LookAt><styleUrl>#mapDaimonET</styleUrl><Point><coordinates>-49.683298,-13.057467,0</coordinates></Point></Placemark>
<Placemark><name>5752048032</name><visibility>0</visibility><LookAt><longitude>-49.698796</longitude><latitude>-13.064130</latitude><altitude>1200.0</altitude><altitudeMode>absolute</altitudeMode></LookAt><styleUrl>#mapDaimonET</styleUrl><Point><coordinates>-49.698796,-13.064130,0</coordinates></Point></Placemark>
<Placemark><name>5710088032</name><visibility>0</visibility><LookAt><longitude>-49.659132</longitude><latitude>-13.015750</latitude><altitude>1200.0</altitude><altitudeMode>absolute</altitudeMode></LookAt><styleUrl>#mapDaimonET</styleUrl><Point><coordinates>-49.659132,-13.015750,0</coordinates></Point></Placemark>
<Placemark><name>5710086032</name><visibility>0</visibility><LookAt><longitude>-49.674353</longitude><latitude>-13.037552</latitude><altitude>1200.0</altitude><altitudeMode>absolute</altitudeMode></LookAt><styleUrl>#mapDaimonET</styleUrl><Point><coordinates>-49.674353,-13.037552,0</coordinates></Point></Placemark>
<Placemark><name>5701082032</name><visibility>0</visibility><LookAt><longitude>-49.571887</longitude><latitude>-13.057788</latitude><altitude>1200.0</altitude><altitudeMode>absolute</altitudeMode></LookAt><styleUrl>#mapDaimonET</styleUrl><Point><coordinates>-49.571887,-13.057788,0</coordinates></Point></Placemark>
<Placemark><name>5710507032</name><visibility>0</visibility><LookAt><longitude>-49.576149</longitude><latitude>-13.062247</latitude><altitude>1200.0</altitude><altitudeMode>absolute</altitudeMode></LookAt><styleUrl>#mapDaimonET</styleUrl><Point><coordinates>-49.576149,-13.062247,0</coordinates></Point></Placemark>
<Placemark><name>5710181032</name><visibility>0</visibility><LookAt><longitude>-49.619781</longitude><latitude>-13.053437</latitude><altitude>1200.0</altitude><altitudeMode>absolute</altitudeMode></LookAt><styleUrl>#mapDaimonET</styleUrl><Point><coordinates>-49.619781,-13.053437,0</coordinates></Point></Placemark>
<Placemark><name>5701080032</name><visibility>0</visibility><LookAt><longitude>-49.653574</longitude><latitude>-13.049850</latitude><altitude>1200.0</altitude><altitudeMode>absolute</altitudeMode></LookAt><styleUrl>#mapDaimonET</styleUrl><Point><coordinates>-49.653574,-13.049850,0</coordinates></Point></Placemark>
<Placemark><name>5710509032</name><visibility>0</visibility><LookAt><longitude>-49.551462</longitude><latitude>-13.060675</latitude><altitude>1200.0</altitude><altitudeMode>absolute</altitudeMode></LookAt><styleUrl>#mapDaimonET</styleUrl><Point><coordinates>-49.551462,-13.060675,0</coordinates></Point></Placemark>
<Placemark><name>5710506032</name><visibility>0</visibility><LookAt><longitude>-49.610449</longitude><latitude>-13.100436</latitude><altitude>1200.0</altitude><altitudeMode>absolute</altitudeMode></LookAt><styleUrl>#mapDaimonET</styleUrl><Point><coordinates>-49.610449,-13.100436,0</coordinates></Point></Placemark>
<Placemark><name>5701081032</name><visibility>0</visibility><LookAt><longitude>-49.617344</longitude><latitude>-13.039108</latitude><altitude>1200.0</altitude><altitudeMode>absolute</altitudeMode></LookAt><styleUrl>#mapDaimonET</styleUrl><Point><coordinates>-49.617344,-13.039108,0</coordinates></Point></Placemark>
<Placemark><name>5710501032</name><visibility>0</visibility><LookAt><longitude>-49.600902</longitude><latitude>-13.059206</latitude><altitude>1200.0</altitude><altitudeMode>absolute</altitudeMode></LookAt><styleUrl>#mapDaimonET</styleUrl><Point><coordinates>-49.600902,-13.059206,0</coordinates></Point></Placemark>
<Placemark><name>5738680032</name><visibility>0</visibility><LookAt><longitude>-49.597404</longitude><latitude>-13.133367</latitude><altitude>1200.0</altitude><altitudeMode>absolute</altitudeMode></LookAt><styleUrl>#mapDaimonET</styleUrl><Point><coordinates>-49.597404,-13.133367,0</coordinates></Point></Placemark>
<Placemark><name>5710180032</name><visibility>0</visibility><LookAt><longitude>-49.650771</longitude><latitude>-13.053323</latitude><altitude>1200.0</altitude><altitudeMode>absolute</altitudeMode></LookAt><styleUrl>#mapDaimonET</styleUrl><Point><coordinates>-49.650771,-13.053323,0</coordinates></Point></Placemark>
<Placemark><name>5710503032</name><visibility>0</visibility><LookAt><longitude>-49.599046</longitude><latitude>-13.075398</latitude><altitude>1200.0</altitude><altitudeMode>absolute</altitudeMode></LookAt><styleUrl>#mapDaimonET</styleUrl><Point><coordinates>-49.599046,-13.075398,0</coordinates></Point></Placemark>
<Placemark><name>5710505032</name><visibility>0</visibility><LookAt><longitude>-49.600052</longitude><latitude>-13.091319</latitude><altitude>1200.0</altitude><altitudeMode>absolute</altitudeMode></LookAt><styleUrl>#mapDaimonET</styleUrl><Point><coordinates>-49.600052,-13.091319,0</coordinates></Point></Placemark>
<Placemark><name>5710504032</name><visibility>0</visibility><LookAt><longitude>-49.592922</longitude><latitude>-13.079265</latitude><altitude>1200.0</altitude><altitudeMode>absolute</altitudeMode></LookAt><styleUrl>#mapDaimonET</styleUrl><Point><coordinates>-49.592922,-13.079265,0</coordinates></Point></Placemark>
<Placemark><name>5710502032</name><visibility>0</visibility><LookAt><longitude>-49.591232</longitude><latitude>-13.077052</latitude><altitude>1200.0</altitude><altitudeMode>absolute</altitudeMode></LookAt><styleUrl>#mapDaimonET</styleUrl><Point><coordinates>-49.591232,-13.077052,0</coordinates></Point></Placemark>
</Folder>
<Folder>
<name>Gerador</name>
<visibility>0</visibility>
</Folder>
<Folder>
<name>Reator</name>
<visibility>0</visibility>
</Folder>
<Folder>
<name>Regulador</name>
<visibility>0</visibility>
</Folder>
<Folder>
<name>Transformador</name>
<visibility>0</visibility>
</Folder>
<Folder>
<name>Trecho</name>
<Placemark><name>3550617</name><styleUrl>#styleDaimonCIRCUITO34TRECHO</styleUrl><LineString><coordinates>-49.835846,-12.939626,0 -49.835828,-12.939649,0</coordinates></LineString></Placemark>
<Placemark><name>12115120</name><styleUrl>#styleDaimonCIRCUITO34TRECHO</styleUrl><LineString><coordinates>-49.835828,-12.939649,0 -49.835806,-12.939677,0</coordinates></LineString></Placemark>
<Placemark><name>3590558</name><styleUrl>#styleDaimonCIRCUITO34TRECHO</styleUrl><LineString><coordinates>-49.835806,-12.939677,0 -49.835755,-12.939751,0</coordinates></LineString></Placemark>
<Placemark><name>3589473</name><styleUrl>#styleDaimonCIRCUITO34TRECHO</styleUrl><LineString><coordinates>-49.835558,-12.940040,0 -49.835399,-12.940270,0</coordinates></LineString></Placemark>
<Placemark><name>2904889</name><styleUrl>#styleDaimonCIRCUITO34TRECHO</styleUrl><LineString><coordinates>-49.835399,-12.940270,0 -49.834885,-12.941047,0</coordinates></LineString></Placemark>
<Placemark><name>12117416</name><styleUrl>#styleDaimonCIRCUITO34TRECHO</styleUrl><LineString><coordinates>-49.835578,-12.940012,0 -49.835558,-12.940040,0</coordinates></LineString></Placemark>
<Placemark><name>2905061</name><styleUrl>#styleDaimonCIRCUITO34TRECHO</styleUrl><LineString><coordinates>-49.834885,-12.941047,0 -49.834363,-12.941769,0</coordinates></LineString></Placemark>
<Placemark><name>3591102</name><styleUrl>#styleDaimonCIRCUITO34TRECHO</styleUrl><LineString><coordinates>-49.835737,-12.939777,0 -49.835578,-12.940012,0</coordinates></LineString></Placemark>
<Placemark><name>2904895</name><styleUrl>#styleDaimonCIRCUITO34TRECHO</styleUrl><LineString><coordinates>-49.834363,-12.941769,0 -49.833906,-12.942519,0</coordinates></LineString></Placemark>
<Placemark><name>12092711</name><styleUrl>#styleDaimonCIRCUITO34TRECHO</styleUrl><LineString><coordinates>-49.833906,-12.942519,0 -49.833884,-12.942548,0</coordinates></LineString></Placemark>
<Placemark><name>2904890</name><styleUrl>#styleDaimonCIRCUITO34TRECHO</styleUrl><LineString><coordinates>-49.833884,-12.942548,0 -49.833723,-12.942968,0</coordinates></LineString></Placemark>
<Placemark><name>2904891</name><styleUrl>#styleDaimonCIRCUITO34TRECHO</styleUrl><LineString><coordinates>-49.833723,-12.942968,0 -49.833032,-12.944865,0</coordinates></LineString></Placemark>
<Placemark><name>2904892</name><styleUrl>#styleDaimonCIRCUITO34TRECHO</styleUrl><LineString><coordinates>-49.833032,-12.944865,0 -49.832808,-12.945482,0</coordinates></LineString></Placemark>
<Placemark><name>2904893</name><styleUrl>#styleDaimonCIRCUITO34TRECHO</styleUrl><LineString><coordinates>-49.832808,-12.945482,0 -49.832611,-12.946071,0</coordinates></LineString></Placemark>
<Placemark><name>2904894</name><styleUrl>#styleDaimonCIRCUITO34TRECHO</styleUrl><LineString><coordinates>-49.832611,-12.946071,0 -49.832402,-12.946684,0</coordinates></LineString></Placemark>
<Placemark><name>12106648</name><styleUrl>#styleDaimonCIRCUITO34TRECHO</styleUrl><LineString><coordinates>-49.832402,-12.946684,0 -49.832382,-12.946698,0</coordinates></LineString></Placemark>
<Placemark><name>2904888</name><styleUrl>#styleDaimonCIRCUITO34TRECHO</styleUrl><LineString><coordinates>-49.832382,-12.946698,0 -49.832308,-12.946677,0</coordinates></LineString></Placemark>
<Placemark><name>2904887</name><styleUrl>#styleDaimonCIRCUITO34TRECHO</styleUrl><LineString><coordinates>-49.832308,-12.946677,0 -49.832470,-12.946286,0</coordinates></LineString></Placemark>
<Placemark><name>12107076</name><styleUrl>#styleDaimonCIRCUITO34TRECHO</styleUrl><LineString><coordinates>-49.829790,-12.954282,0 -49.829810,-12.954287,0</coordinates></LineString></Placemark>
<Placemark><name>3304413</name><styleUrl>#styleDaimonCIRCUITO34TRECHO</styleUrl><LineString><coordinates>-49.830060,-12.953348,0 -49.829790,-12.954282,0</coordinates></LineString></Placemark>
<Placemark><name>3304416</name><styleUrl>#styleDaimonCIRCUITO34TRECHO</styleUrl><LineString><coordinates>-49.829790,-12.954282,0 -49.829743,-12.954445,0</coordinates></LineString></Placemark>
<Placemark><name>3304415</name><styleUrl>#styleDaimonCIRCUITO34TRECHO</styleUrl><LineString><coordinates>-49.829810,-12.954287,0 -49.830002,-12.954346,0</coordinates></LineString></Placemark>
<Placemark><name>3304414</name><styleUrl>#styleDaimonCIRCUITO34TRECHO</styleUrl><LineString><coordinates>-49.830349,-12.952479,0 -49.830060,-12.953348,0</coordinates></LineString></Placemark>
<Placemark><name>3304417</name><styleUrl>#styleDaimonCIRCUITO34TRECHO</styleUrl><LineString><coordinates>-49.829743,-12.954445,0 -49.829406,-12.955335,0</coordinates></LineString></Placemark>
<Placemark><name>3529013</name><styleUrl>#styleDaimonCIRCUITO34TRECHO</styleUrl><LineString><coordinates>-49.830493,-12.952158,0 -49.830349,-12.952479,0</coordinates></LineString></Placemark>
<Placemark><name>3529012</name><styleUrl>#styleDaimonCIRCUITO34TRECHO</styleUrl><LineString><coordinates>-49.830349,-12.952479,0 -49.830503,-12.952528,0</coordinates></LineString></Placemark>
<Placemark><name>3529014</name><styleUrl>#styleDaimonCIRCUITO34TRECHO</styleUrl><LineString><coordinates>-49.830349,-12.952479,0 -49.830211,-12.952438,0</coordinates></LineString></Placemark>
<Placemark><name>3304418</name><styleUrl>#styleDaimonCIRCUITO34TRECHO</styleUrl><LineString><coordinates>-49.829406,-12.955335,0 -49.829115,-12.956175,0</coordinates></LineString></Placemark>
<Placemark><name>3310843</name><styleUrl>#styleDaimonCIRCUITO34TRECHO</styleUrl><LineString><coordinates>-49.830774,-12.951250,0 -49.830493,-12.952158,0</coordinates></LineString></Placemark>
<Placemark><name>2706339</name><styleUrl>#styleDaimonCIRCUITO34TRECHO</styleUrl><LineString><coordinates>-49.829115,-12.956175,0 -49.828228,-12.958672,0</coordinates></LineString></Placemark>
<Placemark><name>3310844</name><styleUrl>#styleDaimonCIRCUITO34TRECHO</styleUrl><LineString><coordinates>-49.831129,-12.950229,0 -49.830774,-12.951250,0</coordinates></LineString></Placemark>
<Placemark><name>3304419</name><styleUrl>#styleDaimonCIRCUITO34TRECHO</styleUrl><LineString><coordinates>-49.828228,-12.958672,0 -49.828029,-12.959281,0</coordinates></LineString></Placemark>
<Placemark><name>12108823</name><styleUrl>#styleDaimonCIRCUITO34TRECHO</styleUrl><LineString><coordinates>-49.831140,-12.950199,0 -49.831129,-12.950229,0</coordinates></LineString></Placemark>
<Placemark><name>12107077</name><styleUrl>#styleDaimonCIRCUITO34TRECHO</styleUrl><LineString><coordinates>-49.828029,-12.959281,0 -49.828048,-12.959291,0</coordinates></LineString></Placemark>
<Placemark><name>3304420</name><styleUrl>#styleDaimonCIRCUITO34TRECHO</styleUrl><LineString><coordinates>-49.828029,-12.959281,0 -49.827703,-12.960299,0</coordinates></LineString></Placemark>
<Placemark><name>2945442</name><styleUrl>#styleDaimonCIRCUITO34TRECHO</styleUrl><LineString><coordinates>-49.831437,-12.949325,0 -49.831140,-12.950199,0</coordinates></LineString></Placemark>
<Placemark><name>3304421</name><styleUrl>#styleDaimonCIRCUITO34TRECHO</styleUrl><LineString><coordinates>-49.827703,-12.960299,0 -49.827342,-12.961362,0</coordinates></LineString></Placemark>
<Placemark><name>3310845</name><styleUrl>#styleDaimonCIRCUITO34TRECHO</styleUrl><LineString><coordinates>-49.831771,-12.948328,0 -49.831437,-12.949325,0</coordinates></LineString></Placemark>
<Placemark><name>2748279</name><styleUrl>#styleDaimonCIRCUITO34TRECHO</styleUrl><LineString><coordinates>-49.827342,-12.961362,0 -49.827045,-12.962352,0</coordinates></LineString></Placemark>
<Placemark><name>3310846</name><styleUrl>#styleDaimonCIRCUITO34TRECHO</styleUrl><LineString><coordinates>-49.832101,-12.947379,0 -49.831771,-12.948328,0</coordinates></LineString></Placemark>
<Placemark><name>3304424</name><styleUrl>#styleDaimonCIRCUITO34TRECHO</styleUrl><LineString><coordinates>-49.827045,-12.962352,0 -49.826717,-12.963487,0</coordinates></LineString></Placemark>
<Placemark><name>2747529</name><styleUrl>#styleDaimonCIRCUITO34TRECHO</styleUrl><LineString><coordinates>-49.832288,-12.946747,0 -49.832101,-12.947379,0</coordinates></LineString></Placemark>
<Placemark><name>3304425</name><styleUrl>#styleDaimonCIRCUITO34TRECHO</styleUrl><LineString><coordinates>-49.826717,-12.963487,0 -49.826454,-12.964531,0</coordinates></LineString></Placemark>
<Placemark><name>3304423</name><styleUrl>#styleDaimonCIRCUITO34TRECHO</styleUrl><LineString><coordinates>-49.826454,-12.964531,0 -49.826185,-12.965569,0</coordinates></LineString></Placemark>
<Placemark><name>12107078</name><styleUrl>#styleDaimonCIRCUITO34TRECHO</styleUrl><LineString><coordinates>-49.826185,-12.965569,0 -49.826172,-12.965605,0</coordinates></LineString></Placemark>
<Placemark><name>3304422</name><styleUrl>#styleDaimonCIRCUITO34TRECHO</styleUrl><LineString><coordinates>-49.826172,-12.965605,0 -49.825884,-12.966762,0</coordinates></LineString></Placemark>
<Placemark><name>3304428</name><styleUrl>#styleDaimonCIRCUITO34TRECHO</styleUrl><LineString><coordinates>-49.825884,-12.966762,0 -49.825640,-12.967753,0</coordinates></LineString></Placemark>
<Placemark><name>3304427</name><styleUrl>#styleDaimonCIRCUITO34TRECHO</styleUrl><LineString><coordinates>-49.825640,-12.967753,0 -49.825393,-12.968788,0</coordinates></LineString></Placemark>
<Placemark><name>3304426</name><styleUrl>#styleDaimonCIRCUITO34TRECHO</styleUrl><LineString><coordinates>-49.825393,-12.968788,0 -49.824797,-12.971040,0</coordinates></LineString></Placemark>
<Placemark><name>3304711</name><styleUrl>#styleDaimonCIRCUITO34TRECHO</styleUrl><LineString><coordinates>-49.824797,-12.971040,0 -49.824524,-12.972092,0</coordinates></LineString></Placemark>
<Placemark><name>3304712</name><styleUrl>#styleDaimonCIRCUITO34TRECHO</styleUrl><LineString><coordinates>-49.824524,-12.972092,0 -49.824255,-12.973224,0</coordinates></LineString></Placemark>
<Placemark><name>3304710</name><styleUrl>#styleDaimonCIRCUITO34TRECHO</styleUrl><LineString><coordinates>-49.824255,-12.973224,0 -49.823955,-12.974143,0</coordinates></LineString></Placemark>
<Placemark><name>3304709</name><styleUrl>#styleDaimonCIRCUITO34TRECHO</styleUrl><LineString><coordinates>-49.823955,-12.974143,0 -49.823753,-12.975079,0</coordinates></LineString></Placemark>
<Placemark><name>3304430</name><styleUrl>#styleDaimonCIRCUITO34TRECHO</styleUrl><LineString><coordinates>-49.823753,-12.975079,0 -49.823489,-12.976150,0</coordinates></LineString></Placemark>
<Placemark><name>3304429</name><styleUrl>#styleDaimonCIRCUITO34TRECHO</styleUrl><LineString><coordinates>-49.823489,-12.976150,0 -49.823239,-12.977121,0</coordinates></LineString></Placemark>
<Placemark><name>12059276</name><styleUrl>#styleDaimonCIRCUITO34TRECHO</styleUrl><LineString><coordinates>-49.823239,-12.977121,0 -49.823222,-12.977116,0</coordinates></LineString></Placemark>
<Placemark><name>2748281</name><styleUrl>#styleDaimonCIRCUITO34TRECHO</styleUrl><LineString><coordinates>-49.823239,-12.977121,0 -49.823023,-12.978059,0</coordinates></LineString></Placemark>
<Placemark><name>3302474</name><styleUrl>#styleDaimonCIRCUITO34TRECHO</styleUrl><LineString><coordinates>-49.823222,-12.977116,0 -49.822717,-12.977039,0</coordinates></LineString></Placemark>
<Placemark><name>3304160</name><styleUrl>#styleDaimonCIRCUITO34TRECHO</styleUrl><LineString><coordinates>-49.823023,-12.978059,0 -49.822736,-12.979048,0</coordinates></LineString></Placemark>
<Placemark><name>3304159</name><styleUrl>#styleDaimonCIRCUITO34TRECHO</styleUrl><LineString><coordinates>-49.822736,-12.979048,0 -49.822539,-12.979975,0</coordinates></LineString></Placemark>
<Placemark><name>3304158</name><styleUrl>#styleDaimonCIRCUITO34TRECHO</styleUrl><LineString><coordinates>-49.822539,-12.979975,0 -49.822250,-12.980942,0</coordinates></LineString></Placemark>
<Placemark><name>3304157</name><styleUrl>#styleDaimonCIRCUITO34TRECHO</styleUrl><LineString><coordinates>-49.822250,-12.980942,0 -49.822030,-12.981771,0</coordinates></LineString></Placemark>
<Placemark><name>3304161</name><styleUrl>#styleDaimonCIRCUITO34TRECHO</styleUrl><LineString><coordinates>-49.822030,-12.981771,0 -49.821854,-12.982565,0</coordinates></LineString></Placemark>
<Placemark><name>12107182</name><styleUrl>#styleDaimonCIRCUITO34TRECHO</styleUrl><LineString><coordinates>-49.821854,-12.982565,0 -49.821836,-12.982601,0</coordinates></LineString></Placemark>
<Placemark><name>3304156</name><styleUrl>#styleDaimonCIRCUITO34TRECHO</styleUrl><LineString><coordinates>-49.821836,-12.982601,0 -49.821506,-12.983118,0</coordinates></LineString></Placemark>
<Placemark><name>12107183</name><styleUrl>#styleDaimonCIRCUITO34TRECHO</styleUrl><LineString><coordinates>-49.821506,-12.983118,0 -49.821523,-12.983126,0</coordinates></LineString></Placemark>
<Placemark><name>2748295</name><styleUrl>#styleDaimonCIRCUITO34TRECHO</styleUrl><LineString><coordinates>-49.821506,-12.983118,0 -49.821164,-12.983709,0</coordinates></LineString></Placemark>
<Placemark><name>3513021</name><styleUrl>#styleDaimonCIRCUITO34TRECHO</styleUrl><LineString><coordinates>-49.821523,-12.983126,0 -49.821646,-12.983215,0</coordinates></LineString></Placemark>
<Placemark><name>3304451</name><styleUrl>#styleDaimonCIRCUITO34TRECHO</styleUrl><LineString><coordinates>-49.821164,-12.983709,0 -49.820648,-12.984586,0</coordinates></LineString></Placemark>
<Placemark><name>3304450</name><styleUrl>#styleDaimonCIRCUITO34TRECHO</styleUrl><LineString><coordinates>-49.820648,-12.984586,0 -49.820171,-12.985427,0</coordinates></LineString></Placemark>
<Placemark><name>3304163</name><styleUrl>#styleDaimonCIRCUITO34TRECHO</styleUrl><LineString><coordinates>-49.820171,-12.985427,0 -49.819705,-12.986242,0</coordinates></LineString></Placemark>
<Placemark><name>12107184</name><styleUrl>#styleDaimonCIRCUITO34TRECHO</styleUrl><LineString><coordinates>-49.819705,-12.986242,0 -49.819685,-12.986275,0</coordinates></LineString></Placemark>
<Placemark><name>3304162</name><styleUrl>#styleDaimonCIRCUITO34TRECHO</styleUrl><LineString><coordinates>-49.819685,-12.986275,0 -49.819159,-12.987160,0</coordinates></LineString></Placemark>
<Placemark><name>12059274</name><styleUrl>#styleDaimonCIRCUITO34TRECHO</styleUrl><LineString><coordinates>-49.819159,-12.987160,0 -49.819141,-12.987151,0</coordinates></LineString></Placemark>
<Placemark><name>3302750</name><styleUrl>#styleDaimonCIRCUITO34TRECHO</styleUrl><LineString><coordinates>-49.819159,-12.987160,0 -49.818878,-12.987627,0</coordinates></LineString></Placemark>
<Placemark><name>2744601</name><styleUrl>#styleDaimonCIRCUITO34TRECHO</styleUrl><LineString><coordinates>-49.819141,-12.987151,0 -49.818593,-12.986780,0</coordinates></LineString></Placemark>
<Placemark><name>3302749</name><styleUrl>#styleDaimonCIRCUITO34TRECHO</styleUrl><LineString><coordinates>-49.818878,-12.987627,0 -49.818622,-12.988042,0</coordinates></LineString></Placemark>
<Placemark><name>3302752</name><styleUrl>#styleDaimonCIRCUITO34TRECHO</styleUrl><LineString><coordinates>-49.818878,-12.987627,0 -49.819022,-12.987739,0</coordinates></LineString></Placemark>
<Placemark><name>3302751</name><styleUrl>#styleDaimonCIRCUITO34TRECHO</styleUrl><LineString><coordinates>-49.818878,-12.987627,0 -49.818767,-12.987539,0</coordinates></LineString></Placemark>
<Placemark><name>3304452</name><styleUrl>#styleDaimonCIRCUITO34TRECHO</styleUrl><LineString><coordinates>-49.818622,-12.988042,0 -49.818165,-12.988843,0</coordinates></LineString></Placemark>
<Placemark><name>3304453</name><styleUrl>#styleDaimonCIRCUITO34TRECHO</styleUrl><LineString><coordinates>-49.818165,-12.988843,0 -49.817334,-12.990249,0</coordinates></LineString></Placemark>
<Placemark><name>3304454</name><styleUrl>#styleDaimonCIRCUITO34TRECHO</styleUrl><LineString><coordinates>-49.817334,-12.990249,0 -49.816862,-12.991097,0</coordinates></LineString></Placemark>
<Placemark><name>12059171</name><styleUrl>#styleDaimonCIRCUITO34TRECHO</styleUrl><LineString><coordinates>-49.816862,-12.991097,0 -49.816825,-12.991096,0</coordinates></LineString></Placemark>
<Placemark><name>12108764</name><styleUrl>#styleDaimonCIRCUITO34TRECHO</styleUrl><LineString><coordinates>-49.816862,-12.991097,0 -49.816843,-12.991129,0</coordinates></LineString></Placemark>
<Placemark><name>2748296</name><styleUrl>#styleDaimonCIRCUITO34TRECHO</styleUrl><LineString><coordinates>-49.816825,-12.991096,0 -49.816723,-12.991052,0</coordinates></LineString></Placemark>
<Placemark><name>3304455</name><styleUrl>#styleDaimonCIRCUITO34TRECHO</styleUrl><LineString><coordinates>-49.816843,-12.991129,0 -49.816237,-12.992163,0</coordinates></LineString></Placemark>
<Placemark><name>3302682</name><styleUrl>#styleDaimonCIRCUITO34TRECHO</styleUrl><LineString><coordinates>-49.816237,-12.992163,0 -49.815661,-12.993171,0</coordinates></LineString></Placemark>
<Placemark><name>12108765</name><styleUrl>#styleDaimonCIRCUITO34TRECHO</styleUrl><LineString><coordinates>-49.815661,-12.993171,0 -49.815632,-12.993195,0</coordinates></LineString></Placemark>
<Placemark><name>3302683</name><styleUrl>#styleDaimonCIRCUITO34TRECHO</styleUrl><LineString><coordinates>-49.815632,-12.993195,0 -49.814288,-12.993626,0</coordinates></LineString></Placemark>
<Placemark><name>12150942</name><styleUrl>#styleDaimonCIRCUITO34TRECHO</styleUrl><LineString><coordinates>-49.814288,-12.993626,0 -49.814294,-12.993646,0</coordinates></LineString></Placemark>
<Placemark><name>2822689</name><styleUrl>#styleDaimonCIRCUITO34TRECHO</styleUrl><LineString><coordinates>-49.814288,-12.993626,0 -49.813733,-12.993804,0</coordinates></LineString></Placemark>
<Placemark><name>3293690</name><styleUrl>#styleDaimonCIRCUITO34TRECHO</styleUrl><LineString><coordinates>-49.814294,-12.993646,0 -49.814368,-12.993826,0</coordinates></LineString></Placemark>
<Placemark><name>2684261</name><styleUrl>#styleDaimonCIRCUITO34TRECHO</styleUrl><LineString><coordinates>-49.813733,-12.993804,0 -49.813775,-12.993923,0</coordinates></LineString></Placemark>
<Placemark><name>2684088</name><styleUrl>#styleDaimonCIRCUITO34TRECHO</styleUrl><LineString><coordinates>-49.813733,-12.993804,0 -49.813709,-12.993765,0</coordinates></LineString></Placemark>
<Placemark><name>2684262</name><styleUrl>#styleDaimonCIRCUITO34TRECHO</styleUrl><LineString><coordinates>-49.813733,-12.993804,0 -49.812947,-12.994021,0</coordinates></LineString></Placemark>
<Placemark><name>2748511</name><styleUrl>#styleDaimonCIRCUITO34TRECHO</styleUrl><LineString><coordinates>-49.812947,-12.994021,0 -49.810744,-12.994792,0</coordinates></LineString></Placemark>
<Placemark><name>3302684</name><styleUrl>#styleDaimonCIRCUITO34TRECHO</styleUrl><LineString><coordinates>-49.810744,-12.994792,0 -49.809337,-12.995259,0</coordinates></LineString></Placemark>
<Placemark><name>3302685</name><styleUrl>#styleDaimonCIRCUITO34TRECHO</styleUrl><LineString><coordinates>-49.809337,-12.995259,0 -49.807997,-12.995688,0</coordinates></LineString></Placemark>
<Placemark><name>3302686</name><styleUrl>#styleDaimonCIRCUITO34TRECHO</styleUrl><LineString><coordinates>-49.807997,-12.995688,0 -49.806279,-12.996240,0</coordinates></LineString></Placemark>
<Placemark><name>12059172</name><styleUrl>#styleDaimonCIRCUITO34TRECHO</styleUrl><LineString><coordinates>-49.806279,-12.996240,0 -49.806267,-12.996209,0</coordinates></LineString></Placemark>
<Placemark><name>3302687</name><styleUrl>#styleDaimonCIRCUITO34TRECHO</styleUrl><LineString><coordinates>-49.806279,-12.996240,0 -49.804435,-12.996853,0</coordinates></LineString></Placemark>
<Placemark><name>2824423</name><styleUrl>#styleDaimonCIRCUITO34TRECHO</styleUrl><LineString><coordinates>-49.806267,-12.996209,0 -49.806183,-12.996087,0</coordinates></LineString></Placemark>
<Placemark><name>3302688</name><styleUrl>#styleDaimonCIRCUITO34TRECHO</styleUrl><LineString><coordinates>-49.804435,-12.996853,0 -49.802747,-12.997393,0</coordinates></LineString></Placemark>
<Placemark><name>3618849</name><styleUrl>#styleDaimonCIRCUITO34TRECHO</styleUrl><LineString><coordinates>-49.802747,-12.997393,0 -49.801438,-12.997841,0</coordinates></LineString></Placemark>
<Placemark><name>12064366</name><styleUrl>#styleDaimonCIRCUITO34TRECHO</styleUrl><LineString><coordinates>-49.801438,-12.997841,0 -49.801426,-12.997817,0</coordinates></LineString></Placemark>
<Placemark><name>3302689</name><styleUrl>#styleDaimonCIRCUITO34TRECHO</styleUrl><LineString><coordinates>-49.801438,-12.997841,0 -49.799893,-12.998395,0</coordinates></LineString></Placemark>
<Placemark><name>3618848</name><styleUrl>#styleDaimonCIRCUITO34TRECHO</styleUrl><LineString><coordinates>-49.801426,-12.997817,0 -49.801422,-12.997789,0</coordinates></LineString></Placemark>
<Placemark><name>2748513</name><styleUrl>#styleDaimonCIRCUITO34TRECHO</styleUrl><LineString><coordinates>-49.799893,-12.998395,0 -49.798333,-12.998895,0</coordinates></LineString></Placemark>
<Placemark><name>12064365</name><styleUrl>#styleDaimonCIRCUITO34TRECHO</styleUrl><LineString><coordinates>-49.801422,-12.997789,0 -49.801424,-12.997772,0</coordinates></LineString></Placemark>
<Placemark><name>3302690</name><styleUrl>#styleDaimonCIRCUITO34TRECHO</styleUrl><LineString><coordinates>-49.798333,-12.998895,0 -49.797312,-12.999231,0</coordinates></LineString></Placemark>
<Placemark><name>3618847</name><styleUrl>#styleDaimonCIRCUITO34TRECHO</styleUrl><LineString><coordinates>-49.801424,-12.997772,0 -49.801588,-12.997598,0</coordinates></LineString></Placemark>
<Placemark><name>12108434</name><styleUrl>#styleDaimonCIRCUITO34TRECHO</styleUrl><LineString><coordinates>-49.797312,-12.999231,0 -49.797281,-12.999251,0</coordinates></LineString></Placemark>
<Placemark><name>3294923</name><styleUrl>#styleDaimonCIRCUITO34TRECHO</styleUrl><LineString><coordinates>-49.797281,-12.999251,0 -49.796675,-12.999954,0</coordinates></LineString></Placemark>
<Placemark><name>3294924</name><styleUrl>#styleDaimonCIRCUITO34TRECHO</styleUrl><LineString><coordinates>-49.796675,-12.999954,0 -49.795942,-13.000774,0</coordinates></LineString></Placemark>
<Placemark><name>3294922</name><styleUrl>#styleDaimonCIRCUITO34TRECHO</styleUrl><LineString><coordinates>-49.795942,-13.000774,0 -49.795127,-13.001603,0</coordinates></LineString></Placemark>
<Placemark><name>3294921</name><styleUrl>#styleDaimonCIRCUITO34TRECHO</styleUrl><LineString><coordinates>-49.795127,-13.001603,0 -49.794546,-13.002316,0</coordinates></LineString></Placemark>
<Placemark><name>12108435</name><styleUrl>#styleDaimonCIRCUITO34TRECHO</styleUrl><LineString><coordinates>-49.794546,-13.002316,0 -49.794520,-13.002343,0</coordinates></LineString></Placemark>
<Placemark><name>40999756</name><styleUrl>#styleDaimonCIRCUITO34TRECHO</styleUrl><LineString><coordinates>-49.794520,-13.002343,0 -49.794295,-13.002580,0</coordinates></LineString></Placemark>
<Placemark><name>3294919</name><styleUrl>#styleDaimonCIRCUITO34TRECHO</styleUrl><LineString><coordinates>-49.794295,-13.002580,0 -49.793906,-13.002988,0</coordinates></LineString></Placemark>
<Placemark><name>3294920</name><styleUrl>#styleDaimonCIRCUITO34TRECHO</styleUrl><LineString><coordinates>-49.793906,-13.002988,0 -49.793216,-13.003791,0</coordinates></LineString></Placemark>
<Placemark><name>3294918</name><styleUrl>#styleDaimonCIRCUITO34TRECHO</styleUrl><LineString><coordinates>-49.793216,-13.003791,0 -49.792551,-13.004530,0</coordinates></LineString></Placemark>
<Placemark><name>3294917</name><styleUrl>#styleDaimonCIRCUITO34TRECHO</styleUrl><LineString><coordinates>-49.792551,-13.004530,0 -49.791882,-13.005295,0</coordinates></LineString></Placemark>
<Placemark><name>3294916</name><styleUrl>#styleDaimonCIRCUITO34TRECHO</styleUrl><LineString><coordinates>-49.791882,-13.005295,0 -49.791207,-13.006103,0</coordinates></LineString></Placemark>
<Placemark><name>3294915</name><styleUrl>#styleDaimonCIRCUITO34TRECHO</styleUrl><LineString><coordinates>-49.791207,-13.006103,0 -49.790505,-13.006780,0</coordinates></LineString></Placemark>
<Placemark><name>3294914</name><styleUrl>#styleDaimonCIRCUITO34TRECHO</styleUrl><LineString><coordinates>-49.790505,-13.006780,0 -49.789812,-13.007588,0</coordinates></LineString></Placemark>
<Placemark><name>3294913</name><styleUrl>#styleDaimonCIRCUITO34TRECHO</styleUrl><LineString><coordinates>-49.789812,-13.007588,0 -49.789128,-13.008337,0</coordinates></LineString></Placemark>
<Placemark><name>3294912</name><styleUrl>#styleDaimonCIRCUITO34TRECHO</styleUrl><LineString><coordinates>-49.789128,-13.008337,0 -49.788380,-13.009173,0</coordinates></LineString></Placemark>
<Placemark><name>3294911</name><styleUrl>#styleDaimonCIRCUITO34TRECHO</styleUrl><LineString><coordinates>-49.788380,-13.009173,0 -49.787678,-13.010021,0</coordinates></LineString></Placemark>
<Placemark><name>3294667</name><styleUrl>#styleDaimonCIRCUITO34TRECHO</styleUrl><LineString><coordinates>-49.787678,-13.010021,0 -49.786959,-13.010768,0</coordinates></LineString></Placemark>
<Placemark><name>3294666</name><styleUrl>#styleDaimonCIRCUITO34TRECHO</styleUrl><LineString><coordinates>-49.786959,-13.010768,0 -49.786222,-13.011596,0</coordinates></LineString></Placemark>
<Placemark><name>3294665</name><styleUrl>#styleDaimonCIRCUITO34TRECHO</styleUrl><LineString><coordinates>-49.786222,-13.011596,0 -49.785572,-13.012360,0</coordinates></LineString></Placemark>
<Placemark><name>3294925</name><styleUrl>#styleDaimonCIRCUITO34TRECHO</styleUrl><LineString><coordinates>-49.785572,-13.012360,0 -49.784816,-13.013192,0</coordinates></LineString></Placemark>
<Placemark><name>3294926</name><styleUrl>#styleDaimonCIRCUITO34TRECHO</styleUrl><LineString><coordinates>-49.784816,-13.013192,0 -49.784089,-13.013809,0</coordinates></LineString></Placemark>
<Placemark><name>12108436</name><styleUrl>#styleDaimonCIRCUITO34TRECHO</styleUrl><LineString><coordinates>-49.784089,-13.013809,0 -49.784062,-13.013834,0</coordinates></LineString></Placemark>
<Placemark><name>3294927</name><styleUrl>#styleDaimonCIRCUITO34TRECHO</styleUrl><LineString><coordinates>-49.784062,-13.013834,0 -49.782803,-13.015385,0</coordinates></LineString></Placemark>
<Placemark><name>12108437</name><styleUrl>#styleDaimonCIRCUITO34TRECHO</styleUrl><LineString><coordinates>-49.782803,-13.015385,0 -49.782777,-13.015414,0</coordinates></LineString></Placemark>
<Placemark><name>3295169</name><styleUrl>#styleDaimonCIRCUITO34TRECHO</styleUrl><LineString><coordinates>-49.782777,-13.015414,0 -49.782138,-13.016134,0</coordinates></LineString></Placemark>
<Placemark><name>3295168</name><styleUrl>#styleDaimonCIRCUITO34TRECHO</styleUrl><LineString><coordinates>-49.782138,-13.016134,0 -49.781542,-13.016813,0</coordinates></LineString></Placemark>
<Placemark><name>3294928</name><styleUrl>#styleDaimonCIRCUITO34TRECHO</styleUrl><LineString><coordinates>-49.781542,-13.016813,0 -49.780860,-13.017560,0</coordinates></LineString></Placemark>
<Placemark><name>12175439</name><styleUrl>#styleDaimonCIRCUITO34TRECHO</styleUrl><LineString><coordinates>-49.780860,-13.017560,0 -49.780878,-13.017573,0</coordinates></LineString></Placemark>
<Placemark><name>3295172</name><styleUrl>#styleDaimonCIRCUITO34TRECHO</styleUrl><LineString><coordinates>-49.780860,-13.017560,0 -49.779979,-13.018549,0</coordinates></LineString></Placemark>
<Placemark><name>3295174</name><styleUrl>#styleDaimonCIRCUITO34TRECHO</styleUrl><LineString><coordinates>-49.780878,-13.017573,0 -49.781002,-13.017694,0</coordinates></LineString></Placemark>
<Placemark><name>12108541</name><styleUrl>#styleDaimonCIRCUITO34TRECHO</styleUrl><LineString><coordinates>-49.779979,-13.018549,0 -49.779945,-13.018569,0</coordinates></LineString></Placemark>
<Placemark><name>3295173</name><styleUrl>#styleDaimonCIRCUITO34TRECHO</styleUrl><LineString><coordinates>-49.779945,-13.018569,0 -49.778845,-13.018812,0</coordinates></LineString></Placemark>
<Placemark><name>3295170</name><styleUrl>#styleDaimonCIRCUITO34TRECHO</styleUrl><LineString><coordinates>-49.778845,-13.018812,0 -49.778314,-13.018900,0</coordinates></LineString></Placemark>
<Placemark><name>3295171</name><styleUrl>#styleDaimonCIRCUITO34TRECHO</styleUrl><LineString><coordinates>-49.778314,-13.018900,0 -49.778196,-13.018930,0</coordinates></LineString></Placemark>
<Placemark><name>3294423</name><styleUrl>#styleDaimonCIRCUITO34TRECHO</styleUrl><LineString><coordinates>-49.778196,-13.018930,0 -49.777766,-13.019064,0</coordinates></LineString></Placemark>
<Placemark><name>2684260</name><styleUrl>#styleDaimonCIRCUITO34TRECHO</styleUrl><LineString><coordinates>-49.778196,-13.018930,0 -49.778322,-13.019084,0</coordinates></LineString></Placemark>
<Placemark><name>2684089</name><styleUrl>#styleDaimonCIRCUITO34TRECHO</styleUrl><LineString><coordinates>-49.778196,-13.018930,0 -49.778143,-13.018867,0</coordinates></LineString></Placemark>
<Placemark><name>3294186</name><styleUrl>#styleDaimonCIRCUITO34TRECHO</styleUrl><LineString><coordinates>-49.777766,-13.019064,0 -49.777230,-13.019190,0</coordinates></LineString></Placemark>
<Placemark><name>2824431</name><styleUrl>#styleDaimonCIRCUITO34TRECHO</styleUrl><LineString><coordinates>-49.800080,-12.989429,0 -49.799068,-12.988694,0</coordinates></LineString></Placemark>
<Placemark><name>2824687</name><styleUrl>#styleDaimonCIRCUITO34TRECHO</styleUrl><LineString><coordinates>-49.799068,-12.988694,0 -49.798055,-12.987987,0</coordinates></LineString></Placemark>
<Placemark><name>2824430</name><styleUrl>#styleDaimonCIRCUITO34TRECHO</styleUrl><LineString><coordinates>-49.801106,-12.990144,0 -49.800080,-12.989429,0</coordinates></LineString></Placemark>
<Placemark><name>2824429</name><styleUrl>#styleDaimonCIRCUITO34TRECHO</styleUrl><LineString><coordinates>-49.802115,-12.990839,0 -49.801106,-12.990144,0</coordinates></LineString></Placemark>
<Placemark><name>2824428</name><styleUrl>#styleDaimonCIRCUITO34TRECHO</styleUrl><LineString><coordinates>-49.802943,-12.991925,0 -49.802115,-12.990839,0</coordinates></LineString></Placemark>
<Placemark><name>2824427</name><styleUrl>#styleDaimonCIRCUITO34TRECHO</styleUrl><LineString><coordinates>-49.803789,-12.992986,0 -49.802943,-12.991925,0</coordinates></LineString></Placemark>
<Placemark><name>2824426</name><styleUrl>#styleDaimonCIRCUITO34TRECHO</styleUrl><LineString><coordinates>-49.804387,-12.993783,0 -49.803789,-12.992986,0</coordinates></LineString></Placemark>
<Placemark><name>2824425</name><styleUrl>#styleDaimonCIRCUITO34TRECHO</styleUrl><LineString><coordinates>-49.805467,-12.995175,0 -49.804387,-12.993783,0</coordinates></LineString></Placemark>
<Placemark><name>2824424</name><styleUrl>#styleDaimonCIRCUITO34TRECHO</styleUrl><LineString><coordinates>-49.806111,-12.995997,0 -49.805467,-12.995175,0</coordinates></LineString></Placemark>
<Placemark><name>2475430</name><styleUrl>#styleDaimonCIRCUITO34TRECHO</styleUrl><LineString><coordinates>-49.778895,-13.018862,0 -49.779336,-13.019310,0</coordinates></LineString></Placemark>
<Placemark><name>3288607</name><styleUrl>#styleDaimonCIRCUITO34TRECHO</styleUrl><LineString><coordinates>-49.820509,-12.966297,0 -49.819170,-12.966633,0</coordinates></LineString></Placemark>
<Placemark><name>3302185</name><styleUrl>#styleDaimonCIRCUITO34TRECHO</styleUrl><LineString><coordinates>-49.819170,-12.966633,0 -49.818183,-12.967292,0</coordinates></LineString></Placemark>
<Placemark><name>3288608</name><styleUrl>#styleDaimonCIRCUITO34TRECHO</styleUrl><LineString><coordinates>-49.821444,-12.966081,0 -49.820509,-12.966297,0</coordinates></LineString></Placemark>
<Placemark><name>3302186</name><styleUrl>#styleDaimonCIRCUITO34TRECHO</styleUrl><LineString><coordinates>-49.818183,-12.967292,0 -49.817185,-12.967988,0</coordinates></LineString></Placemark>
<Placemark><name>3288609</name><styleUrl>#styleDaimonCIRCUITO34TRECHO</styleUrl><LineString><coordinates>-49.822303,-12.965870,0 -49.821444,-12.966081,0</coordinates></LineString></Placemark>
<Placemark><name>3302184</name><styleUrl>#styleDaimonCIRCUITO34TRECHO</styleUrl><LineString><coordinates>-49.817185,-12.967988,0 -49.816317,-12.968611,0</coordinates></LineString></Placemark>
<Placemark><name>3288610</name><styleUrl>#styleDaimonCIRCUITO34TRECHO</styleUrl><LineString><coordinates>-49.823608,-12.966207,0 -49.822303,-12.965870,0</coordinates></LineString></Placemark>
<Placemark><name>3302459</name><styleUrl>#styleDaimonCIRCUITO34TRECHO</styleUrl><LineString><coordinates>-49.816317,-12.968611,0 -49.814954,-12.968978,0</coordinates></LineString></Placemark>
<Placemark><name>3288611</name><styleUrl>#styleDaimonCIRCUITO34TRECHO</styleUrl><LineString><coordinates>-49.824895,-12.966470,0 -49.823608,-12.966207,0</coordinates></LineString></Placemark>
<Placemark><name>3302460</name><styleUrl>#styleDaimonCIRCUITO34TRECHO</styleUrl><LineString><coordinates>-49.814954,-12.968978,0 -49.813902,-12.969296,0</coordinates></LineString></Placemark>
<Placemark><name>3288612</name><styleUrl>#styleDaimonCIRCUITO34TRECHO</styleUrl><LineString><coordinates>-49.825786,-12.966734,0 -49.824895,-12.966470,0</coordinates></LineString></Placemark>
<Placemark><name>12175464</name><styleUrl>#styleDaimonCIRCUITO34TRECHO</styleUrl><LineString><coordinates>-49.813902,-12.969296,0 -49.813887,-12.969284,0</coordinates></LineString></Placemark>
<Placemark><name>2748280</name><styleUrl>#styleDaimonCIRCUITO34TRECHO</styleUrl><LineString><coordinates>-49.813902,-12.969296,0 -49.813376,-12.970440,0</coordinates></LineString></Placemark>
<Placemark><name>3302461</name><styleUrl>#styleDaimonCIRCUITO34TRECHO</styleUrl><LineString><coordinates>-49.813887,-12.969284,0 -49.812236,-12.968971,0</coordinates></LineString></Placemark>
<Placemark><name>3302469</name><styleUrl>#styleDaimonCIRCUITO34TRECHO</styleUrl><LineString><coordinates>-49.813376,-12.970440,0 -49.812547,-12.972341,0</coordinates></LineString></Placemark>
<Placemark><name>3302468</name><styleUrl>#styleDaimonCIRCUITO34TRECHO</styleUrl><LineString><coordinates>-49.812547,-12.972341,0 -49.812014,-12.973448,0</coordinates></LineString></Placemark>
<Placemark><name>12171006</name><styleUrl>#styleDaimonCIRCUITO34TRECHO</styleUrl><LineString><coordinates>-49.812014,-12.973448,0 -49.811982,-12.973439,0</coordinates></LineString></Placemark>
<Placemark><name>3302467</name><styleUrl>#styleDaimonCIRCUITO34TRECHO</styleUrl><LineString><coordinates>-49.812014,-12.973448,0 -49.811584,-12.974438,0</coordinates></LineString></Placemark>
<Placemark><name>3004116</name><styleUrl>#styleDaimonCIRCUITO34TRECHO</styleUrl><LineString><coordinates>-49.811982,-12.973439,0 -49.811445,-12.972731,0</coordinates></LineString></Placemark>
<Placemark><name>3302466</name><styleUrl>#styleDaimonCIRCUITO34TRECHO</styleUrl><LineString><coordinates>-49.811584,-12.974438,0 -49.811125,-12.975511,0</coordinates></LineString></Placemark>
<Placemark><name>3004117</name><styleUrl>#styleDaimonCIRCUITO34TRECHO</styleUrl><LineString><coordinates>-49.811445,-12.972731,0 -49.810933,-12.971974,0</coordinates></LineString></Placemark>
<Placemark><name>3302465</name><styleUrl>#styleDaimonCIRCUITO34TRECHO</styleUrl><LineString><coordinates>-49.811125,-12.975511,0 -49.810611,-12.976627,0</coordinates></LineString></Placemark>
<Placemark><name>3004118</name><styleUrl>#styleDaimonCIRCUITO34TRECHO</styleUrl><LineString><coordinates>-49.810933,-12.971974,0 -49.810553,-12.971154,0</coordinates></LineString></Placemark>
<Placemark><name>3302464</name><styleUrl>#styleDaimonCIRCUITO34TRECHO</styleUrl><LineString><coordinates>-49.810611,-12.976627,0 -49.810082,-12.977813,0</coordinates></LineString></Placemark>
<Placemark><name>3004119</name><styleUrl>#styleDaimonCIRCUITO34TRECHO</styleUrl><LineString><coordinates>-49.810553,-12.971154,0 -49.810175,-12.970334,0</coordinates></LineString></Placemark>
<Placemark><name>3302463</name><styleUrl>#styleDaimonCIRCUITO34TRECHO</styleUrl><LineString><coordinates>-49.810082,-12.977813,0 -49.809605,-12.978875,0</coordinates></LineString></Placemark>
<Placemark><name>3004120</name><styleUrl>#styleDaimonCIRCUITO34TRECHO</styleUrl><LineString><coordinates>-49.810175,-12.970334,0 -49.809800,-12.969522,0</coordinates></LineString></Placemark>
<Placemark><name>12171007</name><styleUrl>#styleDaimonCIRCUITO34TRECHO</styleUrl><LineString><coordinates>-49.809800,-12.969522,0 -49.809783,-12.969487,0</coordinates></LineString></Placemark>
<Placemark><name>3004121</name><styleUrl>#styleDaimonCIRCUITO34TRECHO</styleUrl><LineString><coordinates>-49.809783,-12.969487,0 -49.809214,-12.967997,0</coordinates></LineString></Placemark>
<Placemark><name>3004122</name><styleUrl>#styleDaimonCIRCUITO34TRECHO</styleUrl><LineString><coordinates>-49.809214,-12.967997,0 -49.808840,-12.967451,0</coordinates></LineString></Placemark>
<Placemark><name>3395405</name><styleUrl>#styleDaimonCIRCUITO34TRECHO</styleUrl><LineString><coordinates>-49.816422,-12.990109,0 -49.815694,-12.988671,0</coordinates></LineString></Placemark>
<Placemark><name>12059100</name><styleUrl>#styleDaimonCIRCUITO34TRECHO</styleUrl><LineString><coordinates>-49.816427,-12.990125,0 -49.816422,-12.990109,0</coordinates></LineString></Placemark>
<Placemark><name>3302754</name><styleUrl>#styleDaimonCIRCUITO34TRECHO</styleUrl><LineString><coordinates>-49.816694,-12.990960,0 -49.816427,-12.990125,0</coordinates></LineString></Placemark>
<Placemark><name>12148280</name><styleUrl>#styleDaimonCIRCUITO34TRECHO</styleUrl><LineString><coordinates>-49.862095,-12.977455,0 -49.862106,-12.977438,0</coordinates></LineString></Placemark>
<Placemark><name>3497933</name><styleUrl>#styleDaimonCIRCUITO34TRECHO</styleUrl><LineString><coordinates>-49.862106,-12.977438,0 -49.862284,-12.977343,0</coordinates></LineString></Placemark>
<Placemark><name>3497932</name><styleUrl>#styleDaimonCIRCUITO34TRECHO</styleUrl><LineString><coordinates>-49.861291,-12.977035,0 -49.862095,-12.977455,0</coordinates></LineString></Placemark>
<Placemark><name>2748065</name><styleUrl>#styleDaimonCIRCUITO34TRECHO</styleUrl><LineString><coordinates>-49.862095,-12.977455,0 -49.863187,-12.978049,0</coordinates></LineString></Placemark>
<Placemark><name>3497674</name><styleUrl>#styleDaimonCIRCUITO34TRECHO</styleUrl><LineString><coordinates>-49.859873,-12.976313,0 -49.861291,-12.977035,0</coordinates></LineString></Placemark>
<Placemark><name>3497675</name><styleUrl>#styleDaimonCIRCUITO34TRECHO</styleUrl><LineString><coordinates>-49.859254,-12.975947,0 -49.859873,-12.976313,0</coordinates></LineString></Placemark>
<Placemark><name>3497676</name><styleUrl>#styleDaimonCIRCUITO34TRECHO</styleUrl><LineString><coordinates>-49.858005,-12.975299,0 -49.859254,-12.975947,0</coordinates></LineString></Placemark>
<Placemark><name>3497931</name><styleUrl>#styleDaimonCIRCUITO34TRECHO</styleUrl><LineString><coordinates>-49.856483,-12.974480,0 -49.858005,-12.975299,0</coordinates></LineString></Placemark>
<Placemark><name>12148279</name><styleUrl>#styleDaimonCIRCUITO34TRECHO</styleUrl><LineString><coordinates>-49.856461,-12.974451,0 -49.856483,-12.974480,0</coordinates></LineString></Placemark>
<Placemark><name>3395404</name><styleUrl>#styleDaimonCIRCUITO34TRECHO</styleUrl><LineString><coordinates>-49.856236,-12.973748,0 -49.856461,-12.974451,0</coordinates></LineString></Placemark>
<Placemark><name>12150116</name><styleUrl>#styleDaimonCIRCUITO34TRECHO</styleUrl><LineString><coordinates>-49.856232,-12.973733,0 -49.856236,-12.973748,0</coordinates></LineString></Placemark>
<Placemark><name>3497669</name><styleUrl>#styleDaimonCIRCUITO34TRECHO</styleUrl><LineString><coordinates>-49.856056,-12.973033,0 -49.856232,-12.973733,0</coordinates></LineString></Placemark>
<Placemark><name>3668635</name><styleUrl>#styleDaimonCIRCUITO34TRECHO</styleUrl><LineString><coordinates>-49.856232,-12.973733,0 -49.856218,-12.973728,0</coordinates></LineString></Placemark>
<Placemark><name>3497670</name><styleUrl>#styleDaimonCIRCUITO34TRECHO</styleUrl><LineString><coordinates>-49.855455,-12.971123,0 -49.856056,-12.973033,0</coordinates></LineString></Placemark>
<Placemark><name>12148278</name><styleUrl>#styleDaimonCIRCUITO34TRECHO</styleUrl><LineString><coordinates>-49.855455,-12.971123,0 -49.855473,-12.971117,0</coordinates></LineString></Placemark>
<Placemark><name>2748064</name><styleUrl>#styleDaimonCIRCUITO34TRECHO</styleUrl><LineString><coordinates>-49.855212,-12.970318,0 -49.855455,-12.971123,0</coordinates></LineString></Placemark>
<Placemark><name>3497668</name><styleUrl>#styleDaimonCIRCUITO34TRECHO</styleUrl><LineString><coordinates>-49.854763,-12.968872,0 -49.855212,-12.970318,0</coordinates></LineString></Placemark>
<Placemark><name>3497661</name><styleUrl>#styleDaimonCIRCUITO34TRECHO</styleUrl><LineString><coordinates>-49.854553,-12.968226,0 -49.854763,-12.968872,0</coordinates></LineString></Placemark>
<Placemark><name>12148277</name><styleUrl>#styleDaimonCIRCUITO34TRECHO</styleUrl><LineString><coordinates>-49.854553,-12.968226,0 -49.854573,-12.968221,0</coordinates></LineString></Placemark>
<Placemark><name>3497662</name><styleUrl>#styleDaimonCIRCUITO34TRECHO</styleUrl><LineString><coordinates>-49.854175,-12.967028,0 -49.854553,-12.968226,0</coordinates></LineString></Placemark>
<Placemark><name>3497663</name><styleUrl>#styleDaimonCIRCUITO34TRECHO</styleUrl><LineString><coordinates>-49.853829,-12.965852,0 -49.854175,-12.967028,0</coordinates></LineString></Placemark>
<Placemark><name>3497664</name><styleUrl>#styleDaimonCIRCUITO34TRECHO</styleUrl><LineString><coordinates>-49.853496,-12.964684,0 -49.853829,-12.965852,0</coordinates></LineString></Placemark>
<Placemark><name>3497665</name><styleUrl>#styleDaimonCIRCUITO34TRECHO</styleUrl><LineString><coordinates>-49.853139,-12.963501,0 -49.853496,-12.964684,0</coordinates></LineString></Placemark>
<Placemark><name>3497666</name><styleUrl>#styleDaimonCIRCUITO34TRECHO</styleUrl><LineString><coordinates>-49.852771,-12.962323,0 -49.853139,-12.963501,0</coordinates></LineString></Placemark>
<Placemark><name>3497667</name><styleUrl>#styleDaimonCIRCUITO34TRECHO</styleUrl><LineString><coordinates>-49.852431,-12.961175,0 -49.852771,-12.962323,0</coordinates></LineString></Placemark>
<Placemark><name>12133682</name><styleUrl>#styleDaimonCIRCUITO34TRECHO</styleUrl><LineString><coordinates>-49.852401,-12.961153,0 -49.852431,-12.961175,0</coordinates></LineString></Placemark>
<Placemark><name>3395403</name><styleUrl>#styleDaimonCIRCUITO34TRECHO</styleUrl><LineString><coordinates>-49.851655,-12.961102,0 -49.852401,-12.961153,0</coordinates></LineString></Placemark>
<Placemark><name>12133681</name><styleUrl>#styleDaimonCIRCUITO34TRECHO</styleUrl><LineString><coordinates>-49.851638,-12.961100,0 -49.851655,-12.961102,0</coordinates></LineString></Placemark>
<Placemark><name>3497660</name><styleUrl>#styleDaimonCIRCUITO34TRECHO</styleUrl><LineString><coordinates>-49.850526,-12.961030,0 -49.851638,-12.961100,0</coordinates></LineString></Placemark>
<Placemark><name>3497407</name><styleUrl>#styleDaimonCIRCUITO34TRECHO</styleUrl><LineString><coordinates>-49.849558,-12.960961,0 -49.850526,-12.961030,0</coordinates></LineString></Placemark>
<Placemark><name>3505632</name><styleUrl>#styleDaimonCIRCUITO34TRECHO</styleUrl><LineString><coordinates>-49.848119,-12.960842,0 -49.849558,-12.960961,0</coordinates></LineString></Placemark>
<Placemark><name>3505633</name><styleUrl>#styleDaimonCIRCUITO34TRECHO</styleUrl><LineString><coordinates>-49.847097,-12.960770,0 -49.848119,-12.960842,0</coordinates></LineString></Placemark>
<Placemark><name>3505634</name><styleUrl>#styleDaimonCIRCUITO34TRECHO</styleUrl><LineString><coordinates>-49.846102,-12.960689,0 -49.847097,-12.960770,0</coordinates></LineString></Placemark>
<Placemark><name>3505635</name><styleUrl>#styleDaimonCIRCUITO34TRECHO</styleUrl><LineString><coordinates>-49.844742,-12.960568,0 -49.846102,-12.960689,0</coordinates></LineString></Placemark>
<Placemark><name>3505636</name><styleUrl>#styleDaimonCIRCUITO34TRECHO</styleUrl><LineString><coordinates>-49.843676,-12.960532,0 -49.844742,-12.960568,0</coordinates></LineString></Placemark>
<Placemark><name>12148275</name><styleUrl>#styleDaimonCIRCUITO34TRECHO</styleUrl><LineString><coordinates>-49.843640,-12.960528,0 -49.843676,-12.960532,0</coordinates></LineString></Placemark>
<Placemark><name>3395402</name><styleUrl>#styleDaimonCIRCUITO34TRECHO</styleUrl><LineString><coordinates>-49.842415,-12.960391,0 -49.843640,-12.960528,0</coordinates></LineString></Placemark>
<Placemark><name>12150115</name><styleUrl>#styleDaimonCIRCUITO34TRECHO</styleUrl><LineString><coordinates>-49.842398,-12.960389,0 -49.842415,-12.960391,0</coordinates></LineString></Placemark>
<Placemark><name>3505637</name><styleUrl>#styleDaimonCIRCUITO34TRECHO</styleUrl><LineString><coordinates>-49.841208,-12.960035,0 -49.842398,-12.960389,0</coordinates></LineString></Placemark>
<Placemark><name>3505638</name><styleUrl>#styleDaimonCIRCUITO34TRECHO</styleUrl><LineString><coordinates>-49.840424,-12.959953,0 -49.841208,-12.960035,0</coordinates></LineString></Placemark>
<Placemark><name>3505844</name><styleUrl>#styleDaimonCIRCUITO34TRECHO</styleUrl><LineString><coordinates>-49.839087,-12.960125,0 -49.840424,-12.959953,0</coordinates></LineString></Placemark>
<Placemark><name>3505845</name><styleUrl>#styleDaimonCIRCUITO34TRECHO</styleUrl><LineString><coordinates>-49.837787,-12.960013,0 -49.839087,-12.960125,0</coordinates></LineString></Placemark>
<Placemark><name>3505846</name><styleUrl>#styleDaimonCIRCUITO34TRECHO</styleUrl><LineString><coordinates>-49.836623,-12.959929,0 -49.837787,-12.960013,0</coordinates></LineString></Placemark>
<Placemark><name>3505847</name><styleUrl>#styleDaimonCIRCUITO34TRECHO</styleUrl><LineString><coordinates>-49.835295,-12.959847,0 -49.836623,-12.959929,0</coordinates></LineString></Placemark>
<Placemark><name>12148390</name><styleUrl>#styleDaimonCIRCUITO34TRECHO</styleUrl><LineString><coordinates>-49.835268,-12.959819,0 -49.835295,-12.959847,0</coordinates></LineString></Placemark>
<Placemark><name>3395401</name><styleUrl>#styleDaimonCIRCUITO34TRECHO</styleUrl><LineString><coordinates>-49.835398,-12.958796,0 -49.835268,-12.959819,0</coordinates></LineString></Placemark>
<Placemark><name>12150344</name><styleUrl>#styleDaimonCIRCUITO34TRECHO</styleUrl><LineString><coordinates>-49.835401,-12.958779,0 -49.835398,-12.958796,0</coordinates></LineString></Placemark>
<Placemark><name>3668636</name><styleUrl>#styleDaimonCIRCUITO34TRECHO</styleUrl><LineString><coordinates>-49.835401,-12.958779,0 -49.835391,-12.958790,0</coordinates></LineString></Placemark>
<Placemark><name>3507654</name><styleUrl>#styleDaimonCIRCUITO34TRECHO</styleUrl><LineString><coordinates>-49.835527,-12.957882,0 -49.835401,-12.958779,0</coordinates></LineString></Placemark>
<Placemark><name>3507653</name><styleUrl>#styleDaimonCIRCUITO34TRECHO</styleUrl><LineString><coordinates>-49.835661,-12.956701,0 -49.835527,-12.957882,0</coordinates></LineString></Placemark>
<Placemark><name>3559327</name><styleUrl>#styleDaimonCIRCUITO34TRECHO</styleUrl><LineString><coordinates>-49.835644,-12.955097,0 -49.835661,-12.956701,0</coordinates></LineString></Placemark>
<Placemark><name>12153741</name><styleUrl>#styleDaimonCIRCUITO34TRECHO</styleUrl><LineString><coordinates>-49.835630,-12.955064,0 -49.835644,-12.955097,0</coordinates></LineString></Placemark>
<Placemark><name>12148389</name><styleUrl>#styleDaimonCIRCUITO34TRECHO</styleUrl><LineString><coordinates>-49.835630,-12.955064,0 -49.835659,-12.955071,0</coordinates></LineString></Placemark>
<Placemark><name>3507651</name><styleUrl>#styleDaimonCIRCUITO34TRECHO</styleUrl><LineString><coordinates>-49.834942,-12.954144,0 -49.835630,-12.955064,0</coordinates></LineString></Placemark>
<Placemark><name>3507652</name><styleUrl>#styleDaimonCIRCUITO34TRECHO</styleUrl><LineString><coordinates>-49.835659,-12.955071,0 -49.836096,-12.954965,0</coordinates></LineString></Placemark>
<Placemark><name>3507650</name><styleUrl>#styleDaimonCIRCUITO34TRECHO</styleUrl><LineString><coordinates>-49.834203,-12.953476,0 -49.834942,-12.954144,0</coordinates></LineString></Placemark>
<Placemark><name>12153740</name><styleUrl>#styleDaimonCIRCUITO34TRECHO</styleUrl><LineString><coordinates>-49.836096,-12.954965,0 -49.836123,-12.954957,0</coordinates></LineString></Placemark>
<Placemark><name>12153738</name><styleUrl>#styleDaimonCIRCUITO34TRECHO</styleUrl><LineString><coordinates>-49.836096,-12.954965,0 -49.836106,-12.954944,0</coordinates></LineString></Placemark>
<Placemark><name>3507649</name><styleUrl>#styleDaimonCIRCUITO34TRECHO</styleUrl><LineString><coordinates>-49.833434,-12.952706,0 -49.834203,-12.953476,0</coordinates></LineString></Placemark>
<Placemark><name>2476683</name><styleUrl>#styleDaimonCIRCUITO34TRECHO</styleUrl><LineString><coordinates>-49.836123,-12.954957,0 -49.836540,-12.954861,0</coordinates></LineString></Placemark>
<Placemark><name>3559323</name><styleUrl>#styleDaimonCIRCUITO34TRECHO</styleUrl><LineString><coordinates>-49.836106,-12.954944,0 -49.836070,-12.954720,0</coordinates></LineString></Placemark>
<Placemark><name>12148388</name><styleUrl>#styleDaimonCIRCUITO34TRECHO</styleUrl><LineString><coordinates>-49.833402,-12.952688,0 -49.833434,-12.952706,0</coordinates></LineString></Placemark>
<Placemark><name>12153739</name><styleUrl>#styleDaimonCIRCUITO34TRECHO</styleUrl><LineString><coordinates>-49.836070,-12.954720,0 -49.836064,-12.954683,0</coordinates></LineString></Placemark>
<Placemark><name>3507647</name><styleUrl>#styleDaimonCIRCUITO34TRECHO</styleUrl><LineString><coordinates>-49.831218,-12.952280,0 -49.833402,-12.952688,0</coordinates></LineString></Placemark>
<Placemark><name>3559324</name><styleUrl>#styleDaimonCIRCUITO34TRECHO</styleUrl><LineString><coordinates>-49.836064,-12.954683,0 -49.836379,-12.954276,0</coordinates></LineString></Placemark>
<Placemark><name>12148281</name><styleUrl>#styleDaimonCIRCUITO34TRECHO</styleUrl><LineString><coordinates>-49.831183,-12.952273,0 -49.831218,-12.952280,0</coordinates></LineString></Placemark>
<Placemark><name>3559325</name><styleUrl>#styleDaimonCIRCUITO34TRECHO</styleUrl><LineString><coordinates>-49.836379,-12.954276,0 -49.837318,-12.953788,0</coordinates></LineString></Placemark>
<Placemark><name>3507648</name><styleUrl>#styleDaimonCIRCUITO34TRECHO</styleUrl><LineString><coordinates>-49.830562,-12.952170,0 -49.831183,-12.952273,0</coordinates></LineString></Placemark>
<Placemark><name>3559326</name><styleUrl>#styleDaimonCIRCUITO34TRECHO</styleUrl><LineString><coordinates>-49.837318,-12.953788,0 -49.838166,-12.953354,0</coordinates></LineString></Placemark>
<Placemark><name>2514010</name><styleUrl>#styleDaimonCIRCUITO34TRECHO</styleUrl><LineString><coordinates>-49.838710,-12.994842,0 -49.838827,-12.994736,0</coordinates></LineString></Placemark>
<Placemark><name>12083089</name><styleUrl>#styleDaimonCIRCUITO34TRECHO</styleUrl><LineString><coordinates>-49.838703,-12.994852,0 -49.838710,-12.994842,0</coordinates></LineString></Placemark>
<Placemark><name>3529109</name><styleUrl>#styleDaimonCIRCUITO34TRECHO</styleUrl><LineString><coordinates>-49.838703,-12.994852,0 -49.839763,-12.995690,0</coordinates></LineString></Placemark>
<Placemark><name>3529108</name><styleUrl>#styleDaimonCIRCUITO34TRECHO</styleUrl><LineString><coordinates>-49.837616,-12.993941,0 -49.838703,-12.994852,0</coordinates></LineString></Placemark>
<Placemark><name>3529339</name><styleUrl>#styleDaimonCIRCUITO34TRECHO</styleUrl><LineString><coordinates>-49.839763,-12.995690,0 -49.840908,-12.996569,0</coordinates></LineString></Placemark>
<Placemark><name>3529105</name><styleUrl>#styleDaimonCIRCUITO34TRECHO</styleUrl><LineString><coordinates>-49.836701,-12.993249,0 -49.837616,-12.993941,0</coordinates></LineString></Placemark>
<Placemark><name>3529106</name><styleUrl>#styleDaimonCIRCUITO34TRECHO</styleUrl><LineString><coordinates>-49.835449,-12.992401,0 -49.836701,-12.993249,0</coordinates></LineString></Placemark>
<Placemark><name>3529107</name><styleUrl>#styleDaimonCIRCUITO34TRECHO</styleUrl><LineString><coordinates>-49.834285,-12.991633,0 -49.835449,-12.992401,0</coordinates></LineString></Placemark>
<Placemark><name>3529104</name><styleUrl>#styleDaimonCIRCUITO34TRECHO</styleUrl><LineString><coordinates>-49.833182,-12.990911,0 -49.834285,-12.991633,0</coordinates></LineString></Placemark>
<Placemark><name>3529103</name><styleUrl>#styleDaimonCIRCUITO34TRECHO</styleUrl><LineString><coordinates>-49.832062,-12.990193,0 -49.833182,-12.990911,0</coordinates></LineString></Placemark>
<Placemark><name>2748282</name><styleUrl>#styleDaimonCIRCUITO34TRECHO</styleUrl><LineString><coordinates>-49.830870,-12.989395,0 -49.832062,-12.990193,0</coordinates></LineString></Placemark>
<Placemark><name>3529100</name><styleUrl>#styleDaimonCIRCUITO34TRECHO</styleUrl><LineString><coordinates>-49.829750,-12.988664,0 -49.830870,-12.989395,0</coordinates></LineString></Placemark>
<Placemark><name>3529101</name><styleUrl>#styleDaimonCIRCUITO34TRECHO</styleUrl><LineString><coordinates>-49.828581,-12.987833,0 -49.829750,-12.988664,0</coordinates></LineString></Placemark>
<Placemark><name>3529102</name><styleUrl>#styleDaimonCIRCUITO34TRECHO</styleUrl><LineString><coordinates>-49.827459,-12.987096,0 -49.828581,-12.987833,0</coordinates></LineString></Placemark>
<Placemark><name>3529099</name><styleUrl>#styleDaimonCIRCUITO34TRECHO</styleUrl><LineString><coordinates>-49.826301,-12.986350,0 -49.827459,-12.987096,0</coordinates></LineString></Placemark>
<Placemark><name>3529098</name><styleUrl>#styleDaimonCIRCUITO34TRECHO</styleUrl><LineString><coordinates>-49.825144,-12.985580,0 -49.826301,-12.986350,0</coordinates></LineString></Placemark>
<Placemark><name>3529097</name><styleUrl>#styleDaimonCIRCUITO34TRECHO</styleUrl><LineString><coordinates>-49.823973,-12.984774,0 -49.825144,-12.985580,0</coordinates></LineString></Placemark>
<Placemark><name>3529096</name><styleUrl>#styleDaimonCIRCUITO34TRECHO</styleUrl><LineString><coordinates>-49.822780,-12.984030,0 -49.823973,-12.984774,0</coordinates></LineString></Placemark>
<Placemark><name>3513022</name><styleUrl>#styleDaimonCIRCUITO34TRECHO</styleUrl><LineString><coordinates>-49.821760,-12.983297,0 -49.822780,-12.984030,0</coordinates></LineString></Placemark>
<Placemark><name>3302476</name><styleUrl>#styleDaimonCIRCUITO34TRECHO</styleUrl><LineString><coordinates>-49.821376,-12.976552,0 -49.820494,-12.976208,0</coordinates></LineString></Placemark>
<Placemark><name>3302747</name><styleUrl>#styleDaimonCIRCUITO34TRECHO</styleUrl><LineString><coordinates>-49.820494,-12.976208,0 -49.819642,-12.975900,0</coordinates></LineString></Placemark>
<Placemark><name>3302475</name><styleUrl>#styleDaimonCIRCUITO34TRECHO</styleUrl><LineString><coordinates>-49.822584,-12.976991,0 -49.821376,-12.976552,0</coordinates></LineString></Placemark>
<Placemark><name>2684263</name><styleUrl>#styleDaimonCIRCUITO34TRECHO</styleUrl><LineString><coordinates>-49.813788,-12.993943,0 -49.813901,-12.994123,0</coordinates></LineString></Placemark>
<Placemark><name>36396249</name><styleUrl>#styleDaimonCIRCUITO34TRECHO</styleUrl><LineString><coordinates>-49.789880,-13.000979,0 -49.789082,-13.000280,0</coordinates></LineString></Placemark>
<Placemark><name>36396237</name><styleUrl>#styleDaimonCIRCUITO34TRECHO</styleUrl><LineString><coordinates>-49.789082,-13.000280,0 -49.788264,-12.999622,0</coordinates></LineString></Placemark>
<Placemark><name>36396248</name><styleUrl>#styleDaimonCIRCUITO34TRECHO</styleUrl><LineString><coordinates>-49.790685,-13.001692,0 -49.789880,-13.000979,0</coordinates></LineString></Placemark>
<Placemark><name>36396204</name><styleUrl>#styleDaimonCIRCUITO34TRECHO</styleUrl><LineString><coordinates>-49.788264,-12.999622,0 -49.788234,-12.999598,0</coordinates></LineString></Placemark>
<Placemark><name>36396247</name><styleUrl>#styleDaimonCIRCUITO34TRECHO</styleUrl><LineString><coordinates>-49.791484,-13.002382,0 -49.790685,-13.001692,0</coordinates></LineString></Placemark>
<Placemark><name>36396268</name><styleUrl>#styleDaimonCIRCUITO34TRECHO</styleUrl><LineString><coordinates>-49.788234,-12.999598,0 -49.787581,-12.999028,0</coordinates></LineString></Placemark>
<Placemark><name>36396246</name><styleUrl>#styleDaimonCIRCUITO34TRECHO</styleUrl><LineString><coordinates>-49.792291,-13.003085,0 -49.791484,-13.002382,0</coordinates></LineString></Placemark>
<Placemark><name>36396262</name><styleUrl>#styleDaimonCIRCUITO34TRECHO</styleUrl><LineString><coordinates>-49.787581,-12.999028,0 -49.786830,-12.998388,0</coordinates></LineString></Placemark>
<Placemark><name>36396198</name><styleUrl>#styleDaimonCIRCUITO34TRECHO</styleUrl><LineString><coordinates>-49.792318,-13.003106,0 -49.792291,-13.003085,0</coordinates></LineString></Placemark>
<Placemark><name>36396210</name><styleUrl>#styleDaimonCIRCUITO34TRECHO</styleUrl><LineString><coordinates>-49.786830,-12.998388,0 -49.786806,-12.998365,0</coordinates></LineString></Placemark>
<Placemark><name>36396232</name><styleUrl>#styleDaimonCIRCUITO34TRECHO</styleUrl><LineString><coordinates>-49.793127,-13.003723,0 -49.792318,-13.003106,0</coordinates></LineString></Placemark>
<Placemark><name>36396282</name><styleUrl>#styleDaimonCIRCUITO34TRECHO</styleUrl><LineString><coordinates>-49.786806,-12.998365,0 -49.786229,-12.997693,0</coordinates></LineString></Placemark>
<Placemark><name>36396283</name><styleUrl>#styleDaimonCIRCUITO34TRECHO</styleUrl><LineString><coordinates>-49.786229,-12.997693,0 -49.785537,-12.996866,0</coordinates></LineString></Placemark>
<Placemark><name>36396284</name><styleUrl>#styleDaimonCIRCUITO34TRECHO</styleUrl><LineString><coordinates>-49.785537,-12.996866,0 -49.784756,-12.995959,0</coordinates></LineString></Placemark>
<Placemark><name>36396285</name><styleUrl>#styleDaimonCIRCUITO34TRECHO</styleUrl><LineString><coordinates>-49.784756,-12.995959,0 -49.784196,-12.995313,0</coordinates></LineString></Placemark>
<Placemark><name>36396286</name><styleUrl>#styleDaimonCIRCUITO34TRECHO</styleUrl><LineString><coordinates>-49.784196,-12.995313,0 -49.783920,-12.995004,0</coordinates></LineString></Placemark>
<Placemark><name>36396272</name><styleUrl>#styleDaimonCIRCUITO34TRECHO</styleUrl><LineString><coordinates>-49.783920,-12.995004,0 -49.783233,-12.994231,0</coordinates></LineString></Placemark>
<Placemark><name>36396216</name><styleUrl>#styleDaimonCIRCUITO34TRECHO</styleUrl><LineString><coordinates>-49.783233,-12.994231,0 -49.783202,-12.994209,0</coordinates></LineString></Placemark>
<Placemark><name>36396311</name><styleUrl>#styleDaimonCIRCUITO34TRECHO</styleUrl><LineString><coordinates>-49.783202,-12.994209,0 -49.782373,-12.993827,0</coordinates></LineString></Placemark>
<Placemark><name>36396312</name><styleUrl>#styleDaimonCIRCUITO34TRECHO</styleUrl><LineString><coordinates>-49.782373,-12.993827,0 -49.781537,-12.993458,0</coordinates></LineString></Placemark>
<Placemark><name>36396313</name><styleUrl>#styleDaimonCIRCUITO34TRECHO</styleUrl><LineString><coordinates>-49.781537,-12.993458,0 -49.780666,-12.993060,0</coordinates></LineString></Placemark>
<Placemark><name>36396314</name><styleUrl>#styleDaimonCIRCUITO34TRECHO</styleUrl><LineString><coordinates>-49.780666,-12.993060,0 -49.779844,-12.992699,0</coordinates></LineString></Placemark>
<Placemark><name>36396302</name><styleUrl>#styleDaimonCIRCUITO34TRECHO</styleUrl><LineString><coordinates>-49.779844,-12.992699,0 -49.779004,-12.992377,0</coordinates></LineString></Placemark>
<Placemark><name>36396222</name><styleUrl>#styleDaimonCIRCUITO34TRECHO</styleUrl><LineString><coordinates>-49.779004,-12.992377,0 -49.778969,-12.992363,0</coordinates></LineString></Placemark>
<Placemark><name>36396337</name><styleUrl>#styleDaimonCIRCUITO34TRECHO</styleUrl><LineString><coordinates>-49.778969,-12.992363,0 -49.778055,-12.991970,0</coordinates></LineString></Placemark>
<Placemark><name>36396338</name><styleUrl>#styleDaimonCIRCUITO34TRECHO</styleUrl><LineString><coordinates>-49.778055,-12.991970,0 -49.777228,-12.991609,0</coordinates></LineString></Placemark>
<Placemark><name>36396339</name><styleUrl>#styleDaimonCIRCUITO34TRECHO</styleUrl><LineString><coordinates>-49.777228,-12.991609,0 -49.776376,-12.991248,0</coordinates></LineString></Placemark>
<Placemark><name>36396340</name><styleUrl>#styleDaimonCIRCUITO34TRECHO</styleUrl><LineString><coordinates>-49.776376,-12.991248,0 -49.775501,-12.990881,0</coordinates></LineString></Placemark>
<Placemark><name>36396341</name><styleUrl>#styleDaimonCIRCUITO34TRECHO</styleUrl><LineString><coordinates>-49.775501,-12.990881,0 -49.774716,-12.990550,0</coordinates></LineString></Placemark>
<Placemark><name>36396327</name><styleUrl>#styleDaimonCIRCUITO34TRECHO</styleUrl><LineString><coordinates>-49.774716,-12.990550,0 -49.773847,-12.990183,0</coordinates></LineString></Placemark>
<Placemark><name>36396227</name><styleUrl>#styleDaimonCIRCUITO34TRECHO</styleUrl><LineString><coordinates>-49.773847,-12.990183,0 -49.773799,-12.990166,0</coordinates></LineString></Placemark>
<Placemark><name>36396357</name><styleUrl>#styleDaimonCIRCUITO34TRECHO</styleUrl><LineString><coordinates>-49.773799,-12.990166,0 -49.773211,-12.989994,0</coordinates></LineString></Placemark>
<Placemark><name>3302753</name><styleUrl>#styleDaimonCIRCUITO34TRECHO</styleUrl><LineString><coordinates>-49.818501,-12.986720,0 -49.817670,-12.986178,0</coordinates></LineString></Placemark>
<Placemark><name>3294740</name><styleUrl>#styleDaimonCIRCUITO34TRECHO</styleUrl><LineString><coordinates>-49.819234,-12.998953,0 -49.820071,-12.999817,0</coordinates></LineString></Placemark>
<Placemark><name>3293699</name><styleUrl>#styleDaimonCIRCUITO34TRECHO</styleUrl><LineString><coordinates>-49.820071,-12.999817,0 -49.821174,-13.000966,0</coordinates></LineString></Placemark>
<Placemark><name>3294741</name><styleUrl>#styleDaimonCIRCUITO34TRECHO</styleUrl><LineString><coordinates>-49.818314,-12.997873,0 -49.819234,-12.998953,0</coordinates></LineString></Placemark>
<Placemark><name>3293698</name><styleUrl>#styleDaimonCIRCUITO34TRECHO</styleUrl><LineString><coordinates>-49.821174,-13.000966,0 -49.822152,-13.001985,0</coordinates></LineString></Placemark>
<Placemark><name>3294742</name><styleUrl>#styleDaimonCIRCUITO34TRECHO</styleUrl><LineString><coordinates>-49.817342,-12.996905,0 -49.818314,-12.997873,0</coordinates></LineString></Placemark>
<Placemark><name>3293697</name><styleUrl>#styleDaimonCIRCUITO34TRECHO</styleUrl><LineString><coordinates>-49.822152,-13.001985,0 -49.823085,-13.002929,0</coordinates></LineString></Placemark>
<Placemark><name>2744466</name><styleUrl>#styleDaimonCIRCUITO34TRECHO</styleUrl><LineString><coordinates>-49.816361,-12.995878,0 -49.817342,-12.996905,0</coordinates></LineString></Placemark>
<Placemark><name>12150839</name><styleUrl>#styleDaimonCIRCUITO34TRECHO</styleUrl><LineString><coordinates>-49.823085,-13.002929,0 -49.823110,-13.002958,0</coordinates></LineString></Placemark>
<Placemark><name>3287852</name><styleUrl>#styleDaimonCIRCUITO34TRECHO</styleUrl><LineString><coordinates>-49.815308,-12.994856,0 -49.816361,-12.995878,0</coordinates></LineString></Placemark>
<Placemark><name>3287853</name><styleUrl>#styleDaimonCIRCUITO34TRECHO</styleUrl><LineString><coordinates>-49.823110,-13.002958,0 -49.824029,-13.003940,0</coordinates></LineString></Placemark>
<Placemark><name>3294743</name><styleUrl>#styleDaimonCIRCUITO34TRECHO</styleUrl><LineString><coordinates>-49.814463,-12.993929,0 -49.815308,-12.994856,0</coordinates></LineString></Placemark>
<Placemark><name>3293696</name><styleUrl>#styleDaimonCIRCUITO34TRECHO</styleUrl><LineString><coordinates>-49.824029,-13.003940,0 -49.824908,-13.004848,0</coordinates></LineString></Placemark>
<Placemark><name>2744596</name><styleUrl>#styleDaimonCIRCUITO34TRECHO</styleUrl><LineString><coordinates>-49.824908,-13.004848,0 -49.826362,-13.006249,0</coordinates></LineString></Placemark>
<Placemark><name>3293694</name><styleUrl>#styleDaimonCIRCUITO34TRECHO</styleUrl><LineString><coordinates>-49.826362,-13.006249,0 -49.827381,-13.007450,0</coordinates></LineString></Placemark>
<Placemark><name>3293695</name><styleUrl>#styleDaimonCIRCUITO34TRECHO</styleUrl><LineString><coordinates>-49.827381,-13.007450,0 -49.828228,-13.008670,0</coordinates></LineString></Placemark>
<Placemark><name>3293693</name><styleUrl>#styleDaimonCIRCUITO34TRECHO</styleUrl><LineString><coordinates>-49.828228,-13.008670,0 -49.829097,-13.009894,0</coordinates></LineString></Placemark>
<Placemark><name>3293692</name><styleUrl>#styleDaimonCIRCUITO34TRECHO</styleUrl><LineString><coordinates>-49.829097,-13.009894,0 -49.829804,-13.010862,0</coordinates></LineString></Placemark>
<Placemark><name>3293691</name><styleUrl>#styleDaimonCIRCUITO34TRECHO</styleUrl><LineString><coordinates>-49.829804,-13.010862,0 -49.830597,-13.012083,0</coordinates></LineString></Placemark>
<Placemark><name>3287854</name><styleUrl>#styleDaimonCIRCUITO34TRECHO</styleUrl><LineString><coordinates>-49.830597,-13.012083,0 -49.831135,-13.012835,0</coordinates></LineString></Placemark>
<Placemark><name>2822688</name><styleUrl>#styleDaimonCIRCUITO34TRECHO</styleUrl><LineString><coordinates>-49.781025,-13.017764,0 -49.781230,-13.018387,0</coordinates></LineString></Placemark>
<Placemark><name>12038311</name><styleUrl>#styleDaimonCIRCUITO34TRECHO</styleUrl><LineString><coordinates>-49.826437,-12.956604,0 -49.826430,-12.956629,0</coordinates></LineString></Placemark>
<Placemark><name>2706341</name><styleUrl>#styleDaimonCIRCUITO34TRECHO</styleUrl><LineString><coordinates>-49.827594,-12.956569,0 -49.826437,-12.956604,0</coordinates></LineString></Placemark>
<Placemark><name>3668639</name><styleUrl>#styleDaimonCIRCUITO34TRECHO</styleUrl><LineString><coordinates>-49.826437,-12.956604,0 -49.826426,-12.956594,0</coordinates></LineString></Placemark>
<Placemark><name>2706110</name><styleUrl>#styleDaimonCIRCUITO34TRECHO</styleUrl><LineString><coordinates>-49.826430,-12.956629,0 -49.825564,-12.957559,0</coordinates></LineString></Placemark>
<Placemark><name>12038310</name><styleUrl>#styleDaimonCIRCUITO34TRECHO</styleUrl><LineString><coordinates>-49.827623,-12.956566,0 -49.827594,-12.956569,0</coordinates></LineString></Placemark>
<Placemark><name>12038309</name><styleUrl>#styleDaimonCIRCUITO34TRECHO</styleUrl><LineString><coordinates>-49.825564,-12.957559,0 -49.825549,-12.957580,0</coordinates></LineString></Placemark>
<Placemark><name>3625123</name><styleUrl>#styleDaimonCIRCUITO34TRECHO</styleUrl><LineString><coordinates>-49.828967,-12.956214,0 -49.827623,-12.956566,0</coordinates></LineString></Placemark>
<Placemark><name>2706112</name><styleUrl>#styleDaimonCIRCUITO34TRECHO</styleUrl><LineString><coordinates>-49.825549,-12.957580,0 -49.825393,-12.957770,0</coordinates></LineString></Placemark>
<Placemark><name>2706354</name><styleUrl>#styleDaimonCIRCUITO34TRECHO</styleUrl><LineString><coordinates>-49.825393,-12.957770,0 -49.824740,-12.958628,0</coordinates></LineString></Placemark>
<Placemark><name>12037896</name><styleUrl>#styleDaimonCIRCUITO34TRECHO</styleUrl><LineString><coordinates>-49.824740,-12.958628,0 -49.824699,-12.958645,0</coordinates></LineString></Placemark>
<Placemark><name>3668638</name><styleUrl>#styleDaimonCIRCUITO34TRECHO</styleUrl><LineString><coordinates>-49.824740,-12.958628,0 -49.824725,-12.958628,0</coordinates></LineString></Placemark>
<Placemark><name>2719128</name><styleUrl>#styleDaimonCIRCUITO34TRECHO</styleUrl><LineString><coordinates>-49.824699,-12.958645,0 -49.822751,-12.958948,0</coordinates></LineString></Placemark>
<Placemark><name>2719129</name><styleUrl>#styleDaimonCIRCUITO34TRECHO</styleUrl><LineString><coordinates>-49.822751,-12.958948,0 -49.820960,-12.960071,0</coordinates></LineString></Placemark>
<Placemark><name>12134726</name><styleUrl>#styleDaimonCIRCUITO34TRECHO</styleUrl><LineString><coordinates>-49.807695,-13.017466,0 -49.807658,-13.017488,0</coordinates></LineString></Placemark>
<Placemark><name>2723008</name><styleUrl>#styleDaimonCIRCUITO34TRECHO</styleUrl><LineString><coordinates>-49.807658,-13.017488,0 -49.807388,-13.017487,0</coordinates></LineString></Placemark>
<Placemark><name>2539545</name><styleUrl>#styleDaimonCIRCUITO34TRECHO</styleUrl><LineString><coordinates>-49.808379,-13.015918,0 -49.807695,-13.017466,0</coordinates></LineString></Placemark>
<Placemark><name>3668637</name><styleUrl>#styleDaimonCIRCUITO34TRECHO</styleUrl><LineString><coordinates>-49.807695,-13.017466,0 -49.807682,-13.017460,0</coordinates></LineString></Placemark>
<Placemark><name>12134727</name><styleUrl>#styleDaimonCIRCUITO34TRECHO</styleUrl><LineString><coordinates>-49.807388,-13.017487,0 -49.807354,-13.017486,0</coordinates></LineString></Placemark>
<Placemark><name>12142390</name><styleUrl>#styleDaimonCIRCUITO34TRECHO</styleUrl><LineString><coordinates>-49.808379,-13.015918,0 -49.808399,-13.015928,0</coordinates></LineString></Placemark>
<Placemark><name>2817540</name><styleUrl>#styleDaimonCIRCUITO34TRECHO</styleUrl><LineString><coordinates>-49.808886,-13.014789,0 -49.808379,-13.015918,0</coordinates></LineString></Placemark>
<Placemark><name>2723009</name><styleUrl>#styleDaimonCIRCUITO34TRECHO</styleUrl><LineString><coordinates>-49.807354,-13.017486,0 -49.806784,-13.017738,0</coordinates></LineString></Placemark>
<Placemark><name>2824417</name><styleUrl>#styleDaimonCIRCUITO34TRECHO</styleUrl><LineString><coordinates>-49.808399,-13.015928,0 -49.809428,-13.016385,0</coordinates></LineString></Placemark>
<Placemark><name>2539540</name><styleUrl>#styleDaimonCIRCUITO34TRECHO</styleUrl><LineString><coordinates>-49.809652,-13.013534,0 -49.808886,-13.014789,0</coordinates></LineString></Placemark>
<Placemark><name>2723010</name><styleUrl>#styleDaimonCIRCUITO34TRECHO</styleUrl><LineString><coordinates>-49.806784,-13.017738,0 -49.805454,-13.018124,0</coordinates></LineString></Placemark>
<Placemark><name>12142389</name><styleUrl>#styleDaimonCIRCUITO34TRECHO</styleUrl><LineString><coordinates>-49.809428,-13.016385,0 -49.809440,-13.016372,0</coordinates></LineString></Placemark>
<Placemark><name>3141651</name><styleUrl>#styleDaimonCIRCUITO34TRECHO</styleUrl><LineString><coordinates>-49.809428,-13.016385,0 -49.809785,-13.017441,0</coordinates></LineString></Placemark>
<Placemark><name>2539544</name><styleUrl>#styleDaimonCIRCUITO34TRECHO</styleUrl><LineString><coordinates>-49.810199,-13.012665,0 -49.809652,-13.013534,0</coordinates></LineString></Placemark>
<Placemark><name>2723011</name><styleUrl>#styleDaimonCIRCUITO34TRECHO</styleUrl><LineString><coordinates>-49.805454,-13.018124,0 -49.803735,-13.019205,0</coordinates></LineString></Placemark>
<Placemark><name>2824418</name><styleUrl>#styleDaimonCIRCUITO34TRECHO</styleUrl><LineString><coordinates>-49.809440,-13.016372,0 -49.809489,-13.016226,0</coordinates></LineString></Placemark>
<Placemark><name>3141652</name><styleUrl>#styleDaimonCIRCUITO34TRECHO</styleUrl><LineString><coordinates>-49.809785,-13.017441,0 -49.810165,-13.018455,0</coordinates></LineString></Placemark>
<Placemark><name>2539543</name><styleUrl>#styleDaimonCIRCUITO34TRECHO</styleUrl><LineString><coordinates>-49.810776,-13.011732,0 -49.810199,-13.012665,0</coordinates></LineString></Placemark>
<Placemark><name>12142388</name><styleUrl>#styleDaimonCIRCUITO34TRECHO</styleUrl><LineString><coordinates>-49.809489,-13.016226,0 -49.809517,-13.016204,0</coordinates></LineString></Placemark>
<Placemark><name>3141648</name><styleUrl>#styleDaimonCIRCUITO34TRECHO</styleUrl><LineString><coordinates>-49.810165,-13.018455,0 -49.810533,-13.019461,0</coordinates></LineString></Placemark>
<Placemark><name>2539542</name><styleUrl>#styleDaimonCIRCUITO34TRECHO</styleUrl><LineString><coordinates>-49.811314,-13.010850,0 -49.810776,-13.011732,0</coordinates></LineString></Placemark>
<Placemark><name>2824419</name><styleUrl>#styleDaimonCIRCUITO34TRECHO</styleUrl><LineString><coordinates>-49.809517,-13.016204,0 -49.810919,-13.016079,0</coordinates></LineString></Placemark>
<Placemark><name>3141653</name><styleUrl>#styleDaimonCIRCUITO34TRECHO</styleUrl><LineString><coordinates>-49.810533,-13.019461,0 -49.811033,-13.020872,0</coordinates></LineString></Placemark>
<Placemark><name>12126922</name><styleUrl>#styleDaimonCIRCUITO34TRECHO</styleUrl><LineString><coordinates>-49.811345,-13.010831,0 -49.811314,-13.010850,0</coordinates></LineString></Placemark>
<Placemark><name>2824420</name><styleUrl>#styleDaimonCIRCUITO34TRECHO</styleUrl><LineString><coordinates>-49.810919,-13.016079,0 -49.812306,-13.015964,0</coordinates></LineString></Placemark>
<Placemark><name>3141654</name><styleUrl>#styleDaimonCIRCUITO34TRECHO</styleUrl><LineString><coordinates>-49.811033,-13.020872,0 -49.811274,-13.022102,0</coordinates></LineString></Placemark>
<Placemark><name>2824416</name><styleUrl>#styleDaimonCIRCUITO34TRECHO</styleUrl><LineString><coordinates>-49.811580,-13.010793,0 -49.811345,-13.010831,0</coordinates></LineString></Placemark>
<Placemark><name>2824421</name><styleUrl>#styleDaimonCIRCUITO34TRECHO</styleUrl><LineString><coordinates>-49.812306,-13.015964,0 -49.813600,-13.015839,0</coordinates></LineString></Placemark>
<Placemark><name>3141655</name><styleUrl>#styleDaimonCIRCUITO34TRECHO</styleUrl><LineString><coordinates>-49.811274,-13.022102,0 -49.811538,-13.023302,0</coordinates></LineString></Placemark>
<Placemark><name>12126923</name><styleUrl>#styleDaimonCIRCUITO34TRECHO</styleUrl><LineString><coordinates>-49.811606,-13.010789,0 -49.811580,-13.010793,0</coordinates></LineString></Placemark>
<Placemark><name>2824422</name><styleUrl>#styleDaimonCIRCUITO34TRECHO</styleUrl><LineString><coordinates>-49.813600,-13.015839,0 -49.815370,-13.015665,0</coordinates></LineString></Placemark>
<Placemark><name>2815045</name><styleUrl>#styleDaimonCIRCUITO34TRECHO</styleUrl><LineString><coordinates>-49.811538,-13.023302,0 -49.811740,-13.024274,0</coordinates></LineString></Placemark>
<Placemark><name>2748512</name><styleUrl>#styleDaimonCIRCUITO34TRECHO</styleUrl><LineString><coordinates>-49.811446,-13.009700,0 -49.811606,-13.010789,0</coordinates></LineString></Placemark>
<Placemark><name>2539539</name><styleUrl>#styleDaimonCIRCUITO34TRECHO</styleUrl><LineString><coordinates>-49.811606,-13.010789,0 -49.811775,-13.011970,0</coordinates></LineString></Placemark>
<Placemark><name>3141650</name><styleUrl>#styleDaimonCIRCUITO34TRECHO</styleUrl><LineString><coordinates>-49.815370,-13.015665,0 -49.816354,-13.015589,0</coordinates></LineString></Placemark>
<Placemark><name>3287855</name><styleUrl>#styleDaimonCIRCUITO34TRECHO</styleUrl><LineString><coordinates>-49.811214,-13.008331,0 -49.811446,-13.009700,0</coordinates></LineString></Placemark>
<Placemark><name>3287856</name><styleUrl>#styleDaimonCIRCUITO34TRECHO</styleUrl><LineString><coordinates>-49.811049,-13.006996,0 -49.811214,-13.008331,0</coordinates></LineString></Placemark>
<Placemark><name>3287857</name><styleUrl>#styleDaimonCIRCUITO34TRECHO</styleUrl><LineString><coordinates>-49.810864,-13.005692,0 -49.811049,-13.006996,0</coordinates></LineString></Placemark>
<Placemark><name>3287864</name><styleUrl>#styleDaimonCIRCUITO34TRECHO</styleUrl><LineString><coordinates>-49.810676,-13.004403,0 -49.810864,-13.005692,0</coordinates></LineString></Placemark>
<Placemark><name>12150840</name><styleUrl>#styleDaimonCIRCUITO34TRECHO</styleUrl><LineString><coordinates>-49.810667,-13.004366,0 -49.810676,-13.004403,0</coordinates></LineString></Placemark>
<Placemark><name>3395406</name><styleUrl>#styleDaimonCIRCUITO34TRECHO</styleUrl><LineString><coordinates>-49.810476,-13.003122,0 -49.810667,-13.004366,0</coordinates></LineString></Placemark>
<Placemark><name>12150117</name><styleUrl>#styleDaimonCIRCUITO34TRECHO</styleUrl><LineString><coordinates>-49.810476,-13.003108,0 -49.810476,-13.003122,0</coordinates></LineString></Placemark>
<Placemark><name>3287858</name><styleUrl>#styleDaimonCIRCUITO34TRECHO</styleUrl><LineString><coordinates>-49.810294,-13.001839,0 -49.810476,-13.003108,0</coordinates></LineString></Placemark>
<Placemark><name>3287859</name><styleUrl>#styleDaimonCIRCUITO34TRECHO</styleUrl><LineString><coordinates>-49.810096,-13.000504,0 -49.810294,-13.001839,0</coordinates></LineString></Placemark>
<Placemark><name>3287860</name><styleUrl>#styleDaimonCIRCUITO34TRECHO</styleUrl><LineString><coordinates>-49.809910,-12.999170,0 -49.810096,-13.000504,0</coordinates></LineString></Placemark>
<Placemark><name>3287861</name><styleUrl>#styleDaimonCIRCUITO34TRECHO</styleUrl><LineString><coordinates>-49.809719,-12.997886,0 -49.809910,-12.999170,0</coordinates></LineString></Placemark>
<Placemark><name>3287862</name><styleUrl>#styleDaimonCIRCUITO34TRECHO</styleUrl><LineString><coordinates>-49.809509,-12.996567,0 -49.809719,-12.997886,0</coordinates></LineString></Placemark>
<Placemark><name>3287863</name><styleUrl>#styleDaimonCIRCUITO34TRECHO</styleUrl><LineString><coordinates>-49.809355,-12.995390,0 -49.809509,-12.996567,0</coordinates></LineString></Placemark>
<Placemark><name>2824690</name><styleUrl>#styleDaimonCIRCUITO34TRECHO</styleUrl><LineString><coordinates>-49.781934,-13.009963,0 -49.780882,-13.009376,0</coordinates></LineString></Placemark>
<Placemark><name>2824689</name><styleUrl>#styleDaimonCIRCUITO34TRECHO</styleUrl><LineString><coordinates>-49.780882,-13.009376,0 -49.780142,-13.008944,0</coordinates></LineString></Placemark>
<Placemark><name>2824691</name><styleUrl>#styleDaimonCIRCUITO34TRECHO</styleUrl><LineString><coordinates>-49.782903,-13.010517,0 -49.781934,-13.009963,0</coordinates></LineString></Placemark>
<Placemark><name>2824692</name><styleUrl>#styleDaimonCIRCUITO34TRECHO</styleUrl><LineString><coordinates>-49.783702,-13.010976,0 -49.782903,-13.010517,0</coordinates></LineString></Placemark>
<Placemark><name>2748514</name><styleUrl>#styleDaimonCIRCUITO34TRECHO</styleUrl><LineString><coordinates>-49.784268,-13.011374,0 -49.783702,-13.010976,0</coordinates></LineString></Placemark>
<Placemark><name>2824693</name><styleUrl>#styleDaimonCIRCUITO34TRECHO</styleUrl><LineString><coordinates>-49.784810,-13.011768,0 -49.784268,-13.011374,0</coordinates></LineString></Placemark>
<Placemark><name>3115779</name><styleUrl>#styleDaimonCIRCUITO34TRECHO</styleUrl><LineString><coordinates>-49.785496,-13.012301,0 -49.784810,-13.011768,0</coordinates></LineString></Placemark>
<Placemark><name>12173198</name><styleUrl>#styleDaimonCIRCUITO34TRECHO</styleUrl><LineString><coordinates>-49.826199,-12.951257,0 -49.826189,-12.951277,0</coordinates></LineString></Placemark>
<Placemark><name>3529093</name><styleUrl>#styleDaimonCIRCUITO34TRECHO</styleUrl><LineString><coordinates>-49.826189,-12.951277,0 -49.826108,-12.951452,0</coordinates></LineString></Placemark>
<Placemark><name>3529562</name><styleUrl>#styleDaimonCIRCUITO34TRECHO</styleUrl><LineString><coordinates>-49.827074,-12.951458,0 -49.826199,-12.951257,0</coordinates></LineString></Placemark>
<Placemark><name>3529094</name><styleUrl>#styleDaimonCIRCUITO34TRECHO</styleUrl><LineString><coordinates>-49.826108,-12.951452,0 -49.825702,-12.952365,0</coordinates></LineString></Placemark>
<Placemark><name>3529561</name><styleUrl>#styleDaimonCIRCUITO34TRECHO</styleUrl><LineString><coordinates>-49.828099,-12.951661,0 -49.827074,-12.951458,0</coordinates></LineString></Placemark>
<Placemark><name>2748067</name><styleUrl>#styleDaimonCIRCUITO34TRECHO</styleUrl><LineString><coordinates>-49.825702,-12.952365,0 -49.825144,-12.954527,0</coordinates></LineString></Placemark>
<Placemark><name>2748066</name><styleUrl>#styleDaimonCIRCUITO34TRECHO</styleUrl><LineString><coordinates>-49.829260,-12.951938,0 -49.828099,-12.951661,0</coordinates></LineString></Placemark>
<Placemark><name>3529095</name><styleUrl>#styleDaimonCIRCUITO34TRECHO</styleUrl><LineString><coordinates>-49.825144,-12.954527,0 -49.824585,-12.955094,0</coordinates></LineString></Placemark>
<Placemark><name>3529560</name><styleUrl>#styleDaimonCIRCUITO34TRECHO</styleUrl><LineString><coordinates>-49.830116,-12.952389,0 -49.829260,-12.951938,0</coordinates></LineString></Placemark>
<Placemark><name>3302473</name><styleUrl>#styleDaimonCIRCUITO34TRECHO</styleUrl><LineString><coordinates>-49.825804,-12.971996,0 -49.826781,-12.972951,0</coordinates></LineString></Placemark>
<Placemark><name>3302472</name><styleUrl>#styleDaimonCIRCUITO34TRECHO</styleUrl><LineString><coordinates>-49.824898,-12.971136,0 -49.825804,-12.971996,0</coordinates></LineString></Placemark>
<Placemark><name>3302471</name><styleUrl>#styleDaimonCIRCUITO34TRECHO</styleUrl><LineString><coordinates>-49.826781,-12.972951,0 -49.827762,-12.973898,0</coordinates></LineString></Placemark>
<Placemark><name>2684091</name><styleUrl>#styleDaimonCIRCUITO34TRECHO</styleUrl><LineString><coordinates>-49.830063,-12.954403,0 -49.830608,-12.954917,0</coordinates></LineString></Placemark>
<Placemark><name>2684087</name><styleUrl>#styleDaimonCIRCUITO34TRECHO</styleUrl><LineString><coordinates>-49.819041,-12.987766,0 -49.819211,-12.988007,0</coordinates></LineString></Placemark>
<Placemark><name>12103050</name><styleUrl>#styleDaimonCIRCUITO34TRECHO</styleUrl><LineString><coordinates>-49.794579,-13.045347,0 -49.794598,-13.045369,0</coordinates></LineString></Placemark>
<Placemark><name>2826785</name><styleUrl>#styleDaimonCIRCUITO34TRECHO</styleUrl><LineString><coordinates>-49.794147,-13.044780,0 -49.794579,-13.045347,0</coordinates></LineString></Placemark>
<Placemark><name>2922922</name><styleUrl>#styleDaimonCIRCUITO34TRECHO</styleUrl><LineString><coordinates>-49.794579,-13.045347,0 -49.794572,-13.045373,0</coordinates></LineString></Placemark>
<Placemark><name>2826787</name><styleUrl>#styleDaimonCIRCUITO34TRECHO</styleUrl><LineString><coordinates>-49.794598,-13.045369,0 -49.795266,-13.045639,0</coordinates></LineString></Placemark>
<Placemark><name>2826786</name><styleUrl>#styleDaimonCIRCUITO34TRECHO</styleUrl><LineString><coordinates>-49.793619,-13.043857,0 -49.794147,-13.044780,0</coordinates></LineString></Placemark>
<Placemark><name>2826789</name><styleUrl>#styleDaimonCIRCUITO34TRECHO</styleUrl><LineString><coordinates>-49.795266,-13.045639,0 -49.795875,-13.046044,0</coordinates></LineString></Placemark>
<Placemark><name>2826516</name><styleUrl>#styleDaimonCIRCUITO34TRECHO</styleUrl><LineString><coordinates>-49.793255,-13.043221,0 -49.793619,-13.043857,0</coordinates></LineString></Placemark>
<Placemark><name>2826788</name><styleUrl>#styleDaimonCIRCUITO34TRECHO</styleUrl><LineString><coordinates>-49.795875,-13.046044,0 -49.796750,-13.046462,0</coordinates></LineString></Placemark>
<Placemark><name>12103049</name><styleUrl>#styleDaimonCIRCUITO34TRECHO</styleUrl><LineString><coordinates>-49.793242,-13.043198,0 -49.793255,-13.043221,0</coordinates></LineString></Placemark>
<Placemark><name>12088325</name><styleUrl>#styleDaimonCIRCUITO34TRECHO</styleUrl><LineString><coordinates>-49.796750,-13.046462,0 -49.796777,-13.046459,0</coordinates></LineString></Placemark>
<Placemark><name>2922923</name><styleUrl>#styleDaimonCIRCUITO34TRECHO</styleUrl><LineString><coordinates>-49.793242,-13.043198,0 -49.793266,-13.043199,0</coordinates></LineString></Placemark>
<Placemark><name>3133810</name><styleUrl>#styleDaimonCIRCUITO34TRECHO</styleUrl><LineString><coordinates>-49.792249,-13.041660,0 -49.793242,-13.043198,0</coordinates></LineString></Placemark>
<Placemark><name>2542453</name><styleUrl>#styleDaimonCIRCUITO34TRECHO</styleUrl><LineString><coordinates>-49.796777,-13.046459,0 -49.796888,-13.046416,0</coordinates></LineString></Placemark>
<Placemark><name>3133804</name><styleUrl>#styleDaimonCIRCUITO34TRECHO</styleUrl><LineString><coordinates>-49.791813,-13.040941,0 -49.792249,-13.041660,0</coordinates></LineString></Placemark>
<Placemark><name>2542454</name><styleUrl>#styleDaimonCIRCUITO34TRECHO</styleUrl><LineString><coordinates>-49.796888,-13.046416,0 -49.797594,-13.046164,0</coordinates></LineString></Placemark>
<Placemark><name>2543539</name><styleUrl>#styleDaimonCIRCUITO34TRECHO</styleUrl><LineString><coordinates>-49.796888,-13.046416,0 -49.796849,-13.046297,0</coordinates></LineString></Placemark>
<Placemark><name>2542452</name><styleUrl>#styleDaimonCIRCUITO34TRECHO</styleUrl><LineString><coordinates>-49.796888,-13.046416,0 -49.796927,-13.046525,0</coordinates></LineString></Placemark>
<Placemark><name>3133805</name><styleUrl>#styleDaimonCIRCUITO34TRECHO</styleUrl><LineString><coordinates>-49.791241,-13.040045,0 -49.791813,-13.040941,0</coordinates></LineString></Placemark>
<Placemark><name>2543533</name><styleUrl>#styleDaimonCIRCUITO34TRECHO</styleUrl><LineString><coordinates>-49.797594,-13.046164,0 -49.798394,-13.045842,0</coordinates></LineString></Placemark>
<Placemark><name>2815322</name><styleUrl>#styleDaimonCIRCUITO34TRECHO</styleUrl><LineString><coordinates>-49.796927,-13.046525,0 -49.796912,-13.046541,0</coordinates></LineString></Placemark>
<Placemark><name>3133806</name><styleUrl>#styleDaimonCIRCUITO34TRECHO</styleUrl><LineString><coordinates>-49.790724,-13.039156,0 -49.791241,-13.040045,0</coordinates></LineString></Placemark>
<Placemark><name>12088326</name><styleUrl>#styleDaimonCIRCUITO34TRECHO</styleUrl><LineString><coordinates>-49.798394,-13.045842,0 -49.798395,-13.045811,0</coordinates></LineString></Placemark>
<Placemark><name>3133807</name><styleUrl>#styleDaimonCIRCUITO34TRECHO</styleUrl><LineString><coordinates>-49.790198,-13.038348,0 -49.790724,-13.039156,0</coordinates></LineString></Placemark>
<Placemark><name>2543536</name><styleUrl>#styleDaimonCIRCUITO34TRECHO</styleUrl><LineString><coordinates>-49.798395,-13.045811,0 -49.798187,-13.045228,0</coordinates></LineString></Placemark>
<Placemark><name>3133808</name><styleUrl>#styleDaimonCIRCUITO34TRECHO</styleUrl><LineString><coordinates>-49.789683,-13.037545,0 -49.790198,-13.038348,0</coordinates></LineString></Placemark>
<Placemark><name>2543534</name><styleUrl>#styleDaimonCIRCUITO34TRECHO</styleUrl><LineString><coordinates>-49.798187,-13.045228,0 -49.797976,-13.044599,0</coordinates></LineString></Placemark>
<Placemark><name>3133809</name><styleUrl>#styleDaimonCIRCUITO34TRECHO</styleUrl><LineString><coordinates>-49.788570,-13.035743,0 -49.789683,-13.037545,0</coordinates></LineString></Placemark>
<Placemark><name>12114407</name><styleUrl>#styleDaimonCIRCUITO34TRECHO</styleUrl><LineString><coordinates>-49.797976,-13.044599,0 -49.797963,-13.044580,0</coordinates></LineString></Placemark>
<Placemark><name>2815323</name><styleUrl>#styleDaimonCIRCUITO34TRECHO</styleUrl><LineString><coordinates>-49.797976,-13.044599,0 -49.797959,-13.044608,0</coordinates></LineString></Placemark>
<Placemark><name>3133802</name><styleUrl>#styleDaimonCIRCUITO34TRECHO</styleUrl><LineString><coordinates>-49.788001,-13.034819,0 -49.788570,-13.035743,0</coordinates></LineString></Placemark>
<Placemark><name>2543535</name><styleUrl>#styleDaimonCIRCUITO34TRECHO</styleUrl><LineString><coordinates>-49.797963,-13.044580,0 -49.797840,-13.044490,0</coordinates></LineString></Placemark>
<Placemark><name>3133803</name><styleUrl>#styleDaimonCIRCUITO34TRECHO</styleUrl><LineString><coordinates>-49.787581,-13.034065,0 -49.788001,-13.034819,0</coordinates></LineString></Placemark>
<Placemark><name>3133801</name><styleUrl>#styleDaimonCIRCUITO34TRECHO</styleUrl><LineString><coordinates>-49.787120,-13.033377,0 -49.787581,-13.034065,0</coordinates></LineString></Placemark>
<Placemark><name>12109243</name><styleUrl>#styleDaimonCIRCUITO34TRECHO</styleUrl><LineString><coordinates>-49.787106,-13.033353,0 -49.787120,-13.033377,0</coordinates></LineString></Placemark>
<Placemark><name>3133545</name><styleUrl>#styleDaimonCIRCUITO34TRECHO</styleUrl><LineString><coordinates>-49.786703,-13.032640,0 -49.787106,-13.033353,0</coordinates></LineString></Placemark>
<Placemark><name>2815321</name><styleUrl>#styleDaimonCIRCUITO34TRECHO</styleUrl><LineString><coordinates>-49.787106,-13.033353,0 -49.787122,-13.033340,0</coordinates></LineString></Placemark>
<Placemark><name>3133546</name><styleUrl>#styleDaimonCIRCUITO34TRECHO</styleUrl><LineString><coordinates>-49.786137,-13.031780,0 -49.786703,-13.032640,0</coordinates></LineString></Placemark>
<Placemark><name>3133547</name><styleUrl>#styleDaimonCIRCUITO34TRECHO</styleUrl><LineString><coordinates>-49.785178,-13.030180,0 -49.786137,-13.031780,0</coordinates></LineString></Placemark>
<Placemark><name>3133548</name><styleUrl>#styleDaimonCIRCUITO34TRECHO</styleUrl><LineString><coordinates>-49.784380,-13.028915,0 -49.785178,-13.030180,0</coordinates></LineString></Placemark>
<Placemark><name>3133794</name><styleUrl>#styleDaimonCIRCUITO34TRECHO</styleUrl><LineString><coordinates>-49.784019,-13.028327,0 -49.784380,-13.028915,0</coordinates></LineString></Placemark>
<Placemark><name>3133795</name><styleUrl>#styleDaimonCIRCUITO34TRECHO</styleUrl><LineString><coordinates>-49.783642,-13.027678,0 -49.784019,-13.028327,0</coordinates></LineString></Placemark>
<Placemark><name>3133796</name><styleUrl>#styleDaimonCIRCUITO34TRECHO</styleUrl><LineString><coordinates>-49.783104,-13.026841,0 -49.783642,-13.027678,0</coordinates></LineString></Placemark>
<Placemark><name>3133797</name><styleUrl>#styleDaimonCIRCUITO34TRECHO</styleUrl><LineString><coordinates>-49.782726,-13.026218,0 -49.783104,-13.026841,0</coordinates></LineString></Placemark>
<Placemark><name>3133798</name><styleUrl>#styleDaimonCIRCUITO34TRECHO</styleUrl><LineString><coordinates>-49.782213,-13.025392,0 -49.782726,-13.026218,0</coordinates></LineString></Placemark>
<Placemark><name>3133799</name><styleUrl>#styleDaimonCIRCUITO34TRECHO</styleUrl><LineString><coordinates>-49.781687,-13.024518,0 -49.782213,-13.025392,0</coordinates></LineString></Placemark>
<Placemark><name>3133800</name><styleUrl>#styleDaimonCIRCUITO34TRECHO</styleUrl><LineString><coordinates>-49.781201,-13.023721,0 -49.781687,-13.024518,0</coordinates></LineString></Placemark>
<Placemark><name>3133544</name><styleUrl>#styleDaimonCIRCUITO34TRECHO</styleUrl><LineString><coordinates>-49.780631,-13.022888,0 -49.781201,-13.023721,0</coordinates></LineString></Placemark>
<Placemark><name>3133543</name><styleUrl>#styleDaimonCIRCUITO34TRECHO</styleUrl><LineString><coordinates>-49.779360,-13.020739,0 -49.780631,-13.022888,0</coordinates></LineString></Placemark>
<Placemark><name>3133542</name><styleUrl>#styleDaimonCIRCUITO34TRECHO</styleUrl><LineString><coordinates>-49.778904,-13.020037,0 -49.779360,-13.020739,0</coordinates></LineString></Placemark>
<Placemark><name>3133541</name><styleUrl>#styleDaimonCIRCUITO34TRECHO</styleUrl><LineString><coordinates>-49.778380,-13.019181,0 -49.778904,-13.020037,0</coordinates></LineString></Placemark>
<Placemark><name>2684092</name><styleUrl>#styleDaimonCIRCUITO34TRECHO</styleUrl><LineString><coordinates>-49.712911,-13.062319,0 -49.712249,-13.062687,0</coordinates></LineString></Placemark>
<Placemark><name>2684093</name><styleUrl>#styleDaimonCIRCUITO34TRECHO</styleUrl><LineString><coordinates>-49.713044,-13.062232,0 -49.712911,-13.062319,0</coordinates></LineString></Placemark>
<Placemark><name>2822687</name><styleUrl>#styleDaimonCIRCUITO34TRECHO</styleUrl><LineString><coordinates>-49.712911,-13.062319,0 -49.712877,-13.062172,0</coordinates></LineString></Placemark>
<Placemark><name>2684094</name><styleUrl>#styleDaimonCIRCUITO34TRECHO</styleUrl><LineString><coordinates>-49.712911,-13.062319,0 -49.712929,-13.062467,0</coordinates></LineString></Placemark>
<Placemark><name>3306309</name><styleUrl>#styleDaimonCIRCUITO34TRECHO</styleUrl><LineString><coordinates>-49.712249,-13.062687,0 -49.711288,-13.063235,0</coordinates></LineString></Placemark>
<Placemark><name>3306297</name><styleUrl>#styleDaimonCIRCUITO34TRECHO</styleUrl><LineString><coordinates>-49.714484,-13.061430,0 -49.713044,-13.062232,0</coordinates></LineString></Placemark>
<Placemark><name>3306310</name><styleUrl>#styleDaimonCIRCUITO34TRECHO</styleUrl><LineString><coordinates>-49.711288,-13.063235,0 -49.710378,-13.063762,0</coordinates></LineString></Placemark>
<Placemark><name>3306298</name><styleUrl>#styleDaimonCIRCUITO34TRECHO</styleUrl><LineString><coordinates>-49.715375,-13.060876,0 -49.714484,-13.061430,0</coordinates></LineString></Placemark>
<Placemark><name>3306308</name><styleUrl>#styleDaimonCIRCUITO34TRECHO</styleUrl><LineString><coordinates>-49.710378,-13.063762,0 -49.709256,-13.064393,0</coordinates></LineString></Placemark>
<Placemark><name>12052575</name><styleUrl>#styleDaimonCIRCUITO34TRECHO</styleUrl><LineString><coordinates>-49.715375,-13.060876,0 -49.715363,-13.060858,0</coordinates></LineString></Placemark>
<Placemark><name>3306299</name><styleUrl>#styleDaimonCIRCUITO34TRECHO</styleUrl><LineString><coordinates>-49.716139,-13.060432,0 -49.715375,-13.060876,0</coordinates></LineString></Placemark>
<Placemark><name>12107773</name><styleUrl>#styleDaimonCIRCUITO34TRECHO</styleUrl><LineString><coordinates>-49.709256,-13.064393,0 -49.709222,-13.064412,0</coordinates></LineString></Placemark>
<Placemark><name>3116800</name><styleUrl>#styleDaimonCIRCUITO34TRECHO</styleUrl><LineString><coordinates>-49.715363,-13.060858,0 -49.715024,-13.060193,0</coordinates></LineString></Placemark>
<Placemark><name>3306300</name><styleUrl>#styleDaimonCIRCUITO34TRECHO</styleUrl><LineString><coordinates>-49.717017,-13.059945,0 -49.716139,-13.060432,0</coordinates></LineString></Placemark>
<Placemark><name>3306307</name><styleUrl>#styleDaimonCIRCUITO34TRECHO</styleUrl><LineString><coordinates>-49.709222,-13.064412,0 -49.708348,-13.064925,0</coordinates></LineString></Placemark>
<Placemark><name>3306301</name><styleUrl>#styleDaimonCIRCUITO34TRECHO</styleUrl><LineString><coordinates>-49.717930,-13.059423,0 -49.717017,-13.059945,0</coordinates></LineString></Placemark>
<Placemark><name>3306306</name><styleUrl>#styleDaimonCIRCUITO34TRECHO</styleUrl><LineString><coordinates>-49.708348,-13.064925,0 -49.707314,-13.065501,0</coordinates></LineString></Placemark>
<Placemark><name>3306303</name><styleUrl>#styleDaimonCIRCUITO34TRECHO</styleUrl><LineString><coordinates>-49.718960,-13.058889,0 -49.717930,-13.059423,0</coordinates></LineString></Placemark>
<Placemark><name>3306305</name><styleUrl>#styleDaimonCIRCUITO34TRECHO</styleUrl><LineString><coordinates>-49.707314,-13.065501,0 -49.706159,-13.066158,0</coordinates></LineString></Placemark>
<Placemark><name>3306302</name><styleUrl>#styleDaimonCIRCUITO34TRECHO</styleUrl><LineString><coordinates>-49.719952,-13.058235,0 -49.718960,-13.058889,0</coordinates></LineString></Placemark>
<Placemark><name>3306304</name><styleUrl>#styleDaimonCIRCUITO34TRECHO</styleUrl><LineString><coordinates>-49.706159,-13.066158,0 -49.705248,-13.066708,0</coordinates></LineString></Placemark>
<Placemark><name>2474535</name><styleUrl>#styleDaimonCIRCUITO34TRECHO</styleUrl><LineString><coordinates>-49.720796,-13.057724,0 -49.719952,-13.058235,0</coordinates></LineString></Placemark>
<Placemark><name>3310841</name><styleUrl>#styleDaimonCIRCUITO34TRECHO</styleUrl><LineString><coordinates>-49.705248,-13.066708,0 -49.704261,-13.067289,0</coordinates></LineString></Placemark>
<Placemark><name>3306295</name><styleUrl>#styleDaimonCIRCUITO34TRECHO</styleUrl><LineString><coordinates>-49.721702,-13.057239,0 -49.720796,-13.057724,0</coordinates></LineString></Placemark>
<Placemark><name>3310842</name><styleUrl>#styleDaimonCIRCUITO34TRECHO</styleUrl><LineString><coordinates>-49.704261,-13.067289,0 -49.703391,-13.067835,0</coordinates></LineString></Placemark>
<Placemark><name>3306296</name><styleUrl>#styleDaimonCIRCUITO34TRECHO</styleUrl><LineString><coordinates>-49.722552,-13.056733,0 -49.721702,-13.057239,0</coordinates></LineString></Placemark>
<Placemark><name>3310840</name><styleUrl>#styleDaimonCIRCUITO34TRECHO</styleUrl><LineString><coordinates>-49.703391,-13.067835,0 -49.702414,-13.068343,0</coordinates></LineString></Placemark>
<Placemark><name>12107772</name><styleUrl>#styleDaimonCIRCUITO34TRECHO</styleUrl><LineString><coordinates>-49.722577,-13.056709,0 -49.722552,-13.056733,0</coordinates></LineString></Placemark>
<Placemark><name>3310839</name><styleUrl>#styleDaimonCIRCUITO34TRECHO</styleUrl><LineString><coordinates>-49.702414,-13.068343,0 -49.701395,-13.068937,0</coordinates></LineString></Placemark>
<Placemark><name>3306040</name><styleUrl>#styleDaimonCIRCUITO34TRECHO</styleUrl><LineString><coordinates>-49.723154,-13.055846,0 -49.722577,-13.056709,0</coordinates></LineString></Placemark>
<Placemark><name>3310838</name><styleUrl>#styleDaimonCIRCUITO34TRECHO</styleUrl><LineString><coordinates>-49.701395,-13.068937,0 -49.700472,-13.069468,0</coordinates></LineString></Placemark>
<Placemark><name>3306041</name><styleUrl>#styleDaimonCIRCUITO34TRECHO</styleUrl><LineString><coordinates>-49.723756,-13.054943,0 -49.723154,-13.055846,0</coordinates></LineString></Placemark>
<Placemark><name>3310837</name><styleUrl>#styleDaimonCIRCUITO34TRECHO</styleUrl><LineString><coordinates>-49.700472,-13.069468,0 -49.699530,-13.070003,0</coordinates></LineString></Placemark>
<Placemark><name>3306042</name><styleUrl>#styleDaimonCIRCUITO34TRECHO</styleUrl><LineString><coordinates>-49.724465,-13.053880,0 -49.723756,-13.054943,0</coordinates></LineString></Placemark>
<Placemark><name>3310836</name><styleUrl>#styleDaimonCIRCUITO34TRECHO</styleUrl><LineString><coordinates>-49.699530,-13.070003,0 -49.698542,-13.070579,0</coordinates></LineString></Placemark>
<Placemark><name>3306043</name><styleUrl>#styleDaimonCIRCUITO34TRECHO</styleUrl><LineString><coordinates>-49.725030,-13.053003,0 -49.724465,-13.053880,0</coordinates></LineString></Placemark>
<Placemark><name>3310835</name><styleUrl>#styleDaimonCIRCUITO34TRECHO</styleUrl><LineString><coordinates>-49.698542,-13.070579,0 -49.697556,-13.071147,0</coordinates></LineString></Placemark>
<Placemark><name>3306044</name><styleUrl>#styleDaimonCIRCUITO34TRECHO</styleUrl><LineString><coordinates>-49.725608,-13.052175,0 -49.725030,-13.053003,0</coordinates></LineString></Placemark>
<Placemark><name>3310834</name><styleUrl>#styleDaimonCIRCUITO34TRECHO</styleUrl><LineString><coordinates>-49.697556,-13.071147,0 -49.696664,-13.071690,0</coordinates></LineString></Placemark>
<Placemark><name>3306045</name><styleUrl>#styleDaimonCIRCUITO34TRECHO</styleUrl><LineString><coordinates>-49.726114,-13.051365,0 -49.725608,-13.052175,0</coordinates></LineString></Placemark>
<Placemark><name>3310833</name><styleUrl>#styleDaimonCIRCUITO34TRECHO</styleUrl><LineString><coordinates>-49.696664,-13.071690,0 -49.695805,-13.072196,0</coordinates></LineString></Placemark>
<Placemark><name>3306046</name><styleUrl>#styleDaimonCIRCUITO34TRECHO</styleUrl><LineString><coordinates>-49.726786,-13.050355,0 -49.726114,-13.051365,0</coordinates></LineString></Placemark>
<Placemark><name>3310832</name><styleUrl>#styleDaimonCIRCUITO34TRECHO</styleUrl><LineString><coordinates>-49.695805,-13.072196,0 -49.694817,-13.072730,0</coordinates></LineString></Placemark>
<Placemark><name>3306047</name><styleUrl>#styleDaimonCIRCUITO34TRECHO</styleUrl><LineString><coordinates>-49.727406,-13.049403,0 -49.726786,-13.050355,0</coordinates></LineString></Placemark>
<Placemark><name>3306312</name><styleUrl>#styleDaimonCIRCUITO34TRECHO</styleUrl><LineString><coordinates>-49.694817,-13.072730,0 -49.693901,-13.073259,0</coordinates></LineString></Placemark>
<Placemark><name>3306048</name><styleUrl>#styleDaimonCIRCUITO34TRECHO</styleUrl><LineString><coordinates>-49.728076,-13.048379,0 -49.727406,-13.049403,0</coordinates></LineString></Placemark>
<Placemark><name>3306311</name><styleUrl>#styleDaimonCIRCUITO34TRECHO</styleUrl><LineString><coordinates>-49.693901,-13.073259,0 -49.693164,-13.073677,0</coordinates></LineString></Placemark>
<Placemark><name>3306049</name><styleUrl>#styleDaimonCIRCUITO34TRECHO</styleUrl><LineString><coordinates>-49.728769,-13.047359,0 -49.728076,-13.048379,0</coordinates></LineString></Placemark>
<Placemark><name>3306050</name><styleUrl>#styleDaimonCIRCUITO34TRECHO</styleUrl><LineString><coordinates>-49.729460,-13.046292,0 -49.728769,-13.047359,0</coordinates></LineString></Placemark>
<Placemark><name>3294954</name><styleUrl>#styleDaimonCIRCUITO34TRECHO</styleUrl><LineString><coordinates>-49.730168,-13.045201,0 -49.729460,-13.046292,0</coordinates></LineString></Placemark>
<Placemark><name>12107771</name><styleUrl>#styleDaimonCIRCUITO34TRECHO</styleUrl><LineString><coordinates>-49.730190,-13.045171,0 -49.730168,-13.045201,0</coordinates></LineString></Placemark>
<Placemark><name>3294953</name><styleUrl>#styleDaimonCIRCUITO34TRECHO</styleUrl><LineString><coordinates>-49.730631,-13.044511,0 -49.730190,-13.045171,0</coordinates></LineString></Placemark>
<Placemark><name>3294952</name><styleUrl>#styleDaimonCIRCUITO34TRECHO</styleUrl><LineString><coordinates>-49.731218,-13.043640,0 -49.730631,-13.044511,0</coordinates></LineString></Placemark>
<Placemark><name>3294948</name><styleUrl>#styleDaimonCIRCUITO34TRECHO</styleUrl><LineString><coordinates>-49.731903,-13.042611,0 -49.731218,-13.043640,0</coordinates></LineString></Placemark>
<Placemark><name>3294949</name><styleUrl>#styleDaimonCIRCUITO34TRECHO</styleUrl><LineString><coordinates>-49.732520,-13.041737,0 -49.731903,-13.042611,0</coordinates></LineString></Placemark>
<Placemark><name>3294951</name><styleUrl>#styleDaimonCIRCUITO34TRECHO</styleUrl><LineString><coordinates>-49.733114,-13.040679,0 -49.732520,-13.041737,0</coordinates></LineString></Placemark>
<Placemark><name>3294950</name><styleUrl>#styleDaimonCIRCUITO34TRECHO</styleUrl><LineString><coordinates>-49.733849,-13.039638,0 -49.733114,-13.040679,0</coordinates></LineString></Placemark>
<Placemark><name>3402743</name><styleUrl>#styleDaimonCIRCUITO34TRECHO</styleUrl><LineString><coordinates>-49.734550,-13.038653,0 -49.733849,-13.039638,0</coordinates></LineString></Placemark>
<Placemark><name>2747871</name><styleUrl>#styleDaimonCIRCUITO34TRECHO</styleUrl><LineString><coordinates>-49.735182,-13.037667,0 -49.734550,-13.038653,0</coordinates></LineString></Placemark>
<Placemark><name>3402745</name><styleUrl>#styleDaimonCIRCUITO34TRECHO</styleUrl><LineString><coordinates>-49.735878,-13.036781,0 -49.735182,-13.037667,0</coordinates></LineString></Placemark>
<Placemark><name>3402744</name><styleUrl>#styleDaimonCIRCUITO34TRECHO</styleUrl><LineString><coordinates>-49.736437,-13.035965,0 -49.735878,-13.036781,0</coordinates></LineString></Placemark>
<Placemark><name>3294698</name><styleUrl>#styleDaimonCIRCUITO34TRECHO</styleUrl><LineString><coordinates>-49.736995,-13.035256,0 -49.736437,-13.035965,0</coordinates></LineString></Placemark>
<Placemark><name>3294699</name><styleUrl>#styleDaimonCIRCUITO34TRECHO</styleUrl><LineString><coordinates>-49.737679,-13.034248,0 -49.736995,-13.035256,0</coordinates></LineString></Placemark>
<Placemark><name>3294700</name><styleUrl>#styleDaimonCIRCUITO34TRECHO</styleUrl><LineString><coordinates>-49.738339,-13.033266,0 -49.737679,-13.034248,0</coordinates></LineString></Placemark>
<Placemark><name>3294701</name><styleUrl>#styleDaimonCIRCUITO34TRECHO</styleUrl><LineString><coordinates>-49.739093,-13.032239,0 -49.738339,-13.033266,0</coordinates></LineString></Placemark>
<Placemark><name>3294702</name><styleUrl>#styleDaimonCIRCUITO34TRECHO</styleUrl><LineString><coordinates>-49.739758,-13.031334,0 -49.739093,-13.032239,0</coordinates></LineString></Placemark>
<Placemark><name>3294703</name><styleUrl>#styleDaimonCIRCUITO34TRECHO</styleUrl><LineString><coordinates>-49.740411,-13.030396,0 -49.739758,-13.031334,0</coordinates></LineString></Placemark>
<Placemark><name>3294704</name><styleUrl>#styleDaimonCIRCUITO34TRECHO</styleUrl><LineString><coordinates>-49.741093,-13.029487,0 -49.740411,-13.030396,0</coordinates></LineString></Placemark>
<Placemark><name>3294945</name><styleUrl>#styleDaimonCIRCUITO34TRECHO</styleUrl><LineString><coordinates>-49.741746,-13.028523,0 -49.741093,-13.029487,0</coordinates></LineString></Placemark>
<Placemark><name>3294947</name><styleUrl>#styleDaimonCIRCUITO34TRECHO</styleUrl><LineString><coordinates>-49.742440,-13.027571,0 -49.741746,-13.028523,0</coordinates></LineString></Placemark>
<Placemark><name>3294946</name><styleUrl>#styleDaimonCIRCUITO34TRECHO</styleUrl><LineString><coordinates>-49.743058,-13.026675,0 -49.742440,-13.027571,0</coordinates></LineString></Placemark>
<Placemark><name>12108544</name><styleUrl>#styleDaimonCIRCUITO34TRECHO</styleUrl><LineString><coordinates>-49.743090,-13.026654,0 -49.743058,-13.026675,0</coordinates></LineString></Placemark>
<Placemark><name>3294696</name><styleUrl>#styleDaimonCIRCUITO34TRECHO</styleUrl><LineString><coordinates>-49.744194,-13.026432,0 -49.743090,-13.026654,0</coordinates></LineString></Placemark>
<Placemark><name>3294697</name><styleUrl>#styleDaimonCIRCUITO34TRECHO</styleUrl><LineString><coordinates>-49.745283,-13.026204,0 -49.744194,-13.026432,0</coordinates></LineString></Placemark>
<Placemark><name>3294688</name><styleUrl>#styleDaimonCIRCUITO34TRECHO</styleUrl><LineString><coordinates>-49.746370,-13.025965,0 -49.745283,-13.026204,0</coordinates></LineString></Placemark>
<Placemark><name>3294689</name><styleUrl>#styleDaimonCIRCUITO34TRECHO</styleUrl><LineString><coordinates>-49.747402,-13.025738,0 -49.746370,-13.025965,0</coordinates></LineString></Placemark>
<Placemark><name>12108543</name><styleUrl>#styleDaimonCIRCUITO34TRECHO</styleUrl><LineString><coordinates>-49.747440,-13.025728,0 -49.747402,-13.025738,0</coordinates></LineString></Placemark>
<Placemark><name>3294690</name><styleUrl>#styleDaimonCIRCUITO34TRECHO</styleUrl><LineString><coordinates>-49.748458,-13.025515,0 -49.747440,-13.025728,0</coordinates></LineString></Placemark>
<Placemark><name>3294691</name><styleUrl>#styleDaimonCIRCUITO34TRECHO</styleUrl><LineString><coordinates>-49.749333,-13.025322,0 -49.748458,-13.025515,0</coordinates></LineString></Placemark>
<Placemark><name>3294692</name><styleUrl>#styleDaimonCIRCUITO34TRECHO</styleUrl><LineString><coordinates>-49.750536,-13.025068,0 -49.749333,-13.025322,0</coordinates></LineString></Placemark>
<Placemark><name>3294693</name><styleUrl>#styleDaimonCIRCUITO34TRECHO</styleUrl><LineString><coordinates>-49.751656,-13.024830,0 -49.750536,-13.025068,0</coordinates></LineString></Placemark>
<Placemark><name>3294694</name><styleUrl>#styleDaimonCIRCUITO34TRECHO</styleUrl><LineString><coordinates>-49.752687,-13.024604,0 -49.751656,-13.024830,0</coordinates></LineString></Placemark>
<Placemark><name>3294695</name><styleUrl>#styleDaimonCIRCUITO34TRECHO</styleUrl><LineString><coordinates>-49.753655,-13.024352,0 -49.752687,-13.024604,0</coordinates></LineString></Placemark>
<Placemark><name>3294687</name><styleUrl>#styleDaimonCIRCUITO34TRECHO</styleUrl><LineString><coordinates>-49.755271,-13.023998,0 -49.753655,-13.024352,0</coordinates></LineString></Placemark>
<Placemark><name>2542460</name><styleUrl>#styleDaimonCIRCUITO34TRECHO</styleUrl><LineString><coordinates>-49.755719,-13.023920,0 -49.755271,-13.023998,0</coordinates></LineString></Placemark>
<Placemark><name>2542458</name><styleUrl>#styleDaimonCIRCUITO34TRECHO</styleUrl><LineString><coordinates>-49.755719,-13.023920,0 -49.755665,-13.023853,0</coordinates></LineString></Placemark>
<Placemark><name>2542459</name><styleUrl>#styleDaimonCIRCUITO34TRECHO</styleUrl><LineString><coordinates>-49.756145,-13.023838,0 -49.755719,-13.023920,0</coordinates></LineString></Placemark>
<Placemark><name>3395666</name><styleUrl>#styleDaimonCIRCUITO34TRECHO</styleUrl><LineString><coordinates>-49.755719,-13.023920,0 -49.755835,-13.024084,0</coordinates></LineString></Placemark>
<Placemark><name>12150120</name><styleUrl>#styleDaimonCIRCUITO34TRECHO</styleUrl><LineString><coordinates>-49.755665,-13.023853,0 -49.755648,-13.023853,0</coordinates></LineString></Placemark>
<Placemark><name>3294426</name><styleUrl>#styleDaimonCIRCUITO34TRECHO</styleUrl><LineString><coordinates>-49.757115,-13.023608,0 -49.756145,-13.023838,0</coordinates></LineString></Placemark>
<Placemark><name>3294427</name><styleUrl>#styleDaimonCIRCUITO34TRECHO</styleUrl><LineString><coordinates>-49.758105,-13.023381,0 -49.757115,-13.023608,0</coordinates></LineString></Placemark>
<Placemark><name>3294428</name><styleUrl>#styleDaimonCIRCUITO34TRECHO</styleUrl><LineString><coordinates>-49.759277,-13.023135,0 -49.758105,-13.023381,0</coordinates></LineString></Placemark>
<Placemark><name>3294429</name><styleUrl>#styleDaimonCIRCUITO34TRECHO</styleUrl><LineString><coordinates>-49.760350,-13.022898,0 -49.759277,-13.023135,0</coordinates></LineString></Placemark>
<Placemark><name>3294430</name><styleUrl>#styleDaimonCIRCUITO34TRECHO</styleUrl><LineString><coordinates>-49.761384,-13.022694,0 -49.760350,-13.022898,0</coordinates></LineString></Placemark>
<Placemark><name>3294431</name><styleUrl>#styleDaimonCIRCUITO34TRECHO</styleUrl><LineString><coordinates>-49.762598,-13.022387,0 -49.761384,-13.022694,0</coordinates></LineString></Placemark>
<Placemark><name>3294432</name><styleUrl>#styleDaimonCIRCUITO34TRECHO</styleUrl><LineString><coordinates>-49.763495,-13.022202,0 -49.762598,-13.022387,0</coordinates></LineString></Placemark>
<Placemark><name>3294433</name><styleUrl>#styleDaimonCIRCUITO34TRECHO</styleUrl><LineString><coordinates>-49.764768,-13.021930,0 -49.763495,-13.022202,0</coordinates></LineString></Placemark>
<Placemark><name>3294434</name><styleUrl>#styleDaimonCIRCUITO34TRECHO</styleUrl><LineString><coordinates>-49.766030,-13.021667,0 -49.764768,-13.021930,0</coordinates></LineString></Placemark>
<Placemark><name>3294435</name><styleUrl>#styleDaimonCIRCUITO34TRECHO</styleUrl><LineString><coordinates>-49.767084,-13.021407,0 -49.766030,-13.021667,0</coordinates></LineString></Placemark>
<Placemark><name>3294436</name><styleUrl>#styleDaimonCIRCUITO34TRECHO</styleUrl><LineString><coordinates>-49.768218,-13.021173,0 -49.767084,-13.021407,0</coordinates></LineString></Placemark>
<Placemark><name>3294437</name><styleUrl>#styleDaimonCIRCUITO34TRECHO</styleUrl><LineString><coordinates>-49.769460,-13.020879,0 -49.768218,-13.021173,0</coordinates></LineString></Placemark>
<Placemark><name>3294438</name><styleUrl>#styleDaimonCIRCUITO34TRECHO</styleUrl><LineString><coordinates>-49.770557,-13.020636,0 -49.769460,-13.020879,0</coordinates></LineString></Placemark>
<Placemark><name>3294439</name><styleUrl>#styleDaimonCIRCUITO34TRECHO</styleUrl><LineString><coordinates>-49.771642,-13.020410,0 -49.770557,-13.020636,0</coordinates></LineString></Placemark>
<Placemark><name>3294440</name><styleUrl>#styleDaimonCIRCUITO34TRECHO</styleUrl><LineString><coordinates>-49.772627,-13.020194,0 -49.771642,-13.020410,0</coordinates></LineString></Placemark>
<Placemark><name>12045872</name><styleUrl>#styleDaimonCIRCUITO34TRECHO</styleUrl><LineString><coordinates>-49.772627,-13.020194,0 -49.772621,-13.020175,0</coordinates></LineString></Placemark>
<Placemark><name>3294424</name><styleUrl>#styleDaimonCIRCUITO34TRECHO</styleUrl><LineString><coordinates>-49.773526,-13.019988,0 -49.772627,-13.020194,0</coordinates></LineString></Placemark>
<Placemark><name>2832225</name><styleUrl>#styleDaimonCIRCUITO34TRECHO</styleUrl><LineString><coordinates>-49.772621,-13.020175,0 -49.772573,-13.020025,0</coordinates></LineString></Placemark>
<Placemark><name>3294425</name><styleUrl>#styleDaimonCIRCUITO34TRECHO</styleUrl><LineString><coordinates>-49.774682,-13.019739,0 -49.773526,-13.019988,0</coordinates></LineString></Placemark>
<Placemark><name>12108542</name><styleUrl>#styleDaimonCIRCUITO34TRECHO</styleUrl><LineString><coordinates>-49.774720,-13.019728,0 -49.774682,-13.019739,0</coordinates></LineString></Placemark>
<Placemark><name>3452065</name><styleUrl>#styleDaimonCIRCUITO34TRECHO</styleUrl><LineString><coordinates>-49.775858,-13.019452,0 -49.774720,-13.019728,0</coordinates></LineString></Placemark>
<Placemark><name>3452064</name><styleUrl>#styleDaimonCIRCUITO34TRECHO</styleUrl><LineString><coordinates>-49.777093,-13.019216,0 -49.775858,-13.019452,0</coordinates></LineString></Placemark>
<Placemark><name>40999789</name><styleUrl>#styleDaimonCIRCUITO34TRECHO</styleUrl><LineString><coordinates>-49.794659,-13.002838,0 -49.794680,-13.002853,0</coordinates></LineString></Placemark>
<Placemark><name>40999772</name><styleUrl>#styleDaimonCIRCUITO34TRECHO</styleUrl><LineString><coordinates>-49.794332,-13.002606,0 -49.794659,-13.002838,0</coordinates></LineString></Placemark>
<Placemark><name>40999780</name><styleUrl>#styleDaimonCIRCUITO34TRECHO</styleUrl><LineString><coordinates>-49.794680,-13.002853,0 -49.795082,-13.003136,0</coordinates></LineString></Placemark>
<Placemark><name>2824688</name><styleUrl>#styleDaimonCIRCUITO34TRECHO</styleUrl><LineString><coordinates>-49.797965,-12.987927,0 -49.797150,-12.987384,0</coordinates></LineString></Placemark>
<Placemark><name>3659410</name><styleUrl>#styleDaimonCIRCUITO34TRECHO</styleUrl><LineString><coordinates>-49.805469,-12.995174,0 -49.805483,-12.995164,0</coordinates></LineString></Placemark>
<Placemark><name>2706340</name><styleUrl>#styleDaimonCIRCUITO34TRECHO</styleUrl><LineString><coordinates>-49.804404,-12.993747,0 -49.804552,-12.993414,0</coordinates></LineString></Placemark>
<Placemark><name>3288613</name><styleUrl>#styleDaimonCIRCUITO34TRECHO</styleUrl><LineString><coordinates>-49.819152,-12.966576,0 -49.818986,-12.966057,0</coordinates></LineString></Placemark>
<Placemark><name>3302187</name><styleUrl>#styleDaimonCIRCUITO34TRECHO</styleUrl><LineString><coordinates>-49.816301,-12.968583,0 -49.816159,-12.968325,0</coordinates></LineString></Placemark>
<Placemark><name>3302462</name><styleUrl>#styleDaimonCIRCUITO34TRECHO</styleUrl><LineString><coordinates>-49.812172,-12.968959,0 -49.811592,-12.968834,0</coordinates></LineString></Placemark>
<Placemark><name>3302470</name><styleUrl>#styleDaimonCIRCUITO34TRECHO</styleUrl><LineString><coordinates>-49.809648,-12.978778,0 -49.809139,-12.979896,0</coordinates></LineString></Placemark>
<Placemark><name>3302755</name><styleUrl>#styleDaimonCIRCUITO34TRECHO</styleUrl><LineString><coordinates>-49.815674,-12.988606,0 -49.815491,-12.988013,0</coordinates></LineString></Placemark>
<Placemark><name>12148276</name><styleUrl>#styleDaimonCIRCUITO34TRECHO</styleUrl><LineString><coordinates>-49.850477,-12.960594,0 -49.850473,-12.960559,0</coordinates></LineString></Placemark>
<Placemark><name>2748063</name><styleUrl>#styleDaimonCIRCUITO34TRECHO</styleUrl><LineString><coordinates>-49.850522,-12.960987,0 -49.850477,-12.960594,0</coordinates></LineString></Placemark>
<Placemark><name>3497408</name><styleUrl>#styleDaimonCIRCUITO34TRECHO</styleUrl><LineString><coordinates>-49.850473,-12.960559,0 -49.850403,-12.959825,0</coordinates></LineString></Placemark>
<Placemark><name>2476684</name><styleUrl>#styleDaimonCIRCUITO34TRECHO</styleUrl><LineString><coordinates>-49.835358,-12.958783,0 -49.835058,-12.958713,0</coordinates></LineString></Placemark>
<Placemark><name>12135567</name><styleUrl>#styleDaimonCIRCUITO34TRECHO</styleUrl><LineString><coordinates>-49.863798,-12.977058,0 -49.863803,-12.977075,0</coordinates></LineString></Placemark>
<Placemark><name>2706343</name><styleUrl>#styleDaimonCIRCUITO34TRECHO</styleUrl><LineString><coordinates>-49.863803,-12.977075,0 -49.864314,-12.977668,0</coordinates></LineString></Placemark>
<Placemark><name>3288372</name><styleUrl>#styleDaimonCIRCUITO34TRECHO</styleUrl><LineString><coordinates>-49.862436,-12.977315,0 -49.863798,-12.977058,0</coordinates></LineString></Placemark>
<Placemark><name>3288373</name><styleUrl>#styleDaimonCIRCUITO34TRECHO</styleUrl><LineString><coordinates>-49.863798,-12.977058,0 -49.865200,-12.976783,0</coordinates></LineString></Placemark>
<Placemark><name>3288374</name><styleUrl>#styleDaimonCIRCUITO34TRECHO</styleUrl><LineString><coordinates>-49.865200,-12.976783,0 -49.865629,-12.976706,0</coordinates></LineString></Placemark>
<Placemark><name>2843762</name><styleUrl>#styleDaimonCIRCUITO34TRECHO</styleUrl><LineString><coordinates>-49.855806,-12.968727,0 -49.856261,-12.968510,0</coordinates></LineString></Placemark>
<Placemark><name>2843761</name><styleUrl>#styleDaimonCIRCUITO34TRECHO</styleUrl><LineString><coordinates>-49.854868,-12.968858,0 -49.855806,-12.968727,0</coordinates></LineString></Placemark>
<Placemark><name>2476970</name><styleUrl>#styleDaimonCIRCUITO34TRECHO</styleUrl><LineString><coordinates>-49.863219,-12.978065,0 -49.863509,-12.978199,0</coordinates></LineString></Placemark>
<Placemark><name>3497673</name><styleUrl>#styleDaimonCIRCUITO34TRECHO</styleUrl><LineString><coordinates>-49.855363,-12.974382,0 -49.854479,-12.975016,0</coordinates></LineString></Placemark>
<Placemark><name>3497672</name><styleUrl>#styleDaimonCIRCUITO34TRECHO</styleUrl><LineString><coordinates>-49.856133,-12.973794,0 -49.855363,-12.974382,0</coordinates></LineString></Placemark>
<Placemark><name>3497671</name><styleUrl>#styleDaimonCIRCUITO34TRECHO</styleUrl><LineString><coordinates>-49.854479,-12.975016,0 -49.853381,-12.975829,0</coordinates></LineString></Placemark>
<Placemark><name>2950570</name><styleUrl>#styleDaimonCIRCUITO34TRECHO</styleUrl><LineString><coordinates>-49.830888,-12.989322,0 -49.831042,-12.988668,0</coordinates></LineString></Placemark>
<Placemark><name>2950569</name><styleUrl>#styleDaimonCIRCUITO34TRECHO</styleUrl><LineString><coordinates>-49.831042,-12.988668,0 -49.831375,-12.987249,0</coordinates></LineString></Placemark>
<Placemark><name>2514012</name><styleUrl>#styleDaimonCIRCUITO34TRECHO</styleUrl><LineString><coordinates>-49.839952,-12.994798,0 -49.841102,-12.994877,0</coordinates></LineString></Placemark>
<Placemark><name>2514011</name><styleUrl>#styleDaimonCIRCUITO34TRECHO</styleUrl><LineString><coordinates>-49.838940,-12.994743,0 -49.839952,-12.994798,0</coordinates></LineString></Placemark>
<Placemark><name>2514013</name><styleUrl>#styleDaimonCIRCUITO34TRECHO</styleUrl><LineString><coordinates>-49.841102,-12.994877,0 -49.842039,-12.994941,0</coordinates></LineString></Placemark>
<Placemark><name>2514014</name><styleUrl>#styleDaimonCIRCUITO34TRECHO</styleUrl><LineString><coordinates>-49.842039,-12.994941,0 -49.842789,-12.994992,0</coordinates></LineString></Placemark>
<Placemark><name>2514197</name><styleUrl>#styleDaimonCIRCUITO34TRECHO</styleUrl><LineString><coordinates>-49.842789,-12.994992,0 -49.843444,-12.995037,0</coordinates></LineString></Placemark>
<Placemark><name>12083091</name><styleUrl>#styleDaimonCIRCUITO34TRECHO</styleUrl><LineString><coordinates>-49.843444,-12.995037,0 -49.843473,-12.995038,0</coordinates></LineString></Placemark>
<Placemark><name>2514196</name><styleUrl>#styleDaimonCIRCUITO34TRECHO</styleUrl><LineString><coordinates>-49.843473,-12.995038,0 -49.846388,-12.995230,0</coordinates></LineString></Placemark>
<Placemark><name>12083090</name><styleUrl>#styleDaimonCIRCUITO34TRECHO</styleUrl><LineString><coordinates>-49.846388,-12.995230,0 -49.846416,-12.995234,0</coordinates></LineString></Placemark>
<Placemark><name>2514198</name><styleUrl>#styleDaimonCIRCUITO34TRECHO</styleUrl><LineString><coordinates>-49.846416,-12.995234,0 -49.847970,-12.995339,0</coordinates></LineString></Placemark>
<Placemark><name>2514199</name><styleUrl>#styleDaimonCIRCUITO34TRECHO</styleUrl><LineString><coordinates>-49.847970,-12.995339,0 -49.849318,-12.995434,0</coordinates></LineString></Placemark>
<Placemark><name>2748283</name><styleUrl>#styleDaimonCIRCUITO34TRECHO</styleUrl><LineString><coordinates>-49.840919,-12.996587,0 -49.841014,-12.996743,0</coordinates></LineString></Placemark>
<Placemark><name>24568894</name><styleUrl>#styleDaimonCIRCUITO34TRECHO</styleUrl><LineString><coordinates>-49.841014,-12.996743,0 -49.840929,-12.996774,0</coordinates></LineString></Placemark>
<Placemark><name>3302748</name><styleUrl>#styleDaimonCIRCUITO34TRECHO</styleUrl><LineString><coordinates>-49.819591,-12.975882,0 -49.819136,-12.975719,0</coordinates></LineString></Placemark>
<Placemark><name>2706097</name><styleUrl>#styleDaimonCIRCUITO34TRECHO</styleUrl><LineString><coordinates>-49.821389,-12.976435,0 -49.821494,-12.975373,0</coordinates></LineString></Placemark>
<Placemark><name>3395665</name><styleUrl>#styleDaimonCIRCUITO34TRECHO</styleUrl><LineString><coordinates>-49.850617,-13.051713,0 -49.851015,-13.052800,0</coordinates></LineString></Placemark>
<Placemark><name>12150119</name><styleUrl>#styleDaimonCIRCUITO34TRECHO</styleUrl><LineString><coordinates>-49.850612,-13.051700,0 -49.850617,-13.051713,0</coordinates></LineString></Placemark>
<Placemark><name>2823892</name><styleUrl>#styleDaimonCIRCUITO34TRECHO</styleUrl><LineString><coordinates>-49.850185,-13.050565,0 -49.850612,-13.051700,0</coordinates></LineString></Placemark>
<Placemark><name>2823893</name><styleUrl>#styleDaimonCIRCUITO34TRECHO</styleUrl><LineString><coordinates>-49.849865,-13.049450,0 -49.850185,-13.050565,0</coordinates></LineString></Placemark>
<Placemark><name>2823894</name><styleUrl>#styleDaimonCIRCUITO34TRECHO</styleUrl><LineString><coordinates>-49.849444,-13.048346,0 -49.849865,-13.049450,0</coordinates></LineString></Placemark>
<Placemark><name>2823895</name><styleUrl>#styleDaimonCIRCUITO34TRECHO</styleUrl><LineString><coordinates>-49.848915,-13.047187,0 -49.849444,-13.048346,0</coordinates></LineString></Placemark>
<Placemark><name>2823896</name><styleUrl>#styleDaimonCIRCUITO34TRECHO</styleUrl><LineString><coordinates>-49.848317,-13.046022,0 -49.848915,-13.047187,0</coordinates></LineString></Placemark>
<Placemark><name>2823897</name><styleUrl>#styleDaimonCIRCUITO34TRECHO</styleUrl><LineString><coordinates>-49.847734,-13.044580,0 -49.848317,-13.046022,0</coordinates></LineString></Placemark>
<Placemark><name>2823898</name><styleUrl>#styleDaimonCIRCUITO34TRECHO</styleUrl><LineString><coordinates>-49.847170,-13.043646,0 -49.847734,-13.044580,0</coordinates></LineString></Placemark>
<Placemark><name>2744599</name><styleUrl>#styleDaimonCIRCUITO34TRECHO</styleUrl><LineString><coordinates>-49.846762,-13.042747,0 -49.847170,-13.043646,0</coordinates></LineString></Placemark>
<Placemark><name>2823899</name><styleUrl>#styleDaimonCIRCUITO34TRECHO</styleUrl><LineString><coordinates>-49.845326,-13.040013,0 -49.846762,-13.042747,0</coordinates></LineString></Placemark>
<Placemark><name>12142387</name><styleUrl>#styleDaimonCIRCUITO34TRECHO</styleUrl><LineString><coordinates>-49.845306,-13.039981,0 -49.845326,-13.040013,0</coordinates></LineString></Placemark>
<Placemark><name>2824170</name><styleUrl>#styleDaimonCIRCUITO34TRECHO</styleUrl><LineString><coordinates>-49.844687,-13.038684,0 -49.845306,-13.039981,0</coordinates></LineString></Placemark>
<Placemark><name>2823900</name><styleUrl>#styleDaimonCIRCUITO34TRECHO</styleUrl><LineString><coordinates>-49.844022,-13.037341,0 -49.844687,-13.038684,0</coordinates></LineString></Placemark>
<Placemark><name>2823901</name><styleUrl>#styleDaimonCIRCUITO34TRECHO</styleUrl><LineString><coordinates>-49.843485,-13.036338,0 -49.844022,-13.037341,0</coordinates></LineString></Placemark>
<Placemark><name>2823902</name><styleUrl>#styleDaimonCIRCUITO34TRECHO</styleUrl><LineString><coordinates>-49.842873,-13.035074,0 -49.843485,-13.036338,0</coordinates></LineString></Placemark>
<Placemark><name>2824154</name><styleUrl>#styleDaimonCIRCUITO34TRECHO</styleUrl><LineString><coordinates>-49.842351,-13.034002,0 -49.842873,-13.035074,0</coordinates></LineString></Placemark>
<Placemark><name>2824155</name><styleUrl>#styleDaimonCIRCUITO34TRECHO</styleUrl><LineString><coordinates>-49.841781,-13.032837,0 -49.842351,-13.034002,0</coordinates></LineString></Placemark>
<Placemark><name>2744598</name><styleUrl>#styleDaimonCIRCUITO34TRECHO</styleUrl><LineString><coordinates>-49.841319,-13.031770,0 -49.841781,-13.032837,0</coordinates></LineString></Placemark>
<Placemark><name>2824156</name><styleUrl>#styleDaimonCIRCUITO34TRECHO</styleUrl><LineString><coordinates>-49.840683,-13.030626,0 -49.841319,-13.031770,0</coordinates></LineString></Placemark>
<Placemark><name>2824157</name><styleUrl>#styleDaimonCIRCUITO34TRECHO</styleUrl><LineString><coordinates>-49.840077,-13.029477,0 -49.840683,-13.030626,0</coordinates></LineString></Placemark>
<Placemark><name>2824158</name><styleUrl>#styleDaimonCIRCUITO34TRECHO</styleUrl><LineString><coordinates>-49.839529,-13.028305,0 -49.840077,-13.029477,0</coordinates></LineString></Placemark>
<Placemark><name>2824159</name><styleUrl>#styleDaimonCIRCUITO34TRECHO</styleUrl><LineString><coordinates>-49.838923,-13.027034,0 -49.839529,-13.028305,0</coordinates></LineString></Placemark>
<Placemark><name>2824160</name><styleUrl>#styleDaimonCIRCUITO34TRECHO</styleUrl><LineString><coordinates>-49.838479,-13.026098,0 -49.838923,-13.027034,0</coordinates></LineString></Placemark>
<Placemark><name>2824161</name><styleUrl>#styleDaimonCIRCUITO34TRECHO</styleUrl><LineString><coordinates>-49.836829,-13.022737,0 -49.838479,-13.026098,0</coordinates></LineString></Placemark>
<Placemark><name>2824162</name><styleUrl>#styleDaimonCIRCUITO34TRECHO</styleUrl><LineString><coordinates>-49.836312,-13.021725,0 -49.836829,-13.022737,0</coordinates></LineString></Placemark>
<Placemark><name>2824163</name><styleUrl>#styleDaimonCIRCUITO34TRECHO</styleUrl><LineString><coordinates>-49.835653,-13.020581,0 -49.836312,-13.021725,0</coordinates></LineString></Placemark>
<Placemark><name>2824164</name><styleUrl>#styleDaimonCIRCUITO34TRECHO</styleUrl><LineString><coordinates>-49.835125,-13.019346,0 -49.835653,-13.020581,0</coordinates></LineString></Placemark>
<Placemark><name>2744597</name><styleUrl>#styleDaimonCIRCUITO34TRECHO</styleUrl><LineString><coordinates>-49.834555,-13.018143,0 -49.835125,-13.019346,0</coordinates></LineString></Placemark>
<Placemark><name>2824165</name><styleUrl>#styleDaimonCIRCUITO34TRECHO</styleUrl><LineString><coordinates>-49.833961,-13.016938,0 -49.834555,-13.018143,0</coordinates></LineString></Placemark>
<Placemark><name>2824166</name><styleUrl>#styleDaimonCIRCUITO34TRECHO</styleUrl><LineString><coordinates>-49.833384,-13.015760,0 -49.833961,-13.016938,0</coordinates></LineString></Placemark>
<Placemark><name>2824167</name><styleUrl>#styleDaimonCIRCUITO34TRECHO</styleUrl><LineString><coordinates>-49.832806,-13.014606,0 -49.833384,-13.015760,0</coordinates></LineString></Placemark>
<Placemark><name>2824169</name><styleUrl>#styleDaimonCIRCUITO34TRECHO</styleUrl><LineString><coordinates>-49.832114,-13.013202,0 -49.832806,-13.014606,0</coordinates></LineString></Placemark>
<Placemark><name>2824168</name><styleUrl>#styleDaimonCIRCUITO34TRECHO</styleUrl><LineString><coordinates>-49.831395,-13.011714,0 -49.832114,-13.013202,0</coordinates></LineString></Placemark>
<Placemark><name>12142386</name><styleUrl>#styleDaimonCIRCUITO34TRECHO</styleUrl><LineString><coordinates>-49.831358,-13.011704,0 -49.831395,-13.011714,0</coordinates></LineString></Placemark>
<Placemark><name>2823891</name><styleUrl>#styleDaimonCIRCUITO34TRECHO</styleUrl><LineString><coordinates>-49.830674,-13.012045,0 -49.831358,-13.011704,0</coordinates></LineString></Placemark>
<Placemark><name>2744600</name><styleUrl>#styleDaimonCIRCUITO34TRECHO</styleUrl><LineString><coordinates>-49.831135,-13.012888,0 -49.831125,-13.013363,0</coordinates></LineString></Placemark>
<Placemark><name>2706111</name><styleUrl>#styleDaimonCIRCUITO34TRECHO</styleUrl><LineString><coordinates>-49.824659,-12.958717,0 -49.824061,-12.959520,0</coordinates></LineString></Placemark>
<Placemark><name>2706342</name><styleUrl>#styleDaimonCIRCUITO34TRECHO</styleUrl><LineString><coordinates>-49.826333,-12.956598,0 -49.825490,-12.956634,0</coordinates></LineString></Placemark>
<Placemark><name>3141647</name><styleUrl>#styleDaimonCIRCUITO34TRECHO</styleUrl><LineString><coordinates>-49.816442,-13.015610,0 -49.817226,-13.015799,0</coordinates></LineString></Placemark>
<Placemark><name>3141649</name><styleUrl>#styleDaimonCIRCUITO34TRECHO</styleUrl><LineString><coordinates>-49.811756,-13.024363,0 -49.811895,-13.025168,0</coordinates></LineString></Placemark>
<Placemark><name>2539541</name><styleUrl>#styleDaimonCIRCUITO34TRECHO</styleUrl><LineString><coordinates>-49.807651,-13.017533,0 -49.807367,-13.018183,0</coordinates></LineString></Placemark>
<Placemark><name>2803651</name><styleUrl>#styleDaimonCIRCUITO34TRECHO</styleUrl><LineString><coordinates>-49.811759,-13.011862,0 -49.811955,-13.013236,0</coordinates></LineString></Placemark>
<Placemark><name>2473601</name><styleUrl>#styleDaimonCIRCUITO34TRECHO</styleUrl><LineString><coordinates>-49.780045,-13.008893,0 -49.779174,-13.008427,0</coordinates></LineString></Placemark>
<Placemark><name>3529563</name><styleUrl>#styleDaimonCIRCUITO34TRECHO</styleUrl><LineString><coordinates>-49.826116,-12.951211,0 -49.825354,-12.950788,0</coordinates></LineString></Placemark>
<Placemark><name>2601866</name><styleUrl>#styleDaimonCIRCUITO34TRECHO</styleUrl><LineString><coordinates>-49.827846,-12.973979,0 -49.828601,-12.974704,0</coordinates></LineString></Placemark>
<Placemark><name>2542456</name><styleUrl>#styleDaimonCIRCUITO34TRECHO</styleUrl><LineString><coordinates>-49.797602,-13.048909,0 -49.798171,-13.050426,0</coordinates></LineString></Placemark>
<Placemark><name>2542457</name><styleUrl>#styleDaimonCIRCUITO34TRECHO</styleUrl><LineString><coordinates>-49.798171,-13.050426,0 -49.798374,-13.051101,0</coordinates></LineString></Placemark>
<Placemark><name>2542455</name><styleUrl>#styleDaimonCIRCUITO34TRECHO</styleUrl><LineString><coordinates>-49.797317,-13.047684,0 -49.797602,-13.048909,0</coordinates></LineString></Placemark>
<Placemark><name>2543538</name><styleUrl>#styleDaimonCIRCUITO34TRECHO</styleUrl><LineString><coordinates>-49.796966,-13.046641,0 -49.797317,-13.047684,0</coordinates></LineString></Placemark>
<Placemark><name>2543537</name><styleUrl>#styleDaimonCIRCUITO34TRECHO</styleUrl><LineString><coordinates>-49.798241,-13.045232,0 -49.798714,-13.045272,0</coordinates></LineString></Placemark>
<Placemark><name>2744465</name><styleUrl>#styleDaimonCIRCUITO34TRECHO</styleUrl><LineString><coordinates>-49.769557,-13.021028,0 -49.770438,-13.022369,0</coordinates></LineString></Placemark>
<Placemark><name>3161403</name><styleUrl>#styleDaimonCIRCUITO34TRECHO</styleUrl><LineString><coordinates>-49.770438,-13.022369,0 -49.771151,-13.023449,0</coordinates></LineString></Placemark>
<Placemark><name>3161404</name><styleUrl>#styleDaimonCIRCUITO34TRECHO</styleUrl><LineString><coordinates>-49.771151,-13.023449,0 -49.771861,-13.024524,0</coordinates></LineString></Placemark>
<Placemark><name>2791339</name><styleUrl>#styleDaimonCIRCUITO34TRECHO</styleUrl><LineString><coordinates>-49.737777,-13.054521,0 -49.739268,-13.055691,0</coordinates></LineString></Placemark>
<Placemark><name>2791338</name><styleUrl>#styleDaimonCIRCUITO34TRECHO</styleUrl><LineString><coordinates>-49.739268,-13.055691,0 -49.739717,-13.056105,0</coordinates></LineString></Placemark>
<Placemark><name>2791340</name><styleUrl>#styleDaimonCIRCUITO34TRECHO</styleUrl><LineString><coordinates>-49.736665,-13.053540,0 -49.737777,-13.054521,0</coordinates></LineString></Placemark>
<Placemark><name>2791337</name><styleUrl>#styleDaimonCIRCUITO34TRECHO</styleUrl><LineString><coordinates>-49.739717,-13.056105,0 -49.741011,-13.057169,0</coordinates></LineString></Placemark>
<Placemark><name>2820637</name><styleUrl>#styleDaimonCIRCUITO34TRECHO</styleUrl><LineString><coordinates>-49.735833,-13.052930,0 -49.736665,-13.053540,0</coordinates></LineString></Placemark>
<Placemark><name>2820636</name><styleUrl>#styleDaimonCIRCUITO34TRECHO</styleUrl><LineString><coordinates>-49.741011,-13.057169,0 -49.742039,-13.058022,0</coordinates></LineString></Placemark>
<Placemark><name>2791431</name><styleUrl>#styleDaimonCIRCUITO34TRECHO</styleUrl><LineString><coordinates>-49.734708,-13.052057,0 -49.735833,-13.052930,0</coordinates></LineString></Placemark>
<Placemark><name>2791336</name><styleUrl>#styleDaimonCIRCUITO34TRECHO</styleUrl><LineString><coordinates>-49.742039,-13.058022,0 -49.743110,-13.058899,0</coordinates></LineString></Placemark>
<Placemark><name>2791331</name><styleUrl>#styleDaimonCIRCUITO34TRECHO</styleUrl><LineString><coordinates>-49.733870,-13.050869,0 -49.734708,-13.052057,0</coordinates></LineString></Placemark>
<Placemark><name>12165671</name><styleUrl>#styleDaimonCIRCUITO34TRECHO</styleUrl><LineString><coordinates>-49.743110,-13.058899,0 -49.743136,-13.058922,0</coordinates></LineString></Placemark>
<Placemark><name>2826256</name><styleUrl>#styleDaimonCIRCUITO34TRECHO</styleUrl><LineString><coordinates>-49.733076,-13.049869,0 -49.733870,-13.050869,0</coordinates></LineString></Placemark>
<Placemark><name>2791335</name><styleUrl>#styleDaimonCIRCUITO34TRECHO</styleUrl><LineString><coordinates>-49.743136,-13.058922,0 -49.744247,-13.059790,0</coordinates></LineString></Placemark>
<Placemark><name>12172108</name><styleUrl>#styleDaimonCIRCUITO34TRECHO</styleUrl><LineString><coordinates>-49.733075,-13.049834,0 -49.733076,-13.049869,0</coordinates></LineString></Placemark>
<Placemark><name>2791334</name><styleUrl>#styleDaimonCIRCUITO34TRECHO</styleUrl><LineString><coordinates>-49.744247,-13.059790,0 -49.745444,-13.060768,0</coordinates></LineString></Placemark>
<Placemark><name>3252905</name><styleUrl>#styleDaimonCIRCUITO34TRECHO</styleUrl><LineString><coordinates>-49.733246,-13.049596,0 -49.733075,-13.049834,0</coordinates></LineString></Placemark>
<Placemark><name>2791333</name><styleUrl>#styleDaimonCIRCUITO34TRECHO</styleUrl><LineString><coordinates>-49.745444,-13.060768,0 -49.746345,-13.061511,0</coordinates></LineString></Placemark>
<Placemark><name>12174873</name><styleUrl>#styleDaimonCIRCUITO34TRECHO</styleUrl><LineString><coordinates>-49.733260,-13.049582,0 -49.733246,-13.049596,0</coordinates></LineString></Placemark>
<Placemark><name>2820654</name><styleUrl>#styleDaimonCIRCUITO34TRECHO</styleUrl><LineString><coordinates>-49.746345,-13.061511,0 -49.746956,-13.062002,0</coordinates></LineString></Placemark>
<Placemark><name>2791330</name><styleUrl>#styleDaimonCIRCUITO34TRECHO</styleUrl><LineString><coordinates>-49.733260,-13.049582,0 -49.734153,-13.050386,0</coordinates></LineString></Placemark>
<Placemark><name>3252903</name><styleUrl>#styleDaimonCIRCUITO34TRECHO</styleUrl><LineString><coordinates>-49.732557,-13.048987,0 -49.733260,-13.049582,0</coordinates></LineString></Placemark>
<Placemark><name>3252904</name><styleUrl>#styleDaimonCIRCUITO34TRECHO</styleUrl><LineString><coordinates>-49.731228,-13.047806,0 -49.732557,-13.048987,0</coordinates></LineString></Placemark>
<Placemark><name>12174872</name><styleUrl>#styleDaimonCIRCUITO34TRECHO</styleUrl><LineString><coordinates>-49.731202,-13.047784,0 -49.731228,-13.047806,0</coordinates></LineString></Placemark>
<Placemark><name>3580954</name><styleUrl>#styleDaimonCIRCUITO34TRECHO</styleUrl><LineString><coordinates>-49.729935,-13.046686,0 -49.731202,-13.047784,0</coordinates></LineString></Placemark>
<Placemark><name>3252902</name><styleUrl>#styleDaimonCIRCUITO34TRECHO</styleUrl><LineString><coordinates>-49.729508,-13.046332,0 -49.729935,-13.046686,0</coordinates></LineString></Placemark>
<Placemark><name>3116600</name><styleUrl>#styleDaimonCIRCUITO34TRECHO</styleUrl><LineString><coordinates>-49.735920,-13.035636,0 -49.734974,-13.034946,0</coordinates></LineString></Placemark>
<Placemark><name>3116598</name><styleUrl>#styleDaimonCIRCUITO34TRECHO</styleUrl><LineString><coordinates>-49.734974,-13.034946,0 -49.733176,-13.033753,0</coordinates></LineString></Placemark>
<Placemark><name>3116599</name><styleUrl>#styleDaimonCIRCUITO34TRECHO</styleUrl><LineString><coordinates>-49.736385,-13.035932,0 -49.735920,-13.035636,0</coordinates></LineString></Placemark>
<Placemark><name>3116597</name><styleUrl>#styleDaimonCIRCUITO34TRECHO</styleUrl><LineString><coordinates>-49.733176,-13.033753,0 -49.732298,-13.033160,0</coordinates></LineString></Placemark>
<Placemark><name>3116596</name><styleUrl>#styleDaimonCIRCUITO34TRECHO</styleUrl><LineString><coordinates>-49.732298,-13.033160,0 -49.731502,-13.032089,0</coordinates></LineString></Placemark>
<Placemark><name>3116595</name><styleUrl>#styleDaimonCIRCUITO34TRECHO</styleUrl><LineString><coordinates>-49.731502,-13.032089,0 -49.730795,-13.031158,0</coordinates></LineString></Placemark>
<Placemark><name>3116594</name><styleUrl>#styleDaimonCIRCUITO34TRECHO</styleUrl><LineString><coordinates>-49.730795,-13.031158,0 -49.730040,-13.030121,0</coordinates></LineString></Placemark>
<Placemark><name>12111896</name><styleUrl>#styleDaimonCIRCUITO34TRECHO</styleUrl><LineString><coordinates>-49.705129,-13.066496,0 -49.705111,-13.066464,0</coordinates></LineString></Placemark>
<Placemark><name>3553475</name><styleUrl>#styleDaimonCIRCUITO34TRECHO</styleUrl><LineString><coordinates>-49.705111,-13.066464,0 -49.704981,-13.066242,0</coordinates></LineString></Placemark>
<Placemark><name>3604648</name><styleUrl>#styleDaimonCIRCUITO34TRECHO</styleUrl><LineString><coordinates>-49.705236,-13.066687,0 -49.705129,-13.066496,0</coordinates></LineString></Placemark>
<Placemark><name>3659412</name><styleUrl>#styleDaimonCIRCUITO34TRECHO</styleUrl><LineString><coordinates>-49.704981,-13.066242,0 -49.704936,-13.066228,0</coordinates></LineString></Placemark>
<Placemark><name>3050467</name><styleUrl>#styleDaimonCIRCUITO34TRECHO</styleUrl><LineString><coordinates>-49.723546,-13.065020,0 -49.724002,-13.065799,0</coordinates></LineString></Placemark>
<Placemark><name>3050466</name><styleUrl>#styleDaimonCIRCUITO34TRECHO</styleUrl><LineString><coordinates>-49.724002,-13.065799,0 -49.724412,-13.066642,0</coordinates></LineString></Placemark>
<Placemark><name>3002441</name><styleUrl>#styleDaimonCIRCUITO34TRECHO</styleUrl><LineString><coordinates>-49.723141,-13.064240,0 -49.723546,-13.065020,0</coordinates></LineString></Placemark>
<Placemark><name>3002440</name><styleUrl>#styleDaimonCIRCUITO34TRECHO</styleUrl><LineString><coordinates>-49.724412,-13.066642,0 -49.725267,-13.068214,0</coordinates></LineString></Placemark>
<Placemark><name>3002442</name><styleUrl>#styleDaimonCIRCUITO34TRECHO</styleUrl><LineString><coordinates>-49.722712,-13.063444,0 -49.723141,-13.064240,0</coordinates></LineString></Placemark>
<Placemark><name>3050468</name><styleUrl>#styleDaimonCIRCUITO34TRECHO</styleUrl><LineString><coordinates>-49.725267,-13.068214,0 -49.725709,-13.069013,0</coordinates></LineString></Placemark>
<Placemark><name>3002443</name><styleUrl>#styleDaimonCIRCUITO34TRECHO</styleUrl><LineString><coordinates>-49.722296,-13.062616,0 -49.722712,-13.063444,0</coordinates></LineString></Placemark>
<Placemark><name>3050470</name><styleUrl>#styleDaimonCIRCUITO34TRECHO</styleUrl><LineString><coordinates>-49.725709,-13.069013,0 -49.726112,-13.069795,0</coordinates></LineString></Placemark>
<Placemark><name>3002444</name><styleUrl>#styleDaimonCIRCUITO34TRECHO</styleUrl><LineString><coordinates>-49.721858,-13.061820,0 -49.722296,-13.062616,0</coordinates></LineString></Placemark>
<Placemark><name>3050469</name><styleUrl>#styleDaimonCIRCUITO34TRECHO</styleUrl><LineString><coordinates>-49.726112,-13.069795,0 -49.726512,-13.070625,0</coordinates></LineString></Placemark>
<Placemark><name>3002445</name><styleUrl>#styleDaimonCIRCUITO34TRECHO</styleUrl><LineString><coordinates>-49.721442,-13.061026,0 -49.721858,-13.061820,0</coordinates></LineString></Placemark>
<Placemark><name>3383909</name><styleUrl>#styleDaimonCIRCUITO34TRECHO</styleUrl><LineString><coordinates>-49.726512,-13.070625,0 -49.726970,-13.071469,0</coordinates></LineString></Placemark>
<Placemark><name>3002446</name><styleUrl>#styleDaimonCIRCUITO34TRECHO</styleUrl><LineString><coordinates>-49.721002,-13.060251,0 -49.721442,-13.061026,0</coordinates></LineString></Placemark>
<Placemark><name>3002447</name><styleUrl>#styleDaimonCIRCUITO34TRECHO</styleUrl><LineString><coordinates>-49.726970,-13.071469,0 -49.727455,-13.072344,0</coordinates></LineString></Placemark>
<Placemark><name>2542461</name><styleUrl>#styleDaimonCIRCUITO34TRECHO</styleUrl><LineString><coordinates>-49.720619,-13.059511,0 -49.721002,-13.060251,0</coordinates></LineString></Placemark>
<Placemark><name>3383912</name><styleUrl>#styleDaimonCIRCUITO34TRECHO</styleUrl><LineString><coordinates>-49.727455,-13.072344,0 -49.727858,-13.073176,0</coordinates></LineString></Placemark>
<Placemark><name>3588240</name><styleUrl>#styleDaimonCIRCUITO34TRECHO</styleUrl><LineString><coordinates>-49.720019,-13.058362,0 -49.720619,-13.059511,0</coordinates></LineString></Placemark>
<Placemark><name>3383911</name><styleUrl>#styleDaimonCIRCUITO34TRECHO</styleUrl><LineString><coordinates>-49.727858,-13.073176,0 -49.728311,-13.073998,0</coordinates></LineString></Placemark>
<Placemark><name>3383910</name><styleUrl>#styleDaimonCIRCUITO34TRECHO</styleUrl><LineString><coordinates>-49.728311,-13.073998,0 -49.728784,-13.074834,0</coordinates></LineString></Placemark>
<Placemark><name>3002439</name><styleUrl>#styleDaimonCIRCUITO34TRECHO</styleUrl><LineString><coordinates>-49.728784,-13.074834,0 -49.729277,-13.075725,0</coordinates></LineString></Placemark>
<Placemark><name>3002438</name><styleUrl>#styleDaimonCIRCUITO34TRECHO</styleUrl><LineString><coordinates>-49.729277,-13.075725,0 -49.729770,-13.076684,0</coordinates></LineString></Placemark>
<Placemark><name>3383914</name><styleUrl>#styleDaimonCIRCUITO34TRECHO</styleUrl><LineString><coordinates>-49.729770,-13.076684,0 -49.730265,-13.077633,0</coordinates></LineString></Placemark>
<Placemark><name>3383913</name><styleUrl>#styleDaimonCIRCUITO34TRECHO</styleUrl><LineString><coordinates>-49.730265,-13.077633,0 -49.730755,-13.078594,0</coordinates></LineString></Placemark>
<Placemark><name>3002436</name><styleUrl>#styleDaimonCIRCUITO34TRECHO</styleUrl><LineString><coordinates>-49.730755,-13.078594,0 -49.731692,-13.079590,0</coordinates></LineString></Placemark>
<Placemark><name>3002437</name><styleUrl>#styleDaimonCIRCUITO34TRECHO</styleUrl><LineString><coordinates>-49.731692,-13.079590,0 -49.732602,-13.080568,0</coordinates></LineString></Placemark>
<Placemark><name>2474536</name><styleUrl>#styleDaimonCIRCUITO34TRECHO</styleUrl><LineString><coordinates>-49.755856,-13.024136,0 -49.756038,-13.024605,0</coordinates></LineString></Placemark>
<Placemark><name>3116604</name><styleUrl>#styleDaimonCIRCUITO34TRECHO</styleUrl><LineString><coordinates>-49.711565,-13.053338,0 -49.710957,-13.052071,0</coordinates></LineString></Placemark>
<Placemark><name>3116603</name><styleUrl>#styleDaimonCIRCUITO34TRECHO</styleUrl><LineString><coordinates>-49.710957,-13.052071,0 -49.710330,-13.050844,0</coordinates></LineString></Placemark>
<Placemark><name>3116796</name><styleUrl>#styleDaimonCIRCUITO34TRECHO</styleUrl><LineString><coordinates>-49.712148,-13.054539,0 -49.711565,-13.053338,0</coordinates></LineString></Placemark>
<Placemark><name>3116602</name><styleUrl>#styleDaimonCIRCUITO34TRECHO</styleUrl><LineString><coordinates>-49.710330,-13.050844,0 -49.709784,-13.049812,0</coordinates></LineString></Placemark>
<Placemark><name>3116797</name><styleUrl>#styleDaimonCIRCUITO34TRECHO</styleUrl><LineString><coordinates>-49.712865,-13.055974,0 -49.712148,-13.054539,0</coordinates></LineString></Placemark>
<Placemark><name>3116601</name><styleUrl>#styleDaimonCIRCUITO34TRECHO</styleUrl><LineString><coordinates>-49.709784,-13.049812,0 -49.708895,-13.048041,0</coordinates></LineString></Placemark>
<Placemark><name>3116798</name><styleUrl>#styleDaimonCIRCUITO34TRECHO</styleUrl><LineString><coordinates>-49.713474,-13.057123,0 -49.712865,-13.055974,0</coordinates></LineString></Placemark>
<Placemark><name>3116799</name><styleUrl>#styleDaimonCIRCUITO34TRECHO</styleUrl><LineString><coordinates>-49.714008,-13.058079,0 -49.713474,-13.057123,0</coordinates></LineString></Placemark>
<Placemark><name>3116802</name><styleUrl>#styleDaimonCIRCUITO34TRECHO</styleUrl><LineString><coordinates>-49.714555,-13.059247,0 -49.714008,-13.058079,0</coordinates></LineString></Placemark>
<Placemark><name>12052576</name><styleUrl>#styleDaimonCIRCUITO34TRECHO</styleUrl><LineString><coordinates>-49.714572,-13.059280,0 -49.714555,-13.059247,0</coordinates></LineString></Placemark>
<Placemark><name>3116801</name><styleUrl>#styleDaimonCIRCUITO34TRECHO</styleUrl><LineString><coordinates>-49.714979,-13.060102,0 -49.714572,-13.059280,0</coordinates></LineString></Placemark>
<Placemark><name>12030533</name><styleUrl>#styleDaimonCIRCUITO34TRECHO</styleUrl><LineString><coordinates>-49.739981,-13.018897,0 -49.739955,-13.018917,0</coordinates></LineString></Placemark>
<Placemark><name>12052571</name><styleUrl>#styleDaimonCIRCUITO34TRECHO</styleUrl><LineString><coordinates>-49.739990,-13.018932,0 -49.739981,-13.018897,0</coordinates></LineString></Placemark>
<Placemark><name>3115788</name><styleUrl>#styleDaimonCIRCUITO34TRECHO</styleUrl><LineString><coordinates>-49.739981,-13.018897,0 -49.739934,-13.018716,0</coordinates></LineString></Placemark>
<Placemark><name>2524544</name><styleUrl>#styleDaimonCIRCUITO34TRECHO</styleUrl><LineString><coordinates>-49.739955,-13.018917,0 -49.739860,-13.018924,0</coordinates></LineString></Placemark>
<Placemark><name>3115789</name><styleUrl>#styleDaimonCIRCUITO34TRECHO</styleUrl><LineString><coordinates>-49.740120,-13.019621,0 -49.739990,-13.018932,0</coordinates></LineString></Placemark>
<Placemark><name>3115979</name><styleUrl>#styleDaimonCIRCUITO34TRECHO</styleUrl><LineString><coordinates>-49.739934,-13.018716,0 -49.739617,-13.016898,0</coordinates></LineString></Placemark>
<Placemark><name>3115978</name><styleUrl>#styleDaimonCIRCUITO34TRECHO</styleUrl><LineString><coordinates>-49.740331,-13.020668,0 -49.740120,-13.019621,0</coordinates></LineString></Placemark>
<Placemark><name>12052572</name><styleUrl>#styleDaimonCIRCUITO34TRECHO</styleUrl><LineString><coordinates>-49.739617,-13.016898,0 -49.739627,-13.016862,0</coordinates></LineString></Placemark>
<Placemark><name>3115977</name><styleUrl>#styleDaimonCIRCUITO34TRECHO</styleUrl><LineString><coordinates>-49.740516,-13.021756,0 -49.740331,-13.020668,0</coordinates></LineString></Placemark>
<Placemark><name>3115980</name><styleUrl>#styleDaimonCIRCUITO34TRECHO</styleUrl><LineString><coordinates>-49.739627,-13.016862,0 -49.740759,-13.015341,0</coordinates></LineString></Placemark>
<Placemark><name>3115783</name><styleUrl>#styleDaimonCIRCUITO34TRECHO</styleUrl><LineString><coordinates>-49.740808,-13.022709,0 -49.740516,-13.021756,0</coordinates></LineString></Placemark>
<Placemark><name>12052573</name><styleUrl>#styleDaimonCIRCUITO34TRECHO</styleUrl><LineString><coordinates>-49.740759,-13.015341,0 -49.740782,-13.015311,0</coordinates></LineString></Placemark>
<Placemark><name>12052570</name><styleUrl>#styleDaimonCIRCUITO34TRECHO</styleUrl><LineString><coordinates>-49.740833,-13.022737,0 -49.740808,-13.022709,0</coordinates></LineString></Placemark>
<Placemark><name>3115982</name><styleUrl>#styleDaimonCIRCUITO34TRECHO</styleUrl><LineString><coordinates>-49.740782,-13.015311,0 -49.741132,-13.014870,0</coordinates></LineString></Placemark>
<Placemark><name>3395667</name><styleUrl>#styleDaimonCIRCUITO34TRECHO</styleUrl><LineString><coordinates>-49.741563,-13.022973,0 -49.740833,-13.022737,0</coordinates></LineString></Placemark>
<Placemark><name>3115983</name><styleUrl>#styleDaimonCIRCUITO34TRECHO</styleUrl><LineString><coordinates>-49.741132,-13.014870,0 -49.741669,-13.014278,0</coordinates></LineString></Placemark>
<Placemark><name>12044371</name><styleUrl>#styleDaimonCIRCUITO34TRECHO</styleUrl><LineString><coordinates>-49.741582,-13.022982,0 -49.741563,-13.022973,0</coordinates></LineString></Placemark>
<Placemark><name>3115984</name><styleUrl>#styleDaimonCIRCUITO34TRECHO</styleUrl><LineString><coordinates>-49.741669,-13.014278,0 -49.742222,-13.013600,0</coordinates></LineString></Placemark>
<Placemark><name>3115784</name><styleUrl>#styleDaimonCIRCUITO34TRECHO</styleUrl><LineString><coordinates>-49.741976,-13.023114,0 -49.741582,-13.022982,0</coordinates></LineString></Placemark>
<Placemark><name>12044372</name><styleUrl>#styleDaimonCIRCUITO34TRECHO</styleUrl><LineString><coordinates>-49.742222,-13.013600,0 -49.742226,-13.013565,0</coordinates></LineString></Placemark>
<Placemark><name>3115785</name><styleUrl>#styleDaimonCIRCUITO34TRECHO</styleUrl><LineString><coordinates>-49.742578,-13.023336,0 -49.741976,-13.023114,0</coordinates></LineString></Placemark>
<Placemark><name>3115985</name><styleUrl>#styleDaimonCIRCUITO34TRECHO</styleUrl><LineString><coordinates>-49.742226,-13.013565,0 -49.742003,-13.012717,0</coordinates></LineString></Placemark>
<Placemark><name>3115786</name><styleUrl>#styleDaimonCIRCUITO34TRECHO</styleUrl><LineString><coordinates>-49.743540,-13.023691,0 -49.742578,-13.023336,0</coordinates></LineString></Placemark>
<Placemark><name>3115986</name><styleUrl>#styleDaimonCIRCUITO34TRECHO</styleUrl><LineString><coordinates>-49.742003,-13.012717,0 -49.741757,-13.011682,0</coordinates></LineString></Placemark>
<Placemark><name>3115787</name><styleUrl>#styleDaimonCIRCUITO34TRECHO</styleUrl><LineString><coordinates>-49.744308,-13.023930,0 -49.743540,-13.023691,0</coordinates></LineString></Placemark>
<Placemark><name>3115987</name><styleUrl>#styleDaimonCIRCUITO34TRECHO</styleUrl><LineString><coordinates>-49.741757,-13.011682,0 -49.741260,-13.009749,0</coordinates></LineString></Placemark>
<Placemark><name>12052569</name><styleUrl>#styleDaimonCIRCUITO34TRECHO</styleUrl><LineString><coordinates>-49.744338,-13.023954,0 -49.744308,-13.023930,0</coordinates></LineString></Placemark>
<Placemark><name>3115988</name><styleUrl>#styleDaimonCIRCUITO34TRECHO</styleUrl><LineString><coordinates>-49.741260,-13.009749,0 -49.741151,-13.009173,0</coordinates></LineString></Placemark>
<Placemark><name>3115780</name><styleUrl>#styleDaimonCIRCUITO34TRECHO</styleUrl><LineString><coordinates>-49.744699,-13.024833,0 -49.744338,-13.023954,0</coordinates></LineString></Placemark>
<Placemark><name>3115989</name><styleUrl>#styleDaimonCIRCUITO34TRECHO</styleUrl><LineString><coordinates>-49.741151,-13.009173,0 -49.740894,-13.008209,0</coordinates></LineString></Placemark>
<Placemark><name>3115782</name><styleUrl>#styleDaimonCIRCUITO34TRECHO</styleUrl><LineString><coordinates>-49.744787,-13.025116,0 -49.744699,-13.024833,0</coordinates></LineString></Placemark>
<Placemark><name>3115990</name><styleUrl>#styleDaimonCIRCUITO34TRECHO</styleUrl><LineString><coordinates>-49.740894,-13.008209,0 -49.740718,-13.007427,0</coordinates></LineString></Placemark>
<Placemark><name>3115781</name><styleUrl>#styleDaimonCIRCUITO34TRECHO</styleUrl><LineString><coordinates>-49.745233,-13.026096,0 -49.744787,-13.025116,0</coordinates></LineString></Placemark>
<Placemark><name>3115991</name><styleUrl>#styleDaimonCIRCUITO34TRECHO</styleUrl><LineString><coordinates>-49.740718,-13.007427,0 -49.740533,-13.006732,0</coordinates></LineString></Placemark>
<Placemark><name>3123161</name><styleUrl>#styleDaimonCIRCUITO34TRECHO</styleUrl><LineString><coordinates>-49.740533,-13.006732,0 -49.740277,-13.005653,0</coordinates></LineString></Placemark>
<Placemark><name>3123162</name><styleUrl>#styleDaimonCIRCUITO34TRECHO</styleUrl><LineString><coordinates>-49.740277,-13.005653,0 -49.740062,-13.004784,0</coordinates></LineString></Placemark>
<Placemark><name>3123163</name><styleUrl>#styleDaimonCIRCUITO34TRECHO</styleUrl><LineString><coordinates>-49.740062,-13.004784,0 -49.739852,-13.003897,0</coordinates></LineString></Placemark>
<Placemark><name>3115981</name><styleUrl>#styleDaimonCIRCUITO34TRECHO</styleUrl><LineString><coordinates>-49.739852,-13.003897,0 -49.739257,-13.003087,0</coordinates></LineString></Placemark>
<Placemark><name>3116394</name><styleUrl>#styleDaimonCIRCUITO34TRECHO</styleUrl><LineString><coordinates>-49.739257,-13.003087,0 -49.738914,-13.002655,0</coordinates></LineString></Placemark>
<Placemark><name>3116393</name><styleUrl>#styleDaimonCIRCUITO34TRECHO</styleUrl><LineString><coordinates>-49.738914,-13.002655,0 -49.738612,-13.002234,0</coordinates></LineString></Placemark>
<Placemark><name>3515154</name><styleUrl>#styleDaimonCIRCUITO34TRECHO</styleUrl><LineString><coordinates>-49.742383,-13.038338,0 -49.743155,-13.038767,0</coordinates></LineString></Placemark>
<Placemark><name>3515149</name><styleUrl>#styleDaimonCIRCUITO34TRECHO</styleUrl><LineString><coordinates>-49.743155,-13.038767,0 -49.743979,-13.039251,0</coordinates></LineString></Placemark>
<Placemark><name>3515150</name><styleUrl>#styleDaimonCIRCUITO34TRECHO</styleUrl><LineString><coordinates>-49.741262,-13.037692,0 -49.742383,-13.038338,0</coordinates></LineString></Placemark>
<Placemark><name>12056252</name><styleUrl>#styleDaimonCIRCUITO34TRECHO</styleUrl><LineString><coordinates>-49.743979,-13.039251,0 -49.744009,-13.039268,0</coordinates></LineString></Placemark>
<Placemark><name>3515147</name><styleUrl>#styleDaimonCIRCUITO34TRECHO</styleUrl><LineString><coordinates>-49.740187,-13.037082,0 -49.741262,-13.037692,0</coordinates></LineString></Placemark>
<Placemark><name>3515152</name><styleUrl>#styleDaimonCIRCUITO34TRECHO</styleUrl><LineString><coordinates>-49.744009,-13.039268,0 -49.745440,-13.039382,0</coordinates></LineString></Placemark>
<Placemark><name>3515153</name><styleUrl>#styleDaimonCIRCUITO34TRECHO</styleUrl><LineString><coordinates>-49.739199,-13.036498,0 -49.740187,-13.037082,0</coordinates></LineString></Placemark>
<Placemark><name>3515151</name><styleUrl>#styleDaimonCIRCUITO34TRECHO</styleUrl><LineString><coordinates>-49.738062,-13.035832,0 -49.739199,-13.036498,0</coordinates></LineString></Placemark>
<Placemark><name>3515148</name><styleUrl>#styleDaimonCIRCUITO34TRECHO</styleUrl><LineString><coordinates>-49.737102,-13.035315,0 -49.738062,-13.035832,0</coordinates></LineString></Placemark>
<Placemark><name>3115581</name><styleUrl>#styleDaimonCIRCUITO34TRECHO</styleUrl><LineString><coordinates>-49.722675,-13.038294,0 -49.722353,-13.037701,0</coordinates></LineString></Placemark>
<Placemark><name>3115580</name><styleUrl>#styleDaimonCIRCUITO34TRECHO</styleUrl><LineString><coordinates>-49.722353,-13.037701,0 -49.721983,-13.037145,0</coordinates></LineString></Placemark>
<Placemark><name>12052580</name><styleUrl>#styleDaimonCIRCUITO34TRECHO</styleUrl><LineString><coordinates>-49.722701,-13.038319,0 -49.722675,-13.038294,0</coordinates></LineString></Placemark>
<Placemark><name>3115579</name><styleUrl>#styleDaimonCIRCUITO34TRECHO</styleUrl><LineString><coordinates>-49.721983,-13.037145,0 -49.721282,-13.035983,0</coordinates></LineString></Placemark>
<Placemark><name>3115582</name><styleUrl>#styleDaimonCIRCUITO34TRECHO</styleUrl><LineString><coordinates>-49.723472,-13.038787,0 -49.722701,-13.038319,0</coordinates></LineString></Placemark>
<Placemark><name>3115578</name><styleUrl>#styleDaimonCIRCUITO34TRECHO</styleUrl><LineString><coordinates>-49.721282,-13.035983,0 -49.720799,-13.035228,0</coordinates></LineString></Placemark>
<Placemark><name>3115583</name><styleUrl>#styleDaimonCIRCUITO34TRECHO</styleUrl><LineString><coordinates>-49.724655,-13.039511,0 -49.723472,-13.038787,0</coordinates></LineString></Placemark>
<Placemark><name>3115577</name><styleUrl>#styleDaimonCIRCUITO34TRECHO</styleUrl><LineString><coordinates>-49.720799,-13.035228,0 -49.720551,-13.034825,0</coordinates></LineString></Placemark>
<Placemark><name>3115584</name><styleUrl>#styleDaimonCIRCUITO34TRECHO</styleUrl><LineString><coordinates>-49.725422,-13.040003,0 -49.724655,-13.039511,0</coordinates></LineString></Placemark>
<Placemark><name>3115810</name><styleUrl>#styleDaimonCIRCUITO34TRECHO</styleUrl><LineString><coordinates>-49.720551,-13.034825,0 -49.719895,-13.033399,0</coordinates></LineString></Placemark>
<Placemark><name>3115585</name><styleUrl>#styleDaimonCIRCUITO34TRECHO</styleUrl><LineString><coordinates>-49.726374,-13.040590,0 -49.725422,-13.040003,0</coordinates></LineString></Placemark>
<Placemark><name>3115811</name><styleUrl>#styleDaimonCIRCUITO34TRECHO</styleUrl><LineString><coordinates>-49.719895,-13.033399,0 -49.719223,-13.031953,0</coordinates></LineString></Placemark>
<Placemark><name>3115586</name><styleUrl>#styleDaimonCIRCUITO34TRECHO</styleUrl><LineString><coordinates>-49.727368,-13.041216,0 -49.726374,-13.040590,0</coordinates></LineString></Placemark>
<Placemark><name>3115809</name><styleUrl>#styleDaimonCIRCUITO34TRECHO</styleUrl><LineString><coordinates>-49.719223,-13.031953,0 -49.718799,-13.031049,0</coordinates></LineString></Placemark>
<Placemark><name>3115587</name><styleUrl>#styleDaimonCIRCUITO34TRECHO</styleUrl><LineString><coordinates>-49.728126,-13.041632,0 -49.727368,-13.041216,0</coordinates></LineString></Placemark>
<Placemark><name>3115808</name><styleUrl>#styleDaimonCIRCUITO34TRECHO</styleUrl><LineString><coordinates>-49.718799,-13.031049,0 -49.718493,-13.030322,0</coordinates></LineString></Placemark>
<Placemark><name>3115588</name><styleUrl>#styleDaimonCIRCUITO34TRECHO</styleUrl><LineString><coordinates>-49.728873,-13.042164,0 -49.728126,-13.041632,0</coordinates></LineString></Placemark>
<Placemark><name>3115807</name><styleUrl>#styleDaimonCIRCUITO34TRECHO</styleUrl><LineString><coordinates>-49.718493,-13.030322,0 -49.718120,-13.029602,0</coordinates></LineString></Placemark>
<Placemark><name>3115798</name><styleUrl>#styleDaimonCIRCUITO34TRECHO</styleUrl><LineString><coordinates>-49.730436,-13.043144,0 -49.728873,-13.042164,0</coordinates></LineString></Placemark>
<Placemark><name>3115806</name><styleUrl>#styleDaimonCIRCUITO34TRECHO</styleUrl><LineString><coordinates>-49.718120,-13.029602,0 -49.717790,-13.028881,0</coordinates></LineString></Placemark>
<Placemark><name>12052579</name><styleUrl>#styleDaimonCIRCUITO34TRECHO</styleUrl><LineString><coordinates>-49.730467,-13.043163,0 -49.730436,-13.043144,0</coordinates></LineString></Placemark>
<Placemark><name>12052581</name><styleUrl>#styleDaimonCIRCUITO34TRECHO</styleUrl><LineString><coordinates>-49.717790,-13.028881,0 -49.717761,-13.028857,0</coordinates></LineString></Placemark>
<Placemark><name>3115797</name><styleUrl>#styleDaimonCIRCUITO34TRECHO</styleUrl><LineString><coordinates>-49.731144,-13.043592,0 -49.730467,-13.043163,0</coordinates></LineString></Placemark>
<Placemark><name>3115804</name><styleUrl>#styleDaimonCIRCUITO34TRECHO</styleUrl><LineString><coordinates>-49.717761,-13.028857,0 -49.716769,-13.028409,0</coordinates></LineString></Placemark>
<Placemark><name>3115805</name><styleUrl>#styleDaimonCIRCUITO34TRECHO</styleUrl><LineString><coordinates>-49.716769,-13.028409,0 -49.715933,-13.028014,0</coordinates></LineString></Placemark>
<Placemark><name>3115803</name><styleUrl>#styleDaimonCIRCUITO34TRECHO</styleUrl><LineString><coordinates>-49.715933,-13.028014,0 -49.715097,-13.027655,0</coordinates></LineString></Placemark>
<Placemark><name>3115802</name><styleUrl>#styleDaimonCIRCUITO34TRECHO</styleUrl><LineString><coordinates>-49.715097,-13.027655,0 -49.713959,-13.027115,0</coordinates></LineString></Placemark>
<Placemark><name>3115801</name><styleUrl>#styleDaimonCIRCUITO34TRECHO</styleUrl><LineString><coordinates>-49.713959,-13.027115,0 -49.712556,-13.026727,0</coordinates></LineString></Placemark>
<Placemark><name>12052582</name><styleUrl>#styleDaimonCIRCUITO34TRECHO</styleUrl><LineString><coordinates>-49.712556,-13.026727,0 -49.712522,-13.026715,0</coordinates></LineString></Placemark>
<Placemark><name>3115800</name><styleUrl>#styleDaimonCIRCUITO34TRECHO</styleUrl><LineString><coordinates>-49.712522,-13.026715,0 -49.710094,-13.025404,0</coordinates></LineString></Placemark>
<Placemark><name>12052583</name><styleUrl>#styleDaimonCIRCUITO34TRECHO</styleUrl><LineString><coordinates>-49.710094,-13.025404,0 -49.710073,-13.025374,0</coordinates></LineString></Placemark>
<Placemark><name>3115799</name><styleUrl>#styleDaimonCIRCUITO34TRECHO</styleUrl><LineString><coordinates>-49.710073,-13.025374,0 -49.709866,-13.024245,0</coordinates></LineString></Placemark>
<Placemark><name>20705683</name><styleUrl>#styleDaimonCIRCUITO34TRECHO</styleUrl><LineString><coordinates>-49.709866,-13.024245,0 -49.709746,-13.023642,0</coordinates></LineString></Placemark>
<Placemark><name>3116010</name><styleUrl>#styleDaimonCIRCUITO34TRECHO</styleUrl><LineString><coordinates>-49.709746,-13.023642,0 -49.709636,-13.023078,0</coordinates></LineString></Placemark>
<Placemark><name>3116011</name><styleUrl>#styleDaimonCIRCUITO34TRECHO</styleUrl><LineString><coordinates>-49.709636,-13.023078,0 -49.709428,-13.021951,0</coordinates></LineString></Placemark>
<Placemark><name>3116009</name><styleUrl>#styleDaimonCIRCUITO34TRECHO</styleUrl><LineString><coordinates>-49.709428,-13.021951,0 -49.709218,-13.020872,0</coordinates></LineString></Placemark>
<Placemark><name>3116008</name><styleUrl>#styleDaimonCIRCUITO34TRECHO</styleUrl><LineString><coordinates>-49.709218,-13.020872,0 -49.708968,-13.019528,0</coordinates></LineString></Placemark>
<Placemark><name>3116007</name><styleUrl>#styleDaimonCIRCUITO34TRECHO</styleUrl><LineString><coordinates>-49.708968,-13.019528,0 -49.708711,-13.018226,0</coordinates></LineString></Placemark>
<Placemark><name>12057264</name><styleUrl>#styleDaimonCIRCUITO34TRECHO</styleUrl><LineString><coordinates>-49.708711,-13.018226,0 -49.708693,-13.018227,0</coordinates></LineString></Placemark>
<Placemark><name>3116006</name><styleUrl>#styleDaimonCIRCUITO34TRECHO</styleUrl><LineString><coordinates>-49.708711,-13.018226,0 -49.708443,-13.016996,0</coordinates></LineString></Placemark>
<Placemark><name>3511367</name><styleUrl>#styleDaimonCIRCUITO34TRECHO</styleUrl><LineString><coordinates>-49.708693,-13.018227,0 -49.708675,-13.018217,0</coordinates></LineString></Placemark>
<Placemark><name>3116005</name><styleUrl>#styleDaimonCIRCUITO34TRECHO</styleUrl><LineString><coordinates>-49.708443,-13.016996,0 -49.708327,-13.016157,0</coordinates></LineString></Placemark>
<Placemark><name>12057265</name><styleUrl>#styleDaimonCIRCUITO34TRECHO</styleUrl><LineString><coordinates>-49.708675,-13.018217,0 -49.708650,-13.018220,0</coordinates></LineString></Placemark>
<Placemark><name>3116004</name><styleUrl>#styleDaimonCIRCUITO34TRECHO</styleUrl><LineString><coordinates>-49.708327,-13.016157,0 -49.708141,-13.015386,0</coordinates></LineString></Placemark>
<Placemark><name>3511370</name><styleUrl>#styleDaimonCIRCUITO34TRECHO</styleUrl><LineString><coordinates>-49.708650,-13.018220,0 -49.707807,-13.018358,0</coordinates></LineString></Placemark>
<Placemark><name>3116003</name><styleUrl>#styleDaimonCIRCUITO34TRECHO</styleUrl><LineString><coordinates>-49.708141,-13.015386,0 -49.708043,-13.014677,0</coordinates></LineString></Placemark>
<Placemark><name>3511371</name><styleUrl>#styleDaimonCIRCUITO34TRECHO</styleUrl><LineString><coordinates>-49.707807,-13.018358,0 -49.706730,-13.018536,0</coordinates></LineString></Placemark>
<Placemark><name>12052584</name><styleUrl>#styleDaimonCIRCUITO34TRECHO</styleUrl><LineString><coordinates>-49.708043,-13.014677,0 -49.708026,-13.014645,0</coordinates></LineString></Placemark>
<Placemark><name>3511369</name><styleUrl>#styleDaimonCIRCUITO34TRECHO</styleUrl><LineString><coordinates>-49.706730,-13.018536,0 -49.705851,-13.018680,0</coordinates></LineString></Placemark>
<Placemark><name>3116001</name><styleUrl>#styleDaimonCIRCUITO34TRECHO</styleUrl><LineString><coordinates>-49.708026,-13.014645,0 -49.707553,-13.013782,0</coordinates></LineString></Placemark>
<Placemark><name>3511368</name><styleUrl>#styleDaimonCIRCUITO34TRECHO</styleUrl><LineString><coordinates>-49.705851,-13.018680,0 -49.705046,-13.018811,0</coordinates></LineString></Placemark>
<Placemark><name>3116002</name><styleUrl>#styleDaimonCIRCUITO34TRECHO</styleUrl><LineString><coordinates>-49.707553,-13.013782,0 -49.707261,-13.013277,0</coordinates></LineString></Placemark>
<Placemark><name>3116000</name><styleUrl>#styleDaimonCIRCUITO34TRECHO</styleUrl><LineString><coordinates>-49.707261,-13.013277,0 -49.706577,-13.011957,0</coordinates></LineString></Placemark>
<Placemark><name>3115999</name><styleUrl>#styleDaimonCIRCUITO34TRECHO</styleUrl><LineString><coordinates>-49.706577,-13.011957,0 -49.705999,-13.010807,0</coordinates></LineString></Placemark>
<Placemark><name>3115813</name><styleUrl>#styleDaimonCIRCUITO34TRECHO</styleUrl><LineString><coordinates>-49.705999,-13.010807,0 -49.705468,-13.009696,0</coordinates></LineString></Placemark>
<Placemark><name>3115812</name><styleUrl>#styleDaimonCIRCUITO34TRECHO</styleUrl><LineString><coordinates>-49.705468,-13.009696,0 -49.704818,-13.008663,0</coordinates></LineString></Placemark>
<Placemark><name>12046552</name><styleUrl>#styleDaimonCIRCUITO34TRECHO</styleUrl><LineString><coordinates>-49.704818,-13.008663,0 -49.704794,-13.008636,0</coordinates></LineString></Placemark>
<Placemark><name>3116012</name><styleUrl>#styleDaimonCIRCUITO34TRECHO</styleUrl><LineString><coordinates>-49.704794,-13.008636,0 -49.704101,-13.008082,0</coordinates></LineString></Placemark>
<Placemark><name>3116220</name><styleUrl>#styleDaimonCIRCUITO34TRECHO</styleUrl><LineString><coordinates>-49.704101,-13.008082,0 -49.703279,-13.007677,0</coordinates></LineString></Placemark>
<Placemark><name>3116221</name><styleUrl>#styleDaimonCIRCUITO34TRECHO</styleUrl><LineString><coordinates>-49.703279,-13.007677,0 -49.702363,-13.007209,0</coordinates></LineString></Placemark>
<Placemark><name>3116219</name><styleUrl>#styleDaimonCIRCUITO34TRECHO</styleUrl><LineString><coordinates>-49.702363,-13.007209,0 -49.701494,-13.006799,0</coordinates></LineString></Placemark>
<Placemark><name>3116218</name><styleUrl>#styleDaimonCIRCUITO34TRECHO</styleUrl><LineString><coordinates>-49.701494,-13.006799,0 -49.700566,-13.006333,0</coordinates></LineString></Placemark>
<Placemark><name>3116217</name><styleUrl>#styleDaimonCIRCUITO34TRECHO</styleUrl><LineString><coordinates>-49.700566,-13.006333,0 -49.699838,-13.005910,0</coordinates></LineString></Placemark>
<Placemark><name>3116216</name><styleUrl>#styleDaimonCIRCUITO34TRECHO</styleUrl><LineString><coordinates>-49.699838,-13.005910,0 -49.698966,-13.005487,0</coordinates></LineString></Placemark>
<Placemark><name>3116015</name><styleUrl>#styleDaimonCIRCUITO34TRECHO</styleUrl><LineString><coordinates>-49.698966,-13.005487,0 -49.698066,-13.005117,0</coordinates></LineString></Placemark>
<Placemark><name>3116014</name><styleUrl>#styleDaimonCIRCUITO34TRECHO</styleUrl><LineString><coordinates>-49.698066,-13.005117,0 -49.697461,-13.004782,0</coordinates></LineString></Placemark>
<Placemark><name>3116013</name><styleUrl>#styleDaimonCIRCUITO34TRECHO</styleUrl><LineString><coordinates>-49.697461,-13.004782,0 -49.696864,-13.004555,0</coordinates></LineString></Placemark>
<Placemark><name>12052585</name><styleUrl>#styleDaimonCIRCUITO34TRECHO</styleUrl><LineString><coordinates>-49.696864,-13.004555,0 -49.696836,-13.004532,0</coordinates></LineString></Placemark>
<Placemark><name>3116224</name><styleUrl>#styleDaimonCIRCUITO34TRECHO</styleUrl><LineString><coordinates>-49.696836,-13.004532,0 -49.696350,-13.003724,0</coordinates></LineString></Placemark>
<Placemark><name>3116225</name><styleUrl>#styleDaimonCIRCUITO34TRECHO</styleUrl><LineString><coordinates>-49.696350,-13.003724,0 -49.695408,-13.002558,0</coordinates></LineString></Placemark>
<Placemark><name>3116223</name><styleUrl>#styleDaimonCIRCUITO34TRECHO</styleUrl><LineString><coordinates>-49.695408,-13.002558,0 -49.694406,-13.001296,0</coordinates></LineString></Placemark>
<Placemark><name>3116222</name><styleUrl>#styleDaimonCIRCUITO34TRECHO</styleUrl><LineString><coordinates>-49.694406,-13.001296,0 -49.694042,-13.000839,0</coordinates></LineString></Placemark>
<Placemark><name>12058119</name><styleUrl>#styleDaimonCIRCUITO34TRECHO</styleUrl><LineString><coordinates>-49.694042,-13.000839,0 -49.694019,-13.000810,0</coordinates></LineString></Placemark>
<Placemark><name>3252627</name><styleUrl>#styleDaimonCIRCUITO34TRECHO</styleUrl><LineString><coordinates>-49.694019,-13.000810,0 -49.693690,-13.000160,0</coordinates></LineString></Placemark>
<Placemark><name>3252626</name><styleUrl>#styleDaimonCIRCUITO34TRECHO</styleUrl><LineString><coordinates>-49.693690,-13.000160,0 -49.693106,-12.998895,0</coordinates></LineString></Placemark>
<Placemark><name>3252625</name><styleUrl>#styleDaimonCIRCUITO34TRECHO</styleUrl><LineString><coordinates>-49.693106,-12.998895,0 -49.692743,-12.998075,0</coordinates></LineString></Placemark>
<Placemark><name>3252624</name><styleUrl>#styleDaimonCIRCUITO34TRECHO</styleUrl><LineString><coordinates>-49.692743,-12.998075,0 -49.692195,-12.996915,0</coordinates></LineString></Placemark>
<Placemark><name>12058121</name><styleUrl>#styleDaimonCIRCUITO34TRECHO</styleUrl><LineString><coordinates>-49.692195,-12.996915,0 -49.692177,-12.996924,0</coordinates></LineString></Placemark>
<Placemark><name>3252390</name><styleUrl>#styleDaimonCIRCUITO34TRECHO</styleUrl><LineString><coordinates>-49.692195,-12.996915,0 -49.691792,-12.996008,0</coordinates></LineString></Placemark>
<Placemark><name>3252628</name><styleUrl>#styleDaimonCIRCUITO34TRECHO</styleUrl><LineString><coordinates>-49.692177,-12.996924,0 -49.691819,-12.997108,0</coordinates></LineString></Placemark>
<Placemark><name>12058120</name><styleUrl>#styleDaimonCIRCUITO34TRECHO</styleUrl><LineString><coordinates>-49.691819,-12.997108,0 -49.691784,-12.997098,0</coordinates></LineString></Placemark>
<Placemark><name>3252638</name><styleUrl>#styleDaimonCIRCUITO34TRECHO</styleUrl><LineString><coordinates>-49.691784,-12.997098,0 -49.691157,-12.996096,0</coordinates></LineString></Placemark>
<Placemark><name>3252639</name><styleUrl>#styleDaimonCIRCUITO34TRECHO</styleUrl><LineString><coordinates>-49.691157,-12.996096,0 -49.690489,-12.994998,0</coordinates></LineString></Placemark>
<Placemark><name>3252637</name><styleUrl>#styleDaimonCIRCUITO34TRECHO</styleUrl><LineString><coordinates>-49.690489,-12.994998,0 -49.689907,-12.994048,0</coordinates></LineString></Placemark>
<Placemark><name>3252636</name><styleUrl>#styleDaimonCIRCUITO34TRECHO</styleUrl><LineString><coordinates>-49.689907,-12.994048,0 -49.689281,-12.993001,0</coordinates></LineString></Placemark>
<Placemark><name>3252635</name><styleUrl>#styleDaimonCIRCUITO34TRECHO</styleUrl><LineString><coordinates>-49.689281,-12.993001,0 -49.688667,-12.992024,0</coordinates></LineString></Placemark>
<Placemark><name>3252634</name><styleUrl>#styleDaimonCIRCUITO34TRECHO</styleUrl><LineString><coordinates>-49.688667,-12.992024,0 -49.688056,-12.991104,0</coordinates></LineString></Placemark>
<Placemark><name>3252633</name><styleUrl>#styleDaimonCIRCUITO34TRECHO</styleUrl><LineString><coordinates>-49.688056,-12.991104,0 -49.687609,-12.990271,0</coordinates></LineString></Placemark>
<Placemark><name>3252632</name><styleUrl>#styleDaimonCIRCUITO34TRECHO</styleUrl><LineString><coordinates>-49.687609,-12.990271,0 -49.686541,-12.988439,0</coordinates></LineString></Placemark>
<Placemark><name>3252631</name><styleUrl>#styleDaimonCIRCUITO34TRECHO</styleUrl><LineString><coordinates>-49.686541,-12.988439,0 -49.685869,-12.987183,0</coordinates></LineString></Placemark>
<Placemark><name>3252630</name><styleUrl>#styleDaimonCIRCUITO34TRECHO</styleUrl><LineString><coordinates>-49.685869,-12.987183,0 -49.685188,-12.985955,0</coordinates></LineString></Placemark>
<Placemark><name>3252629</name><styleUrl>#styleDaimonCIRCUITO34TRECHO</styleUrl><LineString><coordinates>-49.685188,-12.985955,0 -49.684484,-12.984689,0</coordinates></LineString></Placemark>
<Placemark><name>2832227</name><styleUrl>#styleDaimonCIRCUITO34TRECHO</styleUrl><LineString><coordinates>-49.772341,-13.019309,0 -49.772012,-13.018333,0</coordinates></LineString></Placemark>
<Placemark><name>2832228</name><styleUrl>#styleDaimonCIRCUITO34TRECHO</styleUrl><LineString><coordinates>-49.772012,-13.018333,0 -49.771683,-13.017364,0</coordinates></LineString></Placemark>
<Placemark><name>12045873</name><styleUrl>#styleDaimonCIRCUITO34TRECHO</styleUrl><LineString><coordinates>-49.772347,-13.019337,0 -49.772341,-13.019309,0</coordinates></LineString></Placemark>
<Placemark><name>2832226</name><styleUrl>#styleDaimonCIRCUITO34TRECHO</styleUrl><LineString><coordinates>-49.772551,-13.019957,0 -49.772347,-13.019337,0</coordinates></LineString></Placemark>
<Placemark><name>3002672</name><styleUrl>#styleDaimonCIRCUITO34TRECHO</styleUrl><LineString><coordinates>-49.714065,-13.064306,0 -49.715234,-13.066201,0</coordinates></LineString></Placemark>
<Placemark><name>3002673</name><styleUrl>#styleDaimonCIRCUITO34TRECHO</styleUrl><LineString><coordinates>-49.713044,-13.062651,0 -49.714065,-13.064306,0</coordinates></LineString></Placemark>
<Placemark><name>12141738</name><styleUrl>#styleDaimonCIRCUITO34TRECHO</styleUrl><LineString><coordinates>-49.871057,-12.971833,0 -49.871048,-12.971822,0</coordinates></LineString></Placemark>
<Placemark><name>2904276</name><styleUrl>#styleDaimonCIRCUITO34TRECHO</styleUrl><LineString><coordinates>-49.871048,-12.971822,0 -49.870371,-12.970900,0</coordinates></LineString></Placemark>
<Placemark><name>12150118</name><styleUrl>#styleDaimonCIRCUITO34TRECHO</styleUrl><LineString><coordinates>-49.871057,-12.971833,0 -49.871068,-12.971819,0</coordinates></LineString></Placemark>
<Placemark><name>3288604</name><styleUrl>#styleDaimonCIRCUITO34TRECHO</styleUrl><LineString><coordinates>-49.870223,-12.972606,0 -49.871057,-12.971833,0</coordinates></LineString></Placemark>
<Placemark><name>2904277</name><styleUrl>#styleDaimonCIRCUITO34TRECHO</styleUrl><LineString><coordinates>-49.870371,-12.970900,0 -49.869696,-12.969981,0</coordinates></LineString></Placemark>
<Placemark><name>3395664</name><styleUrl>#styleDaimonCIRCUITO34TRECHO</styleUrl><LineString><coordinates>-49.871068,-12.971819,0 -49.871554,-12.971136,0</coordinates></LineString></Placemark>
<Placemark><name>3288605</name><styleUrl>#styleDaimonCIRCUITO34TRECHO</styleUrl><LineString><coordinates>-49.869160,-12.973559,0 -49.870223,-12.972606,0</coordinates></LineString></Placemark>
<Placemark><name>2904278</name><styleUrl>#styleDaimonCIRCUITO34TRECHO</styleUrl><LineString><coordinates>-49.869696,-12.969981,0 -49.869019,-12.969059,0</coordinates></LineString></Placemark>
<Placemark><name>3288606</name><styleUrl>#styleDaimonCIRCUITO34TRECHO</styleUrl><LineString><coordinates>-49.867999,-12.974631,0 -49.869160,-12.973559,0</coordinates></LineString></Placemark>
<Placemark><name>2904279</name><styleUrl>#styleDaimonCIRCUITO34TRECHO</styleUrl><LineString><coordinates>-49.869019,-12.969059,0 -49.868341,-12.968135,0</coordinates></LineString></Placemark>
<Placemark><name>3288603</name><styleUrl>#styleDaimonCIRCUITO34TRECHO</styleUrl><LineString><coordinates>-49.867220,-12.975356,0 -49.867999,-12.974631,0</coordinates></LineString></Placemark>
<Placemark><name>2904392</name><styleUrl>#styleDaimonCIRCUITO34TRECHO</styleUrl><LineString><coordinates>-49.868341,-12.968135,0 -49.867669,-12.967218,0</coordinates></LineString></Placemark>
<Placemark><name>12150828</name><styleUrl>#styleDaimonCIRCUITO34TRECHO</styleUrl><LineString><coordinates>-49.867192,-12.975378,0 -49.867220,-12.975356,0</coordinates></LineString></Placemark>
<Placemark><name>2904393</name><styleUrl>#styleDaimonCIRCUITO34TRECHO</styleUrl><LineString><coordinates>-49.867669,-12.967218,0 -49.866935,-12.966216,0</coordinates></LineString></Placemark>
<Placemark><name>3288601</name><styleUrl>#styleDaimonCIRCUITO34TRECHO</styleUrl><LineString><coordinates>-49.865171,-12.976551,0 -49.867192,-12.975378,0</coordinates></LineString></Placemark>
<Placemark><name>12150827</name><styleUrl>#styleDaimonCIRCUITO34TRECHO</styleUrl><LineString><coordinates>-49.865158,-12.976584,0 -49.865171,-12.976551,0</coordinates></LineString></Placemark>
<Placemark><name>3288602</name><styleUrl>#styleDaimonCIRCUITO34TRECHO</styleUrl><LineString><coordinates>-49.865196,-12.976763,0 -49.865158,-12.976584,0</coordinates></LineString></Placemark>
<Placemark><name>2706344</name><styleUrl>#styleDaimonCIRCUITO34TRECHO</styleUrl><LineString><coordinates>-49.864410,-12.977788,0 -49.865265,-12.978864,0</coordinates></LineString></Placemark>
<Placemark><name>2476685</name><styleUrl>#styleDaimonCIRCUITO34TRECHO</styleUrl><LineString><coordinates>-49.865789,-12.976678,0 -49.867233,-12.976428,0</coordinates></LineString></Placemark>
<Placemark><name>2476971</name><styleUrl>#styleDaimonCIRCUITO34TRECHO</styleUrl><LineString><coordinates>-49.853221,-12.975941,0 -49.851776,-12.976936,0</coordinates></LineString></Placemark>
<Placemark><name>2473597</name><styleUrl>#styleDaimonCIRCUITO34TRECHO</styleUrl><LineString><coordinates>-49.831381,-12.987230,0 -49.831431,-12.987055,0</coordinates></LineString></Placemark>
<Placemark><name>3508752</name><styleUrl>#styleDaimonCIRCUITO34TRECHO</styleUrl><LineString><coordinates>-49.847441,-12.996504,0 -49.846928,-12.997619,0</coordinates></LineString></Placemark>
<Placemark><name>2748293</name><styleUrl>#styleDaimonCIRCUITO34TRECHO</styleUrl><LineString><coordinates>-49.846928,-12.997619,0 -49.846500,-12.998552,0</coordinates></LineString></Placemark>
<Placemark><name>3508751</name><styleUrl>#styleDaimonCIRCUITO34TRECHO</styleUrl><LineString><coordinates>-49.847702,-12.995929,0 -49.847441,-12.996504,0</coordinates></LineString></Placemark>
<Placemark><name>12113096</name><styleUrl>#styleDaimonCIRCUITO34TRECHO</styleUrl><LineString><coordinates>-49.846500,-12.998552,0 -49.846499,-12.998580,0</coordinates></LineString></Placemark>
<Placemark><name>62769698</name><styleUrl>#styleDaimonCIRCUITO34TRECHO</styleUrl><LineString><coordinates>-49.847944,-12.995398,0 -49.847702,-12.995929,0</coordinates></LineString></Placemark>
<Placemark><name>3508987</name><styleUrl>#styleDaimonCIRCUITO34TRECHO</styleUrl><LineString><coordinates>-49.846499,-12.998580,0 -49.846880,-12.999578,0</coordinates></LineString></Placemark>
<Placemark><name>3508988</name><styleUrl>#styleDaimonCIRCUITO34TRECHO</styleUrl><LineString><coordinates>-49.846880,-12.999578,0 -49.847269,-13.000596,0</coordinates></LineString></Placemark>
<Placemark><name>3508989</name><styleUrl>#styleDaimonCIRCUITO34TRECHO</styleUrl><LineString><coordinates>-49.847269,-13.000596,0 -49.847601,-13.001464,0</coordinates></LineString></Placemark>
<Placemark><name>3508990</name><styleUrl>#styleDaimonCIRCUITO34TRECHO</styleUrl><LineString><coordinates>-49.847601,-13.001464,0 -49.848416,-13.002399,0</coordinates></LineString></Placemark>
<Placemark><name>3508991</name><styleUrl>#styleDaimonCIRCUITO34TRECHO</styleUrl><LineString><coordinates>-49.848416,-13.002399,0 -49.849220,-13.003321,0</coordinates></LineString></Placemark>
<Placemark><name>2708908</name><styleUrl>#styleDaimonCIRCUITO34TRECHO</styleUrl><LineString><coordinates>-49.868871,-12.991434,0 -49.870027,-12.991482,0</coordinates></LineString></Placemark>
<Placemark><name>2708909</name><styleUrl>#styleDaimonCIRCUITO34TRECHO</styleUrl><LineString><coordinates>-49.870027,-12.991482,0 -49.871132,-12.991520,0</coordinates></LineString></Placemark>
<Placemark><name>2708717</name><styleUrl>#styleDaimonCIRCUITO34TRECHO</styleUrl><LineString><coordinates>-49.867719,-12.991396,0 -49.868871,-12.991434,0</coordinates></LineString></Placemark>
<Placemark><name>2708910</name><styleUrl>#styleDaimonCIRCUITO34TRECHO</styleUrl><LineString><coordinates>-49.871132,-12.991520,0 -49.872362,-12.991543,0</coordinates></LineString></Placemark>
<Placemark><name>2708716</name><styleUrl>#styleDaimonCIRCUITO34TRECHO</styleUrl><LineString><coordinates>-49.866567,-12.991365,0 -49.867719,-12.991396,0</coordinates></LineString></Placemark>
<Placemark><name>2708911</name><styleUrl>#styleDaimonCIRCUITO34TRECHO</styleUrl><LineString><coordinates>-49.872362,-12.991543,0 -49.873469,-12.991596,0</coordinates></LineString></Placemark>
<Placemark><name>2708715</name><styleUrl>#styleDaimonCIRCUITO34TRECHO</styleUrl><LineString><coordinates>-49.865416,-12.991322,0 -49.866567,-12.991365,0</coordinates></LineString></Placemark>
<Placemark><name>2708912</name><styleUrl>#styleDaimonCIRCUITO34TRECHO</styleUrl><LineString><coordinates>-49.873469,-12.991596,0 -49.874611,-12.991618,0</coordinates></LineString></Placemark>
<Placemark><name>2748285</name><styleUrl>#styleDaimonCIRCUITO34TRECHO</styleUrl><LineString><coordinates>-49.864277,-12.991285,0 -49.865416,-12.991322,0</coordinates></LineString></Placemark>
<Placemark><name>12136239</name><styleUrl>#styleDaimonCIRCUITO34TRECHO</styleUrl><LineString><coordinates>-49.874611,-12.991618,0 -49.874613,-12.991596,0</coordinates></LineString></Placemark>
<Placemark><name>2748287</name><styleUrl>#styleDaimonCIRCUITO34TRECHO</styleUrl><LineString><coordinates>-49.874611,-12.991618,0 -49.875429,-12.991665,0</coordinates></LineString></Placemark>
<Placemark><name>2708714</name><styleUrl>#styleDaimonCIRCUITO34TRECHO</styleUrl><LineString><coordinates>-49.863125,-12.991241,0 -49.864277,-12.991285,0</coordinates></LineString></Placemark>
<Placemark><name>2748286</name><styleUrl>#styleDaimonCIRCUITO34TRECHO</styleUrl><LineString><coordinates>-49.874613,-12.991596,0 -49.874633,-12.991474,0</coordinates></LineString></Placemark>
<Placemark><name>12136242</name><styleUrl>#styleDaimonCIRCUITO34TRECHO</styleUrl><LineString><coordinates>-49.875429,-12.991665,0 -49.875462,-12.991670,0</coordinates></LineString></Placemark>
<Placemark><name>2708713</name><styleUrl>#styleDaimonCIRCUITO34TRECHO</styleUrl><LineString><coordinates>-49.861977,-12.991214,0 -49.863125,-12.991241,0</coordinates></LineString></Placemark>
<Placemark><name>2708916</name><styleUrl>#styleDaimonCIRCUITO34TRECHO</styleUrl><LineString><coordinates>-49.875462,-12.991670,0 -49.876772,-12.992172,0</coordinates></LineString></Placemark>
<Placemark><name>2708712</name><styleUrl>#styleDaimonCIRCUITO34TRECHO</styleUrl><LineString><coordinates>-49.860829,-12.991159,0 -49.861977,-12.991214,0</coordinates></LineString></Placemark>
<Placemark><name>12136243</name><styleUrl>#styleDaimonCIRCUITO34TRECHO</styleUrl><LineString><coordinates>-49.876772,-12.992172,0 -49.876804,-12.992183,0</coordinates></LineString></Placemark>
<Placemark><name>2708711</name><styleUrl>#styleDaimonCIRCUITO34TRECHO</styleUrl><LineString><coordinates>-49.859757,-12.991603,0 -49.860829,-12.991159,0</coordinates></LineString></Placemark>
<Placemark><name>2708917</name><styleUrl>#styleDaimonCIRCUITO34TRECHO</styleUrl><LineString><coordinates>-49.876804,-12.992183,0 -49.878076,-12.992675,0</coordinates></LineString></Placemark>
<Placemark><name>2708710</name><styleUrl>#styleDaimonCIRCUITO34TRECHO</styleUrl><LineString><coordinates>-49.858909,-12.991938,0 -49.859757,-12.991603,0</coordinates></LineString></Placemark>
<Placemark><name>2708918</name><styleUrl>#styleDaimonCIRCUITO34TRECHO</styleUrl><LineString><coordinates>-49.878076,-12.992675,0 -49.879149,-12.993074,0</coordinates></LineString></Placemark>
<Placemark><name>2708709</name><styleUrl>#styleDaimonCIRCUITO34TRECHO</styleUrl><LineString><coordinates>-49.857849,-12.992398,0 -49.858909,-12.991938,0</coordinates></LineString></Placemark>
<Placemark><name>2708919</name><styleUrl>#styleDaimonCIRCUITO34TRECHO</styleUrl><LineString><coordinates>-49.879149,-12.993074,0 -49.880250,-12.993519,0</coordinates></LineString></Placemark>
<Placemark><name>2708708</name><styleUrl>#styleDaimonCIRCUITO34TRECHO</styleUrl><LineString><coordinates>-49.856782,-12.992842,0 -49.857849,-12.992398,0</coordinates></LineString></Placemark>
<Placemark><name>2708920</name><styleUrl>#styleDaimonCIRCUITO34TRECHO</styleUrl><LineString><coordinates>-49.880250,-12.993519,0 -49.881307,-12.993888,0</coordinates></LineString></Placemark>
<Placemark><name>2708707</name><styleUrl>#styleDaimonCIRCUITO34TRECHO</styleUrl><LineString><coordinates>-49.855730,-12.993284,0 -49.856782,-12.992842,0</coordinates></LineString></Placemark>
<Placemark><name>2708921</name><styleUrl>#styleDaimonCIRCUITO34TRECHO</styleUrl><LineString><coordinates>-49.881307,-12.993888,0 -49.882370,-12.994307,0</coordinates></LineString></Placemark>
<Placemark><name>2708706</name><styleUrl>#styleDaimonCIRCUITO34TRECHO</styleUrl><LineString><coordinates>-49.854670,-12.993720,0 -49.855730,-12.993284,0</coordinates></LineString></Placemark>
<Placemark><name>2748288</name><styleUrl>#styleDaimonCIRCUITO34TRECHO</styleUrl><LineString><coordinates>-49.882370,-12.994307,0 -49.883454,-12.994724,0</coordinates></LineString></Placemark>
<Placemark><name>2748284</name><styleUrl>#styleDaimonCIRCUITO34TRECHO</styleUrl><LineString><coordinates>-49.853601,-12.994158,0 -49.854670,-12.993720,0</coordinates></LineString></Placemark>
<Placemark><name>2710026</name><styleUrl>#styleDaimonCIRCUITO34TRECHO</styleUrl><LineString><coordinates>-49.883454,-12.994724,0 -49.884508,-12.995126,0</coordinates></LineString></Placemark>
<Placemark><name>2708705</name><styleUrl>#styleDaimonCIRCUITO34TRECHO</styleUrl><LineString><coordinates>-49.852531,-12.994604,0 -49.853601,-12.994158,0</coordinates></LineString></Placemark>
<Placemark><name>2710027</name><styleUrl>#styleDaimonCIRCUITO34TRECHO</styleUrl><LineString><coordinates>-49.884508,-12.995126,0 -49.885583,-12.995543,0</coordinates></LineString></Placemark>
<Placemark><name>2708704</name><styleUrl>#styleDaimonCIRCUITO34TRECHO</styleUrl><LineString><coordinates>-49.851779,-12.994915,0 -49.852531,-12.994604,0</coordinates></LineString></Placemark>
<Placemark><name>2710028</name><styleUrl>#styleDaimonCIRCUITO34TRECHO</styleUrl><LineString><coordinates>-49.885583,-12.995543,0 -49.886646,-12.995945,0</coordinates></LineString></Placemark>
<Placemark><name>12129833</name><styleUrl>#styleDaimonCIRCUITO34TRECHO</styleUrl><LineString><coordinates>-49.851779,-12.994915,0 -49.851774,-12.994902,0</coordinates></LineString></Placemark>
<Placemark><name>2708703</name><styleUrl>#styleDaimonCIRCUITO34TRECHO</styleUrl><LineString><coordinates>-49.850394,-12.995489,0 -49.851779,-12.994915,0</coordinates></LineString></Placemark>
<Placemark><name>12136241</name><styleUrl>#styleDaimonCIRCUITO34TRECHO</styleUrl><LineString><coordinates>-49.886646,-12.995945,0 -49.886679,-12.995957,0</coordinates></LineString></Placemark>
<Placemark><name>2678610</name><styleUrl>#styleDaimonCIRCUITO34TRECHO</styleUrl><LineString><coordinates>-49.851774,-12.994902,0 -49.851649,-12.994365,0</coordinates></LineString></Placemark>
<Placemark><name>12136238</name><styleUrl>#styleDaimonCIRCUITO34TRECHO</styleUrl><LineString><coordinates>-49.850359,-12.995504,0 -49.850394,-12.995489,0</coordinates></LineString></Placemark>
<Placemark><name>2708915</name><styleUrl>#styleDaimonCIRCUITO34TRECHO</styleUrl><LineString><coordinates>-49.886679,-12.995957,0 -49.887875,-12.996258,0</coordinates></LineString></Placemark>
<Placemark><name>2678611</name><styleUrl>#styleDaimonCIRCUITO34TRECHO</styleUrl><LineString><coordinates>-49.851649,-12.994365,0 -49.851405,-12.993324,0</coordinates></LineString></Placemark>
<Placemark><name>2708702</name><styleUrl>#styleDaimonCIRCUITO34TRECHO</styleUrl><LineString><coordinates>-49.849195,-12.995425,0 -49.850359,-12.995504,0</coordinates></LineString></Placemark>
<Placemark><name>2710029</name><styleUrl>#styleDaimonCIRCUITO34TRECHO</styleUrl><LineString><coordinates>-49.887875,-12.996258,0 -49.889345,-12.996624,0</coordinates></LineString></Placemark>
<Placemark><name>2678612</name><styleUrl>#styleDaimonCIRCUITO34TRECHO</styleUrl><LineString><coordinates>-49.851405,-12.993324,0 -49.851156,-12.992258,0</coordinates></LineString></Placemark>
<Placemark><name>2710030</name><styleUrl>#styleDaimonCIRCUITO34TRECHO</styleUrl><LineString><coordinates>-49.889345,-12.996624,0 -49.890208,-12.996844,0</coordinates></LineString></Placemark>
<Placemark><name>2678613</name><styleUrl>#styleDaimonCIRCUITO34TRECHO</styleUrl><LineString><coordinates>-49.851156,-12.992258,0 -49.850937,-12.991317,0</coordinates></LineString></Placemark>
<Placemark><name>2710031</name><styleUrl>#styleDaimonCIRCUITO34TRECHO</styleUrl><LineString><coordinates>-49.890208,-12.996844,0 -49.891121,-12.997076,0</coordinates></LineString></Placemark>
<Placemark><name>2678614</name><styleUrl>#styleDaimonCIRCUITO34TRECHO</styleUrl><LineString><coordinates>-49.850937,-12.991317,0 -49.850739,-12.990480,0</coordinates></LineString></Placemark>
<Placemark><name>2710032</name><styleUrl>#styleDaimonCIRCUITO34TRECHO</styleUrl><LineString><coordinates>-49.891121,-12.997076,0 -49.892250,-12.997357,0</coordinates></LineString></Placemark>
<Placemark><name>2710205</name><styleUrl>#styleDaimonCIRCUITO34TRECHO</styleUrl><LineString><coordinates>-49.892250,-12.997357,0 -49.893357,-12.997629,0</coordinates></LineString></Placemark>
<Placemark><name>2710206</name><styleUrl>#styleDaimonCIRCUITO34TRECHO</styleUrl><LineString><coordinates>-49.893357,-12.997629,0 -49.894446,-12.997892,0</coordinates></LineString></Placemark>
<Placemark><name>2710207</name><styleUrl>#styleDaimonCIRCUITO34TRECHO</styleUrl><LineString><coordinates>-49.894446,-12.997892,0 -49.895586,-12.998196,0</coordinates></LineString></Placemark>
<Placemark><name>2748289</name><styleUrl>#styleDaimonCIRCUITO34TRECHO</styleUrl><LineString><coordinates>-49.895586,-12.998196,0 -49.896710,-12.998480,0</coordinates></LineString></Placemark>
<Placemark><name>2710208</name><styleUrl>#styleDaimonCIRCUITO34TRECHO</styleUrl><LineString><coordinates>-49.896710,-12.998480,0 -49.897812,-12.998749,0</coordinates></LineString></Placemark>
<Placemark><name>2710209</name><styleUrl>#styleDaimonCIRCUITO34TRECHO</styleUrl><LineString><coordinates>-49.897812,-12.998749,0 -49.898931,-12.999036,0</coordinates></LineString></Placemark>
<Placemark><name>12135708</name><styleUrl>#styleDaimonCIRCUITO34TRECHO</styleUrl><LineString><coordinates>-49.898931,-12.999036,0 -49.898925,-12.999055,0</coordinates></LineString></Placemark>
<Placemark><name>2710210</name><styleUrl>#styleDaimonCIRCUITO34TRECHO</styleUrl><LineString><coordinates>-49.898931,-12.999036,0 -49.900046,-12.999321,0</coordinates></LineString></Placemark>
<Placemark><name>2713871</name><styleUrl>#styleDaimonCIRCUITO34TRECHO</styleUrl><LineString><coordinates>-49.898925,-12.999055,0 -49.898871,-12.999205,0</coordinates></LineString></Placemark>
<Placemark><name>2710211</name><styleUrl>#styleDaimonCIRCUITO34TRECHO</styleUrl><LineString><coordinates>-49.900046,-12.999321,0 -49.901169,-12.999608,0</coordinates></LineString></Placemark>
<Placemark><name>2552341</name><styleUrl>#styleDaimonCIRCUITO34TRECHO</styleUrl><LineString><coordinates>-49.898871,-12.999205,0 -49.898394,-13.000383,0</coordinates></LineString></Placemark>
<Placemark><name>2710212</name><styleUrl>#styleDaimonCIRCUITO34TRECHO</styleUrl><LineString><coordinates>-49.901169,-12.999608,0 -49.902274,-12.999885,0</coordinates></LineString></Placemark>
<Placemark><name>2552342</name><styleUrl>#styleDaimonCIRCUITO34TRECHO</styleUrl><LineString><coordinates>-49.898394,-13.000383,0 -49.897878,-13.001614,0</coordinates></LineString></Placemark>
<Placemark><name>2710213</name><styleUrl>#styleDaimonCIRCUITO34TRECHO</styleUrl><LineString><coordinates>-49.902274,-12.999885,0 -49.903617,-13.000196,0</coordinates></LineString></Placemark>
<Placemark><name>2552340</name><styleUrl>#styleDaimonCIRCUITO34TRECHO</styleUrl><LineString><coordinates>-49.897878,-13.001614,0 -49.897416,-13.002756,0</coordinates></LineString></Placemark>
<Placemark><name>12136240</name><styleUrl>#styleDaimonCIRCUITO34TRECHO</styleUrl><LineString><coordinates>-49.903617,-13.000196,0 -49.903646,-13.000213,0</coordinates></LineString></Placemark>
<Placemark><name>2552339</name><styleUrl>#styleDaimonCIRCUITO34TRECHO</styleUrl><LineString><coordinates>-49.897416,-13.002756,0 -49.896973,-13.003872,0</coordinates></LineString></Placemark>
<Placemark><name>2710214</name><styleUrl>#styleDaimonCIRCUITO34TRECHO</styleUrl><LineString><coordinates>-49.903646,-13.000213,0 -49.904527,-13.000927,0</coordinates></LineString></Placemark>
<Placemark><name>2552338</name><styleUrl>#styleDaimonCIRCUITO34TRECHO</styleUrl><LineString><coordinates>-49.896973,-13.003872,0 -49.896519,-13.004949,0</coordinates></LineString></Placemark>
<Placemark><name>2710215</name><styleUrl>#styleDaimonCIRCUITO34TRECHO</styleUrl><LineString><coordinates>-49.904527,-13.000927,0 -49.905412,-13.001670,0</coordinates></LineString></Placemark>
<Placemark><name>2552337</name><styleUrl>#styleDaimonCIRCUITO34TRECHO</styleUrl><LineString><coordinates>-49.896519,-13.004949,0 -49.896051,-13.006093,0</coordinates></LineString></Placemark>
<Placemark><name>2710216</name><styleUrl>#styleDaimonCIRCUITO34TRECHO</styleUrl><LineString><coordinates>-49.905412,-13.001670,0 -49.906308,-13.002347,0</coordinates></LineString></Placemark>
<Placemark><name>2552336</name><styleUrl>#styleDaimonCIRCUITO34TRECHO</styleUrl><LineString><coordinates>-49.896051,-13.006093,0 -49.895590,-13.007221,0</coordinates></LineString></Placemark>
<Placemark><name>2748290</name><styleUrl>#styleDaimonCIRCUITO34TRECHO</styleUrl><LineString><coordinates>-49.906308,-13.002347,0 -49.907209,-13.003045,0</coordinates></LineString></Placemark>
<Placemark><name>2552335</name><styleUrl>#styleDaimonCIRCUITO34TRECHO</styleUrl><LineString><coordinates>-49.895590,-13.007221,0 -49.895201,-13.008153,0</coordinates></LineString></Placemark>
<Placemark><name>2710217</name><styleUrl>#styleDaimonCIRCUITO34TRECHO</styleUrl><LineString><coordinates>-49.907209,-13.003045,0 -49.907924,-13.003613,0</coordinates></LineString></Placemark>
<Placemark><name>2713868</name><styleUrl>#styleDaimonCIRCUITO34TRECHO</styleUrl><LineString><coordinates>-49.907924,-13.003613,0 -49.908624,-13.004164,0</coordinates></LineString></Placemark>
<Placemark><name>2713869</name><styleUrl>#styleDaimonCIRCUITO34TRECHO</styleUrl><LineString><coordinates>-49.908624,-13.004164,0 -49.909366,-13.004545,0</coordinates></LineString></Placemark>
<Placemark><name>12134789</name><styleUrl>#styleDaimonCIRCUITO34TRECHO</styleUrl><LineString><coordinates>-49.909366,-13.004545,0 -49.909382,-13.004559,0</coordinates></LineString></Placemark>
<Placemark><name>12130049</name><styleUrl>#styleDaimonCIRCUITO34TRECHO</styleUrl><LineString><coordinates>-49.909382,-13.004559,0 -49.909401,-13.004558,0</coordinates></LineString></Placemark>
<Placemark><name>12130048</name><styleUrl>#styleDaimonCIRCUITO34TRECHO</styleUrl><LineString><coordinates>-49.909382,-13.004559,0 -49.909396,-13.004568,0</coordinates></LineString></Placemark>
<Placemark><name>2665524</name><styleUrl>#styleDaimonCIRCUITO34TRECHO</styleUrl><LineString><coordinates>-49.909401,-13.004558,0 -49.910428,-13.004832,0</coordinates></LineString></Placemark>
<Placemark><name>2665523</name><styleUrl>#styleDaimonCIRCUITO34TRECHO</styleUrl><LineString><coordinates>-49.909396,-13.004568,0 -49.910191,-13.005015,0</coordinates></LineString></Placemark>
<Placemark><name>2477966</name><styleUrl>#styleDaimonCIRCUITO34TRECHO</styleUrl><LineString><coordinates>-49.851049,-13.052899,0 -49.851352,-13.053793,0</coordinates></LineString></Placemark>
<Placemark><name>33785196</name><styleUrl>#styleDaimonCIRCUITO34TRECHO</styleUrl><LineString><coordinates>-49.825274,-12.950743,0 -49.824538,-12.950336,0</coordinates></LineString></Placemark>
<Placemark><name>52839733</name><styleUrl>#styleDaimonCIRCUITO34TRECHO</styleUrl><LineString><coordinates>-49.824538,-12.950336,0 -49.824592,-12.950283,0</coordinates></LineString></Placemark>
<Placemark><name>2995675</name><styleUrl>#styleDaimonCIRCUITO34TRECHO</styleUrl><LineString><coordinates>-49.799661,-13.047737,0 -49.800851,-13.047894,0</coordinates></LineString></Placemark>
<Placemark><name>2995676</name><styleUrl>#styleDaimonCIRCUITO34TRECHO</styleUrl><LineString><coordinates>-49.800851,-13.047894,0 -49.802272,-13.048138,0</coordinates></LineString></Placemark>
<Placemark><name>12057856</name><styleUrl>#styleDaimonCIRCUITO34TRECHO</styleUrl><LineString><coordinates>-49.799629,-13.047734,0 -49.799661,-13.047737,0</coordinates></LineString></Placemark>
<Placemark><name>2748515</name><styleUrl>#styleDaimonCIRCUITO34TRECHO</styleUrl><LineString><coordinates>-49.802272,-13.048138,0 -49.803548,-13.048659,0</coordinates></LineString></Placemark>
<Placemark><name>3405001</name><styleUrl>#styleDaimonCIRCUITO34TRECHO</styleUrl><LineString><coordinates>-49.797551,-13.047631,0 -49.799629,-13.047734,0</coordinates></LineString></Placemark>
<Placemark><name>2824415</name><styleUrl>#styleDaimonCIRCUITO34TRECHO</styleUrl><LineString><coordinates>-49.803548,-13.048659,0 -49.804932,-13.049201,0</coordinates></LineString></Placemark>
<Placemark><name>12057855</name><styleUrl>#styleDaimonCIRCUITO34TRECHO</styleUrl><LineString><coordinates>-49.797517,-13.047636,0 -49.797551,-13.047631,0</coordinates></LineString></Placemark>
<Placemark><name>2824171</name><styleUrl>#styleDaimonCIRCUITO34TRECHO</styleUrl><LineString><coordinates>-49.797337,-13.047679,0 -49.797517,-13.047636,0</coordinates></LineString></Placemark>
<Placemark><name>3161405</name><styleUrl>#styleDaimonCIRCUITO34TRECHO</styleUrl><LineString><coordinates>-49.771933,-13.024624,0 -49.772576,-13.025524,0</coordinates></LineString></Placemark>
<Placemark><name>2791332</name><styleUrl>#styleDaimonCIRCUITO34TRECHO</styleUrl><LineString><coordinates>-49.747051,-13.061987,0 -49.747898,-13.061848,0</coordinates></LineString></Placemark>
<Placemark><name>2684090</name><styleUrl>#styleDaimonCIRCUITO34TRECHO</styleUrl><LineString><coordinates>-49.734234,-13.050454,0 -49.734960,-13.051066,0</coordinates></LineString></Placemark>
<Placemark><name>2683369</name><styleUrl>#styleDaimonCIRCUITO34TRECHO</styleUrl><LineString><coordinates>-49.729953,-13.030006,0 -49.729169,-13.028974,0</coordinates></LineString></Placemark>
<Placemark><name>3659734</name><styleUrl>#styleDaimonCIRCUITO34TRECHO</styleUrl><LineString><coordinates>-49.704982,-13.066241,0 -49.704983,-13.066216,0</coordinates></LineString></Placemark>
<Placemark><name>2474534</name><styleUrl>#styleDaimonCIRCUITO34TRECHO</styleUrl><LineString><coordinates>-49.732675,-13.080671,0 -49.733331,-13.081598,0</coordinates></LineString></Placemark>
<Placemark><name>3116803</name><styleUrl>#styleDaimonCIRCUITO34TRECHO</styleUrl><LineString><coordinates>-49.708826,-13.047942,0 -49.708199,-13.047044,0</coordinates></LineString></Placemark>
<Placemark><name>2477237</name><styleUrl>#styleDaimonCIRCUITO34TRECHO</styleUrl><LineString><coordinates>-49.739858,-13.018677,0 -49.739168,-13.018317,0</coordinates></LineString></Placemark>
<Placemark><name>2475428</name><styleUrl>#styleDaimonCIRCUITO34TRECHO</styleUrl><LineString><coordinates>-49.739301,-13.003059,0 -49.739695,-13.002805,0</coordinates></LineString></Placemark>
<Placemark><name>3116592</name><styleUrl>#styleDaimonCIRCUITO34TRECHO</styleUrl><LineString><coordinates>-49.739695,-13.002805,0 -49.740752,-13.002002,0</coordinates></LineString></Placemark>
<Placemark><name>3116593</name><styleUrl>#styleDaimonCIRCUITO34TRECHO</styleUrl><LineString><coordinates>-49.740752,-13.002002,0 -49.741808,-13.001181,0</coordinates></LineString></Placemark>
<Placemark><name>3116591</name><styleUrl>#styleDaimonCIRCUITO34TRECHO</styleUrl><LineString><coordinates>-49.741808,-13.001181,0 -49.743666,-12.999860,0</coordinates></LineString></Placemark>
<Placemark><name>3116590</name><styleUrl>#styleDaimonCIRCUITO34TRECHO</styleUrl><LineString><coordinates>-49.743666,-12.999860,0 -49.744773,-12.999013,0</coordinates></LineString></Placemark>
<Placemark><name>3116589</name><styleUrl>#styleDaimonCIRCUITO34TRECHO</styleUrl><LineString><coordinates>-49.744773,-12.999013,0 -49.745857,-12.998171,0</coordinates></LineString></Placemark>
<Placemark><name>3116588</name><styleUrl>#styleDaimonCIRCUITO34TRECHO</styleUrl><LineString><coordinates>-49.745857,-12.998171,0 -49.746960,-12.997302,0</coordinates></LineString></Placemark>
<Placemark><name>3116587</name><styleUrl>#styleDaimonCIRCUITO34TRECHO</styleUrl><LineString><coordinates>-49.746960,-12.997302,0 -49.747886,-12.996586,0</coordinates></LineString></Placemark>
<Placemark><name>3116406</name><styleUrl>#styleDaimonCIRCUITO34TRECHO</styleUrl><LineString><coordinates>-49.747886,-12.996586,0 -49.748795,-12.995743,0</coordinates></LineString></Placemark>
<Placemark><name>3116405</name><styleUrl>#styleDaimonCIRCUITO34TRECHO</styleUrl><LineString><coordinates>-49.748795,-12.995743,0 -49.749695,-12.995013,0</coordinates></LineString></Placemark>
<Placemark><name>12052574</name><styleUrl>#styleDaimonCIRCUITO34TRECHO</styleUrl><LineString><coordinates>-49.749695,-12.995013,0 -49.749723,-12.994990,0</coordinates></LineString></Placemark>
<Placemark><name>3116403</name><styleUrl>#styleDaimonCIRCUITO34TRECHO</styleUrl><LineString><coordinates>-49.749723,-12.994990,0 -49.750751,-12.994212,0</coordinates></LineString></Placemark>
<Placemark><name>3116404</name><styleUrl>#styleDaimonCIRCUITO34TRECHO</styleUrl><LineString><coordinates>-49.750751,-12.994212,0 -49.751655,-12.993280,0</coordinates></LineString></Placemark>
<Placemark><name>3116402</name><styleUrl>#styleDaimonCIRCUITO34TRECHO</styleUrl><LineString><coordinates>-49.751655,-12.993280,0 -49.752755,-12.992597,0</coordinates></LineString></Placemark>
<Placemark><name>3116401</name><styleUrl>#styleDaimonCIRCUITO34TRECHO</styleUrl><LineString><coordinates>-49.752755,-12.992597,0 -49.753800,-12.991744,0</coordinates></LineString></Placemark>
<Placemark><name>3116400</name><styleUrl>#styleDaimonCIRCUITO34TRECHO</styleUrl><LineString><coordinates>-49.753800,-12.991744,0 -49.754828,-12.990910,0</coordinates></LineString></Placemark>
<Placemark><name>3116399</name><styleUrl>#styleDaimonCIRCUITO34TRECHO</styleUrl><LineString><coordinates>-49.754828,-12.990910,0 -49.755753,-12.990162,0</coordinates></LineString></Placemark>
<Placemark><name>3116398</name><styleUrl>#styleDaimonCIRCUITO34TRECHO</styleUrl><LineString><coordinates>-49.755753,-12.990162,0 -49.756743,-12.989343,0</coordinates></LineString></Placemark>
<Placemark><name>3116397</name><styleUrl>#styleDaimonCIRCUITO34TRECHO</styleUrl><LineString><coordinates>-49.756743,-12.989343,0 -49.757627,-12.988633,0</coordinates></LineString></Placemark>
<Placemark><name>3116396</name><styleUrl>#styleDaimonCIRCUITO34TRECHO</styleUrl><LineString><coordinates>-49.757627,-12.988633,0 -49.758738,-12.987832,0</coordinates></LineString></Placemark>
<Placemark><name>3116395</name><styleUrl>#styleDaimonCIRCUITO34TRECHO</styleUrl><LineString><coordinates>-49.758738,-12.987832,0 -49.759826,-12.987016,0</coordinates></LineString></Placemark>
<Placemark><name>2475429</name><styleUrl>#styleDaimonCIRCUITO34TRECHO</styleUrl><LineString><coordinates>-49.759826,-12.987016,0 -49.760913,-12.986191,0</coordinates></LineString></Placemark>
<Placemark><name>2524548</name><styleUrl>#styleDaimonCIRCUITO34TRECHO</styleUrl><LineString><coordinates>-49.737053,-13.017117,0 -49.736211,-13.016404,0</coordinates></LineString></Placemark>
<Placemark><name>2530220</name><styleUrl>#styleDaimonCIRCUITO34TRECHO</styleUrl><LineString><coordinates>-49.736211,-13.016404,0 -49.735347,-13.015683,0</coordinates></LineString></Placemark>
<Placemark><name>2524547</name><styleUrl>#styleDaimonCIRCUITO34TRECHO</styleUrl><LineString><coordinates>-49.738024,-13.017939,0 -49.737053,-13.017117,0</coordinates></LineString></Placemark>
<Placemark><name>2530221</name><styleUrl>#styleDaimonCIRCUITO34TRECHO</styleUrl><LineString><coordinates>-49.735347,-13.015683,0 -49.734648,-13.015078,0</coordinates></LineString></Placemark>
<Placemark><name>2524546</name><styleUrl>#styleDaimonCIRCUITO34TRECHO</styleUrl><LineString><coordinates>-49.738941,-13.018473,0 -49.738024,-13.017939,0</coordinates></LineString></Placemark>
<Placemark><name>2530222</name><styleUrl>#styleDaimonCIRCUITO34TRECHO</styleUrl><LineString><coordinates>-49.734648,-13.015078,0 -49.734025,-13.014540,0</coordinates></LineString></Placemark>
<Placemark><name>2524545</name><styleUrl>#styleDaimonCIRCUITO34TRECHO</styleUrl><LineString><coordinates>-49.739769,-13.018879,0 -49.738941,-13.018473,0</coordinates></LineString></Placemark>
<Placemark><name>12030534</name><styleUrl>#styleDaimonCIRCUITO34TRECHO</styleUrl><LineString><coordinates>-49.734025,-13.014540,0 -49.733995,-13.014523,0</coordinates></LineString></Placemark>
<Placemark><name>2530223</name><styleUrl>#styleDaimonCIRCUITO34TRECHO</styleUrl><LineString><coordinates>-49.733995,-13.014523,0 -49.732919,-13.014261,0</coordinates></LineString></Placemark>
<Placemark><name>2530224</name><styleUrl>#styleDaimonCIRCUITO34TRECHO</styleUrl><LineString><coordinates>-49.732919,-13.014261,0 -49.731912,-13.014016,0</coordinates></LineString></Placemark>
<Placemark><name>2530225</name><styleUrl>#styleDaimonCIRCUITO34TRECHO</styleUrl><LineString><coordinates>-49.731912,-13.014016,0 -49.730856,-13.013758,0</coordinates></LineString></Placemark>
<Placemark><name>2530226</name><styleUrl>#styleDaimonCIRCUITO34TRECHO</styleUrl><LineString><coordinates>-49.730856,-13.013758,0 -49.729948,-13.013768,0</coordinates></LineString></Placemark>
<Placemark><name>2529301</name><styleUrl>#styleDaimonCIRCUITO34TRECHO</styleUrl><LineString><coordinates>-49.729948,-13.013768,0 -49.729454,-13.013774,0</coordinates></LineString></Placemark>
<Placemark><name>12030535</name><styleUrl>#styleDaimonCIRCUITO34TRECHO</styleUrl><LineString><coordinates>-49.729454,-13.013774,0 -49.729419,-13.013779,0</coordinates></LineString></Placemark>
<Placemark><name>2529302</name><styleUrl>#styleDaimonCIRCUITO34TRECHO</styleUrl><LineString><coordinates>-49.729419,-13.013779,0 -49.728776,-13.013926,0</coordinates></LineString></Placemark>
<Placemark><name>2529303</name><styleUrl>#styleDaimonCIRCUITO34TRECHO</styleUrl><LineString><coordinates>-49.728776,-13.013926,0 -49.727740,-13.014165,0</coordinates></LineString></Placemark>
<Placemark><name>2477238</name><styleUrl>#styleDaimonCIRCUITO34TRECHO</styleUrl><LineString><coordinates>-49.740457,-13.021779,0 -49.739916,-13.021987,0</coordinates></LineString></Placemark>
<Placemark><name>2685065</name><styleUrl>#styleDaimonCIRCUITO34TRECHO</styleUrl><LineString><coordinates>-49.738541,-13.002135,0 -49.737891,-13.001244,0</coordinates></LineString></Placemark>
<Placemark><name>3252640</name><styleUrl>#styleDaimonCIRCUITO34TRECHO</styleUrl><LineString><coordinates>-49.684418,-12.984569,0 -49.683813,-12.983492,0</coordinates></LineString></Placemark>
<Placemark><name>2477244</name><styleUrl>#styleDaimonCIRCUITO34TRECHO</styleUrl><LineString><coordinates>-49.704094,-13.008110,0 -49.704023,-13.008353,0</coordinates></LineString></Placemark>
<Placemark><name>2477243</name><styleUrl>#styleDaimonCIRCUITO34TRECHO</styleUrl><LineString><coordinates>-49.720531,-13.034841,0 -49.720350,-13.034982,0</coordinates></LineString></Placemark>
<Placemark><name>2477245</name><styleUrl>#styleDaimonCIRCUITO34TRECHO</styleUrl><LineString><coordinates>-49.709816,-13.024269,0 -49.709366,-13.024479,0</coordinates></LineString></Placemark>
<Placemark><name>20705689</name><styleUrl>#styleDaimonCIRCUITO34TRECHO</styleUrl><LineString><coordinates>-49.709469,-13.023618,0 -49.708309,-13.024043,0</coordinates></LineString></Placemark>
<Placemark><name>20705686</name><styleUrl>#styleDaimonCIRCUITO34TRECHO</styleUrl><LineString><coordinates>-49.709719,-13.023640,0 -49.709469,-13.023618,0</coordinates></LineString></Placemark>
<Placemark><name>20705692</name><styleUrl>#styleDaimonCIRCUITO34TRECHO</styleUrl><LineString><coordinates>-49.708309,-13.024043,0 -49.707196,-13.024477,0</coordinates></LineString></Placemark>
<Placemark><name>20705695</name><styleUrl>#styleDaimonCIRCUITO34TRECHO</styleUrl><LineString><coordinates>-49.707196,-13.024477,0 -49.706252,-13.024874,0</coordinates></LineString></Placemark>
<Placemark><name>20705698</name><styleUrl>#styleDaimonCIRCUITO34TRECHO</styleUrl><LineString><coordinates>-49.706252,-13.024874,0 -49.705115,-13.025336,0</coordinates></LineString></Placemark>
<Placemark><name>2477242</name><styleUrl>#styleDaimonCIRCUITO34TRECHO</styleUrl><LineString><coordinates>-49.691736,-12.995939,0 -49.691229,-12.995316,0</coordinates></LineString></Placemark>
<Placemark><name>2832224</name><styleUrl>#styleDaimonCIRCUITO34TRECHO</styleUrl><LineString><coordinates>-49.771652,-13.017266,0 -49.771357,-13.016374,0</coordinates></LineString></Placemark>
<Placemark><name>2816863</name><styleUrl>#styleDaimonCIRCUITO34TRECHO</styleUrl><LineString><coordinates>-49.871623,-12.971042,0 -49.872240,-12.970195,0</coordinates></LineString></Placemark>
<Placemark><name>2904275</name><styleUrl>#styleDaimonCIRCUITO34TRECHO</styleUrl><LineString><coordinates>-49.867001,-12.966307,0 -49.866319,-12.965381,0</coordinates></LineString></Placemark>
<Placemark><name>3508750</name><styleUrl>#styleDaimonCIRCUITO34TRECHO</styleUrl><LineString><coordinates>-49.849293,-13.003405,0 -49.849951,-13.004157,0</coordinates></LineString></Placemark>
<Placemark><name>2748294</name><styleUrl>#styleDaimonCIRCUITO34TRECHO</styleUrl><LineString><coordinates>-49.846254,-12.997344,0 -49.846020,-12.997248,0</coordinates></LineString></Placemark>
<Placemark><name>2714329</name><styleUrl>#styleDaimonCIRCUITO34TRECHO</styleUrl><LineString><coordinates>-49.846020,-12.997248,0 -49.846001,-12.997256,0</coordinates></LineString></Placemark>
<Placemark><name>12115320</name><styleUrl>#styleDaimonCIRCUITO34TRECHO</styleUrl><LineString><coordinates>-49.846279,-12.997358,0 -49.846254,-12.997344,0</coordinates></LineString></Placemark>
<Placemark><name>2911754</name><styleUrl>#styleDaimonCIRCUITO34TRECHO</styleUrl><LineString><coordinates>-49.846864,-12.997593,0 -49.846279,-12.997358,0</coordinates></LineString></Placemark>
<Placemark><name>2562592</name><styleUrl>#styleDaimonCIRCUITO34TRECHO</styleUrl><LineString><coordinates>-49.883116,-12.992331,0 -49.883532,-12.991247,0</coordinates></LineString></Placemark>
<Placemark><name>2552348</name><styleUrl>#styleDaimonCIRCUITO34TRECHO</styleUrl><LineString><coordinates>-49.883532,-12.991247,0 -49.883940,-12.990178,0</coordinates></LineString></Placemark>
<Placemark><name>2562594</name><styleUrl>#styleDaimonCIRCUITO34TRECHO</styleUrl><LineString><coordinates>-49.882723,-12.993376,0 -49.883116,-12.992331,0</coordinates></LineString></Placemark>
<Placemark><name>2552347</name><styleUrl>#styleDaimonCIRCUITO34TRECHO</styleUrl><LineString><coordinates>-49.883940,-12.990178,0 -49.884342,-12.989140,0</coordinates></LineString></Placemark>
<Placemark><name>2562593</name><styleUrl>#styleDaimonCIRCUITO34TRECHO</styleUrl><LineString><coordinates>-49.882406,-12.994214,0 -49.882723,-12.993376,0</coordinates></LineString></Placemark>
<Placemark><name>2552346</name><styleUrl>#styleDaimonCIRCUITO34TRECHO</styleUrl><LineString><coordinates>-49.884342,-12.989140,0 -49.884773,-12.988028,0</coordinates></LineString></Placemark>
<Placemark><name>2552345</name><styleUrl>#styleDaimonCIRCUITO34TRECHO</styleUrl><LineString><coordinates>-49.884773,-12.988028,0 -49.885009,-12.987397,0</coordinates></LineString></Placemark>
<Placemark><name>2552344</name><styleUrl>#styleDaimonCIRCUITO34TRECHO</styleUrl><LineString><coordinates>-49.885009,-12.987397,0 -49.885279,-12.986702,0</coordinates></LineString></Placemark>
<Placemark><name>12125814</name><styleUrl>#styleDaimonCIRCUITO34TRECHO</styleUrl><LineString><coordinates>-49.885279,-12.986702,0 -49.885289,-12.986671,0</coordinates></LineString></Placemark>
<Placemark><name>2552343</name><styleUrl>#styleDaimonCIRCUITO34TRECHO</styleUrl><LineString><coordinates>-49.885289,-12.986671,0 -49.886209,-12.983839,0</coordinates></LineString></Placemark>
<Placemark><name>2713870</name><styleUrl>#styleDaimonCIRCUITO34TRECHO</styleUrl><LineString><coordinates>-49.910197,-13.005027,0 -49.910252,-13.005130,0</coordinates></LineString></Placemark>
<Placemark><name>2708913</name><styleUrl>#styleDaimonCIRCUITO34TRECHO</styleUrl><LineString><coordinates>-49.874638,-12.991382,0 -49.874683,-12.990557,0</coordinates></LineString></Placemark>
<Placemark><name>2708914</name><styleUrl>#styleDaimonCIRCUITO34TRECHO</styleUrl><LineString><coordinates>-49.874683,-12.990557,0 -49.874680,-12.989675,0</coordinates></LineString></Placemark>
<Placemark><name>2477965</name><styleUrl>#styleDaimonCIRCUITO34TRECHO</styleUrl><LineString><coordinates>-49.895155,-13.008267,0 -49.894744,-13.009286,0</coordinates></LineString></Placemark>
<Placemark><name>3215961</name><styleUrl>#styleDaimonCIRCUITO34TRECHO</styleUrl><LineString><coordinates>-49.850603,-12.989697,0 -49.850473,-12.988939,0</coordinates></LineString></Placemark>
<Placemark><name>3215960</name><styleUrl>#styleDaimonCIRCUITO34TRECHO</styleUrl><LineString><coordinates>-49.850726,-12.990403,0 -49.850603,-12.989697,0</coordinates></LineString></Placemark>
<Placemark><name>3532261</name><styleUrl>#styleDaimonCIRCUITO34TRECHO</styleUrl><LineString><coordinates>-49.924529,-12.995198,0 -49.925208,-12.995103,0</coordinates></LineString></Placemark>
<Placemark><name>2748292</name><styleUrl>#styleDaimonCIRCUITO34TRECHO</styleUrl><LineString><coordinates>-49.923714,-12.995294,0 -49.924529,-12.995198,0</coordinates></LineString></Placemark>
<Placemark><name>3532260</name><styleUrl>#styleDaimonCIRCUITO34TRECHO</styleUrl><LineString><coordinates>-49.922715,-12.995407,0 -49.923714,-12.995294,0</coordinates></LineString></Placemark>
<Placemark><name>12148670</name><styleUrl>#styleDaimonCIRCUITO34TRECHO</styleUrl><LineString><coordinates>-49.922676,-12.995423,0 -49.922715,-12.995407,0</coordinates></LineString></Placemark>
<Placemark><name>3532259</name><styleUrl>#styleDaimonCIRCUITO34TRECHO</styleUrl><LineString><coordinates>-49.921096,-12.996642,0 -49.922676,-12.995423,0</coordinates></LineString></Placemark>
<Placemark><name>3532258</name><styleUrl>#styleDaimonCIRCUITO34TRECHO</styleUrl><LineString><coordinates>-49.920918,-12.996773,0 -49.921096,-12.996642,0</coordinates></LineString></Placemark>
<Placemark><name>3532257</name><styleUrl>#styleDaimonCIRCUITO34TRECHO</styleUrl><LineString><coordinates>-49.920076,-12.997425,0 -49.920918,-12.996773,0</coordinates></LineString></Placemark>
<Placemark><name>3532256</name><styleUrl>#styleDaimonCIRCUITO34TRECHO</styleUrl><LineString><coordinates>-49.919069,-12.998153,0 -49.920076,-12.997425,0</coordinates></LineString></Placemark>
<Placemark><name>3532255</name><styleUrl>#styleDaimonCIRCUITO34TRECHO</styleUrl><LineString><coordinates>-49.918135,-12.998910,0 -49.919069,-12.998153,0</coordinates></LineString></Placemark>
<Placemark><name>3532254</name><styleUrl>#styleDaimonCIRCUITO34TRECHO</styleUrl><LineString><coordinates>-49.917015,-12.999755,0 -49.918135,-12.998910,0</coordinates></LineString></Placemark>
<Placemark><name>3532253</name><styleUrl>#styleDaimonCIRCUITO34TRECHO</styleUrl><LineString><coordinates>-49.915875,-13.000641,0 -49.917015,-12.999755,0</coordinates></LineString></Placemark>
<Placemark><name>2748291</name><styleUrl>#styleDaimonCIRCUITO34TRECHO</styleUrl><LineString><coordinates>-49.914649,-13.001581,0 -49.915875,-13.000641,0</coordinates></LineString></Placemark>
<Placemark><name>3532252</name><styleUrl>#styleDaimonCIRCUITO34TRECHO</styleUrl><LineString><coordinates>-49.913088,-13.002761,0 -49.914649,-13.001581,0</coordinates></LineString></Placemark>
<Placemark><name>3532251</name><styleUrl>#styleDaimonCIRCUITO34TRECHO</styleUrl><LineString><coordinates>-49.912414,-13.003275,0 -49.913088,-13.002761,0</coordinates></LineString></Placemark>
<Placemark><name>3532250</name><styleUrl>#styleDaimonCIRCUITO34TRECHO</styleUrl><LineString><coordinates>-49.911324,-13.004111,0 -49.912414,-13.003275,0</coordinates></LineString></Placemark>
<Placemark><name>3532249</name><styleUrl>#styleDaimonCIRCUITO34TRECHO</styleUrl><LineString><coordinates>-49.910518,-13.004760,0 -49.911324,-13.004111,0</coordinates></LineString></Placemark>
<Placemark><name>2995677</name><styleUrl>#styleDaimonCIRCUITO34TRECHO</styleUrl><LineString><coordinates>-49.804997,-13.049224,0 -49.805574,-13.049429,0</coordinates></LineString></Placemark>
<Placemark><name>3659736</name><styleUrl>#styleDaimonCIRCUITO34TRECHO</styleUrl><LineString><coordinates>-49.704982,-13.066214,0 -49.704972,-13.066197,0</coordinates></LineString></Placemark>
<Placemark><name>2475427</name><styleUrl>#styleDaimonCIRCUITO34TRECHO</styleUrl><LineString><coordinates>-49.760942,-12.986170,0 -49.761207,-12.985979,0</coordinates></LineString></Placemark>
<Placemark><name>3610604</name><styleUrl>#styleDaimonCIRCUITO34TRECHO</styleUrl><LineString><coordinates>-49.730209,-13.012068,0 -49.729871,-13.011220,0</coordinates></LineString></Placemark>
<Placemark><name>3610608</name><styleUrl>#styleDaimonCIRCUITO34TRECHO</styleUrl><LineString><coordinates>-49.729871,-13.011220,0 -49.729533,-13.010375,0</coordinates></LineString></Placemark>
<Placemark><name>3610610</name><styleUrl>#styleDaimonCIRCUITO34TRECHO</styleUrl><LineString><coordinates>-49.730547,-13.012910,0 -49.730209,-13.012068,0</coordinates></LineString></Placemark>
<Placemark><name>3610609</name><styleUrl>#styleDaimonCIRCUITO34TRECHO</styleUrl><LineString><coordinates>-49.729533,-13.010375,0 -49.729194,-13.009545,0</coordinates></LineString></Placemark>
<Placemark><name>3610605</name><styleUrl>#styleDaimonCIRCUITO34TRECHO</styleUrl><LineString><coordinates>-49.730797,-13.013585,0 -49.730547,-13.012910,0</coordinates></LineString></Placemark>
<Placemark><name>3610607</name><styleUrl>#styleDaimonCIRCUITO34TRECHO</styleUrl><LineString><coordinates>-49.729194,-13.009545,0 -49.728852,-13.008698,0</coordinates></LineString></Placemark>
<Placemark><name>12063517</name><styleUrl>#styleDaimonCIRCUITO34TRECHO</styleUrl><LineString><coordinates>-49.730806,-13.013610,0 -49.730797,-13.013585,0</coordinates></LineString></Placemark>
<Placemark><name>3610603</name><styleUrl>#styleDaimonCIRCUITO34TRECHO</styleUrl><LineString><coordinates>-49.728852,-13.008698,0 -49.728531,-13.007863,0</coordinates></LineString></Placemark>
<Placemark><name>3610606</name><styleUrl>#styleDaimonCIRCUITO34TRECHO</styleUrl><LineString><coordinates>-49.730851,-13.013743,0 -49.730806,-13.013610,0</coordinates></LineString></Placemark>
<Placemark><name>3610611</name><styleUrl>#styleDaimonCIRCUITO34TRECHO</styleUrl><LineString><coordinates>-49.728531,-13.007863,0 -49.728203,-13.007066,0</coordinates></LineString></Placemark>
<Placemark><name>2475431</name><styleUrl>#styleDaimonCIRCUITO34TRECHO</styleUrl><LineString><coordinates>-49.886212,-12.983823,0 -49.886235,-12.983676,0</coordinates></LineString></Placemark>
<Placemark><name>3475221</name><styleUrl>#styleDaimonCIRCUITO34TRECHO</styleUrl><LineString><coordinates>-49.927058,-12.994901,0 -49.927810,-12.994739,0</coordinates></LineString></Placemark>
<Placemark><name>3532517</name><styleUrl>#styleDaimonCIRCUITO34TRECHO</styleUrl><LineString><coordinates>-49.925393,-12.995083,0 -49.927058,-12.994901,0</coordinates></LineString></Placemark>
<Placemark><name>3659735</name><styleUrl>#styleDaimonCIRCUITO34TRECHO</styleUrl><LineString><coordinates>-49.704970,-13.066196,0 -49.704949,-13.066186,0</coordinates></LineString></Placemark>
<Placemark><name>3659411</name><styleUrl>#styleDaimonCIRCUITO34TRECHO</styleUrl><LineString><coordinates>-49.704949,-13.066186,0 -49.704938,-13.066224,0</coordinates></LineString></Placemark>
<Placemark><name>3553735</name><styleUrl>#styleDaimonCIRCUITO34TRECHO</styleUrl><LineString><coordinates>-49.704949,-13.066186,0 -49.704819,-13.065967,0</coordinates></LineString></Placemark>
<Placemark><name>12103072</name><styleUrl>#styleDaimonCIRCUITO34TRECHO</styleUrl><LineString><coordinates>-49.704819,-13.065967,0 -49.704800,-13.065933,0</coordinates></LineString></Placemark>
<Placemark><name>3244738</name><styleUrl>#styleDaimonCIRCUITO34TRECHO</styleUrl><LineString><coordinates>-49.704800,-13.065933,0 -49.704284,-13.065074,0</coordinates></LineString></Placemark>
<Placemark><name>12107161</name><styleUrl>#styleDaimonCIRCUITO34TRECHO</styleUrl><LineString><coordinates>-49.704284,-13.065074,0 -49.704264,-13.065043,0</coordinates></LineString></Placemark>
<Placemark><name>3245050</name><styleUrl>#styleDaimonCIRCUITO34TRECHO</styleUrl><LineString><coordinates>-49.704264,-13.065043,0 -49.703631,-13.063976,0</coordinates></LineString></Placemark>
<Placemark><name>3245049</name><styleUrl>#styleDaimonCIRCUITO34TRECHO</styleUrl><LineString><coordinates>-49.703631,-13.063976,0 -49.703144,-13.063192,0</coordinates></LineString></Placemark>
<Placemark><name>3245048</name><styleUrl>#styleDaimonCIRCUITO34TRECHO</styleUrl><LineString><coordinates>-49.703144,-13.063192,0 -49.702687,-13.062418,0</coordinates></LineString></Placemark>
<Placemark><name>3245047</name><styleUrl>#styleDaimonCIRCUITO34TRECHO</styleUrl><LineString><coordinates>-49.702687,-13.062418,0 -49.702142,-13.061541,0</coordinates></LineString></Placemark>
<Placemark><name>3245046</name><styleUrl>#styleDaimonCIRCUITO34TRECHO</styleUrl><LineString><coordinates>-49.702142,-13.061541,0 -49.701515,-13.060510,0</coordinates></LineString></Placemark>
<Placemark><name>3245045</name><styleUrl>#styleDaimonCIRCUITO34TRECHO</styleUrl><LineString><coordinates>-49.701515,-13.060510,0 -49.700929,-13.059496,0</coordinates></LineString></Placemark>
<Placemark><name>3245044</name><styleUrl>#styleDaimonCIRCUITO34TRECHO</styleUrl><LineString><coordinates>-49.700929,-13.059496,0 -49.700357,-13.058580,0</coordinates></LineString></Placemark>
<Placemark><name>3245043</name><styleUrl>#styleDaimonCIRCUITO34TRECHO</styleUrl><LineString><coordinates>-49.700357,-13.058580,0 -49.699771,-13.057595,0</coordinates></LineString></Placemark>
<Placemark><name>3245042</name><styleUrl>#styleDaimonCIRCUITO34TRECHO</styleUrl><LineString><coordinates>-49.699771,-13.057595,0 -49.699175,-13.056582,0</coordinates></LineString></Placemark>
<Placemark><name>3245041</name><styleUrl>#styleDaimonCIRCUITO34TRECHO</styleUrl><LineString><coordinates>-49.699175,-13.056582,0 -49.698375,-13.055969,0</coordinates></LineString></Placemark>
<Placemark><name>3245040</name><styleUrl>#styleDaimonCIRCUITO34TRECHO</styleUrl><LineString><coordinates>-49.698375,-13.055969,0 -49.697569,-13.055384,0</coordinates></LineString></Placemark>
<Placemark><name>3244752</name><styleUrl>#styleDaimonCIRCUITO34TRECHO</styleUrl><LineString><coordinates>-49.697569,-13.055384,0 -49.696681,-13.054706,0</coordinates></LineString></Placemark>
<Placemark><name>3244751</name><styleUrl>#styleDaimonCIRCUITO34TRECHO</styleUrl><LineString><coordinates>-49.696681,-13.054706,0 -49.695921,-13.054129,0</coordinates></LineString></Placemark>
<Placemark><name>12107162</name><styleUrl>#styleDaimonCIRCUITO34TRECHO</styleUrl><LineString><coordinates>-49.695921,-13.054129,0 -49.695892,-13.054102,0</coordinates></LineString></Placemark>
<Placemark><name>3244750</name><styleUrl>#styleDaimonCIRCUITO34TRECHO</styleUrl><LineString><coordinates>-49.695892,-13.054102,0 -49.695626,-13.053717,0</coordinates></LineString></Placemark>
<Placemark><name>3244749</name><styleUrl>#styleDaimonCIRCUITO34TRECHO</styleUrl><LineString><coordinates>-49.695626,-13.053717,0 -49.694918,-13.052640,0</coordinates></LineString></Placemark>
<Placemark><name>3244748</name><styleUrl>#styleDaimonCIRCUITO34TRECHO</styleUrl><LineString><coordinates>-49.694918,-13.052640,0 -49.694095,-13.051369,0</coordinates></LineString></Placemark>
<Placemark><name>3244747</name><styleUrl>#styleDaimonCIRCUITO34TRECHO</styleUrl><LineString><coordinates>-49.694095,-13.051369,0 -49.693442,-13.050455,0</coordinates></LineString></Placemark>
<Placemark><name>3244746</name><styleUrl>#styleDaimonCIRCUITO34TRECHO</styleUrl><LineString><coordinates>-49.693442,-13.050455,0 -49.692904,-13.049659,0</coordinates></LineString></Placemark>
<Placemark><name>3244745</name><styleUrl>#styleDaimonCIRCUITO34TRECHO</styleUrl><LineString><coordinates>-49.692904,-13.049659,0 -49.692260,-13.048690,0</coordinates></LineString></Placemark>
<Placemark><name>3244744</name><styleUrl>#styleDaimonCIRCUITO34TRECHO</styleUrl><LineString><coordinates>-49.692260,-13.048690,0 -49.691685,-13.047875,0</coordinates></LineString></Placemark>
<Placemark><name>3244743</name><styleUrl>#styleDaimonCIRCUITO34TRECHO</styleUrl><LineString><coordinates>-49.691685,-13.047875,0 -49.691064,-13.046976,0</coordinates></LineString></Placemark>
<Placemark><name>3244742</name><styleUrl>#styleDaimonCIRCUITO34TRECHO</styleUrl><LineString><coordinates>-49.691064,-13.046976,0 -49.690394,-13.046028,0</coordinates></LineString></Placemark>
<Placemark><name>3244741</name><styleUrl>#styleDaimonCIRCUITO34TRECHO</styleUrl><LineString><coordinates>-49.690394,-13.046028,0 -49.689998,-13.045350,0</coordinates></LineString></Placemark>
<Placemark><name>3244740</name><styleUrl>#styleDaimonCIRCUITO34TRECHO</styleUrl><LineString><coordinates>-49.689998,-13.045350,0 -49.689483,-13.044631,0</coordinates></LineString></Placemark>
<Placemark><name>3244739</name><styleUrl>#styleDaimonCIRCUITO34TRECHO</styleUrl><LineString><coordinates>-49.689483,-13.044631,0 -49.689031,-13.043931,0</coordinates></LineString></Placemark>
<Placemark><name>3245052</name><styleUrl>#styleDaimonCIRCUITO34TRECHO</styleUrl><LineString><coordinates>-49.689031,-13.043931,0 -49.688461,-13.043100,0</coordinates></LineString></Placemark>
<Placemark><name>3245051</name><styleUrl>#styleDaimonCIRCUITO34TRECHO</styleUrl><LineString><coordinates>-49.688998,-13.043961,0 -49.688694,-13.044220,0</coordinates></LineString></Placemark>
<Placemark><name>2786482</name><styleUrl>#styleDaimonCIRCUITO34TRECHO</styleUrl><LineString><coordinates>-49.691236,-13.055268,0 -49.689976,-13.055716,0</coordinates></LineString></Placemark>
<Placemark><name>2786483</name><styleUrl>#styleDaimonCIRCUITO34TRECHO</styleUrl><LineString><coordinates>-49.689976,-13.055716,0 -49.688997,-13.056063,0</coordinates></LineString></Placemark>
<Placemark><name>2786481</name><styleUrl>#styleDaimonCIRCUITO34TRECHO</styleUrl><LineString><coordinates>-49.692229,-13.054917,0 -49.691236,-13.055268,0</coordinates></LineString></Placemark>
<Placemark><name>2786484</name><styleUrl>#styleDaimonCIRCUITO34TRECHO</styleUrl><LineString><coordinates>-49.688997,-13.056063,0 -49.687851,-13.056470,0</coordinates></LineString></Placemark>
<Placemark><name>2786480</name><styleUrl>#styleDaimonCIRCUITO34TRECHO</styleUrl><LineString><coordinates>-49.693606,-13.054428,0 -49.692229,-13.054917,0</coordinates></LineString></Placemark>
<Placemark><name>2786485</name><styleUrl>#styleDaimonCIRCUITO34TRECHO</styleUrl><LineString><coordinates>-49.687851,-13.056470,0 -49.686611,-13.056909,0</coordinates></LineString></Placemark>
<Placemark><name>2786479</name><styleUrl>#styleDaimonCIRCUITO34TRECHO</styleUrl><LineString><coordinates>-49.694547,-13.054095,0 -49.693606,-13.054428,0</coordinates></LineString></Placemark>
<Placemark><name>2786486</name><styleUrl>#styleDaimonCIRCUITO34TRECHO</styleUrl><LineString><coordinates>-49.686611,-13.056909,0 -49.685488,-13.057308,0</coordinates></LineString></Placemark>
<Placemark><name>2786478</name><styleUrl>#styleDaimonCIRCUITO34TRECHO</styleUrl><LineString><coordinates>-49.695518,-13.053755,0 -49.694547,-13.054095,0</coordinates></LineString></Placemark>
<Placemark><name>2786487</name><styleUrl>#styleDaimonCIRCUITO34TRECHO</styleUrl><LineString><coordinates>-49.685488,-13.057308,0 -49.684599,-13.057627,0</coordinates></LineString></Placemark>
<Placemark><name>12041907</name><styleUrl>#styleDaimonCIRCUITO34TRECHO</styleUrl><LineString><coordinates>-49.684599,-13.057627,0 -49.684568,-13.057638,0</coordinates></LineString></Placemark>
<Placemark><name>2786488</name><styleUrl>#styleDaimonCIRCUITO34TRECHO</styleUrl><LineString><coordinates>-49.684568,-13.057638,0 -49.683298,-13.057467,0</coordinates></LineString></Placemark>
<Placemark><name>53554788</name><styleUrl>#styleDaimonCIRCUITO34TRECHO</styleUrl><LineString><coordinates>-49.702662,-13.062430,0 -49.702434,-13.062527,0</coordinates></LineString></Placemark>
<Placemark><name>53554789</name><styleUrl>#styleDaimonCIRCUITO34TRECHO</styleUrl><LineString><coordinates>-49.702434,-13.062527,0 -49.701425,-13.062973,0</coordinates></LineString></Placemark>
<Placemark><name>53554790</name><styleUrl>#styleDaimonCIRCUITO34TRECHO</styleUrl><LineString><coordinates>-49.701425,-13.062973,0 -49.700415,-13.063417,0</coordinates></LineString></Placemark>
<Placemark><name>53554791</name><styleUrl>#styleDaimonCIRCUITO34TRECHO</styleUrl><LineString><coordinates>-49.700415,-13.063417,0 -49.699448,-13.063842,0</coordinates></LineString></Placemark>
<Placemark><name>53554778</name><styleUrl>#styleDaimonCIRCUITO34TRECHO</styleUrl><LineString><coordinates>-49.699448,-13.063842,0 -49.698796,-13.064130,0</coordinates></LineString></Placemark>
<Placemark><name>12103690</name><styleUrl>#styleDaimonCIRCUITO34TRECHO</styleUrl><LineString><coordinates>-49.660361,-13.016803,0 -49.660351,-13.016813,0</coordinates></LineString></Placemark>
<Placemark><name>3050778</name><styleUrl>#styleDaimonCIRCUITO34TRECHO</styleUrl><LineString><coordinates>-49.660351,-13.016813,0 -49.659870,-13.017457,0</coordinates></LineString></Placemark>
<Placemark><name>3245346</name><styleUrl>#styleDaimonCIRCUITO34TRECHO</styleUrl><LineString><coordinates>-49.661123,-13.017468,0 -49.660361,-13.016803,0</coordinates></LineString></Placemark>
<Placemark><name>3245345</name><styleUrl>#styleDaimonCIRCUITO34TRECHO</styleUrl><LineString><coordinates>-49.660361,-13.016803,0 -49.659419,-13.015996,0</coordinates></LineString></Placemark>
<Placemark><name>3050777</name><styleUrl>#styleDaimonCIRCUITO34TRECHO</styleUrl><LineString><coordinates>-49.659870,-13.017457,0 -49.659195,-13.018176,0</coordinates></LineString></Placemark>
<Placemark><name>3245347</name><styleUrl>#styleDaimonCIRCUITO34TRECHO</styleUrl><LineString><coordinates>-49.661812,-13.018032,0 -49.661123,-13.017468,0</coordinates></LineString></Placemark>
<Placemark><name>3245349</name><styleUrl>#styleDaimonCIRCUITO34TRECHO</styleUrl><LineString><coordinates>-49.662525,-13.018634,0 -49.661812,-13.018032,0</coordinates></LineString></Placemark>
<Placemark><name>3245348</name><styleUrl>#styleDaimonCIRCUITO34TRECHO</styleUrl><LineString><coordinates>-49.663296,-13.019267,0 -49.662525,-13.018634,0</coordinates></LineString></Placemark>
<Placemark><name>3245350</name><styleUrl>#styleDaimonCIRCUITO34TRECHO</styleUrl><LineString><coordinates>-49.664007,-13.019834,0 -49.663296,-13.019267,0</coordinates></LineString></Placemark>
<Placemark><name>3245586</name><styleUrl>#styleDaimonCIRCUITO34TRECHO</styleUrl><LineString><coordinates>-49.664615,-13.020366,0 -49.664007,-13.019834,0</coordinates></LineString></Placemark>
<Placemark><name>3245587</name><styleUrl>#styleDaimonCIRCUITO34TRECHO</styleUrl><LineString><coordinates>-49.665207,-13.020864,0 -49.664615,-13.020366,0</coordinates></LineString></Placemark>
<Placemark><name>2747878</name><styleUrl>#styleDaimonCIRCUITO34TRECHO</styleUrl><LineString><coordinates>-49.665773,-13.021284,0 -49.665207,-13.020864,0</coordinates></LineString></Placemark>
<Placemark><name>3245588</name><styleUrl>#styleDaimonCIRCUITO34TRECHO</styleUrl><LineString><coordinates>-49.666218,-13.021707,0 -49.665773,-13.021284,0</coordinates></LineString></Placemark>
<Placemark><name>3245589</name><styleUrl>#styleDaimonCIRCUITO34TRECHO</styleUrl><LineString><coordinates>-49.667118,-13.022421,0 -49.666218,-13.021707,0</coordinates></LineString></Placemark>
<Placemark><name>3245590</name><styleUrl>#styleDaimonCIRCUITO34TRECHO</styleUrl><LineString><coordinates>-49.668032,-13.023177,0 -49.667118,-13.022421,0</coordinates></LineString></Placemark>
<Placemark><name>3245591</name><styleUrl>#styleDaimonCIRCUITO34TRECHO</styleUrl><LineString><coordinates>-49.668809,-13.023836,0 -49.668032,-13.023177,0</coordinates></LineString></Placemark>
<Placemark><name>3245601</name><styleUrl>#styleDaimonCIRCUITO34TRECHO</styleUrl><LineString><coordinates>-49.669653,-13.024509,0 -49.668809,-13.023836,0</coordinates></LineString></Placemark>
<Placemark><name>12107254</name><styleUrl>#styleDaimonCIRCUITO34TRECHO</styleUrl><LineString><coordinates>-49.669675,-13.024536,0 -49.669653,-13.024509,0</coordinates></LineString></Placemark>
<Placemark><name>3245592</name><styleUrl>#styleDaimonCIRCUITO34TRECHO</styleUrl><LineString><coordinates>-49.669856,-13.025114,0 -49.669675,-13.024536,0</coordinates></LineString></Placemark>
<Placemark><name>3245593</name><styleUrl>#styleDaimonCIRCUITO34TRECHO</styleUrl><LineString><coordinates>-49.670060,-13.025763,0 -49.669856,-13.025114,0</coordinates></LineString></Placemark>
<Placemark><name>3245594</name><styleUrl>#styleDaimonCIRCUITO34TRECHO</styleUrl><LineString><coordinates>-49.670273,-13.026415,0 -49.670060,-13.025763,0</coordinates></LineString></Placemark>
<Placemark><name>2747877</name><styleUrl>#styleDaimonCIRCUITO34TRECHO</styleUrl><LineString><coordinates>-49.670461,-13.027042,0 -49.670273,-13.026415,0</coordinates></LineString></Placemark>
<Placemark><name>3245595</name><styleUrl>#styleDaimonCIRCUITO34TRECHO</styleUrl><LineString><coordinates>-49.670919,-13.028023,0 -49.670461,-13.027042,0</coordinates></LineString></Placemark>
<Placemark><name>12107166</name><styleUrl>#styleDaimonCIRCUITO34TRECHO</styleUrl><LineString><coordinates>-49.670936,-13.028057,0 -49.670919,-13.028023,0</coordinates></LineString></Placemark>
<Placemark><name>3245596</name><styleUrl>#styleDaimonCIRCUITO34TRECHO</styleUrl><LineString><coordinates>-49.671575,-13.030384,0 -49.670936,-13.028057,0</coordinates></LineString></Placemark>
<Placemark><name>12107165</name><styleUrl>#styleDaimonCIRCUITO34TRECHO</styleUrl><LineString><coordinates>-49.671587,-13.030417,0 -49.671575,-13.030384,0</coordinates></LineString></Placemark>
<Placemark><name>3245597</name><styleUrl>#styleDaimonCIRCUITO34TRECHO</styleUrl><LineString><coordinates>-49.671972,-13.031609,0 -49.671587,-13.030417,0</coordinates></LineString></Placemark>
<Placemark><name>3245598</name><styleUrl>#styleDaimonCIRCUITO34TRECHO</styleUrl><LineString><coordinates>-49.672477,-13.033201,0 -49.671972,-13.031609,0</coordinates></LineString></Placemark>
<Placemark><name>3245599</name><styleUrl>#styleDaimonCIRCUITO34TRECHO</styleUrl><LineString><coordinates>-49.672839,-13.034327,0 -49.672477,-13.033201,0</coordinates></LineString></Placemark>
<Placemark><name>3245600</name><styleUrl>#styleDaimonCIRCUITO34TRECHO</styleUrl><LineString><coordinates>-49.673128,-13.035169,0 -49.672839,-13.034327,0</coordinates></LineString></Placemark>
<Placemark><name>3245344</name><styleUrl>#styleDaimonCIRCUITO34TRECHO</styleUrl><LineString><coordinates>-49.673414,-13.036128,0 -49.673128,-13.035169,0</coordinates></LineString></Placemark>
<Placemark><name>12107164</name><styleUrl>#styleDaimonCIRCUITO34TRECHO</styleUrl><LineString><coordinates>-49.673433,-13.036159,0 -49.673414,-13.036128,0</coordinates></LineString></Placemark>
<Placemark><name>3245343</name><styleUrl>#styleDaimonCIRCUITO34TRECHO</styleUrl><LineString><coordinates>-49.674078,-13.036745,0 -49.673433,-13.036159,0</coordinates></LineString></Placemark>
<Placemark><name>3245342</name><styleUrl>#styleDaimonCIRCUITO34TRECHO</styleUrl><LineString><coordinates>-49.674749,-13.037389,0 -49.674078,-13.036745,0</coordinates></LineString></Placemark>
<Placemark><name>3245057</name><styleUrl>#styleDaimonCIRCUITO34TRECHO</styleUrl><LineString><coordinates>-49.675054,-13.037852,0 -49.674749,-13.037389,0</coordinates></LineString></Placemark>
<Placemark><name>12106100</name><styleUrl>#styleDaimonCIRCUITO34TRECHO</styleUrl><LineString><coordinates>-49.675071,-13.037874,0 -49.675054,-13.037852,0</coordinates></LineString></Placemark>
<Placemark><name>2904280</name><styleUrl>#styleDaimonCIRCUITO34TRECHO</styleUrl><LineString><coordinates>-49.677181,-13.038549,0 -49.675071,-13.037874,0</coordinates></LineString></Placemark>
<Placemark><name>3245333</name><styleUrl>#styleDaimonCIRCUITO34TRECHO</styleUrl><LineString><coordinates>-49.678049,-13.038851,0 -49.677181,-13.038549,0</coordinates></LineString></Placemark>
<Placemark><name>3245334</name><styleUrl>#styleDaimonCIRCUITO34TRECHO</styleUrl><LineString><coordinates>-49.679099,-13.039166,0 -49.678049,-13.038851,0</coordinates></LineString></Placemark>
<Placemark><name>3245335</name><styleUrl>#styleDaimonCIRCUITO34TRECHO</styleUrl><LineString><coordinates>-49.680230,-13.039508,0 -49.679099,-13.039166,0</coordinates></LineString></Placemark>
<Placemark><name>3245336</name><styleUrl>#styleDaimonCIRCUITO34TRECHO</styleUrl><LineString><coordinates>-49.681300,-13.039851,0 -49.680230,-13.039508,0</coordinates></LineString></Placemark>
<Placemark><name>3245337</name><styleUrl>#styleDaimonCIRCUITO34TRECHO</styleUrl><LineString><coordinates>-49.682278,-13.040130,0 -49.681300,-13.039851,0</coordinates></LineString></Placemark>
<Placemark><name>3245338</name><styleUrl>#styleDaimonCIRCUITO34TRECHO</styleUrl><LineString><coordinates>-49.683339,-13.040467,0 -49.682278,-13.040130,0</coordinates></LineString></Placemark>
<Placemark><name>3245339</name><styleUrl>#styleDaimonCIRCUITO34TRECHO</styleUrl><LineString><coordinates>-49.684251,-13.040582,0 -49.683339,-13.040467,0</coordinates></LineString></Placemark>
<Placemark><name>3245340</name><styleUrl>#styleDaimonCIRCUITO34TRECHO</styleUrl><LineString><coordinates>-49.685201,-13.040692,0 -49.684251,-13.040582,0</coordinates></LineString></Placemark>
<Placemark><name>3245341</name><styleUrl>#styleDaimonCIRCUITO34TRECHO</styleUrl><LineString><coordinates>-49.686072,-13.040826,0 -49.685201,-13.040692,0</coordinates></LineString></Placemark>
<Placemark><name>3245056</name><styleUrl>#styleDaimonCIRCUITO34TRECHO</styleUrl><LineString><coordinates>-49.686939,-13.040931,0 -49.686072,-13.040826,0</coordinates></LineString></Placemark>
<Placemark><name>12107163</name><styleUrl>#styleDaimonCIRCUITO34TRECHO</styleUrl><LineString><coordinates>-49.686973,-13.040949,0 -49.686939,-13.040931,0</coordinates></LineString></Placemark>
<Placemark><name>3245053</name><styleUrl>#styleDaimonCIRCUITO34TRECHO</styleUrl><LineString><coordinates>-49.687473,-13.041703,0 -49.686973,-13.040949,0</coordinates></LineString></Placemark>
<Placemark><name>3245054</name><styleUrl>#styleDaimonCIRCUITO34TRECHO</styleUrl><LineString><coordinates>-49.687998,-13.042447,0 -49.687473,-13.041703,0</coordinates></LineString></Placemark>
<Placemark><name>3245055</name><styleUrl>#styleDaimonCIRCUITO34TRECHO</styleUrl><LineString><coordinates>-49.688415,-13.043035,0 -49.687998,-13.042447,0</coordinates></LineString></Placemark>
<Placemark><name>2475393</name><styleUrl>#styleDaimonCIRCUITO34TRECHO</styleUrl><LineString><coordinates>-49.659504,-13.016069,0 -49.659132,-13.015750,0</coordinates></LineString></Placemark>
<Placemark><name>12147746</name><styleUrl>#styleDaimonCIRCUITO34TRECHO</styleUrl><LineString><coordinates>-49.622775,-13.047096,0 -49.622758,-13.047088,0</coordinates></LineString></Placemark>
<Placemark><name>3517018</name><styleUrl>#styleDaimonCIRCUITO34TRECHO</styleUrl><LineString><coordinates>-49.622758,-13.047088,0 -49.622482,-13.046718,0</coordinates></LineString></Placemark>
<Placemark><name>3516749</name><styleUrl>#styleDaimonCIRCUITO34TRECHO</styleUrl><LineString><coordinates>-49.623101,-13.046242,0 -49.622775,-13.047096,0</coordinates></LineString></Placemark>
<Placemark><name>3517012</name><styleUrl>#styleDaimonCIRCUITO34TRECHO</styleUrl><LineString><coordinates>-49.622775,-13.047096,0 -49.622356,-13.048043,0</coordinates></LineString></Placemark>
<Placemark><name>3517019</name><styleUrl>#styleDaimonCIRCUITO34TRECHO</styleUrl><LineString><coordinates>-49.622482,-13.046718,0 -49.621916,-13.045841,0</coordinates></LineString></Placemark>
<Placemark><name>12147745</name><styleUrl>#styleDaimonCIRCUITO34TRECHO</styleUrl><LineString><coordinates>-49.623133,-13.046227,0 -49.623101,-13.046242,0</coordinates></LineString></Placemark>
<Placemark><name>3517013</name><styleUrl>#styleDaimonCIRCUITO34TRECHO</styleUrl><LineString><coordinates>-49.622356,-13.048043,0 -49.621912,-13.049189,0</coordinates></LineString></Placemark>
<Placemark><name>3517017</name><styleUrl>#styleDaimonCIRCUITO34TRECHO</styleUrl><LineString><coordinates>-49.621916,-13.045841,0 -49.621185,-13.044819,0</coordinates></LineString></Placemark>
<Placemark><name>3252795</name><styleUrl>#styleDaimonCIRCUITO34TRECHO</styleUrl><LineString><coordinates>-49.624007,-13.046418,0 -49.623133,-13.046227,0</coordinates></LineString></Placemark>
<Placemark><name>3517011</name><styleUrl>#styleDaimonCIRCUITO34TRECHO</styleUrl><LineString><coordinates>-49.621912,-13.049189,0 -49.621285,-13.050383,0</coordinates></LineString></Placemark>
<Placemark><name>3517016</name><styleUrl>#styleDaimonCIRCUITO34TRECHO</styleUrl><LineString><coordinates>-49.621185,-13.044819,0 -49.620533,-13.043586,0</coordinates></LineString></Placemark>
<Placemark><name>3252796</name><styleUrl>#styleDaimonCIRCUITO34TRECHO</styleUrl><LineString><coordinates>-49.626129,-13.046769,0 -49.624007,-13.046418,0</coordinates></LineString></Placemark>
<Placemark><name>3516751</name><styleUrl>#styleDaimonCIRCUITO34TRECHO</styleUrl><LineString><coordinates>-49.621285,-13.050383,0 -49.620662,-13.051590,0</coordinates></LineString></Placemark>
<Placemark><name>12147835</name><styleUrl>#styleDaimonCIRCUITO34TRECHO</styleUrl><LineString><coordinates>-49.620533,-13.043586,0 -49.620512,-13.043555,0</coordinates></LineString></Placemark>
<Placemark><name>3252798</name><styleUrl>#styleDaimonCIRCUITO34TRECHO</styleUrl><LineString><coordinates>-49.627230,-13.046999,0 -49.626129,-13.046769,0</coordinates></LineString></Placemark>
<Placemark><name>12147747</name><styleUrl>#styleDaimonCIRCUITO34TRECHO</styleUrl><LineString><coordinates>-49.620662,-13.051590,0 -49.620680,-13.051598,0</coordinates></LineString></Placemark>
<Placemark><name>3516750</name><styleUrl>#styleDaimonCIRCUITO34TRECHO</styleUrl><LineString><coordinates>-49.620662,-13.051590,0 -49.620302,-13.052406,0</coordinates></LineString></Placemark>
<Placemark><name>3517020</name><styleUrl>#styleDaimonCIRCUITO34TRECHO</styleUrl><LineString><coordinates>-49.620512,-13.043555,0 -49.619616,-13.042251,0</coordinates></LineString></Placemark>
<Placemark><name>3252797</name><styleUrl>#styleDaimonCIRCUITO34TRECHO</styleUrl><LineString><coordinates>-49.628132,-13.047150,0 -49.627230,-13.046999,0</coordinates></LineString></Placemark>
<Placemark><name>3517014</name><styleUrl>#styleDaimonCIRCUITO34TRECHO</styleUrl><LineString><coordinates>-49.620680,-13.051598,0 -49.620948,-13.051960,0</coordinates></LineString></Placemark>
<Placemark><name>12147836</name><styleUrl>#styleDaimonCIRCUITO34TRECHO</styleUrl><LineString><coordinates>-49.619616,-13.042251,0 -49.619595,-13.042221,0</coordinates></LineString></Placemark>
<Placemark><name>3252799</name><styleUrl>#styleDaimonCIRCUITO34TRECHO</styleUrl><LineString><coordinates>-49.629946,-13.047452,0 -49.628132,-13.047150,0</coordinates></LineString></Placemark>
<Placemark><name>12147837</name><styleUrl>#styleDaimonCIRCUITO34TRECHO</styleUrl><LineString><coordinates>-49.620948,-13.051960,0 -49.620949,-13.051995,0</coordinates></LineString></Placemark>
<Placemark><name>3517021</name><styleUrl>#styleDaimonCIRCUITO34TRECHO</styleUrl><LineString><coordinates>-49.619595,-13.042221,0 -49.618105,-13.039904,0</coordinates></LineString></Placemark>
<Placemark><name>3252800</name><styleUrl>#styleDaimonCIRCUITO34TRECHO</styleUrl><LineString><coordinates>-49.630848,-13.047601,0 -49.629946,-13.047452,0</coordinates></LineString></Placemark>
<Placemark><name>3517322</name><styleUrl>#styleDaimonCIRCUITO34TRECHO</styleUrl><LineString><coordinates>-49.620949,-13.051995,0 -49.620484,-13.053189,0</coordinates></LineString></Placemark>
<Placemark><name>3252801</name><styleUrl>#styleDaimonCIRCUITO34TRECHO</styleUrl><LineString><coordinates>-49.632200,-13.047811,0 -49.630848,-13.047601,0</coordinates></LineString></Placemark>
<Placemark><name>3517323</name><styleUrl>#styleDaimonCIRCUITO34TRECHO</styleUrl><LineString><coordinates>-49.620484,-13.053189,0 -49.620020,-13.054361,0</coordinates></LineString></Placemark>
<Placemark><name>3252802</name><styleUrl>#styleDaimonCIRCUITO34TRECHO</styleUrl><LineString><coordinates>-49.633460,-13.048070,0 -49.632200,-13.047811,0</coordinates></LineString></Placemark>
<Placemark><name>3517321</name><styleUrl>#styleDaimonCIRCUITO34TRECHO</styleUrl><LineString><coordinates>-49.620020,-13.054361,0 -49.619439,-13.055872,0</coordinates></LineString></Placemark>
<Placemark><name>3252804</name><styleUrl>#styleDaimonCIRCUITO34TRECHO</styleUrl><LineString><coordinates>-49.634476,-13.048178,0 -49.633460,-13.048070,0</coordinates></LineString></Placemark>
<Placemark><name>3517320</name><styleUrl>#styleDaimonCIRCUITO34TRECHO</styleUrl><LineString><coordinates>-49.619439,-13.055872,0 -49.618830,-13.057278,0</coordinates></LineString></Placemark>
<Placemark><name>3252803</name><styleUrl>#styleDaimonCIRCUITO34TRECHO</styleUrl><LineString><coordinates>-49.635332,-13.048275,0 -49.634476,-13.048178,0</coordinates></LineString></Placemark>
<Placemark><name>3517319</name><styleUrl>#styleDaimonCIRCUITO34TRECHO</styleUrl><LineString><coordinates>-49.618830,-13.057278,0 -49.618222,-13.058915,0</coordinates></LineString></Placemark>
<Placemark><name>12147744</name><styleUrl>#styleDaimonCIRCUITO34TRECHO</styleUrl><LineString><coordinates>-49.635371,-13.048281,0 -49.635332,-13.048275,0</coordinates></LineString></Placemark>
<Placemark><name>12147838</name><styleUrl>#styleDaimonCIRCUITO34TRECHO</styleUrl><LineString><coordinates>-49.618222,-13.058915,0 -49.618196,-13.058941,0</coordinates></LineString></Placemark>
<Placemark><name>3252805</name><styleUrl>#styleDaimonCIRCUITO34TRECHO</styleUrl><LineString><coordinates>-49.635889,-13.048362,0 -49.635371,-13.048281,0</coordinates></LineString></Placemark>
<Placemark><name>3517317</name><styleUrl>#styleDaimonCIRCUITO34TRECHO</styleUrl><LineString><coordinates>-49.618196,-13.058941,0 -49.616854,-13.059456,0</coordinates></LineString></Placemark>
<Placemark><name>3252806</name><styleUrl>#styleDaimonCIRCUITO34TRECHO</styleUrl><LineString><coordinates>-49.636773,-13.048584,0 -49.635889,-13.048362,0</coordinates></LineString></Placemark>
<Placemark><name>3517318</name><styleUrl>#styleDaimonCIRCUITO34TRECHO</styleUrl><LineString><coordinates>-49.616854,-13.059456,0 -49.615353,-13.060156,0</coordinates></LineString></Placemark>
<Placemark><name>3252807</name><styleUrl>#styleDaimonCIRCUITO34TRECHO</styleUrl><LineString><coordinates>-49.638107,-13.048844,0 -49.636773,-13.048584,0</coordinates></LineString></Placemark>
<Placemark><name>3517316</name><styleUrl>#styleDaimonCIRCUITO34TRECHO</styleUrl><LineString><coordinates>-49.615353,-13.060156,0 -49.614215,-13.060655,0</coordinates></LineString></Placemark>
<Placemark><name>3253060</name><styleUrl>#styleDaimonCIRCUITO34TRECHO</styleUrl><LineString><coordinates>-49.639482,-13.049144,0 -49.638107,-13.048844,0</coordinates></LineString></Placemark>
<Placemark><name>3517315</name><styleUrl>#styleDaimonCIRCUITO34TRECHO</styleUrl><LineString><coordinates>-49.614215,-13.060655,0 -49.613003,-13.061059,0</coordinates></LineString></Placemark>
<Placemark><name>3253062</name><styleUrl>#styleDaimonCIRCUITO34TRECHO</styleUrl><LineString><coordinates>-49.640977,-13.049414,0 -49.639482,-13.049144,0</coordinates></LineString></Placemark>
<Placemark><name>3517314</name><styleUrl>#styleDaimonCIRCUITO34TRECHO</styleUrl><LineString><coordinates>-49.613003,-13.061059,0 -49.611930,-13.061624,0</coordinates></LineString></Placemark>
<Placemark><name>3253061</name><styleUrl>#styleDaimonCIRCUITO34TRECHO</styleUrl><LineString><coordinates>-49.642278,-13.049719,0 -49.640977,-13.049414,0</coordinates></LineString></Placemark>
<Placemark><name>3517313</name><styleUrl>#styleDaimonCIRCUITO34TRECHO</styleUrl><LineString><coordinates>-49.611930,-13.061624,0 -49.610788,-13.062106,0</coordinates></LineString></Placemark>
<Placemark><name>3253063</name><styleUrl>#styleDaimonCIRCUITO34TRECHO</styleUrl><LineString><coordinates>-49.643533,-13.049964,0 -49.642278,-13.049719,0</coordinates></LineString></Placemark>
<Placemark><name>3517312</name><styleUrl>#styleDaimonCIRCUITO34TRECHO</styleUrl><LineString><coordinates>-49.610788,-13.062106,0 -49.609507,-13.062632,0</coordinates></LineString></Placemark>
<Placemark><name>3253064</name><styleUrl>#styleDaimonCIRCUITO34TRECHO</styleUrl><LineString><coordinates>-49.644681,-13.050182,0 -49.643533,-13.049964,0</coordinates></LineString></Placemark>
<Placemark><name>3517029</name><styleUrl>#styleDaimonCIRCUITO34TRECHO</styleUrl><LineString><coordinates>-49.609507,-13.062632,0 -49.608566,-13.063054,0</coordinates></LineString></Placemark>
<Placemark><name>3253065</name><styleUrl>#styleDaimonCIRCUITO34TRECHO</styleUrl><LineString><coordinates>-49.645782,-13.050405,0 -49.644681,-13.050182,0</coordinates></LineString></Placemark>
<Placemark><name>12147839</name><styleUrl>#styleDaimonCIRCUITO34TRECHO</styleUrl><LineString><coordinates>-49.608566,-13.063054,0 -49.608529,-13.063053,0</coordinates></LineString></Placemark>
<Placemark><name>3253066</name><styleUrl>#styleDaimonCIRCUITO34TRECHO</styleUrl><LineString><coordinates>-49.647172,-13.050631,0 -49.645782,-13.050405,0</coordinates></LineString></Placemark>
<Placemark><name>3517027</name><styleUrl>#styleDaimonCIRCUITO34TRECHO</styleUrl><LineString><coordinates>-49.608529,-13.063053,0 -49.607250,-13.062544,0</coordinates></LineString></Placemark>
<Placemark><name>3516746</name><styleUrl>#styleDaimonCIRCUITO34TRECHO</styleUrl><LineString><coordinates>-49.648081,-13.050820,0 -49.647172,-13.050631,0</coordinates></LineString></Placemark>
<Placemark><name>3517028</name><styleUrl>#styleDaimonCIRCUITO34TRECHO</styleUrl><LineString><coordinates>-49.607250,-13.062544,0 -49.606102,-13.062106,0</coordinates></LineString></Placemark>
<Placemark><name>3516748</name><styleUrl>#styleDaimonCIRCUITO34TRECHO</styleUrl><LineString><coordinates>-49.649343,-13.051031,0 -49.648081,-13.050820,0</coordinates></LineString></Placemark>
<Placemark><name>3517026</name><styleUrl>#styleDaimonCIRCUITO34TRECHO</styleUrl><LineString><coordinates>-49.606102,-13.062106,0 -49.605065,-13.061687,0</coordinates></LineString></Placemark>
<Placemark><name>3516747</name><styleUrl>#styleDaimonCIRCUITO34TRECHO</styleUrl><LineString><coordinates>-49.650469,-13.051246,0 -49.649343,-13.051031,0</coordinates></LineString></Placemark>
<Placemark><name>3517025</name><styleUrl>#styleDaimonCIRCUITO34TRECHO</styleUrl><LineString><coordinates>-49.605065,-13.061687,0 -49.603910,-13.061266,0</coordinates></LineString></Placemark>
<Placemark><name>12150673</name><styleUrl>#styleDaimonCIRCUITO34TRECHO</styleUrl><LineString><coordinates>-49.650505,-13.051240,0 -49.650469,-13.051246,0</coordinates></LineString></Placemark>
<Placemark><name>3517024</name><styleUrl>#styleDaimonCIRCUITO34TRECHO</styleUrl><LineString><coordinates>-49.603910,-13.061266,0 -49.602221,-13.060621,0</coordinates></LineString></Placemark>
<Placemark><name>3252792</name><styleUrl>#styleDaimonCIRCUITO34TRECHO</styleUrl><LineString><coordinates>-49.651115,-13.050782,0 -49.650505,-13.051240,0</coordinates></LineString></Placemark>
<Placemark><name>3668634</name><styleUrl>#styleDaimonCIRCUITO34TRECHO</styleUrl><LineString><coordinates>-49.650505,-13.051240,0 -49.650492,-13.051247,0</coordinates></LineString></Placemark>
<Placemark><name>3517023</name><styleUrl>#styleDaimonCIRCUITO34TRECHO</styleUrl><LineString><coordinates>-49.602221,-13.060621,0 -49.601338,-13.060297,0</coordinates></LineString></Placemark>
<Placemark><name>3252791</name><styleUrl>#styleDaimonCIRCUITO34TRECHO</styleUrl><LineString><coordinates>-49.651884,-13.050229,0 -49.651115,-13.050782,0</coordinates></LineString></Placemark>
<Placemark><name>3517022</name><styleUrl>#styleDaimonCIRCUITO34TRECHO</styleUrl><LineString><coordinates>-49.601338,-13.060297,0 -49.600391,-13.059921,0</coordinates></LineString></Placemark>
<Placemark><name>3252790</name><styleUrl>#styleDaimonCIRCUITO34TRECHO</styleUrl><LineString><coordinates>-49.652966,-13.049381,0 -49.651884,-13.050229,0</coordinates></LineString></Placemark>
<Placemark><name>3522331</name><styleUrl>#styleDaimonCIRCUITO34TRECHO</styleUrl><LineString><coordinates>-49.600391,-13.059921,0 -49.599497,-13.059575,0</coordinates></LineString></Placemark>
<Placemark><name>3245602</name><styleUrl>#styleDaimonCIRCUITO34TRECHO</styleUrl><LineString><coordinates>-49.654971,-13.048007,0 -49.652966,-13.049381,0</coordinates></LineString></Placemark>
<Placemark><name>3522332</name><styleUrl>#styleDaimonCIRCUITO34TRECHO</styleUrl><LineString><coordinates>-49.599497,-13.059575,0 -49.598465,-13.059180,0</coordinates></LineString></Placemark>
<Placemark><name>3245603</name><styleUrl>#styleDaimonCIRCUITO34TRECHO</styleUrl><LineString><coordinates>-49.655572,-13.047603,0 -49.654971,-13.048007,0</coordinates></LineString></Placemark>
<Placemark><name>12147861</name><styleUrl>#styleDaimonCIRCUITO34TRECHO</styleUrl><LineString><coordinates>-49.598465,-13.059180,0 -49.598428,-13.059180,0</coordinates></LineString></Placemark>
<Placemark><name>3237207</name><styleUrl>#styleDaimonCIRCUITO34TRECHO</styleUrl><LineString><coordinates>-49.656707,-13.046810,0 -49.655572,-13.047603,0</coordinates></LineString></Placemark>
<Placemark><name>3522335</name><styleUrl>#styleDaimonCIRCUITO34TRECHO</styleUrl><LineString><coordinates>-49.598428,-13.059180,0 -49.597326,-13.059596,0</coordinates></LineString></Placemark>
<Placemark><name>3237208</name><styleUrl>#styleDaimonCIRCUITO34TRECHO</styleUrl><LineString><coordinates>-49.657493,-13.046293,0 -49.656707,-13.046810,0</coordinates></LineString></Placemark>
<Placemark><name>3522336</name><styleUrl>#styleDaimonCIRCUITO34TRECHO</styleUrl><LineString><coordinates>-49.597326,-13.059596,0 -49.596032,-13.060060,0</coordinates></LineString></Placemark>
<Placemark><name>3237209</name><styleUrl>#styleDaimonCIRCUITO34TRECHO</styleUrl><LineString><coordinates>-49.658617,-13.045497,0 -49.657493,-13.046293,0</coordinates></LineString></Placemark>
<Placemark><name>3522334</name><styleUrl>#styleDaimonCIRCUITO34TRECHO</styleUrl><LineString><coordinates>-49.596032,-13.060060,0 -49.594786,-13.060491,0</coordinates></LineString></Placemark>
<Placemark><name>3237210</name><styleUrl>#styleDaimonCIRCUITO34TRECHO</styleUrl><LineString><coordinates>-49.659696,-13.044848,0 -49.658617,-13.045497,0</coordinates></LineString></Placemark>
<Placemark><name>3522333</name><styleUrl>#styleDaimonCIRCUITO34TRECHO</styleUrl><LineString><coordinates>-49.594786,-13.060491,0 -49.593968,-13.060880,0</coordinates></LineString></Placemark>
<Placemark><name>3237211</name><styleUrl>#styleDaimonCIRCUITO34TRECHO</styleUrl><LineString><coordinates>-49.660906,-13.044018,0 -49.659696,-13.044848,0</coordinates></LineString></Placemark>
<Placemark><name>3522341</name><styleUrl>#styleDaimonCIRCUITO34TRECHO</styleUrl><LineString><coordinates>-49.593968,-13.060880,0 -49.593469,-13.061325,0</coordinates></LineString></Placemark>
<Placemark><name>3252788</name><styleUrl>#styleDaimonCIRCUITO34TRECHO</styleUrl><LineString><coordinates>-49.662041,-13.043242,0 -49.660906,-13.044018,0</coordinates></LineString></Placemark>
<Placemark><name>3522342</name><styleUrl>#styleDaimonCIRCUITO34TRECHO</styleUrl><LineString><coordinates>-49.593469,-13.061325,0 -49.592111,-13.063081,0</coordinates></LineString></Placemark>
<Placemark><name>12150672</name><styleUrl>#styleDaimonCIRCUITO34TRECHO</styleUrl><LineString><coordinates>-49.662071,-13.043221,0 -49.662041,-13.043242,0</coordinates></LineString></Placemark>
<Placemark><name>3522340</name><styleUrl>#styleDaimonCIRCUITO34TRECHO</styleUrl><LineString><coordinates>-49.592111,-13.063081,0 -49.590854,-13.064425,0</coordinates></LineString></Placemark>
<Placemark><name>3237212</name><styleUrl>#styleDaimonCIRCUITO34TRECHO</styleUrl><LineString><coordinates>-49.663029,-13.042340,0 -49.662071,-13.043221,0</coordinates></LineString></Placemark>
<Placemark><name>3522339</name><styleUrl>#styleDaimonCIRCUITO34TRECHO</styleUrl><LineString><coordinates>-49.590854,-13.064425,0 -49.590231,-13.065305,0</coordinates></LineString></Placemark>
<Placemark><name>2747872</name><styleUrl>#styleDaimonCIRCUITO34TRECHO</styleUrl><LineString><coordinates>-49.664122,-13.041551,0 -49.663029,-13.042340,0</coordinates></LineString></Placemark>
<Placemark><name>3522338</name><styleUrl>#styleDaimonCIRCUITO34TRECHO</styleUrl><LineString><coordinates>-49.590231,-13.065305,0 -49.589320,-13.066402,0</coordinates></LineString></Placemark>
<Placemark><name>3237213</name><styleUrl>#styleDaimonCIRCUITO34TRECHO</styleUrl><LineString><coordinates>-49.664944,-13.041044,0 -49.664122,-13.041551,0</coordinates></LineString></Placemark>
<Placemark><name>3522337</name><styleUrl>#styleDaimonCIRCUITO34TRECHO</styleUrl><LineString><coordinates>-49.589320,-13.066402,0 -49.588451,-13.067427,0</coordinates></LineString></Placemark>
<Placemark><name>3252542</name><styleUrl>#styleDaimonCIRCUITO34TRECHO</styleUrl><LineString><coordinates>-49.666030,-13.040226,0 -49.664944,-13.041044,0</coordinates></LineString></Placemark>
<Placemark><name>12147862</name><styleUrl>#styleDaimonCIRCUITO34TRECHO</styleUrl><LineString><coordinates>-49.588451,-13.067427,0 -49.588434,-13.067414,0</coordinates></LineString></Placemark>
<Placemark><name>3520262</name><styleUrl>#styleDaimonCIRCUITO34TRECHO</styleUrl><LineString><coordinates>-49.588451,-13.067427,0 -49.587850,-13.068146,0</coordinates></LineString></Placemark>
<Placemark><name>3252543</name><styleUrl>#styleDaimonCIRCUITO34TRECHO</styleUrl><LineString><coordinates>-49.666713,-13.039705,0 -49.666030,-13.040226,0</coordinates></LineString></Placemark>
<Placemark><name>3522562</name><styleUrl>#styleDaimonCIRCUITO34TRECHO</styleUrl><LineString><coordinates>-49.588434,-13.067414,0 -49.587326,-13.066771,0</coordinates></LineString></Placemark>
<Placemark><name>12148203</name><styleUrl>#styleDaimonCIRCUITO34TRECHO</styleUrl><LineString><coordinates>-49.587850,-13.068146,0 -49.587848,-13.068182,0</coordinates></LineString></Placemark>
<Placemark><name>3252544</name><styleUrl>#styleDaimonCIRCUITO34TRECHO</styleUrl><LineString><coordinates>-49.667512,-13.039191,0 -49.666713,-13.039705,0</coordinates></LineString></Placemark>
<Placemark><name>3522563</name><styleUrl>#styleDaimonCIRCUITO34TRECHO</styleUrl><LineString><coordinates>-49.587326,-13.066771,0 -49.586242,-13.066151,0</coordinates></LineString></Placemark>
<Placemark><name>3520509</name><styleUrl>#styleDaimonCIRCUITO34TRECHO</styleUrl><LineString><coordinates>-49.587848,-13.068182,0 -49.588464,-13.069241,0</coordinates></LineString></Placemark>
<Placemark><name>3252545</name><styleUrl>#styleDaimonCIRCUITO34TRECHO</styleUrl><LineString><coordinates>-49.668623,-13.038368,0 -49.667512,-13.039191,0</coordinates></LineString></Placemark>
<Placemark><name>3522561</name><styleUrl>#styleDaimonCIRCUITO34TRECHO</styleUrl><LineString><coordinates>-49.586242,-13.066151,0 -49.585199,-13.065538,0</coordinates></LineString></Placemark>
<Placemark><name>3520510</name><styleUrl>#styleDaimonCIRCUITO34TRECHO</styleUrl><LineString><coordinates>-49.588464,-13.069241,0 -49.589160,-13.070421,0</coordinates></LineString></Placemark>
<Placemark><name>3252546</name><styleUrl>#styleDaimonCIRCUITO34TRECHO</styleUrl><LineString><coordinates>-49.669736,-13.037589,0 -49.668623,-13.038368,0</coordinates></LineString></Placemark>
<Placemark><name>3522560</name><styleUrl>#styleDaimonCIRCUITO34TRECHO</styleUrl><LineString><coordinates>-49.585199,-13.065538,0 -49.584087,-13.064929,0</coordinates></LineString></Placemark>
<Placemark><name>3520508</name><styleUrl>#styleDaimonCIRCUITO34TRECHO</styleUrl><LineString><coordinates>-49.589160,-13.070421,0 -49.589872,-13.071633,0</coordinates></LineString></Placemark>
<Placemark><name>3252547</name><styleUrl>#styleDaimonCIRCUITO34TRECHO</styleUrl><LineString><coordinates>-49.670834,-13.036768,0 -49.669736,-13.037589,0</coordinates></LineString></Placemark>
<Placemark><name>3522559</name><styleUrl>#styleDaimonCIRCUITO34TRECHO</styleUrl><LineString><coordinates>-49.584087,-13.064929,0 -49.582794,-13.064182,0</coordinates></LineString></Placemark>
<Placemark><name>3520507</name><styleUrl>#styleDaimonCIRCUITO34TRECHO</styleUrl><LineString><coordinates>-49.589872,-13.071633,0 -49.590548,-13.072790,0</coordinates></LineString></Placemark>
<Placemark><name>3252549</name><styleUrl>#styleDaimonCIRCUITO34TRECHO</styleUrl><LineString><coordinates>-49.672247,-13.035745,0 -49.670834,-13.036768,0</coordinates></LineString></Placemark>
<Placemark><name>3522347</name><styleUrl>#styleDaimonCIRCUITO34TRECHO</styleUrl><LineString><coordinates>-49.582794,-13.064182,0 -49.581655,-13.063528,0</coordinates></LineString></Placemark>
<Placemark><name>2747875</name><styleUrl>#styleDaimonCIRCUITO34TRECHO</styleUrl><LineString><coordinates>-49.590548,-13.072790,0 -49.591261,-13.074014,0</coordinates></LineString></Placemark>
<Placemark><name>3252548</name><styleUrl>#styleDaimonCIRCUITO34TRECHO</styleUrl><LineString><coordinates>-49.673040,-13.035227,0 -49.672247,-13.035745,0</coordinates></LineString></Placemark>
<Placemark><name>3522346</name><styleUrl>#styleDaimonCIRCUITO34TRECHO</styleUrl><LineString><coordinates>-49.581655,-13.063528,0 -49.580650,-13.062950,0</coordinates></LineString></Placemark>
<Placemark><name>3520506</name><styleUrl>#styleDaimonCIRCUITO34TRECHO</styleUrl><LineString><coordinates>-49.591261,-13.074014,0 -49.591953,-13.075261,0</coordinates></LineString></Placemark>
<Placemark><name>3522345</name><styleUrl>#styleDaimonCIRCUITO34TRECHO</styleUrl><LineString><coordinates>-49.580650,-13.062950,0 -49.579585,-13.062335,0</coordinates></LineString></Placemark>
<Placemark><name>3520505</name><styleUrl>#styleDaimonCIRCUITO34TRECHO</styleUrl><LineString><coordinates>-49.591953,-13.075261,0 -49.592388,-13.075981,0</coordinates></LineString></Placemark>
<Placemark><name>3522344</name><styleUrl>#styleDaimonCIRCUITO34TRECHO</styleUrl><LineString><coordinates>-49.579585,-13.062335,0 -49.578442,-13.061678,0</coordinates></LineString></Placemark>
<Placemark><name>3520513</name><styleUrl>#styleDaimonCIRCUITO34TRECHO</styleUrl><LineString><coordinates>-49.592388,-13.075981,0 -49.593001,-13.077032,0</coordinates></LineString></Placemark>
<Placemark><name>3522343</name><styleUrl>#styleDaimonCIRCUITO34TRECHO</styleUrl><LineString><coordinates>-49.578442,-13.061678,0 -49.577380,-13.060984,0</coordinates></LineString></Placemark>
<Placemark><name>3520514</name><styleUrl>#styleDaimonCIRCUITO34TRECHO</styleUrl><LineString><coordinates>-49.593001,-13.077032,0 -49.593618,-13.078074,0</coordinates></LineString></Placemark>
<Placemark><name>3522568</name><styleUrl>#styleDaimonCIRCUITO34TRECHO</styleUrl><LineString><coordinates>-49.577380,-13.060984,0 -49.576347,-13.060489,0</coordinates></LineString></Placemark>
<Placemark><name>12148204</name><styleUrl>#styleDaimonCIRCUITO34TRECHO</styleUrl><LineString><coordinates>-49.593618,-13.078074,0 -49.593633,-13.078065,0</coordinates></LineString></Placemark>
<Placemark><name>2800356</name><styleUrl>#styleDaimonCIRCUITO34TRECHO</styleUrl><LineString><coordinates>-49.593618,-13.078074,0 -49.594105,-13.078887,0</coordinates></LineString></Placemark>
<Placemark><name>12147863</name><styleUrl>#styleDaimonCIRCUITO34TRECHO</styleUrl><LineString><coordinates>-49.576347,-13.060489,0 -49.576316,-13.060473,0</coordinates></LineString></Placemark>
<Placemark><name>2747876</name><styleUrl>#styleDaimonCIRCUITO34TRECHO</styleUrl><LineString><coordinates>-49.593633,-13.078065,0 -49.594947,-13.077419,0</coordinates></LineString></Placemark>
<Placemark><name>3519431</name><styleUrl>#styleDaimonCIRCUITO34TRECHO</styleUrl><LineString><coordinates>-49.594105,-13.078887,0 -49.594681,-13.079895,0</coordinates></LineString></Placemark>
<Placemark><name>3522569</name><styleUrl>#styleDaimonCIRCUITO34TRECHO</styleUrl><LineString><coordinates>-49.576316,-13.060473,0 -49.575141,-13.059690,0</coordinates></LineString></Placemark>
<Placemark><name>3519430</name><styleUrl>#styleDaimonCIRCUITO34TRECHO</styleUrl><LineString><coordinates>-49.594947,-13.077419,0 -49.596362,-13.076731,0</coordinates></LineString></Placemark>
<Placemark><name>12147955</name><styleUrl>#styleDaimonCIRCUITO34TRECHO</styleUrl><LineString><coordinates>-49.594681,-13.079895,0 -49.594703,-13.079923,0</coordinates></LineString></Placemark>
<Placemark><name>3522567</name><styleUrl>#styleDaimonCIRCUITO34TRECHO</styleUrl><LineString><coordinates>-49.575141,-13.059690,0 -49.573931,-13.058890,0</coordinates></LineString></Placemark>
<Placemark><name>3520515</name><styleUrl>#styleDaimonCIRCUITO34TRECHO</styleUrl><LineString><coordinates>-49.596362,-13.076731,0 -49.597694,-13.076075,0</coordinates></LineString></Placemark>
<Placemark><name>3519671</name><styleUrl>#styleDaimonCIRCUITO34TRECHO</styleUrl><LineString><coordinates>-49.594703,-13.079923,0 -49.595679,-13.080894,0</coordinates></LineString></Placemark>
<Placemark><name>3522566</name><styleUrl>#styleDaimonCIRCUITO34TRECHO</styleUrl><LineString><coordinates>-49.573931,-13.058890,0 -49.572219,-13.057656,0</coordinates></LineString></Placemark>
<Placemark><name>3519672</name><styleUrl>#styleDaimonCIRCUITO34TRECHO</styleUrl><LineString><coordinates>-49.595679,-13.080894,0 -49.596689,-13.081894,0</coordinates></LineString></Placemark>
<Placemark><name>3522572</name><styleUrl>#styleDaimonCIRCUITO34TRECHO</styleUrl><LineString><coordinates>-49.572219,-13.057656,0 -49.571368,-13.057201,0</coordinates></LineString></Placemark>
<Placemark><name>3519670</name><styleUrl>#styleDaimonCIRCUITO34TRECHO</styleUrl><LineString><coordinates>-49.596689,-13.081894,0 -49.597648,-13.082866,0</coordinates></LineString></Placemark>
<Placemark><name>12148200</name><styleUrl>#styleDaimonCIRCUITO34TRECHO</styleUrl><LineString><coordinates>-49.571368,-13.057201,0 -49.571334,-13.057188,0</coordinates></LineString></Placemark>
<Placemark><name>3519669</name><styleUrl>#styleDaimonCIRCUITO34TRECHO</styleUrl><LineString><coordinates>-49.597648,-13.082866,0 -49.598659,-13.083854,0</coordinates></LineString></Placemark>
<Placemark><name>3522571</name><styleUrl>#styleDaimonCIRCUITO34TRECHO</styleUrl><LineString><coordinates>-49.571334,-13.057188,0 -49.570042,-13.056772,0</coordinates></LineString></Placemark>
<Placemark><name>3519668</name><styleUrl>#styleDaimonCIRCUITO34TRECHO</styleUrl><LineString><coordinates>-49.598659,-13.083854,0 -49.599714,-13.084860,0</coordinates></LineString></Placemark>
<Placemark><name>3520255</name><styleUrl>#styleDaimonCIRCUITO34TRECHO</styleUrl><LineString><coordinates>-49.570042,-13.056772,0 -49.568761,-13.056387,0</coordinates></LineString></Placemark>
<Placemark><name>12156642</name><styleUrl>#styleDaimonCIRCUITO34TRECHO</styleUrl><LineString><coordinates>-49.599714,-13.084860,0 -49.599683,-13.084871,0</coordinates></LineString></Placemark>
<Placemark><name>3519667</name><styleUrl>#styleDaimonCIRCUITO34TRECHO</styleUrl><LineString><coordinates>-49.599714,-13.084860,0 -49.600594,-13.085755,0</coordinates></LineString></Placemark>
<Placemark><name>3520256</name><styleUrl>#styleDaimonCIRCUITO34TRECHO</styleUrl><LineString><coordinates>-49.568761,-13.056387,0 -49.567267,-13.055920,0</coordinates></LineString></Placemark>
<Placemark><name>3640512</name><styleUrl>#styleDaimonCIRCUITO34TRECHO</styleUrl><LineString><coordinates>-49.599683,-13.084871,0 -49.599623,-13.084895,0</coordinates></LineString></Placemark>
<Placemark><name>3519673</name><styleUrl>#styleDaimonCIRCUITO34TRECHO</styleUrl><LineString><coordinates>-49.600594,-13.085755,0 -49.601603,-13.086750,0</coordinates></LineString></Placemark>
<Placemark><name>3520254</name><styleUrl>#styleDaimonCIRCUITO34TRECHO</styleUrl><LineString><coordinates>-49.567267,-13.055920,0 -49.565925,-13.055497,0</coordinates></LineString></Placemark>
<Placemark><name>12147956</name><styleUrl>#styleDaimonCIRCUITO34TRECHO</styleUrl><LineString><coordinates>-49.601603,-13.086750,0 -49.601633,-13.086778,0</coordinates></LineString></Placemark>
<Placemark><name>3520253</name><styleUrl>#styleDaimonCIRCUITO34TRECHO</styleUrl><LineString><coordinates>-49.565925,-13.055497,0 -49.564630,-13.055094,0</coordinates></LineString></Placemark>
<Placemark><name>3519666</name><styleUrl>#styleDaimonCIRCUITO34TRECHO</styleUrl><LineString><coordinates>-49.601633,-13.086778,0 -49.602504,-13.087657,0</coordinates></LineString></Placemark>
<Placemark><name>2747873</name><styleUrl>#styleDaimonCIRCUITO34TRECHO</styleUrl><LineString><coordinates>-49.564630,-13.055094,0 -49.563229,-13.054999,0</coordinates></LineString></Placemark>
<Placemark><name>12147957</name><styleUrl>#styleDaimonCIRCUITO34TRECHO</styleUrl><LineString><coordinates>-49.602504,-13.087657,0 -49.602491,-13.087670,0</coordinates></LineString></Placemark>
<Placemark><name>3519674</name><styleUrl>#styleDaimonCIRCUITO34TRECHO</styleUrl><LineString><coordinates>-49.602504,-13.087657,0 -49.603427,-13.088565,0</coordinates></LineString></Placemark>
<Placemark><name>3520252</name><styleUrl>#styleDaimonCIRCUITO34TRECHO</styleUrl><LineString><coordinates>-49.563229,-13.054999,0 -49.561905,-13.054907,0</coordinates></LineString></Placemark>
<Placemark><name>3519675</name><styleUrl>#styleDaimonCIRCUITO34TRECHO</styleUrl><LineString><coordinates>-49.602491,-13.087670,0 -49.601723,-13.088403,0</coordinates></LineString></Placemark>
<Placemark><name>3519679</name><styleUrl>#styleDaimonCIRCUITO34TRECHO</styleUrl><LineString><coordinates>-49.603427,-13.088565,0 -49.604130,-13.089298,0</coordinates></LineString></Placemark>
<Placemark><name>3520251</name><styleUrl>#styleDaimonCIRCUITO34TRECHO</styleUrl><LineString><coordinates>-49.561905,-13.054907,0 -49.560513,-13.054783,0</coordinates></LineString></Placemark>
<Placemark><name>3519676</name><styleUrl>#styleDaimonCIRCUITO34TRECHO</styleUrl><LineString><coordinates>-49.601723,-13.088403,0 -49.601006,-13.089033,0</coordinates></LineString></Placemark>
<Placemark><name>12147959</name><styleUrl>#styleDaimonCIRCUITO34TRECHO</styleUrl><LineString><coordinates>-49.604130,-13.089298,0 -49.604154,-13.089325,0</coordinates></LineString></Placemark>
<Placemark><name>3520250</name><styleUrl>#styleDaimonCIRCUITO34TRECHO</styleUrl><LineString><coordinates>-49.560513,-13.054783,0 -49.559221,-13.054657,0</coordinates></LineString></Placemark>
<Placemark><name>3519677</name><styleUrl>#styleDaimonCIRCUITO34TRECHO</styleUrl><LineString><coordinates>-49.601006,-13.089033,0 -49.600161,-13.089803,0</coordinates></LineString></Placemark>
<Placemark><name>3519928</name><styleUrl>#styleDaimonCIRCUITO34TRECHO</styleUrl><LineString><coordinates>-49.604154,-13.089325,0 -49.604936,-13.090374,0</coordinates></LineString></Placemark>
<Placemark><name>3520249</name><styleUrl>#styleDaimonCIRCUITO34TRECHO</styleUrl><LineString><coordinates>-49.559221,-13.054657,0 -49.557654,-13.054538,0</coordinates></LineString></Placemark>
<Placemark><name>12147958</name><styleUrl>#styleDaimonCIRCUITO34TRECHO</styleUrl><LineString><coordinates>-49.600161,-13.089803,0 -49.600145,-13.089838,0</coordinates></LineString></Placemark>
<Placemark><name>3519929</name><styleUrl>#styleDaimonCIRCUITO34TRECHO</styleUrl><LineString><coordinates>-49.604936,-13.090374,0 -49.605814,-13.091494,0</coordinates></LineString></Placemark>
<Placemark><name>3520248</name><styleUrl>#styleDaimonCIRCUITO34TRECHO</styleUrl><LineString><coordinates>-49.557654,-13.054538,0 -49.556361,-13.054436,0</coordinates></LineString></Placemark>
<Placemark><name>3519678</name><styleUrl>#styleDaimonCIRCUITO34TRECHO</styleUrl><LineString><coordinates>-49.600145,-13.089838,0 -49.600101,-13.090612,0</coordinates></LineString></Placemark>
<Placemark><name>3519927</name><styleUrl>#styleDaimonCIRCUITO34TRECHO</styleUrl><LineString><coordinates>-49.605814,-13.091494,0 -49.606623,-13.092608,0</coordinates></LineString></Placemark>
<Placemark><name>12148201</name><styleUrl>#styleDaimonCIRCUITO34TRECHO</styleUrl><LineString><coordinates>-49.556361,-13.054436,0 -49.556327,-13.054448,0</coordinates></LineString></Placemark>
<Placemark><name>3519683</name><styleUrl>#styleDaimonCIRCUITO34TRECHO</styleUrl><LineString><coordinates>-49.606623,-13.092608,0 -49.607415,-13.093680,0</coordinates></LineString></Placemark>
<Placemark><name>3520259</name><styleUrl>#styleDaimonCIRCUITO34TRECHO</styleUrl><LineString><coordinates>-49.556327,-13.054448,0 -49.555293,-13.055281,0</coordinates></LineString></Placemark>
<Placemark><name>3519682</name><styleUrl>#styleDaimonCIRCUITO34TRECHO</styleUrl><LineString><coordinates>-49.607415,-13.093680,0 -49.608224,-13.094732,0</coordinates></LineString></Placemark>
<Placemark><name>3520260</name><styleUrl>#styleDaimonCIRCUITO34TRECHO</styleUrl><LineString><coordinates>-49.555293,-13.055281,0 -49.554226,-13.056201,0</coordinates></LineString></Placemark>
<Placemark><name>3519681</name><styleUrl>#styleDaimonCIRCUITO34TRECHO</styleUrl><LineString><coordinates>-49.608224,-13.094732,0 -49.609076,-13.095809,0</coordinates></LineString></Placemark>
<Placemark><name>3520258</name><styleUrl>#styleDaimonCIRCUITO34TRECHO</styleUrl><LineString><coordinates>-49.554226,-13.056201,0 -49.553234,-13.057007,0</coordinates></LineString></Placemark>
<Placemark><name>3519680</name><styleUrl>#styleDaimonCIRCUITO34TRECHO</styleUrl><LineString><coordinates>-49.609076,-13.095809,0 -49.609875,-13.096891,0</coordinates></LineString></Placemark>
<Placemark><name>2747874</name><styleUrl>#styleDaimonCIRCUITO34TRECHO</styleUrl><LineString><coordinates>-49.553234,-13.057007,0 -49.552530,-13.057589,0</coordinates></LineString></Placemark>
<Placemark><name>3519930</name><styleUrl>#styleDaimonCIRCUITO34TRECHO</styleUrl><LineString><coordinates>-49.609875,-13.096891,0 -49.610427,-13.097626,0</coordinates></LineString></Placemark>
<Placemark><name>3520257</name><styleUrl>#styleDaimonCIRCUITO34TRECHO</styleUrl><LineString><coordinates>-49.552530,-13.057589,0 -49.551624,-13.058337,0</coordinates></LineString></Placemark>
<Placemark><name>12147960</name><styleUrl>#styleDaimonCIRCUITO34TRECHO</styleUrl><LineString><coordinates>-49.610427,-13.097626,0 -49.610441,-13.097659,0</coordinates></LineString></Placemark>
<Placemark><name>12148202</name><styleUrl>#styleDaimonCIRCUITO34TRECHO</styleUrl><LineString><coordinates>-49.551624,-13.058337,0 -49.551609,-13.058370,0</coordinates></LineString></Placemark>
<Placemark><name>3519931</name><styleUrl>#styleDaimonCIRCUITO34TRECHO</styleUrl><LineString><coordinates>-49.610441,-13.097659,0 -49.610459,-13.098600,0</coordinates></LineString></Placemark>
<Placemark><name>3520261</name><styleUrl>#styleDaimonCIRCUITO34TRECHO</styleUrl><LineString><coordinates>-49.551609,-13.058370,0 -49.551441,-13.059742,0</coordinates></LineString></Placemark>
<Placemark><name>3519932</name><styleUrl>#styleDaimonCIRCUITO34TRECHO</styleUrl><LineString><coordinates>-49.610459,-13.098600,0 -49.610454,-13.099398,0</coordinates></LineString></Placemark>
<Placemark><name>2475095</name><styleUrl>#styleDaimonCIRCUITO34TRECHO</styleUrl><LineString><coordinates>-49.674710,-13.037406,0 -49.674353,-13.037552,0</coordinates></LineString></Placemark>
<Placemark><name>3050986</name><styleUrl>#styleDaimonCIRCUITO34TRECHO</styleUrl><LineString><coordinates>-49.659127,-13.018141,0 -49.658511,-13.017822,0</coordinates></LineString></Placemark>
<Placemark><name>2747879</name><styleUrl>#styleDaimonCIRCUITO34TRECHO</styleUrl><LineString><coordinates>-49.658511,-13.017822,0 -49.657847,-13.017544,0</coordinates></LineString></Placemark>
<Placemark><name>3050779</name><styleUrl>#styleDaimonCIRCUITO34TRECHO</styleUrl><LineString><coordinates>-49.657847,-13.017544,0 -49.657332,-13.017319,0</coordinates></LineString></Placemark>
<Placemark><name>12104447</name><styleUrl>#styleDaimonCIRCUITO34TRECHO</styleUrl><LineString><coordinates>-49.657332,-13.017319,0 -49.657315,-13.017304,0</coordinates></LineString></Placemark>
<Placemark><name>3050987</name><styleUrl>#styleDaimonCIRCUITO34TRECHO</styleUrl><LineString><coordinates>-49.657315,-13.017304,0 -49.657304,-13.016382,0</coordinates></LineString></Placemark>
<Placemark><name>3050988</name><styleUrl>#styleDaimonCIRCUITO34TRECHO</styleUrl><LineString><coordinates>-49.657304,-13.016382,0 -49.657316,-13.015463,0</coordinates></LineString></Placemark>
<Placemark><name>3051140</name><styleUrl>#styleDaimonCIRCUITO34TRECHO</styleUrl><LineString><coordinates>-49.657316,-13.015463,0 -49.657294,-13.014564,0</coordinates></LineString></Placemark>
<Placemark><name>3051141</name><styleUrl>#styleDaimonCIRCUITO34TRECHO</styleUrl><LineString><coordinates>-49.657294,-13.014564,0 -49.657315,-13.013640,0</coordinates></LineString></Placemark>
<Placemark><name>3051142</name><styleUrl>#styleDaimonCIRCUITO34TRECHO</styleUrl><LineString><coordinates>-49.657315,-13.013640,0 -49.657295,-13.012796,0</coordinates></LineString></Placemark>
<Placemark><name>3051143</name><styleUrl>#styleDaimonCIRCUITO34TRECHO</styleUrl><LineString><coordinates>-49.657295,-13.012796,0 -49.657242,-13.011896,0</coordinates></LineString></Placemark>
<Placemark><name>3051144</name><styleUrl>#styleDaimonCIRCUITO34TRECHO</styleUrl><LineString><coordinates>-49.657242,-13.011896,0 -49.657185,-13.010973,0</coordinates></LineString></Placemark>
<Placemark><name>3051145</name><styleUrl>#styleDaimonCIRCUITO34TRECHO</styleUrl><LineString><coordinates>-49.657185,-13.010973,0 -49.657178,-13.010066,0</coordinates></LineString></Placemark>
<Placemark><name>3051146</name><styleUrl>#styleDaimonCIRCUITO34TRECHO</styleUrl><LineString><coordinates>-49.657178,-13.010066,0 -49.657153,-13.009156,0</coordinates></LineString></Placemark>
<Placemark><name>3051147</name><styleUrl>#styleDaimonCIRCUITO34TRECHO</styleUrl><LineString><coordinates>-49.657153,-13.009156,0 -49.657154,-13.008289,0</coordinates></LineString></Placemark>
<Placemark><name>12104449</name><styleUrl>#styleDaimonCIRCUITO34TRECHO</styleUrl><LineString><coordinates>-49.657154,-13.008289,0 -49.657137,-13.008273,0</coordinates></LineString></Placemark>
<Placemark><name>3051467</name><styleUrl>#styleDaimonCIRCUITO34TRECHO</styleUrl><LineString><coordinates>-49.657137,-13.008273,0 -49.656272,-13.007982,0</coordinates></LineString></Placemark>
<Placemark><name>3051466</name><styleUrl>#styleDaimonCIRCUITO34TRECHO</styleUrl><LineString><coordinates>-49.656272,-13.007982,0 -49.655390,-13.007681,0</coordinates></LineString></Placemark>
<Placemark><name>3051330</name><styleUrl>#styleDaimonCIRCUITO34TRECHO</styleUrl><LineString><coordinates>-49.655390,-13.007681,0 -49.654523,-13.007384,0</coordinates></LineString></Placemark>
<Placemark><name>3051329</name><styleUrl>#styleDaimonCIRCUITO34TRECHO</styleUrl><LineString><coordinates>-49.654523,-13.007384,0 -49.653649,-13.007091,0</coordinates></LineString></Placemark>
<Placemark><name>3051328</name><styleUrl>#styleDaimonCIRCUITO34TRECHO</styleUrl><LineString><coordinates>-49.653649,-13.007091,0 -49.652761,-13.006790,0</coordinates></LineString></Placemark>
<Placemark><name>3051327</name><styleUrl>#styleDaimonCIRCUITO34TRECHO</styleUrl><LineString><coordinates>-49.652761,-13.006790,0 -49.651889,-13.006490,0</coordinates></LineString></Placemark>
<Placemark><name>3051326</name><styleUrl>#styleDaimonCIRCUITO34TRECHO</styleUrl><LineString><coordinates>-49.651889,-13.006490,0 -49.651017,-13.006198,0</coordinates></LineString></Placemark>
<Placemark><name>3051325</name><styleUrl>#styleDaimonCIRCUITO34TRECHO</styleUrl><LineString><coordinates>-49.651017,-13.006198,0 -49.650131,-13.005900,0</coordinates></LineString></Placemark>
<Placemark><name>3051324</name><styleUrl>#styleDaimonCIRCUITO34TRECHO</styleUrl><LineString><coordinates>-49.650131,-13.005900,0 -49.649261,-13.005601,0</coordinates></LineString></Placemark>
<Placemark><name>3051323</name><styleUrl>#styleDaimonCIRCUITO34TRECHO</styleUrl><LineString><coordinates>-49.649261,-13.005601,0 -49.648376,-13.005305,0</coordinates></LineString></Placemark>
<Placemark><name>3051322</name><styleUrl>#styleDaimonCIRCUITO34TRECHO</styleUrl><LineString><coordinates>-49.648376,-13.005305,0 -49.647509,-13.005007,0</coordinates></LineString></Placemark>
<Placemark><name>3051321</name><styleUrl>#styleDaimonCIRCUITO34TRECHO</styleUrl><LineString><coordinates>-49.647509,-13.005007,0 -49.646621,-13.004707,0</coordinates></LineString></Placemark>
<Placemark><name>3051320</name><styleUrl>#styleDaimonCIRCUITO34TRECHO</styleUrl><LineString><coordinates>-49.646621,-13.004707,0 -49.645744,-13.004412,0</coordinates></LineString></Placemark>
<Placemark><name>3051319</name><styleUrl>#styleDaimonCIRCUITO34TRECHO</styleUrl><LineString><coordinates>-49.645744,-13.004412,0 -49.644874,-13.004116,0</coordinates></LineString></Placemark>
<Placemark><name>3051318</name><styleUrl>#styleDaimonCIRCUITO34TRECHO</styleUrl><LineString><coordinates>-49.644874,-13.004116,0 -49.644007,-13.003823,0</coordinates></LineString></Placemark>
<Placemark><name>3051317</name><styleUrl>#styleDaimonCIRCUITO34TRECHO</styleUrl><LineString><coordinates>-49.644007,-13.003823,0 -49.643111,-13.003520,0</coordinates></LineString></Placemark>
<Placemark><name>3051316</name><styleUrl>#styleDaimonCIRCUITO34TRECHO</styleUrl><LineString><coordinates>-49.643111,-13.003520,0 -49.642241,-13.003224,0</coordinates></LineString></Placemark>
<Placemark><name>12104450</name><styleUrl>#styleDaimonCIRCUITO34TRECHO</styleUrl><LineString><coordinates>-49.642241,-13.003224,0 -49.642214,-13.003215,0</coordinates></LineString></Placemark>
<Placemark><name>3051315</name><styleUrl>#styleDaimonCIRCUITO34TRECHO</styleUrl><LineString><coordinates>-49.642214,-13.003215,0 -49.641343,-13.002921,0</coordinates></LineString></Placemark>
<Placemark><name>3051314</name><styleUrl>#styleDaimonCIRCUITO34TRECHO</styleUrl><LineString><coordinates>-49.641343,-13.002921,0 -49.640478,-13.002626,0</coordinates></LineString></Placemark>
<Placemark><name>3051313</name><styleUrl>#styleDaimonCIRCUITO34TRECHO</styleUrl><LineString><coordinates>-49.640478,-13.002626,0 -49.639623,-13.002339,0</coordinates></LineString></Placemark>
<Placemark><name>3051157</name><styleUrl>#styleDaimonCIRCUITO34TRECHO</styleUrl><LineString><coordinates>-49.639623,-13.002339,0 -49.638708,-13.002024,0</coordinates></LineString></Placemark>
<Placemark><name>3051156</name><styleUrl>#styleDaimonCIRCUITO34TRECHO</styleUrl><LineString><coordinates>-49.638708,-13.002024,0 -49.637815,-13.001723,0</coordinates></LineString></Placemark>
<Placemark><name>3051155</name><styleUrl>#styleDaimonCIRCUITO34TRECHO</styleUrl><LineString><coordinates>-49.637815,-13.001723,0 -49.636940,-13.001427,0</coordinates></LineString></Placemark>
<Placemark><name>3051154</name><styleUrl>#styleDaimonCIRCUITO34TRECHO</styleUrl><LineString><coordinates>-49.636940,-13.001427,0 -49.636068,-13.001135,0</coordinates></LineString></Placemark>
<Placemark><name>3051153</name><styleUrl>#styleDaimonCIRCUITO34TRECHO</styleUrl><LineString><coordinates>-49.636068,-13.001135,0 -49.635182,-13.000830,0</coordinates></LineString></Placemark>
<Placemark><name>3051152</name><styleUrl>#styleDaimonCIRCUITO34TRECHO</styleUrl><LineString><coordinates>-49.635182,-13.000830,0 -49.634312,-13.000538,0</coordinates></LineString></Placemark>
<Placemark><name>3051151</name><styleUrl>#styleDaimonCIRCUITO34TRECHO</styleUrl><LineString><coordinates>-49.634312,-13.000538,0 -49.633447,-13.000247,0</coordinates></LineString></Placemark>
<Placemark><name>3051150</name><styleUrl>#styleDaimonCIRCUITO34TRECHO</styleUrl><LineString><coordinates>-49.633447,-13.000247,0 -49.632578,-12.999947,0</coordinates></LineString></Placemark>
<Placemark><name>2747880</name><styleUrl>#styleDaimonCIRCUITO34TRECHO</styleUrl><LineString><coordinates>-49.632578,-12.999947,0 -49.631708,-12.999655,0</coordinates></LineString></Placemark>
<Placemark><name>3051149</name><styleUrl>#styleDaimonCIRCUITO34TRECHO</styleUrl><LineString><coordinates>-49.631708,-12.999655,0 -49.630857,-12.999357,0</coordinates></LineString></Placemark>
<Placemark><name>3051148</name><styleUrl>#styleDaimonCIRCUITO34TRECHO</styleUrl><LineString><coordinates>-49.630857,-12.999357,0 -49.630067,-12.999087,0</coordinates></LineString></Placemark>
<Placemark><name>3051469</name><styleUrl>#styleDaimonCIRCUITO34TRECHO</styleUrl><LineString><coordinates>-49.630067,-12.999087,0 -49.629213,-12.998720,0</coordinates></LineString></Placemark>
<Placemark><name>3051468</name><styleUrl>#styleDaimonCIRCUITO34TRECHO</styleUrl><LineString><coordinates>-49.629213,-12.998720,0 -49.628358,-12.998353,0</coordinates></LineString></Placemark>
<Placemark><name>12108131</name><styleUrl>#styleDaimonCIRCUITO34TRECHO</styleUrl><LineString><coordinates>-49.628358,-12.998353,0 -49.628333,-12.998341,0</coordinates></LineString></Placemark>
<Placemark><name>3051474</name><styleUrl>#styleDaimonCIRCUITO34TRECHO</styleUrl><LineString><coordinates>-49.628333,-12.998341,0 -49.627773,-12.997641,0</coordinates></LineString></Placemark>
<Placemark><name>3051473</name><styleUrl>#styleDaimonCIRCUITO34TRECHO</styleUrl><LineString><coordinates>-49.627773,-12.997641,0 -49.627208,-12.996933,0</coordinates></LineString></Placemark>
<Placemark><name>3051472</name><styleUrl>#styleDaimonCIRCUITO34TRECHO</styleUrl><LineString><coordinates>-49.627208,-12.996933,0 -49.626638,-12.996219,0</coordinates></LineString></Placemark>
<Placemark><name>3051471</name><styleUrl>#styleDaimonCIRCUITO34TRECHO</styleUrl><LineString><coordinates>-49.626638,-12.996219,0 -49.626207,-12.995699,0</coordinates></LineString></Placemark>
<Placemark><name>3051470</name><styleUrl>#styleDaimonCIRCUITO34TRECHO</styleUrl><LineString><coordinates>-49.626207,-12.995699,0 -49.625812,-12.995204,0</coordinates></LineString></Placemark>
<Placemark><name>12093918</name><styleUrl>#styleDaimonCIRCUITO34TRECHO</styleUrl><LineString><coordinates>-49.625812,-12.995204,0 -49.625786,-12.995189,0</coordinates></LineString></Placemark>
<Placemark><name>3051476</name><styleUrl>#styleDaimonCIRCUITO34TRECHO</styleUrl><LineString><coordinates>-49.625786,-12.995189,0 -49.625235,-12.994891,0</coordinates></LineString></Placemark>
<Placemark><name>3051475</name><styleUrl>#styleDaimonCIRCUITO34TRECHO</styleUrl><LineString><coordinates>-49.625235,-12.994891,0 -49.624642,-12.994593,0</coordinates></LineString></Placemark>
<Placemark><name>12104451</name><styleUrl>#styleDaimonCIRCUITO34TRECHO</styleUrl><LineString><coordinates>-49.624642,-12.994593,0 -49.624615,-12.994577,0</coordinates></LineString></Placemark>
<Placemark><name>3051477</name><styleUrl>#styleDaimonCIRCUITO34TRECHO</styleUrl><LineString><coordinates>-49.624615,-12.994577,0 -49.623711,-12.994470,0</coordinates></LineString></Placemark>
<Placemark><name>3051478</name><styleUrl>#styleDaimonCIRCUITO34TRECHO</styleUrl><LineString><coordinates>-49.623711,-12.994470,0 -49.622812,-12.994368,0</coordinates></LineString></Placemark>
<Placemark><name>12104452</name><styleUrl>#styleDaimonCIRCUITO34TRECHO</styleUrl><LineString><coordinates>-49.622812,-12.994368,0 -49.622784,-12.994364,0</coordinates></LineString></Placemark>
<Placemark><name>3051481</name><styleUrl>#styleDaimonCIRCUITO34TRECHO</styleUrl><LineString><coordinates>-49.622784,-12.994364,0 -49.621960,-12.994824,0</coordinates></LineString></Placemark>
<Placemark><name>3051480</name><styleUrl>#styleDaimonCIRCUITO34TRECHO</styleUrl><LineString><coordinates>-49.621960,-12.994824,0 -49.621155,-12.995272,0</coordinates></LineString></Placemark>
<Placemark><name>3051479</name><styleUrl>#styleDaimonCIRCUITO34TRECHO</styleUrl><LineString><coordinates>-49.621155,-12.995272,0 -49.620359,-12.995716,0</coordinates></LineString></Placemark>
<Placemark><name>3522570</name><styleUrl>#styleDaimonCIRCUITO34TRECHO</styleUrl><LineString><coordinates>-49.572186,-13.057670,0 -49.571887,-13.057788,0</coordinates></LineString></Placemark>
<Placemark><name>3522565</name><styleUrl>#styleDaimonCIRCUITO34TRECHO</styleUrl><LineString><coordinates>-49.576781,-13.061554,0 -49.576149,-13.062247,0</coordinates></LineString></Placemark>
<Placemark><name>3522564</name><styleUrl>#styleDaimonCIRCUITO34TRECHO</styleUrl><LineString><coordinates>-49.577321,-13.061041,0 -49.576781,-13.061554,0</coordinates></LineString></Placemark>
<Placemark><name>2478276</name><styleUrl>#styleDaimonCIRCUITO34TRECHO</styleUrl><LineString><coordinates>-49.620251,-13.052509,0 -49.619781,-13.053437,0</coordinates></LineString></Placemark>
<Placemark><name>3252789</name><styleUrl>#styleDaimonCIRCUITO34TRECHO</styleUrl><LineString><coordinates>-49.653028,-13.049428,0 -49.653574,-13.049850,0</coordinates></LineString></Placemark>
<Placemark><name>2800359</name><styleUrl>#styleDaimonCIRCUITO34TRECHO</styleUrl><LineString><coordinates>-49.551443,-13.059836,0 -49.551462,-13.060675,0</coordinates></LineString></Placemark>
<Placemark><name>2800358</name><styleUrl>#styleDaimonCIRCUITO34TRECHO</styleUrl><LineString><coordinates>-49.610454,-13.099502,0 -49.610449,-13.100436,0</coordinates></LineString></Placemark>
<Placemark><name>3517015</name><styleUrl>#styleDaimonCIRCUITO34TRECHO</styleUrl><LineString><coordinates>-49.618029,-13.039825,0 -49.617344,-13.039108,0</coordinates></LineString></Placemark>
<Placemark><name>2800355</name><styleUrl>#styleDaimonCIRCUITO34TRECHO</styleUrl><LineString><coordinates>-49.600442,-13.059850,0 -49.600902,-13.059206,0</coordinates></LineString></Placemark>
<Placemark><name>3640309</name><styleUrl>#styleDaimonCIRCUITO34TRECHO</styleUrl><LineString><coordinates>-49.599549,-13.084953,0 -49.598884,-13.085466,0</coordinates></LineString></Placemark>
<Placemark><name>3640740</name><styleUrl>#styleDaimonCIRCUITO34TRECHO</styleUrl><LineString><coordinates>-49.598884,-13.085466,0 -49.597724,-13.086360,0</coordinates></LineString></Placemark>
<Placemark><name>3640312</name><styleUrl>#styleDaimonCIRCUITO34TRECHO</styleUrl><LineString><coordinates>-49.597724,-13.086360,0 -49.596891,-13.087042,0</coordinates></LineString></Placemark>
<Placemark><name>3640728</name><styleUrl>#styleDaimonCIRCUITO34TRECHO</styleUrl><LineString><coordinates>-49.596891,-13.087042,0 -49.596106,-13.087639,0</coordinates></LineString></Placemark>
<Placemark><name>3640320</name><styleUrl>#styleDaimonCIRCUITO34TRECHO</styleUrl><LineString><coordinates>-49.596106,-13.087639,0 -49.595553,-13.088073,0</coordinates></LineString></Placemark>
<Placemark><name>3643502</name><styleUrl>#styleDaimonCIRCUITO34TRECHO</styleUrl><LineString><coordinates>-49.595553,-13.088073,0 -49.594975,-13.088525,0</coordinates></LineString></Placemark>
<Placemark><name>3640513</name><styleUrl>#styleDaimonCIRCUITO34TRECHO</styleUrl><LineString><coordinates>-49.594975,-13.088525,0 -49.594555,-13.088909,0</coordinates></LineString></Placemark>
<Placemark><name>3640741</name><styleUrl>#styleDaimonCIRCUITO34TRECHO</styleUrl><LineString><coordinates>-49.594555,-13.088909,0 -49.593997,-13.089324,0</coordinates></LineString></Placemark>
<Placemark><name>12156645</name><styleUrl>#styleDaimonCIRCUITO34TRECHO</styleUrl><LineString><coordinates>-49.593997,-13.089324,0 -49.593971,-13.089345,0</coordinates></LineString></Placemark>
<Placemark><name>3640521</name><styleUrl>#styleDaimonCIRCUITO34TRECHO</styleUrl><LineString><coordinates>-49.593971,-13.089345,0 -49.593168,-13.090036,0</coordinates></LineString></Placemark>
<Placemark><name>3640729</name><styleUrl>#styleDaimonCIRCUITO34TRECHO</styleUrl><LineString><coordinates>-49.593168,-13.090036,0 -49.592476,-13.090613,0</coordinates></LineString></Placemark>
<Placemark><name>12156652</name><styleUrl>#styleDaimonCIRCUITO34TRECHO</styleUrl><LineString><coordinates>-49.592476,-13.090613,0 -49.592449,-13.090632,0</coordinates></LineString></Placemark>
<Placemark><name>3640749</name><styleUrl>#styleDaimonCIRCUITO34TRECHO</styleUrl><LineString><coordinates>-49.592449,-13.090632,0 -49.591725,-13.091195,0</coordinates></LineString></Placemark>
<Placemark><name>3640313</name><styleUrl>#styleDaimonCIRCUITO34TRECHO</styleUrl><LineString><coordinates>-49.591725,-13.091195,0 -49.590975,-13.091784,0</coordinates></LineString></Placemark>
<Placemark><name>3640321</name><styleUrl>#styleDaimonCIRCUITO34TRECHO</styleUrl><LineString><coordinates>-49.590975,-13.091784,0 -49.590263,-13.092370,0</coordinates></LineString></Placemark>
<Placemark><name>3643503</name><styleUrl>#styleDaimonCIRCUITO34TRECHO</styleUrl><LineString><coordinates>-49.590263,-13.092370,0 -49.589553,-13.092927,0</coordinates></LineString></Placemark>
<Placemark><name>3640514</name><styleUrl>#styleDaimonCIRCUITO34TRECHO</styleUrl><LineString><coordinates>-49.589553,-13.092927,0 -49.588818,-13.093509,0</coordinates></LineString></Placemark>
<Placemark><name>3640742</name><styleUrl>#styleDaimonCIRCUITO34TRECHO</styleUrl><LineString><coordinates>-49.588818,-13.093509,0 -49.588116,-13.094065,0</coordinates></LineString></Placemark>
<Placemark><name>3640314</name><styleUrl>#styleDaimonCIRCUITO34TRECHO</styleUrl><LineString><coordinates>-49.588116,-13.094065,0 -49.587387,-13.094624,0</coordinates></LineString></Placemark>
<Placemark><name>3640730</name><styleUrl>#styleDaimonCIRCUITO34TRECHO</styleUrl><LineString><coordinates>-49.587387,-13.094624,0 -49.586609,-13.095251,0</coordinates></LineString></Placemark>
<Placemark><name>3640322</name><styleUrl>#styleDaimonCIRCUITO34TRECHO</styleUrl><LineString><coordinates>-49.586609,-13.095251,0 -49.585920,-13.095845,0</coordinates></LineString></Placemark>
<Placemark><name>3643504</name><styleUrl>#styleDaimonCIRCUITO34TRECHO</styleUrl><LineString><coordinates>-49.585920,-13.095845,0 -49.585229,-13.096455,0</coordinates></LineString></Placemark>
<Placemark><name>12156647</name><styleUrl>#styleDaimonCIRCUITO34TRECHO</styleUrl><LineString><coordinates>-49.585229,-13.096455,0 -49.585208,-13.096479,0</coordinates></LineString></Placemark>
<Placemark><name>3640737</name><styleUrl>#styleDaimonCIRCUITO34TRECHO</styleUrl><LineString><coordinates>-49.585208,-13.096479,0 -49.584768,-13.097754,0</coordinates></LineString></Placemark>
<Placemark><name>3640515</name><styleUrl>#styleDaimonCIRCUITO34TRECHO</styleUrl><LineString><coordinates>-49.584768,-13.097754,0 -49.584477,-13.098568,0</coordinates></LineString></Placemark>
<Placemark><name>3640743</name><styleUrl>#styleDaimonCIRCUITO34TRECHO</styleUrl><LineString><coordinates>-49.584477,-13.098568,0 -49.584179,-13.099621,0</coordinates></LineString></Placemark>
<Placemark><name>3640731</name><styleUrl>#styleDaimonCIRCUITO34TRECHO</styleUrl><LineString><coordinates>-49.584179,-13.099621,0 -49.583798,-13.100724,0</coordinates></LineString></Placemark>
<Placemark><name>3640504</name><styleUrl>#styleDaimonCIRCUITO34TRECHO</styleUrl><LineString><coordinates>-49.583798,-13.100724,0 -49.583526,-13.101600,0</coordinates></LineString></Placemark>
<Placemark><name>3640516</name><styleUrl>#styleDaimonCIRCUITO34TRECHO</styleUrl><LineString><coordinates>-49.583526,-13.101600,0 -49.583042,-13.102526,0</coordinates></LineString></Placemark>
<Placemark><name>12156639</name><styleUrl>#styleDaimonCIRCUITO34TRECHO</styleUrl><LineString><coordinates>-49.583042,-13.102526,0 -49.583031,-13.102557,0</coordinates></LineString></Placemark>
<Placemark><name>3640318</name><styleUrl>#styleDaimonCIRCUITO34TRECHO</styleUrl><LineString><coordinates>-49.583031,-13.102557,0 -49.583200,-13.103240,0</coordinates></LineString></Placemark>
<Placemark><name>3643505</name><styleUrl>#styleDaimonCIRCUITO34TRECHO</styleUrl><LineString><coordinates>-49.583200,-13.103240,0 -49.583362,-13.104051,0</coordinates></LineString></Placemark>
<Placemark><name>3640744</name><styleUrl>#styleDaimonCIRCUITO34TRECHO</styleUrl><LineString><coordinates>-49.583362,-13.104051,0 -49.583537,-13.105036,0</coordinates></LineString></Placemark>
<Placemark><name>3640732</name><styleUrl>#styleDaimonCIRCUITO34TRECHO</styleUrl><LineString><coordinates>-49.583537,-13.105036,0 -49.583781,-13.105881,0</coordinates></LineString></Placemark>
<Placemark><name>3640505</name><styleUrl>#styleDaimonCIRCUITO34TRECHO</styleUrl><LineString><coordinates>-49.583781,-13.105881,0 -49.584032,-13.106762,0</coordinates></LineString></Placemark>
<Placemark><name>3640517</name><styleUrl>#styleDaimonCIRCUITO34TRECHO</styleUrl><LineString><coordinates>-49.584032,-13.106762,0 -49.584294,-13.107652,0</coordinates></LineString></Placemark>
<Placemark><name>3643506</name><styleUrl>#styleDaimonCIRCUITO34TRECHO</styleUrl><LineString><coordinates>-49.584294,-13.107652,0 -49.584561,-13.108555,0</coordinates></LineString></Placemark>
<Placemark><name>3640745</name><styleUrl>#styleDaimonCIRCUITO34TRECHO</styleUrl><LineString><coordinates>-49.584561,-13.108555,0 -49.584826,-13.109455,0</coordinates></LineString></Placemark>
<Placemark><name>3640733</name><styleUrl>#styleDaimonCIRCUITO34TRECHO</styleUrl><LineString><coordinates>-49.584826,-13.109455,0 -49.585202,-13.110369,0</coordinates></LineString></Placemark>
<Placemark><name>3640506</name><styleUrl>#styleDaimonCIRCUITO34TRECHO</styleUrl><LineString><coordinates>-49.585202,-13.110369,0 -49.585461,-13.110995,0</coordinates></LineString></Placemark>
<Placemark><name>3640306</name><styleUrl>#styleDaimonCIRCUITO34TRECHO</styleUrl><LineString><coordinates>-49.585461,-13.110995,0 -49.585747,-13.111629,0</coordinates></LineString></Placemark>
<Placemark><name>12156650</name><styleUrl>#styleDaimonCIRCUITO34TRECHO</styleUrl><LineString><coordinates>-49.585747,-13.111629,0 -49.585757,-13.111660,0</coordinates></LineString></Placemark>
<Placemark><name>3640510</name><styleUrl>#styleDaimonCIRCUITO34TRECHO</styleUrl><LineString><coordinates>-49.585757,-13.111660,0 -49.586055,-13.112620,0</coordinates></LineString></Placemark>
<Placemark><name>3640518</name><styleUrl>#styleDaimonCIRCUITO34TRECHO</styleUrl><LineString><coordinates>-49.586055,-13.112620,0 -49.586430,-13.113396,0</coordinates></LineString></Placemark>
<Placemark><name>12156643</name><styleUrl>#styleDaimonCIRCUITO34TRECHO</styleUrl><LineString><coordinates>-49.586430,-13.113396,0 -49.586446,-13.113424,0</coordinates></LineString></Placemark>
<Placemark><name>3640310</name><styleUrl>#styleDaimonCIRCUITO34TRECHO</styleUrl><LineString><coordinates>-49.586446,-13.113424,0 -49.586940,-13.114316,0</coordinates></LineString></Placemark>
<Placemark><name>12156646</name><styleUrl>#styleDaimonCIRCUITO34TRECHO</styleUrl><LineString><coordinates>-49.586940,-13.114316,0 -49.586954,-13.114347,0</coordinates></LineString></Placemark>
<Placemark><name>3640522</name><styleUrl>#styleDaimonCIRCUITO34TRECHO</styleUrl><LineString><coordinates>-49.586954,-13.114347,0 -49.586995,-13.114655,0</coordinates></LineString></Placemark>
<Placemark><name>12156648</name><styleUrl>#styleDaimonCIRCUITO34TRECHO</styleUrl><LineString><coordinates>-49.586995,-13.114655,0 -49.586999,-13.114688,0</coordinates></LineString></Placemark>
<Placemark><name>3640930</name><styleUrl>#styleDaimonCIRCUITO34TRECHO</styleUrl><LineString><coordinates>-49.586999,-13.114688,0 -49.587226,-13.115442,0</coordinates></LineString></Placemark>
<Placemark><name>3640734</name><styleUrl>#styleDaimonCIRCUITO34TRECHO</styleUrl><LineString><coordinates>-49.587226,-13.115442,0 -49.587506,-13.116330,0</coordinates></LineString></Placemark>
<Placemark><name>3640746</name><styleUrl>#styleDaimonCIRCUITO34TRECHO</styleUrl><LineString><coordinates>-49.587506,-13.116330,0 -49.587879,-13.117493,0</coordinates></LineString></Placemark>
<Placemark><name>3640315</name><styleUrl>#styleDaimonCIRCUITO34TRECHO</styleUrl><LineString><coordinates>-49.587879,-13.117493,0 -49.588155,-13.118428,0</coordinates></LineString></Placemark>
<Placemark><name>3640507</name><styleUrl>#styleDaimonCIRCUITO34TRECHO</styleUrl><LineString><coordinates>-49.588155,-13.118428,0 -49.588384,-13.119244,0</coordinates></LineString></Placemark>
<Placemark><name>12156640</name><styleUrl>#styleDaimonCIRCUITO34TRECHO</styleUrl><LineString><coordinates>-49.588384,-13.119244,0 -49.588400,-13.119273,0</coordinates></LineString></Placemark>
<Placemark><name>3640738</name><styleUrl>#styleDaimonCIRCUITO34TRECHO</styleUrl><LineString><coordinates>-49.588400,-13.119273,0 -49.589177,-13.120221,0</coordinates></LineString></Placemark>
<Placemark><name>3640307</name><styleUrl>#styleDaimonCIRCUITO34TRECHO</styleUrl><LineString><coordinates>-49.589177,-13.120221,0 -49.589876,-13.121141,0</coordinates></LineString></Placemark>
<Placemark><name>3640519</name><styleUrl>#styleDaimonCIRCUITO34TRECHO</styleUrl><LineString><coordinates>-49.589876,-13.121141,0 -49.590724,-13.121949,0</coordinates></LineString></Placemark>
<Placemark><name>12156651</name><styleUrl>#styleDaimonCIRCUITO34TRECHO</styleUrl><LineString><coordinates>-49.590724,-13.121949,0 -49.590738,-13.121978,0</coordinates></LineString></Placemark>
<Placemark><name>3640319</name><styleUrl>#styleDaimonCIRCUITO34TRECHO</styleUrl><LineString><coordinates>-49.590738,-13.121978,0 -49.590912,-13.122944,0</coordinates></LineString></Placemark>
<Placemark><name>3640735</name><styleUrl>#styleDaimonCIRCUITO34TRECHO</styleUrl><LineString><coordinates>-49.590912,-13.122944,0 -49.590987,-13.123881,0</coordinates></LineString></Placemark>
<Placemark><name>3640747</name><styleUrl>#styleDaimonCIRCUITO34TRECHO</styleUrl><LineString><coordinates>-49.590987,-13.123881,0 -49.591286,-13.124762,0</coordinates></LineString></Placemark>
<Placemark><name>12156653</name><styleUrl>#styleDaimonCIRCUITO34TRECHO</styleUrl><LineString><coordinates>-49.591286,-13.124762,0 -49.591308,-13.124786,0</coordinates></LineString></Placemark>
<Placemark><name>3640523</name><styleUrl>#styleDaimonCIRCUITO34TRECHO</styleUrl><LineString><coordinates>-49.591308,-13.124786,0 -49.592162,-13.125169,0</coordinates></LineString></Placemark>
<Placemark><name>3640316</name><styleUrl>#styleDaimonCIRCUITO34TRECHO</styleUrl><LineString><coordinates>-49.592162,-13.125169,0 -49.592632,-13.125536,0</coordinates></LineString></Placemark>
<Placemark><name>3640508</name><styleUrl>#styleDaimonCIRCUITO34TRECHO</styleUrl><LineString><coordinates>-49.592632,-13.125536,0 -49.593339,-13.126123,0</coordinates></LineString></Placemark>
<Placemark><name>3640308</name><styleUrl>#styleDaimonCIRCUITO34TRECHO</styleUrl><LineString><coordinates>-49.593339,-13.126123,0 -49.593807,-13.126860,0</coordinates></LineString></Placemark>
<Placemark><name>3640520</name><styleUrl>#styleDaimonCIRCUITO34TRECHO</styleUrl><LineString><coordinates>-49.593807,-13.126860,0 -49.594270,-13.127606,0</coordinates></LineString></Placemark>
<Placemark><name>12156644</name><styleUrl>#styleDaimonCIRCUITO34TRECHO</styleUrl><LineString><coordinates>-49.594270,-13.127606,0 -49.594285,-13.127635,0</coordinates></LineString></Placemark>
<Placemark><name>3640311</name><styleUrl>#styleDaimonCIRCUITO34TRECHO</styleUrl><LineString><coordinates>-49.594285,-13.127635,0 -49.594147,-13.128561,0</coordinates></LineString></Placemark>
<Placemark><name>12156649</name><styleUrl>#styleDaimonCIRCUITO34TRECHO</styleUrl><LineString><coordinates>-49.594147,-13.128561,0 -49.594145,-13.128595,0</coordinates></LineString></Placemark>
<Placemark><name>3640511</name><styleUrl>#styleDaimonCIRCUITO34TRECHO</styleUrl><LineString><coordinates>-49.594145,-13.128595,0 -49.594110,-13.129415,0</coordinates></LineString></Placemark>
<Placemark><name>12156641</name><styleUrl>#styleDaimonCIRCUITO34TRECHO</styleUrl><LineString><coordinates>-49.594110,-13.129415,0 -49.594127,-13.129446,0</coordinates></LineString></Placemark>
<Placemark><name>3640739</name><styleUrl>#styleDaimonCIRCUITO34TRECHO</styleUrl><LineString><coordinates>-49.594127,-13.129446,0 -49.594767,-13.130096,0</coordinates></LineString></Placemark>
<Placemark><name>3640748</name><styleUrl>#styleDaimonCIRCUITO34TRECHO</styleUrl><LineString><coordinates>-49.594767,-13.130096,0 -49.595492,-13.130842,0</coordinates></LineString></Placemark>
<Placemark><name>3640736</name><styleUrl>#styleDaimonCIRCUITO34TRECHO</styleUrl><LineString><coordinates>-49.595492,-13.130842,0 -49.596099,-13.131651,0</coordinates></LineString></Placemark>
<Placemark><name>3640317</name><styleUrl>#styleDaimonCIRCUITO34TRECHO</styleUrl><LineString><coordinates>-49.596099,-13.131651,0 -49.596762,-13.132475,0</coordinates></LineString></Placemark>
<Placemark><name>3640509</name><styleUrl>#styleDaimonCIRCUITO34TRECHO</styleUrl><LineString><coordinates>-49.596762,-13.132475,0 -49.597404,-13.133367,0</coordinates></LineString></Placemark>
<Placemark><name>3252793</name><styleUrl>#styleDaimonCIRCUITO34TRECHO</styleUrl><LineString><coordinates>-49.650633,-13.052275,0 -49.650771,-13.053323,0</coordinates></LineString></Placemark>
<Placemark><name>3252794</name><styleUrl>#styleDaimonCIRCUITO34TRECHO</styleUrl><LineString><coordinates>-49.650506,-13.051350,0 -49.650633,-13.052275,0</coordinates></LineString></Placemark>
<Placemark><name>2800360</name><styleUrl>#styleDaimonCIRCUITO34TRECHO</styleUrl><LineString><coordinates>-49.597830,-13.076008,0 -49.599046,-13.075398,0</coordinates></LineString></Placemark>
<Placemark><name>2800361</name><styleUrl>#styleDaimonCIRCUITO34TRECHO</styleUrl><LineString><coordinates>-49.600097,-13.090684,0 -49.600052,-13.091319,0</coordinates></LineString></Placemark>
<Placemark><name>2800357</name><styleUrl>#styleDaimonCIRCUITO34TRECHO</styleUrl><LineString><coordinates>-49.593987,-13.078925,0 -49.592922,-13.079265,0</coordinates></LineString></Placemark>
<Placemark><name>3520511</name><styleUrl>#styleDaimonCIRCUITO34TRECHO</styleUrl><LineString><coordinates>-49.592320,-13.076045,0 -49.591711,-13.076616,0</coordinates></LineString></Placemark>
<Placemark><name>3520512</name><styleUrl>#styleDaimonCIRCUITO34TRECHO</styleUrl><LineString><coordinates>-49.591711,-13.076616,0 -49.591232,-13.077052,0</coordinates></LineString></Placemark>
<Placemark><name>3051646</name><styleUrl>#styleDaimonCIRCUITO34TRECHO</styleUrl><LineString><coordinates>-49.610782,-12.992312,0 -49.609905,-12.992000,0</coordinates></LineString></Placemark>
<Placemark><name>3051645</name><styleUrl>#styleDaimonCIRCUITO34TRECHO</styleUrl><LineString><coordinates>-49.609905,-12.992000,0 -49.609072,-12.991702,0</coordinates></LineString></Placemark>
<Placemark><name>3051647</name><styleUrl>#styleDaimonCIRCUITO34TRECHO</styleUrl><LineString><coordinates>-49.611653,-12.992622,0 -49.610782,-12.992312,0</coordinates></LineString></Placemark>
<Placemark><name>3051644</name><styleUrl>#styleDaimonCIRCUITO34TRECHO</styleUrl><LineString><coordinates>-49.609072,-12.991702,0 -49.608238,-12.991405,0</coordinates></LineString></Placemark>
<Placemark><name>3051648</name><styleUrl>#styleDaimonCIRCUITO34TRECHO</styleUrl><LineString><coordinates>-49.612513,-12.992929,0 -49.611653,-12.992622,0</coordinates></LineString></Placemark>
<Placemark><name>2748108</name><styleUrl>#styleDaimonCIRCUITO34TRECHO</styleUrl><LineString><coordinates>-49.608238,-12.991405,0 -49.607349,-12.991089,0</coordinates></LineString></Placemark>
<Placemark><name>3051649</name><styleUrl>#styleDaimonCIRCUITO34TRECHO</styleUrl><LineString><coordinates>-49.613383,-12.993240,0 -49.612513,-12.992929,0</coordinates></LineString></Placemark>
<Placemark><name>3051483</name><styleUrl>#styleDaimonCIRCUITO34TRECHO</styleUrl><LineString><coordinates>-49.607349,-12.991089,0 -49.606452,-12.990770,0</coordinates></LineString></Placemark>
<Placemark><name>3051650</name><styleUrl>#styleDaimonCIRCUITO34TRECHO</styleUrl><LineString><coordinates>-49.614269,-12.993554,0 -49.613383,-12.993240,0</coordinates></LineString></Placemark>
<Placemark><name>3051482</name><styleUrl>#styleDaimonCIRCUITO34TRECHO</styleUrl><LineString><coordinates>-49.606452,-12.990770,0 -49.605612,-12.990470,0</coordinates></LineString></Placemark>
<Placemark><name>3051651</name><styleUrl>#styleDaimonCIRCUITO34TRECHO</styleUrl><LineString><coordinates>-49.615124,-12.993858,0 -49.614269,-12.993554,0</coordinates></LineString></Placemark>
<Placemark><name>12104453</name><styleUrl>#styleDaimonCIRCUITO34TRECHO</styleUrl><LineString><coordinates>-49.605612,-12.990470,0 -49.605585,-12.990461,0</coordinates></LineString></Placemark>
<Placemark><name>3051652</name><styleUrl>#styleDaimonCIRCUITO34TRECHO</styleUrl><LineString><coordinates>-49.615994,-12.994167,0 -49.615124,-12.993858,0</coordinates></LineString></Placemark>
<Placemark><name>3050440</name><styleUrl>#styleDaimonCIRCUITO34TRECHO</styleUrl><LineString><coordinates>-49.605585,-12.990461,0 -49.604736,-12.990159,0</coordinates></LineString></Placemark>
<Placemark><name>2748107</name><styleUrl>#styleDaimonCIRCUITO34TRECHO</styleUrl><LineString><coordinates>-49.616875,-12.994480,0 -49.615994,-12.994167,0</coordinates></LineString></Placemark>
<Placemark><name>3050439</name><styleUrl>#styleDaimonCIRCUITO34TRECHO</styleUrl><LineString><coordinates>-49.604736,-12.990159,0 -49.603885,-12.989856,0</coordinates></LineString></Placemark>
<Placemark><name>3050261</name><styleUrl>#styleDaimonCIRCUITO34TRECHO</styleUrl><LineString><coordinates>-49.617741,-12.994790,0 -49.616875,-12.994480,0</coordinates></LineString></Placemark>
<Placemark><name>2748109</name><styleUrl>#styleDaimonCIRCUITO34TRECHO</styleUrl><LineString><coordinates>-49.603885,-12.989856,0 -49.603005,-12.989543,0</coordinates></LineString></Placemark>
<Placemark><name>3050262</name><styleUrl>#styleDaimonCIRCUITO34TRECHO</styleUrl><LineString><coordinates>-49.618616,-12.995100,0 -49.617741,-12.994790,0</coordinates></LineString></Placemark>
<Placemark><name>3050438</name><styleUrl>#styleDaimonCIRCUITO34TRECHO</styleUrl><LineString><coordinates>-49.603005,-12.989543,0 -49.602140,-12.989235,0</coordinates></LineString></Placemark>
<Placemark><name>3050429</name><styleUrl>#styleDaimonCIRCUITO34TRECHO</styleUrl><LineString><coordinates>-49.619492,-12.995410,0 -49.618616,-12.995100,0</coordinates></LineString></Placemark>
<Placemark><name>3050437</name><styleUrl>#styleDaimonCIRCUITO34TRECHO</styleUrl><LineString><coordinates>-49.602140,-12.989235,0 -49.601270,-12.988926,0</coordinates></LineString></Placemark>
<Placemark><name>3179859</name><styleUrl>#styleDaimonCIRCUITO34TRECHO</styleUrl><LineString><coordinates>-49.619899,-12.995555,0 -49.619492,-12.995410,0</coordinates></LineString></Placemark>
<Placemark><name>3050436</name><styleUrl>#styleDaimonCIRCUITO34TRECHO</styleUrl><LineString><coordinates>-49.601270,-12.988926,0 -49.600379,-12.988609,0</coordinates></LineString></Placemark>
<Placemark><name>3179858</name><styleUrl>#styleDaimonCIRCUITO34TRECHO</styleUrl><LineString><coordinates>-49.620313,-12.995700,0 -49.619899,-12.995555,0</coordinates></LineString></Placemark>
<Placemark><name>3050435</name><styleUrl>#styleDaimonCIRCUITO34TRECHO</styleUrl><LineString><coordinates>-49.600379,-12.988609,0 -49.599490,-12.988292,0</coordinates></LineString></Placemark>
<Placemark><name>3050434</name><styleUrl>#styleDaimonCIRCUITO34TRECHO</styleUrl><LineString><coordinates>-49.599490,-12.988292,0 -49.598599,-12.987975,0</coordinates></LineString></Placemark>
<Placemark><name>3050433</name><styleUrl>#styleDaimonCIRCUITO34TRECHO</styleUrl><LineString><coordinates>-49.598599,-12.987975,0 -49.597718,-12.987661,0</coordinates></LineString></Placemark>
<Placemark><name>3050432</name><styleUrl>#styleDaimonCIRCUITO34TRECHO</styleUrl><LineString><coordinates>-49.597718,-12.987661,0 -49.596853,-12.987353,0</coordinates></LineString></Placemark>
<Placemark><name>3050431</name><styleUrl>#styleDaimonCIRCUITO34TRECHO</styleUrl><LineString><coordinates>-49.596853,-12.987353,0 -49.595988,-12.987046,0</coordinates></LineString></Placemark>
<Placemark><name>3050430</name><styleUrl>#styleDaimonCIRCUITO34TRECHO</styleUrl><LineString><coordinates>-49.595988,-12.987046,0 -49.595166,-12.986752,0</coordinates></LineString></Placemark>
<Placemark><name>2748110</name><styleUrl>#styleDaimonCIRCUITO34TRECHO</styleUrl><LineString><coordinates>-49.595166,-12.986752,0 -49.594396,-12.986478,0</coordinates></LineString></Placemark>
<Placemark><name>12113222</name><styleUrl>#styleDaimonCIRCUITO34TRECHO</styleUrl><LineString><coordinates>-49.594396,-12.986478,0 -49.594375,-12.986474,0</coordinates></LineString></Placemark>
<Placemark><name>3513504</name><styleUrl>#styleDaimonCIRCUITO34TRECHO</styleUrl><LineString><coordinates>-49.594375,-12.986474,0 -49.593300,-12.985841,0</coordinates></LineString></Placemark>
<Placemark><name>12113221</name><styleUrl>#styleDaimonCIRCUITO34TRECHO</styleUrl><LineString><coordinates>-49.593300,-12.985841,0 -49.593268,-12.985840,0</coordinates></LineString></Placemark>
<Placemark><name>68596661</name><styleUrl>#styleDaimonCIRCUITO34TRECHO</styleUrl><LineString><coordinates>-49.593268,-12.985840,0 -49.592968,-12.985695,0</coordinates></LineString></Placemark>
<Placemark><name>3659413</name><styleUrl>#styleDaimonCIRCUITO34TRECHO</styleUrl><LineString><coordinates>-49.598884,-13.085465,0 -49.598867,-13.085452,0</coordinates></LineString></Placemark>
<Placemark><name>3659414</name><styleUrl>#styleDaimonCIRCUITO34TRECHO</styleUrl><LineString><coordinates>-49.584296,-13.107651,0 -49.584317,-13.107643,0</coordinates></LineString></Placemark>
<Placemark><name>3513503</name><styleUrl>#styleDaimonCIRCUITO34TRECHO</styleUrl><LineString><coordinates>-49.592995,-12.985708,0 -49.592970,-12.985696,0</coordinates></LineString></Placemark>
<Placemark><name>Suporte Chave DJ_LD01008032_FICT</name><styleUrl>#styleDaimonCIRCUITO34TRECHO</styleUrl><LineString><coordinates>-49.835880,-12.939557,0 -49.835846,-12.939626,0</coordinates></LineString></Placemark>
<Placemark><name>Suporte Chave 8801452032</name><styleUrl>#styleDaimonCIRCUITO34TRECHO</styleUrl><LineString><coordinates>-49.835755,-12.939751,0 -49.835737,-12.939777,0</coordinates></LineString></Placemark>
<Placemark><name>Suporte Chave 8801213032</name><styleUrl>#styleDaimonCIRCUITO34TRECHO</styleUrl><LineString><coordinates>-49.832308,-12.946677,0 -49.832288,-12.946747,0</coordinates></LineString></Placemark>
<Placemark><name>Suporte Chave 0301059032</name><styleUrl>#styleDaimonCIRCUITO34TRECHO</styleUrl><LineString><coordinates>-49.806183,-12.996087,0 -49.806111,-12.995997,0</coordinates></LineString></Placemark>
<Placemark><name>Suporte Chave 0310278032</name><styleUrl>#styleDaimonCIRCUITO34TRECHO</styleUrl><LineString><coordinates>-49.778845,-13.018812,0 -49.778895,-13.018862,0</coordinates></LineString></Placemark>
<Placemark><name>Suporte Chave 0320394032</name><styleUrl>#styleDaimonCIRCUITO34TRECHO</styleUrl><LineString><coordinates>-49.825884,-12.966762,0 -49.825786,-12.966734,0</coordinates></LineString></Placemark>
<Placemark><name>Suporte Chave 0310178032</name><styleUrl>#styleDaimonCIRCUITO34TRECHO</styleUrl><LineString><coordinates>-49.816723,-12.991052,0 -49.816694,-12.990960,0</coordinates></LineString></Placemark>
<Placemark><name>Suporte Chave 3310238032</name><styleUrl>#styleDaimonCIRCUITO34TRECHO</styleUrl><LineString><coordinates>-49.830493,-12.952158,0 -49.830562,-12.952170,0</coordinates></LineString></Placemark>
<Placemark><name>Suporte Chave 3301197032</name><styleUrl>#styleDaimonCIRCUITO34TRECHO</styleUrl><LineString><coordinates>-49.821646,-12.983215,0 -49.821760,-12.983297,0</coordinates></LineString></Placemark>
<Placemark><name>Suporte Chave 0301042032</name><styleUrl>#styleDaimonCIRCUITO34TRECHO</styleUrl><LineString><coordinates>-49.822717,-12.977039,0 -49.822584,-12.976991,0</coordinates></LineString></Placemark>
<Placemark><name>Suporte Chave 0320007032</name><styleUrl>#styleDaimonCIRCUITO34TRECHO</styleUrl><LineString><coordinates>-49.813775,-12.993923,0 -49.813788,-12.993943,0</coordinates></LineString></Placemark>
<Placemark><name>Suporte Chave 0361456032</name><styleUrl>#styleDaimonCIRCUITO34TRECHO</styleUrl><LineString><coordinates>-49.793216,-13.003791,0 -49.793127,-13.003723,0</coordinates></LineString></Placemark>
<Placemark><name>Suporte Chave 0301043032</name><styleUrl>#styleDaimonCIRCUITO34TRECHO</styleUrl><LineString><coordinates>-49.818593,-12.986780,0 -49.818501,-12.986720,0</coordinates></LineString></Placemark>
<Placemark><name>Suporte Chave 0301045032</name><styleUrl>#styleDaimonCIRCUITO34TRECHO</styleUrl><LineString><coordinates>-49.814368,-12.993826,0 -49.814463,-12.993929,0</coordinates></LineString></Placemark>
<Placemark><name>Suporte Chave 0310396032</name><styleUrl>#styleDaimonCIRCUITO34TRECHO</styleUrl><LineString><coordinates>-49.781002,-13.017694,0 -49.781025,-13.017764,0</coordinates></LineString></Placemark>
<Placemark><name>Suporte Chave 0329692032</name><styleUrl>#styleDaimonCIRCUITO34TRECHO</styleUrl><LineString><coordinates>-49.829115,-12.956175,0 -49.828967,-12.956214,0</coordinates></LineString></Placemark>
<Placemark><name>Suporte Chave 0310529032</name><styleUrl>#styleDaimonCIRCUITO34TRECHO</styleUrl><LineString><coordinates>-49.809337,-12.995259,0 -49.809355,-12.995390,0</coordinates></LineString></Placemark>
<Placemark><name>Suporte Chave 0320055032</name><styleUrl>#styleDaimonCIRCUITO34TRECHO</styleUrl><LineString><coordinates>-49.785572,-13.012360,0 -49.785496,-13.012301,0</coordinates></LineString></Placemark>
<Placemark><name>Suporte Chave 0320272032</name><styleUrl>#styleDaimonCIRCUITO34TRECHO</styleUrl><LineString><coordinates>-49.830211,-12.952438,0 -49.830116,-12.952389,0</coordinates></LineString></Placemark>
<Placemark><name>Suporte Chave 0310236032</name><styleUrl>#styleDaimonCIRCUITO34TRECHO</styleUrl><LineString><coordinates>-49.824797,-12.971040,0 -49.824898,-12.971136,0</coordinates></LineString></Placemark>
<Placemark><name>Suporte Chave 0320002032</name><styleUrl>#styleDaimonCIRCUITO34TRECHO</styleUrl><LineString><coordinates>-49.830002,-12.954346,0 -49.830063,-12.954403,0</coordinates></LineString></Placemark>
<Placemark><name>Suporte Chave 0320006032</name><styleUrl>#styleDaimonCIRCUITO34TRECHO</styleUrl><LineString><coordinates>-49.819022,-12.987739,0 -49.819041,-12.987766,0</coordinates></LineString></Placemark>
<Placemark><name>Suporte Chave 0320397032</name><styleUrl>#styleDaimonCIRCUITO34TRECHO</styleUrl><LineString><coordinates>-49.778322,-13.019084,0 -49.778380,-13.019181,0</coordinates></LineString></Placemark>
<Placemark><name>Suporte Chave 8820398032</name><styleUrl>#styleDaimonCIRCUITO34TRECHO</styleUrl><LineString><coordinates>-49.777230,-13.019190,0 -49.777093,-13.019216,0</coordinates></LineString></Placemark>
<Placemark><name>Suporte Chave 0360764032</name><styleUrl>#styleDaimonCIRCUITO34TRECHO</styleUrl><LineString><coordinates>-49.794295,-13.002580,0 -49.794332,-13.002606,0</coordinates></LineString></Placemark>
<Placemark><name>Suporte Chave 0320405032</name><styleUrl>#styleDaimonCIRCUITO34TRECHO</styleUrl><LineString><coordinates>-49.798055,-12.987987,0 -49.797965,-12.987927,0</coordinates></LineString></Placemark>
<Placemark><name>Suporte Chave 0301060032</name><styleUrl>#styleDaimonCIRCUITO34TRECHO</styleUrl><LineString><coordinates>-49.805467,-12.995175,0 -49.805469,-12.995174,0</coordinates></LineString></Placemark>
<Placemark><name>Suporte Chave 0310715032</name><styleUrl>#styleDaimonCIRCUITO34TRECHO</styleUrl><LineString><coordinates>-49.804387,-12.993783,0 -49.804404,-12.993747,0</coordinates></LineString></Placemark>
<Placemark><name>Suporte Chave 0301038032</name><styleUrl>#styleDaimonCIRCUITO34TRECHO</styleUrl><LineString><coordinates>-49.819170,-12.966633,0 -49.819152,-12.966576,0</coordinates></LineString></Placemark>
<Placemark><name>Suporte Chave 0301039032</name><styleUrl>#styleDaimonCIRCUITO34TRECHO</styleUrl><LineString><coordinates>-49.816317,-12.968611,0 -49.816301,-12.968583,0</coordinates></LineString></Placemark>
<Placemark><name>Suporte Chave 0301040032</name><styleUrl>#styleDaimonCIRCUITO34TRECHO</styleUrl><LineString><coordinates>-49.812236,-12.968971,0 -49.812172,-12.968959,0</coordinates></LineString></Placemark>
<Placemark><name>Suporte Chave 0301041032</name><styleUrl>#styleDaimonCIRCUITO34TRECHO</styleUrl><LineString><coordinates>-49.809605,-12.978875,0 -49.809648,-12.978778,0</coordinates></LineString></Placemark>
<Placemark><name>Suporte Chave 0301044032</name><styleUrl>#styleDaimonCIRCUITO34TRECHO</styleUrl><LineString><coordinates>-49.815694,-12.988671,0 -49.815674,-12.988606,0</coordinates></LineString></Placemark>
<Placemark><name>Suporte Chave 0301036032</name><styleUrl>#styleDaimonCIRCUITO34TRECHO</styleUrl><LineString><coordinates>-49.850526,-12.961030,0 -49.850522,-12.960987,0</coordinates></LineString></Placemark>
<Placemark><name>Suporte Chave 0310240032</name><styleUrl>#styleDaimonCIRCUITO34TRECHO</styleUrl><LineString><coordinates>-49.835391,-12.958790,0 -49.835358,-12.958783,0</coordinates></LineString></Placemark>
<Placemark><name>Suporte Chave 0310244032</name><styleUrl>#styleDaimonCIRCUITO34TRECHO</styleUrl><LineString><coordinates>-49.862284,-12.977343,0 -49.862436,-12.977315,0</coordinates></LineString></Placemark>
<Placemark><name>Suporte Chave 0310773032</name><styleUrl>#styleDaimonCIRCUITO34TRECHO</styleUrl><LineString><coordinates>-49.854763,-12.968872,0 -49.854868,-12.968858,0</coordinates></LineString></Placemark>
<Placemark><name>Suporte Chave 0310243032</name><styleUrl>#styleDaimonCIRCUITO34TRECHO</styleUrl><LineString><coordinates>-49.863187,-12.978049,0 -49.863219,-12.978065,0</coordinates></LineString></Placemark>
<Placemark><name>Suporte Chave 0310241032</name><styleUrl>#styleDaimonCIRCUITO34TRECHO</styleUrl><LineString><coordinates>-49.856218,-12.973728,0 -49.856133,-12.973794,0</coordinates></LineString></Placemark>
<Placemark><name>Suporte Chave 0320053032</name><styleUrl>#styleDaimonCIRCUITO34TRECHO</styleUrl><LineString><coordinates>-49.830870,-12.989395,0 -49.830888,-12.989322,0</coordinates></LineString></Placemark>
<Placemark><name>Suporte Chave 3301200032</name><styleUrl>#styleDaimonCIRCUITO34TRECHO</styleUrl><LineString><coordinates>-49.838827,-12.994736,0 -49.838940,-12.994743,0</coordinates></LineString></Placemark>
<Placemark><name>Suporte Chave 0320005032</name><styleUrl>#styleDaimonCIRCUITO34TRECHO</styleUrl><LineString><coordinates>-49.840908,-12.996569,0 -49.840919,-12.996587,0</coordinates></LineString></Placemark>
<Placemark><name>Suporte Chave 0320395032</name><styleUrl>#styleDaimonCIRCUITO34TRECHO</styleUrl><LineString><coordinates>-49.819642,-12.975900,0 -49.819591,-12.975882,0</coordinates></LineString></Placemark>
<Placemark><name>Suporte Chave 0310710032</name><styleUrl>#styleDaimonCIRCUITO34TRECHO</styleUrl><LineString><coordinates>-49.821376,-12.976552,0 -49.821389,-12.976435,0</coordinates></LineString></Placemark>
<Placemark><name>Suporte Chave 0310234032</name><styleUrl>#styleDaimonCIRCUITO34TRECHO</styleUrl><LineString><coordinates>-49.830597,-13.012083,0 -49.830674,-13.012045,0</coordinates></LineString></Placemark>
<Placemark><name>Suporte Chave 0320008032</name><styleUrl>#styleDaimonCIRCUITO34TRECHO</styleUrl><LineString><coordinates>-49.831135,-13.012835,0 -49.831135,-13.012888,0</coordinates></LineString></Placemark>
<Placemark><name>Suporte Chave 0310714032</name><styleUrl>#styleDaimonCIRCUITO34TRECHO</styleUrl><LineString><coordinates>-49.824725,-12.958628,0 -49.824659,-12.958717,0</coordinates></LineString></Placemark>
<Placemark><name>Suporte Chave 0310716032</name><styleUrl>#styleDaimonCIRCUITO34TRECHO</styleUrl><LineString><coordinates>-49.826426,-12.956594,0 -49.826333,-12.956598,0</coordinates></LineString></Placemark>
<Placemark><name>Suporte Chave 0310685032</name><styleUrl>#styleDaimonCIRCUITO34TRECHO</styleUrl><LineString><coordinates>-49.816354,-13.015589,0 -49.816442,-13.015610,0</coordinates></LineString></Placemark>
<Placemark><name>Suporte Chave 0310686032</name><styleUrl>#styleDaimonCIRCUITO34TRECHO</styleUrl><LineString><coordinates>-49.811740,-13.024274,0 -49.811756,-13.024363,0</coordinates></LineString></Placemark>
<Placemark><name>Suporte Chave 0310680032</name><styleUrl>#styleDaimonCIRCUITO34TRECHO</styleUrl><LineString><coordinates>-49.807682,-13.017460,0 -49.807651,-13.017533,0</coordinates></LineString></Placemark>
<Placemark><name>Suporte Chave 0310528032</name><styleUrl>#styleDaimonCIRCUITO34TRECHO</styleUrl><LineString><coordinates>-49.811775,-13.011970,0 -49.811759,-13.011862,0</coordinates></LineString></Placemark>
<Placemark><name>Suporte Chave 0320056032</name><styleUrl>#styleDaimonCIRCUITO34TRECHO</styleUrl><LineString><coordinates>-49.780142,-13.008944,0 -49.780045,-13.008893,0</coordinates></LineString></Placemark>
<Placemark><name>Suporte Chave 3320273032</name><styleUrl>#styleDaimonCIRCUITO34TRECHO</styleUrl><LineString><coordinates>-49.826199,-12.951257,0 -49.826116,-12.951211,0</coordinates></LineString></Placemark>
<Placemark><name>Suporte Chave 0310237032</name><styleUrl>#styleDaimonCIRCUITO34TRECHO</styleUrl><LineString><coordinates>-49.827762,-12.973898,0 -49.827846,-12.973979,0</coordinates></LineString></Placemark>
<Placemark><name>Suporte Chave 0300863032</name><styleUrl>#styleDaimonCIRCUITO34TRECHO</styleUrl><LineString><coordinates>-49.796927,-13.046525,0 -49.796966,-13.046641,0</coordinates></LineString></Placemark>
<Placemark><name>Suporte Chave 0300862032</name><styleUrl>#styleDaimonCIRCUITO34TRECHO</styleUrl><LineString><coordinates>-49.798187,-13.045228,0 -49.798241,-13.045232,0</coordinates></LineString></Placemark>
<Placemark><name>Suporte Chave 0301103032</name><styleUrl>#styleDaimonCIRCUITO34TRECHO</styleUrl><LineString><coordinates>-49.769460,-13.020879,0 -49.769557,-13.021028,0</coordinates></LineString></Placemark>
<Placemark><name>Suporte Chave 0320057032</name><styleUrl>#styleDaimonCIRCUITO34TRECHO</styleUrl><LineString><coordinates>-49.729460,-13.046292,0 -49.729508,-13.046332,0</coordinates></LineString></Placemark>
<Placemark><name>Suporte Chave 0310452032</name><styleUrl>#styleDaimonCIRCUITO34TRECHO</styleUrl><LineString><coordinates>-49.736437,-13.035965,0 -49.736385,-13.035932,0</coordinates></LineString></Placemark>
<Placemark><name>Suporte Chave 8801456032</name><styleUrl>#styleDaimonCIRCUITO34TRECHO</styleUrl><LineString><coordinates>-49.705248,-13.066708,0 -49.705236,-13.066687,0</coordinates></LineString></Placemark>
<Placemark><name>Suporte Chave 79583327</name><styleUrl>#styleDaimonCIRCUITO34TRECHO</styleUrl><LineString><coordinates>-49.719952,-13.058235,0 -49.720019,-13.058362,0</coordinates></LineString></Placemark>
<Placemark><name>Suporte Chave 0320013032</name><styleUrl>#styleDaimonCIRCUITO34TRECHO</styleUrl><LineString><coordinates>-49.755835,-13.024084,0 -49.755856,-13.024136,0</coordinates></LineString></Placemark>
<Placemark><name>Suporte Chave 0301061032</name><styleUrl>#styleDaimonCIRCUITO34TRECHO</styleUrl><LineString><coordinates>-49.715024,-13.060193,0 -49.714979,-13.060102,0</coordinates></LineString></Placemark>
<Placemark><name>Suporte Chave 0320117032</name><styleUrl>#styleDaimonCIRCUITO34TRECHO</styleUrl><LineString><coordinates>-49.745283,-13.026204,0 -49.745233,-13.026096,0</coordinates></LineString></Placemark>
<Placemark><name>Suporte Chave 0311998032</name><styleUrl>#styleDaimonCIRCUITO34TRECHO</styleUrl><LineString><coordinates>-49.736995,-13.035256,0 -49.737102,-13.035315,0</coordinates></LineString></Placemark>
<Placemark><name>Suporte Chave 0320083032</name><styleUrl>#styleDaimonCIRCUITO34TRECHO</styleUrl><LineString><coordinates>-49.731218,-13.043640,0 -49.731144,-13.043592,0</coordinates></LineString></Placemark>
<Placemark><name>Suporte Chave 0310779032</name><styleUrl>#styleDaimonCIRCUITO34TRECHO</styleUrl><LineString><coordinates>-49.772573,-13.020025,0 -49.772551,-13.019957,0</coordinates></LineString></Placemark>
<Placemark><name>Suporte Chave 0320399032</name><styleUrl>#styleDaimonCIRCUITO34TRECHO</styleUrl><LineString><coordinates>-49.712929,-13.062467,0 -49.713044,-13.062651,0</coordinates></LineString></Placemark>
<Placemark><name>Suporte Chave 0310286032</name><styleUrl>#styleDaimonCIRCUITO34TRECHO</styleUrl><LineString><coordinates>-49.865200,-12.976783,0 -49.865196,-12.976763,0</coordinates></LineString></Placemark>
<Placemark><name>Suporte Chave 0310717032</name><styleUrl>#styleDaimonCIRCUITO34TRECHO</styleUrl><LineString><coordinates>-49.864314,-12.977668,0 -49.864410,-12.977788,0</coordinates></LineString></Placemark>
<Placemark><name>Suporte Chave 0310245032</name><styleUrl>#styleDaimonCIRCUITO34TRECHO</styleUrl><LineString><coordinates>-49.865629,-12.976706,0 -49.865789,-12.976678,0</coordinates></LineString></Placemark>
<Placemark><name>Suporte Chave 0310242032</name><styleUrl>#styleDaimonCIRCUITO34TRECHO</styleUrl><LineString><coordinates>-49.853381,-12.975829,0 -49.853221,-12.975941,0</coordinates></LineString></Placemark>
<Placemark><name>Suporte Chave 0320054032</name><styleUrl>#styleDaimonCIRCUITO34TRECHO</styleUrl><LineString><coordinates>-49.831375,-12.987249,0 -49.831381,-12.987230,0</coordinates></LineString></Placemark>
<Placemark><name>Suporte Chave 0301202032</name><styleUrl>#styleDaimonCIRCUITO34TRECHO</styleUrl><LineString><coordinates>-49.847970,-12.995339,0 -49.847944,-12.995398,0</coordinates></LineString></Placemark>
<Placemark><name>Suporte Chave 3301201032</name><styleUrl>#styleDaimonCIRCUITO34TRECHO</styleUrl><LineString><coordinates>-49.849318,-12.995434,0 -49.849195,-12.995425,0</coordinates></LineString></Placemark>
<Placemark><name>Suporte Chave 0310235032</name><styleUrl>#styleDaimonCIRCUITO34TRECHO</styleUrl><LineString><coordinates>-49.851015,-13.052800,0 -49.851049,-13.052899,0</coordinates></LineString></Placemark>
<Placemark><name>Suporte Chave 0345205032</name><styleUrl>#styleDaimonCIRCUITO34TRECHO</styleUrl><LineString><coordinates>-49.825354,-12.950788,0 -49.825274,-12.950743,0</coordinates></LineString></Placemark>
<Placemark><name>Suporte Chave 0300790032</name><styleUrl>#styleDaimonCIRCUITO34TRECHO</styleUrl><LineString><coordinates>-49.797317,-13.047684,0 -49.797337,-13.047679,0</coordinates></LineString></Placemark>
<Placemark><name>Suporte Chave 4201104032</name><styleUrl>#styleDaimonCIRCUITO34TRECHO</styleUrl><LineString><coordinates>-49.771861,-13.024524,0 -49.771933,-13.024624,0</coordinates></LineString></Placemark>
<Placemark><name>Suporte Chave 0310669032</name><styleUrl>#styleDaimonCIRCUITO34TRECHO</styleUrl><LineString><coordinates>-49.746956,-13.062002,0 -49.747051,-13.061987,0</coordinates></LineString></Placemark>
<Placemark><name>Suporte Chave 0310405032</name><styleUrl>#styleDaimonCIRCUITO34TRECHO</styleUrl><LineString><coordinates>-49.734153,-13.050386,0 -49.734234,-13.050454,0</coordinates></LineString></Placemark>
<Placemark><name>Suporte Chave 0310453032</name><styleUrl>#styleDaimonCIRCUITO34TRECHO</styleUrl><LineString><coordinates>-49.730040,-13.030121,0 -49.729953,-13.030006,0</coordinates></LineString></Placemark>
<Placemark><name>Suporte Chave 9001432032</name><styleUrl>#styleDaimonCIRCUITO34TRECHO</styleUrl><LineString><coordinates>-49.704981,-13.066242,0 -49.704982,-13.066241,0</coordinates></LineString></Placemark>
<Placemark><name>Suporte Chave 0320014032</name><styleUrl>#styleDaimonCIRCUITO34TRECHO</styleUrl><LineString><coordinates>-49.732602,-13.080568,0 -49.732675,-13.080671,0</coordinates></LineString></Placemark>
<Placemark><name>Suporte Chave 0301062032</name><styleUrl>#styleDaimonCIRCUITO34TRECHO</styleUrl><LineString><coordinates>-49.708895,-13.048041,0 -49.708826,-13.047942,0</coordinates></LineString></Placemark>
<Placemark><name>Suporte Chave 0320119032</name><styleUrl>#styleDaimonCIRCUITO34TRECHO</styleUrl><LineString><coordinates>-49.739934,-13.018716,0 -49.739858,-13.018677,0</coordinates></LineString></Placemark>
<Placemark><name>Suporte Chave 0310232032</name><styleUrl>#styleDaimonCIRCUITO34TRECHO</styleUrl><LineString><coordinates>-49.739257,-13.003087,0 -49.739301,-13.003059,0</coordinates></LineString></Placemark>
<Placemark><name>Suporte Chave 3323337032</name><styleUrl>#styleDaimonCIRCUITO34TRECHO</styleUrl><LineString><coordinates>-49.739860,-13.018924,0 -49.739769,-13.018879,0</coordinates></LineString></Placemark>
<Placemark><name>Suporte Chave 0320118032</name><styleUrl>#styleDaimonCIRCUITO34TRECHO</styleUrl><LineString><coordinates>-49.740516,-13.021756,0 -49.740457,-13.021779,0</coordinates></LineString></Placemark>
<Placemark><name>Suporte Chave 0310177032</name><styleUrl>#styleDaimonCIRCUITO34TRECHO</styleUrl><LineString><coordinates>-49.738612,-13.002234,0 -49.738541,-13.002135,0</coordinates></LineString></Placemark>
<Placemark><name>Suporte Chave 0301064032</name><styleUrl>#styleDaimonCIRCUITO34TRECHO</styleUrl><LineString><coordinates>-49.684484,-12.984689,0 -49.684418,-12.984569,0</coordinates></LineString></Placemark>
<Placemark><name>Suporte Chave 0320114032</name><styleUrl>#styleDaimonCIRCUITO34TRECHO</styleUrl><LineString><coordinates>-49.704101,-13.008082,0 -49.704094,-13.008110,0</coordinates></LineString></Placemark>
<Placemark><name>Suporte Chave 0320112032</name><styleUrl>#styleDaimonCIRCUITO34TRECHO</styleUrl><LineString><coordinates>-49.720551,-13.034825,0 -49.720531,-13.034841,0</coordinates></LineString></Placemark>
<Placemark><name>Suporte Chave 0320113032</name><styleUrl>#styleDaimonCIRCUITO34TRECHO</styleUrl><LineString><coordinates>-49.709866,-13.024245,0 -49.709816,-13.024269,0</coordinates></LineString></Placemark>
<Placemark><name>Suporte Chave 0343381032</name><styleUrl>#styleDaimonCIRCUITO34TRECHO</styleUrl><LineString><coordinates>-49.709746,-13.023642,0 -49.709719,-13.023640,0</coordinates></LineString></Placemark>
<Placemark><name>Suporte Chave 0320084032</name><styleUrl>#styleDaimonCIRCUITO34TRECHO</styleUrl><LineString><coordinates>-49.691792,-12.996008,0 -49.691736,-12.995939,0</coordinates></LineString></Placemark>
<Placemark><name>Suporte Chave 0310780032</name><styleUrl>#styleDaimonCIRCUITO34TRECHO</styleUrl><LineString><coordinates>-49.771683,-13.017364,0 -49.771652,-13.017266,0</coordinates></LineString></Placemark>
<Placemark><name>Suporte Chave 0310287032</name><styleUrl>#styleDaimonCIRCUITO34TRECHO</styleUrl><LineString><coordinates>-49.871554,-12.971136,0 -49.871623,-12.971042,0</coordinates></LineString></Placemark>
<Placemark><name>Suporte Chave 0301114032</name><styleUrl>#styleDaimonCIRCUITO34TRECHO</styleUrl><LineString><coordinates>-49.866935,-12.966216,0 -49.867001,-12.966307,0</coordinates></LineString></Placemark>
<Placemark><name>Suporte Chave 0301204032</name><styleUrl>#styleDaimonCIRCUITO34TRECHO</styleUrl><LineString><coordinates>-49.849220,-13.003321,0 -49.849293,-13.003405,0</coordinates></LineString></Placemark>
<Placemark><name>Suporte Chave 0201203032</name><styleUrl>#styleDaimonCIRCUITO34TRECHO</styleUrl><LineString><coordinates>-49.846928,-12.997619,0 -49.846864,-12.997593,0</coordinates></LineString></Placemark>
<Placemark><name>Suporte Chave 0310246032</name><styleUrl>#styleDaimonCIRCUITO34TRECHO</styleUrl><LineString><coordinates>-49.882370,-12.994307,0 -49.882406,-12.994214,0</coordinates></LineString></Placemark>
<Placemark><name>Suporte Chave 0300826032</name><styleUrl>#styleDaimonCIRCUITO34TRECHO</styleUrl><LineString><coordinates>-49.910191,-13.005015,0 -49.910197,-13.005027,0</coordinates></LineString></Placemark>
<Placemark><name>Suporte Chave 0300825032</name><styleUrl>#styleDaimonCIRCUITO34TRECHO</styleUrl><LineString><coordinates>-49.874633,-12.991474,0 -49.874638,-12.991382,0</coordinates></LineString></Placemark>
<Placemark><name>Suporte Chave 0310280032</name><styleUrl>#styleDaimonCIRCUITO34TRECHO</styleUrl><LineString><coordinates>-49.895201,-13.008153,0 -49.895155,-13.008267,0</coordinates></LineString></Placemark>
<Placemark><name>Suporte Chave 0301226032</name><styleUrl>#styleDaimonCIRCUITO34TRECHO</styleUrl><LineString><coordinates>-49.850739,-12.990480,0 -49.850726,-12.990403,0</coordinates></LineString></Placemark>
<Placemark><name>Suporte Chave 0300848032</name><styleUrl>#styleDaimonCIRCUITO34TRECHO</styleUrl><LineString><coordinates>-49.910428,-13.004832,0 -49.910518,-13.004760,0</coordinates></LineString></Placemark>
<Placemark><name>Suporte Chave 0300791032</name><styleUrl>#styleDaimonCIRCUITO34TRECHO</styleUrl><LineString><coordinates>-49.804932,-13.049201,0 -49.804997,-13.049224,0</coordinates></LineString></Placemark>
<Placemark><name>Suporte Chave 7937101032</name><styleUrl>#styleDaimonCIRCUITO34TRECHO</styleUrl><LineString><coordinates>-49.704983,-13.066216,0 -49.704982,-13.066214,0</coordinates></LineString></Placemark>
<Placemark><name>Suporte Chave 0310233032</name><styleUrl>#styleDaimonCIRCUITO34TRECHO</styleUrl><LineString><coordinates>-49.760913,-12.986191,0 -49.760942,-12.986170,0</coordinates></LineString></Placemark>
<Placemark><name>Suporte Chave 0338933032</name><styleUrl>#styleDaimonCIRCUITO34TRECHO</styleUrl><LineString><coordinates>-49.730856,-13.013758,0 -49.730851,-13.013743,0</coordinates></LineString></Placemark>
<Placemark><name>Suporte Chave 0310247032</name><styleUrl>#styleDaimonCIRCUITO34TRECHO</styleUrl><LineString><coordinates>-49.886209,-12.983839,0 -49.886212,-12.983823,0</coordinates></LineString></Placemark>
<Placemark><name>Suporte Chave 0300847032</name><styleUrl>#styleDaimonCIRCUITO34TRECHO</styleUrl><LineString><coordinates>-49.925208,-12.995103,0 -49.925393,-12.995083,0</coordinates></LineString></Placemark>
<Placemark><name>Suporte Chave 9037101032</name><styleUrl>#styleDaimonCIRCUITO34TRECHO</styleUrl><LineString><coordinates>-49.704972,-13.066197,0 -49.704970,-13.066196,0</coordinates></LineString></Placemark>
<Placemark><name>Suporte Chave 0320368032</name><styleUrl>#styleDaimonCIRCUITO34TRECHO</styleUrl><LineString><coordinates>-49.689031,-13.043931,0 -49.688998,-13.043961,0</coordinates></LineString></Placemark>
<Placemark><name>Suporte Chave 3301510032</name><styleUrl>#styleDaimonCIRCUITO34TRECHO</styleUrl><LineString><coordinates>-49.695626,-13.053717,0 -49.695518,-13.053755,0</coordinates></LineString></Placemark>
<Placemark><name>Suporte Chave 0352049032</name><styleUrl>#styleDaimonCIRCUITO34TRECHO</styleUrl><LineString><coordinates>-49.702687,-13.062418,0 -49.702662,-13.062430,0</coordinates></LineString></Placemark>
<Placemark><name>Suporte Chave 8801079032</name><styleUrl>#styleDaimonCIRCUITO34TRECHO</styleUrl><LineString><coordinates>-49.688461,-13.043100,0 -49.688415,-13.043035,0</coordinates></LineString></Placemark>
<Placemark><name>Suporte Chave 0310088032</name><styleUrl>#styleDaimonCIRCUITO34TRECHO</styleUrl><LineString><coordinates>-49.659419,-13.015996,0 -49.659504,-13.016069,0</coordinates></LineString></Placemark>
<Placemark><name>Suporte Chave 3301356032</name><styleUrl>#styleDaimonCIRCUITO34TRECHO</styleUrl><LineString><coordinates>-49.673128,-13.035169,0 -49.673040,-13.035227,0</coordinates></LineString></Placemark>
<Placemark><name>Suporte Chave 0310086032</name><styleUrl>#styleDaimonCIRCUITO34TRECHO</styleUrl><LineString><coordinates>-49.674749,-13.037389,0 -49.674710,-13.037406,0</coordinates></LineString></Placemark>
<Placemark><name>Suporte Chave 8801258032</name><styleUrl>#styleDaimonCIRCUITO34TRECHO</styleUrl><LineString><coordinates>-49.659195,-13.018176,0 -49.659127,-13.018141,0</coordinates></LineString></Placemark>
<Placemark><name>Suporte Chave 0301082032</name><styleUrl>#styleDaimonCIRCUITO34TRECHO</styleUrl><LineString><coordinates>-49.572219,-13.057656,0 -49.572186,-13.057670,0</coordinates></LineString></Placemark>
<Placemark><name>Suporte Chave 0310507032</name><styleUrl>#styleDaimonCIRCUITO34TRECHO</styleUrl><LineString><coordinates>-49.577380,-13.060984,0 -49.577321,-13.061041,0</coordinates></LineString></Placemark>
<Placemark><name>Suporte Chave 0310181032</name><styleUrl>#styleDaimonCIRCUITO34TRECHO</styleUrl><LineString><coordinates>-49.620302,-13.052406,0 -49.620251,-13.052509,0</coordinates></LineString></Placemark>
<Placemark><name>Suporte Chave 0301080032</name><styleUrl>#styleDaimonCIRCUITO34TRECHO</styleUrl><LineString><coordinates>-49.652966,-13.049381,0 -49.653028,-13.049428,0</coordinates></LineString></Placemark>
<Placemark><name>Suporte Chave 0310509032</name><styleUrl>#styleDaimonCIRCUITO34TRECHO</styleUrl><LineString><coordinates>-49.551441,-13.059742,0 -49.551443,-13.059836,0</coordinates></LineString></Placemark>
<Placemark><name>Suporte Chave 0310506032</name><styleUrl>#styleDaimonCIRCUITO34TRECHO</styleUrl><LineString><coordinates>-49.610454,-13.099398,0 -49.610454,-13.099502,0</coordinates></LineString></Placemark>
<Placemark><name>Suporte Chave 0301081032</name><styleUrl>#styleDaimonCIRCUITO34TRECHO</styleUrl><LineString><coordinates>-49.618105,-13.039904,0 -49.618029,-13.039825,0</coordinates></LineString></Placemark>
<Placemark><name>Suporte Chave 0310501032</name><styleUrl>#styleDaimonCIRCUITO34TRECHO</styleUrl><LineString><coordinates>-49.600391,-13.059921,0 -49.600442,-13.059850,0</coordinates></LineString></Placemark>
<Placemark><name>Suporte Chave 0338673032</name><styleUrl>#styleDaimonCIRCUITO34TRECHO</styleUrl><LineString><coordinates>-49.599623,-13.084895,0 -49.599549,-13.084953,0</coordinates></LineString></Placemark>
<Placemark><name>Suporte Chave 0310180032</name><styleUrl>#styleDaimonCIRCUITO34TRECHO</styleUrl><LineString><coordinates>-49.650492,-13.051247,0 -49.650506,-13.051350,0</coordinates></LineString></Placemark>
<Placemark><name>Suporte Chave 0310503032</name><styleUrl>#styleDaimonCIRCUITO34TRECHO</styleUrl><LineString><coordinates>-49.597694,-13.076075,0 -49.597830,-13.076008,0</coordinates></LineString></Placemark>
<Placemark><name>Suporte Chave 0310505032</name><styleUrl>#styleDaimonCIRCUITO34TRECHO</styleUrl><LineString><coordinates>-49.600101,-13.090612,0 -49.600097,-13.090684,0</coordinates></LineString></Placemark>
<Placemark><name>Suporte Chave 0310504032</name><styleUrl>#styleDaimonCIRCUITO34TRECHO</styleUrl><LineString><coordinates>-49.594105,-13.078887,0 -49.593987,-13.078925,0</coordinates></LineString></Placemark>
<Placemark><name>Suporte Chave 0310502032</name><styleUrl>#styleDaimonCIRCUITO34TRECHO</styleUrl><LineString><coordinates>-49.592388,-13.075981,0 -49.592320,-13.076045,0</coordinates></LineString></Placemark>
<Placemark><name>Suporte Chave 8801259032</name><styleUrl>#styleDaimonCIRCUITO34TRECHO</styleUrl><LineString><coordinates>-49.620359,-12.995716,0 -49.620313,-12.995700,0</coordinates></LineString></Placemark>
<Placemark><name>Suporte Chave 0338683032</name><styleUrl>#styleDaimonCIRCUITO34TRECHO</styleUrl><LineString><coordinates>-49.598884,-13.085466,0 -49.598884,-13.085465,0</coordinates></LineString></Placemark>
<Placemark><name>Suporte Chave 0338681032</name><styleUrl>#styleDaimonCIRCUITO34TRECHO</styleUrl><LineString><coordinates>-49.584294,-13.107652,0 -49.584296,-13.107651,0</coordinates></LineString></Placemark>
<Placemark><name>Suporte Chave 8800005118</name><styleUrl>#styleDaimonCIRCUITO34TRECHO</styleUrl><LineString><coordinates>-49.592968,-12.985695,0 -49.592995,-12.985708,0</coordinates></LineString></Placemark>
<Placemark><name>Suporte Chave 8037101032</name><styleUrl>#styleDaimonCIRCUITO34TRECHO</styleUrl><LineString><coordinates>-49.704936,-13.066228,0 -49.704938,-13.066224,0</coordinates></LineString></Placemark>
</Folder>
<Folder>
<name>RedeBT</name>
</Folder>
</Folder>
</Document>
</kml>